Date,Open,High,Low,Close,Volume,MA5
2021-01-08,143.47743711143713,146.9627499461572,143.29351807042886,144.13955688476562,4204900,139.10008850097657
2021-01-11,143.57856203157576,146.40175445082653,142.54859037837647,145.57411193847656,2609400,141.3586395263672
2021-01-12,144.38782472541365,146.53051568625926,143.93722523141125,146.3006134033203,2573800,143.28246154785157
2021-01-13,147.13746438163534,148.77436755031127,145.43618183687386,145.73965454101562,2622900,144.97086181640626
2021-01-14,146.38338092230177,147.8915534317035,146.38338092230177,146.64088439941406,2028100,145.67896423339843
2021-01-15,145.32583355689025,146.27302986341522,143.02681067073792,145.06834411621094,2338000,145.8647216796875
2021-01-19,145.7212436340335,148.02945709833796,145.57410283105045,147.63401794433594,2992100,146.27670288085938
2021-01-20,148.45252184915228,149.8779190637174,146.75125307161423,146.9811553955078,2296100,146.41281127929688
2021-01-21,147.698418337157,147.99268595290195,144.8936077714624,146.48452758789062,2469500,146.56178588867186
2021-01-22,145.0499228919813,146.16265595036793,142.92562835809014,143.07276916503906,3147200,145.84816284179686
2021-01-25,144.37862125744252,144.64530170856207,140.2311894818017,141.3623046875,3697100,145.1069549560547
2021-01-26,141.5554386490682,143.02681899468666,139.8081867667538,142.4842529296875,2329100,144.077001953125
2021-01-27,138.94376784501313,140.5347020609101,134.9526667910987,135.6239776611328,5644400,141.80556640625
2021-01-28,138.28161011471653,139.6518326681849,136.5159624001432,137.21487426757812,4352000,139.9516357421875
2021-01-29,136.6355344308023,137.50916035038128,134.86068140653356,135.48602294921875,3512700,138.43428649902344
2021-02-01,136.41481805784815,140.01968424502078,135.47682682718832,139.6702423095703,2958500,138.0958740234375
2021-02-02,140.71858485855122,141.84970009400226,138.85177955524847,139.66102600097656,2536500,137.5312286376953
2021-02-03,139.7805980953086,140.1576412341962,135.60557851054327,135.71592712402344,2703600,137.54961853027345
2021-02-04,135.94583509076864,138.53912584051986,135.18255774075854,138.41958618164062,2027600,137.79056091308593
2021-02-05,139.52310524206348,139.7162153109474,136.6631201447146,136.80105590820312,2169300,138.0535675048828
2021-02-08,138.08853395525784,140.97610655623248,136.801072533702,140.88414001464844,2295700,138.29634704589844
2021-02-09,140.4243213195918,141.16920252266482,139.53229927755743,140.56227111816406,1689300,138.47659606933593
2021-02-10,142.2635392821127,142.34630074173336,139.41275920446023,140.91171264648438,1761800,139.51575317382813
2021-02-11,142.18075611443177,146.22703033105026,142.18075611443177,146.03392028808594,2981500,141.0386199951172
2021-02-12,146.2086876319268,148.42493538010854,145.21550790425283,147.8547821044922,2387900,143.249365234375
2021-02-16,149.75839827931443,150.76996021271376,147.46856579305768,147.58811950683594,3172400,144.5901611328125
2021-02-17,144.51658785461225,149.07785590337983,142.539433582288,146.90757751464844,3815900,145.85922241210938
2021-02-18,145.24309144299025,146.0063688266945,143.1463834141666,145.3810272216797,3807700,146.75308532714843
2021-02-19,147.7168589962387,151.18377625093353,147.13750059735642,150.63201904296875,2944000,147.672705078125
2021-02-22,149.261745394966,150.27332098134715,145.7304499459785,146.4385528564453,3510200,147.38945922851562
2021-02-23,144.70970562156197,145.91439143964652,140.98528552043655,145.02236938476562,3022200,146.87630920410157
2021-02-24,143.9372824367132,148.90316810894836,142.6866129591842,148.7560272216797,2748700,147.24599914550782
2021-02-25,146.5671722858963,147.9063150496882,141.5707705589932,141.9309539794922,3282600,146.5559844970703
2021-02-26,144.5908115668722,145.68983699771442,140.61954853232214,143.9073944091797,5574200,145.2110595703125
2021-03-01,145.071037905172,146.6410679461849,143.17776016796432,146.46559143066406,3385500,145.21646728515626
2021-03-02,147.22291845578172,147.22291845578172,142.25422137305105,142.4943389892578,3016500,144.7108612060547
2021-03-03,141.45995663169842,143.15005249088483,138.08900941961357,138.47689819335938,2665700,142.65503540039063
2021-03-04,137.78423862006608,138.15365247875556,131.37480811693223,133.4712677001953,4870000,140.96309814453124
2021-03-05,137.60876140207031,138.1813571077851,132.4276524392828,137.49794006347656,4040100,139.68120727539062
2021-03-08,136.472820256949,138.12596653113553,132.77862478260042,133.04644775390625,3996300,136.99737854003905
2021-03-09,137.35940855349477,139.5574591986144,136.84222348222812,138.00588989257812,5203400,136.0996887207031
2021-03-10,139.76062739995464,139.93610390888978,135.84477581247216,135.86325073242188,3137300,135.57695922851562
2021-03-11,138.85554470971934,140.49021566845818,138.52306663311865,139.48355102539062,4462100,136.7794158935547
2021-03-12,137.2393133772133,138.37527409168848,136.26958462924247,138.10743713378906,3658500,136.90131530761718
2021-03-15,138.18136970309035,139.55746251574735,136.64828937460626,139.45587158203125,2113200,138.18320007324218
2021-03-16,140.69341515573691,142.69751428012867,140.3240012874773,141.37684631347656,2324600,138.85739135742188
2021-03-17,138.920175560707,143.02996391876886,138.59694201340005,142.37425231933594,2852800,140.1595916748047
2021-03-18,139.77911949891006,141.56156195666284,137.86736667785175,138.0243682861328,3853400,139.8677551269531
2021-03-19,137.97817876513017,141.49691136948707,136.445098537429,140.29629516601562,4624900,140.30552673339844
2021-03-22,141.50615208845548,144.36915908274045,141.50615208845548,142.68829345703125,3321600,140.95201110839844
2021-03-23,142.77138921222578,143.1223422254336,138.19059558199328,138.98484802246094,2505200,140.4736114501953
2021-03-24,140.69339644722183,142.19878524006248,138.71700292114602,138.93865966796875,2792800,139.78649291992187
2021-03-25,137.09158333613874,139.3727499530825,135.3091268604593,138.43995666503906,2725300,139.86961059570314
2021-03-26,137.07309901120902,145.338857217458,136.68521024078314,145.09873962402344,3686200,140.8300994873047
2021-03-29,143.17774757302078,144.26754231933043,140.39787118077837,142.0879669189453,2779000,140.7100341796875
2021-03-30,140.51797132824214,141.700112892387,139.91767012959824,140.94281005859375,2114000,141.10162658691405
2021-03-31,142.42968552095758,144.17519204781325,141.8663202349229,143.22393798828125,3457000,141.95868225097655
2021-04-01,145.3480978174165,148.22033481640625,144.88632347090518,148.11874389648438,3345800,143.89443969726562
2021-04-05,149.76266059343757,151.3696263126144,148.32192687600946,150.99098205566406,2628400,145.07288818359376
2021-04-06,149.89196680313947,150.62156412410786,147.54614505738323,149.34707641601562,2422100,146.52471008300782
2021-04-07,149.31936710955932,149.5964345752243,146.5025544699692,147.25985717773438,2062700,147.78811950683593
2021-04-08,149.26391845449305,149.82728365750947,147.30599995519873,149.72569274902344,2599500,149.08847045898438
2021-04-09,148.50658505895365,149.58713499239718,147.9247450593186,148.91294860839844,2250400,149.2473114013672
2021-04-12,148.35886533177455,148.58975251101924,146.80731025152312,147.5184326171875,2026700,148.55280151367188
2021-04-13,148.27570565171447,148.6451193927935,145.32958385763567,146.99197387695312,1704600,148.08178100585937
2021-04-14,145.65290411663247,148.34966523017275,145.59747934481132,146.34556579589844,1596400,147.8989227294922
2021-04-15,147.76781234016417,148.98690355624416,146.55796563138696,148.4235382080078,1816000,147.63849182128905
2021-04-16,148.68213959142676,148.9961428291804,146.9735685227738,147.31527709960938,1861900,147.31895751953124
2021-04-19,146.36401154576816,146.84426087306605,143.79654697989474,144.91404724121094,3405000,146.79808044433594
2021-04-20,143.05768741242002,144.31371420301107,141.8293800475725,142.6605682373047,2339700,145.93179931640626
2021-04-21,143.60261215633366,146.23471785744488,142.33734068086147,146.18853759765625,2713100,145.9003936767578
2021-04-22,145.2464958335352,146.04074821272292,143.06692052033867,143.4917449951172,2487900,144.91403503417968
2021-04-23,144.72006191290052,147.7400697621815,144.17517162438241,146.86270141601562,3415500,144.82351989746093
2021-04-26,146.50252846749515,149.52252243974374,146.17005038615545,148.35885620117188,2705500,145.51248168945312
2021-04-27,149.0053339728994,149.54099387436736,147.27830252819385,147.35218811035156,3232400,146.4508056640625
2021-04-28,146.38247422549372,146.62259182294284,143.186989407748,144.12901306152344,3304600,146.03890075683594
2021-04-29,144.57234409626187,146.02232268860612,142.23576641789785,145.92996215820312,5833000,146.52654418945312
2021-04-30,143.64878129956267,144.3599178567759,140.90585419192854,141.45074462890625,4035000,145.44415283203125
2021-05-03,142.22650769776226,142.3927397087203,139.17879400007737,139.75140380859375,3265500,143.72266235351563
2021-05-04,138.53231365665104,140.37941117207305,137.19317077641722,140.29629516601562,3849600,142.31148376464844
2021-05-05,141.56154893489347,143.3532357350635,140.65647512066568,142.16184997558594,4415400,141.91805114746094
2021-05-06,142.2172655088879,144.5168926901621,141.17365099682516,143.53793334960938,4775100,141.43964538574218
2021-05-07,144.6923685774433,146.24393767250226,144.09206757825783,145.2372589111328,2706500,142.1969482421875
2021-05-10,144.84012800842754,145.15413114894605,139.23418126617705,139.2618865966797,4132300,142.0990447998047
2021-05-11,136.9992033267137,140.46251076340096,136.54667350734968,139.30807495117188,4643100,141.90140075683593
2021-05-12,136.13102871256893,137.61794220232758,134.51481901031957,134.88424682617188,4733000,140.4458801269531
2021-05-13,136.3250261861331,137.9135311009965,134.48715917275734,135.41995239257812,4053200,138.82228393554686
2021-05-14,136.6759898760182,139.24345437301815,135.4199629637118,138.17213439941406,4852100,137.4092590332031
2021-05-17,137.02693592928205,137.44254417818414,134.68112809256394,136.777587890625,5079800,136.9123992919922
2021-05-18,138.1721289644807,138.33836097510328,134.6626408982359,134.7365264892578,4223000,135.9980895996094
2021-05-19,134.64414438549358,141.60770873107808,133.05565375608214,141.41375732421875,7065800,137.30399169921876
2021-05-20,143.49174993354168,148.87604028009682,143.02997560631295,147.27830505371094,5986500,139.6756622314453
2021-05-21,147.48148477881927,148.47891900245662,146.82575904293617,147.1767120361328,3526700,141.47657775878906
2021-05-24,148.6820776367242,150.5291746311154,148.44194600842505,150.0858612060547,3434600,144.138232421875
2021-05-25,151.74829002840715,152.5425425022878,150.25214559081803,151.20339965820312,3327300,147.43160705566407
2021-05-26,151.2033945970493,152.5333069824954,150.23366564164195,151.35116577148438,4016300,149.4190887451172
2021-05-27,151.3511826799015,153.35448621542633,151.11931923787748,151.36973571777344,3469200,150.23737487792968
2021-05-28,151.8519650450931,153.6048516800487,151.24912590123384,152.6588592529297,2750200,151.33380432128905
2021-06-01,151.87981002874434,154.25410334468006,150.40516206925662,151.8148956298828,2981800,151.6796112060547
2021-06-02,151.97259219672452,153.3266810781144,151.50886526022185,152.566162109375,2071800,151.95216369628906
2021-06-03,149.91364170398137,151.85201687933562,149.3386248380619,150.3124542236328,2553700,151.74442138671876
2021-06-04,150.6092000855267,154.0964207710921,150.6092000855267,153.56777954101562,2443000,152.18403015136718
2021-06-07,152.7145106496957,153.55849680819017,152.11165732856315,152.5475616455078,1999200,152.16177062988282
2021-06-08,154.4303133302001,154.4303133302001,151.39754986477985,152.94639587402344,2437100,152.38807067871093
2021-06-09,153.41938266919442,154.80129371662093,152.97420887510646,154.3004608154297,3245400,152.73493041992188
2021-06-10,155.0609456256778,155.69160718310033,152.74231198488906,155.20005798339844,2905800,153.712451171875
2021-06-11,155.52472110290458,155.57109662062004,154.3654039191234,155.44125366210938,2383300,154.08714599609374
2021-06-14,155.5989141041509,156.22030639648438,153.7532761121845,156.22030639648438,2755500,154.82169494628906
2021-06-15,156.2110436967683,156.67477061741675,154.9682589458678,155.45980834960938,2377800,155.32437744140626
2021-06-16,155.86787528158587,156.39653071304832,152.51976667112044,153.9758758544922,2360900,155.25946044921875
2021-06-17,153.975843295962,156.01623828835224,153.11330413012516,154.1613311767578,2391500,155.0517150878906
2021-06-18,153.34517931953937,153.34517931953937,149.75593831098092,150.4237060546875,3936500,154.04820556640624
2021-06-21,150.77613663861928,152.38989682505255,150.4144161534464,152.2415008544922,2973200,153.2524444580078
2021-06-22,151.6757369429881,152.28785964046406,150.64626300698473,151.7963104248047,2983800,152.51974487304688
2021-06-23,151.7592315673828,152.96490988200003,151.17493129208918,151.7592315673828,2257000,152.076416015625
2021-06-24,154.1427868479931,155.13516900161133,153.25243930916562,154.92184448242188,2059900,152.2285186767578
2021-06-25,155.37629845322974,157.1755606780987,154.94967772780186,155.4968719482422,2959500,153.24315185546874
2021-06-28,156.6839710002791,158.74291856662518,156.22024432590953,158.1957244873047,2265900,154.43399658203126
2021-06-29,157.92683244110844,159.37365810948242,157.57439546738897,158.965576171875,2121400,155.86784973144532
2021-06-30,158.73364265397348,159.93933489601707,157.8525647604163,159.67037963867188,2954400,157.45007934570313
2021-07-01,159.54988801726483,159.60553298513594,156.6376834334851,156.89736938476562,2865100,157.84518432617188
2021-07-02,157.93604581741073,158.8078543470227,157.32393728011922,158.28848266601562,1563500,158.40350646972655
2021-07-06,159.08612714973586,159.08612714973586,154.6528997318471,156.1090087890625,2293400,157.9861633300781
2021-07-07,156.99005143327415,157.13843323177375,152.6959373767809,153.42861938476562,4204600,156.87877197265624
2021-07-08,150.53498949795528,152.38062723142997,148.5595088283248,152.0189208984375,3152500,155.34848022460938
2021-07-09,152.06533238375366,154.52307931094828,150.93383760735637,154.20774841308594,2346200,154.81055603027343
2021-07-12,154.43959078492674,155.45978134202505,153.6512494960516,155.39486694335938,2074000,154.2318328857422
2021-07-13,154.90328996464493,156.1460742777217,153.93873038448268,155.12586975097656,2127100,154.035205078125
2021-07-14,156.4336166237886,157.6671317646363,153.8367433878893,154.105712890625,2012800,154.17062377929688
2021-07-15,153.8738187854179,153.8738187854179,150.5442640042492,151.78704833984375,3505900,154.12424926757814
2021-07-16,152.0931379159259,152.7979976358578,148.63372541291716,148.80067443847656,2284100,153.04283447265624
2021-07-19,147.20543088858935,148.03086399491602,145.19285835185616,147.44656372070312,2772000,151.453173828125
2021-07-20,147.7804632222722,150.0712749013502,146.46348071942012,149.236572265625,2831100,150.2753143310547
2021-07-21,149.58897628853802,152.88143920898438,149.1159800744764,152.88143920898438,2076000,150.03045959472655
2021-07-22,150.4886167952557,151.20276003334266,149.16236493348455,150.2660369873047,3250900,149.72625732421875
2021-07-23,151.38828183968835,151.9540292313407,149.94145615659625,151.68507385253906,2178700,150.30313720703126
2021-07-26,149.57045014292433,152.41772541418774,149.57045014292433,152.0096435546875,1733600,151.21575317382812
2021-07-27,151.64796404015138,151.87055804430727,147.96597136335893,150.79470825195312,4077700,151.52738037109376
2021-07-28,151.471711834254,152.70521253094282,151.02652396664612,152.13946533203125,3632400,151.3789855957031
2021-07-29,152.82578630303752,155.03313015736086,152.60319236881267,154.45809936523438,3164400,152.21739807128907
2021-07-30,153.56776554188735,155.99768939396984,153.15968370221765,155.27427673339844,2678800,152.93523864746095
2021-08-02,156.40581523024255,158.90066832762292,155.22794488928514,155.45980834960938,2822000,153.62527160644532
2021-08-03,156.15537796426293,156.758231372029,153.5770577604811,156.44288635253906,3271200,154.7549072265625
2021-08-04,156.49853318119779,162.53625131662093,156.3686902369463,160.05995178222656,10201100,156.33900451660156
2021-08-05,160.96886489112117,161.16363639853205,156.58201277132454,157.60220336914062,3468300,156.96782531738282
2021-08-06,156.5819876296026,159.4199932842244,156.15535276139735,158.7151336669922,3164200,157.65599670410157
2021-08-09,158.650247142227,160.0136053808125,157.101400971225,158.88211059570312,2580800,158.3404571533203
2021-08-10,158.88209762795125,159.1881590597781,156.73968175698442,158.59458923339844,1943800,158.7707977294922
2021-08-11,159.5591142632926,159.60548977457077,156.44286953977556,158.09375,1946400,158.37755737304687
2021-08-12,157.2034298060863,157.39820134415254,154.47671318409616,156.3501739501953,2562100,158.1271514892578
2021-08-13,157.0642805502142,158.3812630288076,156.1739188235972,157.74131774902344,2040700,157.93238830566406
2021-08-16,157.3239797538119,159.11395864852085,157.1755837615131,158.65951538085938,2163200,157.88786926269532
2021-08-17,157.79696866411626,157.79696866411626,153.64198013719806,154.2355499267578,4593000,157.01606140136718
2021-08-18,152.93711681586012,155.8493210076799,149.58900823195538,153.75328063964844,5452700,156.14796752929686
2021-08-19,153.14112618807815,154.85692092236295,151.68503146838285,154.68997192382812,3451100,155.81592712402343
2021-08-20,154.76419845561676,155.97916057023897,153.09479307322272,154.55088806152344,2913000,155.17784118652344
2021-08-23,157.8897219286712,160.26400112053057,154.01295812960373,157.323974609375,13465500,154.91073303222657
2021-08-24,157.5187068610209,158.0009866674647,152.79797170817284,153.81817626953125,8137000,154.82725830078124
2021-08-25,154.05934499639156,155.74730348455287,151.24916122923037,152.1024169921875,19156400,154.49708557128906
2021-08-26,153.67642678475454,156.91759835223584,152.45633136717004,155.8744659423828,7306300,154.733984375
2021-08-27,155.8185874484515,158.1563267875091,154.7661322097315,155.0548553466797,9136200,154.83477783203125
2021-08-30,155.51118394989174,156.72197039200302,155.2131380883713,155.52049255371094,4901600,154.47408142089844
2021-08-31,154.74750901487326,155.09212644548057,150.267610321505,151.76712036132812,9136300,154.06387023925782
2021-09-01,152.53082869922827,152.93131192240995,149.98817236876954,150.05337524414062,6513600,153.65406188964843
2021-09-02,151.0033688049159,151.75777796045637,150.15581675122513,151.45973205566406,4514700,152.7711151123047
2021-09-03,151.36659521241725,152.27933587633956,150.640126123147,151.29208374023438,2385600,152.01856079101563
2021-09-07,151.49700217238285,152.50288583192923,151.02199326526807,152.0651397705078,5132100,151.327490234375
2021-09-08,152.4749306886792,154.30041202156906,151.25482131637406,152.4376678466797,4620100,151.46159973144532
2021-09-09,152.06513436999398,158.45434786477983,152.06513436999398,157.2249298095703,7601800,152.89591064453126
2021-09-10,157.9607416262491,160.27984946769533,157.91417017073618,158.27740478515625,4280800,154.2594451904297
2021-09-13,159.81414899750771,161.2577787192103,158.61268513810037,160.95042419433594,7431700,156.19111328125
2021-09-14,161.63032843572023,162.15190881548062,159.76758399998405,161.5651397705078,5335200,158.09111328125
2021-09-15,162.00289397388508,162.48721153071526,160.27054099331266,162.13328552246094,4498500,160.03023681640624
2021-09-16,160.59654497765501,162.4872441287345,160.59654497765501,161.32302856445312,4582700,160.8498565673828
2021-09-17,159.63720332348453,161.14603608302426,158.60337952282035,159.7489776611328,13056400,161.14417114257813
2021-09-20,158.42639834854083,159.04109312771803,155.56707920787227,157.84893798828125,10189700,160.52387390136718
2021-09-21,159.09696347111878,159.86068108080522,156.694022132452,158.86412048339844,4011300,159.98367004394532
2021-09-22,160.19602307785345,162.30091919513782,159.47886248366044,161.9190673828125,3484500,159.94082641601562
2021-09-23,162.5244657637208,165.58867436655726,162.19847977525134,165.06710815429688,3391900,160.68964233398438
2021-09-24,164.43376482999741,166.56660091589566,163.7724843145758,166.2778778076172,2393300,161.99542236328125
2021-09-27,165.10435278579513,165.90533344098395,163.5489629274331,164.76905822753906,4497200,163.37944641113282
2021-09-28,160.4567925467571,162.87836581659764,159.43227749914504,159.53472900390625,5494000,163.51356811523436
2021-09-29,158.83621385989812,160.0376919951677,156.58229476856664,157.2528839111328,3498400,162.58033142089843
2021-09-30,158.6685934772091,159.50682290419687,155.87447643843103,155.98623657226562,4820600,160.7641571044922
2021-10-01,156.31219600447554,157.2901396441168,153.45287656597893,155.88375854492188,3549200,158.68533325195312
2021-10-04,155.29701124617114,156.1911206313457,152.41906024538363,152.98719787597656,5377500,156.32896118164064
2021-10-05,153.89994263421906,155.28767807341538,152.7077873924074,154.02101135253906,2899100,155.2262176513672
2021-10-06,152.54009386913307,154.85921509573498,151.94401640118343,154.65431213378906,2754000,154.70650329589844
2021-10-07,155.9396071113163,157.67195959947946,155.29697236917949,155.52049255371094,2174100,154.6133544921875
2021-10-08,156.91761258733027,157.355358737236,155.24113948254387,157.04800415039062,3145900,154.84620361328126
2021-10-11,156.58226810495313,159.76755888392898,156.28423643212537,156.3773651123047,1964800,155.52423706054688
2021-10-12,156.94553962452818,157.9328061906446,152.57741551793038,152.76368713378906,3018000,155.27277221679688
2021-10-13,154.57055491030877,155.26908414321366,152.34457565658298,153.071044921875,3416600,154.95611877441405
2021-10-14,155.09211596715352,157.02937201397657,154.72888134660002,156.6568145751953,5043100,155.18338317871093
2021-10-15,158.3612232523358,160.28917064019691,158.0725001273779,160.2332763671875,2887000,155.8204376220703
2021-10-18,158.68720812925744,161.74210796513893,158.07249903491706,161.43475341796875,2541500,156.83191528320313
2021-10-19,161.81662028094405,164.6200456450555,160.70828502650545,164.50828552246094,3336700,159.1808349609375
2021-10-20,164.76904222522379,165.65384288114214,163.84697872666715,164.77835083007812,3025800,161.5222961425781
2021-10-21,164.5362362417693,166.76221550159664,164.05191865970917,166.53868103027344,2744000,163.49866943359376
2021-10-22,166.93914701325573,168.36414524645923,165.4861945412499,166.1754150390625,3074300,164.68709716796874
2021-10-25,166.32445275795996,168.67151473168147,166.17542979196858,168.13131713867188,2498200,166.0264099121094
2021-10-26,169.48181242843265,169.8729870748687,167.3117133426511,167.53524780273438,2209200,166.63180236816407
2021-10-27,162.16123733686337,162.99015814410308,158.333296482843,158.76173400878906,6263900,165.42847900390626
2021-10-28,160.43818012140605,162.38475894235577,159.75828235200188,160.6244659423828,2781100,164.24563598632812
2021-10-29,159.63722217104703,161.92840450656715,158.88281280801442,161.58380126953125,3137400,163.3273132324219
2021-11-01,161.29503925257305,163.2229866294854,161.04357897771615,162.9808349609375,2180700,162.297216796875
2021-11-02,162.980803024609,166.01707084506285,162.71069716683638,165.7283477783203,2405800,161.9358367919922
2021-11-03,165.24408996442546,166.96713459388698,163.80045989806786,166.52938842773438,1997700,163.48936767578124
2021-11-04,166.71563426894627,168.54113014868796,164.1543605581105,168.326904296875,5252700,165.02985534667968
2021-11-05,171.1396626008043,173.3283932221131,169.69603267259723,171.54014587402344,3415700,167.02112426757813
2021-11-08,170.87887018159867,173.1793608074923,170.7764186642329,171.80093383789062,2582300,168.78514404296874
2021-11-09,171.6705372269794,173.13278424631855,170.27347887407083,172.30386352539062,2508500,170.10024719238282
2021-11-10,170.44111880012565,172.7695493848268,167.68425073472997,168.44798278808594,2735500,170.4839660644531
2021-11-11,170.65530943426583,170.78570096249896,168.04746465799266,170.53424072265625,1703300,170.92543334960936
2021-11-12,170.9719849507789,172.95579787998287,169.0906093104668,172.10824584960938,1847600,171.03905334472657
2021-11-15,172.97445028853502,172.97445028853502,171.13033726735475,172.3597412109375,1337200,171.15081481933595
2021-11-16,171.91269721965753,174.95828855578236,171.83818573183282,174.79063415527344,2126300,171.6481689453125
2021-11-17,175.12590571560065,175.19110858822805,172.80678392621525,174.20384216308594,2242300,172.7993408203125
2021-11-18,175.19113128989812,175.74063752348684,173.22593521358095,175.1818084716797,2091800,173.72885437011718
2021-11-19,175.18181328299045,176.9607377947672,174.83721007815907,175.8430938720703,3299800,174.47582397460937
2021-11-22,176.96072149148205,178.77689447499324,172.63915496668088,172.76954650878906,5228600,174.5577850341797
2021-11-23,173.46806532769014,175.0979666126483,167.86120092818288,169.92884826660156,4976400,173.5854278564453
2021-11-24,168.99747566517132,169.98472788135453,167.33963435655966,169.94747924804688,2914800,172.7341552734375
2021-11-26,166.71564355057276,168.02888191893717,164.64799588469245,165.78427124023438,2539100,170.85464782714843
2021-11-29,168.149972075577,171.08380375384442,166.20340710978914,170.62742614746094,4374800,169.81151428222657
2021-11-30,170.0779068873725,171.6146655936484,166.63183200459838,167.87986755371094,4561800,168.83357849121094
2021-12-01,169.77051472051735,175.284236154668,168.25237356512326,168.42933654785156,4831300,168.53367614746094
2021-12-02,168.2891268016065,170.65452283147874,166.419247614922,168.87814331054688,3795600,168.31980895996094
2021-12-03,171.06588553791153,171.98212227528043,167.0830483086572,169.0277099609375,2958600,168.96849670410157
2021-12-06,170.45816895661983,170.785389207536,164.7269855096973,169.28013610839844,3938200,168.69903869628905
2021-12-07,171.72034449924053,175.47880546421771,171.64554762372336,174.4971160888672,4850000,170.02248840332032
2021-12-08,173.67433024710965,174.38489329044202,172.3373738110163,174.1417999267578,3167800,171.16498107910155
2021-12-09,172.89836499507948,175.45076025084674,171.54270549403543,171.7296905517578,3457800,171.73529052734375
2021-12-10,174.28208657764134,174.3662277140814,169.34560684852096,171.49595642089844,2570800,172.22893981933595
2021-12-13,171.51463698311431,172.64591997972627,166.62490771871327,166.858642578125,4457700,171.74464111328126
2021-12-14,165.43754975144063,166.64362975432823,162.2961523073791,164.81114196777344,3770900,169.8074462890625
2021-12-15,166.05461865384962,167.9899361577075,162.81037718404428,167.84970092773438,3598700,168.5490264892578
2021-12-16,168.42935726833474,169.03707654643887,160.95919925917414,161.37057495117188,4817300,166.47720336914062
2021-12-17,159.98685585852166,161.20228016188716,158.04217982634603,159.04257202148438,7659800,163.9865264892578
2021-12-20,155.98529786651056,158.11695871840627,155.52718665613943,157.3690185546875,4087400,162.0886016845703
2021-12-21,159.0519417896873,161.12750912487962,157.93936123200655,160.88442993164062,3018100,161.30325927734376
2021-12-22,160.48238869339542,161.38928131482962,159.8559808262481,161.08074951171875,2025500,159.94946899414063
2021-12-23,161.55755722623158,163.09085751885226,161.34252512404723,161.42666625976562,2026200,159.96068725585937
2021-12-27,161.75386054670636,164.10991183048722,161.75386054670636,164.05381774902344,2134900,160.9629364013672
2021-12-28,164.9420144449951,165.28793747298013,162.70750975197603,163.0347442626953,1634800,162.09608154296876
2021-12-29,163.17500586435378,165.06358783484728,163.17500586435378,164.10060119628906,1685500,162.73931579589845
2021-12-30,164.54936460125043,165.44691286704463,163.11890819798913,163.4087371826172,1638600,163.2049133300781
2021-12-31,163.38067778294496,165.166415653522,163.22173977971667,164.33432006835938,1917200,163.78644409179688
2022-01-03,163.7733658473796,166.04527646358338,163.38069293251453,165.62454223632812,2667500,164.1005889892578
2022-01-04,166.12005846391233,167.8403581409416,162.79167582690883,164.12864685058594,3889300,164.31936950683593
2022-01-05,163.9136159009915,165.65258984441414,161.49211151870972,161.59495544433594,3655200,163.8182403564453
2022-01-06,161.83805042886542,163.57703865510373,160.8470024696166,162.1091766357422,3584400,163.5583282470703
2022-01-07,161.83803015952245,162.4550793759021,155.19995412602762,157.8551788330078,6747500,162.2625
2022-01-10,157.17268493917595,159.62222194233348,154.62030401708955,159.31369018554688,6017100,161.00032958984374
2022-01-11,157.7897652190137,162.7075425329672,157.499936216521,162.3335723876953,3789300,160.6413146972656
2022-01-12,163.97905537356763,163.97905537356763,160.78156366323879,162.4457550048828,1993400,160.811474609375
2022-01-13,164.18472293761087,164.80178641932952,158.22916300483723,158.73402404785156,3954000,160.13644409179688
2022-01-14,157.45317130637096,160.92178900970882,157.15398380596213,160.80960083007812,2869600,160.72732849121093
2022-01-18,157.71495458441743,159.05191128992954,155.3589029297157,155.6674346923828,4160300,159.99807739257812
2022-01-19,156.22841212398112,157.80844805699363,152.36710702919626,152.4512481689453,3736600,158.02161254882813
2022-01-20,153.16183350255494,154.04066486576943,148.28144696792273,148.3094940185547,4021300,155.1943603515625
2022-01-21,148.48708578543585,152.09593825739128,146.74809789062724,149.14154052734375,5547500,153.27586364746094
2022-01-24,148.66473494875183,151.19842744447155,141.61529691264076,150.9366455078125,6665200,151.3012725830078
2022-01-25,147.15011055785135,149.20697437014047,145.30827881155406,145.63551330566406,4064200,149.29488830566407
2022-01-26,148.65538249782466,154.35851923088867,147.1033794831161,149.3752899169922,5850000,148.67969665527343
2022-01-27,152.02117784676472,153.09635263211402,144.01808324630392,144.5323028564453,4691100,147.92425842285155
2022-01-28,144.09290670360934,148.3842909089226,141.34418161329373,148.3094940185547,3839700,147.75784912109376
2022-01-31,148.01964468294744,153.5451268903121,146.98186115375884,153.3020477294922,4504800,148.23092956542968
2022-02-01,153.42359885654437,154.73250863099213,150.5720301343047,154.6109619140625,3038000,150.02601928710936
2022-02-02,154.66705415475073,158.40681262667124,154.17153729850497,157.920654296875,2824500,151.73509216308594
2022-02-03,154.86342021395288,156.7145969315669,151.0582228351881,151.47894287109375,4452100,153.12442016601562
2022-02-04,149.7305476665585,151.81547291795235,146.57046201685543,150.5532989501953,5174400,153.57318115234375
2022-02-07,150.60007379124622,152.6288910289862,149.87082203818008,150.35699462890625,2443300,152.98417053222656
2022-02-08,150.45982974865885,153.0309137643178,149.96431287965197,152.51670837402344,3173200,152.56531982421876
2022-02-09,154.6203239120469,157.387737287596,152.84393001707508,157.26620483398438,3207900,152.43442993164064
2022-02-10,153.16178545415548,157.37835718027154,150.55329643530894,151.1516571044922,3462600,152.3689727783203
2022-02-11,151.42280050945496,152.65691317253197,143.1205335784054,143.88717651367188,5455500,151.03574829101564
2022-02-14,144.8408358309199,146.86965297690801,141.66204701341823,143.9619903564453,4501500,149.75674743652343
2022-02-15,147.03792319334346,151.7780585252915,146.87898520752714,151.49757385253906,4909600,149.55292053222655
2022-02-16,151.35738305276314,157.90196076209563,151.05820977582394,157.3877410888672,5825200,149.5772277832031
2022-02-17,155.32149095463205,155.4523819032495,149.89883944639965,149.99232482910156,4702700,149.345361328125
2022-02-18,150.62811507968914,152.11466557595105,148.25337484285825,149.92691040039062,3921600,150.55330810546874
2022-02-22,148.56192541809475,152.2829960161167,147.991611581336,150.41311645507812,4269500,151.84353332519532
2022-02-23,151.52561774088943,152.86257407932678,146.00946736433474,146.30865478515625,5087000,150.80574951171874
2022-02-24,144.99337300562306,150.3203486402832,142.83251512678586,150.123046875,4152200,149.35281066894532
2022-02-25,150.20761231567172,152.3684558494848,148.13130620137738,152.3120880126953,2741600,149.81676330566407
2022-02-28,151.56989428808131,151.56989428808131,147.72733366366685,150.59280395507812,3606900,149.94994201660157
2022-03-01,149.878781850218,151.02497565836646,146.13956718227402,147.45486450195312,3761800,149.35829162597656
2022-03-02,147.94340926244348,151.75778581517946,147.60518790460324,150.1512451171875,2578700,150.1268096923828
2022-03-03,151.69204330814966,151.91751467884558,147.47367294148737,149.6439208984375,2656100,150.0309844970703
2022-03-04,148.1407363157549,149.6345560749113,146.32750350655422,147.3609619140625,2778600,149.04075927734374
2022-03-07,147.52066521358168,147.8212985155229,137.3646469521516,137.43040466308594,5701300,146.4082794189453
2022-03-08,137.18614091137576,143.5371718101594,135.14742247642155,139.53489685058594,4745200,144.82428588867188
2022-03-09,143.8283742338508,145.67919453295812,142.1466717686828,144.32630920410156,3046300,143.6592987060547
2022-03-10,141.72389490636283,142.60701482212303,138.90538865832642,141.45143127441406,4035700,142.02080078125
2022-03-11,143.93170433697978,144.4766172203036,138.3792440454004,138.67050170898438,3964300,140.28270874023437
2022-03-14,138.59539154509565,139.8355272002354,135.10983149729577,136.81973266601562,3910500,140.16057434082032
2022-03-15,138.40745857737528,142.29699676326516,137.55250821145876,141.78965759277344,3309900,140.6115264892578
2022-03-16,143.82840013529082,149.14598646329827,143.3022811539144,148.9768829345703,4376200,141.54164123535156
2022-03-17,147.37970700353455,150.36733148402095,146.33685897765716,150.3015594482422,4272400,143.3116668701172
2022-03-18,148.96747991082935,154.022006787978,147.58641040600003,153.5616455078125,9901900,146.2898956298828
2022-03-21,152.0114859467145,154.77362520119996,151.7014484451224,154.2850799560547,3258900,149.78296508789063
2022-03-22,153.88102030772183,156.4176870779283,153.5334091686077,154.80174255371094,2568300,152.38538208007813
2022-03-23,153.49586924270133,154.3695993803689,149.18354338390498,149.5123748779297,3409900,152.49248046875
2022-03-24,151.0907620755231,155.07424252900285,150.18883358783566,154.9803009033203,3152200,153.42822875976563
2022-03-25,155.07423332601599,155.88220580440424,153.00733131999164,155.60975646972656,2236300,153.83785095214844
2022-03-28,154.24749007802305,157.31966679913893,153.46771573716745,157.1411590576172,2745200,154.40906677246093
2022-03-29,158.8228479822582,161.18099331676882,157.58269821115366,159.8844757080078,3127700,155.4256134033203
2022-03-30,158.5692295720372,159.71542375999192,155.75072209391968,156.4083709716797,2689100,156.8048126220703
2022-03-31,156.85929304102606,157.78000117964305,155.0930243241289,155.1869659423828,3881500,156.8461456298828
2022-04-01,156.42714172781425,157.02842266012806,152.99796387465497,155.35610961914062,2941000,156.79541625976563
2022-04-04,155.1776063536877,155.91041706308954,151.93632601046124,154.5481414794922,4159600,156.2768127441406
2022-04-05,152.67849889120913,153.6180011006242,146.44020479411947,150.3015594482422,7223600,154.3602294921875
2022-04-06,147.8964128126984,154.34139752852252,147.7554932377278,150.58338928222656,6036000,153.1952331542969
2022-04-07,149.63452530248134,153.05431287176907,149.51238542425685,151.49473571777344,3161800,152.456787109375
2022-04-08,150.75254174371622,151.2692565277677,148.81715501025516,149.1365966796875,3025000,151.21288452148437
2022-04-11,148.13131580114256,148.52590501990616,145.33160315239158,145.51950073242188,3693700,149.40715637207032
2022-04-12,147.81189649586693,149.90698258134975,145.61346458541408,146.0926055908203,2580000,148.56536560058595
2022-04-13,147.23877985696248,149.34326985898784,145.82013675432404,148.5540771484375,2335200,148.1595031738281
2022-04-14,148.7889536994453,150.1888170900469,146.8347874705043,147.03208923339844,5228700,147.26697387695313
2022-04-18,146.82542383717308,151.49475159120985,146.72207800684694,150.63980102539062,2728500,147.56761474609374
2022-04-19,150.63980551625062,152.9509876380507,149.0144704414559,152.50003051757812,2674700,148.963720703125
2022-04-20,154.5105510628986,155.5439949680697,150.8276895150027,151.61688232421875,2582400,150.06857604980468
2022-04-21,152.66913666561584,154.71724497176285,148.4131920334217,149.10842895507812,3555000,150.1794464111328
2022-04-22,148.4225487003385,149.97273588116954,145.78254989816412,145.8577117919922,2640400,149.94457092285157
2022-04-25,144.86185298935362,149.52177608175398,144.45785957074236,149.30569458007812,4487500,149.67774963378906
2022-04-26,147.4360828606518,147.8025025044907,143.49958043107668,143.56533813476562,3661200,147.89081115722655
2022-04-27,140.9253300925001,146.30867368804718,140.62468250718314,142.54127502441406,3077300,146.07568969726563
2022-04-28,144.80548676373039,152.45303452557408,144.4296772613343,150.74313354492188,4156000,146.4026306152344
2022-04-29,148.4789267789903,150.05729798692605,144.90882975771456,145.0403594970703,4835800,146.23916015625
2022-05-02,145.9422613690533,148.94866539898968,143.5465280058181,148.58226013183594,2865900,146.09447326660157
2022-05-03,148.32862991137597,150.04792086615603,147.04150199303186,149.25872802734375,2441900,147.2331512451172
2022-05-04,149.08016470038143,154.94266211398363,144.9275677416199,154.80174255371094,3940400,149.68524475097655
2022-05-05,152.21815691950624,153.4864763419457,147.04149040293538,148.66683959960938,3961500,149.26998596191407
2022-05-06,147.0790832517178,149.16477943819925,145.01218112462516,146.6844940185547,2710400,149.59881286621095
2022-05-09,144.87124157656285,146.59053238459873,142.5976478911765,143.03921508789062,4123100,148.49020385742188
2022-05-10,146.5059868512854,148.92050024009484,143.41501634290637,145.8295440673828,3157800,147.8043670654297
2022-05-11,144.14779278631838,147.79306533116838,142.56943622194848,142.794921875,3861700,145.4030029296875
2022-05-12,141.9024179784623,144.38270342274916,140.89715799401168,143.6405029296875,3117700,144.39773559570312
2022-05-13,145.66042678467196,150.03851083804437,144.57061503796297,149.1365966796875,4783200,144.88815612792968
2022-05-16,147.71795088380887,149.5499776042266,146.16777773630193,147.91525268554688,2328400,145.86336364746094
2022-05-17,151.25045184457647,154.43536346605558,150.90282631103977,153.9280242919922,4952200,147.48305969238282
2022-05-18,156.2674220297935,156.2674220297935,149.60635404611006,150.24520874023438,5684400,148.97311706542968
2022-05-19,151.1189242005292,154.2380638352467,149.45600140702615,151.20347595214844,3812600,150.48571166992187
2022-05-20,153.70254250321227,155.1681634207503,147.23876375338938,152.6127166748047,3977400,151.18093566894532
2022-05-23,151.84233850893196,153.60860720364064,150.20761388232472,151.77658081054688,2291100,151.9532012939453
2022-05-24,150.20763570127602,153.3737539363149,149.20236133646878,152.05845642089844,3172000,151.57928771972655
2022-05-25,150.761945410914,153.36437097167902,149.70030315279288,152.50003051757812,2500300,152.0302520751953
2022-05-26,152.53761623504786,155.85405869059343,151.64509178708852,154.07839965820312,3820100,152.60523681640626
2022-05-27,156.202071267671,158.72221889246137,154.9561478204089,158.14645385742188,4942300,153.71198425292968
2022-05-31,157.53294655568124,160.07197607236014,154.40871834977253,158.94876098632812,5102500,155.14642028808595
2022-06-01,159.68499037763735,159.80769890914053,154.15388891772275,155.5225067138672,3283600,155.8392303466797
2022-06-02,155.27709269164168,159.90209543432715,154.49367359518334,159.74163818359375,2637700,157.2875518798828
2022-06-03,157.24036523930195,157.6084764573792,155.5602664078303,155.9661407470703,2539100,157.66510009765625
2022-06-06,157.95774120605003,159.35467442140987,155.32431765284838,155.99447631835938,2273800,157.23470458984374
2022-06-07,154.5503193879718,157.94826562090688,153.7008220279304,157.5801544189453,2108000,156.9609832763672
2022-06-08,156.55132405531492,158.53347005085217,154.72963530285878,155.7490234375,2928800,157.00628662109375
2022-06-09,154.78627077258255,157.65564822347727,152.44544731267501,152.5398406982422,3144800,155.56592712402343
2022-06-10,149.46281822847976,151.19009918754895,148.00924065760492,148.11306762695312,3369800,153.9953125
2022-06-13,144.63013328919553,145.7627817484404,139.06126996317107,139.47657775878906,5861600,150.69173278808594
2022-06-14,140.8357786363592,141.7135766172341,137.85312629253647,138.91026306152344,2765000,146.95775451660157
2022-06-15,140.7980210445993,143.91281560672303,138.49496064833315,141.65695190429688,3263200,144.13934020996095
2022-06-16,138.14572840360162,138.14572840360162,133.73782804829918,135.4084930419922,4722800,140.71307067871095
2022-06-17,135.93705233328632,137.33398505581914,133.83219806888286,136.5128173828125,6723900,138.3930206298828
2022-06-21,139.0612748872417,141.85514022548094,139.02351177589932,140.02403259277344,3085600,138.50251159667968
2022-06-22,138.70264688353078,140.61871499993902,137.67382496928442,139.3633575439453,3720400,138.59313049316407
2022-06-23,140.6564497600195,140.83578856076923,135.86155644472925,137.3717498779297,2946000,137.73609008789063
2022-06-24,139.30668779601478,141.62862963332086,138.93857664646228,141.28883361816406,5108900,138.912158203125
2022-06-27,142.61970702752706,143.78067078146995,141.14724798062338,142.13832092285156,2048300,140.03725891113282
2022-06-28,142.9123058750996,144.5640893057344,140.0429140216767,140.15618896484375,2786500,140.06369018554688
2022-06-29,138.6649035823317,139.23122085522243,136.62612683413448,139.00469970703125,2586600,139.99195861816406
2022-06-30,137.28677376317836,140.84519063838627,135.25744594020222,137.89085388183594,4158000,140.0957794189453
2022-07-01,135.8615652758508,136.95646530771688,132.6335098597576,134.88937377929688,3175000,138.81588745117188
2022-07-05,132.04827452976335,135.13475373435088,130.72685361161984,135.04037475585938,3792500,137.39629821777345
2022-07-06,135.57839658456663,137.72099990403274,134.05875510462263,136.5789031982422,2708600,136.68084106445312
2022-07-07,139.41997054150573,141.27939354802743,138.97634754125878,140.23170471191406,2742600,136.92624206542968
2022-07-08,139.1273569903322,142.09112791382248,137.54165176358228,141.52481079101562,1997900,137.6530334472656
2022-07-11,139.86354938573876,140.88293727142255,138.05130905643617,139.27835083007812,2684900,138.53082885742188
2022-07-12,140.12786794535953,141.75132177022354,139.1273470685089,139.74087524414062,2305800,139.47092895507814
2022-07-13,137.32457030376102,141.5531321638119,137.04140452867696,140.81690979003906,2306900,140.3185302734375
2022-07-14,140.40159959507628,145.50797383356618,138.9574700085768,144.70567321777344,3794000,141.21332397460938
2022-07-15,145.2059274821642,149.39674058587383,144.72455575089305,149.10414123535156,3736600,142.72919006347655
2022-07-18,149.9253168590667,150.44445173510152,145.70618839756304,146.53680419921875,2930000,144.18088073730468
2022-07-19,148.1224995903768,152.90795930397238,148.02812060262235,152.38882446289062,3582000,146.7104705810547
2022-07-20,150.68986604911404,154.53145002626786,149.8498166038452,153.96511840820312,3126000,149.3401123046875
2022-07-21,155.15439254650403,155.96612674972326,153.17224653326355,155.91893005371094,2990800,151.582763671875
2022-07-22,156.36256874427832,156.36256874427832,153.20057702584808,154.10670471191406,2944900,152.5832763671875
2022-07-25,153.80465724130175,153.99342964173,151.27507539025908,153.8896026611328,3085800,154.0538360595703
2022-07-26,154.37095173231845,155.05054373240662,152.20946722019124,152.70028686523438,3151300,154.11612854003906
2022-07-27,154.0972457421222,160.10974780823997,154.0972457421222,158.88270568847656,4672500,155.09964599609376
2022-07-28,159.24139343717405,161.35566735106525,157.9105242594695,160.1475067138672,3880200,155.945361328125
2022-07-29,158.9487485438812,163.02630069811147,158.29748605478792,162.3089599609375,4744400,157.5858123779297
2022-08-01,161.12912891044687,162.6959526167851,159.93040198123308,161.8370361328125,2277100,159.17529907226563
2022-08-02,160.72322549411837,162.84694677644276,160.09083021833723,161.18572998046875,2179600,160.8723876953125
2022-08-03,161.40284345058703,167.04721955729562,161.40284345058703,166.46202087402344,2766400,162.38825073242188
2022-08-04,166.47149850950998,167.96282515091903,165.31053441361786,167.0283966064453,2395100,163.7644287109375
2022-08-05,164.94238743963632,167.5569288869479,164.32887359066737,167.3020782470703,2495300,164.76305236816407
2022-08-08,166.3298625311356,167.7739919424987,164.02680233454393,165.9900665283203,2308600,165.59365844726562
2022-08-09,163.67760450564379,164.13066112981423,159.55285498197523,160.80821228027344,3717700,165.51815490722657
2022-08-10,163.97020329977065,165.46152968493976,161.61051238698602,165.25387573242188,3213500,165.27652587890626
2022-08-11,166.2732885999386,168.2743021820381,164.45159945578695,164.75364685058594,2709900,164.8215759277344
2022-08-12,165.39541426423705,169.67117208530823,165.39541426423705,169.19923400878906,3198300,165.2010070800781
2022-08-15,168.39698183972015,169.90717534732985,167.47197265368834,169.79391479492188,2798500,165.96177673339844
2022-08-16,169.2559215648423,169.64289993981757,166.8867826028441,168.9916229248047,3138200,167.59845886230468
2022-08-17,164.23446138171278,164.2533429386838,157.72172126029776,160.5816650390625,6158600,166.6640167236328
2022-08-18,158.31635348200783,162.79976550248563,156.6268213945084,160.5816650390625,4513300,165.82962036132812
2022-08-19,158.97710324567188,159.42072632848675,157.64624839963898,158.5712432861328,3396500,163.7040222167969
2022-08-22,155.89063818459255,156.94777520148912,153.78578332803446,154.64471435546875,3731100,160.67418212890624
2022-08-23,154.3048811036636,156.95717098935114,154.3048811036636,155.1826934814453,2128300,157.9123962402344
2022-08-24,154.61637095125005,155.5980103467124,153.13449268254323,154.46534729003906,3253100,156.6891326904297
2022-08-25,155.06944604989343,157.8633265062882,154.96561907071364,157.6934356689453,2981700,156.11148681640626
2022-08-26,157.4763463279161,158.08042669081553,149.6138536280081,149.76487731933594,4238300,154.35021362304687
2022-08-29,148.73110861938065,149.70797925556622,146.2177890102286,147.1851806640625,3353300,152.85830688476562
2022-08-30,148.07668453096193,148.19996917803067,143.7044717293359,144.85205078125,3670100,150.79217834472655
2022-08-31,145.54441530270785,145.54441530270785,142.58533758836512,143.71395874023438,3535300,148.64190063476562
2022-09-01,141.30497246554864,143.24922011948576,138.98133400195593,142.9172821044922,3783900,145.686669921875
2022-09-02,143.83724012847316,145.3452229817909,140.22376577471206,140.96353149414062,2787500,143.92640075683593
2022-09-06,140.9445407949873,142.3292388301024,138.97182764158788,140.58413696289062,2480300,142.60619201660157
2022-09-07,141.86453303408533,143.97950360958143,140.57468245812726,142.9267578125,2496600,142.22113342285155
2022-09-08,141.86451811736245,144.95635889899233,141.17217628792437,144.28298950195312,2457600,142.3349395751953
2022-09-09,144.62444812247165,147.19465603439187,144.62444812247165,146.22726440429688,2620300,142.99693603515624
2022-09-12,147.4222695334005,147.8111248437184,145.7625360823495,147.62142944335938,3866800,144.328515625
2022-09-13,143.21127118630113,144.34937110933058,140.17633323431406,140.60311889648438,4202100,144.33231201171876
2022-09-14,141.80762759292693,143.48631897683686,140.35654753064443,142.49996948242188,2272900,144.24695434570313
2022-09-15,141.9783456190085,142.98366761498266,139.4081377948449,140.24273681640625,3142400,143.43890380859375
2022-09-16,139.16153635493995,141.76968898984293,137.6820048120714,141.60845947265625,4592400,142.51514282226563
2022-09-19,140.4324158819738,142.63274055584185,140.2427204943199,141.89297485351562,2398200,141.36945190429688
2022-09-20,141.0299352412376,142.74657171544092,140.61262846860123,142.05422973632812,2574300,141.65967407226563
2022-09-21,142.22492619415783,146.05653276404468,140.6884775022298,140.7833251953125,3315600,141.31634521484375
2022-09-22,140.35651947406964,140.67897842973514,136.76200370680866,137.84320068359375,3355700,140.83643798828126
2022-09-23,136.39212052809933,136.93272625083475,132.86400104077305,134.599609375,4839300,139.43466796875
2022-09-26,135.31097875160427,136.3257943412139,133.36671630724194,133.55641174316406,4502400,137.7673553466797
2022-09-27,135.32992902357634,136.50595949198146,132.65538010982743,134.4953155517578,2964300,136.2555725097656
2022-09-28,133.58482243362468,137.8527079494373,132.70278523505948,137.12242126464844,3307000,135.5233917236328
2022-09-29,135.52908125131174,135.52908125131174,132.70279643440148,134.66603088378906,3453500,134.88795776367186
2022-09-30,133.59431100182468,135.27301681060717,132.0578767368153,132.1527099609375,3525900,134.39857788085936
2022-10-03,133.99265403338305,139.0477297519317,132.63642161880358,137.64407348632812,4708300,135.2161102294922
2022-10-04,140.6031352486004,143.9226021853296,140.3755094488314,143.06903076171875,4181800,136.93085327148438
2022-10-05,141.4093062461938,145.07020487848988,141.16270799623302,144.05538940429688,3052000,138.31744689941405
2022-10-06,143.52424696577185,145.69612007732982,142.94571080512932,143.1828155517578,2286500,140.02080383300782
2022-10-07,140.0530376084737,140.96352625253667,136.69564058142635,137.44488525390625,4351100,141.07923889160156
2022-10-10,137.653534476603,137.97599346665785,131.74488809878684,133.63223266601562,3828700,140.27687072753906
2022-10-11,132.45620490769426,133.79347921022693,129.89547642674876,131.64056396484375,4735300,137.99117736816407
2022-10-12,131.85869768336903,133.10112430755947,131.26118905853122,131.44139099121094,2541100,135.46837768554687
2022-10-13,127.75204896651071,136.51544659796795,126.59497651500683,135.38682556152344,5040500,133.9091796875
2022-10-14,137.16037979947933,137.47335987146252,129.4592205417925,129.67735290527344,4970400,132.35567321777344
2022-10-17,132.82609857239638,133.99265001966305,130.6447317361765,131.94406127929688,5039800,132.01803894042968
2022-10-18,137.17934254705213,137.71994839822258,132.15271825774408,133.8219451904297,3280300,132.45431518554688
2022-10-19,133.4994485637575,135.5954608480514,132.07682011348493,134.04005432128906,2465400,132.9740478515625
2022-10-20,135.09280470997183,139.18048828553952,133.96418378420756,134.75137329101562,3341100,132.84695739746093
2022-10-21,134.6090964594288,139.81592177562723,133.67964992785969,139.0287322998047,3612400,134.71723327636718
2022-10-24,137.50178260400912,139.3037873875174,135.03590188639714,137.0749969482422,3334500,135.74342041015626
2022-10-25,137.5776419284046,139.90126531558136,136.96117543832312,138.820068359375,3644800,136.7430450439453
2022-10-26,135.40578042740302,138.1372172208033,133.2907957042171,134.0874786376953,6726400,136.75252990722657
2022-10-27,135.14023460796042,135.9558755635745,132.8165963758989,133.423583984375,4666400,136.48697204589843
2022-10-28,134.2013058965823,138.4597129684229,133.86935341486097,137.40696716308594,3482000,136.1626190185547
2022-10-31,136.39212487769424,136.4585211496454,133.34770819714348,135.2635040283203,3078300,135.80032043457032
2022-11-01,137.62512246833543,138.38386078761127,135.92745832261596,137.23626708984375,2322800,135.48356018066406
2022-11-02,137.93805331962932,140.18580158251575,133.74604333017496,133.95469665527344,3327700,135.45700378417968
2022-11-03,132.2096110733211,133.73656633761226,130.68265580902997,130.9008026123047,3706400,134.95244750976562
2022-11-04,134.97900933311962,137.90012734105116,133.8314158879328,136.84738159179688,5004300,134.8405303955078
2022-11-07,138.28899891051338,141.49466038354754,136.458556831731,141.24806213378906,3981600,136.03744201660157
2022-11-08,143.34406950528557,147.57402527456162,142.29132367172934,143.2492218017578,4968300,137.2400329589844
2022-11-09,141.44720168095125,143.05951100225397,139.97714941351578,140.58413696289062,3696300,138.5659210205078
2022-11-10,147.8680353177195,152.46785957962433,146.53076082339805,152.0979766845703,5617300,142.80535583496095
2022-11-11,151.177989522994,156.38481527397693,151.09263528241874,155.59762573242188,3211500,146.55540466308594
2022-11-14,154.7061070886327,158.2057756145384,152.55320631649346,152.94204711914062,4269700,148.89420166015626
2022-11-15,158.82227860146938,159.20164047606238,154.17501604320182,156.650390625,4158100,151.57443542480468
2022-11-16,153.53959919465697,153.74825259743938,151.96521969065512,152.9515838623047,3859000,154.0479248046875
2022-11-17,150.27699060448657,153.3498734346058,149.93555917891774,153.14122009277344,2835400,154.25657348632814
2022-11-18,155.1234212004239,155.42692225008747,152.66701927558142,153.5016326904297,4016500,153.83737487792968
2022-11-21,152.84722328342247,153.6533708230141,150.94089165977422,151.02626037597656,6276300,153.45421752929687
2022-11-22,156.65987098506463,160.14058206144077,154.31728895766446,159.7422332763672,5739900,154.0725860595703
2022-11-23,160.6147752055677,164.36102763567862,159.0498750578855,160.47250366210938,3851800,155.57677001953124
2022-11-25,160.32075834535956,160.75703749905256,158.36701731423972,158.47134399414062,1698600,156.64279479980468
2022-11-28,156.38483014216058,158.67052372416092,154.15603939262041,155.5502166748047,3910900,157.0525115966797
2022-11-29,156.2615366699166,156.49864146155252,154.03276031157574,155.43641662597656,2685800,157.93454284667968
2022-11-30,156.0718241005575,163.3082655056608,154.30776422943143,163.04270935058594,5396300,158.59463806152343
2022-12-01,164.27567841410362,164.27567841410362,161.00362094698949,162.63490295410156,3222200,159.02711791992186
2022-12-02,159.2816361633757,160.79633247208073,157.41446719489946,160.6439208984375,3055200,159.46163330078124
2022-12-05,159.91033802033675,160.9010783832563,158.88148387260307,159.8912811279297,2615800,160.32984619140626
2022-12-06,159.80554779934275,160.4723936757762,157.47157996375074,158.624267578125,3572100,160.96741638183593
2022-12-07,158.41471814208487,160.50100495123095,157.19533841972466,158.14797973632812,1881600,159.98847045898438
2022-12-08,159.15776862039797,161.7584749667809,158.06222254376945,161.61557006835938,2836300,159.78460388183595
2022-12-09,160.4914665467518,162.29195786045324,159.94845407721184,160.69151306152344,2514900,159.79412231445312
2022-12-12,161.15831654944105,164.17818753071188,159.79604655593553,164.1019744873047,2966800,160.63626098632812
2022-12-13,169.57964608945042,171.42777224853364,165.45470816048078,167.1790008544922,4778100,162.34720764160156
2022-12-14,167.54099190258341,168.47459068170113,162.05378419335653,163.54942321777344,3202500,163.42749633789063
2022-12-15,161.20593835426422,161.72989389980688,157.6525908954665,158.2241668701172,3985000,162.74921569824218
2022-12-16,157.45252594930957,159.32923015195857,156.29983831386534,158.9196014404297,7411900,162.39483337402345
2022-12-19,159.5102612419521,159.55789621407635,155.9950125270094,157.31918334960938,2621800,161.03827514648438
2022-12-20,155.9664346129654,157.95745143891529,155.81400851647047,156.54754638671875,2102300,158.9119842529297
2022-12-21,157.547828705093,159.89131825000666,157.39540260274734,159.481689453125,2181400,158.0984375
2022-12-22,157.02383398897803,157.02383398897803,153.43237297799408,155.99497985839844,2972000,157.65260009765626
2022-12-23,154.99473899440721,156.3474879169424,153.61341199532328,156.08074951171875,1498300,157.08482971191407
2022-12-27,155.8235458358548,155.94737932139748,153.51814107706855,154.51841735839844,1932000,156.52467651367186
2022-12-28,153.85153911183338,155.82351318492206,152.4797335890151,152.68931579589844,1499900,155.7530303955078
2022-12-29,154.88040423655121,156.97621191784896,153.85155002148122,156.21409606933594,2148900,155.09951171875
2022-12-30,154.6708400613654,156.38559728655508,153.14660818649622,156.26174926757812,1619400,155.15286560058593
2023-01-03,157.7288117318204,158.32896580807176,153.7943988925613,154.75656127929688,4475700,154.88802795410157
2023-01-04,157.54782039794713,159.6531494979938,156.00453163133946,158.05271911621094,3477900,155.59488830566406
2023-01-05,156.68088155745525,157.78594871280404,152.02246719921973,152.12725830078125,4750300,155.48247680664062
2023-01-06,154.09925739100052,158.8529428941309,152.35592200050766,157.6811981201172,3483400,155.77589721679686
2023-01-09,159.46261515203597,161.86327512542846,157.83359225033885,159.1863555908203,3734100,156.3608184814453
2023-01-10,158.61474758976598,161.7108312514281,158.61474758976598,161.2059326171875,2351900,157.65069274902345
2023-01-11,159.77697229449137,162.07284091807767,159.38638594054012,161.74893188476562,3068900,158.3899353027344
2023-01-12,161.96806302855688,162.55869592877195,159.24350857920635,160.68199157714844,2478100,160.10088195800782
2023-01-13,159.56740523734607,161.4059958248177,158.5385509696865,160.97731018066406,1891200,160.76010437011718
2023-01-17,159.9579817425939,161.15830437927139,158.18606859160292,159.00534057617188,3320200,160.7239013671875
2023-01-18,160.5486241240834,161.35837497796683,158.04317305641842,158.13844299316406,2627700,160.11040344238282
2023-01-19,157.71928445001953,157.79549749504673,154.4231538354671,155.4043731689453,3082500,158.84149169921875
2023-01-20,156.06169088363964,157.4144396651648,153.41333493157757,157.34774780273438,3841900,158.17464294433594
2023-01-23,158.65288638839235,162.1871922452688,157.77645807771964,161.62513732910156,3521900,158.30420837402343
2023-01-24,159.95795476717973,161.97754904784045,159.43399930677768,160.8629608154297,2407100,158.675732421875
2023-01-25,158.72906182303745,160.73913520643652,156.43320772704863,160.47239685058594,2739800,159.14252319335938
2023-01-26,161.8918301390147,162.85399241271716,158.95769381974003,162.65394592285156,3539900,160.59243774414062
2023-01-27,161.06305701390747,163.88286686685018,160.42477460877146,162.7397003173828,2453400,161.67082824707032
2023-01-30,161.09163403833483,163.04453688522074,160.36761741733793,160.92967224121094,3135600,161.5317352294922
2023-01-31,160.9296487793151,163.3970001950461,160.90107071014228,163.349365234375,2549400,162.02901611328124
2023-02-01,163.21602575176516,170.05598289262468,163.12075581309537,168.22691345214844,4200300,163.57991943359374
2023-02-02,169.4367576335297,171.52304410383232,167.84584863752718,170.80856323242188,4206200,165.21084289550782
2023-02-03,168.55082750737168,172.75197936024702,167.87446028739518,170.35133361816406,4005700,166.73316955566406
2023-02-06,168.60795701455382,170.82761256786966,168.01730963573746,169.1414337158203,2916600,168.37552185058593
2023-02-07,169.9416470078011,173.247312821933,168.62699762461617,172.4470977783203,3531600,170.195068359375
2023-02-08,170.18935710704108,171.35158061957912,168.9985555192892,169.3415069580078,3520600,170.41798706054686
2023-02-09,172.18987627406227,173.5997810110531,168.9223243268218,170.06549072265625,2983300,170.26937255859374
2023-02-10,168.75088355017482,170.54185389084535,167.7315648923049,170.0083770751953,4003300,170.20078125
2023-02-13,170.88478000405308,173.02822266512504,170.4751367366942,171.9040985107422,3975500,170.75331420898436
2023-02-14,170.58947459823304,174.45719572439924,170.07504018605374,173.89512634277344,3784200,171.042919921875
2023-02-15,185.13628856633065,187.10826284096564,182.04974036067756,186.88914489746094,7456000,174.5524475097656
2023-02-16,185.3458756890822,187.003476665034,183.82165844025616,184.65045166015625,4481700,177.4694396972656
2023-02-17,183.9454898731449,185.1934475468634,182.2974246309469,183.58349609375,3774900,180.18446350097656
2023-02-21,181.60198515080788,182.125926148833,176.69587455862998,177.1626739501953,5117800,181.23617858886718
2023-02-22,177.83905310247044,177.83905310247044,174.18091436537793,175.05734252929688,3512600,181.46862182617187
2023-02-23,178.1248330409638,178.591632424071,174.4666946187051,176.85781860351562,4501800,179.4623565673828
2023-02-24,175.41262107799935,175.97729155347466,173.81430834359722,175.08721923828125,3177900,177.54971008300782
2023-02-27,177.61394206465795,177.92019840483258,175.0872651920571,175.30738830566406,2769500,175.8944885253906
2023-02-28,175.14465618032102,177.56605381057557,174.70439542763845,175.594482421875,2644400,175.58085021972656
2023-03-01,175.96774494914564,177.5660578550685,174.85753485518,175.24993896484375,2600300,175.61936950683594
2023-03-02,173.3549271533746,177.3554919757546,171.52691116054189,176.66639709472656,2906400,175.58108520507812
2023-03-03,177.35550494337042,178.78155146050423,175.08724264635535,178.25515747070312,3112400,176.2146728515625
2023-03-06,179.2792252781932,180.46598846354,177.14493835550056,177.55648803710938,2664100,176.66449279785155
2023-03-07,178.04459641599885,178.91553785458674,175.63276420290939,177.0013885498047,2415100,176.9458740234375
2023-03-08,178.370020506197,179.40366301195994,177.25024477590435,178.5614471435547,3182000,177.6081756591797
2023-03-09,179.08783277163258,180.68614594293055,175.5083823487004,175.68064880371094,3627300,177.41102600097656
2023-03-10,176.8003986637303,177.6139179699821,173.54635064632393,173.9578857421875,3166800,176.55157165527345
2023-03-13,172.0916143544253,176.38888538646037,171.3929538520631,174.71400451660156,3310200,175.9830749511719
2023-03-14,177.02055793218193,179.9587699160864,176.09219422624088,178.57101440429688,4147400,176.2970001220703
2023-03-15,176.3218672626478,177.54692170597153,172.5988472770872,175.07766723632812,3972700,175.600244140625
2023-03-16,173.536801360958,179.26966978952643,172.46486770616548,178.61886596679688,3753500,176.1878875732422
2023-03-17,179.34623363385987,180.6957125123108,176.55157716593826,177.87234497070312,6216500,176.9707794189453
2023-03-20,178.1116119510399,179.47065630645864,177.1736682069245,179.0303955078125,3033500,177.8340576171875
2023-03-21,180.77227257803705,181.76762383248442,178.01589279064308,180.3128662109375,3232700,178.18242797851562
2023-03-22,180.75314977464967,183.27982669691986,178.3508972512914,178.5997314453125,3481000,178.8868408203125
2023-03-23,180.85838782336714,184.27513654181445,179.0303718375791,181.31777954101562,2658300,179.42662353515624
2023-03-24,180.9828253427873,181.28908164220292,177.69048615221644,179.6333465576172,3401800,179.77882385253906
2023-03-27,180.16931526299214,180.27459406589017,176.5611394950886,176.8386993408203,3616900,179.34048461914062
2023-03-28,175.83376213555835,176.10174187880898,173.11567353755845,175.7189178466797,3319900,178.42169494628905
2023-03-29,178.0541564441775,182.13130368474802,178.0541564441775,181.0498046875,3577800,178.91170959472657
2023-03-30,183.0405718113347,186.75402703946946,182.69602426847888,185.87351989746094,4367100,179.82285766601564
2023-03-31,185.21309901123453,189.07967435223003,184.95468475459595,188.7542724609375,3873000,181.64704284667968
2023-04-03,188.03647605450456,189.2615305580808,185.9213344453509,187.85462951660156,3120700,183.85022888183593
2023-04-04,189.07969539359192,189.74007934304623,185.47151930390535,186.7444305419922,3633600,186.05533142089843
2023-04-05,186.0170364755308,186.16059183684908,180.93497223165312,182.19830322265625,3368300,186.2850311279297
2023-04-06,180.6382647624391,181.6527614990291,178.8006832879705,179.13565063476562,3010100,184.9374572753906
2023-04-10,177.66177313213592,183.00225146704508,177.0683769146125,182.75340270996094,2573500,183.7372833251953
2023-04-11,183.96890337655478,184.06461668983067,180.95412385777982,181.27952575683594,2336400,182.4222625732422
2023-04-12,182.60986042962213,182.60986042962213,178.992119137845,179.25051879882812,2085400,180.92348022460936
2023-04-13,179.26009646011977,181.9399085742073,178.16903187270282,180.9828338623047,2020200,180.68038635253907
2023-04-14,180.0544581611053,182.87782545131253,179.01123569613097,180.4181365966797,1988100,180.93688354492187
2023-04-17,179.6046467308216,181.79634142945537,179.35579795542816,181.4326629638672,2095000,180.67273559570313
2023-04-18,182.72467613280378,183.7200418690743,180.35113527552642,181.44219970703125,1745500,180.70527038574218
2023-04-19,179.82476335538482,180.91582792047473,179.50892695446393,180.45643615722656,1556000,180.9464538574219
2023-04-20,177.60434750540904,181.09766409105336,175.24037198228424,178.9538116455078,2807800,180.5406494140625
2023-04-21,178.2551753696248,179.16439347759538,176.7142844104655,178.34130859375,1975300,180.12528381347656
2023-04-24,178.34131134626492,179.3462427879749,177.73836416428068,178.93470764160156,1782000,179.62569274902344
2023-04-25,178.14032540514643,178.14989089514432,173.29752957432564,173.36451721191406,3474800,178.01015625
2023-04-26,173.45067645494044,174.6470200552274,171.93849639172126,172.9051513671875,3603100,176.4998992919922
2023-04-27,170.86653162357513,171.25893572471557,163.88946403337968,169.99559020996094,4621700,174.7082550048828
2023-04-28,170.01473222248114,172.42656431578231,168.70354468704417,172.15858459472656,3167800,173.47171020507812
2023-05-01,172.99126458535574,175.07768057301942,172.9051313610141,174.7044219970703,2572800,172.6256530761719
2023-05-02,176.52285374112947,178.5805584315965,174.30243350609115,175.77633666992188,2710800,173.10801696777344
2023-05-03,175.54663781275835,177.23108400907438,174.2163045783756,174.56085205078125,1788500,173.43915710449218
2023-05-04,174.1875944943819,175.11595811685933,172.73283686888107,173.54635620117188,2308200,174.14931030273436
2023-05-05,172.88600370568182,176.53245661898617,171.86194119010406,175.51795959472656,3672100,174.82118530273436
2023-05-08,175.90075122958467,176.64728292489482,173.92917970053185,176.59942626953125,1936900,175.20018615722657
2023-05-09,174.69488152199983,174.87672809085063,170.38804444258074,171.9097900390625,3353300,174.4268768310547
2023-05-10,173.88131272620055,174.4651288378678,171.85231917264213,173.6420440673828,3364700,174.243115234375
2023-05-11,172.6562577314009,173.31664156393634,171.0675249415358,172.83810424804688,2252600,174.10146484375
2023-05-12,173.65165063053433,174.71400422177558,171.19196143312445,172.81900024414062,1376800,173.56167297363282
2023-05-15,172.92424837250525,176.79083830702407,172.54142433715523,176.4558563232422,2435800,173.532958984375
2023-05-16,175.74763366483316,177.30765551149796,174.75226778833672,174.9436798095703,2178800,174.13973693847657
2023-05-17,176.10174712154353,180.50429664110257,175.28822777429852,179.8917694091797,3002200,175.38968200683593
2023-05-18,180.83928678758826,184.7537193499269,180.284181631952,184.0072021484375,2959000,177.62350158691407
2023-05-19,184.0071755626068,184.38043410942214,181.61448882563636,182.3514404296875,3598300,179.52998962402344
2023-05-22,181.7580626660402,184.84940990702927,181.32738196496638,183.09796142578125,2494400,180.85841064453126
2023-05-23,181.64321021511196,182.1887498319511,179.35580214880048,179.85348510742188,3864700,181.84037170410156
2023-05-24,164.13831101412364,169.0481088972668,162.45386479986016,165.7653350830078,10367100,179.01508483886718
2023-05-25,159.3624934744592,166.47356566261865,154.97908985910146,164.99009704589844,9915900,175.21166381835937
2023-05-26,165.0762222834968,170.11044400654987,164.12872777957568,168.95237731933594,6794800,172.53185119628907
2023-05-30,170.47413507779288,171.16323000659955,167.30622026542363,169.81375122070312,5233100,169.87500915527343
2023-05-31,167.8708975570959,172.27344704533033,167.71777670305553,170.06260681152344,7035300,167.91683349609374
2023-06-01,171.5269265642367,174.379005042296,169.11509426404788,172.6658477783203,4361700,169.29693603515625
2023-06-02,174.35836484892715,175.0219118074256,172.06000076983457,172.90626525878906,3697400,170.8801696777344
2023-06-05,172.30044120273143,172.4639214718182,167.00170539732463,168.27108764648438,3311400,170.74391174316406
2023-06-06,166.9536200193612,171.8676981093331,166.76129115360192,171.14645385742188,3487400,171.0104522705078
2023-06-07,171.43493190328329,176.32977205956996,171.43493190328329,173.45440673828125,4060900,171.68881225585938
2023-06-08,174.48341410835627,175.5412302210837,173.14670866385146,174.71420288085938,2995000,172.09848327636718
2023-06-09,176.2432358173594,178.76277751274958,174.13720041754817,175.46429443359375,3164500,172.61008911132814
2023-06-12,177.90687365908292,180.75339009407753,177.6279990703369,180.4648895263672,3845700,175.0488494873047
2023-06-13,183.04218747135397,185.15783453232007,182.15746287035918,184.99435424804688,3827900,177.81842956542968
2023-06-14,185.23473700750776,186.53298242274158,182.58056366322498,184.53273010253906,4061300,180.03409423828126
2023-06-15,183.46529798476666,184.53274003343242,182.1862897878067,182.38824462890625,3414400,181.56890258789062
2023-06-16,183.18641500031532,184.42694856452707,180.5514642475216,181.13807678222656,6889200,182.7036590576172
2023-06-20,179.83019202875582,181.7535095905607,178.29153210981252,180.77261352539062,2663500,182.76520385742188
2023-06-21,178.88779628269515,181.04190287079732,178.23386058719942,178.3300323486328,2941300,181.43233947753907
2023-06-22,176.82985459932598,179.2243760231147,176.20476746987714,178.97434997558594,2973200,180.32066345214844
2023-06-23,177.04140325746837,179.91675387816434,176.48363935384262,178.81085205078125,5021500,179.60518493652344
2023-06-26,180.64760977117697,184.28267882750515,179.09933853061136,179.19549560546875,3365800,179.21666870117187
2023-06-27,179.63789336716133,185.22512947445918,177.91651564304058,185.0039520263672,3631900,180.06293640136718
2023-06-28,182.7344123319722,183.83070279530423,181.34000998346858,182.61900329589844,3836400,180.9207305908203
2023-06-29,182.52287157427386,183.34989885790458,180.407224819841,182.2151336669922,2623200,181.56888732910156
2023-06-30,183.65760410021997,187.86967458257686,183.48451254964348,187.34075927734375,3376000,183.27486877441407
2023-07-03,186.54256395188563,189.01403403227613,184.89813567375464,186.879150390625,1367600,184.8115997314453
2023-07-05,185.05198792521597,185.9367268962712,182.59014385031833,182.7151641845703,2693700,184.35384216308594
2023-07-06,179.73402380298108,180.75339445666057,177.49337171247242,179.05125427246094,4203800,183.64029235839843
2023-07-07,179.24361051327364,181.42658043123507,178.07999673115512,178.20501708984375,3038000,182.83826904296876
2023-07-10,178.78198896287435,183.76337444588717,178.64735731938072,183.72491455078125,3367200,182.11510009765624
2023-07-11,184.311537899045,184.70582154750429,180.40720533308084,183.62875366210938,2039700,181.46502075195312
2023-07-12,185.99443517786256,188.53321386588425,185.19625659950265,187.9081268310547,3117600,182.50361328125
2023-07-13,189.1390573412697,191.79324518326106,188.39859058495298,190.66810607910156,3364400,184.8269836425781
2023-07-14,189.81222753162504,189.82183883752572,184.14805752122885,184.60964965820312,2922100,186.10791015625
2023-07-17,183.27295726534786,189.9660950775958,183.27295726534786,188.8313446044922,3249100,187.1291961669922
2023-07-18,187.44653494907874,189.26406952723121,186.38871905406222,188.96595764160156,3022900,188.19663696289064
2023-07-19,189.61028183176998,189.8314592681131,187.82159570704914,188.28318786621094,2040800,188.2716491699219
2023-07-20,184.52311094585446,186.5137372009434,181.52272525631818,182.37860107421875,3991000,186.6137481689453
2023-07-21,184.30192529012083,186.22524312116303,183.40758954208644,184.6000518798828,8748400,186.61182861328126
2023-07-24,184.10001833871362,186.1868168009111,183.34029944113175,184.99435424804688,2663500,185.84443054199218
2023-07-25,185.60015656518627,189.3987060575477,185.60015656518627,188.15817260742188,2958700,185.68287353515626
2023-07-26,184.57119467544405,185.42708522517304,182.6190281867106,184.1769256591797,2793200,184.86162109375
2023-07-27,188.00432367495037,190.50464280048593,186.26372333297223,187.95623779296875,3474600,185.9771484375
2023-07-28,190.68734231469884,191.3893638970112,188.66786737080557,190.81236267089844,2883900,187.21961059570313
2023-07-31,191.1201024148034,192.42795915602466,190.82197581839378,191.8798065185547,2091300,188.5967010498047
2023-08-01,190.06224686566676,192.3990854073189,189.27369427080296,191.83169555664062,1900300,189.33140563964844
2023-08-02,190.495001012886,190.56232417682415,184.5134816997305,185.08087158203125,3739700,189.51219482421874
2023-08-03,183.3690848518964,185.83094359724885,181.69580800490652,184.14804077148438,3040100,188.75055541992188
2023-08-04,181.7535208631832,182.96520571972133,177.6568594850073,181.12844848632812,3632900,186.81377258300782
2023-08-07,183.3883267969958,184.03263642010126,181.6284894650443,182.81134033203125,2035200,185.0000793457031
2023-08-08,179.83021606546635,180.1764138598151,176.70482460978312,179.45516967773438,2939500,182.52477416992187
2023-08-09,179.26279609315156,180.31100052114863,177.3202414722213,177.72413635253906,2341900,181.05342712402344
2023-08-10,179.8783149885819,181.70546117950514,177.07988383749554,177.62803649902344,2268000,179.74942626953126
2023-08-11,175.9835615516508,177.37796388602612,175.0411400301332,176.18551635742188,2859400,178.76083984375
2023-08-14,176.34899251334247,178.50309879839895,175.55081396173725,178.28192138671875,2057000,177.8549560546875
2023-08-15,175.94511620157473,177.0414067444315,174.09871822794753,174.3679962158203,1959500,176.8375213623047
2023-08-16,173.47364854771206,173.71406327293886,169.03078912112056,170.37710571289062,4869000,175.368115234375
2023-08-17,170.92525284333055,171.4349308705514,167.93449317055843,168.7615203857422,2804100,173.59481201171874
2023-08-18,167.23247607694316,169.73279507502724,166.7708839157008,169.0115509033203,2834600,172.16001892089844
2023-08-21,169.3673555304664,170.84831840793063,167.54020954651682,170.42518615722656,3345900,170.588671875
2023-08-22,172.12732461930304,172.50237098772115,168.63649826220018,169.88665771484375,4234700,169.6924041748047
2023-08-23,162.14529247062035,171.9349721087686,162.0779693105501,170.67520141601562,7413500,169.75202331542968
2023-08-24,169.99244394145956,171.41569497198793,166.3188999847749,167.03053283691406,6811300,169.40582580566405
2023-08-25,166.73240427716476,172.13692193505696,166.73240427716476,171.32913208007812,4538700,169.8693420410156
2023-08-28,173.1851359282984,174.17564335361826,172.36773472348307,173.4159393310547,2851700,170.46749267578124
2023-08-29,171.86768848105476,176.40671989269975,171.2810759354131,175.56045532226562,3574800,171.6022521972656
2023-08-30,174.71418208859774,175.88740712170647,173.4832598692296,174.60841369628906,3080900,172.3888946533203
2023-08-31,174.60839312383794,176.90675703946135,173.88714903307223,174.81033325195312,3362800,173.94485473632812
2023-09-01,176.4336202340216,176.47226295045976,174.55913150149598,176.26934814453125,1879000,174.93289794921876
2023-09-05,175.29346567347005,177.2355828967312,174.12433549081837,175.40940856933594,2488000,175.331591796875
2023-09-06,175.4094148078913,176.3080165133158,172.7136391786218,176.02780151367188,3382500,175.42506103515626
2023-09-07,173.86345767339392,175.28381719072124,171.65078234650886,172.43344116210938,5562200,174.9900665283203
2023-09-08,172.37545464770596,172.82958400238905,170.74253806183734,171.47686767578125,3182200,174.32337341308593
2023-09-11,173.47694640172233,173.83446156581766,169.37046845932696,171.65077209472656,2768100,173.399658203125
2023-09-12,170.53961100505165,172.9648432249985,169.1095945990253,169.13858032226562,2862900,172.14549255371094
2023-09-13,169.96954962822096,171.62179493228,169.3801486455824,170.22076416015625,2269400,170.9840850830078
2023-09-14,172.23052453393686,174.0277132057702,169.302848353878,173.60256958007812,4135400,171.21791076660156
2023-09-15,173.35135347016822,173.51561082523534,171.2256501045617,172.12423706054688,6062500,171.34738464355468
2023-09-18,172.08559082471933,174.26926559530546,171.4092179437354,173.65087890625,2733700,171.74740600585938
2023-09-19,172.1822239894003,172.97453985466146,170.2111208078901,172.71365356445312,2852700,172.46242065429686
2023-09-20,172.9745232835154,173.032494732785,169.98886095461316,170.13380432128906,2606500,172.44502868652344
2023-09-21,169.47676863467532,170.69422810421378,167.54430826372806,167.96945190429688,3780800,171.3184051513672
2023-09-22,169.08058812159166,170.90676217907912,168.3752296266552,169.5540313720703,2839700,170.8043640136719
2023-09-25,168.6071655773951,169.65069593586233,167.2157917661055,169.50575256347656,2300400,169.9753387451172
2023-09-26,167.50565467863345,167.95012702226293,165.631165881438,166.5200958251953,3492500,168.73662719726562
2023-09-27,167.14817227153912,168.12405949311963,164.8871823353623,166.9742431640625,2558400,168.1047149658203
2023-09-28,166.974217791602,171.6217821181589,166.4427882988198,170.45265197753906,2781800,168.60135498046876
2023-09-29,171.95032134858639,172.57836503907023,168.2496581615232,169.17723083496094,2703800,168.52599487304687
2023-10-02,169.09028066500943,170.92611210054284,167.8245214944203,169.50575256347656,1727200,168.52599487304687
2023-10-03,167.9114709142658,170.4429891384883,164.73258027176897,165.71812438964844,3226100,168.3656005859375
2023-10-04,166.76163896196445,168.4428845381842,165.92102354560475,167.92111206054688,3601000,168.5549743652344
2023-10-05,168.3366111253021,168.73276900926987,164.15283297526796,166.2882080078125,2874600,167.72208557128906
2023-10-06,164.94515723927464,169.37047840150942,164.3847419767837,168.09506225585938,3259900,167.50565185546876
2023-10-09,167.01288116481678,168.02741099009532,165.64082142814186,167.46701049804688,2571900,167.0979034423828
2023-10-10,167.78586574910355,171.57350104906564,167.61195139266277,170.02752685546875,2924500,167.95978393554688
2023-10-11,170.4140006889528,171.11935928832455,167.38971045415215,169.01296997070312,2466900,168.17815551757812
2023-10-12,169.9501937778685,170.23039399018057,166.4041314540239,167.73753356933594,3569000,168.4680206298828
2023-10-13,168.10471780633443,168.3752610695584,164.28811165260163,165.29299926757812,2699900,167.90760803222656
2023-10-16,165.93067053906813,167.88245922922223,165.70844177157764,166.91622924804688,3258900,167.79745178222657
2023-10-17,163.76632721550973,168.19166236332404,163.03198298322198,166.7809600830078,2283600,167.14813842773438
2023-10-18,164.9354631196722,167.11915242261557,163.9885618187544,165.48622131347656,3827200,166.44278869628906
2023-10-19,167.09014357291207,167.18677246843237,162.54886560994817,163.02232360839844,3692800,165.49974670410157
2023-10-20,163.31219667371366,164.0078834444419,160.40383497446098,160.89662170410156,3399600,164.62047119140624
2023-10-23,159.95941024338333,161.65997006310775,158.12356404385443,158.3361358642578,2757500,162.90445251464843
2023-10-24,159.06080730726003,159.7371802271843,157.35059050620126,159.36033630371094,3206300,161.42032775878906
2023-10-25,156.53895317370586,157.0027542962256,153.63060550914977,154.3939208984375,5142300,159.20186767578124
2023-10-26,155.43743714505936,158.39409900006513,155.2538510603953,155.4277801513672,3528300,157.682958984375
2023-10-27,156.02682589821123,157.0027276942613,154.40356647494082,155.14756774902344,2168900,156.53314819335938
2023-10-30,152.29719789232263,152.68369881458267,149.7560225171625,150.615966796875,4421400,154.9891143798828
2023-10-31,151.21501028195834,152.31651200353733,149.9202654895499,152.01698303222656,3151800,153.52044372558595
2023-11-01,152.14259937923202,154.09437358317956,150.21979615555944,153.86248779296875,4324600,153.41415710449218
2023-11-02,156.50994903697386,159.68885435416536,156.1814343381247,158.79025268554688,4105900,154.08665161132814
2023-11-03,160.3362276314662,163.7373617642219,160.3362276314662,162.24935913085938,3536600,155.50700988769532
2023-11-06,161.78554871591845,163.21556494493106,159.99801737202822,161.91116333007812,2132900,157.76604919433595
2023-11-07,161.9111798715243,163.40882468489752,161.30245020963656,162.4329376220703,2537400,159.8492401123047
2023-11-08,162.80977473073762,164.74223496493036,161.84354461364126,163.2059326171875,3452000,161.71792907714843
2023-11-09,163.7566855263369,164.85818733337607,161.14786700898122,161.48605346679688,4211500,162.25708923339843
2023-11-10,163.56341544317775,167.14813527903027,162.17204186531046,166.50076293945312,3671000,163.10736999511718
2023-11-13,164.9837924992494,165.82440798322844,164.3557488205182,164.89683532714844,3243700,163.70450439453126
2023-11-14,169.28352781028715,172.27884732271602,169.0902847193085,171.58316040039062,3448600,165.5345489501953
2023-11-15,172.97450453746134,176.63650987330848,172.97450453746134,174.67506408691406,3293200,167.82837524414063
2023-11-16,175.20651870703648,175.52537643274206,172.62668591923935,173.76683044433594,3286900,170.28453063964844
2023-11-17,176.74280883049067,177.3708672441063,175.00359169482627,176.86842346191406,3279000,172.35806274414062
2023-11-20,175.94085315927262,178.46271456498854,175.94085315927262,177.61244201660156,3811100,174.90118408203125
2023-11-21,176.87808560574877,178.29844507927524,173.38033724581373,175.12921142578125,4965900,175.6103942871094
2023-11-22,176.00847917562444,177.98925383631544,175.31279232168907,176.50125122070312,2926300,175.9756317138672
2023-11-24,176.62686593594682,177.1969381587892,176.05679371310447,176.86842346191406,1127100,176.5959503173828
2023-11-27,176.4915710503805,178.15348778948234,175.30309756393595,177.5640869140625,3520200,176.7350830078125
2023-11-28,177.07130762370585,178.3177526021081,176.1823777772058,177.01333618164062,2797900,176.61526184082032
2023-11-29,179.03279327631435,180.61741026772845,176.36600314252084,176.53993225097656,2986600,176.89740600585938
2023-11-30,176.99402855569403,177.30322927490715,174.6557534047765,177.18728637695312,4356200,177.03461303710938
2023-12-01,177.42998410875092,178.5075536554572,175.86702314123946,177.72122192382812,2332900,177.20517272949218
2023-12-04,176.3524264029315,178.09012128838154,174.91565703553994,177.90567016601562,3316000,177.27348937988282
2023-12-05,176.8960497002645,177.17757020521918,174.38172570815738,175.35250854492188,2620000,176.94132385253906
2023-12-06,177.65324549030424,177.65324549030424,174.90592849560278,175.29425048828125,2763400,176.6921875
2023-12-07,177.01252999800187,180.2937805613919,175.10008672072104,178.99293518066406,3717600,177.05331726074218
2023-12-08,178.86673460272016,180.85684234651137,178.4395877918026,179.47833251953125,2404200,177.4047393798828
2023-12-11,180.22581836480052,185.5262988960991,180.13845146913977,184.57493591308594,3499500,178.73859252929688
2023-12-12,184.66229380509552,185.46804525605444,183.59442686696465,185.390380859375,2841100,180.7461669921875
2023-12-13,185.81754621238332,187.44845426679993,184.11867624921408,186.6524200439453,3701800,183.0178009033203
2023-12-14,187.54553433939972,194.4089611364902,187.54553433939972,194.32159423828125,5610000,186.08353271484376
2023-12-15,196.03987637264805,196.84562785517684,194.17597521821995,195.01084899902344,7057400,189.19003601074218
2023-12-18,195.01085800755257,195.31179831227269,190.4287619030499,190.84619140625,3421000,190.444287109375
2023-12-19,191.92375077506892,192.3120727710705,190.9432655094828,192.04995727539062,1981800,191.7762023925781
2023-12-20,190.52583118781553,191.6713626197671,186.44854630068963,186.5747528076172,3629500,191.7606689453125
2023-12-21,189.41913073298957,191.92375207553516,189.07936564877667,190.5452423095703,2636800,191.00539855957032
2023-12-22,191.8460897191056,193.63234130590217,190.01131084331152,191.34129333496094,1754600,190.2714874267578
2023-12-26,192.11790981333223,193.99152831635624,191.76842741350737,193.0595703125,1606900,190.71416320800782
2023-12-27,193.05954161495552,193.61289483782855,192.29262983618355,193.52552795410156,1646100,191.00927734375
2023-12-28,194.99142218597552,195.5836002512216,193.87502795766085,194.38954162597656,2215500,192.57223510742188
2023-12-29,194.03034425316628,194.83609571634048,192.3023521365172,192.7586212158203,1542400,193.01491088867186
2024-01-02,191.3121705531531,191.3121705531531,185.91460582557448,187.92413330078125,3279200,192.33147888183595
2024-01-03,185.1962626726606,185.51662281533362,183.14791010924583,183.43914794921875,3297400,190.4073944091797
2024-01-04,176.5853829258508,181.42959436278977,176.49801603018514,180.63356018066406,3923500,187.8290008544922
2024-01-05,180.5753020773275,182.3130115728696,179.5753969851096,181.0995330810547,2492200,185.1709991455078
2024-01-08,181.71111463526117,183.92451301359247,181.54608333932288,183.45852661132812,2587200,183.31098022460938
2024-01-09,181.05098233684146,184.75937954104378,180.4588042685829,184.21572875976562,3151700,182.56929931640624
2024-01-10,184.07982674649986,184.07982674649986,180.90537770842414,182.86634826660156,3080400,182.45473937988282
2024-01-11,182.8760920753969,184.21576243851743,180.30350843743648,183.43914794921875,2918700,183.01585693359374
2024-01-12,184.14780190866625,184.74968253787574,181.94412068289324,182.85665893554688,1597100,183.36728210449218
2024-01-16,182.36157362585988,183.83715296799988,180.03168577889886,182.30331420898438,2373300,183.13623962402343
2024-01-17,179.28418088319708,180.2743835999936,177.53678349387243,180.01226806640625,2925900,182.29554748535156
2024-01-18,184.79820612295225,185.14768850781687,182.22563774337192,184.4196014404297,3585500,182.6061981201172
2024-01-19,185.76900321049357,189.86570794406722,185.45834559421763,189.07937622070312,4408400,183.73424377441407
2024-01-22,190.27342766648715,192.0693817609761,189.75891397058984,191.54515075683594,2861800,185.47194213867186
2024-01-23,191.38011941823518,195.68069489843535,191.13742371973316,195.4865264892578,3801100,188.10858459472655
2024-01-24,194.99144255421888,196.5252812246335,192.0790940234756,192.50624084472656,4255300,190.6073791503906
2024-01-25,196.09810666504362,196.14664876295043,191.2053683431863,191.53543090820312,2957300,192.03054504394532
2024-01-26,189.6132876972804,190.72968189842467,187.81733374277667,188.26388549804688,2379100,191.86744689941406
2024-01-29,188.27360807382905,191.55485849449218,187.28340552556952,191.4383544921875,2766500,191.84608764648436
2024-01-30,190.10838154164756,190.8170487785222,187.70084454739583,189.05023193359375,2479800,190.55882873535157
2024-01-31,187.8561862358897,190.36080779664545,186.02140721978586,186.7397918701172,4125600,189.4055389404297
2024-02-01,186.49707809844378,187.00188928528755,183.225544911391,186.39999389648438,2628000,188.37845153808593
2024-02-02,184.76909128540365,187.244590377063,184.1963329910464,186.4873809814453,2948400,188.0231506347656
2024-02-05,187.15720533476554,188.32215651925074,184.8564548900496,186.93392944335938,3193700,187.122265625
2024-02-06,187.56494550547566,187.56494550547566,183.4973633291858,184.16720581054688,3991700,186.14566040039062
2024-02-07,186.225266537456,187.18634684334265,183.3614602364223,186.36117553710938,3500400,186.06993713378907
2024-02-08,187.33194134016983,189.46766034648988,186.30291403431363,188.3900909423828,2594500,186.46795654296875
2024-02-09,189.81716115988345,189.81716115988345,187.79793114278613,189.3220672607422,3183900,187.03489379882814
2024-02-12,188.99198469052473,189.9627674715025,186.982472036645,188.38040161132812,6264900,187.32418823242188
2024-02-13,182.66248635644416,183.42939821359448,177.66294629079877,179.2938690185547,6800200,186.34952087402343
2024-02-14,180.47821150819075,181.6140254656951,179.35210004481326,180.87623596191406,3780800,185.25253295898438
2024-02-15,182.29358584689516,183.79830209045343,181.23543619152318,182.0605926513672,2811200,183.98663330078125
2024-02-16,182.10914037853388,184.95354166156278,180.6238438919553,182.7401580810547,4353300,182.67025146484374
2024-02-20,181.77906452985607,183.97302814692017,180.58500593050883,183.86624145507812,4600500,181.76741943359374
2024-02-21,184.70111337633,188.61336651904014,184.61374648739846,188.06002807617188,5555900,183.5206512451172
2024-02-22,191.38010701648923,191.57426060011542,183.51676096939357,186.30291748046875,5780400,184.60598754882812
2024-02-23,187.41931765988866,187.41931765988866,184.3225182790626,184.55551147460938,3720400,185.10497131347657
2024-02-26,185.69133679065118,185.89520770074043,183.36146394575536,183.48765563964844,2827100,185.2544708251953
2024-02-27,184.25458100265766,184.80791950372156,182.49746647993777,183.54591369628906,1886100,185.1904052734375
2024-02-28,181.7305491469928,183.13818133695682,180.77918608806806,182.27418518066406,1774800,184.03323669433593
2024-02-29,184.57493563650033,186.67181519406498,183.24495314834402,186.21556091308594,3119300,184.01576538085936
2024-03-01,186.9242302297135,191.45778410698674,186.02139452718507,190.4287567138672,2934700,185.19041442871094
2024-03-04,191.0042339543691,191.3943709459948,188.92671801117032,189.86306762695312,3150700,186.4654968261719
2024-03-05,188.526789896203,190.24342812282896,184.23522409517818,185.122802734375,3328500,186.78087463378907
2024-03-06,186.6541282186976,189.2193227692418,185.69828219868887,186.9759979248047,3905300,187.7212371826172
2024-03-07,188.9071862898185,194.47648277269423,188.9071862898185,193.35482788085938,4275300,189.1490905761719
2024-03-08,194.09610217921733,194.7495897825314,190.7603820081,191.11151123046875,3752600,189.2856414794922
2024-03-11,189.804521356663,193.59866035497927,189.804521356663,193.3255615234375,3110900,189.97814025878907
2024-03-12,194.3887251609574,194.68133534601822,191.68698110190562,194.2911834716797,3864600,191.81181640625
2024-03-13,193.55965061206547,194.90564843049728,192.55503379716293,193.70596313476562,3647400,193.15780944824218
2024-03-14,194.15461120872465,194.97390772434878,188.77063503804933,189.63870239257812,4361800,192.41458435058593
2024-03-15,184.09870320224297,191.09201374457564,184.09870320224297,190.38975524902344,10198200,192.27023315429688
2024-03-18,192.35022345830487,193.40359626614958,186.41028607376526,186.50782775878906,2846500,190.90668640136718
2024-03-19,185.63972679137584,186.37124464854014,183.4646845299159,185.84454345703125,2226700,189.2173583984375
2024-03-20,185.7665534230217,189.95082959061656,185.2691116870536,189.53143310546875,2594300,188.38245239257813
2024-03-21,191.78449705881116,193.774219261267,189.5119129250659,190.34095764160156,3109000,188.5229034423828
2024-03-22,190.47751352334316,190.79938320637063,187.80504414516406,188.7413787841797,2104300,188.19322814941407
2024-03-25,186.1078996765922,187.3758669772129,185.73725918860958,185.93234252929688,1768700,188.07813110351563
2024-03-26,185.9323727890264,187.2003254132318,184.10844445959495,184.30352783203125,2711500,187.76992797851562
2024-03-27,185.98112067121963,188.6340936871857,184.71316810208813,188.56582641601562,2410300,187.576806640625
2024-03-28,189.25830406388084,193.67668586092344,189.15101417683974,192.9158935546875,3119700,188.0917938232422
2024-04-01,192.53551194861356,194.76908834778226,191.3455749330674,191.7747344970703,2032300,188.6984649658203
2024-04-02,190.409239345799,190.76036854338346,187.99035758620056,190.07762145996094,2495800,189.52752075195312
2024-04-03,188.2439630111833,191.8235225944271,187.90258199561913,190.54580688476562,1928300,190.7759765625
2024-04-04,193.4620975757978,193.80346365026008,186.6150861830551,187.2198028564453,2931000,190.50677185058595
2024-04-05,187.88307048175443,190.8384017374256,186.4590423585541,189.9605712890625,2087400,189.91570739746095
2024-04-08,189.8337689495369,192.12584934752053,189.2485487000092,191.84300231933594,2456700,189.92936096191406
2024-04-09,193.61816519543007,199.16795041102867,193.04270798130744,199.0899200439453,4598000,191.73182067871093
2024-04-10,195.44208199093754,195.80295939520698,190.58479238225166,191.49188232421875,4517700,191.92103576660156
2024-04-11,193.081728809728,194.18387238794506,189.4533986293505,193.74496459960938,3427100,193.22606811523437
2024-04-12,190.22393268970643,191.81376984836274,187.3466316363834,187.53195190429688,3337200,192.74034423828124
2024-04-15,190.14589159193744,191.0529815671858,184.56684697001666,185.60072326660156,2561500,191.49188842773438
2024-04-16,188.0001100543078,189.25831435917053,185.77629671354777,186.51756286621094,2268000,188.9774169921875
2024-04-17,187.67825615535597,188.0781562335923,184.53760435372212,184.76193237304688,2763200,187.6314270019531
2024-04-18,183.67928927294525,185.51295083067146,182.00167356839916,182.95751953125,2748900,185.47393798828125
2024-04-19,182.47960092291996,183.29889751555103,178.07099646765448,178.84152221679688,4121300,183.73585205078126
2024-04-22,179.89488259266307,183.66951015731948,178.6756861045679,181.7187957763672,3557800,182.95946655273437
2024-04-23,182.39179852709657,186.15667795831428,181.83583777288334,185.2495880126953,4177800,182.70587158203125
2024-04-24,195.10070948612002,196.7100429951756,190.22392323713882,191.65769958496094,6527500,184.08502502441405
2024-04-25,192.98416446702532,194.1936126793704,190.29218411631138,193.06219482421875,3301500,186.1059600830078
2024-04-26,192.2039267769369,197.607415104877,192.11614818284156,196.99293518066406,3136300,189.73624267578126
2024-04-29,195.86148538740386,198.95336605865288,195.69567644219407,198.87533569335938,2289200,193.16755065917968
2024-04-30,198.61201081138992,199.16795673068938,195.55913771450707,195.6664276123047,2668400,195.25091857910155
2024-05-01,192.20387992878446,194.6032650953023,189.07299177366403,189.11199951171875,3554600,194.7417785644531
2024-05-02,191.26756049091068,192.45749751292507,186.86868981873985,191.64794921875,2728100,194.45892944335938
2024-05-03,194.13509920447225,196.85635424828192,194.13509920447225,194.7105712890625,2372800,194.00245666503906
2024-05-06,195.2372622867201,198.41692161832086,195.0714533373159,198.3096466064453,2168900,193.88931884765626
2024-05-07,199.46054182378688,200.69924960033254,198.51444417561487,198.553466796875,3276700,194.46672668457032
2024-05-08,197.40255763235766,199.9482407069126,196.83684862881535,199.8116912841797,2464300,196.6066650390625
2024-05-09,199.44106506722514,200.39692597770411,198.68028753130721,199.74342346191406,2941800,198.22575988769532
2024-05-10,200.87482592454498,202.64022019448393,200.18233060014555,202.0842742919922,2617000,199.70050048828125
2024-05-13,203.68384183680377,204.58116865713873,202.92306442645955,203.24493408203125,2314800,200.68755798339845
2024-05-14,203.8496713391938,207.18539144790265,201.6161097183941,206.71722412109375,2683400,202.3203094482422
2024-05-15,209.1458707554039,210.57964725970254,207.46826979481676,210.433349609375,3802700,204.44464111328125
2024-05-16,210.67715160902836,210.67715160902836,208.39481937179525,208.84347534179688,2820000,206.2646514892578
2024-05-17,209.2238856241142,210.3162959024319,207.72184195523755,208.8044891357422,2373800,207.60869445800782
2024-05-20,209.6628224742233,213.3106494377238,208.66795381019043,212.12071228027344,2647900,209.38385009765625
2024-05-21,209.89687479655862,211.73055116784371,209.26289854449706,211.3013916015625,3428800,210.30068359375
2024-05-22,222.17662645458236,234.44662272305476,219.21154689593308,234.24180603027344,9445800,215.0623748779297
2024-05-23,234.94406554679992,235.91942282338707,226.2828881682193,228.77980041503906,5578400,219.0496398925781
2024-05-24,230.5061757135564,232.44714195704728,226.47794559533392,226.78030395507812,4544300,222.64480285644532
2024-05-28,224.76133657355905,228.51645321515312,224.76133657355905,227.68740844726562,2673800,225.75814208984374
2024-05-29,224.07858511127327,225.92200976073508,222.21564914918827,222.5277557373047,3002100,228.0034149169922
2024-05-30,223.04468985917856,225.00516746608216,222.39120228446757,224.33216857910156,2884600,226.0214874267578
2024-05-31,224.42969978107791,228.94559353921028,222.0400627124173,228.71151733398438,6460100,226.00783081054686
2024-06-03,229.29673547301672,230.46716121250265,222.87888289413124,226.4877166748047,3087800,225.94931335449218
2024-06-04,227.0458726318646,227.35922067611332,224.19628961156658,225.84141540527344,2616000,225.58011474609376
2024-06-05,227.18297521016444,231.0705471451098,226.4191715750741,230.78656005859375,4016700,227.23187561035155
2024-06-06,229.6506576193219,233.4305129085464,228.44618539203557,232.48065185546875,2757000,228.861572265625
2024-06-07,231.14888413187307,232.67649137718342,228.42660661687748,229.8954620361328,2208200,229.09836120605468
2024-06-10,227.46693497795854,231.0803215622612,226.38978334342576,230.4829864501953,2765600,229.8974151611328
2024-06-11,228.79870515922855,231.5993234065928,228.28951270841316,231.39369201660156,3098600,231.00787048339845
2024-06-12,234.06698872311637,235.58480886573196,231.53076880632798,233.48924255371094,2515000,231.54840698242188
2024-06-13,227.72155564174636,231.34472936725217,227.6628038154794,229.1708221435547,2673800,230.88644104003907
2024-06-14,225.32242111062348,227.74113749668325,224.68590814788854,226.38978576660156,2252400,230.1853057861328
2024-06-17,225.75327085046388,227.6725817701758,223.20726384746297,227.5648651123047,2415000,229.6016815185547
2024-06-18,226.92839097747864,231.52100002135697,226.47793537662298,230.49281311035156,2457400,229.4215057373047
2024-06-20,227.60402942820616,227.83905166737665,224.05919657037612,224.74465942382812,4562300,227.67258911132814
2024-06-21,226.7325173494055,227.06546926906765,224.31381582396148,226.25270080566406,7167000,227.08896484375
2024-06-24,226.252696512559,227.1242167858454,223.36395054663015,223.7164764404297,2413600,226.55430297851564
2024-06-25,226.28205949184868,226.28205949184868,221.1508528735942,225.5574188232422,2001300,226.15281372070314
2024-06-26,224.55862593560778,225.21471290313093,221.8657243064454,223.10934448242188,2510600,224.67611999511718
2024-06-27,222.2867974582147,223.69690111914954,221.28797154139076,221.9734344482422,2159000,224.121875
2024-06-28,223.41289796483434,227.25151985122613,222.14968890886183,223.52061462402344,3634000,223.57545776367186
2024-07-01,221.99302204122492,222.2378312880595,219.27074441178178,220.50457763671875,2307800,222.93307800292968
2024-07-02,219.89743800096457,223.62832823534876,219.89743800096457,223.50103759765625,2417900,222.5218017578125
2024-07-03,223.9221037765277,226.19394059366974,222.32594282210408,225.24407958984375,1425700,222.94874877929686
2024-07-05,226.61500266485106,226.70313040019062,223.6283271174884,226.09600830078125,2251800,223.77326354980468
2024-07-08,227.3592292501541,228.8966384430725,226.8598237817512,228.49514770507812,1729500,224.76817016601564
2024-07-09,228.90641360774188,229.39603206040027,226.11559739277067,227.1927490234375,1315500,226.10580444335938
2024-07-10,229.59190377403448,234.1257607295657,228.2601409133197,233.3815460205078,4037600,228.0819061279297
2024-07-11,233.802599352395,234.2334659836942,228.81828706443787,228.8868408203125,3103700,228.81045837402343
2024-07-12,233.40113435388892,237.132024764167,231.24680109790197,233.6067657470703,3105700,230.31260986328124
2024-07-15,232.2162357564181,234.79163356142618,231.19783596414646,232.78419494628906,2057200,231.17041931152343
2024-07-16,234.0474294756818,238.76735897743782,232.71566656093458,238.27774047851562,1964600,233.38741760253907
2024-07-17,235.48689672647166,239.0709075369765,230.5221731772058,230.718017578125,4448200,232.8547119140625
2024-07-18,231.5699529487504,236.09403788073874,231.3838955349669,234.02784729003906,3688500,233.8829132080078
2024-07-19,235.3106318482135,235.3106318482135,225.94912940372313,226.41915893554688,2894900,232.4453918457031
2024-07-22,232.1966601801388,235.2714635972176,228.47557173368966,235.0560302734375,2827300,232.8997589111328
2024-07-23,229.23937145842953,232.00081183323672,224.2746330475317,225.53785705566406,3876200,230.3517822265625
2024-07-24,225.84143113110864,226.1645811299093,219.09448888722616,219.95620727539062,4589600,228.1994201660156
2024-07-25,216.91076928002866,222.88412059301248,212.73922529320436,216.33302307128906,5114600,224.66045532226562
2024-07-26,220.62207962588852,222.53158861904416,218.34045582412887,221.72860717773438,4296200,223.72234497070312
2024-07-29,223.99067095757516,225.4889023334121,220.6514692879901,222.67848205566406,2672200,221.24683532714843
2024-07-30,224.09838396100136,225.40075596705557,218.27191210353152,219.9170379638672,3955600,220.12267150878907
2024-07-31,224.9894774127123,227.3396550700095,222.22803696930148,226.5758514404297,4308100,221.44660034179688
2024-08-01,223.3443559051204,226.39957027850298,212.26918885963914,214.37454223632812,5404600,221.05490417480468
2024-08-02,208.0682605663557,208.64602171612782,202.4180741878641,203.64212036132812,6796700,217.43760681152344
2024-08-05,201.75219471224966,204.7486574939718,194.6037617373219,196.39576721191406,4879700,212.18106384277343
2024-08-06,197.17916491535001,204.36676098209634,197.00289448373934,200.62608337402344,4671100,208.3228729248047
2024-08-07,206.1000020351936,207.03027414917923,196.68953434923228,197.13018798828125,4178200,202.433740234375
2024-08-08,201.90888041760905,209.6938116176518,200.0287471613627,209.20419311523438,4510100,201.39967041015626
2024-08-09,205.59078360865425,209.29229788525117,204.8171930342202,206.92254638671875,2482100,202.05575561523438
2024-08-12,207.74511352389098,208.9691597146798,205.63976005252223,207.67657470703125,1712100,204.31191711425782
2024-08-13,208.82226673898163,214.06119007592662,208.77330190610033,213.48342895507812,4011000,206.88338623046874
2024-08-14,212.41607433139575,213.58136867577159,208.38162293712693,210.84930419921875,2409500,209.62720947265626
2024-08-15,215.87276549981542,219.58408161315748,214.8641527167522,219.02590942382812,5197400,211.591552734375
2024-08-16,218.41880037172257,219.15322806971628,216.82263939331924,218.55589294433594,2573600,213.91822204589843
2024-08-19,217.81165735410391,221.38588101838553,216.89118721572694,221.25857543945312,2803100,216.6346221923828
2024-08-20,219.30992826094814,221.32715411935828,216.79328196246584,218.8496856689453,3994200,217.70787353515624
2024-08-21,224.7544604530681,231.94205580833727,220.14224801842164,222.77639770507812,5595100,220.09329223632812
2024-08-22,220.9941719977069,223.52060494218867,216.66594677935205,217.30245971679688,3708100,219.74860229492188
2024-08-23,221.16066350840225,224.45090014462974,220.09328391380956,223.64791870117188,3208000,220.76700744628906
2024-08-26,223.10933808655864,223.4520769881421,219.14342553981604,220.92564392089844,2532300,220.70042114257814
2024-08-27,220.4360155882019,227.52569600854122,219.65262309248982,227.02627563476562,3707500,222.3357391357422
2024-08-28,226.28208249622637,228.40702494382487,220.4654124606394,222.45326232910156,3211800,222.27111206054687
2024-08-29,224.7250826111571,230.22838923346612,224.7152806792509,226.09600830078125,2711500,224.02982177734376
2024-08-30,230.0619341895669,231.23701555529996,227.00671965026692,229.96400451660156,2770900,225.29303894042968
2024-09-03,224.82244667093482,226.12995579919743,213.96914435845923,215.01123046875,4868600,224.11015625
2024-09-04,216.28922917815962,220.19209052674054,214.4311930827969,218.04896545410156,2736400,222.3146942138672
2024-09-05,215.76819615147198,217.87200432104615,214.0379663019694,215.3553009033203,2730000,220.89510192871094
2024-09-06,214.87359490278607,215.69938538995018,209.10285697289362,210.02696228027344,3437000,217.68129272460936
2024-09-09,213.33999486573,215.6011010436656,212.39623846150107,214.86378479003906,2450800,214.66124877929687
2024-09-10,213.82168829793483,215.32581207762695,210.49884530713834,215.02105712890625,2048900,214.66321411132813
2024-09-11,216.17128202565638,221.90268851767144,211.07889191826044,221.26368713378906,3431800,215.30615844726563
2024-09-12,219.66124097600087,219.67106645823566,215.2275033681128,217.78353881835938,2157800,215.79180603027345
2024-09-13,220.05447629084154,222.71865212144021,219.23851122096426,221.60775756835938,2032300,218.10796508789062
2024-09-16,218.62900404895345,220.66400400807953,216.95775695735537,219.5039520263672,2124000,219.03599853515624
2024-09-17,223.5936066472005,225.16653893586889,218.88460526251262,221.53895568847656,2524500,220.3395782470703
2024-09-18,224.99939113429525,224.99939113429525,218.2062630849149,218.874755859375,2527300,219.8617919921875
2024-09-19,226.11030160113035,231.7728846235718,224.01631879041463,229.501953125,7157700,222.20547485351562
2024-09-20,228.04696263807486,228.5483322015271,220.55583562748242,222.94473266601562,5009500,222.47286987304688
2024-09-23,220.97856510971422,223.00372440813794,220.40837215178422,222.18775939941406,1357900,223.00963134765624
2024-09-24,224.77330160849783,226.8967758733458,222.98408875624125,223.48545837402344,1984800,223.39893188476563
2024-09-25,220.31009125601847,223.73123429673103,220.31009125601847,222.80712890625,2042600,224.18540649414064
2024-09-26,228.68598450207097,230.02298512553406,221.00806764997049,228.52870178222656,3883000,223.99075622558593
2024-09-27,230.74064388901618,231.28133041217504,227.18185431403214,228.12562561035156,2277800,225.0269348144531
2024-09-30,225.02887859527644,226.66080857565666,222.82677067065268,226.27740478515625,2711400,225.84486389160156
2024-10-01,225.05838309119005,225.55976769296583,218.63881809807296,219.88734436035156,3124400,225.1252410888672
2024-10-02,221.17518474833787,226.0808003933056,219.7595353036566,223.87867736816406,1858000,225.33955078125
2024-10-03,220.83113186952735,224.96992525410192,220.66400865692034,222.72848510742188,2087700,224.17950744628905
2024-10-04,227.97817153076846,228.43039875060242,222.2860968550908,224.3702392578125,1895200,223.42843017578124
2024-10-07,221.83384956591016,223.46577960189396,220.3002343516548,222.67930603027344,1564700,222.70881042480468
2024-10-08,222.9054433375004,226.61167537468438,220.51653100246313,225.52044677734375,2447400,223.83543090820314
2024-10-09,226.50351976513602,229.62974810342692,225.41229124149712,229.29550170898438,2410700,224.91879577636718
2024-10-10,225.8153736396186,227.90935646441983,224.80279391700032,226.7984619140625,1793700,225.7327911376953
2024-10-11,225.44179511943656,230.04264073375865,225.44179511943656,228.9219207763672,1428900,226.64312744140625
2024-10-14,229.84602207147196,233.02139272841055,228.7646190610048,232.43153381347656,1770300,228.59357299804688
2024-10-15,232.0186706763145,232.75598692163223,220.29043413448127,222.05015563964844,4112200,227.8995147705078
2024-10-16,224.97974655930034,226.44453841582268,222.13862218569844,223.6427459716797,1585700,226.7689636230469
2024-10-17,228.58767449706036,229.61007963382912,223.32814657999265,223.49526977539062,3637700,226.1083251953125
2024-10-18,225.29432688637476,225.89401130408865,223.1315357899551,224.46853637695312,1763100,225.2176483154297
2024-10-21,222.47286600053476,222.5810063041879,218.64865344514436,221.853515625,2212200,223.10204467773437
2024-10-22,220.64434036892047,221.79455187939834,218.94360181076812,220.8212890625,1833700,222.85627136230468
2024-10-23,224.22275935411352,225.62856828539086,220.22158316373554,223.01356506347656,2492000,222.73043518066407
2024-10-24,224.8716097269902,226.4445419127108,223.57392604805298,225.7957000732422,2376100,223.19052124023438
2024-10-25,227.91916024708027,231.2223371347511,226.14959852141106,226.27740478515625,1733500,223.552294921875
2024-10-28,225.2550110919831,228.02731210206926,224.73397552979074,226.2479248046875,3403700,224.4311767578125
2024-10-29,225.8153545564954,231.87118141548305,225.1370213043356,231.2518310546875,2055900,226.51728515625
2024-10-30,226.87709805050196,229.04972961548356,225.9923246534243,226.22825622558594,2084400,227.16022338867188
2024-10-31,226.2675820089524,226.30689893633283,217.09536737190777,219.33680725097656,4258100,225.86844482421876
2024-11-01,220.0839449672997,222.76778648594825,219.22866305516723,221.66671752929688,2922800,224.94630737304686
2024-11-04,221.19485866137563,222.94475456539337,219.66124337477459,220.3985595703125,1599600,223.77643432617188
2024-11-05,215.60108596804307,215.60108596804307,211.67857337349844,213.92001342773438,3753400,220.31007080078126
2024-11-06,219.8971621711939,224.23258474905518,218.1865982974761,222.4237060546875,3615300,219.54916076660157
2024-11-07,225.7465592683234,226.3757351472365,221.9026806171071,223.9180145263672,2500600,220.46540222167968
2024-11-08,222.72846488968148,224.26208011391088,220.9589030922107,221.9813232421875,3426900,220.5283233642578
2024-11-11,220.06431346291998,221.20468444635247,214.72613639953926,216.74147033691406,3271700,219.79690551757812
2024-11-12,216.76112619739985,217.11503855527303,212.24873988433288,215.83702087402344,2593900,220.18030700683593
2024-11-13,213.1040382910255,213.99863717335896,208.8472644855248,209.24049377441406,4609800,217.54366455078124
2024-11-14,209.83035289285425,211.4032850505292,207.88384240989117,208.65065002441406,3214100,214.4901916503906
2024-11-15,205.23934713761668,206.8221198894363,201.92632938957968,202.8602752685547,3881000,210.66598205566407
2024-11-18,203.0273903772058,206.34039299231247,202.62432059296665,206.1044464111328,3774000,208.5385772705078
2024-11-19,204.18741970523342,207.25466514329167,203.3026463100783,206.87124633789062,2958600,206.74542236328125
2024-11-20,203.74501552960206,207.58889372915468,203.74501552960206,207.44142150878906,3072400,206.38560791015624
2024-11-21,208.69979741952108,211.37379865224273,206.49768934603466,210.34156799316406,2540600,206.72379150390626
2024-11-22,207.96248477692055,211.1182047048467,207.96248477692055,210.96090698242188,2695200,208.3439178466797
2024-11-25,214.0576569513038,221.19487277938657,212.3470778682111,219.79888916015625,7303600,211.0828063964844
2024-11-26,228.22392072450097,229.60025321154455,212.35687770041585,215.34547424316406,6568700,212.77765197753905
2024-11-27,215.61091736742,215.6895512250132,210.28256597096035,213.4972686767578,2943400,213.98882141113282
2024-11-29,215.4831162469176,217.95066235792345,213.82169470176083,214.36239624023438,1992600,214.79298706054686
2024-12-02,214.44104832170603,220.98840477450435,213.33997926298284,219.34664916992188,3240200,216.4701354980469
2024-12-03,217.83268214759522,219.55308647383467,216.23024360349118,217.79335021972656,2340500,216.06902770996095
2024-12-04,219.3368216728712,219.43513649888976,214.1756083223606,214.60816955566406,2635200,215.92156677246095
2024-12-05,213.55625436823857,215.67972856873675,210.24325179667622,210.9215850830078,2474800,215.40643005371095
2024-12-06,211.0985246699898,214.89324571634234,210.11543647146053,214.5098419189453,3189400,215.43591918945313
2024-12-09,213.21655391968116,220.69991670149062,212.41688319156822,216.24740600585938,2467200,214.81607055664062
2024-12-10,216.24740802360617,216.86938084649816,211.765296031901,212.86114501953125,2679400,213.82962951660156
2024-12-11,213.27578320781535,216.24740261032483,212.81177413953546,214.3518829345703,3839200,213.77837219238282
2024-12-12,212.4070026096862,215.94136226501288,211.90351012715075,214.94424438476562,2995000,214.58290405273436
2024-12-13,212.66370594174307,215.19106566857513,211.0248659405387,213.84840393066406,3067300,214.45061645507812
2024-12-16,212.17993758320233,215.01334252465526,210.93600701325383,213.55221557617188,3409800,213.9115783691406
2024-12-17,213.1375802585902,215.15156531569963,209.6525860473614,211.09397888183594,3240500,213.55814514160156
2024-12-18,212.41689203428848,216.1585660488299,204.61760144475625,205.12110900878906,4077400,211.7119903564453
2024-12-19,206.92776983979567,207.92488770603651,204.58797524381745,205.13096618652344,3941900,209.74933471679688
2024-12-20,203.65010682547305,210.6398447436,203.20584694994966,209.07998657226562,6604100,208.7956512451172
2024-12-23,209.22806051395057,212.83153507068468,208.85291544342024,212.15032958984375,2478500,208.51527404785156
2024-12-24,213.1869262218416,215.4279896092874,210.94586283439577,215.30950927734375,1063500,209.35838012695314
2024-12-26,212.64394939596045,216.27704017655827,212.64394939596045,215.2799072265625,1189000,211.3901397705078
2024-12-27,214.6579342165902,215.46748710344397,212.4958676185271,214.2235565185547,1926700,213.20865783691406
2024-12-30,211.518477574691,211.89363768803264,208.33952888861504,209.8500213623047,2578300,213.36266479492187
2024-12-31,211.27167186436958,211.81466281892742,208.37903424211413,209.75131225585938,1608800,212.882861328125
2025-01-02,212.74267413363972,214.48023006802237,207.0758492831654,208.65545654296875,2378700,211.55205078125
2025-01-03,210.04746619893623,213.35476226944738,207.71755380360403,212.6241912841797,2547200,211.02090759277343
2025-01-06,212.58471480108705,218.70566669725514,212.04172385275928,215.22067260742188,2490700,211.22033081054687
2025-01-07,216.98784975179325,217.4716080737193,211.56785242477875,213.11782836914062,3573100,211.87389221191407
2025-01-08,212.6538100559167,218.34038413821725,209.91913626640195,217.6295623779297,3096400,213.4495422363281
2025-01-10,214.76652983561607,216.57320058572265,209.08983780349624,209.66244506835938,4108500,213.65093994140625
2025-01-13,206.67107053957278,210.64968989832215,205.43700708923484,210.23504638671875,3960600,213.17311096191406
2025-01-14,210.44238181985503,212.0910888299409,208.8430252978229,211.9133758544922,1634600,212.51165161132812
2025-01-15,214.7270596533202,216.79041031226944,212.9500051123043,215.43788146972656,3302500,212.9756622314453
2025-01-16,215.51685268397597,215.51685268397597,209.99812432659937,212.27867126464844,3116000,211.90548400878907
2025-01-17,217.74803560719116,217.82701747947064,215.0627122066959,216.3658905029297,2871100,213.2461730957031
2025-01-21,216.4349805676635,220.79862713267875,216.3658808476599,218.62667846679688,4090900,214.92449951171875
2025-01-22,218.6266703008232,223.33586048271593,218.2811415852088,221.22314453125,2883300,216.7864532470703
2025-01-23,219.0512218043443,225.51770277279,218.70567798368964,225.43873596191406,2608000,218.7866241455078
2025-01-24,221.7562618899094,223.15815616771644,214.3617633053093,214.59869384765625,3929200,219.25062866210936
2025-01-27,214.62832112098286,218.00473216428472,210.91626348030707,212.67356872558594,7088000,218.5121643066406
2025-01-28,210.0968338030961,211.18281567501958,205.24942891044412,206.84878540039062,3748600,216.15658569335938
2025-01-29,206.86851740030565,209.1688134763492,206.3452757032068,207.2338104248047,2258500,213.3587188720703
2025-01-30,207.54972996513197,210.35353366568782,206.4341468128904,209.6920623779297,2976400,210.20938415527343
2025-01-31,209.01088545070078,214.84552656358323,208.00388535911466,209.18858337402344,3486400,209.1273620605469
2025-02-03,206.62170559011307,206.9771164674149,200.18484146067576,202.62335205078125,4483500,207.11731872558593
2025-02-04,201.99151749912374,205.69370795868062,201.4682757859798,203.38352966308594,4651500,206.424267578125
2025-02-05,202.81091753394827,207.86565169720154,201.55711990797388,207.12521362304688,4515700,206.40254821777344
2025-02-06,206.06886335711593,207.82616864497479,203.12686007559134,205.1803436279297,2715100,205.50020446777344
2025-02-07,205.03223025512742,206.87839941685917,201.1424749213541,202.59373474121094,3194700,204.18123474121094
2025-02-10,203.94625665689676,204.5682294344469,200.3822809357017,202.24818420410156,2820500,204.106201171875
2025-02-11,200.34280155619933,203.98575949017837,200.05650544683536,200.86605834960938,2335700,203.6027069091797
2025-02-12,198.44727183336718,202.78130211063407,198.23995760767002,202.51475524902344,2411500,202.680615234375
2025-02-13,202.37653460397954,206.9771116032818,202.37653460397954,206.6710662841797,3134900,202.978759765625
2025-02-14,208.5468708884762,212.40701018746458,207.94464727921297,211.8739013671875,3938600,204.8347930908203
2025-02-18,214.49998197557895,217.69866487339385,213.0191058001457,217.41236877441406,7400200,207.8676300048828
2025-02-19,227.08742688063197,239.41817938652613,221.2429041158578,238.5790252685547,9789600,215.41022338867188
2025-02-20,240.43505798658455,243.9496835584707,239.45768931626336,240.7115020751953,5889800,223.04957275390626
2025-02-21,241.80732887816876,242.9426763257564,234.72874251823268,235.8640899658203,6176500,228.88817749023437
2025-02-24,237.2166307908509,237.5720416960619,233.16889631840633,233.9685821533203,4778300,233.30711364746094
2025-02-25,235.29149395514065,235.29149395514065,231.39185615910282,232.3001251220703,4136800,236.2846649169922
2025-02-26,232.04341819012117,233.366345692631,228.87435160199104,230.7501220703125,2908200,234.71888427734376
2025-02-27,231.24374663151886,231.24374663151886,220.65054995032799,220.99609375,4480000,230.7758026123047
2025-02-28,223.10880459037696,227.18613998393002,220.20628494680457,227.1269073486328,4631200,229.0283660888672
2025-03-03,228.88422230466392,230.8488568236407,222.79288666444918,225.61642456054688,5000100,227.3579345703125
2025-03-04,228.51172995584648,229.48344093616996,222.00717457199698,224.2678985595703,4742400,225.7514892578125
2025-03-05,225.25945634142752,227.91680800000242,220.81733364342398,227.5301055908203,3927300,225.10748596191405
2025-03-06,223.7721371855566,226.93517195650386,220.17283479947366,220.88674926757812,4818700,225.0856170654297
2025-03-07,221.69980847617762,224.74386253471073,217.88236473141797,223.95062255859375,4062900,224.4503601074219
2025-03-10,218.3583076032914,219.28043831640284,211.3480686354326,214.43177795410156,4946600,222.21343078613282
2025-03-11,215.4927410265395,215.55223137875657,204.73445852664412,207.31248474121094,4225500,218.82234802246094
2025-03-12,207.31247068209132,211.18941975646007,203.8817143488862,204.87326049804688,3917700,214.29097900390624
2025-03-13,204.2585165267732,206.40025994286475,200.87734036476678,202.07711791992188,2625200,210.529052734375
2025-03-14,205.60702661567083,208.0759821721871,204.48657453555703,206.9852752685547,2614100,207.1359832763672
2025-03-17,205.9937184541393,211.56620313227916,205.6169260650116,209.89048767089844,2514500,206.22772521972655
2025-03-18,208.79979366836253,208.96835470118205,205.93422585084292,207.3917999267578,2657000,206.24358825683595
2025-03-19,207.42154150258278,211.22907508675894,206.33083468585826,208.1949462890625,2571900,206.90792541503907
2025-03-20,206.4101615453662,206.4101615453662,203.07856585494238,204.1593475341797,2775400,207.32437133789062
2025-03-21,201.34337453299617,203.5346983528549,199.5784234584507,202.6720428466797,5070200,206.46172485351562
2025-03-24,208.22469224802626,212.27020237013457,207.96689569482584,210.54490661621094,3458300,206.5926086425781
2025-03-25,209.1964032697703,212.81555580862525,209.1964032697703,211.77442932128906,2549800,207.46913452148436
2025-03-26,211.34805974272308,213.08326553742455,207.91731847274067,208.75021362304688,2453300,207.58018798828124
2025-03-27,206.91584858968616,209.21624297857633,204.13953140281035,207.1736602783203,2884800,208.18305053710938
2025-03-28,206.06313744590634,206.30109884956724,199.07273374727683,199.85604858398438,3521400,207.6198516845703
2025-03-31,198.53728947321858,200.80793872198527,195.13629330234895,199.96511840820312,3803700,205.50389404296874
2025-04-01,198.5670264421375,199.14212502439375,193.47047983915607,197.49615478515625,3383000,202.6482391357422
2025-04-02,194.10508605478793,200.58980692234385,194.10508605478793,197.9027099609375,2437500,200.4787384033203
2025-04-03,190.19839336195625,191.5667167866436,178.87492280001553,179.3508758544922,6970800,194.9141815185547
2025-04-04,173.13388341528585,174.9186696097813,162.75239344124796,163.20851135253906,9633900,187.5846740722656
2025-04-07,161.8203396636169,181.76033470194207,157.30880134821209,169.8915252685547,10236500,181.56995544433593
2025-04-08,173.89737011190826,177.7247388887481,160.46191663884284,164.68589782714844,7640300,175.00790405273438
2025-04-09,164.6462569440602,196.78227436314032,163.18868275409451,194.96774291992188,10941600,174.42091064453126
2025-04-10,188.02691848026194,188.02691848026194,169.48499167387783,176.85218811035156,8547900,173.92117309570312
2025-04-11,170.6748478632103,179.45002242991555,165.78651735528948,177.64541625976562,6528800,176.80855407714844
2025-04-14,181.710742498763,183.43603825120272,174.09567530825726,177.09014892578125,3912100,178.24827880859374
2025-04-15,177.09016080106525,180.92743982783557,176.56464251527274,178.02220153808594,3035900,180.91553955078126
2025-04-16,172.20181444181395,175.8606220793124,168.94954434843604,174.4427032470703,4392800,176.81053161621094
2025-04-17,176.38614613212224,176.8323388790107,172.11258459517478,174.77984619140625,3341200,176.39606323242188
2025-04-21,171.1904364084805,173.9866038082753,169.55439131611956,173.5106658935547,3650100,175.5691131591797
2025-04-22,175.2855366341488,177.67516661559543,173.72881696223743,176.99099731445312,3735000,175.54928283691407
2025-04-23,184.4176849016595,186.25203631086077,180.9373480241891,181.56202697753906,4323300,176.2572479248047
2025-04-24,191.10069383979024,195.85020858438222,189.43490349524302,193.57955932617188,5606700,180.084619140625
2025-04-25,191.31884159849164,194.70992788146836,190.0694987983828,192.94497680664062,3206800,183.71764526367187
2025-04-28,191.72536394821188,194.70991240954623,188.3441879494585,192.0823211669922,3401400,187.43197631835938
2025-04-29,189.88109152731317,193.17303207353422,188.75072949886973,191.04119873046875,3939800,190.2420166015625
2025-04-30,185.96449552130716,193.68863387373509,185.151420363265,193.27218627929688,4415400,192.58404846191405
2025-05-01,195.17594159661888,195.50315364347415,191.80469072019648,192.10215759277344,3439500,192.28856811523437
2025-05-02,196.1873388143098,198.02170540239914,195.48333432980456,196.91116333007812,3795900,193.08180541992186
2025-05-05,194.50169810376764,198.03160000764643,193.9365095310599,196.0485076904297,2022700,193.8750427246094
2025-05-06,193.24243719535215,195.73121269623445,192.61775825143027,193.94644165039062,2535500,194.45609130859376
2025-05-07,194.96772039254247,199.02314043328155,194.035664609532,198.17041015625,2965700,195.43573608398438
2025-05-08,200.55012660899675,204.29816999057718,199.26112866797672,201.06573486328125,3422400,197.22845153808595
2025-05-09,205.4880307361232,208.36350853548566,204.54604978445522,205.7557373046875,3537500,198.99736633300782
2025-05-12,220.98588757302537,223.58374879737403,217.2477694477534,221.26351928710938,6358100,204.04036865234374
2025-05-13,220.0935129674869,225.15040467945434,218.3880522795964,224.76368713378906,4373500,210.20381774902344
2025-05-14,225.71557159601596,226.40965089539912,222.11625412449428,224.9025115966797,4648400,215.55023803710938
2025-05-15,222.53270475169774,226.86577190179077,222.11625716636462,225.19996643066406,3044800,220.37708435058593
2025-05-16,225.23962855155935,225.8742174865554,223.62340347485957,225.19004821777344,3617900,224.26394653320312
2025-05-19,221.74939910951628,224.89259885491222,221.184225623775,222.64178466796875,3974200,224.539599609375
2025-05-20,220.44055545309575,222.70127954801546,220.0538379157442,222.5922088623047,2619200,224.1053039550781
2025-05-21,220.71819254807494,225.4676922400965,219.45892462417578,220.34140014648438,5091100,223.19308166503907
2025-05-22,219.58781535582156,222.50294830548836,209.5831032802346,210.13836669921875,8968300,220.18076171875
2025-05-23,207.21332554359077,209.25590834316367,204.25852203400447,208.69073486328125,4848100,216.88089904785156
2025-05-27,213.3311616622883,216.02816857187074,210.931621642547,215.05645751953125,5542200,215.36383361816405
2025-05-28,215.77036249934804,216.34546109309807,213.6385442873419,213.79718017578125,3853900,213.60482788085938
2025-05-29,216.21657108253478,216.65285384972705,212.19089576128874,213.9261016845703,3800200,212.32176818847657
2025-05-30,213.4600641076176,214.01532755724293,209.01794138082062,212.17105102539062,10923400,212.72830505371093
2025-06-02,210.60441257333778,214.3722912620838,210.4259415147704,213.62863159179688,2233700,213.71588439941405
2025-06-03,212.22062276115187,217.03953768910986,211.24891176368524,216.5834197998047,3515800,214.02127685546876
2025-06-04,218.9640141954023,220.31865728538253,216.47386257401806,217.63925170898438,4199200,214.78969116210936
2025-06-05,218.93413728923113,221.71313985820925,216.16508985538212,217.18106079101562,3496200,215.44068298339843
2025-06-06,219.810667464285,224.46228429719656,219.76087658834604,221.3844451904297,3246000,217.28336181640626
2025-06-09,222.93829913541936,228.27716956060502,222.52991062644415,226.76316833496094,4110600,219.91026916503907
2025-06-10,227.3707719642027,233.83519594462493,227.11178646447922,232.42079162597656,4164800,223.07774353027344
2025-06-11,233.16784425931206,235.18984625265855,229.36290031075364,231.6239471435547,3311800,225.8746826171875
2025-06-12,230.6179247785827,232.81922553781874,229.94061082108215,231.20559692382812,2144000,228.67958984375
2025-06-13,226.66355636835505,228.03812491247464,223.49609083464537,224.14352416992188,3349600,229.23140563964844
2025-06-16,227.23133042379337,231.00639375729742,226.6038073245478,230.88687133789062,3344900,230.05614624023437
2025-06-17,228.2970981392377,230.7772946314239,226.4145441170441,226.54403686523438,2726500,228.88079528808595
2025-06-18,229.51230179557118,232.16182687206972,227.93852408544078,228.74533081054688,2551500,228.30507202148436
2025-06-20,230.8370548306044,231.1059954607945,224.68140733048767,227.45045471191406,5316100,227.55404357910157
2025-06-23,227.29108110492538,230.39878545498658,225.80694527175933,230.07008361816406,3573500,228.73935546875
2025-06-24,232.98855951346948,234.68185964577333,232.29132007060085,234.05433654785156,3636100,229.3728485107422
2025-06-25,234.67189760500486,235.5185400469037,230.70756523465673,233.75550842285156,3548600,230.8151428222656
2025-06-26,235.10020253041156,237.28157786481617,234.1738733876808,236.36520385742188,3057800,232.33911743164063
2025-06-27,236.06638603357203,238.12823897910513,234.01450342219985,236.02655029296875,3617800,234.05433654785156
2025-06-30,236.60424687464774,237.7298003048883,234.73166313423982,237.08236694335938,3258700,235.45679321289063
2025-07-01,235.6081771558798,240.85742098559547,234.89102747768902,239.69203186035156,3500600,236.58433227539064
2025-07-02,239.52270853532062,244.4731312398728,239.08443941238312,244.18426513671875,3538300,238.67008361816406
2025-07-03,244.8715468137699,245.57875656345544,243.2180824852944,244.71217346191406,1837400,240.3394775390625
2025-07-07,243.84560380676612,244.34363412872713,239.4131369810489,240.857421875,2783400,241.30565185546874
2025-07-08,242.64038327002464,246.7541034677509,241.70408381623625,244.18426513671875,3964200,242.7260314941406
2025-07-09,244.6225288944883,245.94729136933796,240.05061420523347,241.7638397216797,3339000,243.14039306640626
2025-07-10,243.81572510942232,244.77195002248183,241.26581227283611,244.1643524169922,2428200,243.13641052246095
2025-07-11,242.4013180873059,244.81178301354677,241.05663014311884,243.7161102294922,2037700,242.93719787597655
2025-07-14,242.17222895016374,243.16828959297453,240.47891369844203,242.5009307861328,2045400,243.26589965820312
2025-07-15,244.0249048705852,244.79186063041075,239.32349737213414,239.472900390625,3001700,242.32362670898436
2025-07-16,238.80554237889095,240.06057333446708,235.34921068518742,239.6621551513672,2842100,241.90328979492188
2025-07-17,238.99479543796073,240.9371106709682,238.13818266870112,240.02073669433594,2830800,241.07456665039064
2025-07-18,242.08257725610812,242.64038399521908,239.8812916984286,240.89727783203125,2761600,240.51080017089845
2025-07-21,242.37144809666592,244.75203252382354,239.40319151354637,239.5326690673828,2997800,239.91714782714843
2025-07-22,237.84931370425838,240.4490325844208,233.07818992274582,234.57228088378906,6027500,238.93702392578126
2025-07-23,229.86092417836494,231.5841048751389,221.1254678807778,227.1815185546875,7845200,236.4408966064453
2025-07-24,227.56998977904857,227.56998977904857,222.87853718567902,225.47825622558594,4771000,233.53240051269532
2025-07-25,225.747186907039,227.74926335796906,224.2929316590311,226.92254638671875,2695600,230.73745422363282
2025-07-28,228.00825789135823,230.1298568417349,227.95845181675182,229.86093139648438,3136200,228.80310668945313
2025-07-29,231.06615380677653,231.72355750757285,228.2373451047001,229.84100341796875,2174200,227.85685119628906
2025-07-30,230.91674986829548,231.28528745727561,228.1975084604597,230.1995849609375,2324100,228.46046447753906
2025-07-31,227.38073261887837,228.8748236507347,221.49401030568131,223.7451171875,5339800,228.11383666992188
2025-08-01,221.48405752004217,222.2809091185553,217.98788993993247,220.8366241455078,3740500,226.8966522216797
2025-08-04,220.54774483442185,222.64943339038155,219.73098301386287,221.5238800048828,2848100,225.22924194335937
2025-08-05,222.10159618728133,224.1933296007296,218.52574215449945,219.81065368652344,3099000,223.22317199707032
2025-08-06,219.81066260065907,220.29873780323803,217.5097648717635,219.8206329345703,2547300,221.1473815917969
2025-08-07,222.22114807867436,224.75113556731057,221.3147291946878,222.24105834960938,2522000,220.84656982421876
2025-08-08,222.18128617041015,224.05388505609878,220.27880668111408,223.06777954101562,3078200,221.2928009033203
2025-08-11,224.11364600264275,227.42057465235894,222.55979382214647,223.18731689453125,3479200,221.62548828125
2025-08-12,225.5878205297493,233.36705207700422,224.54195376683845,231.12591552734375,4979300,223.88854064941407
2025-08-13,232.05226218786441,237.3313869306156,231.20560451451257,236.69390869140625,3804700,227.26319580078126
2025-08-14,233.93480726848173,235.93688372401016,232.05225322860295,235.2794952392578,2182100,229.87088317871093
2025-08-15,236.2755650795093,236.2755650795093,230.12985719230122,230.71754455566406,3826400,231.4008361816406
2025-08-18,229.59198117201865,233.1180292062871,229.59198117201865,230.63784790039062,2260100,232.8909423828125
2025-08-19,230.72749634413555,233.2973347339259,228.90470346770238,229.5322265625,4569000,232.57220458984375
2025-08-20,238.7457781505788,244.43327591556812,227.2113940712256,243.90536499023438,8529000,234.01449584960938
2025-08-21,243.03879699322454,249.1944444741623,242.5308115366075,245.9771728515625,5991800,236.1540313720703
2025-08-22,248.19838972223627,256.1967556628205,247.24217999312083,251.2064971923828,4990800,240.25182189941407
2025-08-25,251.6447694564546,254.26441390707052,250.27020085519155,253.48748779296875,3419100,244.82174987792968
2025-08-26,252.99941729728127,256.704764309813,252.69064091268365,254.6230010986328,5735100,249.83990478515625
2025-08-27,253.58708090356637,255.24054525416426,251.87385534489283,254.49349975585938,3347400,251.95753173828126
2025-08-28,255.86807280140786,257.1131486536435,253.1687416663419,253.24842834472656,4038100,253.41178283691406
2025-08-29,252.06311351606553,253.2484281583101,249.5331260736042,250.32000732421875,3599000,253.23448486328124
2025-09-02,246.5,248.52000427246094,243.8300018310547,248.32000732421875,3115700,252.20098876953125
2025-09-03,248.32000732421875,248.8699951171875,241.92999267578125,244.5500030517578,3024500,250.18638916015624
2025-09-04,243.00999450683594,246.32000732421875,239.5800018310547,246.11000061035156,3574700,248.5096893310547
2025-09-05,246.22000122070312,249.72999572753906,245.3800048828125,247.07000732421875,2166100,247.2740051269531
2025-09-08,248.0500030517578,249.42999267578125,246.63999938964844,248.97999572753906,2417900,247.0060028076172
2025-09-09,248.11000061035156,249.32000732421875,246.52000427246094,248.17999267578125,2154600,246.97799987792968
2025-09-10,248.3000030517578,249.0500030517578,245.8699951171875,247.2100067138672,2474500,247.51000061035157
2025-09-11,247.75999450683594,250.0,246.49000549316406,248.24000549316406,2244700,247.93600158691407
2025-09-12,247.6199951171875,248.22999572753906,244.97999572753906,245.2100067138672,2110000,247.56400146484376
2025-09-15,239.4199981689453,246.97000122070312,238.77999877929688,244.91000366210938,2333100,246.7500030517578
2025-09-16,242.9499969482422,247.32000732421875,242.22000122070312,244.10000610351562,2913800,245.9340057373047
2025-09-17,244.11000061035156,250.1999969482422,244.11000061035156,246.32000732421875,2617600,245.756005859375
2025-09-18,251.08999633789062,252.0,248.27999877929688,249.0500030517578,3129900,245.91800537109376
2025-09-19,249.9499969482422,249.9499969482422,243.5800018310547,245.3300018310547,5182600,245.94200439453124
2025-09-22,245.61000061035156,249.0399932861328,245.5800018310547,247.33999633789062,2167300,246.4280029296875
2025-09-23,248.3699951171875,250.36000061035156,246.3300018310547,246.77999877929688,2085700,246.96400146484376
2025-09-24,247.0500030517578,249.82000732421875,246.6999969482422,248.61000061035156,2479000,247.4220001220703
2025-09-25,247.57000732421875,248.3300018310547,243.52000427246094,247.52999877929688,2410900,247.1179992675781
2025-09-26,248.7100067138672,249.41000366210938,245.75999450683594,247.55999755859375,2648500,247.56399841308593
2025-09-29,249.3300018310547,249.5,243.85000610351562,244.7899932861328,3296300,247.0539978027344
2025-09-30,245.80999755859375,247.1999969482422,243.07000732421875,245.6999969482422,2507800,246.83799743652344
2025-10-01,243.7100067138672,245.58999633789062,236.22000122070312,239.27999877929688,4916300,244.9719970703125
2025-10-02,242.1300048828125,243.97000122070312,240.44000244140625,241.6699981689453,2774100,243.79999694824218
2025-10-03,242.0500030517578,246.1999969482422,241.58999633789062,241.99000549316406,2118500,242.68599853515624
2025-10-06,245.00999450683594,245.00999450683594,238.9199981689453,242.5,4021200,242.22799987792968
2025-10-07,243.38999938964844,243.38999938964844,233.02999877929688,233.75,3397800,239.83800048828124
2025-10-08,233.8000030517578,239.36000061035156,233.8000030517578,237.92999267578125,4017900,239.56799926757813
2025-10-09,236.83999633789062,238.38999938964844,235.10000610351562,237.8800048828125,3069200,238.81000061035155
2025-10-10,237.74000549316406,239.0399932861328,224.7100067138672,225.32000732421875,4425100,235.4760009765625
2025-10-13,228.32000732421875,235.82000732421875,226.9600067138672,234.6699981689453,4609900,233.91000061035157
2025-10-14,231.14999389648438,238.77999877929688,229.1300048828125,235.39999389648438,3431200,234.23999938964843
2025-10-15,238.19000244140625,238.8000030517578,234.9600067138672,238.14999389648438,2773700,234.28399963378905
2025-10-16,240.3300018310547,244.22999572753906,238.52000427246094,241.61000061035156,2898700,235.02999877929688
2025-10-17,241.77000427246094,243.5399932861328,238.58999633789062,242.8699951171875,2401200,238.5399963378906
2025-10-20,242.8699951171875,246.83999633789062,242.8699951171875,246.22000122070312,2759700,240.8499969482422
2025-10-21,247.83999633789062,248.8300018310547,245.61000061035156,246.3699951171875,2361300,243.04399719238282
2025-10-22,240.5399932861328,241.63999938964844,236.91000366210938,240.36000061035156,5270800,243.48599853515626
2025-10-23,237.3000030517578,244.9499969482422,237.25999450683594,243.2899932861328,2774900,243.8219970703125
2025-10-24,245.4499969482422,245.50999450683594,236.6300048828125,238.00999450683594,3489000,242.8499969482422
2025-10-27,239.6999969482422,244.11000061035156,238.35000610351562,243.00999450683594,3506200,242.20799560546874
2025-10-28,241.50999450683594,243.67999267578125,238.83999633789062,239.35000610351562,2421000,240.8039978027344
2025-10-29,239.75999450683594,241.91000366210938,234.52000427246094,235.0399932861328,3438500,239.73999633789063
2025-10-30,235.0399932861328,236.6300048828125,232.82000732421875,232.89999389648438,2940400,237.66199645996093
2025-10-31,232.89999389648438,235.6300048828125,231.5399932861328,234.1300048828125,2698100,236.88599853515626
2025-11-03,234.9499969482422,237.0,232.61000061035156,233.61000061035156,2266900,235.00599975585936
2025-11-04,233.00999450683594,233.77999877929688,228.75999450683594,229.3800048828125,3956600,233.01199951171876
2025-11-05,230.08999633789062,238.47999572753906,230.08999633789062,236.0,2971900,233.2040008544922
2025-11-06,235.19000244140625,237.0399932861328,231.1999969482422,232.8800048828125,3126800,233.20000305175782
2025-11-07,229.39999389648438,230.80999755859375,223.47000122070312,228.47999572753906,4583600,232.07000122070312
2025-11-10,231.86000061035156,233.22999572753906,228.3300018310547,232.0,3264100,231.7480010986328
2025-11-11,231.50999450683594,235.0,231.44000244140625,233.41000366210938,3159900,232.5540008544922
2025-11-12,236.9199981689453,242.0,235.83999633789062,241.44000244140625,4677300,233.64200134277343
2025-11-13,239.63999938964844,241.32000732421875,235.44000244140625,237.52999877929688,4897200,234.5720001220703
2025-11-14,234.19000244140625,237.0500030517578,230.42999267578125,234.88999938964844,3319600,235.8540008544922
2025-11-17,233.02999877929688,234.22000122070312,227.77999877929688,229.94000244140625,3885000,235.44200134277344
2025-11-18,229.85000610351562,232.35000610351562,227.72000122070312,230.1300048828125,3953400,234.78600158691407
2025-11-19,229.5399932861328,234.39999389648438,229.3300018310547,232.1999969482422,2790300,232.93800048828126
2025-11-20,234.2899932861328,235.27999877929688,224.25,225.1999969482422,4316600,230.4720001220703
2025-11-21,225.6300048828125,234.52999877929688,225.0,232.32000732421875,4467200,229.95800170898437
2025-11-24,233.64999389648438,240.75999450683594,233.25,239.39999389648438,8219900,231.85
2025-11-25,230.60000610351562,252.47999572753906,229.2899932861328,252.02000427246094,7515100,236.22799987792968
2025-11-26,255.22000122070312,260.739990234375,252.9199981689453,257.9200134277344,5253100,241.37200317382812
2025-11-28,259.3599853515625,265.75,258.0400085449219,265.3399963378906,2589700,249.4000030517578
