Date,Open,High,Low,Close,Volume,MA5
2021-01-08,92.2116651426647,93.6577115652101,90.86138178713308,91.51258087158203,9059700,87.60921173095703
2021-01-11,90.61237459080799,94.13650856319809,90.19100844322548,93.81090545654297,8357500,89.73326721191407
2021-01-12,94.35677558924465,96.59766904255363,94.04075093581281,95.77409362792969,7186100,91.72708129882812
2021-01-13,96.23375918572141,96.23375918572141,93.81091812250347,93.89710998535156,5310000,93.10991973876953
2021-01-14,98.47465556288323,102.08497467489819,98.35015701354462,101.31886291503906,11663000,95.26271057128906
2021-01-15,100.7059854198481,100.95496794269765,96.86582563854627,98.77153778076172,8981200,96.714501953125
2021-01-19,100.64849388134029,104.93874694513784,99.96856676862107,104.593994140625,9362200,98.87111968994141
2021-01-20,105.44631197091918,106.18369554907991,100.70597122470022,103.27245330810547,9926000,100.37079162597657
2021-01-21,104.48867238303055,104.65147031980334,101.76895611097315,103.39695739746094,7271400,102.27076110839843
2021-01-22,103.47358243660545,105.10157660039695,101.7498178933228,101.82643127441406,6207600,102.37227478027344
2021-01-25,102.95643188365433,105.43672930940508,102.46803081253543,103.54059600830078,8437500,103.32608642578126
2021-01-26,104.23967682381361,104.28756200551784,100.81130531137373,101.06029510498047,6029800,102.61934661865234
2021-01-27,97.7755629846882,99.65254649886876,93.92583290783612,94.40465545654297,9782700,100.84578704833984
2021-01-28,96.90410562921502,98.97261515251587,95.7357774909956,96.86579895019531,7433000,99.53955535888672
2021-01-29,95.9847955485203,96.2050498850013,92.00098743103767,92.58515167236328,7943400,97.69129943847656
2021-02-01,95.04627995588957,97.82345231761444,93.54277738133115,96.92326354980469,9083600,96.36783294677734
2021-02-02,98.6278604223112,99.53762759220326,97.4595323068983,99.20244598388672,5108600,95.99626312255859
2021-02-03,99.90155614544378,99.98774802061014,95.59215234972271,95.6400375366211,5399200,96.24333953857422
2021-02-04,95.96562294561335,99.33653808246694,95.96562294561335,98.8672866821289,6356300,96.64363708496094
2021-02-05,100.41869543757939,100.74429136077035,96.42531594430056,96.44446563720703,6349300,97.41549987792969
2021-02-08,97.53616075796556,101.7498010387012,97.44997619820478,101.69234466552734,6621400,98.36931610107422
2021-02-09,101.71149613675934,102.81278958149113,100.34206320418043,100.9166488647461,5769200,98.7121566772461
2021-02-10,102.41057853096036,103.61720620484321,100.58147271866109,101.39546966552734,5001700,99.86324310302734
2021-02-11,102.87981472106907,109.45883927374369,102.74574498982845,108.21389770507812,12147100,101.7325653076172
2021-02-12,108.2138879565526,112.82973669041388,106.95937531027806,111.75717163085938,8157500,104.79510650634765
2021-02-16,113.49051461471883,115.99953991872528,112.70524598192837,113.33728790283203,9260100,107.1240951538086
2021-02-17,111.52735404557406,112.10193967820463,107.34244208155562,110.80912017822266,7225200,109.1025894165039
2021-02-18,109.1715594090922,110.73251854933936,107.67763514465311,108.62570190429688,8239600,110.54863586425782
2021-02-19,116.45920672510897,119.22680013572736,113.86398970332243,114.4002685546875,21054100,111.7859100341797
2021-02-22,112.97340252221652,114.79292981690874,109.76529264555683,110.34945678710938,7850600,111.50436706542969
2021-02-23,108.07984155360023,112.8106113414272,106.00175315201554,111.22091674804688,9387900,111.08109283447266
2021-02-24,110.38617921781972,118.03309027908477,109.78171307216515,117.83160400390625,10098100,112.48558959960937
2021-02-25,116.25808417856048,116.30606023771945,108.99495242109789,109.31157684326172,11352800,112.62276458740234
2021-02-26,111.80617619622357,115.37537825825942,108.84144026025047,113.39888763427734,11626500,112.42248840332032
2021-03-01,116.26767919570968,117.51498351485948,114.61740233780148,117.29430389404297,7003000,113.81145782470703
2021-03-02,116.90092659979028,116.9680960130858,112.48739984219675,112.73686218261719,6505000,114.1146469116211
2021-03-03,113.48524651973912,114.99160265976158,110.43415485343716,110.7603759765625,7257100,112.70040130615234
2021-03-04,110.66443341213332,111.76781707196676,102.78724487524737,103.85224914550781,12433400,111.60853576660156
2021-03-05,107.06644243922604,109.70496494456191,101.36723880538196,108.85104370117188,9962700,110.69896697998047
2021-03-08,108.22739607844268,109.49388655654678,101.2233154021867,101.3960189819336,12091500,107.5193099975586
2021-03-09,105.79035715646498,110.29023214841054,104.9748153424115,109.58982849121094,12040800,106.88990325927735
2021-03-10,111.1058008954795,111.77742196205304,108.01632934900003,108.11227416992188,8820300,106.36028289794922
2021-03-11,112.50660759737974,113.07268712374572,110.9522752590208,112.43944549560547,7715500,108.07772216796874
2021-03-12,109.9064371030083,111.72941007652894,108.73589163066802,109.65697479248047,7426000,108.23890838623046
2021-03-15,109.983194958443,110.75076796478541,108.51521835492292,110.22306060791016,7061200,110.00431671142579
2021-03-16,112.28590836849865,116.35402779582346,112.18036689551523,113.69631958007812,10383000,110.82561492919922
2021-03-17,111.47996810179225,116.2293053106652,110.24226039981684,115.0395736694336,8342600,112.21107482910156
2021-03-18,113.08229397842575,113.96499805836405,109.48430823073306,109.64741516113281,9040500,111.65266876220703
2021-03-19,109.86808505965094,112.31471075818708,107.59415563431303,110.20389556884766,13044700,111.76205291748047
2021-03-22,112.83281727146193,116.55553740441417,112.22835837776496,114.49269104003906,11318700,112.61597900390625
2021-03-23,115.0395824923848,115.32741691856576,110.87551044853235,111.66226959228516,8263800,112.20916900634765
2021-03-24,117.67810336262177,120.70041237642623,115.53849828906738,116.19093322753906,20252500,112.43944091796875
2021-03-25,113.94578382040224,115.59606071278768,111.50874786538176,114.86686706542969,10381600,113.48333129882812
2021-03-26,114.81888926168261,123.75148385567259,114.33915795467789,123.4252700805664,14037000,116.12760620117187
2021-03-29,121.89013122144085,122.64810756404742,118.46484998618668,120.61404418945312,10539600,117.35187683105468
2021-03-30,119.8272926447715,122.7152773401207,118.83904726280544,121.62149047851562,7970900,119.34372100830078
2021-03-31,124.70138000604628,130.00720806431534,123.77069992838878,128.18423461914062,18589500,121.7423812866211
2021-04-01,132.54016893012988,136.58910245516694,131.63827170319203,135.7831573486328,15929200,125.92563934326172
2021-04-05,139.60180961447693,140.08154091899402,135.99423547499384,137.25112915039062,14377400,128.69081115722656
2021-04-06,138.04750222476034,139.40993754401333,131.39841789546531,133.8834228515625,18004800,131.34468688964844
2021-04-07,134.5646533066906,136.11897830706752,131.27370303745,133.49964904785156,13702700,133.72031860351564
2021-04-08,134.91004376683094,135.93666118913862,132.60733926352836,133.7011260986328,10238000,134.82369689941407
2021-04-09,132.71286653375532,134.49745281662078,131.9165108628845,133.27894592285156,9637200,134.3228546142578
2021-04-12,132.23317326673617,133.10627330890858,129.05733902543886,129.52748107910156,11147500,132.778125
2021-04-13,131.0914052372202,131.43681242605635,127.8004402657756,129.62342834472656,8034300,131.9261260986328
2021-04-14,129.21084562468045,131.58071976710573,127.83882093182349,128.70233154296875,8134200,130.96666259765624
2021-04-15,130.4869221248916,130.6212463120577,127.46462059353544,128.9613800048828,8269400,130.01871337890626
2021-04-16,128.0882723770953,129.27801141348104,127.61813037653599,128.30894470214844,7686300,129.02471313476562
2021-04-19,127.98270164813788,129.79608517844255,123.48282020324662,125.58404541015625,12826400,128.23602600097655
2021-04-20,124.1352954787918,126.33245873810708,123.10866330733167,123.37731170654297,7583300,126.98680267333984
2021-04-21,124.86450353087368,129.68101147726574,123.770716390244,129.57546997070312,12108800,127.16143035888672
2021-04-22,129.30676042931808,130.2374401910255,125.16187555570531,126.4091796875,11483500,126.65099029541015
2021-04-23,128.07866835798592,129.69055850639296,127.3686607600995,129.39312744140625,8079100,126.86782684326172
2021-04-26,129.36434853786315,133.04868153417544,128.75988239432016,131.73422241210938,7927200,128.09786224365234
2021-04-27,132.5497495771296,132.64570169122894,130.0551556531547,131.23529052734375,5767400,129.6694580078125
2021-04-28,131.10101628913304,131.36966474265697,129.11493560484968,130.1895294189453,6172700,129.79226989746093
2021-04-29,131.6862583497043,132.02207615787577,127.69488991994656,129.9016571044922,6668400,130.4907653808594
2021-04-30,126.64907442933615,128.95177901741042,126.07339096219822,127.3302993774414,8691800,130.0781997680664
2021-05-03,128.80788751866717,130.11275757932626,126.36125432490124,127.46464538574219,7750200,129.22428436279296
2021-05-04,124.72054333898242,125.38256020702137,120.23984762429708,123.50202178955078,14199100,127.67763061523438
2021-05-05,126.39002100413003,127.14800475744799,123.54041553201444,125.00839233398438,7276600,126.64140319824219
2021-05-06,124.3847336539536,126.5435245521256,122.58094656094603,126.39000701904297,7270500,125.93907318115234
2021-05-07,127.1767600932798,128.66392992895518,126.30364568546722,127.56053924560547,7524800,125.98512115478516
2021-05-10,126.57230157746592,126.57230157746592,119.46268767844604,119.63539123535156,10471500,124.41927032470703
2021-05-11,115.13551545744316,119.29957975283027,112.85199703611336,118.54161071777344,15287800,123.42718811035157
2021-05-12,114.49267356049697,116.10457101772109,109.75292598458775,110.22306060791016,18648200,120.47012176513672
2021-05-13,113.68671460933332,116.54591620678862,113.11103854786639,115.05874633789062,14228000,118.20386962890625
2021-05-14,116.94889950727804,120.70040190815469,115.38497805398688,119.76972198486328,12422300,116.64570617675781
2021-05-17,117.054457651427,118.60878997023833,115.49053597542573,118.5608139038086,9379000,116.43079071044922
2021-05-18,120.25904084218179,120.30701690105582,116.75700814794327,116.87213897705078,7536700,116.09689636230469
2021-05-19,113.61956740124693,120.00959228454428,113.01510855557795,119.7409439086914,10424200,118.00047302246094
2021-05-20,121.66949055837757,125.37301801566262,120.16313406658908,125.0276107788086,18239800,119.99424591064454
2021-05-21,124.58622851071166,125.39217360721919,121.87094018761427,123.44446563720703,14252400,120.72919464111328
2021-05-24,124.91244088352185,130.13191988056852,124.33675745522729,129.12448120117188,11405600,122.84192810058593
2021-05-25,130.9186630709317,133.50920904869045,130.4293424369869,131.9261016845703,12721000,125.85272064208985
2021-05-26,132.6085204832709,133.5696607261498,130.91691893550504,131.58009338378906,10577900,128.22055053710938
2021-05-27,130.65740711694784,132.81997266596528,130.56128722621256,132.46435546875,10623400,129.70789947509766
2021-05-28,133.76186255077343,134.04060138554226,132.46433224831625,132.7622833251953,7186300,131.57146301269532
2021-06-01,133.59849723954045,136.59725018235306,131.92610789367524,132.83920288085938,8839300,132.3144073486328
2021-06-02,132.6854068871486,134.9056383916377,131.59931377345103,133.60809326171875,6401200,132.6508056640625
2021-06-03,132.06062871935927,132.66615160594083,129.8403976896701,131.0802764892578,8191900,132.55084228515625
2021-06-04,132.37785408666744,135.3766219013195,132.2721280633009,134.4154815673828,6662800,132.94106750488282
2021-06-07,134.04065098061213,134.2617091733408,132.81999852662156,133.56968688964844,5943100,133.10254821777343
2021-06-08,134.88645655458743,135.28052768612133,129.98464872034944,130.58055114746094,8129200,132.65081787109375
2021-06-09,131.5320619942039,132.12796431464898,129.3406631822934,129.41754150390625,6887800,131.81270751953124
2021-06-10,130.5900924498821,132.80071747349385,130.04225025370064,131.82997131347656,6163000,131.962646484375
2021-06-11,131.6089462267061,131.82039828523273,129.97501050105015,131.50323486328125,6077700,131.38019714355468
2021-06-14,131.4839658063365,134.12710102491263,130.47476578971342,133.62730407714844,6062900,131.3917205810547
2021-06-15,133.7234818226599,135.1459656494655,132.82961353567038,133.2525177001953,6059300,131.92611389160157
2021-06-16,134.08866599029759,134.83835418403382,130.75350827408116,131.656982421875,8030400,132.3740020751953
2021-06-17,131.2437281898626,133.26211428628784,129.80201754991353,131.9838104248047,7690300,132.40476989746094
2021-06-18,129.99424366727675,130.9649902256815,125.55377955633183,126.13045501708984,13258400,131.33021392822266
2021-06-21,126.09200101217843,128.38912579189062,125.25581362628374,127.87972259521484,5984000,130.18069763183593
2021-06-22,127.65867528032733,129.21571803907324,126.48608281618775,128.25457763671875,5680900,129.1811096191406
2021-06-23,129.08116201105497,130.91694374261183,129.06193509611998,130.23452758789062,6327400,128.89661865234376
2021-06-24,131.67622130741097,133.08909872390345,131.39749707294027,132.8872528076172,6374100,129.07730712890626
2021-06-25,133.3197517558953,133.80032181321968,130.11915341421488,130.89767456054688,7276700,130.03075103759767
2021-06-28,133.3870430233231,135.92445270242675,132.57006794264134,135.51116943359375,6984400,131.55704040527343
2021-06-29,134.99216698665373,137.2412320151784,134.93450090887185,136.40504455566406,5340500,133.1871337890625
2021-06-30,136.47230717528416,137.09704246136982,134.62691968495898,136.86636352539062,5963400,134.5135009765625
2021-07-01,136.19360171497235,136.66456582514456,132.24331379521345,132.58932495117188,7693500,134.45391540527345
2021-07-02,134.49237625153756,135.0594602635926,132.17603891096329,132.79116821289062,5299600,134.83261413574218
2021-07-06,133.86760263904316,135.62649092232454,129.58092566377977,131.46475219726562,7432600,134.02333068847656
2021-07-07,133.12754818432745,133.34862103018486,128.81203728273385,129.62899780273438,5956800,132.66812133789062
2021-07-08,126.52452942584931,129.16766568788464,124.67914150461995,127.37994384765625,7770900,130.77083740234374
2021-07-09,128.2353230147866,130.11916424933406,126.95700479595712,129.65780639648438,5762900,130.18453369140624
2021-07-12,130.70547224827183,131.7050516887319,129.43676003624194,131.48399353027344,5459600,129.9230987548828
2021-07-13,130.7150654715049,131.64737262644348,129.5136402373918,130.99378967285156,4950600,129.82890625
2021-07-14,132.8199975163652,134.44432717918147,130.14802831136956,130.37869262695312,5982300,129.97884521484374
2021-07-15,129.73470849850574,130.64778881452125,126.48606438470846,128.0238800048828,7057900,130.10763244628907
2021-07-16,128.79280306042423,129.35987233021766,122.94906814673733,123.19895935058594,8190600,128.81586303710938
2021-07-19,120.32516745869135,123.71799185332839,119.06606856467049,123.62187194824219,8934000,127.24343872070312
2021-07-20,124.17931978333878,127.94698787675654,122.83372927348839,126.84168243408203,7417600,126.41301727294922
2021-07-21,127.65865997158909,132.89687160309066,127.3799210754628,132.63735961914062,6434100,126.86475067138672
2021-07-22,131.67621444083508,133.35820988077276,131.0706913893899,131.84921264648438,5564000,127.62981719970703
2021-07-23,132.58930068599753,133.59850092833582,131.22448322778118,133.05064392089844,4345600,129.60015411376952
2021-07-26,132.85842402337758,134.44431437112718,132.09912961385209,133.0987091064453,4638200,131.49552154541016
2021-07-27,132.28172968737218,132.28172968737218,126.46682857636925,129.65780639648438,6344100,132.05874633789062
2021-07-28,130.35946358269382,132.52202925770422,129.75394050062303,131.87806701660156,5041900,131.90688781738282
2021-07-29,130.1480044597421,132.50279513341968,128.321829189626,132.1567840576172,5382600,131.96840209960936
2021-07-30,131.1956362674381,135.90521734403757,131.16680323493185,134.49234008789062,8556400,132.25674133300782
2021-08-02,135.55920893514718,139.60561567728084,135.41504376980097,136.49151611328125,10230600,132.935302734375
2021-08-03,137.00093501944454,137.78907712294,134.7903240119254,136.63571166992188,5589600,134.3308837890625
2021-08-04,137.4430660419356,139.0770016561198,136.29930671225543,137.21238708496094,5434600,135.3977478027344
2021-08-05,137.85632069755664,138.28884548524556,135.67454317940496,136.7414093017578,4282200,136.3146728515625
2021-08-06,136.2128206488953,137.59686519162557,136.08786770200362,137.10667419433594,3843300,136.83753967285156
2021-08-09,137.91402261690925,138.10624773773483,135.95328825331313,136.48191833496094,4026600,136.8356201171875
2021-08-10,137.35654293778686,137.44304203185268,130.04226577868914,132.69500732421875,6403900,136.04747924804687
2021-08-11,133.12755909309843,133.20445208937073,127.44723015218781,129.58096313476562,9630600,134.5211944580078
2021-08-12,126.87051615138438,126.88974306329614,122.72800391752077,124.19854736328125,12962600,132.0126220703125
2021-08-13,124.11202921966277,125.37112043875956,123.58339921695645,124.85209655761719,8812400,129.56170654296875
2021-08-16,124.40036180097702,126.91855895107844,124.0831984593848,126.57254791259766,10412000,127.5798324584961
2021-08-17,124.99628609126724,125.75558039719922,121.78607400634641,123.79486083984375,8208400,125.7998031616211
2021-08-18,123.80446998144262,126.52449857690053,122.23781405522989,122.4204330444336,6768800,124.3676971435547
2021-08-19,121.31512736003052,124.93863032341379,120.41165314996029,124.1793212890625,9020200,124.36385192871094
2021-08-20,125.31347567899554,126.8609121322293,120.38282129918275,122.25704193115234,13707600,123.84484100341797
2021-08-23,123.32391430733865,126.38995432923589,122.83373801511694,126.3803482055664,7710700,123.80640106201172
2021-08-24,126.67829411367109,128.19689754326194,125.54414093665437,126.33228302001953,6356600,124.31388549804687
2021-08-25,126.65967295362366,129.22098670681308,126.56339191106747,127.89219665527344,6735100,125.40823822021484
2021-08-26,127.85366648382134,128.86471288554318,126.7078148747143,127.57443237304688,3958700,126.08726043701172
2021-08-27,128.07509646849218,132.06149480776486,127.9306676018258,131.4837646484375,8413900,127.93260498046875
2021-08-30,132.4660060421831,132.77412604375263,130.35725514307165,131.0023956298828,4617700,128.85701446533204
2021-08-31,131.3874886320395,131.5319322130142,128.5950890451648,130.11647033691406,5586000,129.61385192871094
2021-09-01,130.64604371449133,130.99268771519985,128.29658403487045,128.5084228515625,6260300,129.73709716796876
2021-09-02,129.73128026301777,130.90601733199483,128.91282554621353,129.461669921875,5142200,130.1145446777344
2021-09-03,128.8743537123043,131.36825772676812,128.40254277007298,130.79052734375,4836000,129.97589721679688
2021-09-07,131.5800474353466,132.08075866764145,128.78764822930867,131.42599487304688,5550400,130.06061706542968
2021-09-08,130.66532326778648,130.89642419671492,126.86187713841261,128.60472106933594,7440600,129.75826721191407
2021-09-09,128.09443630537157,130.80981818831145,127.98851684129934,129.99134826660156,6808600,130.0548522949219
2021-09-10,133.14957639786857,135.5760842396464,131.5415379921467,131.76300048828125,9054700,130.51511840820314
2021-09-13,133.573298119935,136.05757832968757,132.45633219133302,134.26658630371094,8507600,131.2103302001953
2021-09-14,132.98589968305654,136.5389971585069,132.79332294003785,134.94058227539062,8073200,131.91324768066406
2021-09-15,134.7961732825496,136.09607750924457,132.3407790419046,135.9901580810547,6103200,133.3903350830078
2021-09-16,135.15242671722658,139.2640072031664,134.00657521354955,138.74403381347656,8467300,135.1408721923828
2021-09-17,137.69448458726873,137.69448458726873,134.20879674202703,135.57611083984375,10884400,135.90349426269532
2021-09-20,131.49341697123884,131.61859847804595,128.59509777202612,130.5016326904297,8822500,135.15050354003907
2021-09-21,132.04227564032914,132.1481950627419,128.49880152997392,130.16461181640625,5782200,134.1953094482422
2021-09-22,131.13713314504994,133.6502985126443,130.52087876757324,132.9762725830078,6344300,133.5925323486328
2021-09-23,134.16066024187998,136.8760265836795,133.56366782692635,135.87461853027344,5620700,133.01864929199218
2021-09-24,134.23770126609645,137.08787297730322,133.99697660907785,136.65457153320312,3729900,133.23434143066407
2021-09-27,134.42066670853558,137.95450323518247,134.36288044370065,137.4441680908203,5248600,134.6228485107422
2021-09-28,132.50443780489098,134.4013486621429,127.61291259824782,127.95955657958984,12873900,134.1818374633789
2021-09-29,127.87292296056884,129.0669076899991,123.28951672514809,123.51099395751953,10730100,132.28878173828124
2021-09-30,124.5798112908943,125.99527324607396,123.74207961389791,123.95391845703125,7329800,129.9046417236328
2021-10-01,124.46427052851473,124.79166722625895,121.72964196963362,124.33910369873047,6459200,127.44154815673828
2021-10-04,122.92361479297843,123.07767471879434,118.60019563406237,120.55487823486328,9549500,124.06369018554688
2021-10-05,122.75029886947127,124.40647804916237,120.7474683102648,123.31841278076172,7330400,123.13546142578124
2021-10-06,121.6140809808732,123.42432013253413,121.0555980992692,121.82591247558594,7388700,122.79844512939454
2021-10-07,123.8768731760878,125.12864403354084,122.73102907658173,123.13544464111328,5761300,122.63475036621094
2021-10-08,123.53988671327369,124.01169759874092,121.2000429465239,121.53705596923828,6300500,122.0743408203125
2021-10-11,121.03631892138817,124.40646312592058,120.9978094523937,122.76953887939453,5472000,122.51727294921875
2021-10-12,123.9827963463263,124.05020628879025,120.30453199017485,122.0570068359375,7637900,122.2649917602539
2021-10-13,124.00206102821961,124.67608700366829,122.76955218949509,123.45321655273438,4950600,122.5904525756836
2021-10-14,126.73668213676189,127.34331282768788,124.83977112187398,127.16999816894531,7947600,123.39736328125
2021-10-15,127.3529420086211,127.97883480836964,126.38041987645471,126.70780181884766,4826600,124.43151245117187
2021-10-18,125.52343668660384,128.45064137357045,125.02272540196589,128.33509826660156,4208500,125.54462432861328
2021-10-19,128.38327007882407,130.3186909449773,127.68998192233144,129.6061553955078,3694300,127.05445404052735
2021-10-20,128.99951631877673,130.18387738827698,128.40252393609074,129.00914001464844,4619000,128.16563873291017
2021-10-21,126.77519072963707,128.55654372724288,125.66784889502206,128.39285278320312,5611000,128.41020965576172
2021-10-22,130.19352159357194,136.30791867300871,129.51948084313585,130.8867950439453,10744900,129.24600830078126
2021-10-25,131.19490900867658,132.80294759817704,130.28015845320388,130.72308349609375,4005600,129.72360534667968
2021-10-26,132.18671086071956,132.3022539842729,126.79447314068744,127.10260772705078,7864600,129.22289581298827
2021-10-27,128.33510969903685,129.2980081899916,126.53449422260425,127.25666809082031,7837600,128.87240142822264
2021-10-28,129.57724990986364,132.73555561244874,129.5291020494101,130.97344970703125,6391700,129.38852081298828
2021-10-29,129.78905617096936,132.1674161616526,129.55796998088655,131.58004760742188,5715300,129.52717132568358
2021-11-01,131.89783700192385,134.48803640780721,131.35861617400244,134.33396911621094,5329000,130.24934844970704
2021-11-02,134.32435368965844,136.22126509280386,133.73698496036977,135.97091674804688,4822900,132.02301025390625
2021-11-03,136.19235602037529,138.0314955442733,134.6902368233756,137.45375061035156,4117500,134.0624267578125
2021-11-04,137.95443857728063,144.90656522784732,137.2130027990877,144.55992126464844,9272800,136.77972106933595
2021-11-05,144.69477893058294,148.02639990922148,143.26967840224796,147.60272216796875,7706800,139.9842559814453
2021-11-08,149.11447456801088,149.1433603499746,145.61914802373528,147.28497314453125,5878500,142.57445678710937
2021-11-09,147.3041875514494,150.86690855828192,145.80206845504043,150.4913787841797,7274600,145.47854919433593
2021-11-10,147.5641821319167,149.24925435854544,144.69474896851762,144.81991577148438,7149500,146.9517822265625
2021-11-11,146.5820248509846,148.4596738633262,145.68653635766174,148.1900634765625,5061000,147.6778106689453
2021-11-12,148.93152915202973,151.56987668427803,148.39230827073334,151.00177001953125,5778600,148.3576202392578
2021-11-15,151.13660100428228,152.27281452746743,149.44188972540334,150.47219848632812,7304300,148.99506530761718
2021-11-16,149.61515937208776,153.10084690822,147.85305352191125,152.00314331054688,6200700,149.29741821289062
2021-11-17,152.0513033279966,152.62903360353224,150.10624427389752,150.19290161132812,5759200,150.37201538085938
2021-11-18,152.6194391909785,153.0816264386194,148.9989454812343,152.8505401611328,9929500,151.30411071777343
2021-11-19,145.36878046007362,150.64545986258744,144.18441947817192,144.46365356445312,16028700,149.99648742675782
2021-11-22,145.39769625899586,147.3042314734782,141.89274575807514,142.07569885253906,9029100,148.3171875
2021-11-23,143.19263597774219,144.38662066088762,139.71657196093318,143.39483642578125,7254500,146.59552612304688
2021-11-24,143.11517862096983,143.82887913158564,140.62688814039464,143.713134765625,6185900,145.29957275390626
2021-11-26,140.43399481994047,141.94817830088076,137.16449990386363,138.1964569091797,7334100,142.36875610351564
2021-11-29,141.55271692882695,146.1724385612134,140.3278579655177,145.8445281982422,9932300,142.64493103027343
2021-11-30,145.7384783091028,146.57754762286845,141.25377821061159,141.95782470703125,13505800,142.62135620117186
2021-12-01,145.87349601527993,151.01403155818102,144.51361394198244,146.278564453125,14372000,143.19810180664064
2021-12-02,142.73900263625285,144.5714569186795,138.63043934475502,141.28268432617188,9573200,142.71201171875
2021-12-03,143.2308594923669,145.38159952376927,138.2350017685814,140.64613342285156,7768000,143.2019470214844
2021-12-06,140.59793703919397,143.08622718901628,136.00714671416296,142.1410675048828,8579700,142.4612548828125
2021-12-07,145.632362287945,152.3835314006312,144.79329312175298,151.31298828125,10514900,144.33228759765626
2021-12-08,151.2840838171122,152.2485367256195,149.63486286835595,151.69879150390625,6582400,145.4163330078125
2021-12-09,150.30030021244488,152.71143188185545,146.9633022231534,147.22369384765625,5420000,146.6045349121094
2021-12-10,150.5607279932234,151.31300000389288,145.2948092021551,147.30087280273438,5291900,147.93548278808595
2021-12-13,148.61251734854324,148.97901409448167,141.50450545132716,141.87100219726562,6202500,147.8814697265625
2021-12-14,139.82636199347672,142.9319011683544,139.39236117932907,142.47860717773438,5691500,146.11459350585938
2021-12-15,142.69076850338553,148.41961967445215,139.9999520496559,148.1977996826172,6883000,145.41439514160157
2021-12-16,148.91151345929322,149.8277554356282,141.06086788554444,141.4852294921875,7155900,144.2667022705078
2021-12-17,140.12532777111278,143.6841606258983,139.09337102385388,140.9547576904297,9334700,142.9974792480469
2021-12-20,138.68829094622217,141.56235565907673,138.15783905717706,139.8552703857422,4653400,142.59433288574218
2021-12-21,144.05068965369023,146.13391150632717,141.79387333819207,146.03746032714844,5986900,143.306103515625
2021-12-22,144.6389715687296,147.0211708981158,143.62629329764806,146.9054412841797,4293700,143.0476318359375
2021-12-23,147.62883964927366,150.97547828940645,147.56132086997764,149.9628143310547,4625500,144.74314880371094
2021-12-27,150.63788490320644,157.0225577179519,150.63788490320644,156.93576049804688,6416500,147.93934936523436
2021-12-28,157.06117149402303,157.1961943206888,153.10690844449337,153.96527099609375,5834300,150.7613494873047
2021-12-29,154.21601845850475,157.22512162359817,153.8784687610007,155.25762939453125,4654400,152.60538330078126
2021-12-30,154.96826205644433,155.1997360162091,152.02669291831617,152.36424255371094,4171400,153.6971435546875
2021-12-31,152.51855307479713,153.99416456414332,151.45764919260938,151.7662811279297,3594300,154.0578369140625
2022-01-03,152.13279474548995,155.064724874318,151.12975556082975,154.24493408203125,5363900,153.51967163085936
2022-01-04,154.3028369864989,156.08706616294302,149.01762408022307,152.73077392578125,6947000,153.27277221679688
2022-01-05,152.42211390089224,153.24190466671405,148.04350466800423,148.2749786376953,6840100,151.8762420654297
2022-01-06,147.8313088279229,151.8048492466924,146.44249458390004,150.78253173828125,6576000,151.55989990234374
2022-01-07,149.58662233678373,151.7855733548732,145.2851567425045,145.44911193847656,6335700,150.2964660644531
2022-01-10,142.4689694203822,144.57146946977298,138.17715738476832,144.27249145507812,9683900,148.3019775390625
2022-01-11,143.10550760821187,147.23336431206857,141.07051166225222,147.03082275390625,6824400,147.1619873046875
2022-01-12,149.22977888709963,154.07133610468514,149.123688489546,153.87844848632812,10379800,148.28268127441407
2022-01-13,158.1702569511078,160.610321323104,150.9368610539535,151.59268188476562,12553600,148.44471130371093
2022-01-14,150.2424383138245,161.12146343937712,150.06884389413062,161.0635986328125,11437300,151.56760864257814
2022-01-18,159.48191729525658,159.99307610739027,146.13389393302182,146.94403076171875,12417000,152.10191650390624
2022-01-19,148.94040485089815,150.28100806468973,137.83956095408556,137.98423767089844,12929000,150.2925994873047
2022-01-20,140.51112742471935,142.083190160348,133.63457441600715,134.20359802246094,10573800,146.35762939453124
2022-01-21,132.63157876528365,136.8558728371398,129.86358868811388,130.25901794433594,12408200,142.0908966064453
2022-01-24,126.83516708896285,134.4832845204159,125.07987085779038,134.33860778808594,13204800,136.7458984375
2022-01-25,130.00821485398842,131.56098414573145,126.70013474706673,128.26255798339844,11800000,133.00960388183594
2022-01-26,132.81478699478268,136.54721421213137,128.1178923668444,130.760498046875,11852600,131.56485595703126
2022-01-27,129.4681444149157,130.63512401888218,124.70374540327688,125.52352142333984,13539100,129.82884063720704
2022-01-28,124.99305642672617,127.78996293652148,119.44744690336736,127.74173736572266,13292900,129.32538452148438
2022-01-31,128.1950652035356,133.45133005279442,126.95092755904264,133.26808166503906,8588900,129.111279296875
2022-02-01,133.31628831073064,134.32896655642205,128.62904775089552,133.6827850341797,8151400,130.19532470703126
2022-02-02,135.69851335731903,136.37362741056288,132.33258232172375,135.75637817382812,8134100,131.1945007324219
2022-02-03,133.27771301863794,136.20000334803555,130.2975578853124,131.6574249267578,10040600,132.42128143310546
2022-02-04,129.56461248280573,131.88894774464373,127.2499311694537,130.7509002685547,8514400,133.0231140136719
2022-02-07,130.93409707329602,133.37416129815938,130.39400590016305,131.29095458984375,7242200,132.6276885986328
2022-02-08,130.04681135668747,134.25182613189256,128.75444814321156,133.8178253173828,6644100,132.65469665527343
2022-02-09,136.62437794960806,139.8263533767645,134.53151728096725,139.07408142089844,7652600,133.3182373046875
2022-02-10,134.82082264568425,139.99994312123292,134.06855079406336,134.80154418945312,8525700,133.94706115722656
2022-02-11,134.589415913535,135.56350812262303,126.61338567138492,127.78038024902344,9473100,133.35295715332032
2022-02-14,127.66463334987519,129.62247167743723,125.07990648612433,127.17276763916016,9529300,132.5293197631836
2022-02-15,129.9021387280876,135.38987703909,129.51634881169468,134.8690643310547,9065200,132.73956756591798
2022-02-16,133.557456109517,136.6726501003411,132.0336185032592,135.94931030273438,7990700,132.11461334228517
2022-02-17,137.75278595210438,138.67865233684086,129.9600060847314,131.61886596679688,11879800,131.47807769775392
2022-02-18,132.1203945966752,132.1589662335334,126.27579825688251,128.6097869873047,8151300,131.64395904541016
2022-02-22,125.54694359120627,130.59046511258813,124.15562527594032,125.85611724853516,7667700,131.38062896728516
2022-02-23,127.49867715111576,129.68226532427465,123.30540088174358,123.53728485107422,8413800,129.11427307128906
2022-02-24,118.91889665859941,129.11222379538327,118.53241843783557,128.90931701660156,8500900,127.7062744140625
2022-02-25,128.85133289155644,131.53734478800135,127.28610696795054,131.1315460205078,7784500,127.60881042480469
2022-02-28,129.29580571561226,132.42625800178857,127.56631397755868,129.66294860839844,7428100,127.81944274902344
2022-03-01,129.21848784731463,130.4938532702209,123.75949570299896,125.22811126708984,9212500,127.69384155273437
2022-03-02,125.60490137354316,129.92377877712804,125.2667284342184,128.67738342285156,7008700,128.72186126708985
2022-03-03,130.55180072382942,130.55180072382942,125.189449283993,126.2232666015625,5449700,128.18465118408204
2022-03-04,124.03969014445427,125.17978922772069,119.92371160499961,121.48893737792969,7096100,126.25612945556641
2022-03-07,123.24740399002879,123.72084320396092,115.08308753089639,115.18936920166016,9207100,123.36141357421874
2022-03-08,115.74010882867654,123.54693981719652,114.17487556413738,119.95270538330078,10525000,122.30633239746093
2022-03-09,123.38266615325793,125.4503156174015,121.93337873232792,124.27156066894531,7623200,121.42516784667968
2022-03-10,121.46962364498101,121.74015614587192,118.53239994545805,120.74497985839844,5604400,120.32951049804687
2022-03-11,125.60491768905119,125.60491768905119,119.19906954063428,119.4599380493164,6016000,119.92371063232422
2022-03-14,119.55656391831619,120.5034350675495,115.0734348316308,116.06861114501953,6733200,120.0995590209961
2022-03-15,117.6048603057735,120.72565551211521,115.80774307150385,120.20391845703125,6875300,120.1498016357422
2022-03-16,123.01551809059151,126.31989906894542,120.86090751130719,126.06867980957031,9668900,120.50922546386718
2022-03-17,124.94792630802581,127.78851771720521,123.97206318849084,127.52765655517578,6781100,121.86576080322266
2022-03-18,126.18463295503881,131.1605139594661,125.3633641712024,130.57113647460938,11516500,124.08800048828125
2022-03-21,129.56633826520974,130.80306270420354,127.46003228000835,129.66294860839844,6206600,126.80686798095704
2022-03-22,129.46966831279437,132.69674456676935,129.32474547677367,130.89962768554688,4997800,128.94600982666014
2022-03-23,129.09289118052862,130.5325223167365,126.7643653286003,126.9769287109375,5457900,129.1276596069336
2022-03-24,128.51315878789967,133.96247964392222,126.88996373172598,133.90451049804688,7617800,130.4030303955078
2022-03-25,133.94315170554117,134.29098128548793,130.24263595699804,132.4262237548828,6074200,130.7740478515625
2022-03-28,130.52284619400055,133.0929199098705,129.17984018716754,133.00596618652344,5209600,131.4426513671875
2022-03-29,135.3441662620005,137.20890959567365,134.2137234819172,136.65818786621094,6162600,132.5943634033203
2022-03-30,135.9335084655842,136.52288597423674,130.5131726049977,131.20883178710938,6387500,133.44074401855468
2022-03-31,131.49870561798167,132.7064453288635,127.19914045290919,127.34407806396484,8474800,132.12865753173827
2022-04-01,128.38754737611268,128.54212683093004,121.32468161071664,123.10247802734375,10138100,130.26390838623047
2022-04-04,122.8705987096913,125.3150625708452,122.609730189908,125.06385803222656,8347800,128.67548675537108
2022-04-05,124.42616703972215,124.61940243283675,117.2473623507939,117.5951919555664,11653700,124.86288757324219
2022-04-06,114.98648086480272,117.12176372234822,113.11206653321504,115.29566192626953,11602000,121.68025360107421
2022-04-07,115.05410760942009,119.71115123587606,114.58066837635987,118.2618637084961,11817200,119.86381072998047
2022-04-08,117.1604023833538,118.25219630196018,115.42125445229665,115.90435028076172,6408100,118.42418518066407
2022-04-11,114.20386996686202,115.02513890952912,112.21351718016346,112.31013488769531,7785100,115.87344055175781
2022-04-12,114.10723971101376,115.22802563521488,110.3101059880585,110.68692016601562,9883800,114.49178619384766
2022-04-13,111.34391614909207,114.12655263056728,110.61927246061735,112.90914916992188,9351400,114.01448364257813
2022-04-14,113.44057583710988,113.5565141282845,109.42121465667522,109.52749633789062,7711200,112.26761016845703
2022-04-18,108.69658054091987,112.05893134242746,108.54198631029486,110.98645782470703,6822700,111.28403167724609
2022-04-19,110.27145222674163,113.27630889880511,109.70140268189499,113.1023941040039,6086600,111.4424835205078
2022-04-20,116.44540865261591,118.23286901383477,113.54683384604297,113.90432739257812,8856100,112.08596496582031
2022-04-21,115.17970848753168,116.98648957029621,111.44054405820047,111.77871704101562,7849400,111.85987854003906
2022-04-22,111.33425785837905,112.26180088103622,108.8221538791271,108.98641204833984,8489400,111.75166168212891
2022-04-25,107.64341621102562,110.84150824177173,107.44050947585959,110.59996032714844,8518300,111.67436218261719
2022-04-26,109.02506417012644,109.37289375997626,105.15064089275845,105.23759460449219,9461800,110.10140228271484
2022-04-27,104.70619780075381,108.57096462356563,104.25208651964019,105.13131713867188,6891600,108.3468002319336
2022-04-28,107.6434235870286,112.06857608384259,105.88494757147664,110.75455474853516,7379100,108.1419677734375
2022-04-29,109.20864917616153,112.23283398425119,106.43568365129916,106.61925506591797,7998900,107.66853637695313
2022-05-02,107.34389185627924,109.37289286618397,104.52261398073715,109.15067291259766,9425100,107.37867889404296
2022-05-03,108.38738820879821,110.85118006075582,107.66274441368807,109.95262145996094,5463700,108.32168426513672
2022-05-04,110.31011412367349,115.09276787360002,108.25212827909144,114.79324340820312,6352100,110.25406951904297
2022-05-05,112.14587075916401,112.94781164242464,108.0685405899145,109.63377380371094,8172500,110.02991333007813
2022-05-06,108.09750705222184,111.16033984230003,106.17478794788113,108.69654846191406,6247000,110.44537200927735
2022-05-09,104.29073639103073,107.04438131280799,101.81728058056709,102.17477416992188,10088400,109.0501922607422
2022-05-10,105.52746673486683,105.86563238147248,101.62405108336316,103.55643463134766,8881000,107.77095489501953
2022-05-11,103.05400181830846,105.44048892978745,100.1071144261289,100.40663146972656,8311700,104.89363250732421
2022-05-12,99.54672888043066,103.26656542157616,99.50808032816289,103.15062713623047,9287100,103.59700317382813
2022-05-13,104.5322869969382,108.82217332174429,104.37769277981323,108.07820892333984,8321100,103.47333526611328
2022-05-16,105.904268390572,108.51298292271443,104.94774071164741,106.74485778808594,7218200,104.3873519897461
2022-05-17,110.66759511778677,113.3536067894827,109.49850407794935,112.88983154296875,6646500,106.25403137207032
2022-05-18,110.13617669119063,113.0927279533725,107.04436656830536,107.57576751708984,8522800,107.68785858154297
2022-05-19,107.64342492773564,109.64344152791486,106.47432643940557,106.9960708618164,10115800,108.45694732666016
2022-05-20,108.21345019412101,108.92842985461012,97.90418844924132,102.86074829101562,16285500,107.41345520019532
2022-05-23,103.46946690482353,107.58544566215232,103.3631925982395,106.21345520019531,7669100,107.30717468261719
2022-05-24,104.23274668554802,105.05401543902036,102.1361126921261,102.98635864257812,6785400,105.32648010253907
2022-05-25,101.76599081149767,105.97920015796389,101.76599081149767,105.1171875,7378200,104.83476409912109
2022-05-26,103.59656956018199,112.07141989124545,103.4609725460436,111.45154571533203,9173100,105.72585906982422
2022-05-27,112.95279656446294,115.93593796633571,112.73971345229725,115.72286224365234,8510500,108.29828186035157
2022-05-31,113.8535565240099,114.9480201805302,111.92612822101543,113.60173034667969,9751200,109.77593688964843
2022-06-01,114.2506497614441,114.77366990343809,109.25291405374904,110.86071014404297,6852200,111.3508071899414
2022-06-02,111.08348977232966,113.71795852591664,109.9793385137649,113.64047241210938,6408500,113.05546417236329
2022-06-03,111.27717984116988,112.68158032890486,110.55076426693151,111.34497833251953,5080700,113.03415069580078
2022-06-06,113.4564488743857,114.17317697951955,110.77355674399651,111.38374328613281,3824600,112.16632690429688
2022-06-07,109.64033140521455,112.34259848335886,108.86549248652916,112.03266143798828,4725500,111.85251312255859
2022-06-08,111.64525751062924,112.03268073143214,107.69356134899304,108.92362213134766,5138300,111.46509552001953
2022-06-09,107.6063640368413,108.44900880324572,103.78057811969776,103.86774444580078,5947900,109.51054992675782
2022-06-10,102.13403037900098,102.96698752462059,98.60849392569625,98.6762924194336,8391600,106.97681274414063
2022-06-13,95.17014293958391,95.74158640172666,92.64221574887229,93.29114532470703,10484200,103.35829315185546
2022-06-14,94.3371973019917,94.87958538562694,92.39040094539597,93.58172607421875,7058400,99.66810607910156
2022-06-15,94.77303840515171,96.17744659796692,92.58410358049413,94.35655975341797,9377200,96.75469360351562
2022-06-16,91.80927653875797,92.11921366493877,85.95920681629671,86.77278900146484,13359300,93.33570251464843
2022-06-17,85.43616566065671,88.08032189552718,84.86472222582645,87.0052261352539,14451300,91.0014892578125
2022-06-21,88.81643001640309,92.6712795407238,88.29341717558246,92.17731475830078,12207400,90.77872314453126
2022-06-22,90.1627153729716,92.9134134010498,89.93026441226225,90.98599243164062,7652000,90.25957641601562
2022-06-23,91.6542797636504,92.3225845151859,89.213526471557,90.34673309326172,8286300,89.45761108398438
2022-06-24,92.32258006970072,95.18949942930396,91.6930184025741,94.29843139648438,10582900,90.96273956298828
2022-06-27,94.88926852752407,95.7609688990686,93.50423554537083,94.54058837890625,4950100,92.46981201171874
2022-06-28,95.02484913337967,95.79969541639467,91.76081895724242,92.03201293945312,6494200,92.44075164794921
2022-06-29,91.01503770947392,91.23780103333321,88.53554136697267,89.04887390136719,7570200,92.05332794189454
2022-06-30,87.412008945796,90.57917765290341,86.46282266099611,88.11905670166016,8183600,91.60779266357422
2022-07-01,85.93013710794094,85.93013710794094,81.80409379628932,83.55717468261719,13121600,89.45954132080078
2022-07-05,80.62245024190634,83.51843264558404,80.07037463867198,83.29566192626953,9549900,87.21055603027344
2022-07-06,83.53781660313538,84.72914176084853,82.27869293332367,83.83806610107422,5732400,85.57176666259765
2022-07-07,85.90108180920447,88.2934120729073,85.88170658541489,87.89630126953125,7469600,85.34125213623047
2022-07-08,86.82119445360883,88.76799038745604,86.4918895856201,88.32245635986328,4890800,85.38193206787109
2022-07-11,86.6855921617831,87.23766770455263,85.05842097422848,85.83326721191406,5319300,85.83715057373047
2022-07-12,86.43377666853773,87.18924777908613,85.31993783577539,85.9398193359375,5492300,86.36598205566406
2022-07-13,83.8089924656211,87.28610583312688,83.76056919004881,86.27880859375,5786900,86.85413055419922
2022-07-14,85.69767829259015,89.1844719113075,83.69277140761652,88.78736114501953,8686500,87.03234252929687
2022-07-15,89.4556783885952,91.61555040345438,87.37328510402374,91.49932861328125,8051200,87.66771697998047
2022-07-18,92.74875047973427,93.36862456467047,89.63969244418429,90.21113586425781,5683400,88.54329071044921
2022-07-19,91.70271238174989,95.53818614500396,91.40246294297572,95.14108276367188,8203200,90.3835433959961
2022-07-20,94.52119874871795,99.62548340837901,94.44372003043125,99.01529693603516,8314000,92.93084106445312
2022-07-21,100.28409943818143,100.7005780259871,97.84333879679133,100.57466125488281,5463800,95.28830108642578
2022-07-22,100.44875956062513,100.69089812114814,97.76586756140252,98.47290802001953,5100400,96.68301696777344
2022-07-25,97.34937752606312,98.08547334330753,96.3323927353301,97.82396697998047,4367000,98.20558319091796
2022-07-26,97.41717383139569,97.80459695199596,95.47037800775331,95.79969024658203,5073900,98.3373046875
2022-07-27,97.40749814273983,101.21391654374413,96.9135334187823,100.20661926269531,7275000,98.57556915283203
2022-07-28,100.11945174336587,101.9790740604353,97.58183704292921,101.85316467285156,6090500,98.83126983642578
2022-07-29,100.24536680591498,103.1994602811094,99.79983272907106,102.64738464355469,5817700,99.66616516113281
2022-08-01,101.20424910337236,103.96462771774682,100.41003477591228,103.05419158935547,4737500,100.71221008300782
2022-08-02,101.41731307655135,103.18976910036443,100.40033556332594,101.68850708007812,4137900,101.88997344970703
2022-08-03,102.41490860628134,107.12208212993592,102.35679772483518,105.58208465576172,6088000,102.9650665283203
2022-08-04,105.97920617499877,107.69355136656179,105.60147060183728,107.56763458251953,5279600,104.1079605102539
2022-08-05,105.63053240913843,107.72261329985841,104.06147913058152,106.17292785644531,4784000,104.81306915283203
2022-08-08,105.76611588219583,106.88964230325043,102.60863450471231,104.43920135498047,6038600,105.09007110595704
2022-08-09,100.48749856078054,100.70058166775668,94.80208272898352,96.52611541748047,10355800,104.0575927734375
2022-08-10,99.53830296353784,101.82409126187926,97.76585455236379,101.74661254882812,8599800,103.29049835205078
2022-08-11,102.46336642431498,105.48525868162928,101.6885199820857,102.21154022216797,5555600,102.21927947998047
2022-08-12,102.86046225757454,107.81946286404487,102.43430339641641,106.90901947021484,6644700,102.36649780273437
2022-08-15,106.34725608184318,108.13907990707234,104.60385553381995,106.327880859375,8342600,102.74423370361328
2022-08-16,105.03001453129997,106.14384589370633,103.64498179936574,105.07843780517578,4892400,104.45469818115234
2022-08-17,103.63530227373231,103.89680866361157,100.84586876059689,102.666748046875,5495600,104.63872528076172
2022-08-18,103.32535886621108,105.89202888752865,102.18246465318386,104.8653564453125,10062400,105.16948852539062
2022-08-19,103.27692921548228,103.92586612996662,100.10007269778737,101.3398208618164,12380900,104.05564880371094
2022-08-22,99.56738193138808,100.16788084963736,97.19441953573148,97.63995361328125,6180100,102.31806335449218
2022-08-23,97.93052485249095,100.06134133468547,97.87241395972578,98.72473907470703,4882300,101.04732360839844
2022-08-24,98.31690463039126,99.13256724611739,97.23905945362473,98.54024505615234,4741200,100.2220230102539
2022-08-25,99.01602929638965,102.13303782423692,98.53051381089858,101.958251953125,7645200,99.6406021118164
2022-08-26,101.95826358383539,101.95826358383539,95.69511606989433,95.93787384033203,7757100,98.56021270751953
2022-08-29,94.72408298474618,95.85047516339694,93.57826603617887,93.74333953857422,5609700,97.78088989257813
2022-08-30,95.07365483811463,95.43293158969834,90.84966379163706,91.78185272216797,11623200,96.3923126220703
2022-08-31,91.9663460332796,92.07316003700946,89.92718239472728,91.34488677978516,8729700,94.95324096679687
2022-09-01,88.88820019229674,89.30574391992336,86.4509097166911,89.15037536621094,9953700,92.39166564941407
2022-09-02,90.4515510624146,91.12155750309232,87.91715922545299,88.59687805175781,6795400,90.92346649169922
2022-09-06,88.48035793366897,88.9464487205339,86.63539733207824,87.67440032958984,5922500,89.70967864990234
2022-09-07,87.946295910709,90.08256159763293,87.27628200880442,89.276611328125,5567500,89.20863037109375
2022-09-08,88.3832454420593,91.1118478083872,87.64526715696107,91.07300567626953,5233000,89.15425415039063
2022-09-09,92.36448543700466,94.19973371350245,92.30621853044396,93.71421813964844,5094300,90.06702270507813
2022-09-12,94.09292454901893,94.84061531164184,92.48100920463952,93.51030731201172,5329300,91.04970855712891
2022-09-13,89.75242735116949,90.64577440893044,87.39282089078309,87.77152252197266,8422200,91.06913299560547
2022-09-14,89.2766027464611,89.2766027464611,87.00438609358905,88.0142593383789,5828200,90.81666259765625
2022-09-15,87.4316509438065,88.18905410145484,85.53813564130547,86.3440933227539,7120300,89.87088012695312
2022-09-16,85.08175093409166,86.76163065326072,84.42144946426171,86.29553985595703,10893600,88.38714447021485
2022-09-19,85.30507236749492,87.67439039204037,85.16912861936972,87.12090301513672,5260300,87.10926361083985
2022-09-20,85.47015170827223,86.44118278039174,84.81956266796315,85.5672607421875,4435700,86.66841125488281
2022-09-21,85.81001889645376,88.61629811484005,84.52825817182189,84.56709289550781,6953400,85.97897796630859
2022-09-22,84.13013294057275,84.27578908556792,82.13951624519024,82.57648468017578,8558400,85.22545623779297
2022-09-23,81.75113442745332,82.03273441726043,80.30429233412906,81.84823608398438,7384500,84.33599548339843
2022-09-26,81.84820576721846,83.1008366751217,80.44020633970919,80.53731536865234,7015800,83.01927795410157
2022-09-27,81.98415252555534,82.7124258190756,80.13919203362823,81.71226501464844,6220000,82.24827880859375
2022-09-28,80.59558868408203,83.89709620823851,80.44022013782524,83.50868225097656,7992500,82.0365966796875
2022-09-29,82.29488356090475,82.63474295529164,80.7897824321324,81.97444152832031,8542500,81.9161880493164
2022-09-30,79.56629197534508,82.01328712673636,79.16816566196496,79.55657958984375,9051000,81.45785675048828
2022-10-03,80.63443265700835,85.07204499530431,80.6053029060168,83.7514419555664,9631500,82.10068206787109
2022-10-04,86.53830058423736,87.65498050363762,85.9071288417199,86.81990051269531,7914900,83.12220916748046
2022-10-05,85.11088777753237,87.55788318830207,83.69318308762243,86.63540649414062,7608600,83.74755401611328
2022-10-06,86.40234805688061,88.54832583725923,85.33420795084584,85.5672607421875,6686700,84.46611785888672
2022-10-07,82.70271824712714,83.06200242652253,79.64396875465887,80.20716857910156,10029900,84.59623565673829
2022-10-10,79.62455306528426,79.75078444581013,75.11896919182148,76.89595794677734,14211900,83.22513885498047
2022-10-11,75.48796342319307,76.48812437397864,72.79821025854041,74.08968353271484,12441100,80.67909545898438
2022-10-12,74.33244799402297,74.76940910988426,73.28373242589892,73.80809020996094,7770200,78.11363220214844
2022-10-13,70.08902273090555,79.1584493430588,69.05973217029505,77.1192855834961,17560200,76.42403717041016
2022-10-14,77.25525150756809,77.58540601752568,72.42922453320115,72.6525650024414,10453000,74.91311645507812
2022-10-17,74.97331550025777,75.63361699002256,72.0116748865206,72.25443267822266,10772300,73.98481140136718
2022-10-18,74.46837898508225,75.1966523252935,72.00195905056128,73.05067443847656,10231000,73.77700958251953
2022-10-19,72.82733345558533,75.53651114913865,72.28355840313174,75.02186584472656,10579200,74.01976470947265
2022-10-20,76.0900276185337,79.74110806982364,74.97333993114333,76.38134002685547,13287900,73.87217559814454
2022-10-21,76.54638115905807,80.25571955656534,75.86665496385002,80.03237915039062,11569500,75.34813842773437
2022-10-24,80.43051656811397,82.61533678153582,79.52745725023108,82.4793930053711,12005000,77.39313049316407
2022-10-25,83.45041080521979,85.9362479224652,83.26591253504397,84.99434661865234,10349400,79.78186492919922
2022-10-26,83.96507241899164,87.63556931695365,83.3144832668937,85.5866928100586,8989100,81.89483032226562
2022-10-27,86.20814294550469,87.38308972937955,83.8679617634474,84.03303527832031,6822500,83.4251693725586
2022-10-28,84.110708379198,87.32481863732453,83.95533986226712,87.12090301513672,6388600,84.8428741455078
2022-10-31,86.28581771170415,86.8101753556531,85.12058344184793,85.73233032226562,6875400,85.49346160888672
2022-11-01,87.87833516229776,88.16964752397826,86.42178817065746,87.18890380859375,6105600,85.932373046875
2022-11-02,87.73266430573256,90.5874983024792,84.99435671584204,85.21769714355469,10650300,85.85857391357422
2022-11-03,83.4698409624035,85.16914556035563,82.24633957753151,83.79999542236328,6849700,85.81196594238281
2022-11-04,87.44136069360954,89.14066525805097,86.26640644682138,89.0435562133789,8692700,86.19649658203124
2022-11-07,89.58733870524144,92.3644884715988,89.43197016048133,92.28680419921875,7684200,87.50739135742188
2022-11-08,94.1706050542153,95.928169081225,92.03433205950745,94.6366958618164,10067000,88.9969497680664
2022-11-09,92.51984934060485,93.81132258376621,91.50997602772244,91.64591979980469,6864600,90.2825942993164
2022-11-10,97.25848476993987,101.85145801882933,96.5981832832546,101.75435638427734,11692800,93.87346649169922
2022-11-11,102.25928054767495,107.67763574591602,101.75434764633678,107.32806396484375,11160000,97.53036804199219
2022-11-14,105.70644171729738,107.036756935671,104.3372843675429,104.4926528930664,7761700,99.97153778076172
2022-11-15,107.94954791158081,108.8720320921955,105.61907130842381,107.26011657714844,9438600,102.49622192382813
2022-11-16,102.3272512560969,104.02655562471949,100.00648759676267,101.20085906982422,12082500,104.40720977783204
2022-11-17,97.51094023055406,102.54088157054953,97.30702459076254,101.4241943359375,10682800,104.34117736816407
2022-11-18,106.80371750553701,106.81342989169174,100.64738337507463,101.66696166992188,10921100,103.20895690917969
2022-11-21,100.53083961036884,102.84189816312683,98.88979482739413,102.09420013427734,9282400,102.72926635742188
2022-11-22,102.85161332787636,104.18192861474819,100.84157922778795,103.93917083740234,8497200,102.06507720947266
2022-11-23,103.49140618578171,105.68154599566118,103.49140618578171,104.80548858642578,4077500,102.78600311279297
2022-11-25,104.07543314902517,104.6400042566571,102.97549903360502,103.00469970703125,3012500,103.10210418701172
2022-11-28,101.23314550487316,102.29414317673336,100.07480232889208,100.71724700927734,6382700,102.91216125488282
2022-11-29,101.29153022962029,102.12865092791617,100.18185998795704,100.50308227539062,3450400,102.59393768310547
2022-11-30,101.20393642789266,106.72308740893493,99.92879063502893,106.68415069580078,11167000,103.14293365478515
2022-12-01,107.2195324283208,107.72569489914726,102.94632611512677,104.16307067871094,6976200,103.01445007324219
2022-12-02,101.54461060989605,104.46479688981226,101.44727255251573,103.87102508544922,3903300,103.18771514892578
2022-12-05,103.5400788728319,104.82496059686292,102.41093656234683,103.59848022460938,4692500,103.76396179199219
2022-12-06,103.9781051751158,104.22145404581457,101.00924598202347,101.92424011230469,4571700,104.048193359375
2022-12-07,101.92423977736351,104.78602486383059,101.36940465105032,103.28699493408203,6383600,103.36876220703125
2022-12-08,104.19225129209796,106.52840188951001,103.66661685069892,105.7204818725586,5493200,103.68024444580078
2022-12-09,104.91257224061094,106.8204266465322,104.1533248922403,104.4842758178711,4705700,103.80289459228516
2022-12-12,103.97811212507192,106.50893906421746,102.82950508154343,106.46027374267578,4831400,104.37525329589843
2022-12-13,112.32010181176803,113.00147566487806,108.20264316462678,108.89375305175781,9557300,105.76915588378907
2022-12-14,108.39733271646719,109.61407719521128,105.66209350470453,106.72309112548828,6429300,106.45637512207031
2022-12-15,104.88337843403025,105.14619198475556,101.25260949068483,101.77824401855469,6773500,105.66792755126953
2022-12-16,101.37913917505232,103.11178191469666,100.79510338127821,101.94371032714844,12925700,105.159814453125
2022-12-19,102.04104469469569,102.26492148476983,99.93850700151485,101.223388671875,6162500,104.11243743896485
2022-12-20,99.35448869568035,101.82691441335747,99.32528801587779,100.74644470214844,4761800,102.48297576904297
2022-12-21,101.84636417500569,103.6763523903543,101.42780383068852,103.08258056640625,4889100,101.75487365722657
2022-12-22,99.39341066930754,99.8801083976162,93.41676315979066,95.0033950805664,11326600,100.3999038696289
2022-12-23,94.11760837496897,94.79898221895306,92.79378996972738,94.63350677490234,4753500,98.93786315917968
2022-12-27,93.62118395277082,94.26362115167744,92.6380523714785,92.80352783203125,6121400,97.25389099121094
2022-12-28,92.15134957502869,93.23181916678321,91.18769011598917,91.72306060791016,4274000,95.44921417236328
2022-12-29,93.49463606768825,95.0423312705706,92.59910660841696,94.55563354492188,5071800,93.7438247680664
2022-12-30,93.05662537424394,94.88661400263277,92.50179013458596,94.78926849365234,3407000,93.7009994506836
2023-01-03,97.11567112374168,97.35902001216347,93.5627832939186,94.15655517578125,5921500,93.60560913085938
2023-01-04,95.60691015174784,96.96966537913019,94.60431394400223,96.66790771484375,6289500,94.37848510742188
2023-01-05,95.23702219932963,96.59977752833396,94.76979646884871,95.31489562988281,4557100,95.0968521118164
2023-01-06,97.33955314004803,102.07025601676784,95.95733326779978,101.4959487915039,7241700,96.48491516113282
2023-01-09,102.74190409478736,105.86650294410735,101.38888486357953,103.65689086914062,6212300,98.25843963623046
2023-01-10,103.3161965015899,105.31166022254527,103.04364695317844,105.1656494140625,4638800,100.46025848388672
2023-01-11,103.84183053935065,107.25845076788958,103.69581973145412,107.13190460205078,5532600,102.55305786132813
2023-01-12,107.63808354480547,108.9132293606903,104.3772098817418,107.2681884765625,5330900,104.94371643066407
2023-01-13,104.6692314273405,107.26819599005303,104.58162938488518,107.04431915283203,5641600,106.05339050292969
2023-01-17,106.49921417236328,107.68675054400022,104.91257462107731,106.49921417236328,4848100,106.62185516357422
2023-01-18,107.81329852457232,109.39993067595884,106.66469142176162,106.781494140625,5374100,106.94502410888671
2023-01-19,106.5770797304767,106.72309055242576,103.26753328078,103.33567810058594,5325100,106.18577880859375
2023-01-20,103.95865776186572,106.85937262252843,103.65690006222542,106.73283386230469,5078500,106.07870788574219
2023-01-23,105.64261186327684,111.85287987305907,105.61341118665952,111.12283325195312,7669300,106.8944107055664
2023-01-24,110.45118082876952,111.03521660253529,109.47778539702067,109.98394775390625,3504700,107.591357421875
2023-01-25,108.03716154397021,111.39538038400539,106.49920233963893,110.91841125488281,5957600,108.41874084472656
2023-01-26,111.3564512543886,112.68026978282012,109.28311400140906,112.50505828857422,5813000,110.25261688232422
2023-01-27,109.62381392839364,110.86002305904402,107.75488875306522,109.50700378417969,8705700,110.80745086669921
2023-01-30,107.74516395321454,108.01771353959667,105.09752666878376,105.32140350341797,7351700,109.64716491699218
2023-01-31,106.06116780563356,108.5919945014411,105.72048088192412,108.52385711669922,6577100,109.35514678955079
2023-02-01,109.12737999105607,116.93400934107048,108.93270384397682,115.84381103515625,9886400,110.34022674560546
2023-02-02,117.10920784799075,121.59656160588683,117.09947924020967,120.9541244506836,11206500,112.03003997802735
2023-02-03,119.64977208096221,120.37981869988083,116.4278353792552,116.78799438476562,6156900,113.48623809814453
2023-02-06,115.06509188288763,116.26237172704604,113.7996820708575,114.55892944335938,5331000,115.33374328613282
2023-02-07,114.26689630213708,118.06314020922308,113.64392378087786,117.3136215209961,4935300,117.0916961669922
2023-02-08,115.98008171466961,116.19422992472174,112.3979857798106,112.8652114868164,6460500,116.49597625732422
2023-02-09,115.21110097914556,116.37917269987605,112.01836467782454,112.99176025390625,5512200,114.90350341796875
2023-02-10,111.74580661399719,111.91128206701728,109.96449106277633,111.71659851074219,4374400,113.88922424316407
2023-02-13,112.10595300762056,113.6147189366356,111.50245257714892,113.42977142333984,4198200,113.66339263916015
2023-02-14,111.81394914201067,115.8438061119225,110.82108152541288,115.28897094726562,4870700,113.25846252441406
2023-02-15,113.88727770670592,116.39863997180963,112.90414613599441,116.28182983398438,4980000,113.94178619384766
2023-02-16,113.7704559986298,114.93853497883511,112.07675001771258,112.32009887695312,9117600,113.80745391845703
2023-02-17,113.67312848530581,114.27663638571826,110.3635822073349,112.36878204345703,9287100,113.937890625
2023-02-21,110.61665656826186,111.77499951162181,107.97875583227574,108.31944274902344,7583900,112.91582489013672
2023-02-22,108.41702503104321,109.64637035690814,106.81691838522259,107.72429656982422,5089200,111.40289001464843
2023-02-23,109.80248018760416,111.1879370877608,107.23645727163992,110.16348266601562,7136100,110.1792205810547
2023-02-24,108.3096960373119,109.37317833410383,107.69501595401898,108.6023941040039,5808400,109.43567962646485
2023-02-27,110.74888476974844,111.11963863495495,108.77801686211961,109.34391021728516,5362700,108.83070526123046
2023-02-28,113.31491767735785,115.19797112016477,112.05629577004858,113.32467651367188,13010900,109.83175201416016
2023-03-01,114.83696872546427,116.41756523836152,114.09546092872728,114.40767669677734,6756800,111.16842803955078
2023-03-02,112.64168508515588,116.1931417832687,111.15866223782278,115.56871032714844,6502200,112.24947357177734
2023-03-03,115.86143142539679,116.2419441625732,114.10521306626633,116.06632232666016,7232400,113.7422592163086
2023-03-06,116.93465662857193,118.544521996296,115.3443089309447,115.65652465820312,5775700,115.0047821044922
2023-03-07,115.45163657618556,115.8321492703619,112.8465858410367,113.53931427001953,5225900,115.04770965576172
2023-03-08,113.78323566926043,116.20290580885496,113.78323566926043,115.76385498046875,4474900,115.3189453125
2023-03-09,115.80287373956834,118.01765282153892,114.00762778185579,114.19300842285156,5701400,115.04380493164062
2023-03-10,115.46139688207995,115.7345921844622,111.14891438592106,111.60748291015625,7009600,114.15203704833985
2023-03-13,111.02207951672587,114.46621170774306,109.19756425214082,113.02220916748047,8221300,113.62517395019532
2023-03-14,115.89069178043732,118.29085172831292,115.01258266687051,117.4127426147461,8322400,114.39985961914063
2023-03-15,115.63701239775827,115.93947674792805,112.88560884638852,115.59799194335938,9517700,114.36668701171875
2023-03-16,115.33457123641512,120.42759726895181,114.0564390317681,119.84219360351562,6787700,115.49652404785157
2023-03-17,120.64222148515637,121.36421893827199,118.66160232361698,119.61775970458984,13761500,117.09857940673828
2023-03-20,120.00804776871888,121.72523817878223,119.45191321095774,121.02275085449219,4974700,118.69868774414063
2023-03-21,120.86663597189361,122.5643161074617,115.52969910696287,117.4712905883789,10090100,118.71039733886718
2023-03-22,117.3444481034767,120.73004209638442,115.80288700947634,115.96875,8342500,118.78454895019532
2023-03-23,118.32012440740803,121.94963722519758,117.24688321083208,119.79339599609375,6182200,118.77478942871093
2023-03-24,118.68112698472154,119.14945434120932,115.17845670035996,116.62245178222656,6354500,118.17572784423828
2023-03-27,117.81278235161335,118.03719092660761,115.4418912785862,115.978515625,4628200,117.16688079833985
2023-03-28,115.99801728126745,116.16388026924236,112.76853493646276,113.56858825683594,5523800,116.38634033203125
2023-03-29,115.83215165731305,118.06644857961204,114.50523289608911,116.93466186523438,7865300,116.57952270507812
2023-03-30,119.03236935091479,120.37879839003033,118.38842017320036,119.13969421386719,6213800,116.44878234863282
2023-03-31,118.56405395505712,120.51540446905209,118.05670609669548,119.84219360351562,5016500,117.09273071289063
2023-04-03,118.67137096864107,119.46167293625524,117.66642671150592,119.34458923339844,5146800,117.76594543457031
2023-04-04,119.94950074934036,119.97876981171463,116.4858511213852,117.1980972290039,4772200,118.49184722900391
2023-04-05,116.68098097133425,116.77855443582668,112.83682616102226,114.46620178222656,6691700,117.99815521240234
2023-04-06,111.40257900384172,112.48557891940047,109.14877199007299,111.66600799560547,6275000,116.50341796875
2023-04-10,109.73418336051871,113.87104383870147,109.71466568933175,113.66615295410156,4096500,115.2682098388672
2023-04-11,114.4759604408067,114.96379798727517,113.25636657463552,113.54906463623047,3373000,114.10910491943359
2023-04-12,114.86622917789256,114.93452613498755,110.12444774584044,110.40739440917969,5838900,112.75096435546875
2023-04-13,110.76839224960722,111.13915354942868,108.80728322606757,110.70985412597656,5299500,111.99969482421875
2023-04-14,110.60253434104624,112.25142770780418,108.66094289890505,110.15372467041016,5211600,111.69723815917969
2023-04-17,106.56324713630293,109.24635395144263,106.34859740008199,109.07073211669922,6952200,110.77815399169921
2023-04-18,109.76345345064696,110.82693578216193,107.84137223032371,108.56336975097656,5055000,109.78101501464843
2023-04-19,107.17791186969,107.9194270550259,106.46567319114452,107.65599060058594,6796800,109.2307342529297
2023-04-20,108.5438634496442,113.5002951357021,108.5438634496442,111.60748291015625,8699500,109.41026000976562
2023-04-21,110.70986259572074,111.32453527229826,109.48050979875488,110.70010375976562,4516800,109.51953582763672
2023-04-24,110.72936711167509,111.16842538127592,109.8024787266462,110.84645080566406,3218100,109.87467956542969
2023-04-25,109.76345911131521,110.89524590718116,107.73405292523138,107.91943359375,6282600,109.74589233398437
2023-04-26,108.4560463939144,108.78777235092421,107.14863790474533,107.62671661376953,6245800,109.74003753662109
2023-04-27,108.59264791467162,109.45123937276759,106.4949448390733,108.9634017944336,9447000,109.21122131347656
2023-04-28,108.98290605131058,110.50496427411305,108.41702014874316,110.28055572509766,8064400,109.12731170654297
2023-05-01,110.54400693521816,111.65627610592482,109.37319218870869,110.2025146484375,4171600,108.99852447509765
2023-05-02,110.17323995780872,110.63180848516129,108.49507745082096,109.43173217773438,4850200,109.30098419189453
2023-05-03,109.21707319558185,112.4660656248428,109.16828646300434,110.53423309326172,5624100,109.88248748779297
2023-05-04,110.30007165225378,110.6513152793632,109.0024219989778,109.71466064453125,3579600,110.0327392578125
2023-05-05,110.93425314926249,113.783230028108,110.22201451240868,113.23684692382812,4874200,110.62399749755859
2023-05-08,114.02715364766014,114.72963347937107,112.13434153792879,112.93439483642578,3247600,111.17037353515624
2023-05-09,111.305021579781,111.62699616198081,110.11469671987416,111.07085418701172,3173700,111.49819793701172
2023-05-10,112.70998617671066,113.41247345156235,111.36355719578519,112.60266876220703,4101000,111.91188507080078
2023-05-11,112.49533933992834,113.02219733088195,111.13915157859236,112.65144348144531,3630400,112.49924163818359
2023-05-12,113.87104216376349,114.22228580185703,112.19287976927447,113.26612091064453,3838700,112.50509643554688
2023-05-15,113.85153439416744,118.31036948329921,113.19782639349889,118.16401672363281,5859200,113.55102081298828
2023-05-16,117.89081525715322,120.07632523259213,117.51030259226282,117.97862243652344,5080700,114.93257446289063
2023-05-17,119.27628818111467,123.22777555236912,118.91528569253289,122.64236450195312,7349600,116.94051361083984
2023-05-18,122.74970896824328,128.84767968550855,122.7009296687923,126.75973510742188,10891200,119.76217193603516
2023-05-19,125.1791133943071,125.19863106407479,122.2033014785821,123.86194610595703,10257200,121.88133697509765
2023-05-22,124.13515435537109,124.45712150210251,122.59358581017892,123.47169494628906,4709100,122.9428726196289
2023-05-23,122.82774634601122,123.64731735819305,121.16910153736843,121.46179962158203,4604500,123.63950805664062
2023-05-24,119.26087078019663,119.94560795812372,117.55882301522469,119.07501983642578,6315600,122.92603912353516
2023-05-25,124.39637607506471,127.87872884302507,123.37905794288639,127.62440490722656,9575700,123.09897308349609
2023-05-26,127.91782276005353,133.70870179785794,127.15483627734858,133.09243774414062,9083800,124.94507141113282
2023-05-30,134.99015826593484,135.7727128932538,132.5349078621348,133.5913543701172,7753800,126.96900329589843
2023-05-31,130.68614482033652,132.7892466233491,129.2775493188255,130.39268493652344,11368600,128.75518035888672
2023-06-01,130.8132678865249,133.2196204442517,128.81776802298418,131.8892822265625,5007000,131.31803283691406
2023-06-02,132.192535850418,132.37839425400466,129.49273805228503,131.69366455078125,5327400,132.131884765625
2023-06-05,131.87951610141448,132.2023055028844,130.138325052285,130.8132781982422,3798300,131.67605285644532
2023-06-06,128.53412746391786,132.3979889257575,127.89831009540788,131.01873779296875,5468900,131.16152954101562
2023-06-07,132.3197074935229,134.05109228807115,130.66656472981163,132.06536865234375,4835700,131.49606628417968
2023-06-08,132.88705850107448,133.77719966231362,131.2241242982143,133.2294158935547,4507000,131.76409301757812
2023-06-09,134.78469739052568,134.97055574611193,132.85767819698535,133.151123046875,3675200,132.0555847167969
2023-06-12,134.73583454596877,137.17151698288055,133.8456784695609,136.95631408691406,5931900,133.28419189453126
2023-06-13,138.41382609499493,139.42136017213735,136.36941344727782,138.69749450683594,6859500,134.8199432373047
2023-06-14,135.391220858987,138.27687708169637,135.2151389763127,138.0910186767578,6474600,136.0250732421875
2023-06-15,135.66511081638737,138.3453406255933,134.92167720718678,137.05413818359375,5524400,136.7900177001953
2023-06-16,137.81716092756966,137.8758499276676,135.1173624411218,135.89990234375,8847400,137.33977355957032
2023-06-20,136.07593802058443,137.2595538489092,134.27607297469012,135.49880981445312,3840000,137.04827270507812
2023-06-21,135.50859635716833,136.12486054629963,132.9066085874894,133.6891632080078,4715300,136.0466064453125
2023-06-22,132.05560451309557,136.55528293356733,132.05560451309557,135.89010620117188,3763600,135.6064239501953
2023-06-23,133.57179122726242,133.8065471757509,131.8990804643391,133.10226440429688,6956900,134.81604919433593
2023-06-26,133.4935273189699,137.79755531171335,133.4935273189699,136.7509002685547,7256100,134.9862487792969
2023-06-27,137.09327590404763,143.4906446868535,136.90743240508888,143.35369873046875,7343900,136.5572265625
2023-06-28,139.68547237597963,142.73741903173092,138.95183020480957,140.88864135742188,6645200,137.99712219238282
2023-06-29,141.53424805138962,142.08203180996875,140.3799766235367,141.0842742919922,3916500,139.03595581054688
2023-06-30,142.13093048504345,142.37547784825722,140.3114975056935,141.3874969482422,6142600,140.69300231933593
2023-07-03,140.87883907366228,142.72761640989873,140.2527984657829,142.29721069335938,2533600,141.80226440429686
2023-07-05,141.10381348001334,141.75919855219922,139.0594013244804,139.15721130371094,5198400,140.9629669189453
2023-07-06,137.59215973014446,138.24754500442526,135.73359043983567,137.31826782226562,5793500,140.24889221191407
2023-07-07,136.57483748430602,139.02031166888958,136.36942601135533,136.52593994140625,3459400,139.33722534179688
2023-07-10,136.73133705906312,138.78554112884032,136.6530801022538,137.49432373046875,6364400,138.5585906982422
2023-07-11,137.12262083697843,137.3769597039248,131.08719236151876,134.5597686767578,7706100,137.01110229492187
2023-07-12,136.17376082281694,136.6530641039269,134.843422564781,135.86073303222656,5590100,136.351806640625
2023-07-13,137.0639235432057,140.52672312536149,136.96611353768037,139.5387420654297,5410800,136.7959014892578
2023-07-14,141.41687399129745,142.21898168110806,139.2746364343578,139.6267852783203,6058800,137.41607055664062
2023-07-17,139.86155693642027,143.30478880577482,138.73664476943307,142.32659912109375,6306700,138.3825256347656
2023-07-18,140.66367850251171,141.9842256105365,138.8149006104851,141.35818481445312,6492700,139.7422088623047
2023-07-19,140.90820808751803,141.49511286369466,138.10079392088218,138.68771362304688,5379400,140.30760498046874
2023-07-20,134.81410190352776,135.17602729012987,130.6078835114374,131.1165313720703,9883200,138.62316284179687
2023-07-21,132.27079232205486,134.30542837989572,132.24144782959465,133.425048828125,15686100,137.3828155517578
2023-07-24,134.59890777879687,136.0466243457146,133.86526550876562,135.33255004882812,5276000,135.9840057373047
2023-07-25,135.6650885622957,138.31597344429406,135.4792301904832,137.0052032470703,5038500,135.11340942382813
2023-07-26,134.6282170591904,137.230189619186,133.8260945559685,135.98789978027344,4050400,134.57344665527344
2023-07-27,141.0842758212788,147.14904809783977,141.0647227768233,142.95262145996094,8928900,136.94066467285157
2023-07-28,146.31759649243278,149.9368948870644,145.45678490145445,148.6163330078125,7802000,139.97892150878906
2023-07-31,148.61633331096695,149.34997548405047,147.23709736932096,148.28375244140625,4184400,142.56916198730468
2023-08-01,147.62837560871895,149.52606585902726,147.00233484917294,149.30108642578125,3088100,145.02833862304686
2023-08-02,147.33490576459354,147.33490576459354,143.67648638731617,144.11666870117188,5468300,146.65409240722656
2023-08-03,142.82545270105336,145.4567850133274,142.18963545558424,144.58619689941406,4338600,146.98080749511718
2023-08-04,144.30251096590686,145.81870758938558,141.90594981317543,142.4830780029297,3984500,145.75415649414063
2023-08-07,143.84277057004317,147.40337979285297,143.82320260054775,147.1001434326172,3896100,145.5174346923828
2023-08-08,144.9187910470835,145.07530497372056,142.71786432896448,144.78184509277344,3443700,144.61358642578125
2023-08-09,144.75249015544065,145.66221422815408,141.64185444936234,141.99400329589844,4796600,144.18905334472657
2023-08-10,143.5688866958869,144.752487711491,139.97893278191617,141.45599365234375,4018300,143.5630126953125
2023-08-11,139.11812511153545,139.36267250978722,135.50860312518142,135.80206298828125,5193200,142.2268096923828
2023-08-14,135.1857966731061,138.8442310676056,134.66735739092684,138.79531860351562,4850400,140.5658447265625
2023-08-15,138.1888588866974,138.75621068652507,136.69222988538937,137.02481079101562,3384900,139.01443786621093
2023-08-16,137.4649662519982,138.17904039219553,135.15643848515342,135.2346954345703,4613000,137.6625762939453
2023-08-17,136.15420531353385,136.7411100856171,133.59135347899803,134.58909606933594,7065700,136.28919677734376
2023-08-18,134.3348003025902,140.51695176770045,132.5740557655049,139.54855346679688,11541800,137.0384948730469
2023-08-21,140.15500236651008,145.9654508821801,140.03762439277565,145.5252685546875,8121900,138.38448486328124
2023-08-22,147.4718715928187,147.85336497307287,143.73519475622535,144.62535095214844,4865900,139.90459289550782
2023-08-23,144.11556124084194,145.6448594594714,143.17447075376924,145.08607482910156,5300400,141.87486877441407
2023-08-24,146.59576472963397,146.99769600613115,139.02777424816205,139.7139892578125,6771000,142.89984741210938
2023-08-25,140.7629172271725,142.10595408261022,138.18470829064196,141.51776123046875,4720600,143.29368896484374
2023-08-28,142.4490346639463,144.29202472120068,141.2040351066502,142.55686950683594,3565800,142.70000915527345
2023-08-29,141.0275693547065,147.55644551469413,141.0275693547065,147.02706909179688,5017200,143.18035278320312
2023-08-30,146.25263913640174,148.58578471970287,145.2625151913726,147.9779815673828,4000000,143.75873413085938
2023-08-31,146.46831595049582,150.36995076352443,146.46831595049582,149.75234985351562,6593800,145.76640625
2023-09-01,151.4580985284321,151.49730439944557,149.49747589375983,150.95814514160156,3693100,147.65448303222655
2023-09-05,150.9385450208628,151.77181568077268,149.32103722029024,150.58563232421875,4266700,149.26023559570314
2023-09-06,150.2327219955684,152.20314252384313,148.56619560784517,150.16409301757812,3109600,149.88764038085938
2023-09-07,146.28206762155736,146.54675588666348,142.27259760428845,145.31155395507812,6720300,149.35435485839844
2023-09-08,144.81158196916735,145.57622356292987,143.3018942370167,144.6253204345703,4473300,148.32894897460938
2023-09-11,147.0467052468245,147.0467052468245,141.2040429100037,143.8214874267578,4145000,146.90161743164063
2023-09-12,143.1548761532765,143.55680742741396,140.89035915554203,141.13543701171875,4470600,145.01157836914064
2023-09-13,141.37068807161174,144.21358463539124,140.96875688011482,141.7333984375,4625200,143.325439453125
2023-09-14,143.5273868286659,143.82148322223472,141.10601662305282,141.72361755371094,5629800,142.60785217285155
2023-09-15,138.07684563041394,138.43955600646007,134.0183576512627,135.5280303955078,13654600,140.78839416503905
2023-09-18,135.16532685459185,138.20428291011154,134.81241418819488,137.50827026367188,5607700,139.52575073242187
2023-09-19,136.959310518993,137.29261280071037,133.97915552453318,134.99868774414062,6365400,138.29840087890625
2023-09-20,136.02798977032097,136.91027890993823,134.19481243721867,134.2732391357422,5806900,136.80636901855468
2023-09-21,132.36162342586013,134.80258875919952,132.2831967342562,132.5282745361328,5241000,134.96730041503906
2023-09-22,134.2928762729295,135.58687966015356,133.07728464146888,133.489013671875,5301100,134.5594970703125
2023-09-25,133.21449617105614,134.3418481337321,132.0675337948904,133.9007110595703,5161300,133.83798522949218
2023-09-26,132.9400148499614,133.3517437974228,130.91076329636937,131.4401397705078,5343000,133.12627563476562
2023-09-27,132.55770179450275,133.3909724244107,130.4794465215179,132.40084838867188,6296200,132.75179748535157
2023-09-28,132.0283163910943,137.04752033085424,131.63619786130883,135.49862670898438,5341600,133.3458679199219
2023-09-29,137.4592765975941,138.77289038768353,135.35161290391878,135.72412109375,4448200,133.7928894042969
2023-10-02,136.12603298380586,138.62582988720953,134.5575288597664,136.7632293701172,4896900,134.36539306640626
2023-10-03,135.94958505362698,137.2534010804649,132.7635728329799,134.02818298339844,6173000,134.88300170898438
2023-10-04,134.86142354284667,136.86125187706588,134.27323081953153,136.55735778808594,5543600,135.71430358886718
2023-10-05,136.7044013622972,137.3906162483427,135.06728336331628,136.53775024414062,4310400,135.92212829589843
2023-10-06,135.3319898755744,138.38075888541883,132.48907788017667,137.5278778076172,5234400,136.2828796386719
2023-10-09,136.7240204849116,138.15526663006662,135.04768155231102,137.390625,3271500,136.40835876464843
2023-10-10,138.26309990503233,139.9198284041741,137.58669766946323,138.6160125732422,3342900,137.3259246826172
2023-10-11,140.00807463678728,140.12570721248866,138.03763924360427,139.3806610107422,5136900,137.89058532714844
2023-10-12,140.18453400710533,145.47820972752405,139.9590665673243,142.14515686035156,8109900,139.01206665039064
2023-10-13,144.15480465606393,144.20382322123743,137.94943125592167,138.3611602783203,6600500,139.17872314453126
2023-10-16,138.96892340903844,139.85121254711115,136.98870536864814,138.22389221191406,6097400,139.34537658691406
2023-10-17,136.39072009586468,139.97864819442137,134.11639063081222,139.9100341796875,5915900,139.60418090820312
2023-10-18,137.1455534608309,139.67475856795738,135.38100497720413,138.6650390625,5357900,139.4610565185547
2023-10-19,140.02767102625836,140.23354299347082,131.1362547723372,131.7832489013672,9400300,137.3886749267578
2023-10-20,131.87145776894593,133.46935474368036,130.73429326492283,131.4793243408203,6149500,136.0123077392578
2023-10-23,130.5774540821116,133.13606701499998,129.30304647935864,131.58717346191406,3820100,134.68496398925782
2023-10-24,132.66551436591604,132.88118402313032,130.88134083048195,132.2439727783203,5238800,133.15175170898436
2023-10-25,130.450053086559,130.6362996988237,127.195411861231,127.54832458496094,7118100,130.92840881347655
2023-10-26,128.52863481305624,131.7636655898608,127.94044195968611,128.26394653320312,5462700,130.22454833984375
2023-10-27,128.68548138110157,130.4892507630958,127.98945370696381,128.7148895263672,4397300,129.67166137695312
2023-10-30,129.36189264861113,130.34220400104317,127.26402695274116,128.4501953125,4604600,129.0442657470703
2023-10-31,129.20502747375573,129.94026092111204,126.66602489222565,129.74420166015625,4108100,128.5443115234375
2023-11-01,130.41081405174444,133.15568874675895,130.1657362210889,132.62631225585938,5127800,129.55990905761718
2023-11-02,135.09669828750725,137.0279127512924,133.97914400030254,135.7829132080078,6088400,131.06370239257814
2023-11-03,136.74364431522127,138.9787531390616,136.33191531697332,136.99851989746094,5560300,132.72042846679688
2023-11-06,137.63570245289722,138.0180232668856,136.46914455468095,137.59649658203125,4823200,134.54968872070313
2023-11-07,137.24357855730062,139.1257744110829,136.9396844552618,138.94932556152344,4886800,136.39071350097657
2023-11-08,139.5669248207177,141.6844009678086,138.8218935652736,141.3903045654297,4305900,138.1435119628906
2023-11-09,142.04706923064623,144.31160038603656,140.07664934871227,140.35113525390625,4979900,139.05715637207032
2023-11-10,142.33140303540634,148.01721168672503,141.82163696033766,147.7133026123047,6699400,141.20011291503906
2023-11-13,146.06638856962462,147.29177773547718,144.64494012890842,146.7918243408203,4125200,143.03917846679687
2023-11-14,150.0170415722069,151.86003165853361,149.14456508719636,151.04637145996094,6505000,145.45858764648438
2023-11-15,151.9188251139499,153.68338823371866,151.02673834807217,152.31094360351562,4383300,147.64271545410156
2023-11-16,152.34037349833866,154.65390881724446,148.22306893645236,151.76199340820312,10513800,149.92488708496094
2023-11-17,139.24341692422874,146.11540902909695,139.14539476470344,145.66445922851562,18912700,149.51511840820314
2023-11-20,145.94873512187104,149.98761244817894,145.8801061583844,149.5660858154297,7087400,150.069970703125
2023-11-21,148.58577631601761,148.82104143154007,145.252709248618,146.3114471435547,6517900,149.12298583984375
2023-11-22,148.37454179194992,151.08600920643696,146.3998876413402,146.85179138183594,5071300,148.03115539550782
2023-11-24,146.70441891493084,148.01103609425306,146.70441891493084,147.6966552734375,1992000,147.21808776855468
2023-11-27,146.87143678281868,149.0916952466332,146.15427610489908,148.1584014892578,3429700,147.7168762207031
2023-11-28,146.73391794286363,147.35284593161862,143.93402131712043,145.45677185058594,5799600,146.89501342773437
2023-11-29,147.59844966210815,150.1330892818225,146.23288957529945,146.73391723632812,4975600,146.97950744628906
2023-11-30,147.76544281103648,147.83420425169646,144.4546851263107,147.14651489257812,7555600,147.0384521484375
2023-12-01,146.9303760585528,149.30782488730688,146.01673487230775,148.9246826171875,4929400,147.2840576171875
2023-12-04,147.40195458508663,148.01106379177455,143.0989749760951,145.6630859375,5859600,146.78499450683594
2023-12-05,143.95366103870575,144.8771360537405,142.6666962800738,143.58033752441406,5206300,146.40970764160156
2023-12-06,146.06585625642504,146.10516135905797,142.1460192322893,142.1558380126953,4491100,145.494091796875
2023-12-07,144.37610998499238,145.928316739966,142.02813231093182,145.7809600830078,5753600,145.22098083496093
2023-12-08,144.82802862327227,146.19358875005798,143.42317838075786,145.1227569580078,4990200,144.460595703125
2023-12-11,146.58654761500543,152.92313860908834,146.517771182439,152.4122772216797,6945800,145.81043395996093
2023-12-12,152.41230334357613,155.39884698616572,151.9210944227846,154.4557342529297,5705200,147.98551330566406
2023-12-13,154.26902643424216,155.59529612085376,151.91123031415722,154.229736328125,5561700,150.40029296875
2023-12-14,154.9960408633402,160.19302377099265,154.93709820128996,158.896240234375,7401200,153.02334899902343
2023-12-15,159.3579925345583,161.32282806798702,158.65065054328352,159.10255432128906,8577200,155.81930847167968
2023-12-18,158.06117698762046,158.51309570781368,154.95673357899966,157.54049682617188,4772300,156.84495239257814
2023-12-19,157.75664478446598,159.86883696001036,157.20649324053844,159.4758758544922,4958200,157.84898071289064
2023-12-20,157.98260002925355,159.15167958020632,154.072581481353,154.16099548339844,5488700,157.83523254394532
2023-12-21,158.16924114020662,158.9748308060519,156.77420988056338,158.55238342285156,4257300,157.76646118164064
2023-12-22,158.75869022439505,160.13406886878468,158.01204325415247,159.20077514648438,2770600,157.78610534667968
2023-12-26,159.44638828680004,162.06944162485166,159.24990775404595,161.39157104492188,2520500,158.5563201904297
2023-12-27,161.64699958639878,162.08909953785164,160.65476311933594,161.32281494140625,3319600,158.9257080078125
2023-12-28,162.09891843320145,162.10873721349466,159.98672640133418,160.25196838378906,2909700,160.14390258789064
2023-12-29,160.24216689376922,160.68425190273302,157.87453641376655,159.220458984375,2980700,160.27751770019532
2024-01-02,157.18683946452592,157.294906016278,150.73234767357133,151.65582275390625,8607300,158.76852722167968
2024-01-03,149.04259334297137,150.47691476603893,148.0798132200858,148.7871551513672,6100100,156.24764404296874
2024-01-04,147.1661740036419,149.32748993886673,146.1346324237265,146.68478393554688,6196100,153.32003784179688
2024-01-05,147.44124665388355,148.85593050619707,145.4469399702901,146.38023376464844,5400100,150.54569091796876
2024-01-08,147.1956546285828,150.10360280051512,147.0875880754735,148.89523315429688,6515500,148.48064575195312
2024-01-09,147.23493412039707,149.02294150820313,146.31145909509104,148.37454223632812,5606700,147.8243896484375
2024-01-10,149.10154018225384,149.22924429112908,145.63360686197953,147.17599487304688,5035700,147.50215759277344
2024-01-11,147.60825900175684,149.75975615706847,145.86937548040157,149.2783660888672,5995600,148.0208740234375
2024-01-12,149.5239614824649,149.72044201193393,147.72613540634143,148.59066772460938,4083700,148.46296081542968
2024-01-16,148.63980978228835,151.52812038926564,147.20547325979769,151.05654907226562,6528000,148.89522399902344
2024-01-17,150.41797766835668,151.04672440936736,147.5591385062046,150.67340087890625,6630600,149.35499572753906
2024-01-18,155.87041923557308,157.9138501566243,154.02346888586192,157.5208740234375,8133700,151.4239715576172
2024-01-19,159.71163545194892,165.32123151900478,159.44637850422825,164.98721313476562,9159000,154.56574096679688
2024-01-22,165.22299629268275,168.88742498934607,164.69249734751517,165.3408966064453,7176400,157.91578674316406
2024-01-23,164.81039271394081,165.0461783653302,161.8140306348313,164.11288452148438,5053600,160.5270538330078
2024-01-24,168.37655287768652,172.8662085321471,167.66921100218943,171.0782012939453,9729000,164.60801391601564
2024-01-25,174.05492644072638,175.26329590560087,169.3982615653642,169.59475708007812,7234400,167.02279052734374
2024-01-26,166.09734391404984,166.58855269360447,163.6904089018302,163.96548461914062,6653700,166.81844482421874
2024-01-29,163.38590115452203,165.5472173063012,163.15994925892164,165.5177459716797,5370700,166.85381469726562
2024-01-30,164.38793974669832,166.1955845433123,162.90449455879823,163.31710815429688,5255300,166.6946594238281
2024-01-31,161.11649606944562,163.69042553895966,158.12995298202878,161.41122436523438,6049400,164.76126403808593
2024-02-01,162.5508260303479,164.79073700511177,161.9318981326752,164.03427124023438,4082600,163.6491668701172
2024-02-02,163.00271841383736,166.20539423647907,162.55081473464057,165.2229766845703,4740800,163.90066528320312
2024-02-05,165.63563755704,169.25092765782463,165.32125668366479,168.08184814453125,5749100,164.41348571777343
2024-02-06,167.98360103667403,169.6733606106787,164.55495800757657,165.73385620117188,4550100,164.89683532714844
2024-02-07,167.49239227127234,169.86984120991409,165.8615753577441,167.89517211914062,5103400,166.1936248779297
2024-02-08,167.00118809884123,171.92309531675656,166.4019127098312,170.83261108398438,7327900,167.55329284667968
2024-02-09,175.8920367140487,182.87702629899707,175.4696043506023,182.57247924804688,9539900,171.023193359375
2024-02-12,182.0125442504307,184.90085488962018,181.39361625903138,182.2777862548828,7085400,173.8623809814453
2024-02-13,175.4597838243026,178.98665929938653,173.82896706199833,177.13970947265625,9692500,176.1435516357422
2024-02-14,179.42876553565372,183.6924546943228,179.42876553565372,182.91635131835938,8437900,179.14778747558594
2024-02-15,185.67694023475735,186.13867774040156,183.10301072793524,184.36050415039062,8622900,181.85336608886718
2024-02-16,198.4680473106636,203.13453184085012,193.83103411511146,196.06112670898438,15557900,184.55109558105468
2024-02-20,192.1510748253072,192.4163318023111,182.847577983825,185.81448364257812,11216100,185.25843505859376
2024-02-21,184.9288028552083,187.33980225416536,182.93111635185167,187.30044555664062,6977500,187.29058227539062
2024-02-22,195.12389501329005,198.34184929148677,193.53952144056652,196.55081176757812,10225900,190.01747436523436
2024-02-23,196.14736595587743,198.13520214759026,193.48049530007245,194.02174377441406,5108100,191.94972229003906
2024-02-26,196.61971810798855,200.74302684831758,195.96038452891563,200.31002807617188,6466600,192.79950256347655
2024-02-27,200.48714376044234,201.18584901297834,198.01710184180936,199.63099670410156,5167100,195.56280517578125
2024-02-28,195.33055083600368,196.00955518242174,193.36238573518978,194.39566040039062,6207900,196.98184814453126
2024-02-29,196.72796318687082,198.78469229041377,194.1201351943074,198.41073608398438,9449600,197.3538330078125
2024-03-01,200.5265298511226,208.01539956974077,200.31986588344208,206.90338134765625,7647400,199.93016052246094
2024-03-04,208.62551375224825,209.97370212565068,205.71262261361312,206.1554718017578,7089800,201.09924926757813
2024-03-05,204.44316805541342,207.40525139022415,201.52044141912464,204.08889770507812,6100200,201.99082946777344
2024-03-06,206.60812125745906,210.11145261232218,205.80118140250772,208.79278564453125,5642400,204.87025451660156
2024-03-07,209.83592595979806,210.84952982380315,208.14330270777026,209.22579956054688,6363100,207.03326721191405
2024-03-08,209.09789073585642,210.2000735856682,202.1207479017664,202.2880401611328,6940800,206.11019897460938
2024-03-11,200.04430469164953,200.04430469164953,194.46455829199974,198.16470336914062,6566600,204.51204528808594
2024-03-12,200.63477700732136,201.7467801994286,196.16703333355943,201.6779022216797,7211300,204.02984619140625
2024-03-13,199.73922666251315,200.63474534328677,196.7574578822734,197.36758422851562,5050300,201.74480590820312
2024-03-14,198.71579094142518,199.1783109617444,195.8816432823412,197.55458068847656,4934900,199.41056213378906
2024-03-15,196.2654402710435,198.07614868927723,193.86427627403788,195.48800659179688,9936400,198.05055541992186
2024-03-18,198.46975698998256,199.9360453620642,196.45239982081105,197.53488159179688,5062300,197.92459106445312
2024-03-19,196.0095556940593,198.34184155542914,194.15949070528254,198.1351776123047,4624500,197.21604614257814
2024-03-20,197.80060179426573,202.64228636463423,195.63562308626646,201.7959747314453,4278000,198.10172424316406
2024-03-21,209.97371045953926,211.48920615113846,207.01162708546386,207.4446258544922,6145200,200.0797332763672
2024-03-22,205.1910720962929,208.3499840736903,205.1123436807913,206.90338134765625,3829200,202.36280822753906
2024-03-25,204.32510101575727,207.94651823645538,204.04955905400462,205.1418914794922,3137600,203.88421020507812
2024-03-26,206.4506888429393,207.84809939493897,203.28195658126714,203.38035583496094,3607400,204.93324584960936
2024-03-27,204.72853516334837,205.1713843410275,200.65443384642444,204.68917846679688,3123900,205.5118865966797
2024-03-28,204.25618888139547,204.3447527145379,199.48339712139438,202.94735717773438,5750100,204.61243286132813
2024-04-01,203.63621477136596,208.39918619108477,202.6816684191848,205.3682098388672,3189700,204.3053985595703
2024-04-02,203.2918047354375,203.2918047354375,200.1624139601363,202.82928466796875,4311400,203.84287719726564
2024-04-03,200.35922473401396,205.82087118856808,200.26081046697868,204.0790557861328,3375600,203.9826171875
2024-04-04,208.24171746386023,209.64894835987897,198.45993411702844,200.15255737304688,6242800,203.07529296875
2024-04-05,201.63852443537843,206.19483180730816,201.63852443537843,204.5415802001953,3330700,203.39413757324218
2024-04-08,209.47180309332865,209.60957404370697,204.81709703850225,205.7126007080078,4435500,203.4630157470703
2024-04-09,207.98587689805416,208.7239388955406,204.32508818924842,207.0608367919922,3659200,204.309326171875
2024-04-10,205.5650259069976,208.2909390751468,204.8072780555953,205.91929626464844,4645300,204.67737426757813
2024-04-11,206.12595990341245,209.93435498019434,205.0434629745524,209.5899200439453,4291600,206.56484680175782
2024-04-12,204.6891778217106,206.6081358606074,203.61653140713602,204.55140686035156,5854800,206.56681213378906
2024-04-15,208.5270922478376,211.04635626059078,201.0185523893795,202.40609741210938,4492500,205.90551147460937
2024-04-16,203.0555959239083,207.07065465163453,202.47499080561062,206.14561462402344,3749200,205.72246704101562
2024-04-17,202.8095762325345,203.7050949882332,194.9467659926871,196.70826721191406,6350300,203.88026123046876
2024-04-18,194.32678274335257,195.2616581645644,190.4396596661614,191.2269287109375,6219400,200.2076629638672
2024-04-19,191.16788039288915,191.59104371899042,185.16498554486438,186.74935913085938,6495200,196.64725341796876
2024-04-22,188.50103455398497,188.7273693589622,183.88568452432762,186.44430541992188,7149800,193.45489501953125
2024-04-23,187.22171120950063,191.4040621826432,186.94616928783685,190.16412353515625,4425900,190.25859680175782
2024-04-24,194.838511391568,196.186699693203,189.65239209773858,192.93922424316406,4609400,189.50478820800782
2024-04-25,193.15572604420302,195.29118342368122,190.5183919586972,194.35630798339844,4238300,190.1306640625
2024-04-26,193.89379998671902,200.74302171968176,193.89379998671902,200.14273071289062,3933500,192.80933837890626
2024-04-29,200.27065322669523,202.0223191295732,198.56819445913823,201.9927978515625,2789200,195.91903686523438
2024-04-30,200.42810555206702,202.55372761655485,195.40929319614247,195.48800659179688,3898200,196.9838134765625
2024-05-01,192.95892021580366,197.48569121800813,189.6228807643026,190.90219116210938,5815500,196.57640686035157
2024-05-02,193.13605079990668,195.32071543120338,190.2034887784732,194.75979614257812,3523200,196.6571044921875
2024-05-03,198.78470146558845,202.00265603535254,196.76732896733486,200.8414306640625,3818500,196.79684448242188
2024-05-06,202.0420107179966,205.85040584849793,201.04809262632145,205.53550720214844,3638500,197.50538635253906
2024-05-07,205.90942559237072,206.13576036059368,203.92157475831903,204.01998901367188,3200900,199.21178283691407
2024-05-08,202.63242485338853,204.64979691859514,201.49088558520538,204.05934143066406,2932300,201.843212890625
2024-05-09,204.05938030235748,204.9352132662202,202.44548534593937,203.0457763671875,2758200,203.5004089355469
2024-05-10,205.4764576937154,209.18645344119355,205.20091575651423,206.3916473388672,3502900,204.6104522705078
2024-05-13,205.08281890252502,205.1517118958796,202.16994265821793,203.34100341796875,3526900,204.1715515136719
2024-05-14,202.56356493099193,206.75576654446908,201.45156177004412,206.480224609375,3442200,204.6635986328125
2024-05-15,209.11754455508063,214.146207050665,207.49381433313388,214.0281219482422,5820900,206.65735473632813
2024-05-16,214.74652355190912,215.26808617084453,210.51496502628308,210.6232147216797,7977900,208.17284240722657
2024-05-17,212.95549903990732,215.8683905588165,206.88371033287257,208.7042694091797,8031800,208.63536682128907
2024-05-20,208.77312698069667,218.22032637228685,208.73377028192508,216.448974609375,5954500,211.2569610595703
2024-05-21,214.53000937950392,216.75403067651834,212.37486605704512,216.30136108398438,3918200,213.2211883544922
2024-05-22,217.40553829773043,217.61256398449206,213.17611874875266,215.06900024414062,5047000,213.4293640136719
2024-05-23,221.82229149839353,221.8913100987485,213.2747410045165,214.87185668945312,5806600,214.27909240722656
2024-05-24,217.0900825224889,219.96884116121336,215.55211702101977,217.7703399658203,3795700,216.0923065185547
2024-05-28,219.01252414588814,220.06741953805698,216.77459465083098,218.1942596435547,5509400,216.4413635253906
2024-05-29,214.51692735294353,217.53370792661337,214.09300755357177,215.95631408691406,4718800,216.37235412597656
2024-05-30,214.89156210068307,216.58727135912238,212.45644526013191,213.48175048828125,4059200,216.05490417480468
2024-05-31,213.68878602811978,215.42392369631784,206.0679629461342,212.04237365722656,13548700,215.48900756835937
2024-06-03,215.24646919654117,215.26619094334623,205.97921886851054,211.18466186523438,3828100,214.1718719482422
2024-06-04,210.78046548901935,211.32270074446896,206.0778288819912,209.2227783203125,4379600,212.37757568359376
2024-06-05,216.49854171456101,221.54622589328665,215.1084518777011,220.2152862548828,7887900,213.2293701171875
2024-06-06,218.5393073724839,220.10684786636062,215.92673988268936,218.61817932128906,3951200,214.25665588378905
2024-06-07,221.04343490215072,221.3786293900462,216.9717590709084,218.59844970703125,3627200,215.56787109375
2024-06-10,216.60699669989683,225.59818823367337,216.52812475130227,224.93765258789062,4796900,218.31846923828124
2024-06-11,224.0602272908776,226.82068537332603,221.4673664612864,226.7220916748047,4768600,221.81833190917968
2024-06-12,228.161469733089,235.03303250751705,227.52065580476133,234.2936248779297,5573500,224.63399963378907
2024-06-13,228.20089019893734,234.99358033543905,228.15159335328295,234.1950225830078,3682400,227.7493682861328
2024-06-14,230.7740395410045,234.89499727979532,230.32052960104932,233.682373046875,3306500,230.76615295410156
2024-06-17,233.32745869903937,239.8441048998454,232.93311399931446,239.43003845214844,4974600,233.6646301269531
2024-06-18,239.35116839259203,245.8973897453783,238.67091099340462,244.32984924316406,5256900,237.186181640625
2024-06-20,243.51154569386986,244.32982516273168,235.28933759945303,236.60055541992188,7045000,237.64756774902344
2024-06-21,234.9541403788422,235.11186921661272,229.54167192600826,232.08523559570312,15289800,237.2256103515625
2024-06-24,229.70929211406596,232.0852587888104,226.18970475231353,226.5939178466797,5928700,235.80791931152345
2024-06-25,227.77695676670038,231.23739377270962,225.3122649018096,230.9613494873047,4594900,234.1141815185547
2024-06-26,231.681039516761,233.57392109825685,227.54036011703343,228.89100646972656,4818700,231.0264129638672
2024-06-27,234.14575027662423,234.46123808724826,228.5262552786426,229.24594116210938,4309600,229.55549011230468
2024-06-28,232.02609820008,237.88219343525478,230.60643327884299,232.6570587158203,6387400,229.66985473632812
2024-07-01,233.51475638205574,234.9935714359715,229.78814364965078,234.05699157714844,4239600,231.16246948242187
2024-07-02,231.7007507816005,237.5962893508844,231.7007507816005,237.45826721191406,3510600,232.46185302734375
2024-07-03,238.22727525254376,241.2637776769699,236.46256235586745,239.87368774414062,2768800,234.65838928222655
2024-07-05,241.23418077971309,241.26375587831077,237.4681244298993,239.16383361816406,4076200,236.6419677734375
2024-07-08,239.67650354664866,243.68901420131425,239.67650354664866,242.81158447265625,3782100,238.6728729248047
2024-07-09,244.49743300167754,248.56910877640354,243.98477288165088,247.91842651367188,4889900,241.44515991210938
2024-07-10,249.42680969883745,252.27599281263824,247.1198617886911,251.36898803710938,4258100,244.22730407714843
2024-07-11,251.9605402158697,251.9605402158697,237.69490176062067,237.85263061523438,5623800,243.82309265136718
2024-07-12,238.19767437921962,245.2565552887546,237.14277907044192,239.96238708496094,5396300,243.98280334472656
2024-07-15,241.06659462813408,245.29599939827816,240.16944314731128,242.08204650878906,3674300,243.83689575195314
2024-07-16,243.47214269189388,244.02423129647116,238.52303691237134,242.36795043945312,4124800,242.72680053710937
2024-07-17,227.97414005291478,230.0247654528402,216.6562643815983,216.96189880371094,10538900,235.8453826904297
2024-07-18,219.01252593921078,219.18999158639738,210.2382284030115,214.57608032226562,7715800,231.19007263183593
2024-07-19,214.42818873031067,215.1971713760876,206.70877213082528,207.29043579101562,6517100,224.6556823730469
2024-07-22,213.17612037503528,220.92511204764048,210.3466589836183,220.31387329101562,7515600,220.3020477294922
2024-07-23,217.33654076402684,218.81535598588678,215.53238438816334,216.54783630371094,3635300,215.13802490234374
2024-07-24,214.29999714844746,214.69435682439186,202.62722151959545,203.61309814453125,9263400,212.4682647705078
2024-07-25,204.22437239747302,206.25529123482033,197.5007004671995,199.4626007080078,9961400,209.44556884765626
2024-07-26,204.06663045037254,205.41727676120203,199.9456578824881,203.55397033691406,5209000,208.69827575683593
2024-07-29,205.35811081644758,209.5283648665794,201.99626780315702,202.6666717529297,4199200,205.16883544921876
2024-07-30,205.31868447850624,206.21583592238946,192.58115880155495,193.96139526367188,7652600,200.65154724121095
2024-07-31,203.18920940280964,209.86358434029893,201.6118005450451,209.2030487060547,11123700,201.76953735351563
2024-08-01,201.24703553982866,206.12712268006473,189.60383296525347,193.52761840820312,11268300,200.5825408935547
2024-08-02,185.21665920071845,186.8926617012261,177.093044452629,179.24224853515625,12991600,195.72019653320314
2024-08-05,172.68616021511005,184.5265335436629,169.1862950464466,179.32110595703125,10079100,191.05108337402345
2024-08-06,180.7309377313968,185.8476255606167,177.75358565683914,180.7210693359375,5803900,188.40301818847655
2024-08-07,187.3165746218575,188.69679599649416,175.4269039238378,175.9888458251953,6652100,181.7601776123047
2024-08-08,182.6435438659803,188.1348852630418,178.6310328200023,187.8588409423828,8637100,180.6264221191406
2024-08-09,187.32644538260223,190.5897102274884,185.39413527853108,188.47991943359375,5050800,182.4739562988281
2024-08-12,188.79542020583284,193.6262108413043,187.6616678250448,190.3629608154297,5568100,184.6823272705078
2024-08-13,193.66561222312922,198.97948678383597,190.98402652210962,197.9640350341797,6198900,188.13092041015625
2024-08-14,199.82736031924668,201.91741420969316,194.93740503354215,198.78233337402344,5377900,192.6896179199219
2024-08-15,204.3821050080909,209.99174607784727,202.23290093098186,208.83827209472656,12073500,196.88550415039063
2024-08-16,202.0554421553341,205.93979905821556,198.33868249911433,204.96377563476562,11644600,200.182275390625
2024-08-19,204.07648910993822,208.12844319109885,199.64004369450478,207.96084594726562,5285400,203.70185241699218
2024-08-20,206.33415150377957,207.61579436890239,201.46393268557102,203.2483673095703,4860300,204.75871887207032
2024-08-21,205.11165415823223,207.034110749391,203.6525608279277,206.16653442382812,4460500,206.23555908203124
2024-08-22,206.07767049660148,207.76674228581768,197.0000965587259,197.75079345703125,6621900,204.0180633544922
2024-08-23,199.68679647760652,203.3118962211753,197.73100876644696,200.1905517578125,5296400,203.06341857910155
2024-08-26,198.21502978239786,198.79780818850537,192.762556461779,193.829345703125,7333900,200.23711853027345
2024-08-27,192.39709081999573,194.39238267696823,189.44366458513676,193.37498474121094,6632500,198.26244201660157
2024-08-28,192.2983071821914,194.23433547129292,188.4657847625571,190.53021240234375,6412500,195.1351776123047
2024-08-29,194.26396966409922,195.88390557016518,189.32513884412785,190.61911010742188,6730300,193.7088409423828
2024-08-30,195.11345707672655,195.41966218843797,190.19438560083833,194.8467559814453,7313800,192.64008178710938
2024-09-03,190.71787857934567,191.69577243498878,180.26731153227306,181.1266632080078,12163400,190.09954528808595
2024-09-04,177.788058163408,182.06508796446798,175.25936382602598,180.14881896972656,6378100,187.45431213378907
2024-09-05,176.8496417278607,181.49215460821853,175.71371670435232,178.03497314453125,6495000,184.95526428222655
2024-09-06,177.30402611117165,178.49922979913936,171.26877425737194,172.6121368408203,8887900,181.35386962890624
2024-09-09,174.93337693549614,176.3656347218336,172.43432998545597,175.37786865234375,7492500,177.46009216308593
2024-09-10,175.7927572883956,176.3261444212573,171.97997903490165,175.8717803955078,5367900,176.40911560058595
2024-09-11,178.03495868453385,184.12947341829806,173.264046843485,183.66522216796875,8187100,177.11239624023438
2024-09-12,182.10456823348153,182.86515239007846,177.84729853345632,180.96864318847656,8011700,177.69913024902343
2024-09-13,183.03305942749427,186.49024074128675,182.68733526726925,186.16427612304688,4851300,180.40955810546876
2024-09-16,182.73673309801163,185.6111361386447,180.89948750289838,185.28517150878906,5915800,182.39101867675782
2024-09-17,187.18167717065361,188.16944327709504,183.70473625578762,186.28280639648438,4026100,184.4732238769531
2024-09-18,188.42625218099283,189.31525069713965,183.47754954126492,183.86277770996094,4266900,184.51273498535156
2024-09-19,192.16990359764833,195.90365836311835,190.5499677474027,194.30348205566406,7326100,187.17970275878906
2024-09-20,191.97235330159955,193.13791009982123,187.15204976645154,189.80914306640625,14306900,187.90867614746094
2024-09-23,192.0414936565273,193.24656956894975,190.3326624320392,191.6661376953125,4457900,189.18486938476562
2024-09-24,194.1059185511809,195.4295366322638,191.38956166889938,194.37261962890625,4849700,190.80283203125
2024-09-25,192.90085671522021,197.8396877702397,192.90085671522021,194.89614868164062,5060100,193.00950622558594
2024-09-26,208.2408732649813,209.55458902068452,200.02265141423516,207.04566955566406,7849800,195.55794372558594
2024-09-27,208.49768333794614,208.74462487851048,201.50429710050986,202.4130401611328,4524800,198.07872314453124
2024-09-30,198.54098285631085,201.81048618235656,196.25924561412734,199.57814025878906,5746000,199.66112365722657
2024-10-01,200.92152555386795,201.56356755244775,191.2710455983616,194.78749084472656,6930100,199.7440979003906
2024-10-02,195.40978729275466,202.00805821126943,194.33312576232115,198.6891632080078,5536600,200.50270080566406
2024-10-03,195.29126416728263,200.6449552211176,195.29126416728263,197.14825439453125,3813300,198.5232177734375
2024-10-04,202.11670451410524,202.41303737312393,197.06921889160867,199.49913024902344,4131100,197.94043579101563
2024-10-07,196.94081602673168,199.12377073591128,195.80487593278454,197.681640625,3711100,197.5611358642578
2024-10-08,197.6816150726859,200.07200699212933,196.23947007607117,198.4224395751953,3616100,198.28812561035156
2024-10-09,198.9360877419428,203.07483013808695,198.17551869215976,202.5513153076172,4141600,199.06055603027343
2024-10-10,198.5607629746007,201.7512435359063,197.5038459207272,201.4647979736328,3796800,199.92386474609376
2024-10-11,199.66704008642634,204.69476594922466,199.66704008642634,202.5513153076172,2604100,200.5343017578125
2024-10-14,204.4281027844318,211.62891187048754,204.4281027844318,211.2733154296875,5239300,203.25263671875
2024-10-15,211.06585924163747,213.06115104270776,187.25083233711996,188.68309020996094,16613200,201.3047668457031
2024-10-16,190.8561835970321,190.8561835970321,181.65019551215994,182.33175659179688,10972600,197.26085510253907
2024-10-17,187.67556954194572,188.46578548075595,180.76120645355826,180.99827575683594,9727100,193.16755065917968
2024-10-18,184.0010702861115,184.50482557767683,182.38113446400854,184.08009338378906,5758600,189.47330627441406
2024-10-21,183.88255335209882,184.42582775862624,181.8477574586649,182.20335388183594,4918100,183.65931396484376
2024-10-22,182.34163177194063,183.0133054988927,180.33646775420775,180.76119995117188,6753600,182.07493591308594
2024-10-23,179.72404964819387,181.49215951350894,177.59047112705954,180.46487426757812,6015200,181.7015594482422
2024-10-24,184.5937422805599,185.5024853266839,180.98838680257427,181.5020294189453,6122100,181.80231018066405
2024-10-25,184.2085121425854,186.88534993096414,183.89241974442615,184.23814392089844,4794700,181.83392028808595
2024-10-28,184.23815802687932,185.34445136090855,182.1539707173031,183.0725860595703,4101000,182.0077667236328
2024-10-29,183.07259172685104,189.18686717810237,182.39103060813923,187.7941131591797,6007400,183.4143493652344
2024-10-30,184.7122805910924,185.88772478821065,182.44041530201935,183.0330810546875,5851300,183.92799072265626
2024-10-31,182.94416197104167,182.94416197104167,177.08670128994788,179.3585662841797,7307500,183.49929809570312
2024-11-01,179.60552557502018,183.20099385246098,179.0029876048283,181.13656616210938,6318900,182.8789825439453
2024-11-04,180.95876445278574,181.6106937607506,178.25229471651562,179.5956573486328,3857600,182.1835968017578
2024-11-05,181.05753459920882,184.46532473245364,180.85998438768007,184.19862365722656,4053000,181.4644989013672
2024-11-06,186.6482919912596,187.06315195150404,182.48979000938294,185.2259063720703,6393300,181.90306396484374
2024-11-07,188.62383256344935,191.95259969989215,188.62383256344935,191.7155303955078,5274700,184.37445678710938
2024-11-08,189.93752358111757,191.72539275885583,188.93001308082594,189.6807098388672,4767300,186.08328552246093
2024-11-11,189.95731227379991,190.8364235739362,184.17888914552748,186.25318908691406,5475200,187.4147918701172
2024-11-12,186.40137199775538,187.42864224579023,182.2132377542854,184.32705688476562,5478400,187.440478515625
2024-11-13,181.8181265393343,183.21086538723543,180.28708595810335,180.55377197265625,8634600,186.50605163574218
2024-11-14,184.49495894910257,185.324678891759,182.82563175620783,183.72450256347656,11747400,184.90784606933593
2024-11-15,166.28054743205033,171.9404582335563,165.282909062361,166.81394958496094,16287500,180.3344940185547
2024-11-18,165.6286068681603,169.56979890117094,164.808774296069,168.64129638671875,8324400,176.81211547851564
2024-11-19,166.2805436442936,167.88073499445906,165.44095149252644,167.23867797851562,8651100,173.39443969726562
2024-11-20,167.23867924040604,168.4437551116727,165.0162054720706,168.4042510986328,6197300,170.96453552246095
2024-11-21,169.52304606588496,175.315072973382,169.35473274255958,174.00814819335938,8917400,169.0212646484375
2024-11-22,173.38438599020466,174.3348781057335,171.66164074792562,173.1467742919922,4242600,170.28782958984374
2024-11-25,174.95863370600588,175.43387219553262,170.22599439060363,172.82003784179688,8926500,171.1235778808594
2024-11-26,173.60220357568238,173.7507259918789,169.2359074110373,171.48341369628906,6517100,171.97252502441407
2024-11-27,171.48341210410507,171.6220239600659,167.08741451854837,169.62205505371094,4348700,172.2160858154297
2024-11-29,174.63191679965541,176.66158732801193,172.5329176764956,172.9784698486328,5944400,172.01015014648436
2024-12-02,173.74084081553883,182.4437329545476,172.97848304307914,181.45364379882812,9100600,173.67152404785156
2024-12-03,179.41404070668227,181.44371114269,179.00810057645683,181.34471130371094,5939900,175.37645874023437
2024-12-04,183.50309736839904,183.85953002383943,178.66156261141026,179.36453247070312,5819800,176.9526824951172
2024-12-05,174.7903238891089,177.64178534494522,168.85969982104257,170.3250274658203,8663800,177.09327697753906
2024-12-06,170.4537291381791,171.60223602604233,169.6517594499924,171.30520629882812,6058500,176.7586242675781
2024-12-09,170.26561816541133,172.77054229785855,168.52306684514028,170.15670776367188,7647100,174.49923706054688
2024-12-10,171.78045730819062,172.15669599723313,165.78051983325255,166.50328063964844,8230900,171.53095092773438
2024-12-11,168.0478109615485,171.48342118868317,167.81019925734736,169.43394470214844,6698600,169.54483337402343
2024-12-12,168.01810144848844,168.42404156712942,165.15674482286565,167.4042510986328,6108500,168.96067810058594
2024-12-13,167.42404758657307,169.82995648486119,166.10722746939092,167.67156982421875,7051700,168.23395080566405
2024-12-16,168.3547333696105,170.0378968202125,167.17654010477278,167.73098754882812,6643000,167.74880676269532
2024-12-17,167.3250482245466,169.057704049357,166.70128729319572,168.65176391601562,6817600,168.17850341796876
2024-12-18,169.2458206355492,172.7012216697765,162.91915235945385,163.8102264404297,9000700,167.053759765625
2024-12-19,161.17657686599892,163.60230692985567,159.4340257165792,159.8399658203125,9252600,165.54090270996093
2024-12-20,158.3944215743351,163.0973439557024,157.38454175093588,161.96864318847656,15336700,164.4003173828125
2024-12-23,163.13698145191486,166.0280397439275,162.5429219626743,165.80032348632812,5040200,164.0141845703125
2024-12-24,165.77062296438046,167.04784645763579,165.24587691135676,166.70130920410156,2595800,163.62409362792968
2024-12-26,165.69140477170401,167.17653831274387,165.09734531226422,165.88941955566406,2793700,164.03993225097656
2024-12-27,164.50329103250738,165.54288756548078,162.998366540978,165.1765594482422,3599600,165.1072509765625
2024-12-30,162.37460588377192,163.33499348083564,160.36472630003493,162.01817321777344,4763100,165.11715698242188
2024-12-31,162.80033669645954,163.54290349060335,160.36472607190152,161.0181884765625,3565500,164.16072998046874
2025-01-02,162.83992425726365,165.05772885466993,161.21617904895697,162.24586486816406,4164600,163.26964111328124
2025-01-03,163.7409327116512,168.73097490034635,163.1369777839414,168.37454223632812,5719800,163.76666564941405
2025-01-06,173.24577052012904,178.59226023188904,173.12696467349858,175.7209930419922,8475500,165.87555236816405
2025-01-07,178.28533268635198,180.03777933109222,174.65169277790844,176.05763244628906,7332100,168.68344421386718
2025-01-08,175.98831729331386,176.40415285460193,173.10715471771886,175.23585510253906,4581700,171.5269775390625
2025-01-10,172.98837235570494,172.98837235570494,167.8300013901753,169.94879150390625,6325300,173.06756286621095
2025-01-13,167.42405947968513,169.9091774834594,166.06762724789164,169.16661071777344,5465800,173.2259765625
2025-01-14,170.15670235080773,171.97846255144265,168.63197188251888,171.928955078125,3842100,172.46756896972656
2025-01-15,174.99824106490914,177.73088142725766,174.13686841855625,176.61209106445312,5908600,172.57846069335938
2025-01-16,183.95855210440138,189.8099821299999,181.19619514071627,184.63180541992188,10825400,174.45765075683593
2025-01-17,191.0871880280838,191.24560590304068,186.91890645019657,190.1466064453125,8115100,178.4972137451172
2025-01-21,192.80994232760247,193.28518082988109,188.92879515928124,190.95846557617188,7959100,182.85558471679687
2025-01-22,194.87922088224974,198.56235319352152,193.39408737310978,193.57229614257812,7288600,187.1842529296875
2025-01-23,188.24563938681544,189.30502683394553,185.92881948529052,188.8099822998047,6307300,189.62383117675782
2025-01-24,188.99809207647934,189.38422618926796,183.77042326908258,184.8991241455078,6088400,189.677294921875
2025-01-27,177.77051412143527,177.7804095744479,168.7309951330623,172.83987426757812,12150200,186.21594848632813
2025-01-28,172.0279759757724,173.0972739846729,168.3151419619068,171.13690185546875,7360500,182.2516357421875
2025-01-29,178.21602225094998,178.4239475909022,172.0576673845624,173.5428009033203,5679900,178.24573669433593
2025-01-30,177.62197714275092,181.45363220367892,175.7012169937462,179.9189910888672,6013800,176.46753845214843
2025-01-31,180.78035077403857,184.59219954908184,178.27542675874483,178.56256103515625,5898400,175.20022583007812
2025-02-03,173.58243291261098,178.46356505471104,172.51313484306516,177.02793884277344,5321300,176.0378387451172
2025-02-04,173.73092692130544,177.52296979809617,173.71112091017622,176.79029846191406,4687100,177.16851806640625
2025-02-05,174.9784261635132,179.21600590938553,173.54280012334473,178.87937927246094,3958500,178.23583374023437
2025-02-06,177.8298947652364,181.26550497522442,176.79029824186492,180.98828125,4479100,178.44969177246094
2025-02-07,181.32491303434233,181.72094262228606,176.95861657710694,178.21603393554688,4992000,178.38038635253906
2025-02-10,181.04769315574373,182.20609558807973,179.62196243669612,181.8397674560547,5744100,179.3427520751953
2025-02-11,179.99820440005053,181.7605618188043,179.29523448001325,181.3843231201172,3913300,180.26155700683594
2025-02-12,177.64176644869343,179.73085484160342,176.52296104502017,179.09719848632812,6640800,180.30512084960938
2025-02-13,178.52296604031443,182.69124786487035,177.83980213325003,182.4437255859375,10302000,180.59620971679686
2025-02-14,173.10717316177923,174.25568013393104,166.9389223507917,167.5230712890625,12452800,178.4576171875
2025-02-18,170.08737801308445,172.03785449837005,167.42405136624015,170.29530334472656,10704900,176.1487243652344
2025-02-19,170.60224404195526,173.16657108951577,169.43394619915077,172.33489990234375,5797000,174.33883972167968
2025-02-20,173.80360499399796,177.00895444882204,173.16848907814492,174.66696166992188,6687300,173.45279235839843
2025-02-21,174.78605202944357,174.90513152875982,169.2982496813766,170.66770935058594,7365400,171.09758911132812
2025-02-24,172.4440556559212,173.89290667477658,167.05548129061842,167.2837371826172,7126200,171.04972229003906
2025-02-25,166.8371708311935,168.3852649707272,163.19517624848072,164.27685546875,8570300,169.84603271484374
2025-02-26,166.1028148696853,168.9509105425278,165.1501334691872,167.22418212890625,5048500,168.82388916015626
2025-02-27,168.95091314559684,169.26847866477473,155.18675255602975,155.44476318359375,9543600,164.9794494628906
2025-02-28,156.08979890871728,158.82874854118882,152.77528826601664,156.86386108398438,9427600,162.21867980957032
2025-03-03,158.51117637894095,159.09668589354987,149.5203111099486,150.96917724609375,9259100,158.9557678222656
2025-03-04,151.89208963542544,155.03789947275573,148.40887776585723,151.7035369873047,8538600,156.44110412597655
2025-03-05,151.97146848003194,154.68063304390728,148.855428776668,154.1348419189453,5860000,153.82323608398437
2025-03-06,150.3836669921875,152.87452412208174,148.4584828865702,150.3836669921875,6967800,152.81101684570314
2025-03-07,150.30429521568286,155.15698159681278,149.04398167658627,154.49208068847656,5537800,152.33666076660157
2025-03-10,151.2569708510788,153.27147990419854,146.7516195822543,148.84552001953125,8008400,151.91192932128905
2025-03-11,147.83329570725223,149.3615381788272,144.26075920669552,145.868408203125,7739900,150.74490356445312
2025-03-12,150.5623141432996,150.5623141432996,147.30734312679036,147.922607421875,8482200,149.50245666503906
2025-03-13,147.75390731018297,151.89208667389929,147.2378708847074,148.80581665039062,5702200,149.1868865966797
2025-03-14,150.96919595526654,155.30584637264107,150.96919595526654,154.47225952148438,5138800,149.18292236328125
2025-03-17,151.7829159916878,156.01041986407057,151.6737547381202,154.27377319335938,4764300,150.26857299804686
2025-03-18,153.1424703298046,153.75773458156834,150.65161316407,152.33863830566406,4282300,151.5626190185547
2025-03-19,152.01117080477113,155.87150315514722,151.62414725947636,153.2814178466797,4426500,152.63438110351564
2025-03-20,151.0684226045375,154.4325550015529,150.52261628654057,153.2020263671875,5480300,153.513623046875
2025-03-21,149.14322084418922,151.02873217368554,147.87298896482844,150.95925903320312,15911300,152.81102294921874
2025-03-24,154.31347599751567,155.07760484520946,153.42034939595263,153.76766967773438,5855200,152.70980224609374
2025-03-25,153.65850713224845,153.76766839529427,151.35621750577064,152.46766662597656,5093700,152.73560791015626
2025-03-26,151.97147877995204,152.81499899046594,148.36917231385476,149.53024291992188,4850800,151.9853729248047
2025-03-27,148.68673476842304,148.75619276442688,145.8187873114505,146.55313110351562,6933800,150.6555938720703
2025-03-28,147.66459258113423,148.65696213457954,143.02029519698416,143.953125,7715000,149.25436706542968
2025-03-31,141.68060542901952,144.5683893222457,140.08288984178463,144.01266479492188,7116300,147.3033660888672
2025-04-01,143.0004593789404,144.99511673946967,140.71800636684225,144.54855346679688,5869500,145.71954345703125
2025-04-02,142.9309883481916,148.1706984807909,142.74243570659655,146.6226043701172,4904800,145.1380157470703
2025-04-03,139.92409655770217,140.78745315899346,134.36682141761676,134.47598266601562,11779600,142.72258605957032
2025-04-04,128.12483754759012,131.449281709679,122.99428861732896,125.98131561279297,15564000,139.12822418212892
2025-04-07,124.01642663720473,140.48976759107157,122.79580873219827,131.8363037109375,18941900,136.69295196533204
2025-04-08,137.35387998816753,139.62639970982767,126.52712401658258,127.97599029541016,16423700,133.3784393310547
2025-04-09,128.59125279222184,149.80811938996408,127.61873483764137,148.58749389648438,20667300,133.77141723632812
2025-04-10,141.14472572627423,142.71267153088797,132.47142500534676,137.1851806640625,16290700,134.3132568359375
2025-04-11,137.51265620417487,145.11419547067135,134.46607440865088,143.83404541015625,10617200,137.88380279541016
2025-04-14,145.75924429842976,146.5729794551184,141.05540718183087,143.4271697998047,6835900,140.20197601318358
2025-04-15,143.86383098708296,145.91802831161917,143.13940537431023,144.3401641845703,5259900,143.4748107910156
2025-04-16,136.76838717120765,140.00350665453536,133.32486340675715,137.13555908203125,9279100,141.184423828125
2025-04-17,137.9294570995057,138.58440953179706,135.8950963771069,136.4111328125,6494800,141.0296142578125
2025-04-21,134.09890785048708,134.97218279489073,131.78668488338934,134.52561950683594,8395300,139.16792907714844
2025-04-22,136.13324106078719,138.01875220062126,135.27981782544921,137.2447052001953,5222700,137.93143615722656
2025-04-23,143.74473433561923,146.70199133338738,141.65083399455725,142.4844207763672,7994300,137.56028747558594
2025-04-24,146.483675678531,149.25238016996974,144.24092585801915,149.02413940429688,7609200,139.93800354003906
2025-04-25,147.06917150982034,151.44552507457925,146.74168772514193,150.39361572265625,4805200,142.7345001220703
2025-04-28,149.63938903808594,150.7111499065434,146.38441831567005,149.63938903808594,7052500,145.75725402832032
2025-04-29,147.8630530086546,149.91726510737448,146.78137390604547,148.4088592529297,5721300,147.99008483886718
2025-04-30,144.85617597356924,149.88748142450265,143.60579586476868,149.5600128173828,7273600,149.40520324707032
2025-05-01,150.48292272657676,151.11803865301545,147.60505699729217,147.82337951660156,6732000,149.16505126953126
2025-05-02,151.6241328459767,155.50430131736138,151.5249049790325,153.91651916503906,6083200,149.8696319580078
2025-05-05,152.93406731525255,155.44476098917434,152.6760566913309,153.4302520751953,4069300,150.6278045654297
2025-05-06,150.84018046113192,153.3012528498479,150.74093744335883,151.86231994628906,3471700,151.31849670410156
2025-05-07,152.1798731906017,155.0081172602635,150.35390175071188,154.62109375,5499000,152.330712890625
2025-05-08,156.82415553999957,157.58828431759656,154.62109397305773,154.8096466064453,4824600,153.72796630859375
2025-05-09,155.73254258209587,156.79438524416955,153.46994127223948,154.42262268066406,3884200,153.82918701171874
2025-05-12,165.16998462252238,168.50434680110266,164.3860042253679,166.70816040039062,11724100,156.48476867675782
2025-05-13,167.58145547956502,172.8509358206082,167.18451368236015,171.709716796875,8980200,160.454248046875
2025-05-14,172.12649610549974,173.94253420632532,171.72955434085972,172.8112335205078,7069700,164.09227600097657
2025-05-15,170.43947152723058,175.03414742472728,169.89366524204883,173.4165802001953,12811600,167.81366271972655
2025-05-16,167.1447875992526,168.1768603588649,160.68446760617422,164.30662536621094,16540400,169.79046325683595
2025-05-19,161.2997471608871,164.73335261907906,161.13104614697465,164.67381286621094,7465700,169.38359375
2025-05-20,163.79061946680918,164.67382788038242,162.97686905712882,164.46542358398438,5372400,167.9347351074219
2025-05-21,162.2921129208238,165.02112924010052,160.43638666927015,160.9921112060547,5658600,165.57091064453124
2025-05-22,159.91731915476103,162.51476948930755,159.5092870090644,159.74813842773438,6355700,162.83722229003905
2025-05-23,155.88676714965953,157.6482600311084,154.91148391177774,156.75257873535156,5733400,161.3264129638672
2025-05-27,159.8576074040425,161.69870247450038,158.40462120608453,161.0518341064453,8470400,160.60201721191407
2025-05-28,161.13144155617493,162.8829729353555,160.10639563958316,160.81297302246094,6727200,159.87152709960938
2025-05-29,164.6643749855906,164.7439769340671,157.68807358427568,158.71311950683594,6845600,159.4157287597656
2025-05-30,158.27522788031925,158.46431666918312,152.73201987815744,155.99624633789062,15273600,158.66535034179688
2025-06-02,155.04085403459962,156.86205603086964,154.6825845404905,156.5137481689453,5875300,158.61758422851562
2025-06-03,156.1753667451921,161.17123142947696,155.6081155885299,160.96224975585938,6355400,158.59966735839845
2025-06-04,161.7186030588818,162.69388638233588,159.40975171390315,161.15133666992188,5990600,158.66734008789064
2025-06-05,162.43514528255741,164.82359862367431,160.325344325057,163.40048217773438,7386800,159.6048126220703
2025-06-06,164.64446532424418,168.71479444835438,164.64446532424418,165.93821716308594,5717500,161.59320678710938
2025-06-09,167.00306653810367,170.99379377396627,167.00306653810367,168.97354125976562,6320000,164.08516540527344
2025-06-10,169.7597546574456,173.55143154717226,169.17259536272184,172.93441772460938,5711600,166.47959899902344
2025-06-11,173.4021460491337,174.94468049115244,169.51094423155607,171.9591064453125,6133200,168.64115295410156
2025-06-12,171.6605681228252,174.5167625493809,171.45157124959198,174.1584930419922,4468500,170.79275512695312
2025-06-13,170.23742497368468,172.74531135500823,169.57064861073482,169.76968383789062,5297100,171.55904846191407
2025-06-16,172.18801032189774,176.02944951115532,171.95910537963655,175.70103454589844,6712900,172.90454711914063
2025-06-17,175.43234026651305,177.46253924358135,173.22301412492357,173.25286865234375,6631400,172.9682373046875
2025-06-18,174.41724201856047,174.41724201856047,170.98383467207455,172.00888061523438,4946900,172.9781921386719
2025-06-20,173.63102934706504,174.5266954533258,165.1121941495639,168.64512634277344,18396600,171.87551879882812
2025-06-23,169.44128016870187,171.46151747049007,167.90869211353737,171.13311767578125,6838800,172.14820556640626
2025-06-24,174.22816977859597,179.65195999888581,174.1584990899603,179.31358337402344,7254500,172.87071533203124
2025-06-25,180.2391003405649,182.32900818404,179.6320330287299,182.18968200683594,5431800,174.6580780029297
2025-06-26,182.3091124860912,183.61281077247867,181.18454136023848,182.6375274658203,5199700,176.78380737304687
2025-06-27,183.4933820420761,184.90655190655752,180.24904859190116,182.32901000976562,14202800,179.5205841064453
2025-06-30,182.91616741758457,183.8815042115749,181.65227019089576,182.18968200683594,4070700,181.73189697265624
2025-07-01,181.56271333929402,184.04073009599006,180.0301101478886,182.87635803222656,6572300,182.44445190429687
2025-07-02,181.75181123066665,189.99199485268738,180.75661982524952,189.0963134765625,8800600,183.82577819824218
2025-07-03,188.43949482127863,191.1165468911422,188.35987768822991,190.13131713867188,3568500,185.3245361328125
2025-07-07,188.13097139896428,190.72842150273206,187.7030463954613,189.86260986328125,6577400,186.8312561035156
2025-07-08,191.21606672250667,195.35606641203844,190.59905294051256,194.0523681640625,8097100,189.20379333496095
2025-07-09,194.85847155570755,197.00808854035134,193.3059754619365,194.450439453125,6170800,191.51860961914062
2025-07-10,197.0478890043484,198.46105891132171,195.70437459606185,197.07774353027344,5229100,193.11489562988282
2025-07-11,195.90343236356597,197.82414446871707,195.20678623808044,196.9782257080078,4424400,194.48427734375
2025-07-14,194.66939624094127,197.86396741300854,193.55478669861014,196.15223693847656,7264000,195.74220275878906
2025-07-15,199.11788997943378,200.14293586976802,197.54548580168444,198.33168029785156,6007100,196.5980651855469
2025-07-16,193.0671273936976,194.2215530370462,188.837564035846,193.87322998046875,9400000,196.4826232910156
2025-07-17,191.69376356928834,193.09698709481995,191.02698715019685,191.59425354003906,5704000,195.38592529296875
2025-07-18,192.13165820474134,192.6392155610518,189.22570100361787,189.52426147460938,4757100,193.89513244628907
2025-07-21,189.8725518190903,193.46519321579052,189.86260537229595,191.68380737304688,5061500,193.00144653320314
2025-07-22,191.34546456728285,191.57435434913404,184.23979821338617,186.24012756347656,7074500,190.58313598632813
2025-07-23,186.77750942929288,188.4892398041616,185.24492139782055,186.11073303222656,5419800,189.0306365966797
2025-07-24,187.2552092244861,189.12615864803388,186.17045429074278,187.21539306640625,4819900,188.1548645019531
2025-07-25,184.9165219972146,185.6231146125102,183.21475311140267,184.79710388183594,6608700,187.20943298339844
2025-07-28,188.10110598046998,189.58394651444502,187.72294360484318,189.3550567626953,4913000,186.74368286132812
2025-07-29,190.69856891323798,191.5245795875452,187.046218341451,187.50401306152344,4605400,186.9964599609375
2025-07-30,188.81765524609784,189.95217280569614,186.8372341293604,188.4792938232422,4018500,187.4701721191406
2025-07-31,177.02464296857846,180.59737628614428,173.67083777838477,179.19415283203125,11375400,185.8659240722656
2025-08-01,175.75079839263455,180.75660966569433,175.40247534615,179.12449645996094,8393200,184.7314025878906
2025-08-04,181.12482326613858,182.1200146027657,179.63203626119787,181.94088745117188,4189300,183.24856872558593
2025-08-05,181.79160632811573,182.37876559382966,176.54694353920692,178.2885284423828,5292000,181.4054718017578
2025-08-06,178.01984861735005,178.37811814109546,174.6361886296622,177.2834014892578,5857800,179.16629333496093
2025-08-07,183.4635288608749,185.90174459692696,180.98549696755168,182.269287109375,6616600,179.78132019042968
2025-08-08,182.26930286452773,184.48859066907985,181.74185262570276,183.9810333251953,4338400,180.75262756347655
2025-08-11,186.25004666705362,188.8076956100462,182.89625682834765,183.49337768554688,7816000,181.06312561035156
2025-08-12,184.83690131905166,188.8176670665554,183.39387677266478,187.5438232421875,5915400,182.9141845703125
2025-08-13,188.88732117902288,190.2208739429016,187.82245914602018,189.1162109375,5923400,185.28074645996094
2025-08-14,186.95666126724578,189.1162248321556,185.88185270852927,187.3348388671875,10992400,186.29385681152343
2025-08-15,161.91764486238532,166.6945668295082,160.93241505173108,160.98216247558594,31803300,181.69408264160157
2025-08-18,161.03192187972232,163.75875184809573,160.97221282395185,162.74365234375,10125800,177.54413757324218
2025-08-19,163.45024762642063,164.40562290530357,160.7134711655153,161.43995666503906,8921500,172.3233642578125
2025-08-20,161.0219617190975,161.19114242451116,157.18052254238194,160.18600463867188,9323300,166.53732299804688
2025-08-21,159.62710843309375,160.97445826218853,158.7687902601188,159.5272979736328,8294900,160.97581481933594
2025-08-22,160.36564733101568,164.67720323468663,159.66701981762574,162.172119140625,7448100,161.21380615234375
2025-08-25,161.99246175080773,162.3018528444476,160.43551609962796,161.673095703125,4186800,160.99969482421875
2025-08-26,161.69304699154972,164.4875722700828,161.36369075807505,164.1881561279297,6770200,161.54933471679686
2025-08-27,162.94059573002474,164.32787575106016,162.2319932888504,164.06838989257812,4633500,162.32581176757813
2025-08-28,164.3977587127974,165.83494407070032,163.41968015547835,164.94668579101562,7899500,163.4096893310547
2025-08-29,162.55136836749665,163.33983139843534,159.11809569111583,160.44549560546875,7202100,163.06436462402343
2025-09-02,156.41340605177857,157.9903168866329,155.70478834139965,157.26174926757812,7683400,162.18209533691407
2025-09-03,157.7408022987172,157.7408022987172,154.16780419585407,155.94432067871094,7335000,160.5333282470703
2025-09-04,155.63493170321595,159.35763031306723,155.09597959540355,157.93043518066406,6245100,159.3057373046875
2025-09-05,159.94647584363716,162.5314205677267,158.50930572623892,162.43161010742188,7046800,158.80272216796874
2025-09-08,163.48952247502586,164.32787545841683,161.53336551378035,161.73297119140625,7933600,159.06021728515626
2025-09-09,161.60323438716807,163.93865299471213,161.43356878531455,163.18014526367188,5315400,160.243896484375
2025-09-10,163.9785793303499,165.07641823871458,162.23200289396536,163.1002960205078,5690200,161.6750915527344
2025-09-11,163.679160968348,170.32613542847108,163.679160968348,169.81712341308594,8999900,164.05242919921875
2025-09-12,167.58151087317955,169.33806219324018,166.85292805277138,167.4717254638672,5170600,165.06045227050782
2025-09-15,168.77916476259776,170.72534686315996,168.20029760954426,170.59559631347656,5597600,166.83297729492188
2025-09-16,172.12261150819194,173.75940245582578,171.24432823860496,173.2004852294922,6447500,168.83704528808593
2025-09-17,173.9091103268754,179.19874484888933,173.62965931625772,177.78152465820312,9588300,171.773291015625
2025-09-18,187.63221203155874,191.17527014496355,183.47037170918236,189.38876342773438,15473700,175.6876190185547
2025-09-19,190.44669628280258,191.4746800222598,188.2909183474808,189.7281036376953,18903500,180.1388946533203
2025-09-22,192.81205431529415,200.75647320545536,192.0535313981764,200.12771606445312,15475500,186.04531860351562
2025-09-23,200.83631658174207,203.70071217236242,198.41107785647122,200.47702026367188,12417900,191.50062561035156
2025-09-24,198.69053009183375,203.35139207285314,197.0138088540997,201.04591369628906,6360500,196.15350341796875
2025-09-25,198.65060119686785,200.32732244624077,195.81616088864374,199.2095184326172,6027600,198.1176544189453
2025-09-26,199.6087278897398,204.79855176908558,197.00383338162123,203.52105712890625,7363300,200.8762451171875
2025-09-29,205.93632180375118,210.0881870168438,204.2795657001223,204.54904174804688,9295400,201.76051025390626
2025-09-30,203.96020082020488,209.85864244367252,202.473110300038,204.33946228027344,12253800,202.53299865722656
2025-10-01,204.3394586650073,218.01265337540565,203.21166448777,217.31402587890625,12699200,205.78662109375
2025-10-02,224.5598178117344,225.9670629916329,218.30207995794498,223.15257263183594,11166000,210.57523193359376
2025-10-03,219.4797798818174,220.06862197274054,215.17821424269903,217.10443115234375,9269800,213.29190673828126
2025-10-06,221.9050185262134,226.04690875583006,220.33809793566104,223.47195434570312,7891900,217.0764892578125
2025-10-07,223.47196368378363,224.39016204043207,210.8566921980614,211.1461181640625,10543300,218.4378204345703
2025-10-08,209.5891701950264,218.2222418281512,208.59112652743104,217.08447265625,7875500,218.39190979003905
2025-10-09,216.57547147267954,220.42792056056763,215.0883809557261,219.8690185546875,6701400,217.73519897460938
2025-10-10,220.26823008089505,224.030858898181,209.31969004336977,209.5392608642578,12829700,216.2221649169922
2025-10-13,219.91892172405446,220.69739454337656,216.6054095360169,219.0506134033203,7853000,215.33789672851563
2025-10-14,213.4815371587937,221.2163756823578,213.29192165181425,217.76315307617188,8260000,216.6613037109375
2025-10-15,223.52186766150533,227.6537678577488,220.08859499043584,227.13478088378906,8033600,218.6713653564453
2025-10-16,230.14887625638104,231.61600166872148,223.59172203849965,227.27450561523438,7742800,220.1524627685547
2025-10-17,226.02695082918166,226.91520908501144,222.26432193473966,224.5498504638672,5272800,223.15458068847656
2025-10-20,226.70560682908015,230.8774371650694,226.08682464528175,227.68370056152344,5494800,224.88119812011718
2025-10-21,225.4780160099169,227.71363923293165,224.76941355784317,225.557861328125,4557500,226.4401397705078
2025-10-22,225.55786952545276,226.32636741581464,215.64730318760954,220.12850952148438,7498100,225.03888549804688
2025-10-23,217.96275865033672,230.09897345320735,217.69328259265353,228.02304077148438,7001900,225.18859252929687
2025-10-24,228.55200115266393,230.26863748880683,225.84729609767922,228.302490234375,5346700,225.93912048339843
2025-10-27,232.54417248889098,235.3287075960726,230.6778357202874,230.87744140625,7671700,226.57786865234374
2025-10-28,229.2306587217758,230.5680487896835,226.63575436348205,227.1946563720703,6118500,226.9052276611328
2025-10-29,232.44435737970605,236.9255788002345,231.54612419638124,235.28878784179688,7784500,229.93728332519532
2025-10-30,237.31482647022875,242.02559388708838,231.62598050506213,232.09506225585938,7317700,230.7516876220703
2025-10-31,233.28272926325604,237.4445694746562,229.9991571120555,232.64398193359375,6532600,231.61998596191407
2025-11-03,235.20894700946448,239.32088200639657,233.54221592838826,237.24496459960938,6160600,232.89349060058595
2025-11-04,230.96725922290278,236.50640451581492,229.32049329506233,229.7396697998047,6896400,233.40249328613282
2025-11-05,229.73966779350314,241.4367404657586,229.64984752090078,240.41873168945312,7230800,234.42848205566406
2025-11-06,240.29897697770505,240.29897697770505,232.47430308666853,233.07313537597656,9278400,234.6240966796875
2025-11-07,231.8156118931123,232.06512281534611,222.94300410763472,229.6199188232422,6892800,234.0192840576172
2025-11-10,235.7678460290554,236.07723712242108,231.60600585626347,234.62010192871094,7673700,233.4943115234375
2025-11-11,232.11502038699336,232.79368276318675,226.55590991315495,228.22264099121094,6237600,233.19090576171874
2025-11-12,230.77763206127307,231.38643930520323,228.45218849770174,230.2786102294922,5955400,231.16288146972656
2025-11-13,226.94513905664746,228.55198990047643,219.20032601667316,222.79327392578125,13465900,229.1069091796875
2025-11-14,203.35139433846993,225.71755626151366,203.00207296827668,225.56784057617188,15254400,228.29649353027344
2025-11-17,223.76138656810858,231.25670423612902,222.8232230867102,228.2625732421875,8713600,227.02498779296874
2025-11-18,226.0369206560383,227.17468980319023,218.9907349527169,224.67958068847656,12167400,226.31637573242188
2025-11-19,226.84533946669154,235.44848627343708,226.0568916666883,234.67001342773438,8870500,227.1946563720703
2025-11-20,238.7899932861328,240.75999450683594,218.9600067138672,220.22999572753906,9264000,226.68200073242187
2025-11-21,219.1999969482422,228.16000366210938,215.5,224.00999450683594,8596800,226.37043151855468
2025-11-24,222.86000061035156,233.1999969482422,222.86000061035156,230.91000366210938,8806600,226.89991760253906
2025-11-25,237.5500030517578,244.6199951171875,233.13999938964844,242.4600067138672,8330300,230.45600280761718
2025-11-26,242.8300018310547,252.66000366210938,242.8300018310547,249.97000122070312,8791100,233.51600036621093
2025-11-28,250.8000030517578,252.47999572753906,247.85000610351562,252.25,2916300,239.9200012207031
