Date,Open,High,Low,Close,Volume,MA5
2021-01-08,32.649642758224516,32.81229124131951,32.032528193393006,32.3769645690918,3871200,31.789509582519532
2021-01-11,31.87705388389293,32.506125079746404,31.740712969915116,32.4535026550293,3259600,32.13203239440918
2021-01-12,32.470245227585956,32.580274920444914,32.161689807013786,32.2765007019043,2970000,32.33295211791992
2021-01-13,32.22387823256967,32.30520246425342,31.98947159133959,32.16168975830078,3241600,32.35543594360352
2021-01-14,32.2908449087243,32.353033370186225,31.97032925001997,32.01338195800781,3214000,32.2564079284668
2021-01-15,31.85073310320364,31.948802469785505,31.314942962392912,31.51108169555664,5488000,32.083231353759764
2021-01-19,31.89140241611004,31.955985141594674,31.41301942686325,31.65699577331543,4306000,31.923929977416993
2021-01-20,32.003818480203975,32.137765115524,31.81246457984448,32.039695739746094,3361200,31.87656898498535
2021-01-21,32.132986585595155,32.48938324950365,31.80051053260184,31.83639144897461,4160400,31.811509323120116
2021-01-22,31.649821564569194,31.73353640111456,31.47042793654993,31.630685806274414,6218000,31.734970092773438
2021-01-25,31.707218972329947,31.843559854780906,31.190564548997873,31.769411087036133,7190400,31.786635971069337
2021-01-26,31.915320190562767,31.994253823776507,31.03509721976587,31.099679946899414,6410000,31.675172805786133
2021-01-27,30.32469983307657,30.616513771947268,29.30813589924238,30.0352783203125,13338400,31.274289321899413
2021-01-28,30.50409048731891,30.611727752960967,29.894153281558925,30.341440200805664,8997600,30.975299072265624
2021-01-29,30.2816412696218,30.37731822744137,29.848705270973813,29.87023162841797,8626800,30.623208236694335
2021-02-01,30.13812498956219,30.58062884070156,29.68605326070964,30.049623489379883,9662800,30.279250717163087
2021-02-02,30.480173058456522,30.73610789164049,30.274468221517672,30.37253761291504,4600000,30.13382225036621
2021-02-03,30.374927480289163,30.61651140153506,30.250548705670393,30.252941131591797,5147600,30.17735481262207
2021-02-04,30.21466989282828,30.779160148063216,30.126168381789455,30.70501136779785,3125200,30.250069046020506
2021-02-05,31.03988065203615,31.111638828927767,30.78155340508982,30.975297927856445,4229200,30.471082305908205
2021-02-08,31.157082107598274,31.666561148148144,31.14034060121537,31.645034790039062,4090800,30.79016456604004
2021-02-09,31.54696352205631,31.886614978909833,31.47999020097377,31.623506546020508,3460800,31.040358352661134
2021-02-10,31.81246923725115,31.9129292284487,31.362788053037956,31.410629272460938,3844000,31.271895980834962
2021-02-11,31.633077008149453,31.731146402607894,31.1331676311873,31.714401245117188,4306400,31.473773956298828
2021-02-12,31.563711168142202,32.53721865127234,31.563711168142202,32.50612258911133,5651200,31.779938888549804
2021-02-16,32.752499892413375,33.05627420791802,32.386537082695234,32.467864990234375,5448800,31.944504928588866
2021-02-17,32.3291293299593,32.38175176059078,31.886623522314537,32.044490814208984,3190000,32.02870178222656
2021-02-18,31.680917558585634,31.800513324114288,31.21210420158626,31.271902084350586,7517600,32.00095634460449
2021-02-19,31.413008579988183,31.951189257057667,31.391482228850517,31.676116943359375,10166800,31.99329948425293
2021-02-22,31.377135471852668,31.7120057217346,31.073364930957492,31.092500686645508,4914800,31.710575103759766
2021-02-23,30.93702662113765,30.93702662113765,29.997005811844474,30.470603942871094,10736000,31.31112289428711
2021-02-24,30.343835073281696,31.147518692043352,30.33905022115025,30.987260818481445,6584000,31.099676895141602
2021-02-25,30.874837039690075,30.913108552885795,29.822394150328297,29.94916534423828,6008000,30.83512954711914
2021-02-26,30.195531113898053,30.331870180843783,29.78651391306087,30.06158447265625,7524000,30.512223052978516
2021-03-01,30.468208981778975,31.14751370975897,30.456250503136005,31.085325241088867,5352400,30.510787963867188
2021-03-02,31.12120220949881,31.331691870361784,30.822212872942167,30.86287498474121,5443200,30.58924217224121
2021-03-03,30.661952307860737,30.776763180982506,30.05440581085977,30.066364288330078,6542000,30.405062866210937
2021-03-04,29.968303997258424,30.01375096734922,28.521194656412778,28.722116470336914,9512400,30.159653091430663
2021-03-05,29.315308421689974,29.60712233138471,28.02367583598434,29.449256896972656,7179600,30.037187576293945
2021-03-08,29.46360513354521,29.927637165937615,29.023491883001824,29.344009399414062,6487200,29.688924407958986
2021-03-09,29.769773498019656,30.10464195880126,29.688449264984026,29.755422592163086,4880200,29.46743392944336
2021-03-10,29.81282479368756,30.147693218000065,29.683661180386192,29.702796936035156,6342600,29.394720458984374
2021-03-11,30.19075227524251,30.640433475878787,29.999398339879875,30.5782413482666,7135200,29.765945434570312
2021-03-12,30.362967956425678,30.707404281813133,30.319913415752247,30.659563064575195,4314000,30.00800666809082
2021-03-15,30.659555764071413,31.53021607357924,30.659555764071413,31.501510620117188,5026400,30.439506912231444
2021-03-16,31.67852295616221,31.917714457009374,31.037487836010026,31.243192672729492,5837200,30.737060928344725
2021-03-17,31.061400189053057,31.35799888517783,30.932238418830206,31.224048614501953,4167200,31.041311264038086
2021-03-18,31.008783422758167,31.592411219833036,30.970511909887474,31.094892501831055,4778400,31.144641494750978
2021-03-19,30.927458326303732,31.114027384091113,30.50648082098469,30.760025024414062,6542600,31.16473388671875
2021-03-22,30.810369442301454,31.198734260197483,30.613787371303292,31.026126861572266,4689000,31.069657135009766
2021-03-23,30.78160166982586,31.131612162332292,29.985692961392214,30.172683715820312,6275600,30.85555534362793
2021-03-24,30.306931236484782,30.896673804103155,30.23980654202695,30.51789665222168,4103000,30.714324951171875
2021-03-25,30.316523841677334,30.98777268394533,30.124739242034025,30.925443649291992,5074200,30.680435180664062
2021-03-26,31.13639905090526,31.932307534958124,31.006941698630314,31.879566192626953,4811600,30.90434341430664
2021-03-29,31.80765411927321,32.04259421730581,31.424084943870653,31.745325088500977,4027200,31.048183059692384
2021-03-30,31.683003046585846,31.846019159036288,31.232305416597644,31.448062896728516,5174000,31.303258895874023
2021-03-31,31.433678348608698,31.90355497230557,31.352170295505072,31.630260467529297,5983600,31.52573165893555
2021-04-01,31.999434921727314,32.20560464336683,31.424079430558013,32.1480712890625,5445200,31.770257186889648
2021-04-05,32.54602569640172,33.044668859197806,32.36862629924837,32.99672317504883,3581200,31.993688583374023
2021-04-06,32.83370706841262,32.89124042609718,32.531642308483825,32.73781204223633,4298600,32.192185974121095
2021-04-07,32.728230161185756,32.905629589472625,32.22958691087803,32.26314926147461,8259200,32.355203247070314
2021-04-08,32.46452011197702,32.637127514326885,32.0857429600438,32.63233184814453,6034200,32.55561752319336
2021-04-09,32.661099695624564,32.848090424235174,32.37821394078978,32.82411575317383,4295000,32.690826416015625
2021-04-12,32.49808125518067,32.88644606706848,32.38301087721787,32.46931457519531,6105800,32.58534469604492
2021-04-13,32.483698566825645,32.584385606815594,32.16245844047369,32.522056579589844,7238000,32.54219360351563
2021-04-14,32.61315605955567,32.819325829482935,32.39260294768355,32.46452331542969,5797600,32.58246841430664
2021-04-15,32.670694909802755,32.977551748501824,32.63233689045986,32.85289001464844,4202200,32.62658004760742
2021-04-16,33.00632113129562,33.0734494996425,32.76179696855161,32.833717346191406,12198600,32.628500366210936
2021-04-19,32.8097317789016,32.896035471822834,32.19122258930295,32.36862564086914,5542400,32.6083625793457
2021-04-20,32.23437619223432,32.421366916806,31.91313243384862,32.02341079711914,3063400,32.50863342285156
2021-04-21,32.02342344724645,32.57960017495357,31.96109440044126,32.47412109375,6292800,32.510552978515626
2021-04-22,32.59397238781889,32.80972977795312,32.33506132484525,32.411773681640625,6689000,32.42232971191406
2021-04-23,32.603564036011626,33.06864487298522,32.488493657777575,32.98713684082031,7110800,32.45301361083985
2021-04-26,33.05425773322269,33.38029348242438,32.99192505624441,33.07343673706055,4905000,32.59397583007812
2021-04-27,33.054261494307546,33.222073224457105,32.49328562777706,32.72822570800781,6292200,32.73493881225586
2021-04-28,32.37822019677241,32.80973875310433,32.08095470309414,32.3734245300293,9886600,32.71479949951172
2021-04-29,32.771374419533124,33.107001524452606,32.58917935664853,32.91041946411133,5802200,32.81452865600586
2021-04-30,32.53644427742919,32.689872691013,32.06177569447021,32.2871208190918,7433400,32.67452545166016
2021-05-03,32.68507583434123,32.75220053421403,31.697380686479725,31.76450538635254,6772000,32.41273918151855
2021-05-04,31.596684121660427,31.759700155683323,31.20352371593503,31.678192138671875,9271200,32.202732467651366
2021-05-05,31.98025397210794,32.359031049659635,31.764496590550248,32.076148986816406,6540800,32.14327735900879
2021-05-06,31.970678242835294,32.21041038213129,31.54875099456231,32.10013198852539,5276800,31.981219863891603
2021-05-07,32.20560969822348,32.7713776051496,32.11930599520012,32.656307220458984,4212800,32.05505714416504
2021-05-10,32.661104750820876,32.76179180042441,32.152870178222656,32.152870178222656,5650600,32.132730102539064
2021-05-11,31.49120520181028,31.85559897639377,31.256268794917496,31.79326629638672,5321800,32.15574493408203
2021-05-12,31.457641422177314,31.572711787522795,30.748032910168092,30.7672119140625,5099400,31.89395751953125
2021-05-13,30.968594342736658,31.5151869564895,30.848728279497042,31.309017181396484,3985000,31.73573455810547
2021-05-14,31.558336261112704,31.975471468527275,31.395320174688397,31.81724739074707,3173200,31.567922592163086
2021-05-17,31.65902203392094,31.922728819567343,31.51518496194976,31.884370803833008,3281600,31.514222717285158
2021-05-18,31.917932453142868,31.994648482929176,31.486413930648993,31.500797271728516,4407000,31.455728912353514
2021-05-19,31.083663984227112,31.654223876789498,30.935027599457197,31.615869522094727,4630000,31.62546043395996
2021-05-20,31.79327135522451,32.033003465960384,31.639842950674417,31.927520751953125,3564800,31.749161148071288
2021-05-21,32.07615719433409,32.28232695618521,31.644638662782707,31.812450408935547,7290200,31.748201751708983
2021-05-24,32.071353937406585,32.24396130917544,31.932308906924966,32.157657623291016,3215600,31.802859115600587
2021-05-25,32.287122168602444,32.39740056017291,32.06177703456206,32.10492706298828,3264200,31.92368507385254
2021-05-26,32.042596737972374,32.26314985423377,31.99944305325714,32.17205047607422,2966600,32.03492126464844
2021-05-27,32.34465989232042,32.45493828625864,32.18643580198296,32.215206146240234,4938800,32.09245834350586
2021-05-28,32.38300960206246,32.45972196500981,32.12409851832535,32.24876022338867,3926400,32.17972030639648
2021-06-01,32.50767311951533,32.713842864836366,32.38301140750178,32.406982421875,4098600,32.22958526611328
2021-06-02,32.4549287149658,32.718631796404,32.27273000114991,32.48849105834961,4858200,32.306298065185544
2021-06-03,32.28232636141452,32.718636893373294,32.0905399444783,32.622745513916016,4346000,32.396437072753905
2021-06-04,32.83850426150317,33.183719094205834,32.71863820337151,33.15974807739258,3404800,32.58534545898438
2021-06-07,33.15974484699129,33.241252880655125,32.555618948615184,32.694664001464844,3361000,32.67452621459961
2021-06-08,32.862476924601715,32.910422613314935,32.565207801745224,32.68507385253906,2501600,32.73014450073242
2021-06-09,32.790554673037214,32.79535033903867,32.56041391726648,32.67068862915039,3375000,32.76658401489258
2021-06-10,32.857686333494755,32.95358138375463,32.52685481163689,32.73302459716797,3659800,32.788639831542966
2021-06-11,32.843299167688194,32.9343985403261,32.5987713905148,32.8193244934082,6820000,32.72055511474609
2021-06-14,32.76658442224601,32.81453377268763,32.454935592506594,32.752201080322266,3306800,32.73206253051758
2021-06-15,32.704247836006076,32.91521322356424,32.6946601629448,32.809730529785156,3593800,32.7569938659668
2021-06-16,32.82411578371109,33.030285517758344,32.52684668917143,32.70904541015625,5381000,32.76466522216797
2021-06-17,32.67069438643572,32.78097277577444,32.05698071886894,32.31109619140625,5624600,32.68027954101562
2021-06-18,31.96587562303281,32.05697498671772,31.567919480433996,31.778884887695312,8831200,32.472191619873044
2021-06-21,31.954281225201335,32.309861673997425,31.82934616685154,32.208953857421875,4689600,32.36354217529297
2021-06-22,32.17531364981464,32.55011510909616,32.03116121642123,32.4492073059082,6158600,32.29143753051758
2021-06-23,32.48764648308361,32.665438500835585,32.31946682631366,32.401153564453125,4624600,32.22985916137695
2021-06-24,32.64141028725508,32.775954008643275,32.444397219478454,32.69426727294922,3523800,32.30649337768555
2021-06-25,32.799977954115356,32.88166468161528,32.59815872623644,32.64140701293945,7208000,32.478997802734376
2021-06-28,32.80958918513714,32.900888279427726,32.51647451340129,32.867252349853516,4119400,32.6106575012207
2021-06-29,32.98738413712564,33.17478485662493,32.886476339398456,32.915306091308594,4314600,32.70387725830078
2021-06-30,32.84803544492773,33.04985104787012,32.713491709632805,32.87206268310547,5471000,32.79805908203125
2021-07-01,32.900893366245256,33.14115109064776,32.747128569269336,33.13634490966797,4776400,32.886474609375
2021-07-02,33.362186506527046,33.78503876584892,33.34296544937035,33.61205291748047,6127600,33.080603790283206
2021-07-06,33.636076437047315,33.68412724160624,32.948939300334544,33.30451965332031,4643400,33.16805725097656
2021-07-07,33.35257456175904,33.588026073417694,33.04504134325365,33.5591926574707,3814000,33.296834564208986
2021-07-08,33.059468457691736,33.28530766725535,32.74713264389708,33.20362091064453,3965200,33.363146209716795
2021-07-09,33.49192329501145,33.823480107820345,33.24686307045348,33.785037994384766,4710600,33.49288482666016
2021-07-12,33.85231555957863,34.01088655466766,33.66011229212295,33.81387710571289,5888000,33.53324966430664
2021-07-13,33.62166093504436,33.91957811737669,33.56880395120321,33.602439880371094,5600400,33.5928337097168
2021-07-14,33.919587247483335,34.140627602702494,33.448684112380334,33.56400680541992,5619200,33.59379653930664
2021-07-15,33.376598777987496,33.506339987159,33.03543328867669,33.19880676269531,6790400,33.5928337097168
2021-07-16,33.33335327071531,33.477505685264916,32.62218889439643,32.68946075439453,12912600,33.37371826171875
2021-07-19,32.15128597451755,32.53569608055484,32.07440175368524,32.38193130493164,7327200,33.0873291015625
2021-07-20,32.57413627839662,33.1219234885188,32.4299802058208,32.96815872192383,4476800,32.960472869873044
2021-07-21,33.11231475932859,33.73698251906415,33.10750857930351,33.708152770996094,6925600,32.98930206298828
2021-07-22,33.79945222599688,33.93880213501276,33.458286724354565,33.65049362182617,4917400,33.07963943481445
2021-07-23,33.95802904392468,34.12140621804767,33.77543447617996,34.116600036621094,4193200,33.36506729125976
2021-07-26,34.03490554800633,34.17425544937088,33.84750484142263,33.99165725708008,4743600,33.68701248168945
2021-07-27,33.81867251824082,33.943607548680795,33.53036401156835,33.82347869873047,5632200,33.85807647705078
2021-07-28,33.948409688502906,34.45294859861721,33.83308703276836,34.00606918334961,9219800,33.917659759521484
2021-07-29,34.318421085469474,34.74127713279377,34.27997896006856,34.57789993286133,7079000,34.10314102172852
2021-07-30,34.428926532529175,34.89022084162513,34.390484423594195,34.832557678222656,4950000,34.24633255004883
2021-08-02,35.00554155529312,35.12086420964225,34.765283886875125,34.92385482788086,6475200,34.43277206420898
2021-08-03,35.05839839790224,35.5533286063324,35.015153777456604,35.47644805908203,7037600,34.7633659362793
2021-08-04,35.4620363456626,35.58696770433236,35.16892167194107,35.3419075012207,4358600,35.03053359985351
2021-08-05,35.45243161324718,35.53892454649725,35.192952813496966,35.404380798339844,3799400,35.19582977294922
2021-08-06,35.43321665496985,35.48607366028149,35.27464930507773,35.3803596496582,3058600,35.305390167236325
2021-08-09,35.24580242706293,35.423594437625844,35.13528594252925,35.284244537353516,2960200,35.37746810913086
2021-08-10,35.31789394612754,35.4524377174507,35.15932293019261,35.3803596496582,2683200,35.35825042724609
2021-08-11,35.30827276041073,35.44761899853932,35.22658235724789,35.4235954284668,2626600,35.37458801269531
2021-08-12,35.409171004004236,35.548520870594224,35.28423600877864,35.51488494873047,3641000,35.396688842773436
2021-08-13,35.476456531557005,35.611000270907645,35.394769784957255,35.55333709716797,2347400,35.43128433227539
2021-08-16,35.5052785953935,35.80800194336623,35.351513831433216,35.79839324951172,3120200,35.534114074707034
2021-08-17,35.6734581065762,35.6734581065762,35.25541210362689,35.610992431640625,4175000,35.580240631103514
2021-08-18,35.52449364095989,35.86565903873238,35.43800074673302,35.51488494873047,4703800,35.59849853515625
2021-08-19,35.24580385393924,35.68307462760381,35.0968452530846,35.61580276489258,4245400,35.618682098388675
2021-08-20,35.6254141640656,35.82722976751859,35.553336115391865,35.78398513793945,7365000,35.66481170654297
2021-08-23,35.94255283684377,36.23086133922713,35.79359057221318,36.16358947753906,3933200,35.737850952148435
2021-08-24,36.22605360220431,36.43267535880829,36.16358792361849,36.2020263671875,4966200,35.856057739257814
2021-08-25,36.17800823664687,36.47112295091574,36.15398099801818,36.41345977783203,2985600,36.035772705078124
2021-08-26,36.46631592301331,36.5335877903609,36.230864387296755,36.336578369140625,3120000,36.179927825927734
2021-08-27,36.48553229069735,36.99968359136426,36.47111741612447,36.879554748535156,4450600,36.399041748046876
2021-08-30,36.96124682813326,37.11981780345438,36.78345846129614,36.9660530090332,2536400,36.5595344543457
2021-08-31,37.02371102791103,37.02371102791103,36.57683158351221,36.82189178466797,4260800,36.6835075378418
2021-09-01,36.84111567369828,36.879557786420115,36.581636911888374,36.68254470825195,3967800,36.73732452392578
2021-09-02,36.8411190386691,36.94202684424933,36.653718304585524,36.92280578613281,3318800,36.85457000732422
2021-09-03,36.83150113770278,37.03812287826396,36.78825285123873,37.01890182495117,2656000,36.88243942260742
2021-09-07,36.91798925019487,36.98045491581848,36.49033095113649,36.509552001953125,3748800,36.79113922119141
2021-09-08,36.44709298082063,36.504756149582875,36.029046921929655,36.307743072509766,3842200,36.68830947875976
2021-09-09,36.28371328776609,36.53838582394454,36.134751043818675,36.14436340332031,4249800,36.58067321777344
2021-09-10,36.360605660047376,36.70177121250142,36.19242597447738,36.211647033691406,3767000,36.43844146728516
2021-09-13,36.46631708722547,36.576837253420265,36.11554286286317,36.48073196411133,6230400,36.330807495117185
2021-09-14,36.61527014676661,36.61527014676661,36.16358818670373,36.38943099975586,4072800,36.306783294677736
2021-09-15,36.307749238939635,36.74982627578166,36.307749238939635,36.716190338134766,4048000,36.38847274780274
2021-09-16,36.63930021332772,36.908387671269324,36.42787225863552,36.74501419067383,4077200,36.508602905273435
2021-09-17,36.57683136282272,36.72098377450788,36.235665889314106,36.38462448120117,9624600,36.54319839477539
2021-09-20,35.862273547084186,35.98263290597647,35.42416739071586,35.72265625,5801800,36.39158325195312
2021-09-21,35.96336427000789,35.96336427000789,35.31342465993787,35.56377410888672,4202400,36.2264518737793
2021-09-22,35.90078133392272,36.73848125459227,35.85263833582913,36.377403259277344,5234000,36.158694458007815
2021-09-23,36.57478994203269,37.17658652875016,36.51220074624616,37.089927673339844,3913400,36.22767715454101
2021-09-24,36.88291603998539,37.39805386262729,36.88291603998539,37.30657958984375,3077000,36.41206817626953
2021-09-27,37.147709788001066,37.40287101022614,36.9984617033769,37.20066452026367,4097400,36.70766983032227
2021-09-28,36.82513740611713,37.229546641061184,36.38221597938201,36.415916442871094,8309800,36.87809829711914
2021-09-29,36.541092311196536,36.671078767845536,35.82856348116547,35.88633728027344,8753600,36.77988510131836
2021-09-30,35.982624917751004,36.22334358209548,35.24121099080098,35.25565719604492,6879800,36.413031005859374
2021-10-01,35.45786449189305,36.11261963583956,35.15937198792232,35.9200439453125,5490400,36.13572387695312
2021-10-04,35.70821146959444,35.886344631862926,35.22677406429401,35.4049072265625,4299600,35.77657241821289
2021-10-05,35.59748426265545,36.13188009649167,35.4386090313904,35.91041564941406,3910200,35.675472259521484
2021-10-06,35.496375477374094,35.90559646772903,35.2267680785262,35.88152313232422,3587800,35.67450942993164
2021-10-07,36.23778845550151,36.61331268152389,36.23778845550151,36.396663665771484,2453600,35.90271072387695
2021-10-08,36.47851190144376,36.5988712571175,36.29075160043881,36.46406936645508,2681000,36.01151580810547
2021-10-11,36.33889729609894,36.56998519580564,36.13187906302889,36.14150619506836,2750800,36.15883560180664
2021-10-12,36.199269559750384,36.31962887742682,35.55414170700572,35.62635803222656,3231600,36.10202407836914
2021-10-13,35.63599057875995,35.89596718523088,35.351944308939665,35.83338165283203,4795600,36.0923957824707
2021-10-14,36.17520239320215,36.80588414994512,36.06928558790093,36.79625701904297,3304800,36.172314453125
2021-10-15,36.988833806904616,37.133262813232484,36.834773996309515,37.10437774658203,4099800,36.30037612915039
2021-10-18,36.88772527747236,37.436563476303064,36.68070710260991,37.301761627197266,3062200,36.53242721557617
2021-10-19,37.55210789098759,37.60025088443797,37.23435752268018,37.47026443481445,2590200,36.90120849609375
2021-10-20,37.5280359184068,37.83134376698385,37.4461924592662,37.720611572265625,2909800,37.27865447998047
2021-10-21,37.725428297707836,38.380183339961874,37.725428297707836,38.26945114135742,4454600,37.57329330444336
2021-10-22,38.27427215290345,38.572764654264816,38.05762679862676,38.17798614501953,2806800,37.78801498413086
2021-10-25,38.23575285141208,38.322411719966055,37.89874818096629,38.09132385253906,3162000,37.945927429199216
2021-10-26,38.13945996431542,38.21167628724764,37.898741336591215,37.917999267578125,3958000,38.035474395751955
2021-10-27,37.166959696576065,37.50878342665072,36.40147611957924,36.4785041809082,6119800,37.787052917480466
2021-10-28,36.72885305466062,36.98401424289417,36.27148540340172,36.892539978027344,6744400,37.511670684814455
2021-10-29,36.733680780432465,37.1910449120622,36.68553409451234,36.95995330810547,3707600,37.26806411743164
2021-11-01,37.03216418223851,37.38843050531382,36.87810436009747,37.051422119140625,3899200,37.06008377075195
2021-11-02,37.032149598278934,37.889107251019595,37.032149598278934,37.47507095336914,4363000,36.97149810791016
2021-11-03,37.349922868377924,37.79765989913395,37.05143029018167,37.73025894165039,2685400,37.221849060058595
2021-11-04,37.89874818096629,38.0961355813487,37.62432904272459,38.09132385253906,2967200,37.461605834960935
2021-11-05,38.514981117623826,39.25157954380641,38.40424893075773,39.208251953125,4487200,37.91126556396485
2021-11-08,39.477862842644136,39.64154977915935,39.11196942686093,39.30936050415039,4430400,38.3628532409668
2021-11-09,39.36232001577008,39.6319237649565,39.189002270414356,39.61748123168945,3381000,38.79133529663086
2021-11-10,39.35750461365587,39.74746770416845,39.28528827424505,39.61748123168945,4012600,39.16877975463867
2021-11-11,39.68970143745705,40.045964094026516,39.43935192618859,39.87264633178711,3871000,39.52504425048828
2021-11-12,40.03633420710058,40.62850012644261,39.77154217937807,40.45036697387695,3486600,39.773467254638675
2021-11-15,40.46481365914583,40.922177705447,40.23372209830292,40.90291976928711,5201200,40.09217910766601
2021-11-16,40.782557744802325,41.22066749924759,40.715156809206974,40.94143295288086,6410800,40.3569694519043
2021-11-17,40.8884659673709,41.04252574111838,40.652562742305165,40.8740234375,3764400,40.60827789306641
2021-11-18,40.95105434808237,41.10030240434702,40.42147406840378,40.80662536621094,2928800,40.795073699951175
2021-11-19,40.87403430430976,41.29769787648226,40.70553195589318,40.98957824707031,3308000,40.902915954589844
2021-11-22,41.12919113232186,41.427683598383474,40.53220987327394,40.56591033935547,3601600,40.835514068603516
2021-11-23,40.671833579464646,40.85477847100745,40.32038265775707,40.82589340209961,3619800,40.81240615844727
2021-11-24,40.64294851829174,40.8258970994791,40.27224329912345,40.58517837524414,4027800,40.75463714599609
2021-11-26,39.75709361868559,39.89189547669956,39.03493765954631,39.29491424560547,4451200,40.452294921875
2021-11-29,39.68006028517517,40.286672294830765,39.64154442070418,39.925594329833984,4427400,40.239498138427734
2021-11-30,39.270845748684366,39.80042611600829,38.69312237943564,38.79422378540039,7974400,39.88516082763672
2021-12-01,39.56452280233391,39.92078542397014,38.49091586223849,38.51017379760742,5782800,39.42201690673828
2021-12-02,38.563125256698214,39.511557282628495,38.52460939289674,39.21788024902344,3931200,39.14855728149414
2021-12-03,39.53563398287984,39.88708116904364,38.986795732728616,39.31898498535156,5772800,39.15337142944336
2021-12-06,39.742649863028106,40.05076943559071,39.33342522699414,39.83893585205078,4234600,39.13603973388672
2021-12-07,40.368526458740234,40.56591756170073,40.13262315416938,40.368526458740234,3809400,39.45090026855469
2021-12-08,40.54665397126093,40.58516984057731,40.036331558583065,40.219276428222656,2667600,39.792720794677734
2021-12-09,39.95447901146045,40.22408638711692,39.94966728325362,40.01225280761719,2642600,39.951595306396484
2021-12-10,40.286681997537,40.61405957823654,40.132622175624036,40.57072830200195,3910000,40.201943969726564
2021-12-13,40.56110016920647,40.604427771296,39.88708708756592,40.248165130615234,4438600,40.283789825439456
2021-12-14,40.089283542338855,40.15187274396089,39.40564343762665,39.70413589477539,2964800,40.15091171264648
2021-12-15,39.81968203237728,40.647754846569306,39.559705427474526,40.61886978149414,4153600,40.230830383300784
2021-12-16,40.772928841056114,40.85477230599535,40.055584571434764,40.224090576171875,5026200,40.273197937011716
2021-12-17,40.065224162335326,40.479260652699,39.55490165363989,39.708961486816406,7068800,40.10084457397461
2021-12-20,39.168429542269436,39.40007909853334,38.6423854113309,39.158775329589844,2889600,39.88296661376953
2021-12-21,39.55450923957317,40.10468148084519,39.42420683800998,40.08537673950195,2559400,39.959214782714845
2021-12-22,40.03713251537337,40.572827332384385,39.930958237118304,40.534217834472656,3406000,39.942284393310544
2021-12-23,40.698300467302175,41.33534236259738,40.66934150705887,41.050601959228516,2730600,40.10758666992187
2021-12-27,41.16160678921939,41.95791014577704,41.16160678921939,41.95308303833008,1939800,40.55641098022461
2021-12-28,41.98685886750259,42.17024841979338,41.774510357057984,42.04477310180664,2261400,41.133610534667966
2021-12-29,41.94825933679229,42.628737943902095,41.89999930441675,42.440521240234375,2377400,41.60463943481445
2021-12-30,42.50806836288113,42.68663077669109,41.933764274782696,41.99650192260742,1668800,41.89709625244141
2021-12-31,41.9723856001604,42.401906090466426,41.95790796057768,42.2088623046875,2427800,42.1287483215332
2022-01-03,42.37294720760829,42.46946725128703,41.69246874906115,41.74555587768555,3852600,42.087242889404294
2022-01-04,41.94825018064916,42.24264110048834,41.774511156416075,41.875858306884766,4343000,42.05345993041992
2022-01-05,41.87585501426035,42.08337640566595,41.060250767855095,41.07955551147461,3522800,41.78126678466797
2022-01-06,41.03130000259069,41.34017228016043,40.92995283985859,41.113346099853516,4033000,41.604635620117186
2022-01-07,40.23016913810968,40.59212483187962,39.52073538920001,39.631736755371094,6535800,41.089210510253906
2022-01-10,39.18773919259854,39.54969492534546,38.81613292706018,39.53521728515625,4771400,40.647142791748045
2022-01-11,39.53521323530736,39.87786418536732,39.06225985488805,39.86821365356445,3416400,40.24561386108398
2022-01-12,40.05644178025226,40.33635514866288,39.65105305248912,39.99852752685547,3727200,40.02940826416015
2022-01-13,39.95990839903527,40.148125057388405,39.38560421062241,39.506256103515625,3316600,39.70799026489258
2022-01-14,39.15395918467281,39.786177740060985,38.97539670214693,39.38561248779297,4938400,39.658765411376955
2022-01-18,38.96574106931897,38.96574106931897,38.30939436335932,38.53622055053711,3603200,39.45896606445312
2022-01-19,38.695476336252405,39.01399542790535,37.850913061985736,37.889522552490234,4643000,39.063227844238284
2022-01-20,38.01500333740859,38.531393380613565,37.54204989776511,37.5999641418457,4541400,38.58351516723633
2022-01-21,37.65787391035817,38.082570993991155,37.1173557050131,37.17526626586914,6697200,38.11731719970703
2022-01-24,36.649221862452414,37.47930751315904,35.823963318646285,37.32969665527344,7415600,37.70613403320313
2022-01-25,36.716781036375046,37.020822448711385,35.98804264959701,36.68299865722656,8570800,37.335489654541014
2022-01-26,37.99086284066545,38.63755512077695,36.43686610761745,36.842254638671875,10673800,37.12603607177734
2022-01-27,37.41657165188155,37.81230978962165,35.98805340633181,36.210052490234375,10778400,36.848053741455075
2022-01-28,36.248652120895414,37.2235177180846,35.785349330765605,37.2138671875,6076000,36.85577392578125
2022-01-31,37.16078789151095,38.46865414039766,36.977398315749625,38.41073989868164,6604000,37.07198257446289
2022-02-01,38.343175722965896,38.5120913434404,37.778525664934506,38.18391799926758,4854200,37.37216644287109
2022-02-02,38.28043747366875,38.874046484998225,38.198395059372395,38.825782775878906,5714200,37.7688720703125
2022-02-03,38.36729998746606,38.66169088570375,38.1066914702391,38.1597785949707,4653600,38.158817291259766
2022-02-04,38.01017379760742,38.41556239494837,37.47930619927845,38.01017379760742,3804200,38.31807861328125
2022-02-07,38.15978535342612,38.42039391680931,37.527570533110115,37.6289176940918,4318200,38.16171417236328
2022-02-08,37.595136548836265,38.02465706137565,37.18974420951573,37.95709228515625,5434000,38.11634902954101
2022-02-09,38.47830732312822,38.84991357199601,38.338350670904155,38.603782653808594,5216800,38.07194900512695
2022-02-10,38.01500176398736,38.54587310774314,37.17043840329012,37.45035171508789,5864400,37.93006362915039
2022-02-11,37.551688975182095,37.60960320159526,36.07491118067569,36.282432556152344,6483400,37.58451538085937
2022-02-14,36.23417520912115,36.76986987636707,36.00734907480938,36.34517288208008,5137400,37.32776641845703
2022-02-15,37.059442911936365,37.26696435446515,36.80848486506216,37.06427001953125,5091000,37.14920196533203
2022-02-16,36.822961901078784,37.29108818716579,36.5237438591022,37.136653900146484,6348000,36.85577621459961
2022-02-17,36.83743507080616,36.93395510773132,36.39343700974499,36.42721939086914,4922400,36.65114974975586
2022-02-18,36.40309695871784,36.96774705302144,36.3644874611575,36.7891845703125,10957200,36.75250015258789
2022-02-22,36.572003146981764,36.84708933025821,35.96874365014714,36.1666145324707,5718000,36.71678848266602
2022-02-23,36.38860832163663,36.55752021991546,35.40408852337872,35.55369567871094,6946400,36.41467361450195
2022-02-24,34.564361366509566,36.316225817988716,34.31340332551275,36.248661041259766,6617600,36.23707504272461
2022-02-25,36.29691051106159,37.13182312633669,36.12317151229918,37.08838653564453,4100000,36.36930847167969
2022-02-28,36.533387822137705,36.86638818946073,36.219695879474585,36.68299865722656,5904200,36.3480712890625
2022-03-01,36.663701191700724,36.663701191700724,35.476486897693526,35.770877838134766,4920600,36.268923950195315
2022-03-02,36.07009430992966,36.93396243520867,35.94461897343407,36.760223388671875,5017200,36.5102294921875
2022-03-03,36.977396275973284,37.19939533396587,36.383787297642364,36.8519172668457,4668200,36.630880737304686
2022-03-04,36.40309695871784,36.996706017193866,36.1762707630563,36.7891845703125,4105000,36.571040344238284
2022-03-07,36.736092609205265,36.789179740880726,35.109703637519736,35.14348602294922,7362800,36.26313781738281
2022-03-08,35.114532269671244,35.98322379644572,34.60779278421646,35.008358001708984,8630000,36.110633850097656
2022-03-09,35.98321835072655,36.35482823235484,35.423395498018536,36.15213394165039,5728200,35.98901596069336
2022-03-10,35.56335213338444,36.14730683682457,35.28826597255721,35.84326171875,4115000,35.78728485107422
2022-03-11,36.181100345966826,36.38862180704511,35.46683932025412,35.52475357055664,4592600,35.53439865112305
2022-03-14,35.78052835024723,36.04113690468814,34.28444547727516,34.501617431640625,7703000,35.40602493286133
2022-03-15,34.75256823701178,35.50060767715553,34.75256823701178,35.437870025634766,7591600,35.49192733764649
2022-03-16,35.78053527207706,36.50927394406374,35.4861442748508,36.30657958984375,4674800,35.52281646728515
2022-03-17,36.132836316948485,36.63957214355469,36.055617325082295,36.63957214355469,3943400,35.6820785522461
2022-03-18,36.89052115718416,37.160780198569064,36.41756415275729,37.035301208496094,11868600,35.984188079833984
2022-03-21,36.894982391699216,37.296594233559425,36.65304808093398,36.79821014404297,6392600,36.44350662231445
2022-03-22,36.62401300184251,36.92400915061437,36.57562319186391,36.628849029541016,11387200,36.6817024230957
2022-03-23,36.40628444012423,36.61434815442569,35.90790020837614,35.917579650878906,5491600,36.603902435302736
2022-03-24,36.12080039843159,36.4982174063634,35.9707985861219,36.493377685546875,4974400,36.57466354370117
2022-03-25,36.66272022551763,36.740140969332735,36.25143267596657,36.61433410644531,5335800,36.49047012329102
2022-03-28,36.62402506008793,36.75950771273682,36.30466992887948,36.68208694458008,4612400,36.467245483398436
2022-03-29,37.15143461027733,37.48046544219131,36.87562962555714,37.43207931518555,3622200,36.627891540527344
2022-03-30,37.29175433859509,37.417561213257216,36.982078717599556,37.11756134033203,3578400,36.86788787841797
2022-03-31,36.99659768737298,37.175630422429585,36.459503173828125,36.459503173828125,5232800,36.86111297607422
2022-04-01,36.7740197964465,36.92401790640146,36.05789252346383,36.565956115722656,4240400,36.851437377929685
2022-04-04,36.53692160602318,36.90949883008234,36.459500852562996,36.7691764831543,4950000,36.86885528564453
2022-04-05,36.657892732147594,36.725634052944685,35.88853960077335,35.994991302490234,4122400,36.58143768310547
2022-04-06,35.57401955336464,35.68047124112863,35.15305621382022,35.3514404296875,5251600,36.228213500976565
2022-04-07,35.31757418606782,35.946604951464806,35.13854513575682,35.79176712036133,4699800,36.0946662902832
2022-04-08,35.68047634177489,35.815958984978714,35.29338360285327,35.4578971862793,3304400,35.87305450439453
2022-04-11,35.244992846287026,35.34660851762213,34.64983643775317,34.712738037109375,4420600,35.46176681518555
2022-04-12,34.99338178002152,35.322412620590654,34.577254431901004,34.74177169799805,5720000,35.21112289428711
2022-04-13,34.75628397852679,34.93047697764784,34.620801355127,34.79499435424805,4907200,35.09983367919922
2022-04-14,34.79499043520622,34.88692295265887,34.02563749380486,34.05466842651367,6106000,34.75241394042969
2022-04-18,33.938554113691936,34.369197009465815,33.79823173202255,34.07887649536133,6188800,34.476609802246095
2022-04-19,34.17564317567299,34.49015855265052,33.99661412861849,34.407901763916016,12284200,34.41564254760742
2022-04-20,34.770796034648654,35.4530488045732,34.770796034648654,35.09982681274414,5300200,34.48725357055664
2022-04-21,35.540147454196386,35.60788876336362,34.56757421902781,34.65467071533203,3813400,34.459188842773436
2022-04-22,34.44176471427055,34.70789390251945,33.56596379014556,33.59983444213867,4081000,34.368222045898435
2022-04-25,33.42080364051127,34.277249427591805,33.06274191459971,34.21434783935547,4703800,34.39531631469727
2022-04-26,34.035318708207825,34.14177040073929,33.14016245352244,33.16919708251953,5693600,34.14757537841797
2022-04-27,33.575645993517824,34.75144698398294,33.25629459783435,33.94822692871094,5461400,33.91725540161133
2022-04-28,34.5143501769801,35.74821296539833,34.32564170708526,35.588539123535156,7674200,34.10402908325195
2022-04-29,35.269180422938604,35.62724213769262,34.54821727398646,34.59660339355469,7644800,34.303382873535156
2022-05-02,34.553059171800136,34.91596062887709,33.80790107027385,34.64015197753906,5106600,34.388543701171876
2022-05-03,34.746607257636185,35.08531753426367,34.577253965134894,34.82402801513672,3855400,34.71950988769531
2022-05-04,34.91111935260234,35.806275501823045,34.58208856519089,35.777244567871094,4436400,35.085313415527345
2022-05-05,35.361125404649904,35.4337064478162,34.0498416735129,34.432098388671875,3357600,34.854025268554686
2022-05-06,34.122417959892694,34.26758004169393,33.45468050518223,34.074031829833984,4804600,34.74951095581055
2022-05-09,33.59016998529134,34.09823368341741,33.304689175680615,33.43049240112305,4898400,34.50757904052735
2022-05-10,34.03531899023902,34.132094934989915,32.97564915949671,33.40629196166992,4556400,34.22403182983398
2022-05-11,33.309515072108994,33.938545774460735,33.019194629340774,33.08209991455078,4727800,33.68500289916992
2022-05-12,32.89822538939737,33.367578526466474,32.612744684695244,33.20790100097656,4556200,33.44016342163086
2022-05-13,33.52241601000154,34.335315405488565,33.459514421000115,34.09822082519531,3819600,33.445001220703126
2022-05-16,33.754675562744936,33.96273921453131,33.382094662473605,33.648223876953125,3133600,33.48854751586914
2022-05-17,34.36919138393801,34.48531883224701,33.95790374864048,34.407901763916016,3598600,33.68886947631836
2022-05-18,33.96757079101247,34.22886025145091,32.801449503177416,32.888545989990234,4013400,33.65015869140625
2022-05-19,32.5885577513324,33.09178166617962,32.41436471574585,32.70468521118164,6403200,33.54951553344726
2022-05-20,33.08693866504125,33.15951970461083,32.27887886384167,33.11113357543945,5394200,33.352098083496095
2022-05-23,33.357910942734456,33.686941822017715,33.05791100550915,33.58049011230469,4250200,33.3385513305664
2022-05-24,33.396606988618466,33.580479407370895,32.78693525000291,33.3820915222168,3789400,33.13338928222656
2022-05-25,33.17886801695239,33.54176944794938,32.903063077059656,33.26596450805664,5315800,33.20887298583985
2022-05-26,33.41113272482637,34.030484024067405,33.19822933135291,33.832096099853516,4431000,33.43435516357422
2022-05-27,34.22886269143628,34.732086463157444,34.22886269143628,34.514347076416016,6475600,33.71499786376953
2022-05-31,34.30145318452874,34.567582456550895,33.86113457001295,34.28693771362305,7559200,33.8562873840332
2022-06-01,34.35467363193985,34.46596504407653,33.34338994066969,33.52241897583008,5932200,33.88435287475586
2022-06-02,33.61435009418219,34.848212730711644,33.45467258035069,34.828861236572266,3711000,34.19693222045898
2022-06-03,34.35468117945191,34.504679310323695,34.14177774856892,34.29661560058594,4054000,34.28983612060547
2022-06-06,34.64499262276334,35.05144418519186,34.38854284357165,34.47563934326172,3196800,34.28209457397461
2022-06-07,34.16112308785235,34.669186604409894,34.02564046787021,34.64015197753906,3292000,34.35273742675781
2022-06-08,34.36918935485858,34.553061803086194,34.00628787014594,34.11273956298828,2650800,34.470801544189456
2022-06-09,33.94823340543213,34.195003810931766,33.396619631968164,33.45468521118164,2947200,34.19596633911133
2022-06-10,32.86435464310156,33.07725800982775,32.31758445047457,32.685325622558594,4857000,33.87370834350586
2022-06-13,31.978876174496467,32.28371577584531,31.432105948336584,31.557912826538086,5579600,33.29016304016113
2022-06-14,31.727265725795338,31.94500513130282,31.45146075606102,31.707910537719727,5036400,32.703714752197264
2022-06-15,32.00791031979173,32.47726347725474,31.519201974310956,31.99339485168457,4195800,32.279845809936525
2022-06-16,31.19501370989916,31.277270497715133,29.951471377085728,30.24662971496582,4922200,31.63823471069336
2022-06-17,30.324299944882178,30.809721736979608,29.93596102981449,30.533031463623047,7595600,31.20777587890625
2022-06-21,31.08155484619719,31.08155484619719,30.571862366151183,30.780593872070312,5201800,31.052312088012695
2022-06-22,30.494193819255884,31.06213822281261,30.37769363763302,30.751466751098633,6180600,30.861023330688475
2022-06-23,30.853407446932607,31.120389042116493,30.5572998797927,31.081554412841797,4160800,30.678655242919923
2022-06-24,31.494157690214802,32.00870719632148,31.372802268576912,31.965017318725586,6622400,31.022332763671876
2022-06-27,31.99899803125856,32.37277481953137,31.72230780645375,32.09608459472656,5087800,31.33494338989258
2022-06-28,32.26598629893501,32.4698625576366,31.363101492143077,31.4164981842041,3523400,31.462124252319335
2022-06-29,31.494161621933625,31.494161621933625,30.727196224337625,31.246599197387695,4113800,31.561150741577148
2022-06-30,30.814573020515454,31.537852255753272,30.722343552986455,31.25145149230957,4629400,31.595130157470702
2022-07-01,31.033010900199788,31.363097819985875,30.533027118054793,30.945634841918945,3889400,31.391253662109374
2022-07-05,30.411672899948833,31.052429451733502,29.98935465083944,31.042720794677734,4474400,31.18058090209961
2022-07-06,31.207768107631356,31.552417142773955,30.999036584547873,31.2902889251709,4518600,31.15533905029297
2022-07-07,31.552416618263322,32.04754521874427,31.363102414831694,31.950462341308594,5137600,31.29611167907715
2022-07-08,31.829107978729937,32.14948815145235,31.600959135150248,31.97958755493164,3488000,31.441738891601563
2022-07-11,31.693191893952577,31.848526732241087,31.43106365993921,31.537857055664062,3246200,31.560183334350587
2022-07-12,31.562121121604157,31.78541838966662,31.13980656175245,31.25145149230957,4003200,31.601929473876954
2022-07-13,30.717488177360288,31.372806808337195,30.620405307391152,31.149513244628906,2470800,31.573774337768555
2022-07-14,31.183499471712267,31.469900296960756,30.664098225948816,31.426210403442383,3403200,31.46892395019531
2022-07-15,31.911621975874212,32.12035345798828,31.634931751069402,32.09608459472656,3164600,31.4922233581543
2022-07-18,32.227150877387764,32.367923634507825,31.532997601091814,31.659208297729492,2534000,31.516493606567384
2022-07-19,32.06696072915462,32.887324700144504,32.06696072915462,32.838783264160156,3347000,31.8339599609375
2022-07-20,32.8048063603649,33.46498030922176,32.746554410710075,33.34847640991211,2990200,32.27375259399414
2022-07-21,33.46983179860869,33.95525360107422,33.31935222495619,33.95525360107422,3015400,32.77956123352051
2022-07-22,33.97952312896529,34.222234008457896,33.62516361537747,33.892147064208984,3848200,33.13877372741699
2022-07-25,33.95040291732108,33.969820234332936,33.48439841946006,33.78050231933594,2856600,33.56303253173828
2022-07-26,33.80476997917033,33.901852846647614,33.49410035907423,33.751373291015625,3960600,33.745550537109374
2022-07-27,34.69794739020213,36.338671528007424,34.659112762408476,36.129940032958984,6711000,34.30184326171875
2022-07-28,36.36294503818496,37.38232997159356,36.22217228639189,37.23670196533203,5363800,34.958132934570315
2022-07-29,37.15417761868803,37.58134738438392,37.023111684838746,37.440574645996094,6845600,35.66781845092773
2022-08-01,36.97457714241735,37.67844096546449,36.97457714241735,37.144474029541016,4924200,36.34061279296875
2022-08-02,36.892053652487675,37.52795497112279,36.867781083168765,37.10564041137695,4486800,37.01146621704102
2022-08-03,37.22213451087397,37.668721566924475,37.06679972166191,37.474552154541016,4120000,37.28038864135742
2022-08-04,37.547384122236195,37.75611569236694,37.445445965215406,37.62505340576172,3242600,37.35805892944336
2022-08-05,37.19301931270494,37.663875343525824,37.07651541525755,37.63960647583008,2702000,37.397865295410156
2022-08-08,37.82406108411307,37.993957952383006,37.54737084050948,37.659019470214844,3156600,37.50077438354492
2022-08-09,37.367767391525604,37.50368488695832,36.97942851588298,37.07651138305664,2458000,37.49494857788086
2022-08-10,37.82892090246819,38.20269405775702,37.61533412603205,38.02309036254883,3745600,37.60465621948242
2022-08-11,38.086191910751445,38.34346485819352,37.76096021128596,37.80950164794922,2741600,37.64154586791992
2022-08-12,38.003661142563956,38.60558294715106,37.96482652201685,38.58131408691406,2666800,37.82988739013672
2022-08-15,38.33860788291114,39.01334375645094,38.33860788291114,38.65412902832031,2488400,38.028909301757814
2022-08-16,38.56190413656649,38.790052946483655,38.45996601577937,38.62500762939453,2108200,38.33860855102539
2022-08-17,38.33375725989376,38.82888582918348,38.12502575342941,38.65898895263672,3838800,38.46578826904297
2022-08-18,38.843450931421195,39.042475647729134,38.67840929655802,38.901702880859375,2887800,38.684228515625
2022-08-19,38.658984012751404,38.7463600671639,38.226958994676764,38.450252532958984,3369400,38.658016204833984
2022-08-22,37.785224651375756,37.99881139184168,37.46484824415067,37.58134841918945,2187600,38.443460083007814
2022-08-23,37.586206477484666,37.93571073214989,37.52310298285447,37.62018585205078,2121200,38.242495727539065
2022-08-24,37.561934167072316,37.639603425743395,37.33864060360412,37.39689254760742,2167200,37.9900764465332
2022-08-25,37.60562681814356,38.047358723049236,37.53281280864996,38.04250717163086,2494000,37.8182373046875
2022-08-26,38.032794221781934,38.081335657171955,36.595946254087394,36.63478088378906,2626400,37.455142974853516
2022-08-29,36.309547929409554,36.66875898296538,36.265858046646905,36.290130615234375,1966400,37.1968994140625
2022-08-30,36.42118992166973,36.46487980091175,35.833830103228884,36.003726959228516,2687200,36.87360763549805
2022-08-31,36.08140072244597,36.1930456545778,35.66393770779179,35.69306182861328,3202600,36.532841491699216
2022-09-01,35.532868963903276,35.68335221775787,35.06201299924846,35.65422439575195,2868200,36.05518493652344
2022-09-02,36.231882225765624,36.36779973484654,35.05230712413568,35.23191452026367,2333400,35.77461166381836
2022-09-06,35.34356393394988,35.62996475304407,34.994059607212826,35.348419189453125,3398200,35.58626937866211
2022-09-07,35.44064246817109,36.15421302242891,35.38724578020119,36.042564392089844,3100000,35.59403686523437
2022-09-08,35.84354195395618,36.362946806594216,35.65422775869386,36.34838104248047,2607600,35.725100708007815
2022-09-09,36.591095880210844,37.02797626394259,36.47459567904059,36.8435173034668,2820800,35.96295928955078
2022-09-12,36.97457496676933,37.08622360229492,36.70759521799152,37.08622360229492,5535800,36.33382110595703
2022-09-13,36.32896108938917,36.60565503534712,35.89208448802681,36.01829147338867,4991600,36.46779556274414
2022-09-14,36.01829216165194,36.11052347873368,35.54258092333081,35.887229919433594,3288800,36.43672866821289
2022-09-15,35.86781465829843,35.99888061149337,35.343558252467155,35.38239288330078,3096200,36.24353103637695
2022-09-16,34.98920454813175,35.4212296577469,34.73678313591143,35.30472946166992,7017200,35.93577346801758
2022-09-19,35.037006871892864,35.63571994147254,34.968857015550164,35.616249084472656,4536600,35.641778564453126
2022-09-20,35.309598673169695,35.35827396879393,34.8033674285663,35.1197624206543,5816600,35.46207275390625
2022-09-21,35.27065677024999,35.971592907441384,34.94452820618505,34.954261779785156,4548400,35.27547912597656
2022-09-22,34.8179587458013,34.866634026187285,33.8395696411939,33.85417556762695,3962400,34.969835662841795
2022-09-23,33.68381446644383,33.68381446644383,33.00235295281682,33.50371551513672,6061600,34.609632873535155
2022-09-26,33.4014917691257,33.854178978325216,33.10456770106547,33.24085998535156,3356600,34.13455505371094
2022-09-27,33.64487190926122,33.77142690827761,32.96827541677937,33.24085998535156,5033600,33.75877456665039
2022-09-28,33.25546619848663,33.941800058768735,33.02181960183896,33.77143096923828,3872600,33.52220840454102
2022-09-29,33.39663401875014,33.39663401875014,32.78331482574341,33.060768127441406,3241600,33.36352691650391
2022-09-30,32.934205989196286,33.43069989597758,32.5496648795983,32.59347152709961,4665800,33.181478118896486
2022-10-03,32.97313579911598,33.97099572155282,32.81737267945462,33.77629089355469,3820000,33.28856430053711
2022-10-04,34.423694269474105,34.88125020975957,34.365281687622684,34.856910705566406,4617400,33.61177444458008
2022-10-05,34.40421993625541,35.20250657254816,34.355544646469085,34.98833084106445,3252400,33.85515441894531
2022-10-06,35.04187014448279,35.60651382973033,34.97372400504754,35.2414436340332,4618200,34.291289520263675
2022-10-07,34.73520975045531,34.79848724240927,33.990467204739744,34.15596389770508,4645600,34.60378799438477
2022-10-10,34.47236223866942,34.535639736963226,33.4647686263931,33.74222183227539,3148000,34.5969741821289
2022-10-11,33.56211930639536,33.62540051858515,32.78817225562066,32.94393539428711,4292600,34.214379119873044
2022-10-12,33.08509834701221,33.16297806427622,32.66648418986983,32.68595504760742,3425000,33.75390396118164
2022-10-13,31.9752897735788,33.90286038589631,31.741643162834155,33.7130241394043,5381800,33.44822006225586
2022-10-14,34.014808333298745,34.15110433641955,32.588600509683154,32.63727951049805,4168200,33.144483184814455
2022-10-17,33.23598900159093,33.907720517807725,33.23598900159093,33.76655960083008,4495600,33.14935073852539
2022-10-18,34.759552872129,34.93965179635203,33.766561469720074,34.10729217529297,4816000,33.382022094726565
2022-10-19,33.77630033840133,34.160841459963066,33.713022829924114,34.11703109741211,4063000,33.6682373046875
2022-10-20,34.521042492979575,34.521042492979575,33.41122950967194,33.65460968017578,5758400,33.6565544128418
2022-10-21,33.58159633139086,34.97373126367495,33.58159633139086,34.82770538330078,5250800,34.09463958740234
2022-10-24,34.84230130924004,35.202502872219966,34.39934767726666,34.87150573730469,6302400,34.31562881469726
2022-10-25,34.6622079887869,35.48483426148341,34.6622079887869,35.41181945800781,5647600,34.576534271240234
2022-10-26,35.533509969603344,36.015401736208005,34.75956269941061,35.62599563598633,7385800,34.878327178955075
2022-10-27,35.90830800437412,36.20036717409035,35.543237755915435,35.96672058105469,7170400,35.34074935913086
2022-10-28,36.17115747287971,37.329649388244846,36.151686614823795,37.20309066772461,5418800,35.815826416015625
2022-10-31,36.96458137952207,37.3929291414651,36.86722708338502,36.91103744506836,4964800,36.22373275756836
2022-11-01,37.24689741597569,37.524350645087644,36.701728243649846,37.368587493896484,5904600,36.61508636474609
2022-11-02,37.086266493545054,37.319909345584165,35.9959208050753,36.03486251831055,5387600,36.696859741210936
2022-11-03,35.552972993385424,36.351259593583755,35.37773898712858,36.14195251464844,5144000,36.73190612792969
2022-11-04,36.79421640651975,37.19336349481127,36.219842706635866,37.125213623046875,5406200,36.71633071899414
2022-11-07,37.23715708465369,37.23715708465369,36.6725134430231,36.9158935546875,5482400,36.71730194091797
2022-11-08,37.02786067009513,37.285843068331694,36.59464424405886,36.96944808959961,4643400,36.637474060058594
2022-11-09,36.76987481262956,36.95484239626709,36.13708491469688,36.253910064697266,3696000,36.68128356933594
2022-11-10,37.48053997702497,38.53194391998874,37.34424769857101,38.4832649230957,6567000,37.14954605102539
2022-11-11,38.70231459938822,39.04791398555673,38.40052186003463,38.60982894897461,5422200,37.446469116210935
2022-11-14,38.51247851905334,38.97976798866425,38.28370057052073,38.293434143066406,4174400,37.72197723388672
2022-11-15,39.038179988440085,39.25235573852217,38.28857229052658,38.7947998046875,4578200,38.0870475769043
2022-11-16,38.67797678963279,38.97003225556855,38.41026082656115,38.502742767333984,3467000,38.53681411743164
2022-11-17,37.9186317908062,38.47353828953666,37.78720441739352,38.41999435424805,2713800,38.52416000366211
2022-11-18,38.98463878881066,39.03818273009158,38.458940377387314,38.7996711730957,3770400,38.56212844848633
2022-11-21,38.60982771401682,38.96029573207259,38.53681292464079,38.73151779174805,4360400,38.64974517822266
2022-11-22,38.58549601818586,39.05765420948243,38.449203697747095,38.979774475097656,6554800,38.68674011230469
2022-11-23,39.072249872061555,39.354571753423926,38.862942782594494,38.97489929199219,2999200,38.78117141723633
2022-11-25,38.940826512080726,39.27182368598088,38.809402856624565,39.1063232421875,1587400,38.91843719482422
2022-11-28,38.79966888549535,38.82887331949502,37.689855829265056,37.87969207763672,4622800,38.73444137573242
2022-11-29,37.87482081508937,38.098730125539966,37.45620662616841,37.67525100708008,3327800,38.52318801879883
2022-11-30,37.72391971691465,39.154996053264874,37.55842301298393,39.15012741088867,5474600,38.55725860595703
2022-12-01,39.427588727440245,39.578483249005,39.05764981806653,39.36431121826172,3311600,38.63514099121094
2022-12-02,38.862946167302646,39.374046041396724,38.658507703139776,39.24262237548828,2680600,38.662400817871095
2022-12-05,38.935958723656505,38.97976908556136,38.39078951727925,38.687713623046875,4107600,38.824005126953125
2022-12-06,38.67310937176726,38.76559502915745,37.850486883245004,38.098731994628906,2444600,38.90870132446289
2022-12-07,37.962440289281346,38.30317477714703,37.75800182477408,37.99651336669922,3031200,38.677978515625
2022-12-08,38.273967934788246,38.76559696602889,38.20582177762859,38.7217903137207,4553200,38.5494743347168
2022-12-09,38.639040093958656,38.80940920878359,38.181487832858394,38.21556091308594,2823400,38.34406204223633
2022-12-12,38.264227765502234,39.04304350857404,38.162008547382165,39.03330993652344,4761000,38.41318130493164
2022-12-13,39.91434434118034,40.274545921012475,39.310762612926375,39.899742126464844,7147800,38.77338333129883
2022-12-14,39.870542754901074,40.33296361008945,39.2718258798098,39.77805709838867,6692800,39.12969207763672
2022-12-15,39.16960911937186,39.22801798932548,37.9867812248794,38.04032516479492,4398800,38.99339904785156
2022-12-16,37.69958066618371,38.011106935609945,37.42699610885726,37.80180358886719,9122200,38.910647583007815
2022-12-19,37.76764167167552,37.89454355670484,36.87933592398252,37.06968688964844,4433200,38.517922973632814
2022-12-20,37.064804740456125,37.40645932791194,36.96230836421938,37.20634841918945,4941400,37.979244232177734
2022-12-21,37.46990300802594,37.674899454746814,37.19169753435673,37.47478485107422,3649000,37.51858978271484
2022-12-22,37.06968963385811,37.24052068255614,36.479113039770546,37.12337875366211,3697600,37.335200500488284
2022-12-23,37.05503951059117,37.1770595329973,36.615766685178,37.00135040283203,2791000,37.17510986328125
2022-12-27,37.06968647325133,37.4552702445336,36.767079158800094,37.26491928100586,3113400,37.21415634155274
2022-12-28,37.19170231557806,37.425982403196414,36.47422769296237,36.55231857299805,2285200,37.083350372314456
2022-12-29,36.8842161742493,37.62121823116631,36.8842161742493,37.39670181274414,2254600,37.06773376464844
2022-12-30,37.09897690965624,37.22099695921223,36.73779488186589,37.16242599487305,2486200,37.07554321289062
2023-01-03,37.44062937513372,37.52360211029076,36.85005281657967,37.28932571411133,5085200,37.133138275146486
2023-01-04,37.80180733782426,38.03608745577492,37.37229813263021,37.84085464477539,4263200,37.24832534790039
2023-01-05,37.49432001726114,37.77252557639134,37.32349269564721,37.43574905395508,6826400,37.425011444091794
2023-01-06,38.06048426247466,38.61689522632578,37.77251509416277,38.34844970703125,3642200,37.615361022949216
2023-01-09,38.587614057620975,39.25140333527028,38.38262129581172,38.61690139770508,3944800,37.906256103515624
2023-01-10,38.62178123421925,38.875584999528726,38.421670307490686,38.70475769042969,2946600,38.1893424987793
2023-01-11,38.9683142979954,39.38806349160531,38.83653430639961,39.37830352783203,4276400,38.496832275390624
2023-01-12,39.46127794504887,39.817578080020375,39.119623341998846,39.48568344116211,4151000,38.90681915283203
2023-01-13,39.1977176622289,39.44663959412797,38.929275800235494,39.22700500488281,4139400,39.08253021240235
2023-01-17,39.29044611958927,39.8175734953919,39.251398819806376,39.383182525634766,4026800,39.23578643798828
2023-01-18,39.56865934541555,39.72972669567483,38.431431652381725,38.514408111572266,7374000,39.197716522216794
2023-01-19,38.2703686880358,38.377743199643604,37.48455930060567,37.767642974853516,5372800,38.87558441162109
2023-01-20,37.92382490351202,38.114175857777255,37.59193026360619,38.10441589355469,5883000,38.59933090209961
2023-01-23,38.14346613866621,38.846299053309664,37.97263882343191,38.514408111572266,4743600,38.4568115234375
2023-01-24,38.46071556392927,39.03176841981009,38.05560816411398,38.77308654785156,4968800,38.33479232788086
2023-01-25,36.57184778957731,38.81213401325771,36.36197316464322,38.73404312133789,7761000,38.378719329833984
2023-01-26,38.81701983363293,38.89023261238922,38.00192674874587,38.2606086730957,5834600,38.47731246948242
2023-01-27,37.84085722895533,38.748686696906745,37.655388093905835,38.387508392333984,5188600,38.533930969238284
2023-01-30,38.17762653367607,38.55344657730185,38.08000827810361,38.2117919921875,3428600,38.47340774536133
2023-01-31,38.20691233795053,38.9487962277927,38.07025049607326,38.93415069580078,3985200,38.50562057495117
2023-02-01,38.80236649922869,39.80293215632107,38.68034647879087,39.60281753540039,4589000,38.67937545776367
2023-02-02,39.92983595627394,40.266612452020034,39.64187045462602,40.066497802734375,5367600,39.04055328369141
2023-02-03,39.66139563834478,40.242208508219555,39.60770652176934,39.83710479736328,5825400,39.33047256469727
2023-02-06,39.52960982653033,40.022571814704584,39.368546209037895,39.924957275390625,4533600,39.67310562133789
2023-02-07,39.70044042112808,39.8078186575226,38.92927655964758,39.705322265625,6542400,39.82733993530273
2023-02-08,39.44663380681205,39.97864305585717,39.334373744580475,39.67115020751953,5225600,39.841006469726565
2023-02-09,40.037215204264804,40.06162070193504,39.051294912739046,39.202598571777344,5260200,39.668226623535155
2023-02-10,39.00248624630914,39.09033709776546,38.65106794545984,38.97808074951172,4339400,39.496421813964844
2023-02-13,39.10986036526796,39.68091696040185,39.06593493997241,39.58818054199219,4141200,39.42906646728515
2023-02-14,39.402713775634766,39.77365202385347,39.114744538885944,39.402713775634766,4264200,39.36854476928711
2023-02-15,39.21723350135916,39.79804998546709,39.21723350135916,39.759002685546875,6331200,39.38611526489258
2023-02-16,39.30508629405624,39.963993624572865,39.30508629405624,39.7101936340332,5853800,39.48763427734375
2023-02-17,39.50032222135481,39.77364588284268,39.383184041253664,39.549129486083984,3451600,39.601844024658206
2023-02-21,39.08545913030471,39.14890820896782,37.99215691810659,38.03120422363281,5018400,39.29044876098633
2023-02-22,37.982400681773065,38.14346804006132,37.55776957094669,37.67491149902344,5182400,38.944888305664065
2023-02-23,38.031204540817335,38.065370002498724,37.38205704511499,37.8945426940918,4585000,38.57199630737305
2023-02-24,37.39670375696263,37.54312557289065,37.20147094530245,37.34789276123047,4395000,38.0995361328125
2023-02-27,37.73347225288049,37.99703596011173,37.5528849947123,37.562644958496094,3518600,37.702239227294925
2023-02-28,37.46014797601071,38.084889913229915,37.32348614271347,37.835968017578125,6641000,37.66319198608399
2023-03-01,37.777399671962606,38.260597917914914,37.748112334438886,37.92870330810547,6366800,37.71395034790039
2023-03-02,37.787167479323294,38.285011359259826,37.6407456563321,38.24596405029297,3361400,37.784234619140626
2023-03-03,38.48999948927721,38.76820501543583,38.19227031099708,38.63642501831055,3572200,38.04194107055664
2023-03-06,38.84629681455609,38.97808053853928,38.53880766485527,38.62178039550781,4183800,38.25376815795899
2023-03-07,38.66570872807151,38.66570872807151,37.99215576139723,38.143463134765625,4373200,38.315267181396486
2023-03-08,38.28988658064567,38.7389231522495,38.14346476874195,38.70475769042969,5018600,38.47047805786133
2023-03-09,38.84629226024039,38.99271777555355,37.97263218313998,38.045841217041016,4490200,38.43045349121094
2023-03-10,38.114168803166486,38.17273974892861,37.08432333740775,37.3381233215332,3942600,38.17079315185547
2023-03-13,37.074562743547006,37.596808284614234,36.752431824375094,37.21610641479492,4854400,37.88965835571289
2023-03-14,37.72859726205089,38.22155553476638,37.34789161530425,37.87501907348633,5484000,37.83596954345703
2023-03-15,37.2893222714528,37.2893222714528,36.493749284996134,37.11361312866211,5402400,37.517740631103514
2023-03-16,37.09897332386025,37.98239720565639,36.859811368742065,37.933589935302734,4162000,37.49529037475586
2023-03-17,37.97751540921124,38.036086367962845,37.24051706130611,37.47967529296875,9456800,37.52360076904297
2023-03-20,37.57265660584771,38.14527908872031,37.49435158750256,38.01313400268555,4628200,37.683006286621094
2023-03-21,38.41446361915937,38.56618591932296,38.03761295236119,38.355735778808594,4364800,37.77914962768555
2023-03-22,38.2480643689487,38.639597008897304,37.95441395549534,37.99356460571289,5306200,37.9551399230957
2023-03-23,38.12570739782887,39.12901322721254,38.008247986391744,38.360626220703125,5784400,38.04054718017578
2023-03-24,38.341049017269434,38.48787608199338,37.79779783931253,38.47319412231445,4415800,38.23925094604492
2023-03-27,38.56129485928404,38.80110894591533,38.27253592177593,38.316585540771484,4767400,38.29994125366211
2023-03-28,38.228483241563254,38.32636545798238,38.01313788468053,38.218692779541016,4601200,38.2725326538086
2023-03-29,38.63958944189693,39.15837559583433,38.48297566979449,39.060489654541016,4438000,38.48591766357422
2023-03-30,39.31009721858545,39.500970151609835,39.12901101347406,39.47650146484375,5310600,38.709092712402345
2023-03-31,39.59396196721274,40.034439414851406,39.549912355465246,39.99528503417969,5347400,39.01351089477539
2023-04-03,39.72610359771334,39.9022945779361,39.520548698775876,39.75057601928711,5360400,39.30030899047851
2023-04-04,39.647800703812116,39.81909646214645,38.864731712878395,38.9724006652832,5911200,39.45105056762695
2023-04-05,38.74237446059815,38.81578425639864,38.04250578021799,38.199119567871094,4674600,39.27877655029297
2023-04-06,37.949510130744684,38.17464218787924,37.739060030863094,37.998451232910156,3632400,38.98316650390625
2023-04-10,37.704810714311066,38.39488902284763,37.57266559665514,38.38020706176758,3642200,38.66015090942383
2023-04-11,38.41446143142781,38.610229600705345,38.26274287387217,38.27252960205078,2941600,38.364541625976564
2023-04-12,38.55149942454445,38.766844791937764,38.11102569519252,38.228485107421875,5127000,38.2157585144043
2023-04-13,38.39978042582278,38.605335328383816,38.07187088117056,38.49277114868164,4043800,38.274488830566405
2023-04-14,38.49277240069276,38.752163652928225,38.00824904776296,38.243167877197266,4580600,38.32343215942383
2023-04-17,38.14527878287449,38.497660697519386,38.09144244958336,38.482975006103516,4779200,38.34398574829102
2023-04-18,38.801107371245145,38.889202871693186,38.16975690702879,38.38020706176758,3936400,38.36552124023437
2023-04-19,37.920152224609296,38.02292967563169,37.57266175605179,37.85652542114258,7167200,38.29112930297852
2023-04-20,37.66564860216525,37.949512238041066,37.40625738571446,37.76353454589844,5728400,38.14528198242188
2023-04-21,37.73906725817517,37.87120863272467,37.35732136062388,37.6069221496582,4522200,38.01803283691406
2023-04-24,37.55308888289229,37.79779817026325,37.51882973201906,37.68523025512695,6724800,37.85848388671875
2023-04-25,37.56776572674482,37.59223441176934,36.60361066836651,36.642765045166016,7824200,37.51099548339844
2023-04-26,36.104409629708584,36.388273322907594,35.23814032304616,36.17293167114258,10278800,37.174276733398436
2023-04-27,36.07993709361573,36.735756176309835,35.752027552268686,36.603614807128906,10047800,36.94229278564453
2023-04-28,36.56936028633105,36.9657881780246,36.56936028633105,36.936424255371094,6615800,36.80819320678711
2023-05-01,36.946205831044686,37.49435595924088,36.90705518429067,37.411155700683594,4208800,36.753378295898436
2023-05-02,37.298592512288884,37.425842398761596,36.58404177650288,36.88258743286133,5972200,36.8013427734375
2023-05-03,37.09303320420727,37.23006980391879,36.56935549304267,36.623191833496094,5624000,36.891394805908206
2023-05-04,36.44699527179416,36.6965997453151,36.158236423217645,36.500831604003906,5867800,36.8708381652832
2023-05-05,36.90216022522543,37.156656233855216,36.711287285261264,37.05387878417969,4588600,36.89432907104492
2023-05-08,37.22517225564705,37.36710407764698,36.70149457707972,36.877685546875,2680800,36.787635040283206
2023-05-09,36.67702662097506,36.94620457787738,36.55956348279541,36.799381256103516,3095600,36.77099380493164
2023-05-10,37.195816511542716,37.24965286047422,36.437216128575415,36.9315299987793,4412200,36.83266143798828
2023-05-11,36.95599055417951,36.98045923785504,36.60360865034514,36.76511764526367,6760800,36.885518646240236
2023-05-12,36.95599634779487,37.02451464717469,36.41763668096745,36.755332946777344,6605000,36.825809478759766
2023-05-15,36.843429459177266,37.09792920733818,36.432319651487525,37.06856155395508,6885000,36.86398468017578
2023-05-16,36.872792942178464,36.9951475835857,36.559565358893344,36.58403778076172,4274800,36.82091598510742
2023-05-17,36.818964830789255,37.01472929376972,36.42742843689276,36.936424255371094,5657000,36.821894836425784
2023-05-18,36.921740292019855,37.36221404380967,36.828749563368966,37.26433181762695,5932000,36.92173767089844
2023-05-19,37.2104912674972,37.391577472833156,37.03919552405353,37.09792709350586,4923000,36.99025650024414
2023-05-22,37.068560154103196,37.484565177308056,36.872791986134075,37.33774185180664,3379200,37.04409255981445
2023-05-23,37.00983081510831,37.16644459633256,36.53509424059405,36.53998947143555,4539000,37.035282897949216
2023-05-24,36.28548647274712,36.34910953208384,35.61498179864444,35.712867736816406,9083800,36.79057159423828
2023-05-25,36.123980013748785,36.35400731715899,35.87437925529546,36.18760681152344,18997800,36.575226593017575
2023-05-26,36.456785610089725,37.64118130206706,36.45189411319825,37.494354248046875,12798000,36.65451202392578
2023-05-30,37.82226303219547,37.964194852587674,37.494353516444704,37.57265853881836,7579000,36.70149536132813
2023-05-31,37.27901391741246,37.49925452809766,36.7651266270822,36.926631927490234,15452400,36.77882385253906
2023-06-01,36.99025239347861,37.151761400164126,36.44699754114876,37.10771179199219,6905400,37.05779266357422
2023-06-02,37.435622342512836,38.1012318425338,37.332844899211125,37.964195251464844,4236200,37.4131103515625
2023-06-05,37.98867047637314,37.98867047637314,37.44052033765891,37.53840255737305,4357600,37.42192001342774
2023-06-06,37.59713449222712,37.993562340050666,37.504143768824605,37.92993927001953,4895000,37.49337615966797
2023-06-07,38.03761220566093,38.61512627290057,37.95441194415229,38.546607971191406,4813000,37.8173713684082
2023-06-08,38.61022202290796,38.688530768836685,38.25784013416174,38.59064483642578,3824000,38.11395797729492
2023-06-09,38.77173565996737,38.85983114271731,38.18932642767792,38.28721237182617,4383000,38.17856140136719
2023-06-12,38.38510185577087,39.03113427370101,38.3508427023188,38.962615966796875,3948000,38.46340408325195
2023-06-13,39.11433210058281,39.58417349030533,38.850045618744986,39.5548095703125,6766200,38.788378143310545
2023-06-14,39.51076101663053,39.863139234601405,39.24647455267697,39.53033447265625,5312400,38.98512344360351
2023-06-15,39.456921926119676,40.318295821936985,39.456921926119676,40.068695068359375,4709400,39.28073348999023
2023-06-16,40.49068361732485,40.54956623296624,40.13739915418706,40.30913543701172,7437000,39.68511810302734
2023-06-20,39.901863653379884,39.926399007056474,39.55839116332379,39.76938247680664,5273200,39.8464714050293
2023-06-21,39.587830814882125,39.99509372935348,39.53385603134643,39.92639923095703,4438600,39.920789337158205
2023-06-22,39.9705581513911,39.9705581513911,39.58783059288021,39.76938247680664,3762400,39.96859893798828
2023-06-23,39.35230474126465,39.79882273116066,39.151129062511,39.3474006652832,9982200,39.82434005737305
2023-06-26,39.568208626224404,39.79391968624486,39.39647235703166,39.528953552246094,3232000,39.668303680419925
2023-06-27,39.65651860865118,40.456320843943196,39.54366124118359,40.35327911376953,3887200,39.7850830078125
2023-06-28,40.30912872977837,40.56918702100766,40.15211219109826,40.49067687988281,3958000,39.89793853759765
2023-06-29,40.539747040619666,40.971541580247425,40.485772255220006,40.94700622558594,4241000,40.133463287353514
2023-06-30,41.27085454472511,41.81059865000912,41.14818525972559,41.683021545410156,5446400,40.60058746337891
2023-07-03,41.472033259667754,41.59470255364208,41.246322207983376,41.25613784790039,2495400,40.946024322509764
2023-07-05,40.90284715717762,41.319921982228564,40.755642516068086,41.14818572998047,3384400,41.10500564575195
2023-07-06,40.71148700834828,41.09912243724893,40.6869516514474,41.069679260253906,3867800,41.22080612182617
2023-07-07,40.976451237570345,41.41315361642916,40.976451237570345,41.030426025390625,3033600,41.23749008178711
2023-07-10,41.03042351442054,41.668301545924834,40.75564177226889,41.64867401123047,4313000,41.230620574951175
2023-07-11,41.67321579932619,41.72719059217638,41.216885842046445,41.63396072387695,3787600,41.30618515014648
2023-07-12,41.952902331085056,42.10501107141908,41.66340456805321,41.98234176635742,4295400,41.473016357421876
2023-07-13,42.06575224091402,42.144258635503675,41.859665000031136,42.06084442138672,4183800,41.67124938964844
2023-07-14,41.982339036081044,42.03631382628359,41.29539396726661,41.516197204589844,3622200,41.76840362548828
2023-07-17,41.496569793434425,41.86948550589809,41.373900495979136,41.79588317871094,4135600,41.797845458984376
2023-07-18,41.64867739603948,41.95289859317216,41.64867739603948,41.85966873168945,3360000,41.842987060546875
2023-07-19,41.781158870318,41.879292800069564,41.32973680374971,41.77134323120117,3729400,41.800787353515624
2023-07-20,41.658495041733225,41.73209737047022,41.153098124546474,41.3739013671875,3565800,41.66339874267578
2023-07-21,41.30520404078861,41.5112875523371,41.010798489495095,41.030426025390625,5152400,41.566244506835936
2023-07-24,41.17762565238507,41.34936190668348,40.79980589292855,41.01570129394531,4026800,41.41020812988281
2023-07-25,40.92738538462032,41.64377361826033,40.85868713532955,41.36899185180664,6187800,41.31207275390625
2023-07-26,41.77134488096135,43.59666449755923,41.67321094733399,43.473995208740234,10875800,41.65260314941406
2023-07-27,43.93032689518647,44.29833477657392,43.40530246748317,43.557411193847656,8750000,42.0893051147461
2023-07-28,43.83709431106735,43.8910690964705,42.747794194419754,42.968597412109375,9105000,42.47693939208985
2023-07-31,42.96859931636373,43.5475985225186,42.899904812546175,43.33169937133789,5590000,42.94013900756836
2023-08-01,43.28263479323561,43.606483537887804,43.081459090539155,43.48381423950195,4158400,43.36310348510742
2023-08-02,43.12561993413893,43.586857712120114,43.105992396398236,43.366050720214844,5910400,43.341514587402344
2023-08-03,43.13543711430054,43.56232390879359,42.963697088832575,43.415122985839844,5791200,43.31305694580078
2023-08-04,43.38567280414864,43.572132517461235,42.79686172022467,42.836116790771484,3224000,43.2865608215332
2023-08-07,43.21394181724187,43.817476433861884,43.17468674191032,43.61138916015625,4060600,43.342498779296875
2023-08-08,43.385674931247465,43.660456694977526,43.03729458609572,43.557411193847656,3587000,43.357218170166014
2023-08-09,43.64573139242179,43.72914935379409,43.31697859738553,43.39548873901367,5105600,43.36310577392578
2023-08-10,43.52306872840756,43.837101855579604,43.07655439653518,43.13543701171875,3086200,43.307168579101564
2023-08-11,43.05692015223096,43.05692015223096,42.6398453211227,42.791954040527344,2839200,43.298336029052734
2023-08-14,42.728166376972304,43.052011343681116,42.68891130719866,42.93424987792969,5598400,43.16290817260742
2023-08-15,42.65947830009071,42.850842114589895,42.48283420308068,42.59568786621094,3582600,42.97056350708008
2023-08-16,42.45338395717071,42.61040049019942,42.1148192805719,42.13935089111328,2697200,42.7193359375
2023-08-17,42.38468958631894,42.414132760055,41.72227620258429,41.894012451171875,3840400,42.47105102539062
2023-08-18,41.49166274313073,41.952900508062335,41.427876054955696,41.82041931152344,2999800,42.27674407958985
2023-08-21,41.776258448833104,42.08047967464798,41.68302857856061,41.93818283081055,3414000,42.07753067016601
2023-08-22,42.11972907931613,42.35034796244189,41.89892583659612,42.10010528564453,3066800,41.978414154052736
2023-08-23,42.22276541387253,42.52698281610793,41.77133964251793,42.374874114990234,4035600,42.025518798828124
2023-08-24,42.345438407803094,42.64965583676722,41.95780302046124,41.9725227355957,3971800,42.04122085571289
2023-08-25,42.30127702034822,42.497548630769955,41.859666832791724,42.34543991088867,2954400,42.14622497558594
2023-08-28,42.5809566254403,42.7085337151048,42.4239401087644,42.51716995239258,2399600,42.26202239990234
2023-08-29,42.48773947540995,43.155060806543105,42.43867250120873,43.13543701171875,3028800,42.46908874511719
2023-08-30,43.02748620422507,43.36605093712787,43.012766486738435,43.32189178466797,1836000,42.65849227905274
2023-08-31,43.47400030600364,43.65555222242752,43.22866169960004,43.366050720214844,4757200,42.937197875976565
2023-09-01,43.670269445889915,43.69480480255711,43.30226155730095,43.45927810668945,3556800,43.15996551513672
2023-09-05,43.48380443905963,43.493616333548324,43.11088880781533,43.16486358642578,3124200,43.28950424194336
2023-09-06,43.13542246400284,43.58684446412124,42.98821784747476,43.15995407104492,4006800,43.29440765380859
2023-09-07,42.7625138242209,42.95387761078752,42.345439000769794,42.56624221801758,4544000,43.14327774047852
2023-09-08,42.21786654957825,42.58587444794252,42.01668710155887,42.144264221191406,4784000,42.89892044067383
2023-09-11,42.40922496969524,42.42394468478867,41.805690445878355,42.419036865234375,4768400,42.69087219238281
2023-09-12,42.30127385790416,42.68400141065054,42.271834428791145,42.492637634277344,4349600,42.556427001953125
2023-09-13,42.44847869873047,42.639842476041906,42.19332449993566,42.44847869873047,4935000,42.41413192749023
2023-09-14,42.639842476041906,42.66928190529926,42.24729928262036,42.44847869873047,4173400,42.39057922363281
2023-09-15,42.29636734872511,42.57114908871249,41.859665000031136,42.06084442138672,5692600,42.373895263671876
2023-09-18,42.03133345310189,42.626514231187215,41.982145982526184,42.41500473022461,3420800,42.37308883666992
2023-09-19,42.33138067174878,42.48878282467384,42.00182050043123,42.444515228271484,3987400,42.36346435546875
2023-09-20,42.61667131177353,42.64126692161148,41.67717830962186,41.71652603149414,4516000,42.21707382202148
2023-09-21,41.49025983118187,41.58863851575433,40.98854167453315,40.99345779418945,4635000,41.92606964111328
2023-09-22,41.02789594061848,41.347616367139835,40.924597376596374,40.98854446411133,3733800,41.7116096496582
2023-09-25,40.82622638665342,41.14595059686067,40.74260730556091,40.95411682128906,4574600,41.41943206787109
2023-09-26,40.71800221960548,40.826216888909705,39.93099156025135,40.06871795654297,7929400,40.94427261352539
2023-09-27,40.29498802485758,40.60979232561715,40.02445507254782,40.511417388916016,6639400,40.703250885009766
2023-09-28,40.53601383531678,41.559125957500086,40.43763514382381,41.35745620727539,5292800,40.77605056762695
2023-09-29,41.59355552047265,41.76571728394708,41.24431962652604,41.31318283081055,5709200,40.8409782409668
2023-10-02,40.9934641877748,41.13611048808052,40.437638606112124,40.65406799316406,4186400,40.780968475341794
2023-10-03,40.506501159070424,40.82130548814088,40.290075528311746,40.422882080078125,4739600,40.85180130004883
2023-10-04,40.53601098378911,41.07708061426682,40.393364705731365,40.99345779418945,4150000,40.94820938110352
2023-10-05,41.21480847882919,41.65258332057451,40.363850652779846,40.64914321899414,4130200,40.80654678344727
2023-10-06,40.50649495527068,41.22956232787501,40.42287588908512,41.008216857910156,4821200,40.74555358886719
2023-10-09,40.599952645212234,41.018051717359526,40.393363045247156,40.88032531738281,4175800,40.79080505371094
2023-10-10,41.13610548987368,41.44107379341344,40.983623214485405,41.052486419677734,5446600,40.91672592163086
2023-10-11,41.15578154720427,41.69193508066788,41.150865427340364,41.63290786743164,5374400,41.0446159362793
2023-10-12,41.888688635080456,41.90344450017395,41.05248666973789,41.386966705322266,5863200,41.19218063354492
2023-10-13,41.14594237851258,41.16069824249177,39.96050460201142,40.28514862060547,8343000,41.047566986083986
2023-10-16,40.71800545110087,41.229563358470436,40.59503490854367,41.01313400268555,5586400,41.07412872314453
2023-10-17,40.767192407164984,41.259074571235445,40.66881747545613,41.15086364746094,4980800,41.09380416870117
2023-10-18,40.76719064354931,40.83113772388045,40.10315050133362,40.108070373535156,5532800,40.78883666992188
2023-10-19,40.10806947310315,40.30973919568335,39.54240427103982,39.78834533691406,6175600,40.469112396240234
2023-10-20,39.81294523861659,39.81294523861659,39.158741032169075,39.28171157836914,5768600,40.26842498779297
2023-10-23,39.1046372708544,39.53257616179449,38.86853214932382,38.947235107421875,6530200,39.855245208740236
2023-10-24,39.15873406381393,39.3063001940997,38.76031076590999,38.986576080322266,5558400,39.4223876953125
2023-10-25,39.02593225737719,39.57684167675805,38.701291954229525,39.1833381652832,10796400,39.23744125366211
2023-10-26,39.62110966547093,39.88672273062176,39.08495615724756,39.44894790649414,8172200,39.169561767578124
2023-10-27,39.24727450057721,39.5424030197345,38.83901144348223,39.01116943359375,4311400,39.11545333862305
2023-10-30,39.34565250871841,39.56700173001957,38.90295781887911,39.340736389160156,5931200,39.1941535949707
2023-10-31,39.26695325744031,39.75391553916334,39.104631245944965,39.62110900878906,5563000,39.32106018066406
2023-11-01,39.68505337782679,40.21136714632876,39.53748722664327,40.152339935302734,5783600,39.51486053466797
2023-11-02,40.36385025801487,40.924595639772186,40.36385025801487,40.87540817260742,6155400,39.80015258789062
2023-11-03,41.273830834121014,41.883763617224986,41.18529190167344,41.69684600830078,5342400,40.33728790283203
2023-11-06,41.85425283982845,41.90836017977835,41.28859133578296,41.49026107788086,4014800,40.76719284057617
2023-11-07,41.35253376716217,41.81982032626162,41.27383457161716,41.57387924194336,3612800,41.15774688720703
2023-11-08,41.71160925348715,41.932954727482986,41.4361526881491,41.88868713378906,3962600,41.5050163269043
2023-11-09,42.30186320116703,42.390402134721846,41.7558737363728,41.83949279785156,4261200,41.69783325195313
2023-11-10,42.134634454923514,42.65602842813221,41.85917784880637,42.60192108154297,4447800,41.878848266601565
2023-11-13,42.60191832438021,42.62651393587939,42.351057347589574,42.48386764526367,3905000,42.077569580078126
2023-11-14,43.04460396877832,43.797182987403225,42.80357903584622,43.63486099243164,5979800,42.48976593017578
2023-11-15,43.797183990478516,44.14641984196083,43.69880531577473,43.797183990478516,4711800,42.87146530151367
2023-11-16,43.92508318802027,44.308750714294725,43.71848980614954,44.04805374145508,4772800,43.313177490234374
2023-11-17,44.26939614148249,44.26939614148249,43.97918745699244,44.121829986572266,6442800,43.61715927124023
2023-11-20,44.03821399563275,44.22513163862229,43.79227288876312,44.04805374145508,4121400,43.929996490478516
2023-11-21,44.05789107992281,44.26448071533875,43.9939477411789,44.107078552246094,4130800,44.02444000244141
2023-11-22,44.220204614351154,44.47106555356232,44.097234080803325,44.31365966796875,4284400,44.12773513793945
2023-11-24,44.30382969404414,44.446475982666016,44.239886358908834,44.446475982666016,1780400,44.20741958618164
2023-11-27,44.279231327137374,44.535012157286644,44.087397580906995,44.32842254638672,5864000,44.24873809814453
2023-11-28,44.264472077653096,44.45138968987584,44.17593314364307,44.22512435913086,4098600,44.28415222167969
2023-11-29,44.51533901271168,44.64814555523539,44.28415377872287,44.35793685913086,3567400,44.33432388305664
2023-11-30,44.50058960036265,44.8350696943214,44.279240327040064,44.75636672973633,7651600,44.422865295410155
2023-12-01,44.94818971193178,45.513854937450084,44.830139046190844,45.39088439941406,8574000,44.61174697875977
2023-12-04,45.04165426290901,45.35153870726419,44.913763836276495,45.1892204284668,6307200,44.78390655517578
2023-12-05,45.0072172217792,45.12035176874367,44.73176441562297,44.918678283691406,7027200,44.92261734008789
2023-12-06,45.253164114036075,45.602400038932345,45.16954503753208,45.36629867553711,7053600,45.12428970336914
2023-12-07,45.39088294825584,45.563040945449735,45.169537487972676,45.489261627197266,4065200,45.27086868286133
2023-12-08,45.459750068314094,45.961471992284736,45.39580673605882,45.858177185058594,11764200,45.36432723999023
2023-12-11,46.064768093266686,46.91572218502298,46.05984822056635,46.846858978271484,7724800,45.69585494995117
2023-12-12,46.85177949874734,47.14690806787181,46.71405308334014,46.955074310302734,4559600,46.10313415527344
2023-12-13,47.10263582768666,47.60435397046062,46.925557953116325,47.284629821777344,7513600,46.48680038452149
2023-12-14,47.678141393362914,48.632394054186406,47.56009071713385,48.60287857055664,8113400,47.10952377319336
2023-12-15,48.676662328889016,49.153788665950444,48.6028792479313,48.83406448364258,11247800,47.70470123291015
2023-12-18,48.76012194739351,48.87350400488989,48.29672459650073,48.58757781982422,4999200,48.0528450012207
2023-12-19,48.720685345264094,48.779839895897965,48.45940938370297,48.5826530456543,4131800,48.378360748291016
2023-12-20,48.395316775588135,48.48405235622544,47.93192319768027,47.95656967163086,8556400,48.51274871826172
2023-12-21,48.321366346230484,48.52348772797494,47.9516354137592,48.454471588134766,4583000,48.48306732177734
2023-12-22,48.71574753675386,48.95730402631733,48.617154125817045,48.80941390991211,4065600,48.47813720703125
2023-12-26,48.774913407998625,49.17915247331826,48.774913407998625,49.04604721069336,1910600,48.56983108520508
2023-12-27,49.12491797900405,49.12491797900405,48.86364205162567,49.03618240356445,2481200,48.66053695678711
2023-12-28,49.085478162864575,49.119986232586704,48.834060077119055,49.021392822265625,2088600,48.87350158691406
2023-12-29,48.981950404353704,49.14955994197366,48.730532336826506,48.86856460571289,2681200,48.956320190429686
2024-01-02,48.296720490487154,48.296720490487154,47.50796191003403,47.7347297668457,5281600,48.7413833618164
2024-01-03,47.42908832431094,47.42908832431094,46.84737811508666,46.87202835083008,6143000,48.30657958984375
2024-01-04,46.30017311977551,46.94104159854561,46.28538448368196,46.650184631347656,4943600,47.82938003540039
2024-01-05,46.48257857690597,46.872028988140194,46.364265718144296,46.566383361816406,4018800,47.33837814331055
2024-01-08,46.8917496260062,47.626280794569226,46.86709938929616,47.61149215698242,4602400,47.08696365356445
2024-01-09,47.05442302906744,47.44387340582053,46.9804798495744,47.25161361694336,3249200,46.99034042358399
2024-01-10,47.2368287881567,47.57205168623418,47.09879649384796,47.4290885925293,3826400,47.10175247192383
2024-01-11,47.429083821907916,47.59176633573617,46.89667037361412,47.53260803222656,4073800,47.27823715209961
2024-01-12,47.754450140518216,47.83332411956568,47.364999761021394,47.57204818725586,3089000,47.4793701171875
2024-01-16,47.39950782539998,47.655852958640295,47.0248460819586,47.39457702636719,4461600,47.435987091064455
2024-01-17,47.069212897311296,47.36006608395178,46.70933981168929,46.99526596069336,4180800,47.384717559814455
2024-01-18,47.25654977100389,47.70515474218685,47.09386723548892,47.67064666748047,5668400,47.43302917480469
2024-01-19,47.996003795667896,48.18826357451474,47.58683400536413,48.11924743652344,7022000,47.550357055664065
2024-01-22,48.12911669439351,48.548148181620334,48.02559246283929,48.296730041503906,5512800,47.69529342651367
2024-01-23,48.37067222968209,48.41010734179448,47.83825872463638,48.28193664550781,6778400,47.872765350341794
2024-01-24,49.83479726139502,50.81088856067507,48.85870972321244,49.62282180786133,13113800,48.39827651977539
2024-01-25,49.01153530067241,50.174955692486336,48.68124321142043,49.69676971435547,8276400,48.80350112915039
2024-01-26,49.69676909023305,50.086219482365195,49.400985077287736,49.6474723815918,4483400,49.10914611816406
2024-01-29,49.371410920815315,50.01227569580078,49.27281373621123,50.01227569580078,4624400,49.45225524902344
2024-01-30,50.529894507548484,50.8108898680246,50.37707359112566,50.66792678833008,6055800,49.92945327758789
2024-01-31,50.4707438959896,50.623568596801576,49.81509046235073,49.83973693847656,5675000,49.972836303710935
2024-02-01,49.90874924280912,50.5101788781784,49.77071695162887,50.49045944213867,5098200,50.13157424926758
2024-02-02,50.31792032001231,51.31865821686529,50.31792032001231,51.00315475463867,5413200,50.40271072387695
2024-02-05,50.92427471736682,50.96864062345497,50.30805650327041,50.77145004272461,4179400,50.55454559326172
2024-02-06,50.7468105612561,51.02287515564834,50.43623413146681,50.663002014160156,5496600,50.55356063842773
2024-02-07,50.79117299716833,51.44683012507294,50.60384400109463,51.39753341674805,4974400,50.86511993408203
2024-02-08,51.42711447018542,51.747548739500594,51.417256632234846,51.693321228027344,4077600,51.105692291259764
2024-02-09,51.76233704388029,51.964458450997725,51.535569161496,51.90530014038086,3286400,51.2861213684082
2024-02-12,51.90036997338609,52.087702745406794,51.69825232490351,51.77712631225586,3726400,51.487256622314455
2024-02-13,50.860184691903136,51.160899475806204,50.41650683359555,50.815818786621094,5044600,51.51781997680664
2024-02-14,51.136252716923,51.382739996697616,50.96370861220285,51.32358169555664,4316400,51.50302963256836
2024-02-15,51.535564724740006,52.141921371694345,51.535564724740006,52.09262466430664,3979800,51.582890319824216
2024-02-16,52.22572894275666,52.506724306862004,51.92501414384247,52.0186767578125,3635800,51.60556564331055
2024-02-20,51.61444189983589,51.8806486495278,51.333446513121864,51.57007598876953,4331600,51.56415557861328
2024-02-21,51.48133754515826,51.84613769546073,51.3679517324587,51.762332916259766,4639600,51.753458404541014
2024-02-22,52.26023607716804,52.708840987465564,52.15178106821109,52.477142333984375,6201200,51.984170532226564
2024-02-23,52.718704534473744,53.09336251968989,52.49686370946919,52.97998046875,3990600,52.161641693115236
2024-02-26,52.9947662423354,53.339846936683706,52.915888505857225,53.290550231933594,5116800,52.41601638793945
2024-02-27,53.300420768535076,53.31520940633056,52.999705929699864,53.21168518066406,3976400,52.74433822631836
2024-02-28,53.1130844670198,53.73423354087493,53.098295830206226,53.41379928588867,4034200,53.07463150024414
2024-02-29,53.67507552696239,54.08917616550335,53.47295788757171,53.85254669189453,9286200,53.34971237182617
2024-03-01,53.79831695315085,54.6610225065047,53.709581374361974,54.62651443481445,4298600,53.679019165039065
2024-03-04,54.72017797648985,55.41034313562004,54.65609263555754,55.17371368408203,4498200,54.05565185546875
2024-03-05,54.882864318686615,54.99131933482969,53.67507426566347,54.04973602294922,3877600,54.223262023925784
2024-03-06,54.40467168704126,54.9715931722625,54.35537498421709,54.47861862182617,4311400,54.43622589111328
2024-03-07,54.675813009019215,55.104698490720395,54.67088221006357,54.89271926879883,4007000,54.64426040649414
2024-03-08,54.951880805567065,55.26738425753136,54.29129286726206,54.42932891845703,4578000,54.60482330322266
2024-03-11,54.50819870485527,54.50819870485527,53.64549319706135,54.16804504394531,4348200,54.403689575195315
2024-03-12,54.15819102168143,54.66595426882639,53.88705348141092,54.52299118041992,3670000,54.49834060668945
2024-03-13,54.4835564440647,54.665958417826666,54.09903682038637,54.488487243652344,4571000,54.50031433105469
2024-03-14,54.73496719196707,54.86807243521054,53.60605494879829,53.92155838012695,4011000,54.30608215332031
2024-03-15,53.522252737801864,54.039877577717235,53.50253330226152,53.88212585449219,9351000,54.196641540527345
2024-03-18,54.24271839757687,54.49464356716765,54.08464851578493,54.1340446472168,5218800,54.18984146118164
2024-03-19,54.18344767027655,54.85524564878322,54.06489242558704,54.81572723388672,4702000,54.248388671875
2024-03-20,54.8453617578615,55.418367442706156,54.746569493631945,55.378849029541016,3560200,54.42646102905273
2024-03-21,55.81848239937882,56.707627874275914,55.80366393624443,56.51498031616211,6028600,54.94514541625976
2024-03-22,56.55943113067736,56.895330086392896,56.24329138043721,56.51991271972656,4978600,55.47270278930664
2024-03-25,58.28832124199221,59.07372986331899,56.351964356064194,56.421119689941406,8547000,55.930117797851565
2024-03-26,56.63352905937017,56.93485035751931,55.951849638588016,55.986427307128906,6849200,56.1642578125
2024-03-27,56.30256642635241,57.00894197294486,56.27786647846507,56.95460510253906,9178400,56.47940902709961
2024-03-28,57.30038576891368,57.794354611749135,56.80147618241857,56.979305267333984,8712000,56.57227401733398
2024-04-01,56.72244184474375,57.30038447330956,56.32726527193734,56.3371467590332,4594600,56.53572082519531
2024-04-02,55.788843977420726,55.951850836212174,55.39366738390921,55.84811782836914,4972000,56.42112045288086
2024-04-03,56.56931259895955,57.3448435640328,55.976551470136904,56.98918914794922,7640800,56.621672821044925
2024-04-04,58.31301848264421,58.594580548549565,56.682919931392455,56.85580825805664,6825600,56.60191345214844
2024-04-05,57.12255853431352,58.08579630157062,57.087980864942324,57.98206329345703,6759200,56.80246505737305
2024-04-08,58.36736382255245,58.56988910069734,57.36460384501362,57.606651306152344,8695000,57.056365966796875
2024-04-09,57.79435083097561,57.99193910892066,56.411236654043186,56.79653549194336,8140200,57.24604949951172
2024-04-10,55.862939127446346,57.12256128562146,55.57644003972149,56.687870025634766,8224400,57.18578567504883
2024-04-11,56.64835438931131,57.38930774959946,56.26305924495085,57.24111557006836,6338800,57.262847137451175
2024-04-12,56.29269082476528,56.75208201524249,55.75426657641546,55.9765510559082,6096600,56.8617446899414
2024-04-15,56.5841291406122,56.94966500767274,55.334384875731764,55.517154693603516,5015400,56.44384536743164
2024-04-16,55.59619756773181,55.7888451246423,55.1911432469606,55.606075286865234,7816000,56.205753326416016
2024-04-17,55.60606947067827,55.84317616059714,54.855238528520644,55.07258224487305,5283400,55.88269577026367
2024-04-18,55.10222894428504,55.67029012971782,54.76138921807865,54.77126693725586,5748600,55.38872604370117
2024-04-19,54.82066481791882,55.26523376948625,54.059952334086134,54.42054748535156,7538000,55.07752532958985
2024-04-22,54.90463840387769,55.65053242223732,54.43042876035598,55.25535583496094,6549600,55.02516555786133
2024-04-23,55.68017113123843,56.53473515823024,55.38872754083051,56.44088363647461,10201800,55.1921272277832
2024-04-24,58.87614675850919,58.974939018218635,56.55449096850584,57.453514099121094,15251800,55.668313598632814
2024-04-25,56.91509651597132,59.01940505765736,56.07534713575346,58.78723907470703,8510000,56.47150802612305
2024-04-26,58.7822904203892,59.89372028127892,58.7822904203892,59.51830291748047,8345800,57.491059112548825
2024-04-29,60.017212099983865,60.35805179443148,59.459028685738716,60.32841110229492,5599800,58.505670166015626
2024-04-30,60.26419569962915,61.05454505342867,59.622034729782854,59.656612396240234,7167200,59.14881591796875
2024-05-01,59.21698674184094,59.918425401001656,58.68844020201882,58.910728454589844,8706600,59.4402587890625
2024-05-02,59.3750565515885,59.78505161737885,58.48591484851974,59.770233154296875,5003000,59.63685760498047
2024-05-03,60.46673061055461,60.7779296389687,59.775173445395495,60.58034133911133,6558800,59.84926528930664
2024-05-06,60.76311195748872,61.667072128417615,60.654438202735314,61.64237594604492,4055400,60.11205825805664
2024-05-07,61.74611021391912,62.07213148481669,61.41515196765655,61.6077995300293,7431400,60.502295684814456
2024-05-08,61.16816427946153,62.76368157222248,61.069368247154124,62.54139709472656,5986800,61.2284294128418
2024-05-09,62.61055254040721,63.1193398594425,62.309231236548456,63.03536605834961,5285200,61.881455993652345
2024-05-10,63.32680494470873,63.53921546924411,62.72910308956272,63.01560592651367,4718600,62.368508911132814
2024-05-13,63.06500123025848,63.11933810443914,62.58585084994717,62.813079833984375,4538400,62.6026496887207
2024-05-14,62.84272217471113,63.563912526138324,62.61549693977353,63.504638671875,4795000,62.982017517089844
2024-05-15,64.0677534675613,65.24340165315435,64.00354264735135,65.18412780761719,7264000,63.510563659667966
2024-05-16,65.83122860261993,66.14736835481314,64.922320219869,65.06063842773438,8066200,63.915618133544925
2024-05-17,65.69786337629299,65.83617406462213,64.8976361741934,65.15943908691406,9012600,64.344384765625
2024-05-20,65.2730440408711,66.39435544948093,65.05569653921634,65.87568664550781,6235600,64.95690612792968
2024-05-21,65.93990233112562,67.02168774565682,65.83122858471069,66.88337707519531,6137400,65.63265380859374
2024-05-22,66.78953608536104,67.32301584690477,66.27580422535796,66.47339630126953,6951000,65.89050750732422
2024-05-23,67.35760204260762,67.86145245004865,66.57219327099232,67.37735748291016,8454000,66.35385131835938
2024-05-24,67.86637040844113,68.45913143719282,67.27360937968943,67.29830932617188,7864800,66.78162536621093
2024-05-28,68.2664792550975,68.45418979071401,65.97446457295732,66.18193054199219,9672800,66.8428741455078
2024-05-29,65.3619605039184,66.04363237747133,64.5864258074533,65.73243713378906,10132600,66.61268615722656
2024-05-30,65.75219257094098,66.01399545306028,65.39159742832943,65.73243713378906,7249400,66.46449432373046
2024-05-31,65.3570207882576,65.79171581116601,63.81089579416764,65.38665771484375,16472800,66.06635437011718
2024-06-03,65.58423903494909,65.86579732872192,64.44317232426296,65.09520721435547,7883200,65.6257339477539
2024-06-04,64.43330155232563,64.73955984425304,63.84054040711873,64.24065399169922,8143600,65.23747863769532
2024-06-05,64.79882880305287,65.92014018013874,64.54197043319711,65.83616638183594,7151400,65.25822448730469
2024-06-06,65.83616601048654,66.09796889117928,64.47281473344326,64.64076232910156,6470800,65.03988952636719
2024-06-07,64.70003683075218,65.01123961324664,64.37896009831906,64.53208923339844,4583600,64.86897583007813
2024-06-10,64.275220718197,66.21652210843511,64.24558379485028,66.11278533935547,5420600,65.07249145507812
2024-06-11,65.77689320424993,66.42399118517292,65.70773786744977,66.40422821044922,4798600,65.50520629882813
2024-06-12,67.18964463296759,68.13806391406816,66.44869136297966,67.86144256591797,6658100,65.91026153564454
2024-06-13,67.97012622099143,68.19734770264395,66.92290698804652,68.15782928466797,6152700,66.61367492675781
2024-06-14,67.50578407227314,67.90096065519384,66.5573647956833,67.44650268554688,3996500,67.1965576171875
2024-06-17,67.45639267638558,68.55300425197932,66.83399456754887,68.3257827758789,5090400,67.63915710449218
2024-06-18,68.26640555206956,69.21633581528882,67.18784149413692,68.99864959716797,5635500,68.15804138183594
2024-06-20,69.25591403217621,70.09699737333865,67.6034314896351,67.72217559814453,10981900,68.13018798828125
2024-06-21,67.38574283448833,68.05861106824257,66.75245597323432,68.00914001464844,9840200,68.10045013427734
2024-06-24,67.47480195279648,67.68259849375184,66.49517998195368,66.56444549560547,7135300,67.92403869628906
2024-06-25,66.54464775962872,67.42531238253488,66.35663816056777,67.24720001220703,5575000,67.70832214355468
2024-06-26,67.32636433863419,67.32636433863419,65.96084116668005,66.45559692382812,7418100,67.19971160888672
2024-06-27,66.64360399129295,66.81181914952772,66.09937714711438,66.78213500976562,4523600,67.01170349121094
2024-06-28,66.97014492072665,68.07840062273608,66.42591052479025,66.66339874267578,27676600,66.7425552368164
2024-07-01,67.0295070930313,67.18783255719562,66.36653619793393,66.81181335449219,4698900,66.79202880859376
2024-07-02,66.38633061584065,67.17794292746156,65.84210375730397,66.85140228271484,5245500,66.7128692626953
2024-07-03,66.59412858861998,67.15814985535611,66.14884387317115,67.07898712158203,2697600,66.8375473022461
2024-07-05,67.0789829062306,67.53415727276695,66.54464581089489,67.29667663574219,4371000,66.94045562744141
2024-07-08,67.72217069899501,67.9299672118234,67.09877361113612,67.27688598632812,4936000,67.06315307617187
2024-07-09,67.51437492125446,68.22681688040569,67.51437492125446,67.90028381347656,5365400,67.28084716796874
2024-07-10,68.27630024687117,69.5131897440971,68.16745336716535,69.28559875488281,5865300,67.76768646240234
2024-07-11,69.45381670713827,69.5725532591401,68.66220446338144,68.80073547363281,4624500,68.1120361328125
2024-07-12,68.80073295477254,69.9980409563241,68.62262058391681,69.12727355957031,4594500,68.47815551757813
2024-07-15,69.38455468975599,69.90899461912294,68.66220791481474,68.97885131835938,5887500,68.81854858398438
2024-07-16,69.55276469052042,69.96835771135719,68.8699993353074,69.6715087890625,6164900,69.17279357910157
2024-07-17,68.57315294507133,68.78094946316259,63.467269759832725,63.54643249511719,14803700,68.02496032714843
2024-07-18,64.14012541903936,65.8025047893775,64.13022819171292,65.13953399658203,10698500,67.29272003173828
2024-07-19,65.8915677529932,66.42590487371626,63.556327537446954,63.67506408691406,7745800,66.20227813720703
2024-07-22,64.31825011353678,65.9410484355284,64.18961633108431,65.54524230957031,7449800,65.51555633544922
2024-07-23,65.42650195535317,66.61391271487018,65.20880822125457,65.56503295898438,8759800,64.69426116943359
2024-07-24,61.92362895932441,63.62558987789299,60.746107906492426,61.33981704711914,14011300,64.25293807983398
2024-07-25,62.15121848514898,62.5074394533303,59.895129705213144,61.11222839355469,12628800,63.44747695922852
2024-07-26,62.53713473575382,64.10056112243686,62.3986037137969,63.19021224975586,11995400,63.35050659179687
2024-07-29,63.62559105723415,63.97191856467081,62.68555062347928,62.72513198852539,5599000,62.78648452758789
2024-07-30,63.031882762419066,63.44747955167915,60.241460658411306,61.290340423583984,8008600,61.93154602050781
2024-07-31,65.21870934789416,66.36653881078087,63.061570109970745,63.58601379394531,8849000,62.380785369873045
2024-08-01,63.25947352801328,63.25947352801328,60.201882695523246,61.46845626831055,9122500,62.452030944824216
2024-08-02,59.667541842675966,59.80607284674708,57.391666180125576,58.50981521606445,11962600,61.515951538085936
2024-08-05,54.977260836962984,58.024954323954354,54.19554583838731,57.7775764465332,16551400,60.5264404296875
2024-08-06,58.18327883096027,59.934714740845145,57.80726338216625,59.251953125,10484000,60.1187629699707
2024-08-07,60.31072986721467,60.953910111393114,59.12331524952529,59.410274505615234,10106600,59.28361511230469
2024-08-08,60.33051417979726,61.8543589406356,60.03365772571027,61.71582794189453,7596700,59.333089447021486
2024-08-09,61.47834873800333,62.2105851125742,61.29033914275097,61.96320724487305,5207000,60.0237678527832
2024-08-12,62.19079552529777,62.92303568744917,61.95331488194748,62.38869857788086,4112900,60.94599227905273
2024-08-13,62.92304368234084,64.15003974450654,62.79440611561435,64.11045837402344,6823200,61.917693328857425
2024-08-14,64.3182510050883,64.49636338676966,63.645382846444726,64.13024139404297,4743900,62.86168670654297
2024-08-15,64.88227749321904,65.5452484756772,64.24899065185981,65.35724639892578,6094900,63.589970397949216
2024-08-16,65.18901846805582,65.26818120423569,64.50626062928313,65.10986328125,5913800,64.21930160522462
2024-08-19,65.08017236133044,65.72335638897911,64.338038686976,65.65409088134766,3737800,64.87238006591797
2024-08-20,65.7728355417707,66.4457037141689,65.22860115623753,66.31706237792969,4972400,65.31370086669922
2024-08-21,66.36653681446347,66.69307742530563,66.0301065240494,66.49517059326172,4671000,65.78668670654297
2024-08-22,66.78213846382171,67.0394136040237,65.85200265587942,66.05979919433594,4184600,65.927197265625
2024-08-23,66.37642807196556,66.98003064399339,65.78272272799298,66.64359283447266,3981200,66.23394317626953
2024-08-26,66.53475692962819,66.92066584422295,65.75304187075372,65.96084594726562,3809600,66.29529418945313
2024-08-27,65.5056603837795,66.05979197514793,64.86248392762461,65.82230377197266,6842300,66.19634246826172
2024-08-28,65.92125954340092,66.33685256593675,65.26817832281002,65.59471893310547,3791400,66.01625213623046
2024-08-29,65.88168101883139,66.98992912673064,65.72335554663205,66.0894775390625,4727400,66.02218780517578
2024-08-30,66.24778277037011,66.82170117308239,65.76292431605167,66.74253845214844,5853700,66.04197692871094
2024-09-03,65.49577015119975,65.60461702272623,60.9341214242676,61.260658264160156,10899200,65.10193939208985
2024-09-04,57.391671277389044,60.90443660925733,57.075027875764626,60.65705871582031,10666700,64.06889038085937
2024-09-05,60.360204913251096,61.43877266022946,60.360204913251096,61.211185455322266,5158600,63.19218368530274
2024-09-06,61.23097430125603,61.626776646943846,59.083732326456555,59.22226333618164,5743200,61.81874084472656
2024-09-09,60.053451471058466,60.26125175445693,59.251949573260134,60.09303283691406,6339000,60.48883972167969
2024-09-10,60.23156374204832,60.61747262177832,59.71701731084606,60.15240478515625,3989700,60.267189025878906
2024-09-11,60.469047651287596,61.50803395901928,59.33110792991823,61.40908432006836,9784100,60.41759414672852
2024-09-12,61.48824254370861,63.061565942278584,61.37939567734736,62.78450393676758,6219300,60.73225784301758
2024-09-13,63.06156761856237,63.6552767850364,62.62618391623088,62.913143157958984,6036300,61.47043380737305
2024-09-16,62.89335497456853,63.101151492484014,62.1017427211414,62.60639572143555,5707100,61.973106384277344
2024-09-17,63.19669594985042,63.77211130074915,62.62127681439501,63.484405517578125,4313000,62.63950653076172
2024-09-18,64.30784493261525,64.53603099064215,62.74033077173712,62.79985427856445,5860400,62.917660522460935
2024-09-19,64.72453143064419,65.06184899943145,64.1094349443898,64.77413940429688,3841800,63.3155876159668
2024-09-20,64.67492409320705,65.46859860277259,64.47649978898073,65.38923645019531,8004600,63.81080627441406
2024-09-23,65.4586788061402,65.82575049913173,65.05191468577223,65.151123046875,4984200,64.31975173950195
2024-09-24,65.2801015419835,65.70670431224293,64.72452108848175,65.62733459472656,8311700,64.74833755493164
2024-09-25,65.59757940694877,66.03409775874324,64.5757112221763,64.84358215332031,4934000,65.1570831298828
2024-09-26,65.89520316011827,66.45078365771698,64.94278918166637,65.20073699951172,4677900,65.24240264892578
2024-09-27,65.30986122192839,65.45867754527242,64.11933820428871,64.50625610351562,6312800,65.06580657958985
2024-09-30,64.24831585464949,64.67491861118451,63.5340035582083,64.64515686035156,9220600,64.96461334228516
2024-10-01,64.60547681914646,64.7840549065696,62.63119853466041,63.11732482910156,6527300,64.46261138916016
2024-10-02,62.72048970962915,63.51416423805758,61.629178717787426,61.64902114868164,8607300,63.823699188232425
2024-10-03,61.57957077026367,62.383172141873544,61.4307544399282,61.57957077026367,6565200,63.099465942382814
2024-10-04,62.234357801915486,62.264119555111826,61.470441265237724,61.90696716308594,5287900,62.57960815429688
2024-10-07,61.48036458389395,62.38317435133177,61.46052215350935,62.35340881347656,5020000,62.12125854492187
2024-10-08,62.80977885346198,64.03005997116728,62.80977885346198,63.821720123291016,6678900,62.26213760375977
2024-10-09,63.821714299563666,64.63523497046683,63.41495017955571,64.42689514160156,4693700,62.81771240234375
2024-10-10,63.82171775445912,64.5856305016517,63.69274006595616,64.04989624023438,3863800,63.31177749633789
2024-10-11,63.89116905793964,65.20073927005451,63.79196068427152,65.04199981689453,5249300,63.93878402709961
2024-10-14,65.5876484024082,66.87737979393081,65.52812490003762,66.84761047363281,6682500,64.83762435913086
2024-10-15,67.10555932586448,67.38334576679918,64.66499729165021,65.1808853149414,15083600,65.10945739746094
2024-10-16,65.29001921461895,66.96666859868748,65.21065706362054,66.47061920166016,6848400,65.51820220947266
2024-10-17,67.3535883592082,67.93893059959838,66.68888396565585,67.00635528564453,6552100,66.10949401855468
2024-10-18,67.15517275745567,67.43295922100079,66.61943847671292,66.92698669433594,10159200,66.48649139404297
2024-10-21,66.6988004326773,66.99642550790885,66.1531431077506,66.34164428710938,8212700,66.38529815673829
2024-10-22,65.73646559988717,66.77816475076119,65.50827955591696,66.3218002319336,7896000,66.61348114013671
2024-10-23,67.46271324307762,70.63742613275387,66.6789543426954,67.92900085449219,12309500,66.90515747070313
2024-10-24,68.91117949233927,69.60565317115864,68.1175050196909,69.24849700927734,9833400,67.35358581542968
2024-10-25,69.85368641349689,70.12154978313917,68.36553807987265,68.86158752441406,7041100,67.74050598144531
2024-10-28,69.75447045370873,69.7743166701897,67.94885077874606,68.1373519897461,7116400,68.09964752197266
2024-10-29,68.13733768605707,68.5837790646801,67.81986641103103,68.33575439453125,8117000,68.50243835449218
2024-10-30,67.95876321221168,68.31591936162968,67.28413577099018,67.81986999511719,6133300,68.4806121826172
2024-10-31,67.56192410583809,67.56192410583809,66.31187754770863,66.4904556274414,6512800,67.92900390625
2024-11-01,67.18494402882553,67.84964852777118,66.57976304646769,67.32383728027344,5399600,67.62145385742187
2024-11-04,67.4627215398538,67.96869407075448,67.02619562542077,67.68098449707031,4818100,67.53018035888672
2024-11-05,67.76034728177846,69.21872607824172,67.66113135203128,69.1592025756836,5580300,67.69486999511719
2024-11-06,71.78827078906797,71.78827078906797,70.23067595379827,71.59976959228516,11720500,68.45084991455079
2024-11-07,71.92715960363876,73.59388581170137,71.33190186556912,73.3656997680664,10873100,69.82589874267578
2024-11-08,73.4550014272825,74.01057437375921,72.94902888296193,73.28634643554688,6026900,71.01840057373047
2024-11-11,73.60380711087292,74.10977201279354,72.36368369988834,72.82997131347656,4420700,72.04819793701172
2024-11-12,73.01846798020303,73.4053858950907,71.07395529871003,71.42118835449219,7945500,72.50059509277344
2024-11-13,71.71882191529767,72.25455616629122,71.29221913593871,71.75850677490234,5083800,72.53234252929687
2024-11-14,72.39344815874303,73.05815251530858,71.82795216494485,71.97676849365234,6585500,72.25455627441406
2024-11-15,71.08387548080603,71.6096865963705,69.68501263907025,69.96279907226562,7410300,71.58984680175782
2024-11-18,70.0024931280402,70.1513094708386,68.63339942634491,69.32786560058594,7200200,70.8894256591797
2024-11-19,68.62347770416464,70.51839019789493,68.56395419348873,70.41918182373047,4862100,70.68902435302735
2024-11-20,70.83585224244104,70.865613993874,69.44691247903774,70.32987976074219,4044300,70.4032989501953
2024-11-21,71.5997704766053,73.32602788410775,71.43111549272358,72.66131591796875,6144000,70.54020843505859
2024-11-22,73.05815247715609,73.81214965819754,72.82005089281617,73.70301818847656,4894800,71.28825225830079
2024-11-25,74.11970850328107,74.33797147408428,72.60179838520386,72.71092987060547,10999300,71.9648651123047
2024-11-26,73.01846993088327,73.21689423171176,72.33392690808608,72.68115997314453,4606700,72.4172607421875
2024-11-27,72.50257782288524,72.96886544230343,71.63944919316778,72.1652603149414,4745400,72.78433685302734
2024-11-29,72.49265315649112,72.81012444407781,72.07597351074219,72.07597351074219,3449200,72.66726837158203
2024-12-02,72.35377002221205,73.36570752703909,71.73866600532433,72.5025863647461,4549300,72.42718200683593
2024-12-03,72.3240065653104,72.6117161356744,71.68906391661517,72.55218505859375,3633600,72.39543304443359
2024-12-04,73.00855145387285,74.00065031359628,72.79029606278914,73.8121566772461,4002800,72.6216323852539
2024-12-05,73.56412923680068,74.03041689465314,73.26649656226535,73.80223083496094,6688900,72.94902648925782
2024-12-06,73.8121507875908,74.23875356599672,73.3359400425116,73.62364959716797,5231900,73.25856170654296
2024-12-09,73.63357854279776,73.84191839494154,72.84981953571574,73.08792114257812,6798400,73.37562866210938
2024-12-10,72.91926033855977,73.03831491705442,71.79819144190884,72.03629302978516,9140200,73.27245025634765
2024-12-11,72.75060366200204,73.1970450749738,72.18510767331848,72.94902038574219,3326200,73.09982299804688
2024-12-12,72.51249825266483,73.3458651874285,72.51249825266483,73.01847076416016,4127800,72.94307098388671
2024-12-13,73.24664968659944,74.18914043487902,72.50257565297477,73.04822540283203,5437400,72.82798614501954
2024-12-16,73.32602911444145,75.18124910649578,73.25657492908711,74.75464630126953,10221500,73.16133117675781
2024-12-17,74.57070016696106,75.01812133367328,73.74544926453963,73.8349380493164,7238100,73.52106018066407
2024-12-18,74.07356162238153,74.32213062111435,69.44023184485425,69.69874572753906,10600300,72.87100524902344
2024-12-19,70.57371716797647,71.41885029095164,69.30103745555208,69.60926818847656,9952900,72.18916473388671
2024-12-20,68.91326772360613,70.77256659041309,68.55532775367833,70.1760025024414,12193100,71.61472015380859
2024-12-23,70.38480413068896,70.792453376116,69.70869609749768,70.58365631103516,2970600,70.78052215576172
2024-12-24,70.60354358208369,71.3094786587738,70.40468382305004,71.24982452392578,1660900,70.2634994506836
2024-12-26,70.84216748163445,71.38902233508057,70.67314237628715,71.150390625,2882700,70.55382843017578
2024-12-27,70.59359689509301,71.02113588394296,69.86777206817139,70.3350830078125,4072300,70.69899139404296
2024-12-30,69.23144127092016,69.68880736107583,68.7343032269608,69.10218811035156,5513400,70.484228515625
2024-12-31,69.10218418205088,69.50984099607098,68.62492834926198,69.0524673461914,3936400,70.17799072265625
2025-01-02,69.74845653439728,70.04673475566723,68.28686973443266,68.61498260498047,4249200,69.6510223388672
2025-01-03,69.05246481368896,69.86777082610367,68.83373046681209,69.69874572753906,5048300,69.360693359375
2025-01-06,70.7129173152111,71.88616338930281,70.62342852371943,70.72285461425781,4822800,69.43824768066406
2025-01-07,71.58787432317949,71.58787432317949,70.44445536892833,71.05096435546875,5338800,69.8280029296875
2025-01-08,70.37485330734027,71.97563825693483,70.23565527569934,71.4188461303711,7296500,70.30127868652343
2025-01-10,70.46435038282223,70.59360354577757,69.37064059733608,69.79817962646484,4530700,70.53791809082031
2025-01-13,68.3067620084791,68.3067620084791,67.00426280263538,67.94882202148438,6787200,70.18793334960938
2025-01-14,68.52549632506106,70.0169102429144,68.29681710566202,69.86776733398438,6159900,70.01691589355468
2025-01-15,71.4486714168039,71.93586451541296,70.37485155455558,70.54387664794922,6061100,69.91549835205078
2025-01-16,71.05096121904154,71.12056023479889,68.9629831605973,69.46012115478516,6867000,69.5237533569336
2025-01-17,68.9530373987031,69.57943611826683,68.08802215469406,69.02263641357422,9780900,69.36864471435547
2025-01-21,70.29531481307956,72.41312768795584,69.79817678021273,72.30375671386719,11398600,70.23963165283203
2025-01-22,75.21698042966979,77.8020964957711,72.80088946189932,77.39443969726562,14384500,71.74496612548828
2025-01-23,77.54358782116462,78.36883877181269,76.2212064260757,78.10038757324219,9307600,73.25626831054687
2025-01-24,78.54780612660426,78.93557317024477,76.47971017003887,76.7481689453125,6318800,74.71387786865235
2025-01-27,70.56377522740272,72.33358545153888,65.30405380799357,67.10369110107422,22509300,74.33008880615235
2025-01-28,68.47579519220038,68.5354493285508,65.99010503460856,68.18745422363281,10368800,73.50682830810547
2025-01-29,68.69451583948677,69.68879170402047,68.4061825142081,68.98285675048828,8943000,71.82451171875
2025-01-30,71.23987963954306,71.58787473569676,69.90754580405213,71.24982452392578,7103200,70.45439910888672
2025-01-31,72.37335195320077,72.5622668232503,70.17600287303786,70.3748550415039,6270300,69.179736328125
2025-02-03,68.63487077904126,70.25554550712188,68.1476776650829,69.71863555908203,7490900,69.70272521972656
2025-02-04,68.60504667326765,70.40468387596076,68.38630473102832,69.31098175048828,6244800,69.92743072509765
2025-02-05,69.80811553565744,69.94731356578048,68.6249246938878,69.12206268310547,7565800,69.9552719116211
2025-02-06,69.8180652670761,70.29531352185624,68.83373410408335,69.629150390625,6277700,69.63113708496094
2025-02-07,69.8578329626261,70.7327931002254,69.07235402269916,69.40046691894531,6275600,69.43625946044922
2025-02-10,70.09645344741297,71.57792246719262,69.88765641126066,71.3890151977539,9948200,69.7703353881836
2025-02-11,70.46433832018236,70.68307265411025,69.11212244026851,69.54959869384766,6579400,69.81805877685547
2025-02-12,68.60503918585076,69.53966098769816,68.48572334336278,69.33086395263672,7512000,69.85981903076171
2025-02-13,69.21155503131818,69.5197781730803,68.5354470277221,68.97293090820312,6104000,69.72857513427735
2025-02-14,69.30103138670896,69.6689162228172,68.40618909117161,68.48572540283203,5468000,69.54562683105469
2025-02-18,69.00276496501687,69.15190790171775,67.60083198004328,68.63488006591797,6352000,68.9947998046875
2025-02-19,69.94731799264169,70.1461777523485,68.63487392147337,69.41040802001953,7368700,68.96696166992187
2025-02-20,69.15190089697045,69.41040720296004,67.75991293830509,68.97293090820312,4694700,68.89537506103515
2025-02-21,69.04252246221192,69.20160266518138,66.39774486811952,67.19316864013672,8015400,68.53942260742187
2025-02-24,67.50140237100408,68.05819454760233,66.17901336585874,66.7457504272461,7469000,68.1914276123047
2025-02-25,65.49297175993281,66.47730300982967,63.91206876030464,64.63789367675781,12372100,67.39203033447265
2025-02-26,65.73159051476955,66.46735267048018,65.08530956274127,65.85090637207031,9801200,66.68013000488281
2025-02-27,66.019926101989,66.5966079867074,64.92622404920408,65.0853042602539,6948800,65.90260467529296
2025-02-28,64.73731139185504,66.23867028571406,64.27000045507135,66.21878051757812,10480900,65.70772705078124
2025-03-03,66.26849893586636,66.39775208894318,62.79847392130056,63.086814880371094,9326300,64.97593994140625
2025-03-04,62.152192212874446,63.83251731777096,61.07837608578223,62.68910217285156,9394900,64.586181640625
2025-03-05,63.136526549196866,64.40919862655146,62.38087845148307,64.339599609375,7778800,64.28392028808594
2025-03-06,62.45047937695933,62.95755848800575,61.118149332943474,61.39654541015625,9130300,63.54616851806641
2025-03-07,61.396543886112646,62.947615833928964,59.666501952284364,62.56978988647461,8120400,62.8163703918457
2025-03-10,60.95906539962051,61.84397046867889,60.34261152373945,61.436317443847656,8764500,62.486270904541016
2025-03-11,61.70477213207558,62.50019220194849,60.70055121216061,61.287174224853516,7502600,62.205885314941405
2025-03-12,62.848185770415384,63.47458071959982,61.774369650389765,62.47036361694336,9807600,61.83203811645508
2025-03-13,62.41070327938758,62.82829736746744,61.008774309193754,61.26728439331055,7136700,61.80618591308594
2025-03-14,62.351048083020565,63.08681400407324,61.71471203933285,62.63938903808594,7577700,61.820105743408206
2025-03-17,62.241678751253104,64.21034865337155,62.241678751253104,63.494468688964844,6834900,62.23173599243164
2025-03-18,62.961149113146554,64.07762187957026,62.61225256197889,63.64897537231445,10089400,62.70409622192383
2025-03-19,65.17416145350771,67.83576127444843,64.49630199282008,67.1977767944336,15969500,63.64957885742187
2025-03-20,65.90186435360728,67.27751691696335,65.90186435360728,66.15107727050781,7627400,64.62633743286133
2025-03-21,65.39346815236749,66.83890763977664,64.43649146003524,66.39031982421875,11824100,65.37652359008788
2025-03-24,67.63638574058903,69.21141323829505,67.57657707282483,69.08182525634766,8475200,66.49399490356446
2025-03-25,68.95223272441702,69.60018787361565,68.49368183869764,69.27122497558594,5202200,67.61844482421876
2025-03-26,69.0917822936282,69.4307157940482,66.9585204678275,67.36723327636719,6915300,67.65233612060547
2025-03-27,67.05821518716597,68.4039711602766,66.45014260472304,67.95538330078125,8033400,68.01319732666016
2025-03-28,67.32736958141588,67.94542041787989,66.00155489960423,66.38035583496094,9489700,68.01120452880859
2025-03-31,65.26388180932629,65.89189564040392,64.19725079791675,65.38349914550781,10087900,67.27153930664062
2025-04-01,65.36356602954278,66.43019705028006,64.91498580418947,65.86199188232422,6361100,66.58969268798828
2025-04-02,64.71560474470864,67.87562252550163,64.645825436171,67.68622589111328,5700500,66.6534912109375
2025-04-03,64.13743392971608,64.60595543974887,61.98423823929123,62.46272659301758,9716800,65.55495986938476
2025-04-04,60.349400670128595,60.379305003198034,56.94016600078216,58.90396499633789,15461000,64.05968170166015
2025-04-07,57.31897367107288,62.98109172227387,56.27228012979079,60.70827102661133,15572200,63.12463607788086
2025-04-08,62.981087695519605,63.76860141346893,58.9837104403558,59.88087844848633,12856900,61.92841339111328
2025-04-09,59.6017670909559,66.84887597266102,58.97374942322066,65.97164916992188,12062100,61.585498046875
2025-04-10,63.92809295654297,65.1342825286995,61.804801700571055,63.92809295654297,13077300,61.878571319580075
2025-04-11,63.14058365845348,65.43334169274702,62.82159143469197,65.19409942626953,6469100,63.13659820556641
2025-04-14,66.8089923462791,66.97846290206857,64.79535541661961,65.25390625,6785500,64.04572525024415
2025-04-15,65.46325027711512,66.60963127006109,65.20407430717083,65.55297088623047,6183000,65.18014373779297
2025-04-16,64.43649020914505,65.58287113059451,63.549292846850356,64.56607818603516,5633400,64.89902954101562
2025-04-17,64.8152962217169,65.79221426474024,64.3667159847892,64.85517120361328,6052600,65.08444519042969
2025-04-21,63.738693770613956,64.54614498417102,62.353070571661725,63.38979721069336,6601800,64.72358474731445
2025-04-22,64.13743472015733,65.77227850491713,64.04772171774745,65.54299926757812,7601200,64.78140335083008
2025-04-23,75.78066558692335,76.18937844906155,70.69672325690958,70.9260025024414,19054400,65.85600967407227
2025-04-24,72.25180788133383,76.31895666116492,70.60700120735198,75.7906265258789,14920900,68.10091934204101
2025-04-25,74.91340529127336,76.39871216532924,73.90658296472384,75.61119842529297,14324600,70.25212478637695
2025-04-28,75.84048055875417,76.35884010594069,74.7240038962466,75.64110565185547,5879700,72.70238647460937
2025-04-29,75.69095220549931,76.64792895419018,75.42180558461367,76.43859100341797,5443100,74.88150482177734
2025-04-30,74.39503757838507,76.92704173909989,74.07604534741016,76.70773315429688,6624100,76.03785095214843
2025-05-01,78.24288765974889,79.10018072860387,77.87405739886644,78.3824462890625,8436500,76.55621490478515
2025-05-02,79.37929565764117,80.74498518198745,78.51203957312629,80.40605926513672,7706800,77.5151870727539
2025-05-05,79.8478232211557,80.63533701203248,79.40921362518814,79.9176025390625,6762500,78.37048645019532
2025-05-06,79.39923674389661,79.79797893150172,78.85096528526776,79.45904541015625,6054000,78.97457733154297
2025-05-07,79.45904768841241,80.8247372483703,79.02043050893326,80.58548736572266,8289300,79.75012817382813
2025-05-08,81.5524402421465,81.56241088927487,79.85779528834294,80.3263168334961,8622500,80.13890228271484
2025-05-09,80.69513789271329,81.18360067628008,80.06712409218038,80.62535858154297,6917900,80.1827621459961
2025-05-12,83.11749015952869,84.71245892835644,82.61906432061369,84.194091796875,9860300,81.03805999755859
2025-05-13,84.49314813324254,86.52672641549137,84.35358951042518,85.50993347167969,8089100,82.24823760986328
2025-05-14,85.72924282065755,85.79902213269193,85.10122901234806,85.36040496826172,5751200,83.20322113037109
2025-05-15,85.10123132868452,85.87877442833837,84.45327621051472,85.6993408203125,5957700,84.27782592773437
2025-05-16,86.02830002652789,86.68621815759282,85.55977853640427,86.6064682006836,7690600,85.4740478515625
2025-05-19,84.57289032053006,86.49681430890631,84.57289032053006,86.13795471191406,8316000,85.86282043457031
2025-05-20,85.73921617809454,86.24760506526127,85.36040766760773,86.0183334350586,4421800,85.9645004272461
2025-05-21,85.40027812958728,86.94540121294237,85.12116088739074,85.42021942138672,6507700,85.9764633178711
2025-05-22,85.17101075670372,85.66943660129047,84.5130849912693,84.9915771484375,5266000,85.8349105834961
2025-05-23,83.60595144396997,85.7292427413738,83.17730492604812,85.2806625366211,4476000,85.56974945068359
2025-05-27,86.63638284521363,88.22137336008616,86.47688292641215,88.05191040039062,7492200,85.95254058837891
2025-05-28,87.92231837846009,88.50049419948654,87.56345115198678,87.8525390625,6116600,86.31938171386719
2025-05-29,88.71980275801073,88.85936138987424,87.67310541365947,88.64005279541016,7740200,86.96334838867188
2025-05-30,88.7596760716402,89.69671910115369,87.87247866915929,89.6468734741211,21458600,87.8944076538086
2025-06-02,89.26806834389001,90.0954494337154,88.49051766799005,90.07551574707031,6116900,88.85337829589844
2025-06-03,90.60385128794638,91.59073235106338,90.42441767598193,91.39136505126953,6525700,89.52126922607422
2025-06-04,91.67047400407175,92.11906179601014,91.19198948578662,91.62063598632812,6070300,90.27488861083984
2025-06-05,92.06922167542211,93.03616902085486,91.59072952316554,92.22871398925781,8686400,90.99262084960938
2025-06-06,92.96639453404076,93.38507043564228,92.5277773388153,93.06607818603516,4289400,91.67646179199218
2025-06-09,93.25547430540634,93.6043708596082,92.47792363484645,92.66732788085938,7702500,92.19482421875
2025-06-10,93.14582039119831,93.81370916984156,90.77330860232458,92.19880676269531,8667400,92.35631256103515
2025-06-11,92.26858868426142,93.00626440027065,91.3215826343404,92.77698516845703,7601500,92.58758239746093
2025-06-12,92.43805449976223,94.53144139044338,92.04927536920601,94.30216217041016,5849000,93.00227203369141
2025-06-13,92.71717387848895,93.47477565484195,91.7901015419489,92.19880676269531,7132300,92.82881774902344
2025-06-16,93.00626381107162,93.74393191703297,92.81685956013742,93.08600616455078,5213800,92.91255340576171
2025-06-17,92.46186897942869,93.60029844048746,92.09238586676526,92.67158508300781,14241000,93.00710906982422
2025-06-18,92.65161245953445,94.05966499873574,92.4119466979732,93.34066009521484,9920500,93.11984405517578
2025-06-20,94.00972716292858,94.37921789461788,92.8513363486878,93.69017028808594,16439800,92.99744567871093
2025-06-23,93.32068234362842,95.1481518475461,92.85133912190159,95.11819458007812,11459500,93.5813232421875
2025-06-24,96.03691780910998,96.55620249794804,94.74870200109325,95.66743469238281,11953000,94.09760894775391
2025-06-25,95.99697436235007,97.27520952212923,95.66743680049014,96.8857421875,6228500,94.94044036865235
2025-06-26,96.89572854576426,97.85439918230448,96.75592288744612,96.8458023071289,12473800,95.64146881103515
2025-06-27,96.95564421425009,97.93429145276629,96.31653044907762,97.53484344482422,19777900,96.41040344238282
2025-06-30,97.83443049626496,98.87299226025839,97.24524297548659,98.61334991455078,8252000,97.10943450927735
2025-07-01,98.46355848538877,98.56341858434868,96.27659412846934,97.25523376464844,6782200,97.42699432373047
2025-07-02,96.60613133327648,98.3836669921875,96.03692039060456,98.3836669921875,6354300,97.72657928466796
2025-07-03,99.09268735121707,99.5720188532816,98.67326276336452,99.3223648071289,3180800,98.22189178466797
2025-07-07,99.21251599751791,99.8516297434576,98.05412519006605,98.41362762451172,9851200,98.39764862060547
2025-07-08,98.61334956802011,99.00280927579445,96.51625707565745,97.27520751953125,9425600,98.13002014160156
2025-07-09,97.75453979851223,98.65329590770426,97.30516555333472,98.0740966796875,6244500,98.29379272460938
2025-07-10,98.42361187887938,98.6932425239343,96.99559038426005,98.17395782470703,5315900,98.25185089111328
2025-07-11,98.07409484143703,98.83304527706683,97.79448352800418,98.62333679199219,6716900,98.11204528808594
2025-07-14,98.69323961385705,100.65052642659509,98.18394322508823,100.07132720947266,7750000,98.44358520507812
2025-07-15,100.60059518753766,100.8602375362519,98.7431684214225,99.30239868164062,5507700,98.8490234375
2025-07-16,99.6619036051522,100.44082305181901,98.47354784384207,100.4108657836914,6241000,99.31637725830078
2025-07-17,99.96148191608387,101.93874538036926,99.96148191608387,101.81890869140625,6959000,100.04536743164063
2025-07-18,102.85747273159502,103.55650105213891,102.19838235607884,103.1969985961914,6319500,100.96009979248046
2025-07-21,102.89741911565223,104.01587205627489,102.37813440010561,103.56649017333984,6509400,101.65913238525391
2025-07-22,103.62640434972712,103.73625274613998,100.96010080516933,101.63916015625,8825700,102.12648468017578
2025-07-23,107.0816227119359,108.69937614384078,95.05828227431299,100.57064056396484,30058100,102.15843963623047
2025-07-24,102.64776526646565,104.95456636626817,102.0386087443714,104.3154525756836,14014600,102.65774841308594
2025-07-25,104.64499447228197,105.87328815473944,104.52515778325609,104.87467193603516,7303600,102.99328308105468
2025-07-28,105.76344518405902,107.00172713626765,104.8946463490437,106.5523452758789,8368800,103.5904541015625
2025-07-29,107.67079726293956,108.39979043366979,104.82474264621422,105.16426849365234,9476600,104.29547576904297
2025-07-30,105.16427343087436,105.86330936774723,104.14568822190284,105.34402465820312,7247600,105.25015258789062
2025-07-31,106.6522171155479,108.05027375170674,106.1229441103309,106.36261749267578,15268000,105.65958557128906
2025-08-01,105.14430430612654,105.17426157416507,102.61780645038107,104.16565704345703,8736100,105.51778259277344
2025-08-04,108.40977246357417,108.59951198000387,106.26275372409657,108.47967529296875,8998000,105.9032485961914
2025-08-05,108.50964045955001,109.74792242010143,106.86192219803056,107.78064727783203,10434700,106.42652435302735
2025-08-06,108.10020236010966,109.34847259521484,107.39118578083033,109.34847259521484,6507700,107.22741394042968
2025-08-07,109.43834971373066,110.22725745491795,107.68079062284892,108.39979553222656,5794200,107.63484954833984
2025-08-08,109.00894722179191,110.44694935807003,108.34985687775189,109.82781219482422,5052400,108.76728057861328
2025-08-11,110.09743647544059,110.84639862833474,109.09882027158172,109.65804290771484,4859600,109.0029541015625
2025-08-12,110.00756474250441,111.71519753790393,109.63807400406567,111.69522094726562,7075400,109.78586883544922
2025-08-13,111.96485641303906,112.19453388341628,107.52100954033952,109.67802429199219,9871600,109.85177917480469
2025-08-14,108.85915962736347,110.67664089897217,108.61948624162095,110.58676147460938,6247100,110.28917236328125
2025-08-15,110.3970257288636,110.56678865706658,107.37121219449112,109.05887603759766,6535500,110.13538513183593
2025-08-18,109.8477803173982,111.22586790950793,109.56816900469508,110.90631103515625,6809200,110.38503875732422
2025-08-19,110.65665784421815,111.86498252278795,109.0289161933521,109.82781219482422,7000600,110.01155700683594
2025-08-20,109.14875876106657,109.30853339866884,104.56510622905058,108.4996566772461,9011700,109.77588348388672
2025-08-21,108.36983183147053,109.32851013369215,107.74070633829761,108.65943145751953,7320500,109.39041748046876
2025-08-22,108.8591574129396,111.01616450888277,108.27995817076665,109.20867156982422,7552500,109.42037658691406
2025-08-25,109.42836918750665,111.32574156345582,109.3984119193809,109.57816314697266,4086900,109.15474700927734
2025-08-26,109.6680336780549,110.62670434113458,109.5781618747211,109.7479248046875,10309400,109.13876953125
2025-08-27,109.51823755684903,110.50687308701383,109.24861453333673,109.97760009765625,4433400,109.43435821533203
2025-08-28,109.94764502548898,111.90493191537514,109.4083913488616,111.78510284423828,5076800,110.05949249267579
2025-08-29,110.8663729880944,111.13600364278874,107.77066412945162,108.70936584472656,6200800,109.95963134765626
2025-09-02,106.74208862598648,109.1687263789788,105.30407881122444,109.09882354736328,6986600,109.86376342773437
2025-09-03,109.27857611345965,110.57678028090062,108.74931072205038,110.53683471679688,6826300,110.02154541015625
2025-09-04,110.94626059394407,112.62393614944244,110.10742662561347,112.59397888183594,8145700,110.5448211669922
2025-09-05,112.84363166926182,113.53267929181881,108.52960994913734,110.29715728759766,12409800,110.24723205566406
2025-09-08,110.94626183638655,111.81506070089014,110.23724522602318,110.38703918457031,9279700,110.58276672363282
2025-09-09,110.74653861550024,117.07776169571353,110.44695070658113,116.62838745117188,14095800,112.08867950439453
2025-09-10,117.83671339844467,120.63284184865448,116.48858303163667,118.92520141601562,18913200,113.76635284423828
2025-09-11,118.66556610548267,120.06363032375269,118.66556610548267,119.30467987060547,9832000,115.10849304199219
2025-09-12,118.86528410189091,119.42450673132262,117.65695942396202,118.5157699584961,6358900,116.75221557617188
2025-09-15,118.32603477689752,120.34324382493463,118.06640004306082,119.07499694824219,6063400,118.48980712890625
2025-09-16,119.18000030517578,119.81999969482422,118.20999908447266,119.04000091552734,7717500,118.97212982177734
2025-09-17,119.11000061035156,119.5,117.33999633789062,118.41000366210938,11958900,118.8690902709961
2025-09-18,119.0,122.79000091552734,118.87999725341797,122.06999969482422,12130400,119.42215423583984
2025-09-19,122.47000122070312,124.38999938964844,121.29000091552734,123.94000244140625,15836500,120.50700073242187
2025-09-22,123.0,123.94000244140625,121.19000244140625,123.69000244140625,12207200,121.43000183105468
2025-09-23,124.01000213623047,126.05999755859375,123.8499984741211,125.4000015258789,12013100,122.702001953125
2025-09-24,125.5999984741211,126.0,121.52999877929688,123.12999725341797,8434100,123.64600067138672
2025-09-25,121.0999984741211,122.37999725341797,119.62000274658203,122.33000183105469,9004700,123.69800109863282
2025-09-26,122.77999877929688,123.08000183105469,121.31999969482422,122.5999984741211,6212500,123.43000030517578
2025-09-29,123.83000183105469,124.23999786376953,120.2699966430664,121.01000213623047,8113000,122.89400024414063
2025-09-30,121.4000015258789,123.87000274658203,121.30999755859375,123.75,7326200,122.56399993896484
2025-10-01,123.41999816894531,125.54000091552734,121.80000305175781,124.66000366210938,7350000,122.87000122070313
2025-10-02,125.30000305175781,125.80999755859375,121.9000015258789,123.58000183105469,6071500,123.12000122070313
2025-10-03,124.1500015258789,124.69000244140625,122.12999725341797,122.22000122070312,6315600,123.04400177001953
2025-10-06,124.41000366210938,125.02999877929688,122.51000213623047,123.4000015258789,6568600,123.52200164794922
2025-10-07,124.12999725341797,124.75,122.91999816894531,124.52999877929688,7395500,123.6780014038086
2025-10-08,124.4800033569336,126.11000061035156,123.83000183105469,125.79000091552734,6318300,123.90400085449218
2025-10-09,126.11000061035156,126.48999786376953,124.37000274658203,126.25,3322800,124.43800048828125
2025-10-10,127.05999755859375,127.5,121.38999938964844,121.69999694824219,5715100,124.33399963378906
2025-10-13,123.5,125.16000366210938,122.83000183105469,123.91000366210938,6140000,124.43600006103516
2025-10-14,121.7300033569336,124.44000244140625,120.04000091552734,122.63999938964844,5912200,124.05800018310546
2025-10-15,126.63999938964844,127.4800033569336,124.0999984741211,125.5999984741211,10113500,124.01999969482422
2025-10-16,126.95999908447266,128.1199951171875,126.45999908447266,127.36000061035156,6941900,124.24199981689453
2025-10-17,126.23999786376953,127.05000305175781,124.45999908447266,125.6500015258789,5884300,125.03200073242188
2025-10-20,126.56999969482422,127.94000244140625,125.69999694824219,127.66999816894531,5275300,125.78399963378907
2025-10-21,127.80999755859375,128.08999633789062,124.3499984741211,124.44000244140625,7927200,126.14400024414063
2025-10-22,135.35000610351562,135.94000244140625,125.0,128.92999267578125,22134700,126.80999908447265
2025-10-23,129.60000610351562,136.52000427246094,129.10000610351562,135.30999755859375,11987100,128.3999984741211
2025-10-24,137.19000244140625,137.64999389648438,133.3000030517578,133.82000732421875,9074000,130.03399963378905
2025-10-27,135.69000244140625,137.00999450683594,135.16000366210938,135.91000366210938,8472300,131.68200073242187
2025-10-28,135.99000549316406,137.5500030517578,134.67999267578125,137.2899932861328,6700200,134.2519989013672
2025-10-29,139.1999969482422,141.72000122070312,137.50999450683594,139.75,8477100,136.41600036621094
2025-10-30,139.0,140.75999450683594,137.66000366210938,139.11000061035156,7402800,137.1760009765625
2025-10-31,140.5800018310547,141.69000244140625,138.3300018310547,139.33999633789062,6447600,138.27999877929688
2025-11-03,140.30999755859375,142.5,139.99000549316406,141.5500030517578,9568700,139.40799865722656
2025-11-04,136.6300048828125,138.5800018310547,135.86000061035156,136.6999969482422,10704600,139.28999938964844
2025-11-05,136.67999267578125,141.0500030517578,136.5,138.8699951171875,8078900,139.11399841308594
2025-11-06,139.41000366210938,139.99000549316406,135.6699981689453,138.11000061035156,7647400,138.91399841308595
2025-11-07,136.75999450683594,139.2100067138672,134.50999450683594,139.08999633789062,8749500,138.86399841308594
2025-11-10,141.25,144.3699951171875,140.75999450683594,143.85000610351562,7783100,139.3239990234375
2025-11-11,142.5,143.89999389648438,140.67999267578125,143.47000122070312,6977300,140.6779998779297
2025-11-12,143.97999572753906,144.0500030517578,140.75,141.9199981689453,6538600,141.28800048828126
2025-11-13,141.17999267578125,141.35000610351562,134.8300018310547,135.25,10097700,140.71600036621095
2025-11-14,130.33999633789062,136.6999969482422,130.14999389648438,133.74000549316406,9797600,139.64600219726563
2025-11-17,132.58999633789062,135.4199981689453,131.25,132.3300018310547,6000900,137.34200134277344
2025-11-18,132.32000732421875,133.19000244140625,129.75999450683594,132.44000244140625,8100300,135.13600158691406
2025-11-19,132.1999969482422,136.75999450683594,131.69000244140625,136.66000366210938,8981300,134.08400268554686
2025-11-20,140.69000244140625,140.69000244140625,130.2100067138672,130.36000061035156,10313300,133.1060028076172
2025-11-21,130.36000061035156,132.19000244140625,127.19000244140625,131.60000610351562,8207300,132.6780029296875
2025-11-24,132.6699981689453,138.30999755859375,132.52999877929688,137.8800048828125,13568400,133.78800354003906
2025-11-25,137.50999450683594,138.33999633789062,133.94000244140625,137.80999755859375,7102900,134.86200256347655
2025-11-26,138.9199981689453,139.44000244140625,137.75999450683594,138.72000122070312,6443400,135.2740020751953
2025-11-28,139.49000549316406,140.9600067138672,138.3000030517578,140.89999389648438,3195100,137.3820007324219
