Date,Open,High,Low,Close,Volume,MA5
2021-01-08,124.51114910435548,127.8549341950189,124.33218381291742,126.771728515625,999400,122.53502044677734
2021-01-11,125.28350751978293,127.30862367117453,125.04802990025459,125.8863296508789,686400,123.75762023925782
2021-01-12,125.53785568843615,127.85496231108428,125.18935333210116,126.61163330078125,652400,124.99717559814454
2021-01-13,126.57395824479133,128.31648433070617,126.31022441154566,127.11083984375,972700,126.13689270019532
2021-01-14,127.32743673569573,128.29761763802657,126.63984619085461,126.96952056884766,677700,126.67001037597656
2021-01-15,126.41380556587671,126.81882015340184,123.55038980034685,125.895751953125,811000,126.49481506347657
2021-01-19,125.69797797244891,127.04491772494484,122.4578029181718,125.24586486816406,784300,126.3667221069336
2021-01-20,126.07473655432743,128.87221211945064,125.36830362116329,128.24111938476562,774600,126.69261932373047
2021-01-21,127.93973922740697,129.79530455948964,126.9318878235453,129.6728515625,750200,127.20502166748047
2021-01-22,128.56137657908653,129.27722342544234,127.45934295654297,127.45934295654297,804800,127.30298614501953
2021-01-25,127.93031095860412,129.0511725555673,127.00722817651796,127.37457275390625,610100,127.59875030517578
2021-01-26,128.23166324912376,128.23166324912376,125.4718730639642,126.4420394897461,461300,127.83798522949219
2021-01-27,125.23644878009449,126.48917732119786,122.77806136095322,125.29296112060547,963400,127.24835357666015
2021-01-28,125.86749322258186,128.48600302372114,124.94441066872066,126.68695068359375,986700,126.6511734008789
2021-01-29,125.51898818048873,126.60219388001182,122.65558658150925,124.0119400024414,1108800,125.9616928100586
2021-02-01,125.71679124558459,131.2175449263427,125.00094446436148,130.1343536376953,1230700,126.5136489868164
2021-02-02,130.68066058565245,134.1280418985016,130.33214394703558,133.22381591796875,713300,127.87000427246093
2021-02-03,132.36670256985974,133.67595779920646,131.27408276585956,132.79998779296875,768200,129.37140960693358
2021-02-04,137.24576846010802,141.27714375629088,136.40746879273382,141.26771545410156,1211700,132.28756256103514
2021-02-05,142.48277126937467,142.48277126937467,138.95060773946705,142.2001953125,630900,135.9252136230469
2021-02-08,143.24576183387853,145.00713000827355,141.3054283508181,141.6539306640625,1436100,138.2291290283203
2021-02-09,141.65390224304633,142.9349009417037,140.5989672108856,142.7559356689453,754600,140.13555297851562
2021-02-10,146.24101973866388,148.7653473641039,145.34620763396913,148.2001953125,1034200,143.21559448242186
2021-02-11,147.8611075363255,147.97414657053812,145.20492737715549,147.79518127441406,730400,144.52108764648438
2021-02-12,147.8987683215353,147.8987683215353,145.44038171418532,146.37286376953125,573700,145.35562133789062
2021-02-16,145.78890947849757,147.66331659177254,145.67588481500434,146.87210083007812,740000,146.39925537109374
2021-02-17,146.57067358647163,149.36814854157512,145.33677329852992,148.68997192382812,871300,147.5860626220703
2021-02-18,147.69157291188898,148.897217231789,147.45609528108955,147.55027770996094,672200,147.4560791015625
2021-02-19,148.1154227012053,152.9850981489496,147.69156586048578,151.412109375,1035400,148.1794647216797
2021-02-22,149.3870240369092,151.44038220667287,149.12329022377287,150.06520080566406,638000,148.91793212890624
2021-02-23,149.25512752241505,149.25512752241505,145.4592154077717,148.04946899414062,772300,149.15340576171874
2021-02-24,146.01921835688145,153.668149964568,145.43373411957663,153.0732421875,701000,150.03005981445312
2021-02-25,152.00613614977897,152.43107431752924,147.79449185186098,148.15333557128906,789300,150.15067138671876
2021-02-26,149.54147748593172,150.81630639826224,147.0012720175165,148.15333557128906,954900,149.49891662597656
2021-03-01,151.18460470751947,152.8465913637308,149.7870102827814,151.62843322753906,786800,149.81156311035156
2021-03-02,151.09021955366637,151.855111484703,148.10618425930076,148.35171508789062,701700,149.87201232910155
2021-03-03,147.77561844824032,148.25721312526383,145.78311647255032,146.99183654785156,961100,148.65573120117188
2021-03-04,146.25530782996296,147.1051843810065,140.61775398987984,143.00686645507812,1072100,147.62643737792968
2021-03-05,145.25434263402758,146.6047043308273,140.91049377911028,145.87757873535156,891200,147.1712860107422
2021-03-08,145.49040067455653,148.44609239168668,144.39499345990575,146.5008087158203,774000,146.14576110839843
2021-03-09,147.19016691736084,148.55943326413066,145.58483656251835,145.86813354492188,849200,145.6490447998047
2021-03-10,147.0013137386634,149.45653515217268,145.6981562058995,147.7284393310547,684700,145.7963653564453
2021-03-11,148.36112152651117,152.04393908224384,147.48290231916994,151.08074951171875,703100,147.41114196777343
2021-03-12,152.05339809034604,152.97882149447287,150.13644240582718,151.1468505859375,639900,148.46499633789062
2021-03-15,150.79745711168795,152.35556895360457,149.67372150283788,152.2894744873047,504500,149.6227294921875
2021-03-16,153.10158717681384,153.16768164411997,151.10908466241273,152.0061798095703,524600,150.8503387451172
2021-03-17,151.23183234308186,151.68511329077978,148.7955156923521,151.46791076660156,715700,151.59823303222657
2021-03-18,148.5405749805155,151.0146727147992,147.87010579124816,148.35171508789062,766300,151.05242614746095
2021-03-19,147.56788694634045,150.54246895497477,146.12308832396587,149.22987365722656,1663400,150.66903076171874
2021-03-22,149.39044821989515,151.42073164327766,148.42724405814667,150.42919921875,639600,150.2969757080078
2021-03-23,150.00424176428595,151.02408791262508,146.53859769541955,147.36959838867188,773300,149.36965942382812
2021-03-24,148.01172899821896,150.74079491294688,147.4073688291503,147.70010375976562,819000,148.61609802246093
2021-03-25,147.322395513972,151.46793265364252,145.9248150793291,150.7313690185547,1004600,149.09202880859374
2021-03-26,149.90979796962674,158.67302784151823,149.7587043213671,158.55026245117188,1342600,150.95610656738282
2021-03-29,158.39914525566988,159.55120883169093,154.6785479110523,155.86837768554688,821700,152.0439422607422
2021-03-30,154.83911229173475,156.12337944825939,152.35556275007505,155.64178466796875,549400,153.69837951660156
2021-03-31,156.53884880013797,157.1337564912699,154.9240664177396,156.51995849609375,763400,155.46235046386718
2021-04-01,158.29532619546544,160.19339173768813,157.31323177877928,160.00453186035156,722800,157.31698303222657
2021-04-05,160.91105502155395,163.167964276626,160.06117842188556,161.97813415527344,704400,158.00255737304687
2021-04-06,161.27931439926158,162.00643991029165,160.1178126986369,161.9686737060547,785700,159.22261657714844
2021-04-07,161.75146590642527,161.7609182639866,160.3916664621827,160.8354949951172,483700,160.26135864257813
2021-04-08,166.51087877693115,166.51087877693115,162.591967280299,164.86776733398438,782800,161.93092041015626
2021-04-09,164.1217361494208,165.8970362392933,163.08298523852363,165.67041015625,855200,163.06409606933593
2021-04-12,165.67039697961494,165.7837100121242,163.66845655683937,164.54666137695312,777500,163.5778015136719
2021-04-13,164.3577880567347,166.36916626443394,163.92339745255887,166.09532165527344,577800,164.40313110351562
2021-04-14,167.13408477898926,168.96604122955966,165.6703956811877,168.21060180664062,1199600,165.8781524658203
2021-04-15,168.8244158015576,170.9585597490711,167.06799160099146,170.75082397460938,893700,167.0547637939453
2021-04-16,174.30141878395702,174.30141878395702,171.46847777645567,173.76315307617188,965600,168.67331237792968
2021-04-19,172.90381539423996,173.81034832594852,171.7800799732194,172.05392456054688,856500,170.17476501464844
2021-04-20,171.2134831508717,173.40429744828327,169.71202810220893,170.67523193359375,784700,171.0907470703125
2021-04-21,171.27963627013736,172.4411381730777,170.7319325542661,171.70457458496094,816100,171.78954162597657
2021-04-22,172.497787001762,172.91328734762476,170.22198745861246,170.7980194091797,587800,171.79898071289062
2021-04-23,171.78011485962318,173.3004605481647,170.85467702549596,172.44113159179688,775200,171.53457641601562
2021-04-26,172.58275350945257,173.753707595737,171.52512685673273,172.91326904296875,613800,171.7064453125
2021-04-27,172.81882907670655,173.48929808173426,171.55345229384082,173.27210998535156,472300,172.22582092285157
2021-04-28,173.21541998940563,173.61204434306185,171.0246201418813,171.8933868408203,423200,172.26358337402343
2021-04-29,173.01714145164834,173.77259522441085,171.81785912772844,172.3372344970703,515600,172.57142639160156
2021-04-30,171.3551352071547,171.3551352071547,167.95560082056545,168.39942932128906,863400,171.7630859375
2021-05-03,170.2219631454634,170.7035722998715,167.62510076382014,169.2209930419922,724600,171.02463073730468
2021-05-04,168.61665726958367,169.12659475270812,165.27379300644648,166.48251342773438,973400,169.66671142578124
2021-05-05,164.92438145441506,166.19921070928444,159.62678103669327,161.85536193847656,1464500,167.6591064453125
2021-05-06,161.53430469182385,163.29072880972197,157.14325160162056,162.98855590820312,1314500,165.78937072753905
2021-05-07,163.054623608162,165.61371974177553,162.39360698609187,165.13211059570312,784500,165.1359069824219
2021-05-10,165.13211612846936,165.62316323949477,161.85534675383147,161.87423706054688,545600,163.66655578613282
2021-05-11,159.21129602969287,160.19337594044757,157.3793251411069,158.30474853515625,1497800,162.0310028076172
2021-05-12,155.46232713997424,157.16207981457117,153.51704374774198,154.37635803222656,1228100,160.5352020263672
2021-05-13,155.76454258861446,160.30668919927368,154.54638425048543,159.1451873779297,1242300,159.7665283203125
2021-05-14,160.42000889903608,160.58997844118736,157.0865828376286,160.01394653320312,878300,158.7428955078125
2021-05-17,158.54082977457165,159.84398731825763,157.3415473163836,159.72122192382812,642000,158.31229248046876
2021-05-18,160.11783465683033,160.38224134999555,158.45584766992263,158.52194213867188,736800,158.35573120117186
2021-05-19,155.73621839558467,158.87134689097675,155.19796706299266,158.67303466796875,569900,159.2150665283203
2021-05-20,158.67304197882058,159.36238699793415,157.56819659451486,158.7013702392578,847500,159.12630310058594
2021-05-21,159.13572312684866,160.30666270443413,157.7664713642082,158.71078491210938,772900,158.86567077636718
2021-05-24,160.1874203815546,160.8973451485539,159.051543643047,159.55322265625,471600,158.83207092285156
2021-05-25,160.52817940970002,160.77429589773487,157.47077422755774,157.8209991455078,450900,158.69188232421874
2021-05-26,157.8872784754836,158.42681381311422,156.10772902082456,157.20574951171875,1283500,158.39842529296874
2021-05-27,158.01035237339465,159.15570429109152,157.16790869436335,158.2469940185547,1271200,158.30755004882812
2021-05-28,158.37001879233432,159.0988789494036,154.23352833193,156.5810089111328,948000,157.8815948486328
2021-06-01,157.09221166969218,158.01984296661897,154.725794983223,155.11387634277344,817700,156.9937255859375
2021-06-02,155.79537520099564,157.0921811144993,155.57766895235454,156.14561462402344,641100,156.6586486816406
2021-06-03,154.32817248881912,157.24359860156858,153.78863717593111,156.448486328125,780500,156.50719604492187
2021-06-04,156.90283506683102,159.24085513795785,156.66619347617817,158.5404052734375,622500,156.56587829589844
2021-06-07,158.1428768335447,158.85280172984872,156.52424171484958,156.90286254882812,682700,156.6302490234375
2021-06-08,157.60330121636787,158.5404071259474,156.855520136288,157.58436584472656,432800,157.1243469238281
2021-06-09,158.07658106676982,158.35107895422007,156.8365814543847,156.95016479492188,456300,157.2852569580078
2021-06-10,157.29094357704773,158.49308699982834,156.38224788312576,158.46469116210938,385600,157.6884979248047
2021-06-11,159.4869888765588,159.7425514228015,158.05766427069366,159.6479034423828,588800,157.90999755859374
2021-06-14,159.6668420497441,160.55661693624688,158.9474566563923,160.25372314453125,650500,158.58016967773438
2021-06-15,160.5471552486438,162.80944875535482,159.95081369234214,161.79661560058594,853700,159.42261962890626
2021-06-16,161.78713177261838,164.03048957997026,160.82162997408597,162.55384826660156,1300100,160.5433563232422
2021-06-17,161.79659987554953,162.37400600031373,159.21247745515947,160.19691467285156,1079800,160.88980102539062
2021-06-18,159.2030275173171,160.35783984320685,155.8332529703441,156.9217987060547,1457900,160.344580078125
2021-06-21,157.98192101225277,161.2854428355989,157.24360040082746,160.66070556640625,602800,160.4259765625
2021-06-22,160.20638172062328,162.6485250481616,159.70470262610337,161.99539184570312,707200,160.46573181152343
2021-06-23,161.7303284206148,162.279338641181,159.82773524167908,160.0643768310547,883600,159.96783752441405
2021-06-24,160.91629798053336,161.34224999826083,159.60057118066615,161.1907958984375,465400,160.16661376953124
2021-06-25,160.91626374385842,163.3584064209504,160.17794321862772,162.59169006347656,1102700,161.30059204101562
2021-06-28,163.03663279553405,164.68364939947202,162.62014118974656,164.50379943847656,803500,162.0692108154297
2021-06-29,164.049461034507,167.0595504413535,164.049461034507,166.90809631347656,617000,163.05175170898437
2021-06-30,166.68086793670287,167.5327863322493,165.06224753904067,165.31781005859375,594700,164.1024383544922
2021-07-01,165.5166125416182,167.2488309046736,164.16301498693707,166.40638732910156,537500,165.145556640625
2021-07-02,167.08791590014127,168.1859220189263,166.70928064930334,167.43814086914062,409800,166.1148468017578
2021-07-06,167.210934163844,167.52330278174935,164.66468290295936,166.56727600097656,955500,166.5275421142578
2021-07-07,167.21096785843616,169.38807371549692,165.86684515031035,169.2744903564453,620300,167.00082092285157
2021-07-08,167.32458648723366,169.97497592817209,166.595726141197,167.38137817382812,664300,167.41353454589844
2021-07-09,166.86071920375917,169.0662205877399,166.66194835361384,168.46987915039062,775400,167.82623291015625
2021-07-12,168.1386358264206,169.00000048636687,166.35908593251813,166.90809631347656,627300,167.72022399902343
2021-07-13,166.2076022783954,167.56119983520978,164.57950680159578,164.85401916503906,653400,167.37757263183593
2021-07-14,165.82897293338607,167.3245496057153,165.63966253864533,166.6430206298828,705700,166.85127868652344
2021-07-15,166.14135278502673,166.273871514625,164.68363231598747,165.98989868164062,436900,166.57298278808594
2021-07-16,166.6619261602968,167.93032146574686,164.98649985775174,165.1190185546875,446800,165.9028106689453
2021-07-19,162.9702981383296,164.65518479008654,162.17518601033382,163.21640014648438,600700,165.1644714355469
2021-07-20,164.05888867594885,168.26163118768338,163.36788483290036,166.82286071777344,626000,165.55823974609376
2021-07-21,167.22042941778625,168.4320332958075,166.5578358037836,167.77890014648438,545600,165.78541564941406
2021-07-22,168.0344680635302,168.43202421048738,167.20148502602558,167.97767639160156,458100,166.18297119140624
2021-07-23,169.02837073106767,171.38531184766018,168.45096464335063,171.28118896484375,367900,167.4154052734375
2021-07-26,170.5901869004332,172.65369458817133,170.5901869004332,171.8775177001953,453300,169.1476287841797
2021-07-27,171.09190381963757,172.73893481538897,169.3218289940053,171.61251831054688,534400,170.10556030273438
2021-07-28,171.86808359439414,172.42655435404941,169.96547571595127,170.68487548828125,544300,170.68675537109374
2021-07-29,171.1770653611168,173.95997290516544,171.16760489670324,173.32577514648438,412400,171.75637512207032
2021-07-30,172.97555714835062,173.6476112351461,171.83020539617365,173.55296325683594,670800,172.21072998046876
2021-08-02,174.9254902340819,175.5407526751753,173.4867051251679,173.85586547851562,575300,172.6063995361328
2021-08-03,174.65096158866805,175.5028800163242,172.58745376569567,175.3892822265625,693500,173.36175231933595
2021-08-04,173.48671012082806,180.48183610535452,169.66258774637623,178.1816864013672,1219300,174.86111450195312
2021-08-05,179.85710311006315,180.8415404002428,177.31085124934157,180.43450927734375,806600,176.282861328125
2021-08-06,179.8002960727714,182.4222892094548,179.53525861961836,179.89495849609375,687000,177.55126037597657
2021-08-09,178.8726686633897,179.8854872851588,177.95449802343043,179.49740600585938,592200,178.6795684814453
2021-08-10,180.05586821790084,182.46961551311733,179.2607558798283,181.28640747070312,774900,179.85899353027344
2021-08-11,182.16667883482944,185.75417314676608,181.58927282268567,185.4891357421875,893000,181.3204833984375
2021-08-12,185.33773543468376,187.69467692651585,184.8265814036762,187.33499145507812,622300,182.70057983398436
2021-08-13,181.11602391352406,187.9312995715852,181.11602391352406,187.7230682373047,651500,184.26620178222657
2021-08-16,187.51481127229488,188.41404647153968,186.2558762159693,188.38565063476562,804300,186.04385070800782
2021-08-17,188.3477759382002,188.3477759382002,184.53311454804933,186.18014526367188,612600,187.02259826660156
2021-08-18,185.89619416854043,187.25925223811004,184.6183236174543,184.83604431152344,424500,186.89197998046876
2021-08-19,183.0186730207543,184.74141686460456,181.7597376054408,183.94630432128906,633200,186.21424255371093
2021-08-20,184.22075087091076,186.02869618808185,183.82319471024536,185.30931091308594,520000,185.7314910888672
2021-08-23,185.84884662685116,186.76701720572837,184.98746772197336,186.37892150878906,390500,185.33014526367188
2021-08-24,186.6160446033896,188.01033082127918,186.37892129385546,186.8057403564453,494900,185.45526428222655
2021-08-25,186.52122063734248,188.84504103711535,186.26513784074064,188.16212463378906,542200,186.1204803466797
2021-08-26,188.1431291952403,188.854499161273,187.09030106659756,187.86807250976562,540000,186.904833984375
2021-08-27,187.65941975362028,189.17700046764563,186.72988582704417,188.9873046875,781200,187.64043273925782
2021-08-30,189.4994478463412,190.9885890999178,188.38971255204729,190.40052795410156,654200,188.44475402832032
2021-08-31,190.41952041112623,190.9791424889846,189.05370213948447,190.27725219726562,984600,189.13905639648436
2021-09-01,190.59970282387494,190.98858850360386,188.18104230510818,189.97369384765625,529000,189.50137023925782
2021-09-02,190.3341166898107,192.86659163717064,190.3341166898107,192.79071044921875,471300,190.48589782714845
2021-09-03,191.9371287483031,193.3219355073844,191.7474329591736,192.25961303710938,384400,191.1403594970703
2021-09-07,191.40595155528612,191.84225037012783,189.9547579586506,190.88427734375,512700,191.237109375
2021-09-08,190.068603515625,190.32470080174812,188.27595145848636,190.068603515625,658900,191.19537963867188
2021-09-09,189.76507117955356,191.70947096567204,189.0631808914407,189.2718505859375,632300,191.0550109863281
2021-09-10,190.08758889869657,191.51980889674942,187.52665930163656,187.792236328125,541300,190.05531616210936
2021-09-13,189.5658657589044,189.7840151588776,185.28816631606762,186.63502502441406,603700,188.9303985595703
2021-09-14,188.46560113006421,188.46560113006421,182.5944257448926,183.51446533203125,820400,187.45643615722656
2021-09-15,182.78411538271712,185.45885845317522,181.61745842555752,185.04151916503906,1130500,186.45101928710938
2021-09-16,184.21635512216952,185.77188343060726,183.77056214906315,184.33016967773438,801100,185.46268310546876
2021-09-17,182.94538162455086,183.7041646418396,180.37495856398144,181.2949981689453,1866800,184.16323547363282
2021-09-20,177.93733366972097,180.2137116061289,176.15416178672473,178.1270294189453,800800,182.46163635253907
2021-09-21,178.610770276774,179.2557532440226,176.19210947709516,178.08909606933594,656700,181.3765625
2021-09-22,178.82893942127842,181.05790470233393,178.82893942127842,179.86280822753906,490800,180.3408203125
2021-09-23,179.3790568136839,184.30173959095075,179.3316437247116,182.60394287109375,401400,179.99557495117188
2021-09-24,181.68388453186049,183.72313922572505,181.26654518712243,183.11610412597656,439800,180.35979614257812
2021-09-27,182.09174209384045,183.78005903237752,181.58904179600972,182.38577270507812,446400,181.2115447998047
2021-09-28,180.83023543154,181.24757478437073,176.03086181970377,176.5525360107422,603400,180.90423278808595
2021-09-29,178.43053842239726,178.9522125836047,174.46584374293636,175.84115600585938,468300,180.09990234375
2021-09-30,176.429239259256,177.46310798924458,172.52145136751167,172.64476013183594,919300,178.10806579589843
2021-10-01,173.2517765963103,176.81810592534458,170.96590444207317,176.14468383789062,850600,176.71378173828126
2021-10-04,175.69890294166956,177.81403893429768,172.8344491421898,173.24229431152344,1010600,174.8850860595703
2021-10-05,173.6312079707198,176.10677644457277,172.45508535989373,174.64610290527344,576800,174.50379943847656
2021-10-06,169.35349828998713,169.35349828998713,163.36850729315495,166.48904418945312,1253900,172.6333770751953
2021-10-07,168.14888953615898,169.57162947321325,167.4849471267721,168.3196258544922,817100,171.76835021972656
2021-10-08,168.86026224606124,168.9076898059715,167.04863655664832,167.76950073242188,558700,170.09331359863282
2021-10-11,166.55542285570104,167.3995812812812,165.38876572116612,165.57847595214844,593400,168.5605499267578
2021-10-12,166.50801772708888,166.74514107489935,164.23162490439194,164.66793823242188,613400,166.5649169921875
2021-10-13,165.51206590337648,166.58386786690198,163.9755115274505,165.05679321289062,761900,166.278466796875
2021-10-14,166.75460718809362,169.04995927080944,165.64487174766032,168.38601684570312,716500,166.2917449951172
2021-10-15,168.63261014677371,169.91308183554602,167.98764167763645,168.56622314453125,709400,166.45108947753906
2021-10-18,169.75183790049869,180.89663357422262,169.74235817823944,176.6378936767578,1628800,168.66297302246093
2021-10-19,177.12167695638283,178.098624079043,176.00244712857508,177.96583557128906,550400,171.3225524902344
2021-10-20,178.37365622586657,179.73000923571828,178.05117196190682,178.68666076660156,697500,174.04852600097655
2021-10-21,178.5822984645654,180.84919663271677,177.98474311749726,180.73538208007812,585200,176.51839904785157
2021-10-22,180.7354048509356,183.16354543219904,180.7354048509356,181.60801696777344,431700,179.1267578125
2021-10-25,181.7123405354061,182.98331803065483,180.60260515765682,181.6743927001953,431000,180.1340576171875
2021-10-26,182.37626893577084,182.37626893577084,178.58229618574796,178.76251220703125,628500,180.29339294433595
2021-10-27,178.75303595572498,178.75303595572498,174.6460586373488,174.87368774414062,645700,179.53079833984376
2021-10-28,175.32898456716669,177.81403227233247,175.15824825480448,176.3628387451172,648300,178.65628967285156
2021-10-29,174.75987692905355,177.6243305246057,174.75987692905355,177.0362548828125,502900,177.74193725585937
2021-11-01,177.16907086390734,179.3980360807249,177.16907086390734,177.9752960205078,704900,177.0021179199219
2021-11-02,177.88991421521217,179.78690073955917,176.77068463996096,179.46441650390625,882600,177.1424987792969
2021-11-03,179.62563841263295,179.62563841263295,172.64472820952125,175.98341369628906,831100,177.36444396972655
2021-11-04,177.83302132433556,179.31266861739317,175.16774288476822,175.4712677001953,1136700,177.18612976074218
2021-11-05,176.23952064308114,180.04298766936407,175.67991312390967,177.43463134765625,1369600,177.26580505371095
2021-11-08,178.10806561987286,179.21780101237633,175.0918639591494,175.7747802734375,662200,176.82570190429686
2021-11-09,176.08776147116828,178.32620606157914,175.7463033311782,177.38720703125,744400,176.41026000976564
2021-11-10,176.19213340681458,181.56060966546744,176.19213340681458,179.0755615234375,950500,177.0286895751953
2021-11-11,178.97120767405917,181.02943645100373,176.7612164917435,178.62026977539062,511200,177.6584899902344
2021-11-12,179.8627554935738,181.84510264658257,178.48742888733798,181.23806762695312,384900,178.41917724609374
2021-11-15,181.60801973157618,182.82209004068423,180.50776399117834,181.01995849609375,532400,179.468212890625
2021-11-16,180.5456812746511,185.5347501545395,180.15679560022468,184.93719482421875,914900,180.97821044921875
2021-11-17,185.08895226913114,185.7054670260129,184.2353142253168,185.18380737304688,681700,182.19985961914062
2021-11-18,185.2123100233686,185.62964943446966,182.72724747713784,185.1743621826172,596000,183.51067810058595
2021-11-19,185.32612006187068,187.89654347755976,184.81394000715414,185.96160888671875,748300,184.45538635253905
2021-11-22,186.7488382785492,190.2013531826008,184.95618658746199,186.09437561035156,660000,185.47026977539062
2021-11-23,185.73302712823232,187.40663502924517,183.22259351196053,186.2274932861328,603500,185.72832946777345
2021-11-24,185.27657801721068,190.09773191378756,185.27657801721068,189.98361206054688,515400,186.68829040527345
2021-11-26,188.55724720610928,190.11674985779166,180.68365887812303,181.7772216796875,522500,186.0088623046875
2021-11-29,184.34472235619694,186.68398395340347,183.47938462842168,185.23858642578125,839300,185.8642578125
2021-11-30,184.8201813151732,187.264029833488,178.78185410937616,180.0655975341797,1496800,184.65850219726562
2021-12-01,182.58548810572373,184.56339634200774,175.64380864904538,175.7388916015625,1033100,182.56078186035157
2021-12-02,176.75638502375827,185.37168723332468,176.75638502375827,184.11647033691406,735300,181.387353515625
2021-12-03,184.49686714005915,185.36219033276774,180.72172657912319,182.26220703125,870600,181.4843505859375
2021-12-06,183.55538369776625,186.883590955731,183.53636130782488,184.83912658691406,658000,181.40445861816406
2021-12-07,186.760029796056,189.13732149157522,185.2766020996259,188.481201171875,546000,183.08757934570312
2021-12-08,189.49864700356912,190.56366888563312,187.9771747350478,189.0612335205078,522900,185.75204772949218
2021-12-09,188.0912926407312,188.65232991138336,185.0483626450033,185.13394165039062,556600,185.9555419921875
2021-12-10,186.85509807376087,186.98822580751673,183.51738627827388,185.3050994873047,639200,186.56412048339843
2021-12-13,184.2971426973209,184.54439029796958,181.1971598255024,182.3382568359375,912600,186.06394653320314
2021-12-14,181.88182930075396,183.1275277741913,178.29686951495248,180.37937927246094,878900,184.4435821533203
2021-12-15,180.62658403993987,182.83271725738584,176.832436538141,182.71859741210938,966100,183.17505493164063
2021-12-16,184.09744927642916,184.09744927642916,177.96402594130086,178.61065673828125,1117000,181.87039794921876
2021-12-17,178.7627842304912,184.49680912115363,178.33486023072547,180.74069213867188,8374300,180.9575164794922
2021-12-20,177.7167893901521,178.13519498416954,173.11435687562957,177.57415771484375,967100,180.00469665527345
2021-12-21,179.42843861463035,184.25909622718007,178.44899577000163,183.81216430664062,621600,180.69125366210938
2021-12-22,184.30669241989722,189.1848855063857,183.6410390835228,189.1088104248047,606100,181.96929626464845
2021-12-23,188.34804446359468,193.8443408579323,188.34804446359468,192.80783081054688,637100,184.80873107910156
2021-12-27,193.46398531732208,197.0204187342283,193.18822587916986,196.8587646484375,461200,188.0323455810547
2021-12-28,197.47682771929556,197.47682771929556,195.02346140928975,195.50843811035156,291500,191.61920166015625
2021-12-29,195.56551462818186,197.2866713806815,195.27073279894748,196.67808532714844,331100,194.1923858642578
2021-12-30,196.99190743540248,197.36276436872632,193.80633068030568,193.95848083496094,315100,195.16231994628907
2021-12-31,193.5590602168343,195.5940209857596,192.6937227027544,194.7286834716797,386400,195.54649047851564
2022-01-03,195.26122245021278,196.83024363682358,193.39743393197026,194.94741821289062,850000,195.16422119140626
2022-01-04,195.50844321834006,198.46579418958365,195.50844321834006,197.9142608642578,804200,195.6453857421875
2022-01-05,197.45784163546304,197.91429208625817,193.27381407203276,193.54006958007812,841700,195.01778259277344
2022-01-06,193.66364589082596,196.4783504311793,192.70321099895196,196.08848571777344,1306500,195.44378356933595
2022-01-07,195.79371982492353,196.40230586134635,188.59528879300817,188.64283752441406,1122500,194.22661437988282
2022-01-10,186.74101366512264,190.7538830307814,182.85175359548447,190.38302612304688,1232700,193.31373596191406
2022-01-11,191.23882209892537,192.06611482896272,187.16890055025303,190.5826873779297,927000,191.84742126464843
2022-01-12,190.96310067579722,192.82688930197483,187.38764455973504,187.71095275878906,558000,190.6815979003906
2022-01-13,188.5097495529223,189.15636600498735,184.18307525921384,184.52540588378906,525600,188.36898193359374
2022-01-14,182.65207875905062,183.8312206730447,178.92448709170313,182.23367309570312,687500,187.08714904785157
2022-01-18,179.23830010489837,181.77724603910232,178.84842076227227,180.61712646484375,768500,185.13396911621095
2022-01-19,181.02602816018765,183.12756069094414,179.77082551829756,180.1036376953125,1075200,183.0381591796875
2022-01-20,181.35882381979044,184.93426518390584,179.20023897140317,179.7042236328125,831500,181.4368133544922
2022-01-21,179.3808962225656,180.29378248884188,175.28244824080613,175.59625244140625,696700,179.65098266601564
2022-01-24,173.41866298473073,176.56619474139498,168.69260612338695,176.0622100830078,1193100,178.41669006347655
2022-01-25,172.4297483879174,174.3410859689854,169.4914189019977,171.9733123779297,1017700,176.68792724609375
2022-01-26,173.42817447231909,178.98152394424275,171.0603869103933,173.53277587890625,1170500,175.3737548828125
2022-01-27,175.68183060468314,178.8103396341009,171.45975884936237,172.81005859375,775700,173.994921875
2022-01-28,172.65792093534816,175.7864299278087,169.82417923512804,175.47262573242188,806900,173.97019653320314
2022-01-31,175.12081583590208,179.86588068972478,174.77848525742394,179.7707977294922,986200,174.7119140625
2022-02-01,179.42849488690226,180.65517118532932,176.84200000743533,180.1036376953125,704600,176.33797912597657
2022-02-02,180.6456666854754,185.72355894403015,180.6456666854754,185.0484161376953,925400,178.64110717773437
2022-02-03,183.34621717962838,186.1704404861471,182.78517989903193,183.4983673095703,1473100,180.77876892089844
2022-02-04,183.12752257998045,184.8296569283427,180.5125019012667,182.86126708984375,691300,182.25649719238282
2022-02-07,183.12751368037925,184.07843024460814,180.05605724067382,181.9198455810547,638200,182.68630676269532
2022-02-08,182.43335940945806,185.7045003950451,181.35881898536582,185.2005157470703,786700,183.70568237304687
2022-02-09,188.8045256635963,189.96464527197435,179.39044103052075,180.6361541748047,2115400,182.82322998046874
2022-02-10,177.38398719794333,178.56312907872706,173.58983901456335,174.3695831298828,1700600,180.99747314453126
2022-02-11,174.60729258184458,175.04472057995864,169.51989773609708,169.97633361816406,1826000,178.4204864501953
2022-02-14,169.97632862370233,171.25055328319243,166.67664712543726,167.45640563964844,1506000,175.52779846191407
2022-02-15,170.90821991038186,175.39654698867375,169.38676220356888,174.60728454589844,1010300,173.40915222167968
2022-02-16,173.1619338163097,176.97510449243677,172.01131824529838,176.3760223388672,1023100,172.5571258544922
2022-02-17,174.73093272906473,175.22541344498418,172.6294005687844,173.3330841064453,816600,172.34982604980468
2022-02-18,173.22847180984547,174.88307188423317,171.98277341037922,172.83859252929688,690300,172.92227783203126
2022-02-22,171.58338956346384,174.67386844029903,168.79719644631027,169.25364685058594,920700,173.28172607421874
2022-02-23,169.94784836499983,171.1459982862504,160.6098386051488,160.80003356933594,1231200,170.52027587890626
2022-02-24,156.44140740012898,163.5372097634519,155.73563710386642,163.3750762939453,1208900,167.9200866699219
2022-02-25,163.9854797051742,169.47899749562873,162.46904194493098,169.31686401367188,986400,167.1168426513672
2022-02-28,166.46520493396667,166.83716168210015,161.99219182795508,164.4814453125,1229800,165.4454132080078
2022-03-01,163.270175051534,164.69123330798652,160.389886371184,161.57252502441406,915700,163.90918884277343
2022-03-02,162.49763782606158,167.37123217208233,162.488091146741,165.96923828125,635600,164.94302978515626
2022-03-03,166.7418014160857,167.7432279361842,164.1094931672244,166.2840118408203,538900,165.52481689453126
2022-03-04,164.28113279317026,165.13948993001435,160.52340818195356,163.63259887695312,634100,164.3879638671875
2022-03-07,162.7265269772161,162.9649611168746,157.74802097691745,157.7861785888672,662400,163.04891052246094
2022-03-08,158.64456526177858,161.21965153983714,155.3732552408558,157.15673828125,794300,162.16575317382814
2022-03-09,161.33411707661566,163.94734653802206,159.2168202623725,163.0889892578125,720200,161.58970336914064
2022-03-10,160.4185068836823,162.65979390587842,159.30263671290817,162.2496795654297,438600,160.7828369140625
2022-03-11,163.6898341219982,164.82478312098914,161.96357302721043,162.13523864746094,751400,160.48336486816407
2022-03-14,162.9744927611978,163.95684016173587,157.55726204042972,158.8925018310547,800200,160.70462951660156
2022-03-15,159.76998691530798,164.6149714268728,159.03560553160335,164.3097686767578,751400,162.13523559570314
2022-03-16,165.5972843165631,168.6206274790546,162.03983645365616,165.37791442871094,696100,162.5930206298828
2022-03-17,164.605406716247,168.49665403679836,164.35744042358925,168.24868774414062,546500,163.792822265625
2022-03-18,167.63831318168627,171.6058470147457,167.08514411849626,171.09083557128906,965800,165.5839416503906
2022-03-21,170.68070271067452,171.6630502120501,169.09749651419662,170.5185546875,450200,167.90915222167968
2022-03-22,171.4150936037199,171.94918382909174,169.3073436391012,169.90818786621094,633800,169.02883605957032
2022-03-23,169.4885170289832,170.07982899233548,166.4460953155942,166.45562744140625,378000,169.24437866210937
2022-03-24,166.90389713507204,168.30589103523585,166.140904980453,167.7050323486328,621200,169.13564758300782
2022-03-25,168.70648757389415,168.95445388170208,166.02648972304158,168.00071716308594,674600,168.5176239013672
2022-03-28,167.35215338930507,169.62205103246265,166.73223045370455,169.10702514648438,1151000,168.23531799316407
2022-03-29,171.31013215360412,174.39071128714914,170.77604208358824,172.58815002441406,1517600,168.77131042480468
2022-03-30,172.28298857716553,172.28298857716553,169.39316768009823,170.5471954345703,874100,169.5896240234375
2022-03-31,171.338787268257,172.75986014827544,170.156163109056,170.61395263671875,1371700,170.1714080810547
2022-04-01,171.5772249163702,171.82520576990353,166.903920950892,169.5743865966797,858900,170.48614196777345
2022-04-04,169.53622694507547,171.40555724055588,168.61110120153367,170.55673217773438,650700,170.77608337402344
2022-04-05,169.90819170686183,171.14805235971102,167.981654000775,168.63018798828125,589000,169.98449096679687
2022-04-06,167.06604974752585,169.15473537090702,165.9787905322836,168.22007751464844,868200,169.5190673828125
2022-04-07,167.6668934737714,170.03215611453643,166.83713275421673,169.1165771484375,736200,169.21959228515624
2022-04-08,169.21193420064205,169.29776699605753,166.81806073813496,167.42845153808594,646500,168.7904052734375
2022-04-11,166.84669321638083,167.56199570961246,163.90918256449896,164.2429962158203,576900,167.52765808105468
2022-04-12,165.23487730830863,167.6669087160605,162.7551561567054,163.70889282226562,734300,166.54339904785155
2022-04-13,163.41324168946332,164.27161344595262,162.1638489485359,163.06036376953125,789000,165.51145629882814
2022-04-14,166.06465655244733,168.57298913826878,164.64359795219033,164.96786499023438,1028600,164.6817138671875
2022-04-18,164.72941268049166,166.6654971194235,162.9649938712419,163.73751831054688,828100,163.9435272216797
2022-04-19,164.1857778984602,167.09467793563738,164.1857778984602,165.89297485351562,2277100,164.27352294921874
2022-04-20,167.90533666291233,172.62633007198738,167.47615808988115,170.71885681152344,962600,165.6755157470703
2022-04-21,171.63445579893852,172.6454143304455,167.66690779921555,168.24868774414062,514800,166.7131805419922
2022-04-22,167.2853683760559,167.2853683760559,161.43897380319547,161.69647216796875,806600,166.05890197753905
2022-04-25,161.30550332828986,162.97454266297265,157.71944378679297,162.7551727294922,810500,165.86243286132813
2022-04-26,161.67740213749553,162.0970484911281,155.47811540196278,155.6211700439453,1100000,163.80807189941407
2022-04-27,155.49718832660412,157.8624652603214,154.18104188835605,155.0107879638672,1273900,160.6664581298828
2022-04-28,156.4891131761307,161.17196367710886,155.93594416607831,160.83815002441406,1220600,159.1843505859375
2022-04-29,159.92255216744815,161.55344821855832,155.1252580517472,155.6307373046875,862400,157.97120361328126
2022-05-02,155.47812560292311,156.90873032806223,152.5120045573534,156.53677368164062,1215700,156.72752380371094
2022-05-03,157.18531199915216,160.82859245538114,156.28879735064075,159.9225311279297,1316500,157.58779602050782
2022-05-04,161.1815004134114,169.35503082211855,161.1815004134114,168.9163055419922,1625100,160.3688995361328
2022-05-05,167.04700232088334,168.45854332735465,160.82864857921734,163.28929138183594,1190500,160.8591278076172
2022-05-06,162.37368455318986,164.01411295637078,159.24542912220957,162.7265625,792400,162.27829284667968
2022-05-09,160.01791200196675,161.7537194520125,156.47955766589558,157.17578125,742600,162.40609436035157
2022-05-10,160.475714807682,161.85864451765386,156.67984722085404,158.84483337402344,773400,162.1905548095703
2022-05-11,159.27402670125758,162.55488323242483,156.45095970496786,156.8419952392578,847000,159.77569274902345
2022-05-12,155.69753897925935,160.14195614204505,155.69753897925935,159.07376098632812,862300,158.93258666992188
2022-05-13,160.12286765850018,162.83147662518007,159.6936890174134,161.5057830810547,746200,158.6884307861328
2022-05-16,160.58062050966754,162.77421751588196,158.86390633797933,161.34361267089844,724600,159.5219970703125
2022-05-17,163.85197592995792,165.29211317788284,162.726559001798,164.6626434326172,473900,160.68555908203126
2022-05-18,163.32739196878646,164.2048278902457,155.27785277482982,156.15528869628906,685800,160.5482177734375
2022-05-19,155.00132439396154,156.61314207646564,151.55833361770348,154.4576873779297,949400,159.6250030517578
2022-05-20,155.65939238843578,155.85966897050548,148.20116349016087,152.78863525390625,749700,157.88157348632814
2022-05-23,154.36227157389413,155.60211748784883,151.62503768838508,153.79002380371094,847400,156.37085571289063
2022-05-24,152.91940868956763,153.48385997326588,149.3604722529585,151.9340057373047,953400,153.82512817382812
2022-05-25,150.90077801963858,155.34945625672734,150.41286468703302,154.27793884277344,1361900,153.449658203125
2022-05-26,156.0095583783722,159.9798698150806,154.94761751099756,159.3101806640625,777300,154.42015686035157
2022-05-27,161.051399834119,163.69190979003906,160.99399998257834,163.69190979003906,506800,156.60081176757814
2022-05-31,162.85004428071198,164.3520609388137,160.73572346862773,162.50563049316406,2237300,158.34393310546875
2022-06-01,163.05092297420987,164.6677537536617,161.36713056030618,163.7971649169922,793800,160.71656494140626
2022-06-02,164.3329086987794,168.66677292004917,163.14659150470814,168.50413513183594,572400,163.56180419921876
2022-06-03,166.61940941619963,168.41800125288273,166.07408166167974,167.98748779296875,537200,165.297265625
2022-06-06,169.27906196602214,171.13506845953282,167.9875068416957,168.12144470214844,848400,166.18317260742188
2022-06-07,166.79162647433895,170.7906532996659,166.38025112001918,170.3888397216797,558900,167.759814453125
2022-06-08,169.55649753441497,169.55649753441497,165.52878539210778,166.7916259765625,478700,168.35870666503905
2022-06-09,166.49504840233843,168.9537825104896,165.38526924228267,166.0740966796875,718900,167.87269897460936
2022-06-10,163.30921910095702,164.1606842908942,160.07557249324225,160.09469604492188,697700,166.294140625
2022-06-13,156.42095562431663,158.66921373095204,153.43604664710764,153.91439819335938,1041900,163.45273132324218
2022-06-14,154.18228518173672,155.79911586216434,153.42648150836047,155.46426391601562,760400,160.4678161621094
2022-06-15,156.3061619599437,159.47284698270192,154.5458171071872,156.7558135986328,582600,158.46065368652344
2022-06-16,153.1490283009331,153.3212278454226,148.02109929182373,149.1882781982422,763000,155.08348999023437
2022-06-17,150.54680611925136,151.4365330289496,147.4566590763322,149.43702697753906,1122200,152.95195617675782
2022-06-21,151.56092651110404,153.23515719195268,150.86253722885587,152.90988159179688,643500,152.7510528564453
2022-06-22,151.26435854002196,153.87615444761212,149.7432038046885,152.7185516357422,568600,152.20191040039063
2022-06-23,153.6752294789591,154.096181194697,150.183254272047,151.27389526367188,703100,151.10552673339845
2022-06-24,152.85248309201816,157.25330930479055,152.85248309201816,157.224609375,1191700,152.71279296875
2022-06-27,157.85600665945177,159.15712341947912,155.77040097250824,158.60223388671875,532600,154.54583435058595
2022-06-28,158.5448430210337,159.61634584948428,152.24017293170274,152.4697723388672,680700,154.4578125
2022-06-29,152.4697514003331,152.4697514003331,149.61878056722344,151.23561096191406,550800,154.16122436523438
2022-06-30,149.25523603033182,151.96270738558417,148.10719530184042,150.73812866210938,797200,154.05407104492187
2022-07-01,149.62833445545903,152.307105615655,147.5427290466881,150.20236206054688,798100,152.64962158203124
2022-07-05,147.15050912923556,151.0442979558712,145.5623783970786,150.919921875,701800,151.1131591796875
2022-07-06,151.61828641493122,152.64196562570294,150.25020814049333,151.31214904785156,465000,150.8816345214844
2022-07-07,152.59416229614692,154.01007896226415,152.36454826996606,152.9003143310547,590600,151.2145751953125
2022-07-08,152.2784649916584,154.68936143443818,151.41743784687554,154.53628540039062,410100,151.97420654296874
2022-07-11,153.85698421195818,153.99092204868143,151.58002638953354,151.72352600097656,374300,152.2784393310547
2022-07-12,152.2880136896789,154.08662043992268,150.48942153756798,151.35044860839844,470300,152.3645446777344
2022-07-13,149.05436318840094,151.9627345265646,147.91588403164815,151.4461212158203,485500,152.39133911132814
2022-07-14,150.89122595834135,152.6515562971337,148.8247435963858,151.89576721191406,512300,152.1904296875
2022-07-15,153.14904186516947,154.68933451920068,152.68025206676637,154.51712036132812,511100,152.1865966796875
2022-07-18,154.68933461100758,156.44966490290756,152.2210387330008,152.7567901611328,461700,152.39324951171875
2022-07-19,155.03373018104264,160.48693457638166,155.03373018104264,160.27645874023438,639300,154.17845153808594
2022-07-20,159.95119887324284,162.30468040151533,159.07103374413734,161.8837432861328,454200,156.26597595214844
2022-07-21,161.68282149934421,163.99804121519227,161.26186980589355,163.8354034423828,456600,158.65390319824218
2022-07-22,163.8545551848628,164.32333039298808,161.2810213348745,162.73521423339844,710000,160.29752197265626
2022-07-25,163.67277526672964,163.82585127298398,161.87416868856985,163.06048583984375,272500,162.35826110839844
2022-07-26,163.37620360228152,163.78757895619813,162.08464849005938,162.73521423339844,623500,162.85001220703126
2022-07-27,163.5292239481973,168.09270098750596,163.03174893789506,167.23167419433594,538600,163.9195983886719
2022-07-28,167.74832724396722,170.71411285576067,166.82032401825714,170.43666076660156,707600,165.23984985351564
2022-07-29,170.8098009948134,174.16783892525856,170.14011160351492,173.67034912109375,963300,167.4268768310547
2022-08-01,172.2161142195407,174.86618580851925,171.6708010611619,173.6511688232422,766400,169.54501342773438
2022-08-02,173.34504311084376,174.4930839515253,171.6612362529216,172.52227783203125,939600,171.50242614746094
2022-08-03,172.5222648944303,174.81834640360813,170.0348310943791,174.08169555664062,1019300,172.87243041992187
2022-08-04,173.20155007159238,174.3496056508596,171.07768228546743,172.22572326660156,832500,173.23024291992186
2022-08-05,170.46537245941872,172.46489328059639,169.7574214205577,171.91000366210938,823700,172.878173828125
2022-08-08,172.4266227614803,173.45030224668653,169.81482697492075,170.8480682373047,876000,172.3175537109375
2022-08-09,170.00616128782963,170.9533027421748,164.66775550522868,165.05044555664062,1401400,170.82318725585938
2022-08-10,168.2171436741235,168.92510937432763,166.81078864955975,168.38934326171875,733200,169.684716796875
2022-08-11,170.44626082780962,170.87677438660631,167.74835055591873,168.1023406982422,613900,168.86004028320312
2022-08-12,169.21207492450725,172.84754967352484,167.71962040393174,172.46487426757812,571500,168.97101440429688
2022-08-15,171.1350498526875,174.02428261376602,170.1209469340717,173.8042449951172,1449100,169.56224975585937
2022-08-16,173.20152533808894,175.9759731276109,172.6849120796985,175.6028594970703,582400,171.6727325439453
2022-08-17,175.6028610015207,175.97597463525787,173.28764119754493,174.71311950683594,943000,172.93748779296874
2022-08-18,175.2488322199334,179.15218184836726,175.09577084875932,179.00868225097656,1026500,175.11875610351564
2022-08-19,178.28165755602708,180.72123917978922,177.71719154052877,180.2141876220703,1334900,176.66861877441406
2022-08-22,178.01374776958372,179.09481231515903,176.66479293333452,177.09530639648438,1243700,177.3268310546875
2022-08-23,177.2196974911482,178.18596242130008,176.54043182867298,176.86570739746094,863900,177.57940063476562
2022-08-24,176.84653230004358,177.92094101232956,175.90641003907248,176.8944854736328,683100,178.015673828125
2022-08-25,177.16307470042614,180.29998196795972,177.16307470042614,180.25201416015625,522100,178.26434020996095
2022-08-26,180.25201538035,180.25201538035,172.07881026796,172.37619018554688,986900,176.69674072265624
2022-08-29,170.63984808774686,171.99244647060934,169.67094822130636,170.7549591064453,858100,175.42867126464844
2022-08-30,170.75496392172911,170.88926499323745,167.4357879577104,167.94422912597656,817300,173.64437561035157
2022-08-31,168.52943531296606,168.721306588649,163.39720071835703,163.75213623046875,1180700,171.01590576171876
2022-09-01,162.60095410613212,163.93437727406,161.1140397988564,163.56983947753906,788500,167.67947082519532
2022-09-02,165.45967896778595,165.99688338895274,160.9509822755958,161.6416778564453,549000,165.532568359375
2022-09-06,162.84077986495652,163.31084099394002,160.34660006201022,162.4762420654297,630200,163.87682495117187
2022-09-07,162.69688603370423,166.34220536526578,161.8526994241786,166.02565002441406,600500,163.49310913085938
2022-09-08,164.7785754642491,168.06895965770548,164.54833873907302,167.26315307617188,480100,164.1953125
2022-09-09,168.54857262627286,169.55583795752463,167.63724290284262,168.4238739013672,624500,165.16611938476564
2022-09-12,169.93955266311568,170.60147030505223,168.4430508488515,170.54391479492188,610100,166.94656677246093
2022-09-13,166.80268094388074,168.19365961615676,164.653848926993,165.43087768554688,852500,167.53749389648436
2022-09-14,165.73783434018023,166.8410206178582,163.36836832748423,165.03753662109375,616900,167.33987121582032
2022-09-15,164.88407171986864,165.69946587521952,162.2460033911018,162.7736053466797,468900,166.44196166992188
2022-09-16,161.82394958966117,164.5291617968745,160.02046502637035,163.87684631347656,1267500,165.53255615234374
2022-09-19,162.3803116416676,163.98233690467794,161.23874513601038,163.73291015625,465000,164.17035522460938
2022-09-20,163.01345334167178,163.19572224917462,160.07800468196885,161.40184020996094,474900,163.3645477294922
2022-09-21,162.0829278917795,163.65617536012925,158.66781616210938,158.66781616210938,523900,162.09060363769532
2022-09-22,158.2840997206527,158.37043298926588,154.6867338179106,156.02015686035156,606000,160.7399139404297
2022-09-23,155.25274377693967,155.25274377693967,151.2812516920298,153.40130615234375,543000,158.64480590820312
2022-09-26,153.03677421604505,154.8786242036615,151.58823983267922,151.85684204101562,409600,156.26959228515625
2022-09-27,153.03678236458094,154.24549236645328,149.71762005438342,151.31004333496094,424000,154.25123291015626
2022-09-28,151.68414864737932,155.7803539521473,150.88792979456449,154.88821411132812,901500,153.4953125
2022-09-29,153.43968050129737,154.9265950219317,151.75132163936925,152.49957275390625,712800,152.79119567871095
2022-09-30,152.65304904903863,153.82339342451345,149.54491920368756,149.72718811035156,717500,152.0563720703125
2022-10-03,150.6673017197928,154.63879380470266,150.48503280592647,153.40130615234375,734900,152.36526489257812
2022-10-04,156.27918096303156,159.63672267977654,156.23121315381974,159.56956481933594,600000,154.0171691894531
2022-10-05,158.11146087488976,160.96056170214803,157.2288940709856,159.7710418701172,351700,154.99373474121094
2022-10-06,159.82858851682394,160.90299724421152,157.7661043409879,158.28411865234375,539400,156.15064392089843
2022-10-07,156.16404901146197,156.16404901146197,152.48034976061086,153.12307739257812,750900,156.82982177734374
2022-10-10,153.73702264987455,153.73702264987455,150.36030575688164,151.98150634765625,576500,156.54586181640624
2022-10-11,152.22134118284652,152.22134118284652,145.64057348112917,146.38882446289062,1046100,153.9097137451172
2022-10-12,147.28096882859634,147.81817317710872,146.23533789040474,146.3792266845703,871900,151.23135070800782
2022-10-13,142.95456455526886,152.5091625999155,141.88974339462274,151.46353149414062,867600,149.8672332763672
2022-10-14,153.07512767481802,153.4876186237638,147.53997632963694,147.80857849121094,687900,148.80433349609376
2022-10-17,150.87833520509935,153.17105603324083,150.87833520509935,152.77774047851562,777100,148.9635803222656
2022-10-18,156.09692506413538,157.20971392450917,153.6027451547074,154.61959838867188,815800,150.60973510742187
2022-10-19,153.6602800997711,155.12801887114648,152.08703264628352,152.97918701171875,358400,151.92972717285156
2022-10-20,154.03443791381767,155.1376244079904,150.94549816486867,151.97193908691406,648400,152.03140869140626
2022-10-21,152.20216872432746,156.57656366808197,151.08937993681923,155.81871032714844,555800,153.63343505859376
2022-10-24,156.81642089111776,158.64868329978157,155.89548851345882,157.99635314941406,484000,154.67715759277343
2022-10-25,158.24575579597328,161.80474208301789,158.24575579597328,161.69921875,548800,156.09308166503905
2022-10-26,160.89344113194494,162.55302236090668,159.42571655087474,160.75914001464844,516200,157.649072265625
2022-10-27,162.08296523434655,162.76405848575126,160.18354502182174,161.57452392578125,649100,159.56958923339843
2022-10-28,161.58408497886109,166.6203972196788,161.5648949289061,165.84336853027344,513300,161.57452087402345
2022-10-31,164.77855154411603,167.06166986036493,164.22215718400102,165.77621459960938,839800,163.1304931640625
2022-11-01,166.97537495048508,167.58932496515547,163.56027707902325,165.5556182861328,1006900,163.90177307128906
2022-11-02,162.42831023277165,171.96371805209898,160.77831684869298,165.3829345703125,1350900,164.82653198242187
2022-11-03,162.62974003610847,166.34221749957246,159.2434202818554,165.79542541503906,934700,165.67071228027345
2022-11-04,168.270410139727,168.50063221557622,162.0829430100222,165.39251708984375,646600,165.5805419921875
2022-11-07,165.64191755138995,166.30383524827812,163.25326121864572,165.29656982421875,530000,165.48461303710937
2022-11-08,166.3325992656894,169.85321946806445,165.1910328552368,168.56776428222656,598900,166.08704223632813
2022-11-09,167.4550073058748,168.5006383054031,164.75938306042957,165.08554077148438,430300,166.0275634765625
2022-11-10,171.65673175755876,178.21832447342143,170.9276561417599,177.94972229003906,772900,168.4584228515625
2022-11-11,179.11045467816706,181.1825262924708,176.60668744973577,176.8465118408203,531800,170.7492218017578
2022-11-14,176.2613627122839,178.4869257399803,174.99508273622473,175.06224060058594,416800,172.70235595703124
2022-11-15,177.72906960238015,178.50609831263677,175.41715888436062,177.30697631835938,297700,174.4501983642578
2022-11-16,177.13430185997842,177.13430185997842,175.1677534249291,175.4363555908203,581500,176.520361328125
2022-11-17,173.43142098915885,175.7721096685392,172.19393342353678,175.7433319091797,293600,176.07908325195314
2022-11-18,177.44129207768404,178.6596042232344,175.99275785832444,178.045654296875,369300,176.31891174316405
2022-11-21,177.94971234807977,179.15842210577043,176.4340203192624,177.58517456054688,479500,176.82349853515626
2022-11-22,178.7171693890336,181.6334280372333,177.78664942323516,180.82762145996094,452000,177.52762756347656
2022-11-23,181.2413954175258,183.55094738086035,180.63515032473242,182.10748291015625,320600,178.86185302734376
2022-11-25,181.664846168091,182.29034167597626,180.91424568515572,181.10670471191406,231900,179.9345275878906
2022-11-28,180.12511113992295,181.02006673950802,177.64236519349154,178.31597900390625,977500,179.98859252929688
2022-11-29,178.12354310245573,178.83564292990997,175.44832313454316,177.14198303222656,703500,179.89995422363282
2022-11-30,176.89176549176335,181.80915366747283,175.996809888931,181.53009033203125,1488300,180.0404479980469
2022-12-01,182.8388185623031,184.76343770506418,181.82839057561776,184.0032196044922,666100,180.41959533691406
2022-12-02,181.39536326990657,183.51244149600245,180.61589482752538,182.8580780029297,684800,180.76986999511718
2022-12-05,181.2894999221771,181.2894999221771,178.22936252732424,179.884521484375,525400,181.08357849121094
2022-12-06,180.2117265126518,180.2117265126518,176.2181327824619,177.77708435058594,354200,181.21059875488282
2022-12-07,177.7578296241422,178.7778754458039,176.48757391014,177.8829345703125,589900,180.48116760253907
2022-12-08,178.49882941256033,180.12512045189354,177.52688722958402,179.90379333496094,401000,179.66128234863282
2022-12-09,180.14435521472615,181.1836513507184,178.36409125474032,178.4891815185547,344900,178.78750305175782
2022-12-12,178.92221970185497,182.53088075877196,178.45069738797264,182.47314453125,509500,179.30522766113282
2022-12-13,187.6503666402918,187.6503666402918,182.5308726663498,185.7064971923828,905500,180.8911102294922
2022-12-14,185.3504386511885,189.5749768889297,183.66639697831732,184.79229736328125,660200,182.27298278808593
2022-12-15,182.19408413432106,184.75383127595165,176.55494911132416,177.25743103027344,550000,181.74371032714845
2022-12-16,176.01603316407855,176.84361991670036,172.67681804345037,174.4474639892578,1176500,180.93536682128905
2022-12-19,173.8219726615665,174.26462681629022,171.1371208877121,171.60865783691406,458900,178.76246948242186
2022-12-20,171.676038527267,172.4170210814585,170.7618472813758,172.19569396972656,496700,176.06030883789063
2022-12-21,173.8508623422377,176.19890020317465,172.93667112488725,174.2646484375,572100,173.95477905273438
2022-12-22,172.7153274818989,174.01445134986034,168.92382520785162,171.11790466308594,576600,172.72687377929688
2022-12-23,170.656006810504,171.87814429920402,169.75143329998656,171.4258575439453,350700,172.12255249023437
2022-12-27,172.30154115970723,173.31196920191155,170.90619514127246,172.24380493164062,567000,172.24958190917968
2022-12-28,172.40738521607534,172.91740811090972,168.73135562904258,168.85646057128906,396900,171.58173522949218
2022-12-29,170.068975100527,173.85085954418267,169.47234783466112,173.0810089111328,387500,171.34500732421876
2022-12-30,171.82040556437863,171.96474615068854,169.82841737121464,171.84927368164062,337800,171.49128112792968
2023-01-03,172.63834701028279,174.19729864329943,171.32960528624713,172.74420166015625,515300,171.75494995117188
2023-01-04,174.6784522516775,176.07379831121386,173.09063251467683,174.3223876953125,630700,172.17066650390626
2023-01-05,172.83082684535242,173.74501811754325,170.91582526894877,171.34886169433594,635000,172.6691467285156
2023-01-06,173.5332874868206,176.84363477544971,172.71531847429256,176.31436157226562,443900,173.3158172607422
2023-01-09,176.87253143560937,179.8268146732809,176.2855219125477,177.02650451660156,567000,174.35126342773438
2023-01-10,176.535695583887,179.46112503052882,175.97755424625558,179.3552703857422,348800,175.67347717285156
2023-01-11,179.9134314328229,183.51246038248195,179.7498258590375,183.39698791503906,506500,177.48839721679687
2023-01-12,183.6952848823547,186.31276825348468,182.1459657890291,186.10105895996094,686200,180.43883666992187
2023-01-13,184.77308693224498,187.93909418327394,184.76346912102017,187.5060577392578,713700,182.67717590332032
2023-01-17,187.79477002183958,190.80680469014092,186.71698763887227,190.1716766357422,1108200,185.30621032714845
2023-01-18,191.499606609939,193.42422577184794,189.95028759725517,190.6239013671875,1370200,187.5599365234375
2023-01-19,189.88294773997606,190.75863836443332,188.36249672649993,189.85406494140625,1432400,188.85135192871093
2023-01-20,189.7289748631848,191.60547575131815,189.3440421914651,191.26866149902344,1139300,189.88487243652344
2023-01-23,191.4418819388719,194.17483778964612,190.39296795640766,192.4330596923828,691900,190.87027282714843
2023-01-24,192.0962559799171,192.0962559799171,189.17084097764052,189.70973205566406,754600,190.77788391113282
2023-01-25,187.32321165359028,187.63114312524482,182.24221756000262,184.87893676757812,862000,189.62889099121094
2023-01-26,186.31276488146722,187.71774337818005,184.65759117133624,186.9767608642578,753800,189.05343017578124
2023-01-27,185.8316130922446,187.0826185470084,185.54291726673299,186.00482177734375,758300,188.00066223144532
2023-01-30,185.17726320611962,187.5926701422005,185.01367230618968,186.7169647216797,709000,186.8574432373047
2023-01-31,187.1692383651246,188.7281753946321,184.05134962242877,188.64157104492188,871400,186.64381103515626
2023-02-01,187.4290468250096,192.86609024728014,187.4290468250096,191.67282104492188,722100,188.002587890625
2023-02-02,193.02008219688094,195.6856841884816,192.73138634893502,194.4635467529297,1250900,189.49994506835938
2023-02-03,192.5389110803824,195.89737694987875,192.5389110803824,193.501220703125,742100,190.9992248535156
2023-02-06,191.81717143434742,194.14595886915026,191.51885781223947,192.5196533203125,903900,192.15976257324218
2023-02-07,191.37454867976598,192.26950444542646,188.0449649345598,191.77871704101562,966000,192.78719177246094
2023-02-08,192.89497078449102,197.05215561502575,187.9005812382293,194.0593719482422,1471000,193.264501953125
2023-02-09,196.02247900854343,196.29192454442668,194.4154236039252,195.69529724121094,1579300,193.51085205078124
2023-02-10,195.4258330636769,198.01444820704523,194.36728664248122,197.88934326171875,1190200,194.3884765625
2023-02-13,198.23578470744195,203.43225086028167,198.0529435274978,203.2397918701172,1442000,196.53250427246093
2023-02-14,201.77709345481813,202.77790377860993,198.54374691737638,200.2470245361328,902100,198.22616577148438
2023-02-15,198.7265499707588,204.68324873698012,198.7265499707588,204.60626220703125,954600,200.33554382324218
2023-02-16,203.88453362047534,206.85808149318112,202.97034242211285,206.17483520507812,1409000,202.43145141601562
2023-02-17,205.39537524929918,206.89657596270956,204.25022440969818,205.8668975830078,1073700,204.02696228027344
2023-02-21,205.01046299605932,205.01046299605932,197.19651251275957,197.75465393066406,1106200,202.9299346923828
2023-02-22,198.17804500712427,198.17804500712427,195.04090625604792,196.30154418945312,688700,202.14083862304688
2023-02-23,198.61778494575915,198.61778494575915,195.22062536738943,197.4789581298828,591400,200.7153778076172
2023-02-24,194.68016937210393,196.10851468820402,194.41958798614422,195.46189880371094,529500,198.57279052734376
2023-02-27,196.99640798644327,197.41140906689787,194.59331596299117,195.45225524902344,690400,196.48986206054687
2023-02-28,195.26888785217272,197.16047757277403,195.00830645780883,195.35574340820312,819100,196.01007995605468
2023-03-01,195.08553306198255,196.34981312926175,193.34834816079695,193.7729949951172,521200,195.5043701171875
2023-03-02,192.82720750593057,195.20134802407804,192.21918908544853,194.4871826171875,517600,194.90601501464843
2023-03-03,195.23027823310582,195.50052006601433,193.86949699121655,194.59332275390625,658100,194.7322998046875
2023-03-06,194.863557623325,196.57177588840653,194.863557623325,195.90586853027344,625400,194.8230224609375
2023-03-07,195.89620917235888,196.25330657867443,191.7462716662037,192.37359619140625,469000,194.22659301757812
2023-03-08,192.34463863536308,193.42554707886597,191.57255486445825,193.0009002685547,568700,194.07217407226562
2023-03-09,193.70544261642493,194.63193139871566,189.26597179527138,189.36248779296875,582300,193.04723510742187
2023-03-10,187.83762361792446,187.83762361792446,182.54885921753424,183.8227996826172,699100,190.89313049316405
2023-03-13,182.2400400728523,185.00987548085644,181.48726240289804,181.84434509277344,729600,188.08082580566406
2023-03-14,183.83246556784673,186.7470752060475,182.79981498018435,184.6238555908203,872600,186.53087768554687
2023-03-15,181.41971393885999,184.22816187981064,178.67883014846822,182.0663299560547,926800,184.34396362304688
2023-03-16,180.57038429948764,187.02689695109856,180.03957585917763,186.82423400878906,932600,183.83631286621093
2023-03-17,186.82423522783853,186.82423522783853,179.99131904338225,181.4872283935547,1622300,183.36919860839845
2023-03-20,181.93117297848838,184.903685642157,181.83467172020866,184.75892639160156,615100,183.95211486816407
2023-03-21,185.95566932079623,188.19471089855978,185.65649034172543,187.7025146484375,620800,184.5678466796875
2023-03-22,187.25856142838873,188.8027290473443,183.94827179164398,184.0254669189453,574500,184.9596740722656
2023-03-23,184.52733318645454,187.0269415798742,182.8094543524517,184.4308319091797,689900,184.48099365234376
2023-03-24,183.71662377322443,185.01951599121094,181.02399850933057,185.01951599121094,580600,185.187451171875
2023-03-27,185.89776961561682,187.40332497902526,184.56594010828778,184.98092651367188,768200,185.23185119628906
2023-03-28,184.22812196656216,184.53696134287765,177.90670772297224,179.33506774902344,955400,183.55836181640626
2023-03-29,180.71515666108527,182.04700071230303,179.9141210887059,181.728515625,585900,183.09897155761718
2023-03-30,183.44642854696497,184.1992062666337,182.59713482168752,183.43678283691406,695400,182.90016174316406
2023-03-31,183.8420930254416,188.233290752241,183.51394749662668,188.08853149414062,945100,183.51396484375
2023-04-03,187.3164697317352,188.64831396759666,186.71811175969268,186.93043518066406,738300,183.90386657714845
2023-04-04,187.36471007240593,187.36471007240593,181.28457074532807,182.6646728515625,627700,184.56978759765624
2023-04-05,181.84432667972064,182.75152396608058,180.7634182838564,181.4100341796875,634000,184.50609130859374
2023-04-06,180.3387831367472,180.72481766697572,178.8525339964667,179.0262451171875,545200,183.62398376464844
2023-04-10,178.61122065978088,182.69359311550693,178.01284812132357,182.44265747070312,708400,182.49480895996095
2023-04-11,183.10862477690313,183.8131591720366,181.68992500351644,181.9215545654297,529000,181.49303283691407
2023-04-12,183.3691794683169,183.87103608284943,180.7923617134674,181.5258331298828,547800,181.26526489257813
2023-04-13,181.99876261578373,182.75154027669942,179.35438036700708,182.60678100585938,455200,181.5046142578125
2023-04-14,182.26895805126034,183.78415881897087,178.6787814958452,180.43527221679688,840500,181.7864196777344
2023-04-17,180.75375448325272,182.34617992208422,180.30017057479157,182.32687377929688,559200,181.7632629394531
2023-04-18,183.84209509168485,184.89405164909735,182.2979275986541,183.64906311035156,690900,182.1087646484375
2023-04-19,157.9773954578115,161.24908747438366,155.05314041318826,159.35748291015625,5335800,177.6750946044922
2023-04-20,158.4213436515968,161.18153345594126,157.2921771034024,158.93284606933594,2186000,172.9403076171875
2023-04-21,158.91352341777977,159.16444435930575,155.8927527802224,157.43692016601562,1078600,168.34063720703125
2023-04-24,157.1184481487866,160.32257586014026,157.1184481487866,160.14886474609375,962000,163.90503540039063
2023-04-25,159.59874505112367,160.47699048108612,158.55643422099334,159.3478240966797,1122500,159.04478759765624
2023-04-26,159.12586807970598,159.96550129263534,158.01599302079535,159.35748291015625,1449500,159.04478759765624
2023-04-27,160.04268970325583,162.45544203902293,158.74945798558983,162.16590881347656,1128500,159.69140014648437
2023-04-28,162.6291977270852,163.86452608358962,162.22385699069554,163.6715087890625,1126300,160.93831787109374
2023-05-01,163.78729488929523,165.38935133482843,163.0248568632904,164.37600708007812,1349100,161.78374633789062
2023-05-02,163.55569024477876,164.32777409670356,159.47331657411877,162.0018768310547,1463100,162.31455688476564
2023-05-03,165.7657365983052,165.99736613157467,158.93281999271335,159.21270751953125,1103100,162.2856018066406
2023-05-04,157.51413922096717,160.13920036832147,156.91576659268077,158.14144897460938,1461500,161.4807098388672
2023-05-05,159.8304004090232,161.85711869384468,159.43470540725644,160.1971435546875,1088900,160.78583679199218
2023-05-08,159.52153360366967,161.15255660686128,159.33817678857397,160.3322296142578,1073300,159.97708129882812
2023-05-09,159.4443237374084,162.24311041422507,158.87490302312474,161.9053192138672,972500,159.95776977539063
2023-05-10,162.57127858672538,163.23720070699613,161.01746521485168,162.77395629882812,1043100,160.67001953125
2023-05-11,161.6544189453125,162.0887114539409,160.56385009315477,161.6544189453125,792900,161.37261352539062
2023-05-12,162.7546452504688,164.32776472045714,161.9536095883515,164.29881286621094,545800,162.1929473876953
2023-05-15,164.6269276726965,165.4569151082638,162.76427511529457,165.42796325683594,767200,163.21209411621095
2023-05-16,164.46287348254077,165.32181282808247,163.93206495972888,164.09613037109375,731500,163.65025634765624
2023-05-17,164.91646592047007,167.56083327298512,163.99960817650907,167.20375061035156,1146500,164.53621520996094
2023-05-18,167.90823919290077,168.92159801516402,166.518491633942,168.63206481933594,851800,165.93174438476564
2023-05-19,169.55860688381784,169.8288340013943,166.24830260409567,166.56678771972656,732100,166.38533935546874
2023-05-22,166.9914329144136,169.74197678772165,166.58609224199606,169.57791137695312,731600,167.2153289794922
2023-05-23,168.11095129421616,168.3811784053539,164.06717560974866,164.26019287109375,1123900,167.24814147949218
2023-05-24,164.50231494379452,164.50231494379452,162.28455210721745,162.44918823242188,829600,166.29722900390624
2023-05-25,163.02055457175933,166.21646927344153,163.02055457175933,165.2576904296875,655400,165.62235412597656
2023-05-26,165.60632587244942,169.3930003790562,165.60632587244942,168.72476196289062,879100,166.05394897460937
2023-05-30,169.66420083666847,170.58423320595105,168.42457547600355,169.1024932861328,693800,165.9588653564453
2023-05-31,167.5335804579476,168.15339308199506,165.87751052162622,166.2745819091797,1658600,166.3617431640625
2023-06-01,166.36173542087735,168.59887132375619,165.56760744319877,167.81442260742188,618200,167.4347900390625
2023-06-02,168.5310733091825,170.2258748897485,167.59166782232614,168.72476196289062,869800,168.12820434570312
2023-06-05,168.1243599084263,168.1243599084263,163.70817782811255,163.99871826171875,1398400,167.18299560546876
2023-06-06,163.54352964219623,165.20927890942082,162.43948789787288,163.7275390625,951400,166.10800476074218
2023-06-07,164.55073623781539,166.80724561614463,164.09555970181123,166.78787231445312,659000,166.21066284179688
2023-06-08,166.06152875425616,166.41017429739404,163.17552745564217,164.6959991455078,1044300,165.58697814941405
2023-06-09,165.47077656908954,166.57481837887275,164.5507441905202,165.06402587890625,532900,164.85483093261718
2023-06-12,165.2092880200814,168.15340935230017,164.67663303127537,167.8047637939453,499000,165.6160400390625
2023-06-13,168.15339342410695,169.90630031236228,167.98875731179828,169.8675537109375,554200,166.84404296875
2023-06-14,169.94506588828477,172.26937477793572,169.71264534357078,171.0103759765625,751200,167.68854370117188
2023-06-15,170.7101368540599,174.01256819740848,170.7101368540599,172.57925415039062,1154900,169.26519470214845
2023-06-16,173.8285679753249,174.63239005618513,171.53331198816988,172.53082275390625,1528400,170.75855407714843
2023-06-20,171.51393767572677,173.23779193418878,170.60358468535958,171.70762634277344,705600,171.53912658691405
2023-06-21,170.7972742862153,172.7632430836088,170.37115034988403,171.1459197998047,714800,171.7947998046875
2023-06-22,171.1459424263319,173.32497347997213,170.7198184336645,172.8988494873047,687000,172.17249450683593
2023-06-23,171.33960287438651,173.47020770898936,170.97158407275143,171.80445861816406,1065000,172.0175354003906
2023-06-26,171.80445534429435,173.8479024587802,170.88442313523618,171.339599609375,906900,171.77929077148437
2023-06-27,168.29866707750966,172.32745679029895,165.5676226010753,172.05628967285156,1080400,171.8490234375
2023-06-28,171.80446432623674,172.3177459468877,170.49705473264393,171.88194274902344,713100,171.99622802734376
2023-06-29,172.085337377819,174.97133863344462,171.31056787377543,174.95196533203125,849600,172.40685119628907
2023-06-30,177.34406305980497,178.56432986457398,176.10443773059484,177.7120819091797,807200,173.5883758544922
2023-07-03,176.9179574633027,177.61524863061712,175.53306916940122,177.44093322753906,409400,174.808642578125
2023-07-05,176.99541737126094,178.76769767117955,175.30061550154366,178.41905212402344,860700,176.08119506835936
2023-07-06,177.0632059244589,177.22784203720454,174.69048640459715,176.9373016357422,788500,177.09226684570314
2023-07-07,176.4530771050759,179.09696379375032,176.4530771050759,177.5474395751953,437400,177.61136169433593
2023-07-10,176.98573000331592,181.48905456846092,176.74361546158772,181.46969604492188,645400,178.36288452148438
2023-07-11,182.2928919486809,183.0870348055256,181.10169244091395,182.2057342529297,436000,179.3158447265625
2023-07-12,183.78431963980069,184.01674015385348,180.48187357930416,180.65618896484375,719500,179.76327209472657
2023-07-13,181.0532464255698,182.65121122402272,180.61744321780938,182.24444580078125,435500,180.82470092773437
2023-07-14,181.49875680553717,182.00234443527833,179.69742394261806,180.51092529296875,324900,181.41739807128906
2023-07-17,180.92737207713995,184.1523249513072,180.45282222859146,183.62936401367188,452700,181.84933166503907
2023-07-18,182.7965054626123,184.4235083253174,181.50845414088687,182.30259704589844,583300,181.86870422363282
2023-07-19,183.07734175115255,184.60750756507963,182.96113148952526,183.76495361328125,484500,182.4904571533203
2023-07-20,183.76493927421586,184.2394891013322,181.7602237525703,182.4672088623047,485800,182.535009765625
2023-07-21,183.85210287932347,184.08453816942043,182.41878886747443,182.57374572753906,478000,182.94757385253905
2023-07-24,183.6293718782506,184.89804983865497,182.76744461509418,183.9973907470703,461900,183.02117919921875
2023-07-25,184.00708150370113,185.48882155676768,183.09672831501948,184.9174346923828,441700,183.5441467285156
2023-07-26,184.568759722547,185.52753863028246,183.05796734247824,183.6487274169922,428800,183.52090148925782
2023-07-27,184.79150544438065,185.29510784244712,181.85707830175167,182.137939453125,462800,183.45504760742188
2023-07-28,183.50346716638904,183.60999816620475,179.59090229384003,180.40440368652344,593500,183.02117919921875
2023-07-31,180.3462991931007,181.24695828586408,179.15509966549413,181.16949462890625,1100500,182.45559997558593
2023-08-01,181.1694708526185,182.7577416068195,180.25911783908285,181.4212646484375,1056000,181.75636596679686
2023-08-02,181.47935698832015,194.77628214015309,179.30032633271583,190.78623962402344,2036600,183.18386840820312
2023-08-03,189.39168846227142,193.59479361984285,187.17392562507354,192.99435424804688,920100,185.3551513671875
2023-08-04,192.4423154730365,196.1418177291985,191.34795309169246,191.62879943847656,721100,187.60003051757812
2023-08-07,194.6601027944708,197.21683191171607,193.14931033121215,196.4420623779297,839400,190.6545440673828
2023-08-08,195.9094264811871,196.61641169253275,193.84662031428454,196.28712463378906,433800,193.62771606445312
2023-08-09,196.69387247413988,196.8681878623844,194.57294658549924,195.2314910888672,489600,194.5167663574219
2023-08-10,195.58011892959092,198.65982350715376,195.19274158357604,196.26773071289062,588800,195.17144165039062
2023-08-11,195.9287497038945,198.2239906001354,195.9287497038945,197.0618438720703,463500,196.25805053710937
2023-08-14,197.6235632769007,200.72262633165371,197.29429105991093,200.10281372070312,514500,196.99020080566407
2023-08-15,199.63800047018648,199.76390478246404,198.0594086562502,198.2240447998047,523200,197.3775848388672
2023-08-16,198.22403335463014,199.74451994510954,195.01843881712324,195.18307495117188,426200,197.36790161132814
2023-08-17,196.10312437029052,197.11999375231437,193.93377248180477,194.00157165527344,339400,196.9146697998047
2023-08-18,190.12770333375497,194.58260177525614,190.12770333375497,193.98216247558594,350500,196.29873352050782
2023-08-21,194.32113180362575,195.60918298216092,193.45920459723746,195.0668487548828,350600,195.29154052734376
2023-08-22,195.77381931720518,197.12966966438495,195.60918319642252,196.48080444335938,593000,194.9428924560547
2023-08-23,196.64542368738364,198.79540189014386,196.07403694473516,198.36927795410156,473600,195.58013305664062
2023-08-24,199.30167497210837,199.7970248846468,195.42637405271375,195.49435424804688,360900,195.87868957519532
2023-08-25,197.09693386486512,198.69951483904836,195.33896322485387,198.1361846923828,300300,196.7094940185547
2023-08-28,198.7383703665864,201.10823704856853,198.25274243405525,200.90428161621094,338100,197.87698059082032
2023-08-29,200.9042630781602,202.73021385826317,200.37977666011705,201.5744171142578,431300,198.895703125
2023-08-30,201.41905435548435,202.535992718348,201.1373818436808,202.12806701660156,487600,199.6474609375
2023-08-31,203.1867120971646,206.30444976215063,203.1867120971646,205.08065795898438,784600,201.5647216796875
2023-09-01,206.39186028966932,208.1206944514219,205.9742274037144,207.05230712890625,486500,203.3479461669922
2023-09-05,207.33399143933622,208.72288021763444,206.4015792846707,206.52784729003906,619000,204.4726593017578
2023-09-06,205.9062534564434,207.38256659314254,203.86661011205393,207.1494598388672,548100,205.5876678466797
2023-09-07,206.5181518201336,208.41209790750648,205.98395809800556,206.78038024902344,947600,206.51813049316405
2023-09-08,207.38253438507905,209.49986483186726,205.84794850319105,206.5569610595703,475300,206.81339111328126
2023-09-11,207.33397667157078,207.5767906214068,203.53636293929094,205.14865112304688,415500,206.4326599121094
2023-09-12,203.94430368673653,204.99326180606448,202.25432795575415,202.9342041015625,474800,205.71393127441405
2023-09-13,202.84679303856257,203.51694713548054,199.61250923438982,202.34173583984375,877800,204.75238647460938
2023-09-14,203.46837024166584,204.17738278198294,201.0499381145856,203.75973510742188,653000,204.14825744628905
2023-09-15,203.83747224183077,203.9831695198385,200.20498463845303,201.0499725341797,1189700,203.04685974121094
2023-09-18,200.9528044192693,203.93456662124458,200.9528044192693,202.6913604736328,503500,202.55540161132814
2023-09-19,202.6913958203564,203.00219000136465,200.9431322390949,202.67196655273438,337500,202.5029541015625
2023-09-20,202.49714225712768,203.65292429681153,201.77840757598148,202.9924774169922,610700,202.6331024169922
2023-09-21,201.57444099580923,201.97265946776412,197.6408664953899,199.14630126953125,437400,201.71041564941407
2023-09-22,199.02976016117591,201.07911073296333,199.02976016117591,199.84561157226562,414000,201.46954345703125
2023-09-25,198.9520174035212,200.82654864279237,198.06817114469482,199.107421875,429400,200.75275573730468
2023-09-26,197.39805109776498,197.63114302488418,193.35762306556057,194.48428344726562,814800,199.11521911621094
2023-09-27,194.62026089259172,195.10588883986722,191.60936169140805,192.9788360595703,724800,197.11249084472655
2023-09-28,193.22162035337539,197.85451440840026,193.22162035337539,197.04837036132812,763500,196.69290466308593
2023-09-29,197.16491850319565,197.8545166109609,194.85332506104325,195.96055603027344,803300,195.9158935546875
2023-10-02,195.96058133170246,196.6793160193373,193.36732990631455,195.2030029296875,935400,195.135009765625
2023-10-03,198.13620289613732,202.77880489602973,195.29043023293735,195.97030639648438,979400,195.43221435546874
2023-10-04,196.4656379925258,200.0107160223316,196.38793574379346,199.515380859375,704600,196.7395233154297
2023-10-05,198.6412350854654,200.13696245682425,196.19366638487304,197.20376586914062,627700,196.77060241699218
2023-10-06,196.74733462771468,200.73918255209492,196.74733462771468,199.71937561035156,1065400,197.52236633300782
2023-10-09,199.13657942319983,202.58454054536688,199.09773571131475,202.13775634765625,401600,198.90931701660156
2023-10-10,202.3125911350086,205.44974329736868,202.17661591243476,204.10940551757812,548100,200.53713684082032
2023-10-11,205.08066875058526,207.8001881204967,205.08066875058526,207.67393493652344,521700,202.16884765625
2023-10-12,209.14053109497846,209.60672976923289,204.67274810445858,205.49832153320312,649700,203.8277587890625
2023-10-13,205.15837729961706,205.49832278886873,199.78733341864853,201.302490234375,937100,204.14438171386718
2023-10-16,201.5841432026948,203.983146201798,201.33160721109195,202.81764221191406,520200,204.28035888671874
2023-10-17,201.80752298557857,204.80869976220657,201.13735413211685,202.89532470703125,481700,204.03754272460938
2023-10-18,202.36115292625468,202.36115292625468,200.0786958561316,200.23410034179688,464800,202.54957580566406
2023-10-19,200.78773479124186,201.23451904110894,196.53364388429924,197.01927185058594,563600,200.85376586914063
2023-10-20,197.15523814067498,197.15523814067498,194.41628942143117,194.6591033935547,522100,199.52508850097655
2023-10-23,193.53242968527005,195.5623656158461,192.2989454623189,193.81410217285156,555500,197.72438049316406
2023-10-24,194.43571260721427,196.07713737865825,192.29895268339953,194.1443328857422,569500,195.97418212890625
2023-10-25,193.68784606956206,196.6987452296541,192.33780098736858,192.98854064941406,548600,194.5250701904297
2023-10-26,192.79428549808273,194.46484673939904,192.36693055446395,192.71658325195312,589800,193.66453247070314
2023-10-27,191.96871520661398,194.09576791573923,191.036317878349,193.1827850341797,645900,193.36926879882813
2023-10-30,193.8529698998312,194.39687085610095,189.23950417550026,191.385986328125,1088700,192.8836456298828
2023-10-31,192.40578712860687,195.0184528796966,191.37624349301316,194.63966369628906,791200,192.9827117919922
2023-11-01,180.21652532625382,193.47416170615082,179.7211753594971,193.43531799316406,939400,193.0720672607422
2023-11-02,194.4551270853992,201.10822031539342,194.36770280147456,200.72943115234375,801100,194.6746368408203
2023-11-03,202.40000389828535,204.52705655904705,202.40000389828535,203.4392547607422,586200,196.7259307861328
2023-11-06,203.84717046206796,205.12922040160586,202.69137369782135,204.97381591796875,513300,199.44349670410156
2023-11-07,205.12922536378701,205.87709649171805,200.729437703166,202.02120971679688,691800,200.91980590820313
2023-11-08,202.86620110726736,203.50723351392725,201.32190788955856,203.26441955566406,479200,202.88562622070313
2023-11-09,204.81844493561832,204.93499089888246,201.7978385527846,202.50685119628906,763400,203.2411102294922
2023-11-10,203.4781155644047,205.66344138788878,201.82698346181016,205.5857391357422,546400,203.6704071044922
2023-11-13,205.16807787890616,206.60553229469866,204.08998336201498,205.87709045410156,485500,203.85106201171874
2023-11-14,208.5772065646457,212.5690689454891,208.55777729680284,212.18057250976562,655000,205.8829345703125
2023-11-15,212.99641657006555,213.39463503606936,210.84022733973828,212.62733459472656,677500,207.755517578125
2023-11-16,211.15102644929001,212.88958280726865,208.53836053074585,209.3153533935547,703300,209.11721801757812
2023-11-17,210.7333868763448,211.76291572524727,207.30485484774465,209.10166931152344,960000,209.82040405273438
2023-11-20,208.82970956756932,211.121873907043,206.89691996102096,210.99562072753906,922900,210.84411010742187
2023-11-21,210.7333541673487,211.71431710655074,209.8106641999546,210.60708618164062,708100,210.52941284179687
2023-11-22,211.26947277906845,212.88638429762085,210.22725670759635,211.38636779785156,655000,210.28121948242188
2023-11-24,212.10714218753574,212.10714218753574,209.3213846038707,211.06492614746094,246100,210.63113403320312
2023-11-27,210.6460768157074,211.52272253138355,209.2239854441711,209.32138061523438,787900,210.67507629394532
2023-11-28,208.27916779539342,209.73049408950237,207.1103216858827,207.1590118408203,585300,209.90775451660156
2023-11-29,208.89282241608944,210.0032284713033,206.31160505833697,206.58433532714844,647600,209.10320434570312
2023-11-30,206.48693243616088,207.06161299091718,203.36998971590864,205.40574645996094,2377000,207.907080078125
2023-12-01,205.24016278495998,207.24668464339516,202.89272066943028,207.04212951660156,873700,207.10252075195314
2023-12-04,205.39601414703895,207.89930656865576,205.13303378683705,207.08111572265625,601100,206.6544677734375
2023-12-05,206.49667375663824,206.60381885167973,203.5453309763954,204.9479522705078,481400,206.212255859375
2023-12-06,206.09729737451764,206.477172706884,203.4381700479531,204.1492156982422,670500,205.72523193359376
2023-12-07,206.31156893340912,207.79211503534725,205.26935305923143,207.06158447265625,807100,206.0563995361328
2023-12-08,206.13626044008095,208.0745921310597,204.60700924123887,207.65576171875,497300,206.1791259765625
2023-12-11,209.6428013180317,213.99676496810542,209.6428013180317,210.12008666992188,1109100,206.78692016601562
2023-12-12,209.07786165838922,213.62664548857902,208.46422603200614,211.97076416015625,940700,208.1914825439453
2023-12-13,211.97077206830306,214.33769914109155,211.31816646062805,212.3603973388672,962700,209.8337188720703
2023-12-14,214.0844395803644,216.724096918367,212.52598308193285,214.7175750732422,1622200,211.3649169921875
2023-12-15,214.73705243304033,217.6494250638123,214.12340194118872,217.4351348876953,9574000,213.32079162597657
2023-12-18,219.15918506921128,220.77609640165483,216.62667298556036,217.88319396972656,879400,214.8734130859375
2023-12-19,217.89294912249582,218.57477478861117,216.32474265908812,218.13645935058594,823500,216.10655212402344
2023-12-20,217.80529022060293,220.7761179923868,216.52929899633304,216.63644409179688,758000,216.96176147460938
2023-12-21,217.93191087026196,219.4416623373843,216.97734011098458,219.25660705566406,526700,217.86956787109375
2023-12-22,220.6591969803297,220.9611621139249,219.32476583622818,220.7468719482422,524300,218.53191528320312
2023-12-26,221.39950228704888,222.88978369350792,220.23065616509655,222.79237365722656,468400,219.5137512207031
2023-12-27,223.25992073050855,223.46446099594885,221.99366459079653,222.61705017089844,565000,220.4098693847656
2023-12-28,223.21123372369638,223.25018882317147,221.66251213823148,222.76316833496094,381300,221.63521423339844
2023-12-29,222.62679232856965,223.3573230252355,220.73715054849768,221.4189910888672,564200,222.06769104003905
2024-01-02,220.30854900773872,220.5228391805327,214.0746936065053,214.94158935546875,999700,220.90663452148436
2024-01-03,214.38639014087232,214.70781053188185,211.64932295567218,211.65907287597656,795400,218.6799743652344
2024-01-04,210.99673581253296,211.3571410535431,209.4090592460591,209.49671936035156,911400,216.055908203125
2024-01-05,208.94148872403485,209.85708946312016,207.6167926284252,208.4836883544922,1080000,213.20001220703125
2024-01-08,208.49345748297708,212.9253465476537,207.19798130329102,212.54547119140625,966100,211.42530822753906
2024-01-09,210.19801303558884,212.59414514230585,209.44799743868737,212.51622009277344,881900,210.940234375
2024-01-10,212.46752471554768,215.25328200140484,212.46752471554768,214.55197143554688,985200,211.51881408691406
2024-01-11,214.55197334220532,215.6428942931532,213.12013216274454,215.42860412597656,522800,212.70519104003907
2024-01-12,216.29552213710141,217.03580274095842,212.8766438929273,213.45132446289062,779600,213.69871826171874
2024-01-16,213.0032286555429,215.34093542341367,212.02918788460076,214.9902801513672,567600,214.18768005371095
2024-01-17,214.42534889980107,214.72729918073068,213.0519477549112,213.3831329345703,526500,214.3610626220703
2024-01-18,214.4837814160194,219.42217541136972,214.12339107569397,219.1884002685547,731000,215.28834838867186
2024-01-19,219.87998822266695,221.117009408872,218.96438743983654,220.581298828125,615900,216.31888732910156
2024-01-22,221.59430336309327,222.35405407132342,220.7468925414561,221.01962280273438,563600,217.83254699707032
2024-01-23,222.03262423992297,222.08132925834994,218.68192110466214,218.97413635253906,586500,218.6293182373047
2024-01-24,219.68516554737286,222.15923761571327,218.8182697902025,220.4546661376953,575300,220.0436248779297
2024-01-25,222.08130277630792,223.56184895636792,221.70142745817157,223.0456085205078,696600,220.8150665283203
2024-01-26,223.0553569383412,223.82484267815448,222.1105361151335,223.72744750976562,641500,221.44429626464844
2024-01-29,223.1235357518599,223.41573610506828,220.73712387431402,223.16249084472656,532900,221.87286987304688
2024-01-30,223.67873739189722,225.7924042263446,223.17223199470334,224.24368286132812,625900,222.9267791748047
2024-01-31,223.52289642170402,224.29239703808233,220.1916784039592,220.8345489501953,1083100,223.00275573730468
2024-02-01,221.65274311169782,224.21447541494433,219.5293411002089,224.10733032226562,651100,223.21510009765626
2024-02-02,222.75338773570442,227.39956640491272,222.1300022327483,226.62033081054688,697500,223.7936767578125
2024-02-05,225.17876342134852,225.91904400199374,223.23068166206625,224.74044799804688,599700,224.10926818847656
2024-02-06,224.8573539854086,225.8021748737915,223.43524769213911,224.5164337158203,761100,224.163818359375
2024-02-07,228.74376645064322,241.20175816041953,227.62362533593037,231.43212890625,2023700,226.28333435058593
2024-02-08,231.43209885030566,238.40621964726532,230.9158584179408,237.6269989013672,1089400,228.98726806640624
2024-02-09,237.9581932924426,239.03937927890698,235.22114075930168,238.86404418945312,884800,231.4360107421875
2024-02-12,238.59131316233365,239.65301416596506,235.51334038122042,235.7178955078125,690200,233.63150024414062
2024-02-13,230.60417035868915,232.58147208763913,228.93855397195577,231.30548095703125,986400,234.98930969238282
2024-02-14,232.97109042767195,234.47112170522416,230.43859305855045,233.2633056640625,970200,235.3555450439453
2024-02-15,234.1107482174325,237.1887063230009,234.08152817795485,236.4484405517578,520600,235.11983337402344
2024-02-16,237.2860896201903,237.77311004017653,234.29577710738678,235.10423278808594,859700,234.36787109375
2024-02-20,233.38993421224149,236.17569170398485,232.17238312079218,235.51333618164062,641400,234.32695922851562
2024-02-21,234.9191621059528,235.44515248142162,232.62043999712236,235.07501220703125,534000,235.08086547851562
2024-02-22,238.17245227390157,241.6400350229784,237.97764709322988,241.13352966308594,698600,236.6549102783203
2024-02-23,241.24097374550396,242.21746016835561,239.59070930688458,241.299560546875,463400,237.62513427734376
2024-02-26,241.3288527985957,242.3443921175263,239.5028279645569,240.44024658203125,449700,238.6923370361328
2024-02-27,240.69413766601318,240.69413766601318,237.85255867113673,238.52633666992188,407600,239.29493713378906
2024-02-28,237.96975096167185,240.1277926272788,237.75492274518604,239.15130615234375,399100,240.11019592285157
2024-02-29,240.84062788934037,241.6511134660319,238.25294464448302,240.42074584960938,809600,239.96763916015624
2024-03-01,241.29956995907702,243.0084212657234,240.4597910066679,241.504638671875,691100,240.00865478515624
2024-03-04,241.85616480645604,242.75454548225633,239.8250860350851,240.8699188232422,742000,240.09458923339844
2024-03-05,239.56143563952733,240.61604285107802,237.99905127426666,239.20989990234375,688600,240.2313018798828
2024-03-06,240.95780386181667,243.02796537799156,239.8348503445532,241.37770080566406,553400,240.67658081054688
2024-03-07,242.41276066483934,243.63336872458174,241.45580811800153,242.50064086914062,472700,241.09255981445312
2024-03-08,242.6471077460757,243.99464882856037,241.9635553549605,242.1197967529297,620200,241.21559143066406
2024-03-11,240.42072904494654,243.3794817181084,239.53212282297375,242.11004638671875,525000,241.46361694335937
2024-03-12,243.1744143988712,244.7367986464086,241.6510979525225,243.99465942382812,626200,242.42056884765626
2024-03-13,244.07276775042365,244.5024241417106,241.78779319676087,242.7838134765625,645100,242.70179138183593
2024-03-14,242.78381132830114,243.40876201009786,239.91293901192262,240.68435668945312,482400,242.33853454589843
2024-03-15,239.95201082786647,241.58274140892908,239.01459218126797,239.7371826171875,1531800,241.86201171875
2024-03-18,241.02615084884224,242.539707817597,239.08293746056992,239.2587127685547,676400,241.2917449951172
2024-03-19,239.40516660442754,242.50062667474626,239.0829243075174,242.1686248779297,815600,240.9265380859375
2024-03-20,241.54367073505514,245.17620124835722,241.15308214437735,244.9027862548828,611900,241.35033264160157
2024-03-21,247.09011160754628,249.12120510349826,246.61164280849985,248.81849670410156,688900,242.97716064453124
2024-03-22,249.39460867276551,250.38086942559784,248.4181223194657,249.65826416015625,516300,244.961376953125
2024-03-25,248.54507658304084,248.70131797950987,246.97293291857028,247.88107299804688,422300,246.68584899902345
2024-03-26,247.98848785851877,251.02536109922985,247.96895395890013,248.14471435546875,486900,247.88106689453124
2024-03-27,250.12700639010987,251.94328674252813,249.5215895393046,251.8065643310547,502900,249.26182250976564
2024-03-28,251.826103185463,253.28105845008835,249.5899408861385,249.7657012939453,772300,249.45126342773438
2024-04-01,249.7754842444675,250.88867829842454,246.9925065595759,247.10968017578125,447800,248.94154663085936
2024-04-02,244.90280182134364,246.20153057289627,244.3754908004122,245.71328735351562,477400,248.50798950195312
2024-04-03,244.80516592893954,250.53715189458842,244.80516592893954,249.74618530273438,479400,248.82828369140626
2024-04-04,255.21450151643376,257.1772489495847,246.39684436900143,246.60189819335938,658000,247.7873504638672
2024-04-05,247.81274092340533,250.4101985699667,246.5921328075402,249.18959045410156,984400,247.67212829589843
2024-04-08,249.50205647076424,251.2792541258369,248.08615404721704,248.2814483642578,555500,247.90648193359374
2024-04-09,249.51182471687798,250.39067147188476,245.53751766812715,248.2716827392578,515600,248.41816101074218
2024-04-10,244.12160516932826,244.5317276780127,241.24097320833025,241.46556091308594,681100,246.7620361328125
2024-04-11,242.35415967615066,243.46735356547666,240.86989619038275,242.1686248779297,658200,245.87538146972656
2024-04-12,239.40518781459042,241.97335201749235,236.86633191400404,237.19833374023438,847800,243.4771301269531
2024-04-15,240.47933355525151,240.75274858214655,234.3860524558732,235.70431518554688,728700,240.96170349121093
2024-04-16,236.38785029106404,238.95601451694225,233.91734067377485,234.36651611328125,651700,238.18067016601563
2024-04-17,235.5968929591553,235.5968929591553,230.81210035331537,231.21246337890625,956500,236.1300506591797
2024-04-18,231.91551537904044,232.68693306366978,229.7281805226235,230.1578369140625,411100,233.72789306640624
2024-04-19,230.11880356523145,231.78858707382187,228.93724838839182,230.23597717285156,593200,232.33542175292968
2024-04-22,231.2612792235937,233.7513225593796,229.22042619426338,232.05223083496094,526000,231.6050048828125
2024-04-23,232.33543544742602,235.75313833944466,232.25732963618177,234.8157196044922,478000,231.6948455810547
2024-04-24,234.97194603221854,236.60267666291617,234.01497855552077,235.03053283691406,450700,232.45845947265624
2024-04-25,234.63992741848784,238.79976931842927,232.94085049597751,237.6963348388672,753400,233.96615905761718
2024-04-26,236.72959953894045,238.67281291067474,236.40737212704533,236.5635986328125,424600,235.23168334960937
2024-04-29,237.022545991408,240.23519467668297,237.022545991408,240.15707397460938,531000,236.85265197753907
2024-04-30,240.13753659823888,242.2858037241665,236.12417684980133,236.17300415039062,938900,237.12410888671874
2024-05-01,218.73294218333143,221.3889862447004,208.42124872154568,209.56373596191406,2422000,232.03074951171874
2024-05-02,211.6729768433915,215.84256335350872,208.03067157249137,213.2744140625,1265500,227.1463653564453
2024-05-03,214.8172510309237,217.95176406785376,212.96191790906462,214.39735412597656,805700,222.71311645507814
2024-05-06,214.9149004914692,217.30728932829535,214.53407136968875,216.60423278808594,675100,218.00254821777344
2024-05-07,217.06317165045422,218.41072775195994,214.82702418201464,215.49102783203125,766500,213.86615295410155
2024-05-08,215.49101665786003,216.53586428238398,214.7488923404414,215.13949584960938,753700,214.98130493164064
2024-05-09,215.7058539774972,218.04943043153128,215.22738514604936,217.72718811035156,713000,215.87185974121093
2024-05-10,218.40093711535349,218.83059348646464,216.27218915848434,217.22915649414062,676700,216.43822021484374
2024-05-13,218.20564571234016,218.20564571234016,216.0573638283922,216.82879638671875,456000,216.4831329345703
2024-05-14,218.2837627835578,219.10402268161712,215.2175960908121,216.36985778808594,605800,216.65889892578124
2024-05-15,217.16082818145847,219.39697566970622,216.9752933658394,218.18614196777344,648900,217.26822814941406
2024-05-16,218.67438037049763,219.7094536347322,217.73694681232234,218.8696746826172,731000,217.4967254638672
2024-05-17,218.8208398623692,220.15863639943248,217.80530053423396,218.3814239501953,1299300,217.72717895507813
2024-05-20,218.44979326990355,223.20527757837147,217.95177563759927,222.87327575683594,827700,218.93607482910156
2024-05-21,222.15065086635585,225.50976638873058,221.85770197312556,224.9629364013672,973300,220.65469055175782
2024-05-22,225.9687374433363,230.9683433982985,225.9687374433363,230.71446228027344,1156000,223.1603546142578
2024-05-23,232.27115305883245,232.98585945504524,226.19121128453259,226.71990966796875,908000,224.73040161132812
2024-05-24,227.87520275381985,228.60949449201692,226.07374394151861,226.22059631347656,556700,226.29823608398436
2024-05-28,224.26246190554977,225.68208946529052,219.8762972242756,220.48330688476562,840200,225.82024230957032
2024-05-29,219.0440935660496,219.73922957836263,215.67614009073438,216.0873565673828,1347000,224.04512634277344
2024-05-30,215.64677952842177,219.4259347148359,215.24537808910011,218.17274475097656,860600,221.53678283691406
2024-05-31,217.82026343607384,219.94481207816534,215.55864762156358,218.93638610839844,1426100,219.980078125
2024-06-03,218.83851353949075,219.8175691468481,214.73626815439098,218.80914306640625,826600,218.49778747558594
2024-06-04,217.11533974445916,218.53498215409812,216.70413823200693,217.26220703125,584300,217.85356750488282
2024-06-05,217.5950831762485,218.73079113279042,216.43000475007196,218.26083374023438,839300,218.28826293945312
2024-06-06,218.26085939921916,218.8091430883247,216.59646785438554,217.16432189941406,949500,218.08657836914062
2024-06-07,218.59372622233826,220.75743051687274,217.92796071226516,219.5434112548828,819800,218.2079833984375
2024-06-10,217.9867061095668,219.44550421620858,216.9978654099516,219.2105255126953,611900,218.28825988769532
2024-06-11,219.03430897584678,219.73923016741648,217.2426355255406,219.66090393066406,637500,218.76799926757812
2024-06-12,221.3448940463034,221.81483655600937,218.9070401998983,221.56028747558594,716500,219.42789001464843
2024-06-13,219.86652347955442,220.71829707184915,218.45668102389217,220.3854217529297,557500,220.07210998535157
2024-06-14,218.9070123365387,219.78817123668335,216.43000315427633,218.51539611816406,578000,219.86650695800782
2024-06-17,218.90703469483722,222.88199798021128,218.51541843646444,221.60923767089844,809100,220.34624938964845
2024-06-18,222.11830535508395,226.12265350287615,221.7952152635975,225.7212371826172,1255200,221.55831604003907
2024-06-20,226.03454544734052,227.6499960354816,224.87926709267163,227.0723419189453,849600,222.66072692871094
2024-06-21,229.62768555520782,230.9690018374093,226.2793173168755,230.55780029296875,2324200,224.69520263671876
2024-06-24,228.8836125388412,231.49768914749592,226.62199653692656,226.75906372070312,707300,226.34393615722655
2024-06-25,227.00381855155612,227.00381855155612,219.70005763544194,219.9154510498047,1109400,226.00517883300782
2024-06-26,219.67069967792366,220.33646525275276,216.77270347465202,218.45668029785156,1062800,224.5522674560547
2024-06-27,217.712581204905,220.10147917373786,217.65384026127833,219.3671875,1164300,223.01123657226563
2024-06-28,219.7000631605955,221.15886133288416,218.81891912637158,219.15179443359375,2054200,220.73003540039062
2024-07-01,219.7196383229226,220.08188408530108,213.64949707799897,214.59918212890625,935300,218.29805908203124
2024-07-02,214.08031293104136,214.84397514617484,212.55298850077435,214.53067016601562,971700,217.22110290527343
2024-07-03,215.02019296597294,215.38245370821292,212.02428512446173,213.5418243408203,646100,216.23813171386718
2024-07-05,213.01311906288765,213.34599435803858,210.06615235331694,211.76971435546875,753700,214.71863708496093
2024-07-08,212.06343980346082,213.36557054888783,210.11511386524978,212.32777404785156,1017500,213.3538330078125
2024-07-09,212.00467927435946,212.36693998147717,209.72349302109302,210.30113220214844,969800,212.49422302246094
2024-07-10,210.69274150555424,214.38378493918165,209.1654173093502,214.28587341308594,1166800,212.445263671875
2024-07-11,214.41317747944063,219.57280470039305,214.17819875614464,219.13223266601562,1006100,213.56334533691407
2024-07-12,220.28749328212612,225.19255608776217,219.3378082270626,223.7141876220703,939400,215.95223999023438
2024-07-15,224.52682174823968,229.31440301777386,223.91981205892705,227.894775390625,824900,219.06564025878907
2024-07-16,227.89475108836996,236.2069226555485,227.89475108836996,234.81666564941406,1025400,223.9687469482422
2024-07-17,232.36904690877,234.16072040622,231.54664381003303,232.01658630371094,1041600,227.5148895263672
2024-07-18,231.56622645737463,234.4642225643294,227.58146313630888,228.80528259277344,610500,229.44949951171876
2024-07-19,229.81371008199096,230.3424084564779,223.5085898121702,224.0470733642578,645200,229.51607666015624
2024-07-22,226.00518800157298,227.97309929152178,224.54640473878206,227.65000915527344,512200,229.46712341308594
2024-07-23,225.93666023799457,227.35628784026443,225.14362760896393,225.3296356201172,417900,227.56971740722656
2024-07-24,224.73239218407983,225.8093592063451,221.67774381431119,224.40931701660156,1007200,226.0482635498047
2024-07-25,225.77022108843664,228.27660096481063,223.67504275998004,223.83168029785156,642200,225.0535430908203
2024-07-26,225.40796559580133,226.67095568010012,222.40227268564425,224.92823791503906,988600,225.22977600097656
2024-07-29,224.82053820707907,228.0318393227865,223.93937921924064,226.54367065429688,758800,225.00850830078124
2024-07-30,227.6989857620419,232.50613777791148,224.8793006343206,227.60107421875,1472000,225.46279602050782
2024-07-31,216.86082233336555,219.23992034661148,211.93617370305336,213.5418243408203,1924800,223.28929748535157
2024-08-01,211.6228810259787,214.15864661217873,206.0912223634028,209.1165008544922,1603600,220.34626159667968
2024-08-02,209.9193097646181,209.9193097646181,203.2519436782317,205.45481872558594,1443300,216.45157775878906
2024-08-05,207.63809403281212,207.63809403281212,201.60710851511848,202.34140014648438,1354800,211.61112365722656
2024-08-06,203.31067441068384,209.22416322308788,202.75260558923418,204.08412170410156,1082400,206.90773315429686
2024-08-07,205.31774467303285,209.3024929680979,204.2799332476272,204.61282348632812,967200,205.12193298339844
2024-08-08,205.3569165092467,208.3528243192998,204.6324099715777,207.86329650878906,758200,204.8712921142578
2024-08-09,207.5597781082314,209.49830392834107,206.34574383929686,209.2535400390625,567400,205.63103637695312
2024-08-12,209.06752710579644,209.10669769591024,206.629688212916,207.65769958496094,713800,206.69429626464844
2024-08-13,208.73465040865008,212.40610889944202,208.03952930034706,211.3780975341797,501100,208.15309143066406
2024-08-14,212.01448708470014,212.5529706370905,209.5962186269491,212.14175415039062,1091600,209.65887756347655
2024-08-15,213.08165213007376,218.1139971262388,213.08165213007376,217.22305297851562,1532400,211.53082885742188
2024-08-16,217.06639457817948,218.81889729422264,216.4887404977488,218.09439086914062,2287000,213.2989990234375
2024-08-19,218.7797801222358,220.1308667482261,213.04251346811589,214.60899353027344,630800,214.6892578125
2024-08-20,213.69845763514746,218.32938617232836,213.6005461051293,216.51812744140625,1062700,215.7172637939453
2024-08-21,217.50700157776623,220.57143553018145,216.89019175250033,220.22877502441406,546000,217.33466796875
2024-08-22,220.45394070661743,221.2274029721776,218.17273943785764,220.47352600097656,1171700,217.9847625732422
2024-08-23,222.28477585551235,226.21079835502417,221.76587758497186,224.92823791503906,731800,219.35153198242188
2024-08-26,225.39944890064976,227.14688240775715,224.4471939582833,225.11474609375,1508700,221.4526824951172
2024-08-27,224.61410285881252,226.1357485767116,222.1303904529298,222.83721923828125,951500,222.71650085449218
2024-08-28,223.08262274057017,224.2115773628279,219.8429936345932,220.3927459716797,784900,222.74929504394532
2024-08-29,221.21738047994347,221.77695946799392,217.72251340252404,219.03799438476562,793800,222.46218872070312
2024-08-30,220.37312053102178,222.4936067945516,219.00855126488176,221.51190185546875,1437100,221.77892150878907
2024-09-03,220.41238275050597,221.21737295867706,212.67654354128072,213.6876983642578,710700,219.49351196289064
2024-09-04,212.62745870985293,214.82648305797915,210.31063456830802,210.55606079101562,810300,217.0372802734375
2024-09-05,210.57570929003234,211.99917845480846,209.09334022569186,210.88986206054688,774400,215.13670349121094
2024-09-06,211.35124415146427,212.4900254457775,207.83675374461907,208.32760620117188,709000,212.9946258544922
2024-09-09,209.56453433208182,210.9683650693504,207.89563909253008,210.22227478027344,623100,210.73670043945313
2024-09-10,209.01478602730046,212.13660030217895,208.42575711750618,211.9108123779297,745800,210.3813232421875
2024-09-11,212.06788972141933,212.20532780371647,204.00808616631653,211.85191345214844,744100,210.64049377441407
2024-09-12,212.29367955747279,214.7970299886425,210.79167229469647,214.63995361328125,534600,211.39051208496093
2024-09-13,215.9063534335764,218.10537782227448,215.4842275129525,216.12232971191406,509700,212.94945678710937
2024-09-16,216.2303130988161,217.69305877365915,214.67921757922073,217.39854431152344,535400,214.38471069335938
2024-09-17,217.39854614144588,221.44318049759045,216.75061731521905,219.23434448242188,556300,215.84941711425782
2024-09-18,220.039330167745,221.70822545995983,217.26110357287365,217.5654296875,528100,216.99212036132812
2024-09-19,222.62122915560488,224.31957447483836,219.12636203317507,223.7010955810547,643000,218.80434875488282
2024-09-20,226.6363926643169,226.6363926643169,219.4404939862391,221.17811584472656,1749900,219.8155059814453
2024-09-23,221.8260477683196,222.05183570303228,219.09689434078427,220.0098876953125,717500,220.33777465820313
2024-09-24,219.9607815517864,220.66761022691696,218.23298644570437,220.1767578125,576900,220.52625732421876
2024-09-25,220.06878549555833,220.06878549555833,216.85860628030304,217.23165893554688,506900,220.45950317382812
2024-09-26,219.91170264329577,224.83005363135632,219.3325003648239,224.4471893310547,1042500,220.6087219238281
2024-09-27,224.604267667491,224.81043229687845,221.60025293397635,222.40525817871094,386800,220.854150390625
2024-09-30,222.51323491774292,222.9942607289461,219.79390816647327,222.15982055664062,517800,221.2841369628906
2024-10-01,219.39139906507864,219.41103735667696,211.28252227176623,213.82513427734375,1181400,220.01381225585936
2024-10-02,213.52081504678642,216.8586057039425,211.92063127157556,215.33697509765625,502000,219.63487548828124
2024-10-03,213.8742307689285,216.45611945732557,212.78453772740235,214.26690673828125,316400,217.59881896972655
2024-10-04,217.6930399060451,218.34096867066162,214.5319492443268,217.63414001464844,499900,216.64459533691405
2024-10-07,215.64129886966126,217.49672050515198,214.8657436210729,216.45611572265625,416700,215.50385437011718
2024-10-08,216.642639695497,219.95099554053914,215.5725849024194,219.51904296875,668800,216.64263610839845
2024-10-09,219.78410558937875,222.64085556503645,219.27361482900332,221.57080078125,422300,217.8894012451172
2024-10-10,219.78407592838636,221.25663313180945,217.4378020501173,217.63414001464844,992300,218.56284790039064
2024-10-11,218.43917123070364,219.1165500683689,215.24863002345023,217.93850708007812,930900,218.62372131347655
2024-10-14,217.61453489082706,220.39276170226856,216.40704199428217,219.39141845703125,738000,219.21078186035157
2024-10-15,219.08708324837417,220.2455028330678,215.14062531081245,216.1027069091797,959500,218.5275146484375
2024-10-16,216.92733495166217,217.67342528987584,215.6216656250672,216.1321563720703,820900,217.43978576660157
2024-10-17,217.9777507049389,218.27226517262093,215.9456293392263,217.13348388671875,1176500,217.33965454101562
2024-10-18,217.97774934438178,218.10537577482725,213.9822181918988,214.3159942626953,933600,216.61515197753906
2024-10-21,213.66806460686257,216.6819058275827,212.41148353844505,216.3186798095703,901700,216.00060424804687
2024-10-22,215.1013650328094,215.1013650328094,212.49002635763182,213.10850524902344,543500,215.40176391601562
2024-10-23,212.16606819211674,214.43380422123553,211.96973019879056,213.66807556152344,608600,214.90894775390626
2024-10-24,214.59088789036508,216.7604624862645,213.5502830087554,215.1504669189453,550600,214.51234436035156
2024-10-25,215.87692174957812,216.6721153759891,212.9710833618421,213.039794921875,981400,214.2571044921875
2024-10-28,211.4297766119702,216.47573912939382,211.4297766119702,214.5025177001953,1216700,213.8938720703125
2024-10-29,213.71715950622712,217.32984142520635,213.52082151684996,215.8769073486328,1922200,214.4475524902344
2024-10-30,196.5471529627678,207.11029274246965,190.92197286166666,191.49136352539062,3020400,210.0122100830078
2024-10-31,191.02014825372328,191.02014825372328,184.67832777581836,184.78631591796875,2077300,203.9393798828125
2024-11-01,184.56054105438733,187.26022981981055,184.29547650857674,184.93359375,1502600,198.3181396484375
2024-11-04,185.30661984717452,188.92911348747845,184.88449391145258,187.60382080078125,1185500,192.9384002685547
2024-11-05,188.39900063040392,189.64575513210588,187.27985758610916,189.45924377441406,1205300,187.65486755371094
2024-11-06,198.11787413640883,200.50342496122312,193.10136122819839,199.07994079589844,1717000,189.1725830078125
2024-11-07,198.6480015103247,201.01389904203876,198.52037507405922,199.18792724609375,1342200,192.0529052734375
2024-11-08,198.41238812907366,198.67745265998377,194.2303304329402,196.21336364746094,936000,194.3088592529297
2024-11-11,195.62435112721852,195.90903897393233,193.55295306715882,194.19105529785156,1813800,195.62630615234374
2024-11-12,192.99335845728112,193.16024648906048,187.9670342731525,188.39898681640625,1424600,195.41425476074218
2024-11-13,187.47618110410056,187.90813364567273,182.30259222056986,182.60691833496094,2535000,192.1196502685547
2024-11-14,182.60692316434648,183.0585140096499,177.05048481157712,177.46279907226562,2341100,187.77462463378907
2024-11-15,178.38559126902325,178.8371671022795,172.72115020503432,174.38023376464844,2703500,183.40799865722656
2024-11-18,174.88090637627573,176.88357773645737,173.37889911123258,174.81219482421875,1356400,179.5322265625
2024-11-19,173.01565855517987,173.84028698830667,170.1981556058904,170.86572265625,1841200,176.02557373046875
2024-11-20,171.29770621168512,172.9469633768758,169.78587216396457,172.770263671875,1317600,174.05824279785156
2024-11-21,173.22183615363804,176.00006297127433,172.2106812492934,174.91036987304688,1503600,173.54775695800782
2024-11-22,174.82202317605947,176.70689492436387,174.02684454564047,175.68592834472656,1573600,173.80889587402345
2024-11-25,178.25221858820802,180.28161579253566,177.1094462683701,178.64627075195312,2267200,174.57571105957032
2024-11-26,178.05518920230344,179.03047355071925,174.7253928615777,175.1588592529297,1792800,175.43433837890626
2024-11-27,174.87315578133268,176.40999524320623,173.1491513191189,174.12445068359375,1655700,175.70517578125
2024-11-29,174.64657215185193,175.51350489845822,173.1984072374644,173.31661987304688,958000,175.38642578125
2024-12-02,173.17872647717857,178.41970792347655,172.9620082896699,177.93698120117188,1618200,175.83663635253907
2024-12-03,177.03063754669998,177.66113004476938,174.4200080700361,176.96168518066406,1264000,175.49971923828124
2024-12-04,177.82858381460682,178.0945772712395,175.0504817115413,175.6317138671875,826400,175.59429016113282
2024-12-05,176.14400092376738,176.9124131349307,174.5874693844011,175.65142822265625,1366100,175.89968566894532
2024-12-06,176.76463799018742,178.0847442960364,175.67114098939396,177.38528442382812,970600,176.71341857910156
2024-12-09,177.98621512968708,180.39981831957112,177.23751004770332,179.7496337890625,1721100,177.0759490966797
2024-12-10,179.17825342583566,179.4146787055814,174.24266526137825,176.3508758544922,1448500,176.95378723144532
2024-12-11,177.57246371104708,177.73009058751614,173.37574959191042,175.6021728515625,1413400,176.9478790283203
2024-12-12,174.8140732883754,176.84347069820979,173.53338107832488,175.40516662597656,954800,176.89862670898438
2024-12-13,174.56776733830932,174.89286713434146,172.88317706956474,173.4447021484375,1392700,176.11051025390626
2024-12-16,173.2772317423025,178.23251212872688,172.4004528974235,175.1490020751953,1197400,175.1903839111328
2024-12-17,175.3263198690628,176.64641103582653,172.06549115218175,174.03578186035156,1443200,174.72736511230468
2024-12-18,174.50866214282865,175.36573386290485,168.1446160044355,168.94259643554688,1310800,173.39544982910155
2024-12-19,168.95245114554515,171.97685500829462,168.65690449280098,170.7060089111328,1279300,172.45561828613282
2024-12-20,169.49428238993292,173.50381666617005,169.49428238993292,171.93743896484375,2590500,172.15416564941407
2024-12-23,171.21828259444845,173.11960610172548,170.96213515632186,172.95213317871094,854900,171.71479187011718
2024-12-24,172.89303194065945,173.7599647743463,171.64189297061182,173.72055053710938,341000,171.65174560546876
2024-12-26,171.70098928377254,174.7844992702561,171.70098928377254,174.48895263671875,944400,172.76101684570312
2024-12-27,173.9274230403363,175.0504881928811,172.17386543429484,173.1984100341797,639300,173.2594970703125
2024-12-30,171.9965494385633,171.9965494385633,168.49927990304525,170.7749786376953,776800,173.02700500488282
2024-12-31,171.966976465855,173.02108924607805,170.58777893597272,171.45469665527344,711700,172.7275177001953
2025-01-02,171.9374267953831,172.833912724059,165.92803379583978,167.5042724609375,996400,171.48426208496093
2025-01-03,168.7455613849519,172.02609761251526,167.5732508995624,171.6418914794922,947600,170.91484985351562
2025-01-06,172.3019213572175,177.87784782893326,172.3019213572175,176.626708984375,1518700,171.6005096435547
2025-01-07,176.91241316726058,181.04017480846636,176.91241316726058,178.29161071777344,1626100,173.1038360595703
2025-01-08,177.29662630739332,178.9418173908252,173.4249969056347,178.64627075195312,1473800,174.54215087890626
2025-01-10,176.804058341628,181.0106336989145,175.95683263787686,180.41954040527344,1784000,177.12520446777344
2025-01-13,179.44423812507793,179.56246580120103,176.3213288451163,178.23251342773438,1162900,178.44332885742188
2025-01-14,179.25708178493863,185.01032789693286,178.0157888344408,183.7887420654297,1947800,179.8757354736328
2025-01-15,186.39938916961123,188.34997307678188,183.83800482240028,184.67538452148438,2214200,181.152490234375
2025-01-16,184.31085895389577,186.05457061242913,182.27161568554885,185.00045776367188,952000,182.42332763671874
2025-01-17,187.5815506022027,187.5815506022027,184.30101441731887,185.92649841308594,963400,183.52471923828125
2025-01-21,187.0692742482256,189.67990375252262,186.291015934608,188.7440185546875,910300,185.62702026367188
2025-01-22,188.70460743037452,191.98514346932103,188.6947463556544,191.41375732421875,934800,187.1520233154297
2025-01-23,190.81282549196794,195.1671665971105,189.6503460389233,194.55638122558594,1319100,189.12822265625
2025-01-24,195.1178989104641,195.52181213919525,191.99498974203576,192.23143005371094,940600,190.5744171142578
2025-01-27,189.0395514214443,191.59107441615663,188.152926568588,191.15760803222656,1134900,191.62063903808593
2025-01-28,191.15762215305404,192.04426210353245,188.89179957679457,191.86692810058594,1378200,192.24522094726564
2025-01-29,192.3792019192035,192.9604341259229,190.93103690779986,192.62548828125,891000,192.48756713867186
2025-01-30,195.54152417344932,196.05378898010403,193.8273656929852,194.82235717773438,1153000,192.54076232910157
2025-01-31,194.7632576161292,197.90587408998957,194.7632576161292,196.18186950683594,1573700,193.33085021972656
2025-02-03,193.36436112553773,197.29509715504312,191.38422404535976,195.49227905273438,1764300,194.19778442382812
2025-02-04,193.0786627429722,197.6694291294869,192.84222242268913,196.37889099121094,2050300,195.1001770019531
2025-02-05,219.59877859413422,219.6086246371909,200.48694760753222,203.0680389404297,3808800,197.18868713378907
2025-02-06,201.76764138848506,201.9548214330023,195.22627606628168,196.89117431640625,1967800,197.60245056152343
2025-02-07,196.8025261501597,197.3049449573953,188.3105614850389,189.1676483154297,1470600,196.1996063232422
2025-02-10,191.1379227834421,191.1379227834421,186.76387461770736,188.7243194580078,1280400,194.84601440429688
2025-02-11,187.23674770207467,190.03455726023017,187.23674770207467,188.8917999267578,797100,193.34859619140624
2025-02-12,186.5963966227158,187.90664182823903,185.0595721807866,186.1333770751953,884200,189.96166381835937
2025-02-13,186.16294184678245,186.9510612341962,184.7837441929036,184.80343627929688,1120600,187.5441162109375
2025-02-14,185.22706140580812,188.96075624245344,184.4290959547129,186.5767059326172,1734000,187.025927734375
2025-02-18,187.45347978408026,189.77842370641062,185.2073493036067,189.60110473632812,1234900,187.20128479003907
2025-02-19,188.6455116118903,191.83737331666745,188.03471119815822,191.6107940673828,966300,187.74508361816407
2025-02-20,192.05409174258082,192.09350597636998,189.32523478952433,189.93603515625,915200,188.505615234375
2025-02-21,189.61093340740206,189.95574030491844,183.54243422956793,183.7296142578125,995200,188.2908508300781
2025-02-24,184.11381989327333,185.61124508333612,182.37010835764022,183.9167938232422,1291900,187.7588684082031
2025-02-25,183.10133880118607,185.038701405491,180.28423710786683,180.4720458984375,1304000,185.933056640625
2025-02-26,180.89707252774457,181.47037801076618,177.37817653361637,178.149169921875,769600,183.24073181152343
2025-02-27,178.0997493596404,179.48359490182594,176.49845767319826,176.93338012695312,1355800,180.64020080566405
2025-02-28,176.9333600205163,177.78343151553975,173.11792494973002,176.14259338378906,1682100,179.12279663085937
2025-03-03,177.52645672371852,177.52645672371852,169.65835127056292,170.5084228515625,1448200,176.44112243652344
2025-03-04,169.63858060050993,172.08995896878864,168.1262462069376,169.34205627441406,1361800,174.21512451171876
2025-03-05,169.38157146556827,171.54628933273437,166.94008753236096,170.5973663330078,1017000,172.70476379394532
2025-03-06,169.30251035220167,170.82473895143863,165.19053541006616,165.32891845703125,1556500,170.38387145996094
2025-03-07,165.3289012807531,166.83135640786807,163.07522613139034,166.42608642578125,2348900,168.44057006835936
2025-03-10,165.97141443899568,169.36180645554515,165.20042106256108,167.5529327392578,1755100,167.84947204589844
2025-03-11,167.55293325216385,168.68966508790902,163.05547690340143,164.1328887939453,1583400,166.8076385498047
2025-03-12,164.55792542310138,166.8214950111872,162.79847735790483,164.73585510253906,1546700,165.63533630371094
2025-03-13,164.7259613181826,166.080154444279,160.95995151653133,161.61233520507812,1087300,164.89201965332032
2025-03-14,163.5101697427321,165.39812178273746,162.83802780662077,165.07192993164062,821100,164.62118835449218
2025-03-17,163.86599309086196,170.69621760944517,163.86599309086196,168.66000366210938,1401500,164.8426025390625
2025-03-18,168.35359058087673,169.59903791657473,167.76051180238062,168.7884979248047,947700,165.7737243652344
2025-03-19,170.09327757819068,172.3469529682318,168.11636828288295,170.84449768066406,1192500,166.99545288085938
2025-03-20,169.42113579172036,170.0142146666296,165.69467229485264,166.14935302734375,1574200,167.9028564453125
2025-03-21,164.37010542823677,164.71607056419296,162.61065748291318,163.65843200683594,2060900,167.62015686035156
2025-03-24,167.2168665580984,168.72920092282564,165.67487976132713,168.3437042236328,1013400,167.55689697265626
2025-03-25,168.30416686631943,169.14434421626999,165.5364910043093,166.57437133789062,815400,167.11407165527345
2025-03-26,167.30581185015834,167.78028089406095,163.96484572440608,165.39810180664062,1009900,166.02479248046876
2025-03-27,162.47228980435602,162.7984816564204,159.32901118329804,161.9484100341797,1499600,165.18460388183593
2025-03-28,161.19717512363204,163.09500611211314,159.1016562351754,159.64529418945312,1317400,164.38197631835936
2025-03-31,159.56621907772683,159.82322692698935,156.92704710168192,158.40972900390625,1245100,162.39518127441406
2025-04-01,158.63708576574172,161.4245199225767,157.53000634651968,160.20872497558594,1285100,161.12205200195314
2025-04-02,158.46904086206064,163.52002913854983,158.32076362983327,162.5711212158203,860100,160.55665588378906
2025-04-03,155.4740146971588,156.35373867257374,148.65368410867185,149.820068359375,3559300,158.13098754882813
2025-04-04,147.9716635918839,147.9716635918839,140.1628775995055,142.8218231201172,4384200,154.76629333496095
2025-04-07,139.81690466541593,145.9848669982015,135.724703092664,145.50051879882812,3846200,152.1844512939453
2025-04-08,150.3044047154764,151.79698082083485,142.169427545284,144.34402465820312,2175500,149.01151123046876
2025-04-09,144.18587936864898,158.76558590102402,140.58790493616775,157.6387481689453,3086700,148.02503662109376
2025-04-10,152.6865830765675,153.28954098511394,142.51537680909303,145.00628662109375,2816800,147.0622802734375
2025-04-11,143.53349813844832,147.86291900119218,141.95196475602108,147.08204650878906,1815300,147.91432495117186
2025-04-14,150.0276296899936,151.4608857642595,147.46753603730807,149.98809814453125,1441400,148.8118408203125
2025-04-15,150.0078786710393,151.79699433347267,148.42636021296036,149.088623046875,908600,149.76076049804686
2025-04-16,147.17100841011916,149.4148046304352,145.61914249291613,147.05239868164062,778100,147.64349060058595
2025-04-17,148.20888756763756,150.97656350954762,147.58615633298717,149.72122192382812,1166900,148.58647766113282
2025-04-21,147.97165689238983,149.00953728302463,145.28305905951265,146.70643615722656,1476400,148.5113555908203
2025-04-22,148.17924590246295,150.828297226726,148.17924590246295,150.27476501464844,959000,148.56868896484374
2025-04-23,153.84307591381696,157.33231950356713,152.26154249431673,153.07208251953125,1106400,149.365380859375
2025-04-24,154.10005499634744,157.2235749269707,152.53831011365494,157.10496520996094,961000,151.37589416503906
2025-04-25,155.9188367851982,156.4921422732296,153.98145909865696,156.12640380859375,1042300,152.65693054199218
2025-04-28,157.14449935482608,157.95503932145488,154.1494832898215,156.75900268554688,1066200,154.66744384765624
2025-04-29,155.73102574263692,158.74581529876517,154.55476235167043,158.1132049560547,1004100,156.2351318359375
2025-04-30,156.47236634221025,159.08188588533508,154.60418774977566,158.70626831054688,877000,157.36196899414062
2025-05-01,159.0423273647409,161.6518467127734,157.1741489119747,160.52500915527344,1474500,158.0459777832031
2025-05-02,163.70784816967767,165.60567921661954,162.6502095767881,164.9038848876953,1768000,159.80147399902344
2025-05-05,162.9862779304006,165.74405962025935,162.9862779304006,163.8363494873047,879400,161.216943359375
2025-05-06,162.22517757720632,164.1230087566593,161.24661709494146,162.03736877441406,1391600,162.00177612304688
2025-05-07,161.57278616224337,175.2332200973788,160.5843316196893,173.49354553222656,2701800,164.9592315673828
2025-05-08,175.63848786589648,181.06509358324476,175.63848786589648,178.01077270507812,2410000,168.45638427734374
2025-05-09,178.89050996922836,179.5923193742661,176.77521772044093,176.8740692138672,1101300,170.8504211425781
2025-05-12,183.85255025896788,187.8656734051649,182.98270540979894,186.63999938964844,1652400,175.41115112304686
2025-05-13,186.6400045508842,189.48674353872497,186.57080548932316,188.478515625,1637400,180.69938049316406
2025-05-14,188.58726532811158,190.0798415760225,187.1540090315248,187.1737823486328,2171900,183.4354278564453
2025-05-15,186.67952938907666,187.8854451626599,184.97938633394688,186.25448608398438,1611000,185.08417053222655
2025-05-16,185.7405004139735,187.14410408246735,184.6729676768191,186.84756469726562,961700,187.07886962890626
2025-05-19,184.49505195384148,187.26272795382823,184.48517283721546,185.86900329589844,912600,186.92467041015624
2025-05-20,185.27593056046808,187.09468338425287,184.66309354177582,185.92831420898438,770700,186.4146301269531
2025-05-21,184.58402008731105,185.15732557346726,179.3155551836575,179.7208251953125,970900,184.92403869628907
2025-05-22,179.56267418908885,182.38965507329252,178.60387197811838,181.2628173828125,1162900,183.9257049560547
2025-05-23,177.0524616019684,181.753764982152,175.97136507684763,180.67266845703125,1359800,182.69072570800782
2025-05-27,183.82669587826496,184.42180293392167,181.29751359302554,184.20359802246094,993800,182.3576446533203
2025-05-28,184.02505145901227,185.17558364256752,181.67440745135923,181.843017578125,927600,181.54058532714845
2025-05-29,183.64816837189667,183.64816837189667,179.53204412789756,180.86111450195312,617300,181.76864318847657
2025-05-30,179.92878938674627,180.52388130094886,177.09214070653132,178.88735961914062,1046300,181.29355163574218
2025-06-02,175.42584117861645,175.99119435942472,169.76247214043607,173.33306884765625,2285100,179.82563171386718
2025-06-03,174.02736749693983,178.202984173546,173.2735632468387,177.88560485839844,819500,178.5620330810547
2025-06-04,178.1533968684048,178.94686789084167,175.28699433967975,175.35643005371094,1005700,177.26471557617188
2025-06-05,175.16797822615808,176.32842334859836,173.90834355101657,174.39434814453125,1130100,175.9713623046875
2025-06-06,176.25899665291607,177.47894941096462,175.197725985802,176.78466796875,615400,175.5508239746094
2025-06-09,178.0442960898988,178.5501416277428,175.78291349189377,175.9812774658203,1038600,176.0804656982422
2025-06-10,176.45737878149453,177.65749072638886,175.37628220060242,177.2706756591797,1369000,175.95747985839844
2025-06-11,178.01452719648455,178.53028559243867,173.82898262352583,174.3149871826172,785500,175.7491912841797
2025-06-12,174.25547787224147,174.77123626335145,172.4503310704564,173.32315063476562,971100,175.53495178222656
2025-06-13,171.04194251355435,172.25198242280757,168.57228305246952,169.0285186767578,1116000,173.9837219238281
2025-06-16,170.51626737247543,172.23213764453303,169.79223207708475,170.94276428222656,1477200,172.97601928710938
2025-06-17,170.06995367889434,172.28174155658002,169.01861096934513,169.40542602539062,1025700,171.40296936035156
2025-06-18,168.92933291928733,170.78405939958552,168.10610810944482,168.6119384765625,1240400,170.26235961914062
2025-06-20,170.4666766851382,170.96259418536536,167.89782766616977,169.2268829345703,2210500,169.44310607910157
2025-06-23,169.22689153945717,173.0057806618657,168.66155343023632,172.35118103027344,1268100,170.10763854980468
2025-06-24,174.28525696769648,178.97663253737252,173.00578127238364,178.37161254882812,1340700,171.593408203125
2025-06-25,179.12539295274448,179.5419618038476,175.1778790668721,176.3780059814453,1022400,172.98792419433593
2025-06-26,177.51862071381478,178.04429204316276,174.36459273772707,175.83250427246094,933600,174.43203735351562
2025-06-27,176.6259839528025,177.5979780445947,174.9101135885343,175.96145629882812,2773800,175.7789520263672
2025-06-30,176.54662641401617,177.92527643064523,175.46552991818348,177.13180541992188,937100,176.73507690429688
2025-07-01,177.121895797676,182.2000861456021,175.84242017482362,179.6808319091797,958400,176.99692077636718
2025-07-02,179.52213417419688,181.48596322758695,178.10381739513764,181.34710693359375,738200,177.99074096679686
2025-07-03,181.87276417269203,182.40836350386422,180.4346065676256,180.6428985595703,494500,178.95281982421875
2025-07-07,179.3832723526482,180.95037341325465,175.74323984766124,175.91184997558594,737500,178.94289855957032
2025-07-08,176.55654398231047,180.1370689595933,176.40777478508033,179.17498779296875,847600,179.35153503417968
2025-07-09,180.10730766025816,180.70241469293214,176.09037302521006,179.274169921875,791000,179.27020263671875
2025-07-10,179.3535206763328,181.40661120858724,178.13356789240768,178.2327423095703,962400,178.64732971191407
2025-07-11,176.60612689577246,177.16155204038859,175.51511754290507,175.9316864013672,775100,177.70508728027343
2025-07-14,175.97135663604163,177.8260831667054,174.42409652124186,176.2490692138672,1118300,177.77253112792968
2025-07-15,177.7467536236762,177.7467536236762,174.27533118979306,174.3348388671875,972600,176.80450134277345
2025-07-16,175.19772418956134,175.9812671375558,172.67847008672584,174.29515075683594,617800,175.80869750976564
2025-07-17,174.39434854132256,179.42294408333845,173.6901390376236,178.5203857421875,991400,175.86622619628906
2025-07-18,179.3733637392791,179.7899326183807,177.41944760103056,178.12364196777344,833900,176.30461730957032
2025-07-21,177.85586548354425,178.63940850101304,175.31675508488496,175.4258575439453,589600,176.13997497558594
2025-07-22,176.26891319734608,179.26425906332403,176.23915935879336,178.5997314453125,668300,176.99295349121093
2025-07-23,179.12541230412228,181.31735924321904,178.14349017702827,179.8891143798828,792500,178.11174621582032
2025-07-24,178.37160875253116,180.56357083512452,178.05422941166697,179.35353088378906,754800,178.27837524414062
2025-07-25,180.19656443256028,180.79167144957248,178.66914528572246,179.66098022460938,631800,178.58584289550782
2025-07-28,180.24616633265325,181.43636527953387,180.07755620248022,180.29576110839844,545600,179.55982360839843
2025-07-29,181.3371914423718,182.16041629293304,179.56179835073948,180.69248962402344,641800,179.97837524414064
2025-07-30,181.24793574123981,181.24793574123981,177.27066765284124,178.47079467773438,854800,179.69471130371093
2025-07-31,177.0227064331104,177.8062645576906,172.43052067772166,172.95619201660156,1408100,178.41524353027344
2025-08-01,171.38909461020756,171.6767201071727,166.10261213357475,167.48126220703125,1165100,175.97929992675782
2025-08-04,168.84007326810172,170.79398949197412,167.56061273580738,170.73448181152344,1316700,174.06704406738282
2025-08-05,170.92292999000188,171.96435978282946,163.6924442538516,163.8908233642578,2352100,170.7067108154297
2025-08-06,166.32082340999222,168.61195997404965,158.38614294062518,164.1586151123047,2705800,167.84427490234376
2025-08-07,165.54718700197625,165.82489959714474,159.1200851687022,160.55825805664062,1869800,165.36468811035155
2025-08-08,161.371547292183,162.31378749093028,160.72686061256664,161.58975219726562,1066600,164.18638610839844
2025-08-11,161.33187686468,163.65276701929096,158.47538736103556,158.8423614501953,1174800,161.8079620361328
2025-08-12,159.7052720578815,163.41472518187967,159.24902130991666,162.72044372558594,1212900,161.57388610839843
2025-08-13,163.04775185275207,166.3406512527056,162.2046860655758,166.11251831054688,1179900,161.96466674804688
2025-08-14,164.84297391529068,165.1306145403423,162.58159132682064,164.73387145996094,1183300,162.79978942871094
2025-08-15,164.47600309357122,165.9835965607306,162.10551800242388,162.4228973388672,1829600,162.96641845703124
2025-08-18,162.56175377680188,165.15044378520568,162.0955901065153,164.4859161376953,787000,164.09512939453126
2025-08-19,164.68426616241567,167.90772970535565,164.0594204438095,166.21170043945312,1037400,164.7933807373047
2025-08-20,166.22162069789434,166.87623541702817,164.7933759049481,165.54718017578125,947900,164.68031311035156
2025-08-21,164.33712741008685,164.55533229936404,161.55007375564588,162.83944702148438,710800,164.30142822265626
2025-08-22,164.29746079545825,168.45325184414375,162.93865169585308,165.63644409179688,1576500,164.9441375732422
2025-08-25,165.32283587274878,165.8903128611477,164.42683716491752,165.7210693359375,856500,165.19116821289063
2025-08-26,165.2631096511865,165.83058665675483,162.664695090595,162.94345092773438,1531200,164.5375183105469
2025-08-27,163.02309513780884,165.57172857626495,162.37598663811073,164.49652099609375,1343500,164.32738647460937
2025-08-28,165.56178133895546,165.63146270287297,163.17242605522043,165.13368225097656,1225200,164.7862335205078
2025-08-29,164.88479322060434,167.31396427404127,163.38150171375622,164.0286102294922,1109800,164.46466674804688
2025-09-02,161.34059289069023,163.1425556429643,159.47889891651474,161.54966735839844,849300,163.63038635253906
2025-09-03,160.9821905512484,162.9733123025095,160.43462903144092,162.644775390625,844300,163.57065124511718
2025-09-04,162.95339469960086,166.00977383950598,161.05188499722433,165.51199340820312,1198600,163.77374572753905
2025-09-05,166.21885448678628,169.97210814084391,164.90470680756496,168.97654724121094,1439000,164.54231872558594
2025-09-08,169.05619504388144,169.21548843471942,165.76089087507177,167.1049041748047,1194400,165.15757751464844
2025-09-09,167.2243667716223,168.7575238844078,166.3681837839215,168.20001220703125,1085000,166.487646484375
2025-09-10,167.18452798449266,170.2110415069034,166.3582258385407,170.01193237304688,1795900,167.96107788085936
2025-09-11,170.78848036883142,170.78848036883142,163.28194245890967,164.9943084716797,2039900,167.8575408935547
2025-09-12,164.317320167017,165.45225892033724,163.20228169299764,163.56068420410156,1120700,166.7743682861328
2025-09-15,163.7797169733602,166.30845014756216,162.027535271158,162.40585327148438,1289800,165.83455810546874
2025-09-16,163.1624677483925,165.8405288761221,161.8682356000297,165.4124298095703,1452600,165.27704162597655
2025-09-17,165.48213626191216,168.44890353073055,163.86933244313403,166.54737854003906,1244100,164.584130859375
2025-09-18,167.8217126054785,167.93120972393822,161.27091988877123,162.14700317382812,2143700,164.0146697998047
2025-09-19,161.78860040489835,162.59501751439421,160.2853088773745,160.50433349609375,2889600,163.4033996582031
2025-09-22,160.29524859061078,164.93456584379697,160.0264580959845,163.4312744140625,1598700,163.60848388671874
2025-09-23,164.12816684110496,165.00426527427558,162.5651289720213,163.8494110107422,1252000,163.29588012695314
2025-09-24,163.3118044496509,163.86933131788354,158.61277094583542,159.75765991210938,2370800,161.93793640136718
2025-09-25,158.03534037960912,158.36387729463945,155.96457191554293,156.273193359375,1682800,160.76317443847657
2025-09-26,156.970080302725,164.0286032140541,156.07408159755764,163.6403350830078,1497400,161.39037475585937
2025-09-29,165.32283920454915,166.258668873086,161.33064549859148,161.52975463867188,1005300,161.01007080078125
2025-09-30,161.28086384213015,161.28086384213015,157.27870481921934,158.57293701171875,1416600,159.95477600097655
2025-10-01,158.5729314271312,159.8472481034987,158.03533525065396,158.2842254638672,1148000,159.66008911132812
2025-10-02,158.52315179667437,159.84724956600988,157.88599345266098,158.71231079101562,1028900,160.14791259765624
2025-10-03,158.87160972867855,161.74878011268711,158.42361036334506,158.56298828125,1036200,159.1324432373047
2025-10-06,160.1061018525558,160.78307593320073,156.5021612757161,156.65150451660156,1155500,158.15679321289062
2025-10-07,156.89043026987986,157.95568766812653,153.8241010374703,154.56082153320312,877400,157.3543701171875
2025-10-08,154.47123742281468,156.4125781965726,153.35619885217727,156.22341918945312,1191600,156.94220886230468
2025-10-09,156.22341263360823,156.2632435760957,150.3097785316669,151.11618041992188,1150900,155.42298278808593
2025-10-10,151.1858814255949,151.76330858023755,144.2567707609375,144.39614868164062,1458700,152.58961486816406
2025-10-13,147.35295926925548,147.68149618010534,144.56540097911122,146.8551788330078,1350000,150.6303497314453
2025-10-14,145.18264983942095,150.39939449496876,145.18264983942095,149.6626739501953,1336700,149.65072021484374
2025-10-15,151.04649710203438,151.7035709250903,147.9303867035553,148.16932678222656,966900,148.03990173339844
2025-10-16,149.38391825549454,150.72791637540618,146.1582954238094,150.42926025390625,1546000,147.90251770019532
2025-10-17,149.9712916171414,152.72899953143468,149.56310800705486,151.77325439453125,1431500,149.37793884277343
2025-10-20,152.4402844214541,154.9690176853526,152.4402844214541,154.6902618408203,1058300,150.94495544433593
2025-10-21,153.1172670816485,156.67141154013598,153.1172670816485,155.83514404296875,1090800,152.17944946289063
2025-10-22,156.63158878480056,160.38485740520736,155.55638125464213,155.6658935546875,2284500,153.67876281738282
2025-10-23,155.62608923067364,158.66253786284742,154.16261347310245,157.7764892578125,1047500,155.14820861816406
2025-10-24,159.77757498956117,160.34503680562753,156.75106133369462,157.45791625976562,1141400,156.28514099121094
2025-10-27,158.2941880810867,160.1160664083427,155.6858233021458,158.52316284179688,1832700,157.05172119140624
2025-10-28,157.9556991743908,158.20458940432988,153.97345549536553,155.466796875,934100,156.9780517578125
2025-10-29,155.22784873638793,157.41807960807012,154.06304434359856,156.62164306640625,1643500,157.16920166015626
2025-10-30,156.62163876178946,158.4534670629553,155.87496813121123,156.10394287109375,1092400,156.8346923828125
2025-10-31,154.99887978119006,159.93685336463014,154.51104946879963,158.66253662109375,1143800,157.07561645507812
2025-11-03,158.7023710652294,160.28530929376828,153.17700488055638,154.1427001953125,2451700,156.19952392578125
2025-11-04,151.45468211610626,154.5906928237061,137.90509787972468,141.03115844726562,3577900,153.31239624023436
2025-11-05,141.5787154810593,146.02885851480158,140.4835924671745,145.67047119140625,2743400,151.12216186523438
2025-11-06,144.9934850362042,145.87953360614392,140.01568066776673,140.9315948486328,1671900,148.0876922607422
2025-11-07,140.5433255197209,143.43046114348138,138.7513129241201,141.81764221191406,1561000,144.71871337890624
2025-11-10,143.02228051147966,143.61960792837598,139.01017135666459,142.673828125,1574000,142.42493896484376
2025-11-11,142.89284982216262,143.37071478414862,140.35416657670964,142.0366668701172,1484100,142.62604064941405
2025-11-12,142.88290202167838,147.38282627024157,142.65391208128622,146.7357177734375,1916200,142.8390899658203
2025-11-13,145.37180134268982,149.68258169866795,145.37180134268982,146.0985565185547,1850600,143.8724822998047
2025-11-14,144.92380442049128,148.66710785604835,143.83863151738467,144.43597412109375,1832600,144.39614868164062
2025-11-17,144.10743622214855,144.346376300208,138.1838520719531,139.61746215820312,1415900,143.78487548828124
2025-11-18,139.4183363168442,141.13070221337355,138.07433826887097,139.18936157226562,1225200,143.21541442871094
2025-11-19,138.8707886298308,139.8165684004452,137.4670441835115,139.08981323242188,1054600,141.6862335205078
2025-11-20,141.03115165644223,141.51896674374908,135.31662698971897,136.03343200683594,1427300,139.67320861816407
2025-11-21,136.01352683355591,141.77783301667168,135.02793125369496,139.57763671875,2062900,138.7015411376953
2025-11-24,140.27451697083387,141.8375547890417,138.85087225432372,141.2899932861328,1731300,139.03604736328126
2025-11-25,143.8699951171875,144.97000122070312,142.3000030517578,143.22999572753906,1164000,139.84417419433595
2025-11-26,143.22999572753906,145.38999938964844,142.38999938964844,144.39999389648438,1143700,140.90621032714844
2025-11-28,144.22999572753906,145.0800018310547,142.47000122070312,144.22000122070312,541500,142.54352416992188
