Date,Open,High,Low,Close,Volume,Dividends,Stock Splits,MA5
2021-01-08 00:00:00-05:00,38.69166189799534,39.50063801632299,38.49159299924341,39.19618606567383,20936300,0.0,0.0,38.6847038269043
2021-01-11 00:00:00-05:00,39.274474518971246,39.970367068014056,39.16139094279009,39.45714569091797,25058200,0.0,0.0,38.92826614379883
2021-01-12 00:00:00-05:00,39.40495215289732,39.95296898211274,39.10919740741506,39.8311882019043,20145000,0.0,0.0,39.243157958984376
2021-01-13 00:00:00-05:00,39.39625530026906,39.98776479652481,39.30056945259866,39.45714569091797,19367300,0.0,0.0,39.41017150878906
2021-01-14 00:00:00-05:00,39.03091400423443,39.66591623366194,39.01351627377751,39.274478912353516,22333500,0.0,0.0,39.44322891235352
2021-01-15 00:00:00-05:00,39.109193791126586,39.709403749908084,39.039606202418014,39.51803207397461,30271700,0.0,0.0,39.507598114013675
2021-01-19 00:00:00-05:00,39.43104923158178,39.69200851259084,38.943922806961524,39.30926513671875,28868800,0.0,0.0,39.47802200317383
2021-01-20 00:00:00-05:00,39.43104965181662,39.57892536259606,39.26577289473686,39.43974685668945,16499400,0.0,0.0,39.39973373413086
2021-01-21 00:00:00-05:00,39.317961722793264,39.352757174984276,38.900426251331936,39.23967361450195,17488400,0.0,0.0,39.356239318847656
2021-01-22 00:00:00-05:00,38.92651478286773,39.048295527241855,38.47418393356637,38.943912506103516,14643400,0.0,0.0,39.29012603759766
2021-01-25 00:00:00-05:00,39.17878261433416,39.2918628547559,38.891725115701504,39.170082092285156,16581300,0.0,0.0,39.22053604125976
2021-01-26 00:00:00-05:00,39.048301883216126,39.44843962794137,38.94391884508715,39.37015151977539,13087800,0.0,0.0,39.232713317871095
2021-01-27 00:00:00-05:00,39.352761381781455,40.413996240837456,39.21358287641621,39.752899169921875,29634500,0.0,0.0,39.29534378051758
2021-01-28 00:00:00-05:00,39.93557049137407,40.24872295923327,39.40495140064347,39.43974685668945,21166000,0.0,0.0,39.335358428955075
2021-01-29 00:00:00-05:00,39.013513238362876,39.465844240216164,38.691663545645596,38.77865219116211,22608100,0.0,0.0,39.3023063659668
2021-02-01 00:00:00-05:00,39.07438939082938,39.69199693494462,38.84822563146454,39.49192810058594,16776900,0.0,0.0,39.366675567626956
2021-02-02 00:00:00-05:00,39.59631846552434,39.961660756500955,39.51803035770408,39.8659782409668,16520900,0.0,0.0,39.465840911865236
2021-02-03 00:00:00-05:00,39.79639545283423,40.153040612685906,39.613724270093094,39.81379318237305,13173600,0.0,0.0,39.47801971435547
2021-02-04 00:00:00-05:00,39.90077576504388,41.16208286442062,39.81379044161544,41.101192474365234,22285700,0.0,0.0,39.810308837890624
2021-02-05 00:00:00-05:00,41.37953607508181,42.049333466804896,41.318645704768464,41.82316970825195,25488600,0.0,0.0,40.419212341308594
2021-02-08 00:00:00-05:00,42.240726856962844,42.919221800399264,42.240726856962844,42.57127380371094,25215400,0.0,0.0,41.035081481933595
2021-02-09 00:00:00-05:00,42.42338283992037,42.47557601617942,42.11023041891977,42.18851852416992,24795000,0.0,0.0,41.49958953857422
2021-02-10 00:00:00-05:00,40.144344072518614,41.24037450541168,39.86598703183854,41.092498779296875,44540900,0.0,0.0,41.755330657958986
2021-02-11 00:00:00-05:00,41.18817243815606,41.67529881348891,41.05769446999193,41.38824462890625,18589900,0.0,0.0,41.812741088867185
2021-02-12 00:00:00-05:00,41.25776710349041,41.483930926557996,40.80543613907798,41.135986328125,15239800,0.0,0.0,41.6753044128418
2021-02-16 00:00:00-05:00,41.1098927577673,41.1098927577673,40.361810292743954,40.45749282836914,18539000,0.0,0.0,41.25254821777344
2021-02-17 00:00:00-05:00,40.29221362811891,40.36180453677032,39.900773062647595,40.2313232421875,13296300,0.0,0.0,40.86110916137695
2021-02-18 00:00:00-05:00,40.35310875274312,40.361809276484834,39.74420150364748,40.30961608886719,16867500,0.0,0.0,40.704532623291016
2021-02-19 00:00:00-05:00,40.48358991207331,40.54448030492865,39.6485188229623,39.735504150390625,25117700,0.0,0.0,40.37398452758789
2021-02-22 00:00:00-05:00,39.396251305026794,39.735498680889165,38.98741302217877,39.51803207397461,21435800,0.0,0.0,40.050393676757814
2021-02-23 00:00:00-05:00,39.37015696766892,39.82248795318898,39.23097845814562,39.587623596191406,19714900,0.0,0.0,39.87641983032226
2021-02-24 00:00:00-05:00,39.35276357014173,39.83988670686977,39.17878959919136,39.787696838378906,17823600,0.0,0.0,39.78769454956055
2021-02-25 00:00:00-05:00,39.657215312410294,40.22262988531882,39.35276335363031,39.5963249206543,21916700,0.0,0.0,39.64503631591797
2021-02-26 00:00:00-05:00,39.64850662843679,39.82247722978602,38.935213226143574,39.03089904785156,22144900,0.0,0.0,39.50411529541016
2021-03-01 00:00:00-05:00,39.33535587689053,40.205222193012645,39.33535587689053,39.94425964355469,17394100,0.0,0.0,39.58936080932617
2021-03-02 00:00:00-05:00,39.95297006591549,40.08345137297976,39.50933627651896,39.5963249206543,14833000,0.0,0.0,39.59110107421875
2021-03-03 00:00:00-05:00,39.51802787092017,39.60501317712359,39.14398508134738,39.2570686340332,16851100,0.0,0.0,39.48497543334961
2021-03-04 00:00:00-05:00,39.265774213434824,39.552831758038714,38.40460821617804,38.761253356933594,24653500,0.0,0.0,39.31796112060547
2021-03-05 00:00:00-05:00,39.535430747059145,40.65755926198452,39.378854520870625,40.2313232421875,33197600,0.0,0.0,39.55804595947266
2021-03-08 00:00:00-05:00,40.22262693696949,42.10153837495993,40.187831481865885,41.327354431152344,34824500,0.0,0.0,39.83466491699219
2021-03-09 00:00:00-05:00,41.59701518991661,42.07544109465216,41.51002986842917,41.65790557861328,26512700,0.0,0.0,40.24698104858398
2021-03-10 00:00:00-05:00,42.16242031452808,42.44077726303041,41.918855495881104,42.00584411621094,19841500,0.0,0.0,40.79673614501953
2021-03-11 00:00:00-05:00,42.197223690038506,42.693050662366154,41.9536621247584,42.449485778808594,21976600,0.0,0.0,41.53438262939453
2021-03-12 00:00:00-05:00,42.458175965850124,42.614752167776686,42.16242128646403,42.46687316894531,15196500,0.0,0.0,41.981492614746095
2021-03-15 00:00:00-04:00,42.53646832006549,43.006193654536695,42.53646832006549,42.980098724365234,15523600,0.0,0.0,42.312041473388675
2021-03-16 00:00:00-04:00,42.78872522487639,43.26715437941046,42.78872522487639,43.206260681152344,17282300,0.0,0.0,42.62171249389648
2021-03-17 00:00:00-04:00,43.15407680449452,43.15407680449452,42.527771874131965,42.988800048828125,18326900,0.0,0.0,42.81830368041992
2021-03-18 00:00:00-04:00,42.20592421352849,43.119283401606346,42.20592421352849,42.449485778808594,18416900,0.0,0.0,42.81830368041992
2021-03-19 00:00:00-04:00,42.37119188531379,42.81482561108468,42.03194451753429,42.606056213378906,65366800,0.0,0.0,42.84614028930664
2021-03-22 00:00:00-04:00,42.57126865597114,43.82387863796047,42.57126865597114,43.75428771972656,28813900,0.0,0.0,43.00097808837891
2021-03-23 00:00:00-04:00,43.510726128163235,44.08483793029379,43.406343069124304,43.50202560424805,28328200,0.0,0.0,43.06013107299805
2021-03-24 00:00:00-04:00,43.44113972947558,43.88477358353159,43.162782664227,43.188880920410156,26444700,0.0,0.0,43.10014724731445
2021-03-25 00:00:00-04:00,43.99784820478031,44.71113845378721,43.7455861288864,43.936954498291016,34537700,0.0,0.0,43.397640991210935
2021-03-26 00:00:00-04:00,44.01524008998308,45.78976840596009,43.980447954626804,45.728878021240234,31997000,0.0,0.0,44.0222053527832
2021-03-29 00:00:00-04:00,45.58100741811574,46.05073282158812,45.47662104554191,45.68539047241211,25032800,0.0,0.0,44.408425903320314
2021-03-30 00:00:00-04:00,45.32874040755274,45.485316631137984,44.51976435845472,45.03298568725586,22465100,0.0,0.0,44.71461791992188
2021-03-31 00:00:00-04:00,45.085183185202375,45.276551562582995,44.841618303925564,44.980796813964844,22212400,0.0,0.0,45.073001098632815
2021-04-01 00:00:00-04:00,45.0155874013714,45.293944391338,44.66763950477461,45.21565628051758,17896200,0.0,0.0,45.328741455078124
2021-04-05 00:00:00-04:00,45.23319053729687,46.36336066023422,45.23319053729687,45.91654968261719,19860900,0.37,0.0,45.366275787353516
2021-04-06 00:00:00-04:00,45.539813701557506,45.75007980047423,45.36459250947128,45.5836181640625,15126100,0.0,0.0,45.34592132568359
2021-04-07 00:00:00-04:00,45.566101559474376,45.67999585025974,45.189380459922845,45.355838775634766,15783600,0.0,0.0,45.410491943359375
2021-04-08 00:00:00-04:00,45.504770932443556,45.55733829515881,45.07548250083483,45.47848892211914,15111300,0.0,0.0,45.510030364990236
2021-04-09 00:00:00-04:00,45.408403281926375,45.68875587076162,45.276986543755775,45.63618850708008,13135800,0.0,0.0,45.594136810302736
2021-04-12 00:00:00-04:00,45.618661955207386,45.697511322614474,45.093001733870935,45.18061065673828,16441700,0.0,0.0,45.44694900512695
2021-04-13 00:00:00-04:00,45.24193799606748,45.45220409181657,44.97910788293077,45.25946044921875,13353200,0.0,0.0,45.382117462158206
2021-04-14 00:00:00-04:00,45.128047823073686,45.27698701736274,44.80389076547965,45.005393981933594,15376600,0.0,0.0,45.31202850341797
2021-04-15 00:00:00-04:00,45.34707092511777,45.504769666810994,45.0053914321379,45.241939544677734,17869800,0.0,0.0,45.26471862792969
2021-04-16 00:00:00-04:00,45.95158607251437,46.59114062561308,45.7851244249783,46.25822067260742,28327900,0.0,0.0,45.38912506103516
2021-04-19 00:00:00-04:00,46.021668462258546,46.398392847245006,45.98662689826409,46.30202102661133,20245600,0.0,0.0,45.613407135009766
2021-04-20 00:00:00-04:00,46.074229551590335,46.24945071598335,45.206886625981035,45.373348236083984,21257500,0.0,0.0,45.63618469238281
2021-04-21 00:00:00-04:00,45.41717188056426,45.61867513502899,45.10177431981351,45.49602127075195,14015500,0.0,0.0,45.734310150146484
2021-04-22 00:00:00-04:00,45.39087476511401,45.63618241206577,45.014150397543226,45.11928176879883,15564800,0.0,0.0,45.7097785949707
2021-04-23 00:00:00-04:00,45.11928696539766,45.6712325766753,44.838934381715845,45.47848892211914,14016800,0.0,0.0,45.55383224487305
2021-04-26 00:00:00-04:00,45.25070244258642,45.355833823026465,45.11928571048663,45.241939544677734,13778200,0.0,0.0,45.34181594848633
2021-04-27 00:00:00-04:00,45.18937808571025,45.26822411895758,44.987871527189796,45.005393981933594,13601000,0.0,0.0,45.26822509765625
2021-04-28 00:00:00-04:00,45.17184997663393,45.3558307153145,44.611141521217846,44.77760314941406,14984000,0.0,0.0,45.124541473388675
2021-04-29 00:00:00-04:00,44.838936089864035,45.206897616689076,44.663714882871204,45.08424377441406,13916600,0.0,0.0,45.11753387451172
2021-04-30 00:00:00-04:00,44.87397950349618,44.882739059623816,44.16433514276601,44.602386474609375,19930200,0.0,0.0,44.94231338500977
2021-05-03 00:00:00-04:00,44.86521076712023,45.03167239048206,44.51477175248702,44.83016586303711,13465900,0.0,0.0,44.85995864868164
2021-05-04 00:00:00-04:00,44.777600703446836,44.882732070940655,44.06795645321525,44.42715835571289,18164800,0.0,0.0,44.7443115234375
2021-05-05 00:00:00-04:00,44.6724816451633,44.90026689450896,44.4008885837305,44.795135498046875,16205300,0.0,0.0,44.74781799316406
2021-05-06 00:00:00-04:00,44.74256181476111,46.17936961789396,44.637430433135044,45.94282150268555,27106800,0.0,0.0,44.91953353881836
2021-05-07 00:00:00-04:00,45.97786720960931,47.02919107033945,45.75008198844988,46.81016540527344,24146000,0.0,0.0,45.36108932495117
2021-05-10 00:00:00-04:00,47.28326036661976,47.432196210649465,46.57361602783203,46.57361602783203,23845600,0.0,0.0,45.70977935791016
2021-05-11 00:00:00-04:00,46.52104103945489,46.52980393594135,45.65370144297937,46.28449630737305,20220900,0.0,0.0,46.08124694824219
2021-05-12 00:00:00-04:00,45.71504276058058,45.93406845286314,45.09301059659416,45.20690155029297,22123300,0.0,0.0,46.16360015869141
2021-05-13 00:00:00-04:00,45.653709543905734,46.26698206621313,45.45220633581706,45.986629486083984,15864000,0.0,0.0,46.17236175537109
2021-05-14 00:00:00-04:00,46.37210720176359,46.6261777376772,46.08299176253791,46.3458251953125,14789400,0.0,0.0,46.07949371337891
2021-05-17 00:00:00-04:00,46.22317588416745,46.56485873639193,46.1530894077059,46.38087463378906,15731000,0.0,0.0,46.04094543457031
2021-05-18 00:00:00-04:00,46.25822180230836,46.731318061491265,46.20565777933242,46.37211608886719,20177200,0.0,0.0,46.05846939086914
2021-05-19 00:00:00-04:00,45.4522078678693,46.1355668872097,45.4346854132623,45.96910858154297,29187900,0.0,0.0,46.21091079711914
2021-05-20 00:00:00-04:00,44.16433188790486,46.40715574479326,43.89273887903415,46.30202102661133,48830800,0.0,0.0,46.27398910522461
2021-05-21 00:00:00-04:00,46.231934157880815,46.37211043884841,45.76760085381306,45.934059143066406,24468400,0.0,0.0,46.19163589477539
2021-05-24 00:00:00-04:00,46.398399159949946,47.10804356493037,46.24946330202812,46.775123596191406,21128900,0.0,0.0,46.27048568725586
2021-05-25 00:00:00-04:00,46.75759254845256,46.941576625460186,46.55608936131661,46.70502853393555,20657200,0.0,0.0,46.33706817626953
2021-05-26 00:00:00-04:00,46.74007148849149,46.96786003173705,46.27573818874143,46.35458755493164,18671200,0.0,0.0,46.414163970947264
2021-05-27 00:00:00-04:00,46.37211662789027,46.74007816126529,46.06548201674443,46.36335372924805,56216100,0.0,0.0,46.42643051147461
2021-05-28 00:00:00-04:00,46.59113283436513,46.6261777376772,46.293257840344396,46.3458251953125,14863500,0.0,0.0,46.50878372192383
2021-06-01 00:00:00-04:00,46.39838844738822,46.7137858878932,45.93405518334804,46.10051345825195,15741700,0.0,0.0,46.373861694335936
2021-06-02 00:00:00-04:00,46.12680585577348,46.424680890433194,45.90778019329036,46.39839553833008,14529300,0.0,0.0,46.31253509521484
2021-06-03 00:00:00-04:00,46.25822415623075,46.924064112385274,46.100525395145034,46.72256088256836,17593100,0.0,0.0,46.386129760742186
2021-06-04 00:00:00-04:00,46.81892686339079,47.458481430317555,46.81892686339079,47.370872497558594,11676700,0.0,0.0,46.587633514404295
2021-06-07 00:00:00-04:00,47.58990243804182,47.6950338351911,47.125569037071216,47.23945999145508,14899800,0.0,0.0,46.766360473632815
2021-06-08 00:00:00-04:00,47.28325892727581,47.65122041925378,47.213169114289784,47.42343521118164,15329700,0.0,0.0,47.03094482421875
2021-06-09 00:00:00-04:00,47.46724462739337,47.67750740416401,47.25697850855616,47.32706832885742,14860900,0.0,0.0,47.216679382324216
2021-06-10 00:00:00-04:00,47.6862728241983,48.25574094702429,47.54609651825037,48.21193313598633,22183500,0.0,0.0,47.51455383300781
2021-06-11 00:00:00-04:00,48.352099966499345,48.49227624497729,47.78263529733662,47.98413848876953,17134000,0.0,0.0,47.63720703125
2021-06-14 00:00:00-04:00,47.651209174332834,47.77386297604783,46.897760572865934,47.458465576171875,15131400,0.0,0.0,47.68100814819336
2021-06-15 00:00:00-04:00,47.51105240219062,47.58990178448645,47.07300102100642,47.12556838989258,12542600,0.0,0.0,47.62143478393555
2021-06-16 00:00:00-04:00,47.178123796941186,47.23945071173678,46.54733219589137,46.84520721435547,15477900,0.0,0.0,47.525062561035156
2021-06-17 00:00:00-04:00,46.79264042584648,46.915294256933784,46.44219804382598,46.547332763671875,18288400,0.0,0.0,47.192142486572266
2021-06-18 00:00:00-04:00,46.26698120612999,46.29326321563278,45.452205490880246,45.6186637878418,35758300,0.0,0.0,46.71904754638672
2021-06-21 00:00:00-04:00,45.88149261718227,46.792640131042134,45.811406146459476,46.59113693237305,17682200,0.0,0.0,46.54558181762695
2021-06-22 00:00:00-04:00,46.696257819664616,46.74882516744767,46.2669695099988,46.66121292114258,16451200,0.0,0.0,46.452710723876955
2021-06-23 00:00:00-04:00,46.66999698184714,46.68751943905467,46.074246805059154,46.223182678222656,14749800,0.0,0.0,46.32830581665039
2021-06-24 00:00:00-04:00,46.38086458860478,46.47723639717535,46.091752504958826,46.24068832397461,13974300,0.0,0.0,46.26697692871094
2021-06-25 00:00:00-04:00,46.23194091434692,46.60866535114031,46.12680952377357,46.48601150512695,16682700,0.0,0.0,46.44044647216797
2021-06-28 00:00:00-04:00,46.57361673672986,46.68751101699967,46.363350630236845,46.39839553833008,14008700,0.0,0.0,46.40189819335937
2021-06-29 00:00:00-04:00,46.337065102215355,46.59989520882735,46.23193372798379,46.35458755493164,10926100,0.0,0.0,46.340573120117185
2021-06-30 00:00:00-04:00,46.38963669735086,46.49476808118458,46.10052121422508,46.433441162109375,15826400,0.0,0.0,46.382624816894534
2021-07-01 00:00:00-04:00,46.4772482416604,46.95910406524595,46.43344377443746,46.81892776489258,15074800,0.0,0.0,46.49827270507812
2021-07-02 00:00:00-04:00,46.92479048989833,47.30414139705992,46.61601806098404,47.23356628417969,15066000,0.37,0.0,46.64778366088867
2021-07-06 00:00:00-04:00,46.951264564713036,47.07477355064905,46.17491804049997,46.739532470703125,19394500,0.0,0.0,46.71601104736328
2021-07-07 00:00:00-04:00,46.81892672286312,47.02183480230871,46.46604105795168,46.98654556274414,14411600,0.0,0.0,46.842402648925784
2021-07-08 00:00:00-04:00,46.89832582919984,47.39236508700243,46.67777312997197,46.98654556274414,15691800,0.0,0.0,46.953023529052736
2021-07-09 00:00:00-04:00,47.07476644744589,47.57762630880354,47.01301196379614,47.41000747680664,14673400,0.0,0.0,47.07123947143555
2021-07-12 00:00:00-04:00,47.67467113306249,47.67467113306249,46.87185946167993,46.960079193115234,14000600,0.0,0.0,47.01654205322266
2021-07-13 00:00:00-04:00,47.05712673749226,47.2688588216414,46.933617757308305,47.03948211669922,9927400,0.0,0.0,47.076531982421876
2021-07-14 00:00:00-04:00,47.19828357665281,47.8158318853087,47.05712996599154,47.718788146972656,17113700,0.0,0.0,47.22298049926758
2021-07-15 00:00:00-04:00,47.49823102810137,47.52469627597593,46.968905878407035,47.33061218261719,14952400,0.0,0.0,47.29179382324219
2021-07-16 00:00:00-04:00,47.53351974332572,48.00109039923194,47.33061165934062,47.37472152709961,14144900,0.0,0.0,47.28473663330078
2021-07-19 00:00:00-04:00,47.348257826592196,47.37472644228749,46.518980784436216,46.81011199951172,19925300,0.0,0.0,47.25474319458008
2021-07-20 00:00:00-04:00,47.004190117582525,47.57762848092953,46.92479101135551,47.268856048583984,17250200,0.0,0.0,47.30061798095703
2021-07-21 00:00:00-04:00,47.4805896947894,47.55116818116395,47.12770399365157,47.53352355957031,14068600,0.0,0.0,47.26356506347656
2021-07-22 00:00:00-04:00,47.55998233624317,48.1245966889243,47.44529399417763,48.11577606201172,15729800,0.0,0.0,47.420597839355466
2021-07-23 00:00:00-04:00,48.42454317145913,48.82153864630806,48.08930217432374,48.72449493408203,13042500,0.0,0.0,47.69055252075195
2021-07-26 00:00:00-04:00,48.63628550908474,49.095035558760976,48.63628550908474,48.93623733520508,10097400,0.0,0.0,48.115777587890626
2021-07-27 00:00:00-04:00,48.85683500710849,48.883300254169775,48.336330500911366,48.768611907958984,14738700,0.0,0.0,48.41572875976563
2021-07-28 00:00:00-04:00,48.92741556132598,48.98034942670142,48.001094792144436,48.31869125366211,18835700,0.0,0.0,48.57276229858398
2021-07-29 00:00:00-04:00,48.52159283526839,48.830365261709645,48.4333731035329,48.58334732055664,10680200,0.0,0.0,48.66627655029297
2021-07-30 00:00:00-04:00,48.59216105856368,48.953867266935724,48.530403220941125,48.847999572753906,13438800,0.0,0.0,48.69097747802734
2021-08-02 00:00:00-04:00,49.05091632415676,49.35086811358984,48.75096453472368,48.91858673095703,12468800,0.0,0.0,48.68744735717773
2021-08-03 00:00:00-04:00,48.997994016509814,49.77433718263793,48.759796670527045,49.62436294555664,17357400,0.0,0.0,48.85859756469726
2021-08-04 00:00:00-04:00,49.730217433195165,49.730217433195165,48.93622980299273,49.130313873291016,11662400,0.0,0.0,49.020922088623045
2021-08-05 00:00:00-04:00,48.98035270647168,49.38616893875476,48.96270808349836,49.192081451416016,10785200,0.0,0.0,49.142668914794925
2021-08-06 00:00:00-04:00,48.9362308378006,49.35969158926979,48.65392367015448,49.04209518432617,18386100,0.0,0.0,49.181488037109375
2021-08-09 00:00:00-04:00,49.24500978913747,49.46556250347985,48.874482844418594,48.93623733520508,8707200,0.0,0.0,49.185018157958986
2021-08-10 00:00:00-04:00,48.96269824969811,49.11267246679847,48.74214555487964,49.05974197387695,10441900,0.0,0.0,49.07209396362305
2021-08-11 00:00:00-04:00,49.30675775628832,49.412622102863196,49.0509158338127,49.28029251098633,12604500,0.0,0.0,49.10208969116211
2021-08-12 00:00:00-04:00,49.271472933904256,49.8008014449425,49.10385408969411,49.747867584228516,11209700,0.0,0.0,49.21324691772461
2021-08-13 00:00:00-04:00,49.74786101201475,49.95076906989461,49.63317267830292,49.81843948364258,10841700,0.0,0.0,49.36851577758789
2021-08-16 00:00:00-04:00,49.668466305257915,49.783154649109235,49.342049258537905,49.650821685791016,14407400,0.0,0.0,49.51143264770508
2021-08-17 00:00:00-04:00,49.28911158309711,49.42144453616722,49.07738289662509,49.412620544433594,11987500,0.0,0.0,49.582008361816406
2021-08-18 00:00:00-04:00,49.21854122155128,49.527313654663295,48.54805913055501,48.653926849365234,17111700,0.0,0.0,49.45673522949219
2021-08-19 00:00:00-04:00,48.30986458386629,50.718303161832814,48.15989035499522,50.52421569824219,39881600,0.0,0.0,49.61200485229492
2021-08-20 00:00:00-04:00,50.506563038427934,51.46817284486595,50.1536774090433,51.362308502197266,21876500,0.0,0.0,49.92077865600586
2021-08-23 00:00:00-04:00,51.03589140638466,51.78577257581491,50.9388510491481,51.64461898803711,16225400,0.0,0.0,50.31953811645508
2021-08-24 00:00:00-04:00,51.60051138141864,52.42978832523983,51.54757752167243,52.33274459838867,17658300,0.0,0.0,50.90356292724609
2021-08-25 00:00:00-04:00,52.526829351214126,53.170842800859745,52.20040894761406,52.35920715332031,18069600,0.0,0.0,51.64461898803711
2021-08-26 00:00:00-04:00,52.42097086177647,52.60623771128015,52.041623265131456,52.22688674926758,13729400,0.0,0.0,51.98515319824219
2021-08-27 00:00:00-04:00,52.288645090779454,52.359220219056375,51.92693872426977,52.068092346191406,14795200,0.0,0.0,52.12630996704102
2021-08-30 00:00:00-04:00,52.0327900261884,52.24452208855732,51.87399182075345,52.165122985839844,11798600,0.0,0.0,52.230410766601565
2021-08-31 00:00:00-04:00,52.147491468857815,52.209245968113045,51.67992072724884,52.068092346191406,19873900,0.0,0.0,52.17748031616211
2021-09-01 00:00:00-04:00,52.06808307138222,52.173947427624036,51.75048663728955,52.08572769165039,11629700,0.0,0.0,52.12278442382812
2021-09-02 00:00:00-04:00,52.35921857483941,52.68563904964409,52.10337995683081,52.51801681518555,12855700,0.0,0.0,52.18101043701172
2021-09-03 00:00:00-04:00,52.34156754736801,52.63269535674941,52.29745431577552,52.420963287353516,9732200,0.0,0.0,52.25158462524414
2021-09-07 00:00:00-04:00,52.262165034737535,52.37685000637321,51.82988029703067,51.9445686340332,15503600,0.0,0.0,52.20747375488281
2021-09-08 00:00:00-04:00,51.65344290704722,51.98868396139865,51.600512411611405,51.768131256103516,13124500,0.0,0.0,52.147481536865236
2021-09-09 00:00:00-04:00,51.565214516154384,51.997495861371306,51.388771708459736,51.69754409790039,14958800,0.0,0.0,52.069844818115236
2021-09-10 00:00:00-04:00,51.82988019979024,52.0063230182246,51.0094239546323,51.0711784362793,13622100,0.0,0.0,51.780477142333986
2021-09-13 00:00:00-04:00,51.30937688000185,51.63579391389251,50.93002598979098,51.25644302368164,13553200,0.0,0.0,51.54757308959961
2021-09-14 00:00:00-04:00,51.37995202482868,51.58286007952066,50.86826820966628,51.053531646728516,12810300,0.0,0.0,51.36936569213867
2021-09-15 00:00:00-04:00,50.97413626238696,52.57975956459295,50.33894680829064,50.780052185058594,37524600,0.0,0.0,51.171749877929685
2021-09-16 00:00:00-04:00,51.44171076609419,51.89163677414813,50.4007017972527,50.577144622802734,24029600,0.0,0.0,50.947669982910156
2021-09-17 00:00:00-04:00,50.630077349139675,50.68301120875088,49.818445027304,50.153682708740234,40262700,0.0,0.0,50.76417083740235
2021-09-20 00:00:00-04:00,49.73904363415084,49.75668825321014,48.77743377030391,49.306758880615234,21897000,0.0,0.0,50.37423400878906
2021-09-21 00:00:00-04:00,49.36851718652107,49.73022349182106,48.724503685151184,48.75096893310547,18700600,0.0,0.0,49.91372146606445
2021-09-22 00:00:00-04:00,49.192071567392524,49.51849197876055,48.84800990196352,48.980342864990234,17940600,0.0,0.0,49.55377960205078
2021-09-23 00:00:00-04:00,49.139140685924545,50.19779428566619,49.050917589481976,50.01252746582031,16262500,0.0,0.0,49.4408561706543
2021-09-24 00:00:00-04:00,49.80080308419347,50.118399528197024,49.59789499282837,50.047821044921875,13156400,0.0,0.0,49.419683837890624
2021-09-27 00:00:00-04:00,49.80961763981297,49.994881087774495,49.447911370540375,49.5978889465332,13859500,0.0,0.0,49.477909851074216
2021-09-28 00:00:00-04:00,49.20971618682056,49.39498300813137,48.88329914081958,48.980342864990234,17803200,0.0,0.0,49.52378463745117
2021-09-29 00:00:00-04:00,49.068562069888934,49.38615848544922,48.82154413128294,48.94505310058594,14051700,0.0,0.0,49.516726684570315
2021-09-30 00:00:00-04:00,49.22736182857181,49.31558492754413,48.00108935847702,48.018733978271484,18538000,0.0,0.0,49.117967987060545
2021-10-01 00:00:00-04:00,48.1687125875296,48.883304610165865,47.6746766497373,48.64510726928711,18338000,0.0,0.0,48.837425231933594
2021-10-04 00:00:00-04:00,48.405291821529566,48.565162781162556,47.916798728473886,48.16548538208008,17084100,0.37,0.0,48.55094451904297
2021-10-05 00:00:00-04:00,48.07667373949734,48.87602521692158,48.07667373949734,48.57404708862305,14135000,0.0,0.0,48.46968536376953
2021-10-06 00:00:00-04:00,48.27206295968003,48.29871037728628,47.05527038283893,47.90791320800781,26339200,0.0,0.0,48.2622573852539
2021-10-07 00:00:00-04:00,48.396423772756876,49.21353920463312,48.272077026595255,48.86715316772461,14725500,0.0,0.0,48.431941223144534
2021-10-08 00:00:00-04:00,49.027012556371126,49.11582825163547,48.62733515147838,48.920433044433594,9255500,0.0,0.0,48.48700637817383
2021-10-11 00:00:00-04:00,49.07143437269307,49.186897519885775,48.760575962677216,48.7872200012207,8117600,0.0,0.0,48.61135330200195
2021-10-12 00:00:00-04:00,48.84050361400801,48.90267528601544,48.02338488632146,48.20989990234375,14241900,0.0,0.0,48.5385238647461
2021-10-13 00:00:00-04:00,48.24542086783668,48.62733445055123,48.03226184703414,48.511871337890625,13737100,0.0,0.0,48.659315490722655
2021-10-14 00:00:00-04:00,48.929320006209615,49.60432819236831,48.83162069508487,49.42669677734375,14455900,0.0,0.0,48.77122421264649
2021-10-15 00:00:00-04:00,49.63985118321017,49.63985118321017,48.81385230589015,49.0714225769043,15202200,0.0,0.0,48.801422119140625
2021-10-18 00:00:00-04:00,48.88490390262068,49.284581295180374,48.46746269393594,49.01812744140625,10989600,0.0,0.0,48.84760360717773
2021-10-19 00:00:00-04:00,49.1069487187121,49.542150374888074,48.876022486858126,49.50662612915039,13258400,0.0,0.0,49.10694885253906
2021-10-20 00:00:00-04:00,49.55991824445207,49.94183186920078,49.55991824445207,49.91518783569336,11613600,0.0,0.0,49.38761215209961
2021-10-21 00:00:00-04:00,49.773077140861496,49.84412902120097,49.32010827480337,49.462215423583984,12619900,0.0,0.0,49.39471588134766
2021-10-22 00:00:00-04:00,49.33787252034881,49.61320660579667,48.796087952136226,48.947078704833984,15026600,0.0,0.0,49.36984710693359
2021-10-25 00:00:00-04:00,48.94707651988052,49.22240720493615,48.680626049009895,48.97372055053711,10218900,0.0,0.0,49.360965728759766
2021-10-26 00:00:00-04:00,49.34675543462889,50.04840757223067,49.204648286596694,49.56879806518555,15250000,0.0,0.0,49.373400115966795
2021-10-27 00:00:00-04:00,49.85301493973949,50.37703571048059,49.67538014848623,49.897422790527344,16279000,0.0,0.0,49.36984710693359
2021-10-28 00:00:00-04:00,49.94183432235194,50.35039200067649,49.6398561713942,49.95071792602539,11209200,0.0,0.0,49.46754760742188
2021-10-29 00:00:00-04:00,50.02176915957574,50.252695418630964,49.613211486603625,49.71091079711914,13550400,0.0,0.0,49.620314025878905
2021-11-01 00:00:00-04:00,49.62208380588334,49.95958953720309,49.29346167670705,49.82636260986328,14341400,0.0,0.0,49.79084243774414
2021-11-02 00:00:00-04:00,50.06616709980542,51.398422769003766,49.98623162412946,51.1763801574707,22097900,0.0,0.0,50.11235885620117
2021-11-03 00:00:00-04:00,51.1408541598232,51.45171245006267,50.732293193663985,51.203025817871094,13219400,0.0,0.0,50.37347946166992
2021-11-04 00:00:00-04:00,51.15862509993903,51.238560589299325,50.2349302527891,50.732303619384766,18070400,0.0,0.0,50.5297966003418
2021-11-05 00:00:00-04:00,50.96321933263504,51.33624928043613,50.563541968490135,50.68788528442383,15637700,0.0,0.0,50.72519149780273
2021-11-08 00:00:00-05:00,50.714544319668725,51.087577765955835,50.261578765001076,50.625728607177734,15045300,0.0,0.0,50.885064697265626
2021-11-09 00:00:00-05:00,50.687887888188406,51.18526456557396,50.53690053625613,51.016510009765625,14459800,0.0,0.0,50.85309066772461
2021-11-10 00:00:00-05:00,51.425075392524874,52.073439477269034,51.23855700499711,51.30961227416992,17876300,0.0,0.0,50.87440795898438
2021-11-11 00:00:00-05:00,51.131982751935524,51.30961755504832,50.35039165110044,50.41256332397461,17440700,0.0,0.0,50.81045989990234
2021-11-12 00:00:00-05:00,50.59907776900714,50.75894874048124,50.012885336302716,50.465850830078125,16663600,0.0,0.0,50.7660530090332
2021-11-15 00:00:00-05:00,50.563549982374745,51.24744171650222,50.4747342820888,50.86552810668945,19041800,0.0,0.0,50.814012908935545
2021-11-16 00:00:00-05:00,50.838891060499265,51.58495456497124,50.56355693081359,50.625728607177734,21136900,0.0,0.0,50.73585662841797
2021-11-17 00:00:00-05:00,50.27933976271656,50.75006911107872,49.977361613855415,50.41256332397461,31496300,0.0,0.0,50.5564468383789
2021-11-18 00:00:00-05:00,46.833232584505325,47.89903791961274,45.36775321332166,47.63258743286133,70834000,0.0,0.0,50.00045166015625
2021-11-19 00:00:00-05:00,47.561528745193435,47.68587207086926,46.877637065874914,47.29507827758789,30030800,0.0,0.0,49.3662971496582
2021-11-22 00:00:00-05:00,47.383896932910375,49.32010898030658,47.339489083550255,48.494110107421875,39949300,0.0,0.0,48.89201354980469
2021-11-23 00:00:00-05:00,48.50299679093129,49.36452335326656,48.378653449584334,49.1158332824707,25653100,0.0,0.0,48.59003448486328
2021-11-24 00:00:00-05:00,48.9826087674021,49.51550975934715,48.9826087674021,49.32899475097656,19328700,0.0,0.0,48.373320770263675
2021-11-26 00:00:00-05:00,48.36977464233743,49.01813883515007,48.36977464233743,48.55628967285156,16730300,0.0,0.0,48.55806121826172
2021-11-29 00:00:00-05:00,48.973722578602576,49.90630095931981,48.69839188214514,49.52438735961914,25724500,0.0,0.0,49.00392303466797
2021-11-30 00:00:00-05:00,49.364523119332496,49.38228354963909,48.09443890198977,48.707275390625,45141300,0.0,0.0,49.046556091308595
2021-12-01 00:00:00-05:00,49.32011914428146,50.07506629139113,48.78721806593546,48.876033782958984,24120500,0.0,0.0,48.99859619140625
2021-12-02 00:00:00-05:00,48.98259909742892,50.279327073107744,48.92042744024577,49.87076950073242,22384700,0.0,0.0,49.10695114135742
2021-12-03 00:00:00-05:00,50.00399752947875,50.46584658734208,49.444449176361445,49.94182586669922,26235400,0.0,0.0,49.38405838012695
2021-12-06 00:00:00-05:00,50.359283237260996,50.77672119442761,50.15500436713635,50.590206146240234,23172800,0.0,0.0,49.59722213745117
2021-12-07 00:00:00-05:00,50.71453933367987,51.709292833911704,50.63460384505592,51.5849494934082,24254800,0.0,0.0,50.17275695800781
2021-12-08 00:00:00-05:00,51.58494804156731,51.62935589219701,50.297100044694986,50.64348602294922,23631300,0.0,0.0,50.52624740600586
2021-12-09 00:00:00-05:00,50.80335371370511,51.36290208217659,50.56354727007447,51.11421203613281,16480200,0.0,0.0,50.77493591308594
2021-12-10 00:00:00-05:00,51.4339549084779,52.70403902882534,51.4339549084779,52.62410354614258,19901500,0.0,0.0,51.31139144897461
2021-12-13 00:00:00-05:00,52.49088101722623,52.8550308270949,51.9935076504409,52.05567932128906,18496300,0.0,0.0,51.604486083984376
2021-12-14 00:00:00-05:00,51.81586920867018,51.98462039080302,50.95434270450931,51.30961227416992,19114200,0.0,0.0,51.54941864013672
2021-12-15 00:00:00-05:00,51.44283327491295,53.31687355529538,51.42507284660074,53.228057861328125,27953900,0.0,0.0,52.0663330078125
2021-12-16 00:00:00-05:00,53.33464837308542,53.96524873939136,53.17477738048642,53.565574645996094,24599300,0.0,0.0,52.55660552978516
2021-12-17 00:00:00-05:00,53.53004031640756,54.00076963128935,53.10371885211997,53.69879150390625,62171000,0.0,0.0,52.77154312133789
2021-12-20 00:00:00-05:00,52.99713407138998,53.65438175649497,52.668511922888335,53.6099739074707,21342100,0.0,0.0,53.082402038574216
2021-12-21 00:00:00-05:00,53.681034402793294,54.39157365361275,53.29024052532439,54.205055236816406,20761100,0.0,0.0,53.66149063110352
2021-12-22 00:00:00-05:00,54.151758445138675,54.7113034411228,53.84089672593468,54.649131774902344,17095500,0.0,0.0,53.94570541381836
2021-12-23 00:00:00-05:00,54.88006016023094,55.86593003191561,54.88006016023094,55.31526184082031,17771400,0.0,0.0,54.2956428527832
2021-12-27 00:00:00-05:00,55.43072329278092,56.372185285354504,55.31526017385639,56.32777404785156,14779700,0.0,0.0,54.82143936157227
2021-12-28 00:00:00-05:00,56.32777295986487,56.70080634145359,56.159021780159065,56.425472259521484,12865000,0.0,0.0,55.38453903198242
2021-12-29 00:00:00-05:00,56.53206519237552,57.10049388603353,56.44324609142754,56.807395935058594,15069900,0.0,0.0,55.90500717163086
2021-12-30 00:00:00-05:00,56.87843879232374,56.96725448577017,56.372181885855746,56.50540542602539,9076700,0.0,0.0,56.27626190185547
2021-12-31 00:00:00-05:00,56.44323047696527,56.68303690103134,56.238951683450026,56.28335952758789,10359100,0.0,0.0,56.46988143920898
2022-01-03 00:00:00-05:00,55.86592849850897,56.265602532295794,55.51065892614098,56.09685134887695,17184300,0.0,0.0,56.42369689941406
2022-01-04 00:00:00-05:00,55.784158092292444,56.11472010644799,54.59593225567012,54.72100830078125,29682500,0.37,0.0,56.082804107666014
2022-01-05 00:00:00-05:00,54.66739826835116,55.069430814204736,53.827599601064165,53.854400634765625,30317900,0.0,0.0,55.49220504760742
2022-01-06 00:00:00-05:00,53.604247814564125,54.613795435996984,53.52384130651963,54.426177978515625,19616600,0.0,0.0,55.076359558105466
2022-01-07 00:00:00-05:00,54.38151684530064,54.94436248846558,54.20283531006625,54.61380386352539,20152400,0.0,0.0,54.74244842529297
2022-01-10 00:00:00-05:00,54.38151282400588,55.301721469593865,54.06882271651799,55.230247497558594,24715300,0.0,0.0,54.5691276550293
2022-01-11 00:00:00-05:00,55.03369701366462,55.77522413091351,54.890752478878476,55.72161865234375,22804200,0.0,0.0,54.769249725341794
2022-01-12 00:00:00-05:00,55.748431285511266,56.12365946642369,55.319594210087004,55.49827575683594,13405400,0.0,0.0,55.09802474975586
2022-01-13 00:00:00-05:00,55.46253105183984,55.525069069450936,54.685266990559576,54.94435501098633,14871600,0.0,0.0,55.20166015625
2022-01-14 00:00:00-05:00,54.917557539520935,54.944358575073814,54.44405099366511,54.81928253173828,18831900,0.0,0.0,55.24275588989258
2022-01-18 00:00:00-05:00,53.5863843481837,53.80080285909874,53.14861819182931,53.363033294677734,26545800,0.0,0.0,54.8693130493164
2022-01-19 00:00:00-05:00,51.817448152825186,53.148622027335115,51.62089812097446,52.62151336669922,24333900,0.0,0.0,54.2492919921875
2022-01-20 00:00:00-05:00,52.7019214258512,53.01461156922223,51.83531815984151,51.88892364501953,17726500,0.0,0.0,53.52742156982422
2022-01-21 00:00:00-05:00,51.87998052801306,52.121200065897476,50.57561124143789,50.63814926147461,25914000,0.0,0.0,52.66618041992187
2022-01-24 00:00:00-05:00,50.173584680083124,50.92404441836059,49.021092330573644,50.8347053527832,34180100,0.0,0.0,51.86926498413086
2022-01-25 00:00:00-05:00,50.11104538511762,50.64708658115774,49.19977262539598,50.12891387939453,25156400,0.0,0.0,51.22244110107422
2022-01-26 00:00:00-05:00,50.12891448660572,50.43267207685902,49.01215914127256,49.43206024169922,28632700,0.0,0.0,50.58455047607422
2022-01-27 00:00:00-05:00,49.59287020209403,50.50414297884581,48.60119431169377,48.7977409362793,25967400,0.0,0.0,49.96631393432617
2022-01-28 00:00:00-05:00,48.690533528039985,49.726882362222376,47.75245971048928,49.682212829589844,30976600,0.0,0.0,49.77512664794922
2022-01-31 00:00:00-05:00,49.521394230362,49.90555830242673,49.021086660028125,49.735809326171875,29925300,0.0,0.0,49.55534744262695
2022-02-01 00:00:00-05:00,49.539270307273576,49.58393984173381,48.90495405696406,49.467796325683594,22438500,0.0,0.0,49.42312393188477
2022-02-02 00:00:00-05:00,49.34271168671281,50.3165223641235,49.28910620984075,50.18251037597656,23316700,0.0,0.0,49.57321395874023
2022-02-03 00:00:00-05:00,49.91449721299348,50.1646527341094,49.19084191222551,49.31591796875,19260500,0.0,0.0,49.676849365234375
2022-02-04 00:00:00-05:00,49.03896084029031,49.69114556179184,48.59225869613307,49.27124786376953,19675900,0.0,0.0,49.59465637207031
2022-02-07 00:00:00-05:00,49.43205239492539,49.61073049536211,48.869206835964064,49.28910446166992,14450200,0.0,0.0,49.50531539916992
2022-02-08 00:00:00-05:00,49.19084214844507,49.57500627136763,48.87814859756532,49.44099426269531,15219900,0.0,0.0,49.49995498657226
2022-02-09 00:00:00-05:00,49.86982895036134,50.37013659727413,49.56607134474768,50.289730072021484,19136700,0.0,0.0,49.52139892578125
2022-02-10 00:00:00-05:00,49.351649655281825,50.05743638526399,48.90494755394464,49.021087646484375,19730600,0.0,0.0,49.462432861328125
2022-02-11 00:00:00-05:00,49.02109124732546,49.217641276932696,48.038347915422925,48.15449142456055,20132500,0.0,0.0,49.23908157348633
2022-02-14 00:00:00-05:00,47.71672066585694,47.93113918455109,47.082404468822965,47.51123809814453,21868400,0.0,0.0,48.88350830078125
2022-02-15 00:00:00-05:00,47.993678533925895,48.511851238967544,47.92220455636603,48.485050201416016,17678000,0.0,0.0,48.69231948852539
2022-02-16 00:00:00-05:00,48.35996698763158,48.63692008949787,47.698846425368636,48.4671745300293,20388700,0.0,0.0,48.32780838012695
2022-02-17 00:00:00-05:00,49.58393000820601,50.97764170020542,49.49459095700335,49.82514953613281,32884700,0.0,0.0,48.48862075805664
2022-02-18 00:00:00-05:00,49.54819505760343,51.540485972156056,49.476724495321925,51.11165237426758,35626200,0.0,0.0,49.08005294799805
2022-02-22 00:00:00-05:00,50.861509786317534,51.04912388139515,49.79835983947728,50.29866409301758,25188300,0.0,0.0,49.63753814697266
2022-02-23 00:00:00-05:00,50.57561368256462,50.91510824205494,48.574386720597104,48.636924743652344,22033700,0.0,0.0,49.66791305541992
2022-02-24 00:00:00-05:00,48.30636471812183,48.98535381718807,47.53803656247313,48.89601135253906,27739300,0.0,0.0,49.75368041992188
2022-02-25 00:00:00-05:00,49.11936598643583,50.227188772458504,48.68159980594364,50.066375732421875,18963700,0.0,0.0,49.80192565917969
2022-02-28 00:00:00-05:00,49.50352349889708,50.030632080352014,48.91387689998701,49.82514953613281,23868700,0.0,0.0,49.54462509155273
2022-03-01 00:00:00-05:00,49.61073869670488,49.896627794344624,48.47611484941786,48.7977409362793,17799600,0.0,0.0,49.24444046020508
2022-03-02 00:00:00-05:00,48.93174742409483,50.37012870143503,48.87814194630706,50.16464614868164,18660000,0.0,0.0,49.549984741210935
2022-03-03 00:00:00-05:00,50.691756575981366,50.92404017195325,49.887691420565986,50.09317398071289,16794600,0.0,0.0,49.7894172668457
2022-03-04 00:00:00-05:00,49.73580746643757,50.83469757162257,49.360579358767666,50.48626708984375,16729000,0.0,0.0,49.87339553833008
2022-03-07 00:00:00-05:00,50.30759696918317,50.42373707347296,49.601806759728724,49.664344787597656,21350900,0.0,0.0,49.841234588623045
2022-03-08 00:00:00-05:00,49.762613409771106,49.90555794196739,48.30636364497573,48.60118865966797,23642400,0.0,0.0,49.80192413330078
2022-03-09 00:00:00-05:00,49.70900397695403,50.25398102761071,49.36057692045319,49.95915603637695,19150900,0.0,0.0,49.760826110839844
2022-03-10 00:00:00-05:00,48.601186394663785,49.28017203893616,48.21702234327734,48.87813949584961,18550900,0.0,0.0,49.517819213867185
2022-03-11 00:00:00-05:00,49.39632369869171,50.2182540044057,48.77987256133934,48.86027908325195,20330300,0.0,0.0,49.19262161254883
2022-03-14 00:00:00-04:00,48.896008691930355,49.49459124427473,48.24382407177981,48.511844635009766,17977500,0.0,0.0,48.96212158203125
2022-03-15 00:00:00-04:00,48.61905770503881,49.789418500788734,48.61905770503881,49.673274993896484,18829100,0.0,0.0,49.17653884887695
2022-03-16 00:00:00-04:00,49.968093161239125,50.03063117756578,48.77986403490012,49.86088562011719,21821800,0.0,0.0,49.156884765625
2022-03-17 00:00:00-04:00,49.574998678425324,50.29865387183282,49.44991923239051,50.18251037597656,18830500,0.0,0.0,49.41775894165039
2022-03-18 00:00:00-04:00,50.05743965995365,50.405866776499636,49.61967348052242,50.00383758544922,51807200,0.0,0.0,49.646470642089845
2022-03-21 00:00:00-04:00,50.08424895089229,50.52201517267713,49.601809785275954,50.030643463134766,29174600,0.0,0.0,49.95023040771484
2022-03-22 00:00:00-04:00,50.35225934870488,50.6738853938044,50.111039814880236,50.18251037597656,29287900,0.0,0.0,50.05207748413086
2022-03-23 00:00:00-04:00,49.941296574794244,50.11104214735714,48.64585979198642,48.67266082763672,19742100,0.0,0.0,49.814432525634764
2022-03-24 00:00:00-04:00,48.84240594766222,48.860274440619065,47.957937698731186,48.690528869628906,20551500,0.0,0.0,49.51603622436524
2022-03-25 00:00:00-04:00,48.788805602675595,49.29804574172609,48.60119153209207,49.11043167114258,18090600,0.0,0.0,49.337355041503905
2022-03-28 00:00:00-04:00,48.958544862994636,49.28017088996514,48.619050344740636,49.26230239868164,17164600,0.0,0.0,49.18368682861328
2022-03-29 00:00:00-04:00,49.735809326171875,50.30759086715337,49.17296714362108,49.735809326171875,20036500,0.0,0.0,49.094346618652345
2022-03-30 00:00:00-04:00,49.807292942415216,50.87044290118771,49.66434838150407,50.075313568115234,16125400,0.0,0.0,49.37487716674805
2022-03-31 00:00:00-04:00,50.06637867041607,50.816838431936525,49.78048956203371,49.81622314453125,27587700,0.0,0.0,49.600016021728514
2022-04-01 00:00:00-04:00,50.182517625573425,50.20038612044548,49.03896121829744,49.72688293457031,17465100,0.0,0.0,49.723306274414064
2022-04-04 00:00:00-04:00,49.54820174815969,50.1378484508854,49.128304043898645,49.91449737548828,19629200,0.0,0.0,49.85374526977539
2022-04-05 00:00:00-04:00,49.653632497689976,50.00444565168052,49.1768833371596,49.401763916015625,16063600,0.38,0.0,49.78693618774414
2022-04-06 00:00:00-04:00,49.19487506978257,49.25784135846919,48.43028246064194,48.90702819824219,19644100,0.0,0.0,49.553279113769534
2022-04-07 00:00:00-04:00,48.96100593078038,49.33880370269575,48.340336692031244,49.14091110229492,15739000,0.0,0.0,49.418216705322266
2022-04-08 00:00:00-04:00,49.32980645070684,49.39277274151062,48.583201243454155,48.826072692871094,18148200,0.0,0.0,49.23805465698242
2022-04-11 00:00:00-04:00,48.50223478263458,48.52922278165922,47.485777179700605,47.566734313964844,20992100,0.0,0.0,48.76850204467773
2022-04-12 00:00:00-04:00,46.50530519879854,47.62970811254412,46.30740918792959,46.61324691772461,25254200,0.0,0.0,48.21079864501953
2022-04-13 00:00:00-04:00,46.63123823946084,47.09899026799543,46.24444335877657,46.910091400146484,17004600,0.0,0.0,47.81141128540039
2022-04-14 00:00:00-04:00,46.84712157066423,47.1169775659707,45.98357758171632,46.0285530090332,18024800,0.0,0.0,47.18893966674805
2022-04-18 00:00:00-04:00,45.76770435931495,46.37937991509697,45.6957409144437,45.97459411621094,13990700,0.0,0.0,46.61864395141602
2022-04-19 00:00:00-04:00,45.8756368255243,46.72118654347319,45.803673395194075,46.62224197387695,15490900,0.0,0.0,46.429745483398435
2022-04-20 00:00:00-04:00,46.9730555761999,48.27736016530238,46.91008928974965,47.69267272949219,19526200,0.0,0.0,46.64563064575195
2022-04-21 00:00:00-04:00,47.98052516334766,48.42129265109612,47.43181594792013,47.47679138183594,17147300,0.0,0.0,46.75897064208984
2022-04-22 00:00:00-04:00,47.60272325294549,47.63870497209887,46.136504227203915,46.19947052001953,17693000,0.0,0.0,46.79315414428711
2022-04-25 00:00:00-04:00,46.28042735952056,46.75717312516012,45.46186212704602,46.72119140625,18677000,0.0,0.0,46.942473602294925
2022-04-26 00:00:00-04:00,46.66721404797759,46.72118318544106,45.758694678085945,45.785682678222656,19238300,0.0,0.0,46.77516174316406
2022-04-27 00:00:00-04:00,45.79468016969269,45.97458531602854,44.30147328849407,44.355445861816406,33668600,0.0,0.0,46.1077163696289
2022-04-28 00:00:00-04:00,44.553335816412634,45.677738625681314,44.265488971752255,45.54281234741211,20170700,0.0,0.0,45.72092056274414
2022-04-29 00:00:00-04:00,45.43486938588712,45.55180824445215,43.95965337840914,44.05860137939453,20281400,0.0,0.0,45.29274673461914
2022-05-02 00:00:00-04:00,44.38242580574631,44.895153188936376,44.01362183833933,44.85017776489258,22499200,0.0,0.0,44.91854400634766
2022-05-03 00:00:00-04:00,44.76922562930267,45.29994392766688,44.553338765813294,44.904151916503906,15828200,0.0,0.0,44.7422378540039
2022-05-04 00:00:00-04:00,45.00309944902433,46.4693217548454,44.679270872876835,46.397361755371094,23942300,0.0,0.0,45.150621032714845
2022-05-05 00:00:00-04:00,46.010566511381384,46.064535652688285,44.22051564425614,44.625301361083984,24846500,0.0,0.0,44.96711883544922
2022-05-06 00:00:00-04:00,44.21152548905731,44.832194683870995,43.94166603518523,44.37343978881836,21743900,0.0,0.0,45.030086517333984
2022-05-09 00:00:00-04:00,44.07659298285802,44.45439070420798,43.77974897487852,44.040611267089844,22421200,0.0,0.0,44.86817321777344
2022-05-10 00:00:00-04:00,44.71525063353473,45.19199976375699,44.21152036502003,44.571327209472656,21741100,0.0,0.0,44.80160827636719
2022-05-11 00:00:00-04:00,44.15755313253446,44.65228974809494,43.6987982351907,43.76176452636719,23872100,0.0,0.0,44.274488830566405
2022-05-12 00:00:00-04:00,43.743768768572515,43.878695049667066,42.700323076977725,43.437931060791016,25951000,0.0,0.0,44.03701477050781
2022-05-13 00:00:00-04:00,43.815726323090125,44.64328854624018,43.653812049678265,44.580322265625,18954500,0.0,0.0,44.07839126586914
2022-05-16 00:00:00-04:00,44.67028378832572,44.67028378832572,43.968657390162235,44.07659912109375,20254500,0.0,0.0,44.08558883666992
2022-05-17 00:00:00-04:00,44.688275797589654,45.62377997346201,44.53535519605001,45.51583480834961,18780600,0.0,0.0,44.27449035644531
2022-05-18 00:00:00-04:00,45.398892926930415,45.398892926930415,43.36597054698656,43.50090026855469,40672700,0.0,0.0,44.22231750488281
2022-05-19 00:00:00-04:00,38.733424530999194,39.51600783094099,36.89839854435909,37.5280647277832,97674600,0.0,0.0,43.04034423828125
2022-05-20 00:00:00-04:00,37.65400593242106,38.679460857287054,37.348168197688615,38.62548828125,46148700,0.0,0.0,41.84937744140625
2022-05-23 00:00:00-04:00,38.98529949904459,39.41706982317021,38.62548917990381,38.994293212890625,27366600,0.0,0.0,40.832916259765625
2022-05-24 00:00:00-04:00,39.0392708959551,39.63295550260301,38.22969941806912,39.372093200683594,30053900,0.0,0.0,39.60416793823242
2022-05-25 00:00:00-04:00,39.35410651293668,39.956784897031454,38.85037271426501,39.57898712158203,25504600,0.0,0.0,38.81978530883789
2022-05-26 00:00:00-04:00,39.62395224549479,40.95524469045783,39.62395224549479,40.469505310058594,28294700,0.0,0.0,39.40807342529297
2022-05-27 00:00:00-04:00,40.58644415351326,41.05419614904606,40.43352701358792,41.03620529174805,23882100,0.0,0.0,39.89021682739258
2022-05-31 00:00:00-04:00,40.72137163499597,41.027209329484265,40.24462595265434,40.523475646972656,64821200,0.0,0.0,40.19605331420898
2022-06-01 00:00:00-04:00,40.973237314480244,41.19811787430879,40.27161106586479,40.68539047241211,20666000,0.0,0.0,40.45871276855469
2022-06-02 00:00:00-04:00,40.64041593404848,41.19811877380645,40.38855079959102,41.189125061035156,20546800,0.0,0.0,40.780740356445314
2022-06-03 00:00:00-04:00,40.97324040528382,41.144151839745376,40.586445538688565,40.70338439941406,17947000,0.0,0.0,40.82751617431641
2022-06-06 00:00:00-04:00,41.018212834167805,41.45898024226009,40.595439714076676,40.77534484863281,12641900,0.0,0.0,40.77534408569336
2022-06-07 00:00:00-04:00,40.31658830121841,41.06319344043606,40.22663744581143,40.99123001098633,14667200,0.0,0.0,40.86889495849609
2022-06-08 00:00:00-04:00,40.88328906755513,41.04520335545873,40.37056163299547,40.40653991699219,16263800,0.0,0.0,40.81312484741211
2022-06-09 00:00:00-04:00,40.32558948927374,40.72137809671965,39.79487115378202,39.81285858154297,18417700,0.0,0.0,40.537871551513675
2022-06-10 00:00:00-04:00,39.39908138303723,39.56999283925494,38.94032645780204,39.12023162841797,20262400,0.0,0.0,40.22124099731445
2022-06-13 00:00:00-04:00,38.73343329907033,39.43505962809296,38.58051271653142,38.895347595214844,29050800,0.0,0.0,39.84524154663086
2022-06-14 00:00:00-04:00,39.24616416831838,39.3091304632427,38.292669167255355,38.598506927490234,22499100,0.0,0.0,39.36669692993164
2022-06-15 00:00:00-04:00,39.01228348289688,39.965778412238166,38.769412035855076,39.399078369140625,22525100,0.0,0.0,39.16520462036133
2022-06-16 00:00:00-04:00,38.50855315437521,39.04826519343277,38.50855315437521,38.967308044433594,27049000,0.0,0.0,38.99609451293945
2022-06-17 00:00:00-04:00,39.003285053529126,39.57897874073316,38.89534334502963,39.030269622802734,59678600,0.0,0.0,38.978102111816405
2022-06-21 00:00:00-04:00,39.40807351595562,39.83084666700782,39.30912551313321,39.70491409301758,23277900,0.0,0.0,39.14001541137695
2022-06-22 00:00:00-04:00,39.10224120702218,39.686928728828185,38.832381732367054,39.19219207763672,19942300,0.0,0.0,39.25875244140625
2022-06-23 00:00:00-04:00,39.04826352416715,39.093238953598394,38.427594362643255,38.616493225097656,33801700,0.0,0.0,39.10223541259766
2022-06-24 00:00:00-04:00,39.0752567757746,39.776886670103174,38.895355018086015,39.668941497802734,30543800,0.0,0.0,39.24256210327148
2022-06-27 00:00:00-04:00,39.83984522886156,39.83984522886156,39.246160622213644,39.372093200683594,22755300,0.0,0.0,39.310926818847655
2022-06-28 00:00:00-04:00,39.49802537780542,40.00175911797208,38.670466481180235,38.73343276977539,20091300,0.0,0.0,39.11663055419922
2022-06-29 00:00:00-04:00,38.80539223712303,38.91333395445512,38.40060650787102,38.57151794433594,13450800,0.0,0.0,38.992495727539065
2022-06-30 00:00:00-04:00,38.112757543100884,38.805390101388234,37.950843260311366,38.355628967285156,24947900,0.0,0.0,38.94032287597656
2022-07-01 00:00:00-04:00,38.247692550286246,38.40960685548856,37.393145590919715,38.31965255737305,24338500,0.0,0.0,38.670465087890626
2022-07-05 00:00:00-04:00,37.684316900076574,38.09274587813348,37.048983318909116,38.08366775512695,24442600,0.38,0.0,38.4127799987793
2022-07-06 00:00:00-04:00,38.228888830304705,38.96406103441641,38.12905024504747,38.74623107910156,17250400,0.0,0.0,38.415339660644534
2022-07-07 00:00:00-04:00,38.91867782557982,39.35433424058426,38.836992031373406,39.22726821899414,22316700,0.0,0.0,38.54648971557617
2022-07-08 00:00:00-04:00,39.054821888880845,39.58124226651665,38.97313608760252,39.38156509399414,11817000,0.0,0.0,38.75167694091797
2022-07-11 00:00:00-04:00,39.33618332616375,39.64477373424021,39.09112593190101,39.25449752807617,15245200,0.0,0.0,38.938645935058595
2022-07-12 00:00:00-04:00,39.55401435667022,39.78091897286327,38.719003568689196,38.90052795410156,17385300,0.0,0.0,39.10201797485352
2022-07-13 00:00:00-04:00,37.98382852908202,39.07297129792694,37.93844830169044,38.755306243896484,16854200,0.0,0.0,39.1038330078125
2022-07-14 00:00:00-04:00,37.9293797842032,38.546560671098156,37.530025408982944,38.41949462890625,17336200,0.0,0.0,38.94227828979492
2022-07-15 00:00:00-04:00,38.57378702457331,39.14558766049639,38.57378702457331,39.091129302978516,19897800,0.0,0.0,38.8841911315918
2022-07-18 00:00:00-04:00,39.29988061314282,39.31803339873566,38.4921006968555,38.664546966552734,16743800,0.0,0.0,38.76620101928711
2022-07-19 00:00:00-04:00,38.864219253089104,40.01689502594804,38.70992578840902,39.96243667602539,22861400,0.0,0.0,38.978582763671874
2022-07-20 00:00:00-04:00,40.00781573150117,40.225642181383044,39.62661425077439,40.05319595336914,15599200,0.0,0.0,39.23816070556641
2022-07-21 00:00:00-04:00,40.19842917574077,40.561474543341035,39.998751973071975,40.461639404296875,15364600,0.0,0.0,39.64658966064453
2022-07-22 00:00:00-04:00,40.64315215898754,40.77021818513217,40.16211549935727,40.35271453857422,14854600,0.0,0.0,39.89890670776367
2022-07-25 00:00:00-04:00,40.5342464205164,40.5342464205164,40.035056884415226,40.24380874633789,12954700,0.0,0.0,40.214759063720706
2022-07-26 00:00:00-04:00,40.27103331217903,40.42533026307409,39.708310791545735,39.780921936035156,19513000,0.0,0.0,40.17845611572265
2022-07-27 00:00:00-04:00,40.107653811963644,40.65222690167104,39.78091411288631,40.516082763671875,22349000,0.0,0.0,40.271033477783206
2022-07-28 00:00:00-04:00,40.73391620940786,41.63245651846616,40.57961927553257,41.40555191040039,17576200,0.0,0.0,40.459815979003906
2022-07-29 00:00:00-04:00,40.94267061846308,41.28756661394077,40.68853854931625,41.17864990234375,23701700,0.0,0.0,40.625003051757815
2022-08-01 00:00:00-04:00,40.897292068235544,41.23310995374488,40.62500374033563,41.09696578979492,14153400,0.0,0.0,40.79563446044922
2022-08-02 00:00:00-04:00,41.31479102663139,41.478162619739514,40.75206857386426,40.77021789550781,15005400,0.0,0.0,40.99349365234375
2022-08-03 00:00:00-04:00,40.75207108563699,41.58707842428721,40.65223249899626,41.487239837646484,14943800,0.0,0.0,41.18772506713867
2022-08-04 00:00:00-04:00,41.65968320487424,41.686910647150825,40.85189997368066,41.187721252441406,15249300,0.0,0.0,41.144158935546876
2022-08-05 00:00:00-04:00,40.76114536064432,40.90636417739348,40.42532749609122,40.851905822753906,19533900,0.0,0.0,41.078810119628905
2022-08-08 00:00:00-04:00,41.28756660013401,41.31479404687927,40.71576598245507,40.860984802246094,15465600,0.0,0.0,41.03161392211914
2022-08-09 00:00:00-04:00,40.97897317959337,41.00620062434822,40.58869698075613,40.77021789550781,12826200,0.0,0.0,41.03161392211914
2022-08-10 00:00:00-04:00,41.487241293818556,41.804909849942604,41.233109218751196,41.76860427856445,18935400,0.0,0.0,41.087886810302734
2022-08-11 00:00:00-04:00,41.850282248157214,42.1407198402294,41.54169187379436,41.65968322753906,15849000,0.0,0.0,41.18227920532227
2022-08-12 00:00:00-04:00,41.83213798778478,42.304100036621094,41.72322473414253,42.304100036621094,16967600,0.0,0.0,41.4727180480957
2022-08-15 00:00:00-04:00,42.10442150056784,42.31317333929748,41.77767828784673,42.285945892333984,15456100,0.0,0.0,41.75771026611328
2022-08-16 00:00:00-04:00,42.26779353850928,42.66714443464059,42.14980216331305,42.449317932128906,21153700,0.0,0.0,42.0935302734375
2022-08-17 00:00:00-04:00,42.07719102369814,42.74882672389282,41.95919965820303,42.3494758605957,27975600,0.0,0.0,42.20970458984375
2022-08-18 00:00:00-04:00,45.199400221570414,45.38092461247828,44.57314470834254,44.80912399291992,39999900,0.0,0.0,42.83959274291992
2022-08-19 00:00:00-04:00,44.482382630230575,44.8908116611733,44.05580427550366,44.20102310180664,23130400,0.0,0.0,43.21897735595703
2022-08-22 00:00:00-04:00,43.99226692941187,44.01949437470066,43.13002871827425,43.30247497558594,20534100,0.0,0.0,43.42228317260742
2022-08-23 00:00:00-04:00,43.19356110811184,43.60199009299103,43.01203673013335,43.030189514160156,13764600,0.0,0.0,43.53845748901367
2022-08-24 00:00:00-04:00,42.739752363083326,43.03018998611862,42.54007519888797,42.72159957885742,14946500,0.0,0.0,43.61288223266602
2022-08-25 00:00:00-04:00,42.884972977950206,43.04834458056367,42.512849541395035,42.90312576293945,23039300,0.0,0.0,43.23168258666992
2022-08-26 00:00:00-04:00,42.73067618085139,42.90312243142381,41.64153340209904,41.65060806274414,20309800,0.0,0.0,42.72159957885742
2022-08-29 00:00:00-04:00,41.49631796131732,41.75045002746482,41.28756612665476,41.487239837646484,13425700,0.0,0.0,42.35855255126953
2022-08-30 00:00:00-04:00,41.5235413568736,41.63245459427028,40.80652199757595,41.0606575012207,14279100,0.0,0.0,41.96464614868164
2022-08-31 00:00:00-04:00,41.550768804070046,41.596152493421,40.470704165931465,40.58869552612305,23006100,0.0,0.0,41.538065338134764
2022-09-01 00:00:00-04:00,40.4525545543405,41.15142118520946,40.29826107777589,41.106040954589844,16236400,0.0,0.0,41.17864837646484
2022-09-02 00:00:00-04:00,41.487238637162434,41.67783768125785,40.18934397296859,40.470706939697266,14720900,0.0,0.0,40.94266815185547
2022-09-06 00:00:00-04:00,40.53423977687996,40.652231144641654,39.91705895483515,40.361793518066406,14366100,0.0,0.0,40.71757888793945
2022-09-07 00:00:00-04:00,40.615927394669406,40.997125498262186,40.252878614046956,40.860984802246094,18297400,0.0,0.0,40.67764434814453
2022-09-08 00:00:00-04:00,40.62500206973977,41.2694138286746,40.49793603516635,41.17864990234375,14231500,0.0,0.0,40.79563522338867
2022-09-09 00:00:00-04:00,41.44185606300845,41.650607879823355,41.205876802088376,41.54169464111328,15499300,0.0,0.0,40.88276596069336
2022-09-12 00:00:00-04:00,41.85028849865193,42.413010984550326,41.723222465928714,42.11349868774414,17923000,0.0,0.0,41.211324310302736
2022-09-13 00:00:00-04:00,41.49632357031602,41.66876985818404,39.95337125524094,40.035057067871094,23028600,0.0,0.0,41.14597702026367
2022-09-14 00:00:00-04:00,39.97151784653025,40.180269677049665,39.53586140079977,39.89890670776367,27551500,0.0,0.0,40.95356140136719
2022-09-15 00:00:00-04:00,39.76276013253604,39.81721501626392,39.10927382948823,39.29079818725586,18148600,0.0,0.0,40.57599105834961
2022-09-16 00:00:00-04:00,39.127434710131986,39.5540165198369,38.83699706250434,39.29988098144531,32696100,0.0,0.0,40.127628326416016
2022-09-19 00:00:00-04:00,38.936835653055695,39.426947019496176,38.809766152714964,39.29988098144531,13667500,0.0,0.0,39.56490478515625
2022-09-20 00:00:00-04:00,39.036665545812305,39.04574366862118,38.35595175130138,38.646392822265625,16813900,0.0,0.0,39.28717193603516
2022-09-21 00:00:00-04:00,38.41042115671739,38.90961072391279,37.729707166280825,37.747859954833984,21415900,0.0,0.0,38.85696258544922
2022-09-22 00:00:00-04:00,37.52094555114911,37.71154458804332,37.33942117503055,37.3484992980957,16691000,0.0,0.0,38.468502807617185
2022-09-23 00:00:00-04:00,37.439261664684736,37.439261664684736,36.41365183024741,36.90376663208008,19067700,0.0,0.0,37.98927993774414
2022-09-26 00:00:00-04:00,36.90376918081528,37.38480589234224,36.64055897695378,36.83116149902344,22694800,0.0,0.0,37.49553604125977
2022-09-27 00:00:00-04:00,37.33942539435351,37.6298630440466,36.51349267885942,36.776702880859375,15027900,0.0,0.0,37.12159805297851
2022-09-28 00:00:00-04:00,37.07620817354925,37.72969449279379,36.84022892620496,37.52094268798828,23217700,0.0,0.0,37.07621459960937
2022-09-29 00:00:00-04:00,37.2577351272018,37.3031153553525,36.4408806336207,36.822078704833984,19496400,0.0,0.0,36.97093048095703
2022-09-30 00:00:00-04:00,36.90377286985495,37.24866891414058,36.268439144788864,36.304744720458984,27989900,0.0,0.0,36.85112609863281
2022-10-03 00:00:00-04:00,36.912840928673006,37.69339335448326,36.73132000737823,37.47556686401367,22203600,0.0,0.0,36.98000717163086
2022-10-04 00:00:00-04:00,38.070998561443275,38.51070167208169,37.91526841079755,38.30916976928711,22889400,0.38,0.0,37.28650054931641
2022-10-05 00:00:00-04:00,38.09848373271939,38.703076023125114,37.924435654759456,38.46490478515625,14289700,0.0,0.0,37.47529296875
2022-10-06 00:00:00-04:00,38.1534386862062,38.55649895057919,37.89694261392403,38.03435134887695,18198800,0.0,0.0,37.71774749755859
2022-10-07 00:00:00-04:00,37.78702517936987,37.78702517936987,36.71524941525464,36.88929748535156,19055400,0.0,0.0,37.83465805053711
2022-10-10 00:00:00-04:00,37.21906884390988,37.38395793015506,36.275536073851505,36.54119110107422,16628400,0.0,0.0,37.64778289794922
2022-10-11 00:00:00-04:00,36.46791974704283,36.742733806924726,35.97325234258519,36.25722885131836,19386400,0.0,0.0,37.23739471435547
2022-10-12 00:00:00-04:00,36.36714890915392,36.51371662110494,35.95492612727606,35.97324752807617,17279900,0.0,0.0,36.73906326293945
2022-10-13 00:00:00-04:00,35.753393090575365,37.37480031876342,35.35949172186274,37.20075225830078,26328300,0.0,0.0,36.57234344482422
2022-10-14 00:00:00-04:00,37.41143550500058,37.52136038952808,36.568668738425636,36.825164794921875,19571000,0.0,0.0,36.55951690673828
2022-10-17 00:00:00-04:00,37.594657284532076,38.043519403138866,37.51221272272367,37.832828521728516,27845200,0.0,0.0,36.81784439086914
2022-10-18 00:00:00-04:00,38.4007687180583,38.67558618724888,37.796176575847724,38.28168487548828,18223300,0.0,0.0,37.22273559570313
2022-10-19 00:00:00-04:00,38.13511968448018,38.693910116536635,37.98855198873172,38.364131927490234,19071700,0.0,0.0,37.70091247558594
2022-10-20 00:00:00-04:00,38.0710030829474,39.04201292384394,37.97939607332029,38.20840835571289,16830500,0.0,0.0,37.90244369506836
2022-10-21 00:00:00-04:00,38.33665045930479,39.362627887612895,38.30001115393286,39.2068977355957,25035000,0.0,0.0,38.378790283203124
2022-10-24 00:00:00-04:00,39.500030867354155,40.0588213018357,39.29850246885636,39.88477325439453,18785300,0.0,0.0,38.78917922973633
2022-10-25 00:00:00-04:00,39.70157000635304,40.672583356154114,39.573323685416135,40.63594055175781,19165200,0.0,0.0,39.260030364990236
2022-10-26 00:00:00-04:00,41.158081155949546,41.43289515242839,40.56264791820409,40.65425491333008,20051000,0.0,0.0,39.718054962158206
2022-10-27 00:00:00-04:00,41.0115104838832,41.30464585812792,40.63593056722907,40.69089126586914,18102500,0.0,0.0,40.214551544189455
2022-10-28 00:00:00-04:00,40.93822825187473,41.8725986443587,40.90158894792505,41.808475494384766,17978300,0.0,0.0,40.734867095947266
2022-10-31 00:00:00-04:00,41.50619064415916,41.80848506402205,41.277178343418946,41.61611557006836,17793700,0.0,0.0,41.08113555908203
2022-11-01 00:00:00-04:00,41.75351742189921,41.94588688394118,41.277171496045426,41.64358901977539,12088700,0.0,0.0,41.28266525268555
2022-11-02 00:00:00-04:00,41.652749801481455,42.330624115221056,40.80998289115019,40.828304290771484,15308800,0.0,0.0,41.317475128173825
2022-11-03 00:00:00-04:00,40.33363987690661,40.443568282517994,39.747369024778905,40.16875076293945,17895600,0.0,0.0,41.21304702758789
2022-11-04 00:00:00-04:00,40.76418744764109,41.29549763553072,40.15043619037226,40.782508850097656,19648700,0.0,0.0,41.00785369873047
2022-11-07 00:00:00-05:00,41.06647839633648,41.20388364983066,40.6817359987636,40.80998229980469,21383000,0.0,0.0,40.84662704467773
2022-11-08 00:00:00-05:00,40.93823037886148,41.54282260606335,40.47104690557131,40.86494827270508,17503100,0.0,0.0,40.69089889526367
2022-11-09 00:00:00-05:00,40.77333707663945,40.96571001121187,40.20538770817892,40.22370910644531,19311700,0.0,0.0,40.56997985839844
2022-11-10 00:00:00-05:00,41.86344028426926,41.964206234068115,40.901589526602336,41.82679748535156,27190100,0.0,0.0,40.90158920288086
2022-11-11 00:00:00-05:00,41.3870932912249,41.51533958960818,40.23286961687625,41.02983474731445,25961800,0.0,0.0,40.951054382324216
2022-11-14 00:00:00-05:00,41.066480045129815,41.62526702289383,40.92907129166914,40.98403549194336,21091300,0.0,0.0,40.98586502075195
2022-11-15 00:00:00-05:00,41.258846271727755,41.44205676383728,40.71837724195188,41.13059997558594,19318000,0.0,0.0,41.038995361328126
2022-11-16 00:00:00-05:00,41.16724024576748,41.20388304394029,40.58096945280081,40.663414001464844,24939600,0.0,0.0,41.12693634033203
2022-11-17 00:00:00-05:00,42.312305171494636,42.916897416290524,41.36877575015632,42.67872619628906,38887800,0.0,0.0,41.29732208251953
2022-11-18 00:00:00-05:00,42.97186422702298,44.00700071462451,42.926062469755664,43.77798843383789,30843200,0.0,0.0,41.84695281982422
2022-11-21 00:00:00-05:00,43.613094465313175,44.23600807938326,43.5672927131359,43.62225341796875,17049500,0.0,0.0,42.374596405029294
2022-11-22 00:00:00-05:00,43.9703513345566,44.35509023139817,43.750498040326,44.318450927734375,16367800,0.0,0.0,43.012166595458986
2022-11-23 00:00:00-05:00,44.33677745156557,44.87724655563558,44.26349184686795,44.49250411987305,12065600,0.0,0.0,43.777984619140625
2022-11-25 00:00:00-05:00,44.65738867034948,44.9322026709694,44.29096767322318,44.33677291870117,8492600,0.0,0.0,44.10959396362305
2022-11-28 00:00:00-05:00,44.23600576778339,44.400894862564876,43.897065131593926,44.043636322021484,14976600,0.0,0.0,44.162723541259766
2022-11-29 00:00:00-05:00,44.199368248033075,44.3459359615128,43.823788263838146,44.22684860229492,13779300,0.0,0.0,44.283642578125
2022-11-30 00:00:00-05:00,44.12607696665142,45.64672160322076,43.93370752266957,45.545955657958984,29919700,0.0,0.0,44.529143524169925
2022-12-01 00:00:00-05:00,45.69251884041983,46.223825370538535,45.51846731781009,45.77496337890625,18559500,0.0,0.0,44.78563537597656
2022-12-02 00:00:00-05:00,45.09709709806566,45.65588761219724,44.81312061702092,45.52764129638672,12325100,0.0,0.0,45.02380905151367
2022-12-05 00:00:00-05:00,45.39023004582119,45.472674600675354,45.042130425942545,45.18870162963867,13795900,0.0,0.0,45.25282211303711
2022-12-06 00:00:00-05:00,45.28946645159457,45.28946645159457,44.20852822913153,44.510826110839844,15443800,0.0,0.0,45.309617614746095
2022-12-07 00:00:00-05:00,44.33677819872011,44.47418346816872,44.025321362406586,44.13524627685547,15171700,0.0,0.0,45.02747573852539
2022-12-08 00:00:00-05:00,44.57494518795776,45.069612497586995,44.53830238847788,44.87724304199219,16015800,0.0,0.0,44.847931671142575
2022-12-09 00:00:00-05:00,44.97800589595921,45.04212904839023,44.37341367700262,44.3917350769043,14303200,0.0,0.0,44.620750427246094
2022-12-12 00:00:00-05:00,44.703195994254884,45.1795419521224,44.30929459629617,45.16122055053711,15425300,0.0,0.0,44.61525421142578
2022-12-13 00:00:00-05:00,46.10475528662071,46.452851446784436,45.09709912735944,45.472679138183594,22705900,0.0,0.0,44.80762481689453
2022-12-14 00:00:00-05:00,45.56428439651349,45.85741983297811,44.72151739584018,45.16122055053711,19050400,0.0,0.0,45.01281967163086
2022-12-15 00:00:00-05:00,44.84975884729575,44.93220339826117,43.73218142742521,44.10776138305664,19372500,0.0,0.0,44.85892333984375
2022-12-16 00:00:00-05:00,43.42988937283679,43.97035850254187,43.127594975245884,43.79631042480469,66125400,0.0,0.0,44.739838409423825
2022-12-19 00:00:00-05:00,43.658901829426604,43.93371587226468,43.18255585776387,43.42073059082031,17986300,0.0,0.0,44.39174041748047
2022-12-20 00:00:00-05:00,43.42988468245365,43.56729343571414,42.861935258246476,43.39324188232422,15086200,0.0,0.0,43.975852966308594
2022-12-21 00:00:00-05:00,43.68638157016138,43.933715253567605,43.43904788675515,43.65890121459961,15599400,0.0,0.0,43.67538909912109
2022-12-22 00:00:00-05:00,43.50316896084914,43.50316896084914,42.77032695832726,43.34743881225586,23118500,0.0,0.0,43.52332458496094
2022-12-23 00:00:00-05:00,43.28331625503742,43.50316955770024,43.0634629523746,43.4940071105957,9554400,0.0,0.0,43.46286392211914
2022-12-27 00:00:00-05:00,43.668052662478416,43.70469545989587,43.25583342210522,43.5398063659668,12066200,0.0,0.0,43.48667907714844
2022-12-28 00:00:00-05:00,43.686372828055255,43.75965842082155,43.03597891727668,43.11842346191406,9847400,0.0,0.0,43.431715393066405
2022-12-29 00:00:00-05:00,43.29247200048963,43.73217857324083,43.29247200048963,43.512325286865234,11396500,0.0,0.0,43.402400207519534
2022-12-30 00:00:00-05:00,43.301638244892445,43.668055761724254,43.00850283364709,43.64057540893555,13199800,0.0,0.0,43.46102752685547
2023-01-03 00:00:00-05:00,43.84210790806996,44.0161559688374,43.3382816315749,43.91539001464844,17718900,0.0,0.0,43.54530410766601
2023-01-04 00:00:00-05:00,44.580209083121794,44.764883400728614,43.5552699666551,43.906150817871094,18339800,0.38,0.0,43.61857299804687
2023-01-05 00:00:00-05:00,43.850757455523826,43.850757455523826,43.17669556849029,43.28750228881836,17372100,0.0,0.0,43.65238876342774
2023-01-06 00:00:00-05:00,43.82305216929204,44.86645917971424,43.656845618167445,44.617149353027344,20823000,0.0,0.0,43.87335357666016
2023-01-09 00:00:00-05:00,44.56175006044923,45.438950599771566,44.52481800756233,44.85723114013672,13938000,0.0,0.0,44.11668472290039
2023-01-10 00:00:00-05:00,45.060359683979655,45.43894043979114,44.86645324079147,45.06959533691406,12474400,0.0,0.0,44.34752578735352
2023-01-11 00:00:00-05:00,45.08806840972423,45.45741355592943,44.96802956408181,45.43894577026367,12530900,0.0,0.0,44.65408477783203
2023-01-12 00:00:00-05:00,45.438951197347,45.642093341562976,45.10653806040099,45.24504470825195,14241700,0.0,0.0,45.04559326171875
2023-01-13 00:00:00-05:00,44.83875407122724,45.26350253165467,44.709479584585786,45.13423156738281,12649300,0.0,0.0,45.149009704589844
2023-01-17 00:00:00-05:00,45.17116800584167,45.18963579144372,44.27550329954706,44.39554214477539,19290800,0.0,0.0,45.056671905517575
2023-01-18 00:00:00-05:00,44.49710759901111,44.570978737961205,43.29672977003033,43.305965423583984,19882200,0.0,0.0,44.70394592285156
2023-01-19 00:00:00-05:00,43.3521368651938,43.444472274479466,42.83504941503188,42.89968490600586,19118600,0.0,0.0,44.19609375
2023-01-20 00:00:00-05:00,42.53034101096974,43.24133495519228,42.17022445036078,43.19516372680664,21847200,0.0,0.0,43.78611755371094
2023-01-23 00:00:00-05:00,43.30596589291174,44.20163056698481,43.22286262187715,43.8599853515625,15180500,0.0,0.0,43.53126831054688
2023-01-24 00:00:00-05:00,43.850762656528104,44.34014673439254,43.45371400085186,44.146240234375,14872700,0.0,0.0,43.481407928466794
2023-01-25 00:00:00-05:00,44.30320358276367,44.39554251153673,43.61067746763057,44.30320358276367,14638700,0.0,0.0,43.68085556030273
2023-01-26 00:00:00-05:00,44.460181422570216,44.75565897264683,44.164703872493604,44.6356201171875,12952700,0.0,0.0,44.02804260253906
2023-01-27 00:00:00-05:00,44.41400648073642,44.995729399858654,44.29397115768147,44.79258728027344,13414800,0.0,0.0,44.34752731323242
2023-01-30 00:00:00-05:00,44.45093965247415,44.783352731171284,44.43247186783878,44.524810791015625,19261900,0.0,0.0,44.480492401123044
2023-01-31 00:00:00-05:00,44.432474906761215,44.95879447657229,44.36783941730161,44.94032669067383,16821600,0.0,0.0,44.63930969238281
2023-02-01 00:00:00-05:00,44.68178919075801,45.15270897222758,43.86922414200585,44.84799575805664,19639400,0.0,0.0,44.748268127441406
2023-02-02 00:00:00-05:00,44.81105423143169,45.762125800748876,44.65408334003529,45.5405158996582,17883800,0.0,0.0,44.929247283935545
2023-02-03 00:00:00-05:00,45.52205161045413,45.52205161045413,44.7925898862051,44.90339660644531,17980000,0.0,0.0,44.95140914916992
2023-02-06 00:00:00-05:00,44.38630950098033,44.58021597939725,43.87845769077737,43.924625396728516,13991600,0.0,0.0,44.8313720703125
2023-02-07 00:00:00-05:00,43.61991165726745,44.46017650785777,43.37060184150507,44.17393112182617,16675200,0.0,0.0,44.67809295654297
2023-02-08 00:00:00-05:00,43.74918271581289,43.896921474806824,43.18592759640794,43.361366271972656,18905500,0.0,0.0,44.380767059326175
2023-02-09 00:00:00-05:00,43.61067853384363,43.776885087328665,42.87198469744908,43.14899444580078,18598400,0.0,0.0,43.902462768554685
2023-02-10 00:00:00-05:00,43.12129799217256,43.69378532107745,43.06589462910292,43.63838195800781,17397300,0.0,0.0,43.64945983886719
2023-02-13 00:00:00-05:00,43.81381728911321,44.31243691120915,43.758413934757066,44.19239807128906,19422100,0.0,0.0,43.7030143737793
2023-02-14 00:00:00-05:00,44.11853009765769,44.32167222250257,43.564510603824424,44.04466247558594,19134400,0.0,0.0,43.67716064453125
2023-02-15 00:00:00-05:00,43.859989747164704,44.80182573915666,43.703018843017794,44.73719024658203,27071200,0.0,0.0,43.952325439453126
2023-02-16 00:00:00-05:00,46.15917429098506,47.775068515769995,45.98373209226312,47.082542419433594,48125300,0.0,0.0,44.739035034179686
2023-02-17 00:00:00-05:00,47.396493457881775,47.49806100550774,46.72243154288293,46.8794059753418,25321400,0.0,0.0,45.38723983764648
2023-02-21 00:00:00-05:00,46.82400386907195,46.87017157784421,45.81753231940686,45.88216781616211,25100500,0.0,0.0,45.72519378662109
2023-02-22 00:00:00-05:00,46.02989659528707,46.02989659528707,45.14346409894935,45.531280517578125,20301900,0.0,0.0,46.022517395019534
2023-02-23 00:00:00-05:00,45.74365895019366,45.87292992748398,44.82952293277364,45.43894577026367,14066200,0.0,0.0,46.16286849975586
2023-02-24 00:00:00-05:00,45.06960579300194,45.152709076843806,44.47864715103184,44.764892578125,17251600,0.0,0.0,45.69933853149414
2023-02-27 00:00:00-05:00,45.198873482166256,45.55898651170859,44.82952479822175,44.995731353759766,14776400,0.0,0.0,45.32260360717773
2023-02-28 00:00:00-05:00,45.06960063737545,45.180403829032755,44.67255205136934,44.7094841003418,16622400,0.0,0.0,45.08806686401367
2023-03-01 00:00:00-05:00,44.7279555306976,44.866462173333,44.34014256711089,44.6356201171875,13449300,0.0,0.0,44.90893478393555
2023-03-02 00:00:00-05:00,44.617147767770504,44.90339315617473,44.43247343726358,44.81105422973633,18281800,0.0,0.0,44.783356475830075
2023-03-03 00:00:00-05:00,45.23581549463647,45.577460786379916,45.07884104878422,45.50358963012695,15969900,0.0,0.0,44.931095886230466
2023-03-06 00:00:00-05:00,45.669790034802745,45.992971016159714,45.46665142731249,45.63285446166992,13878400,0.0,0.0,45.0585205078125
2023-03-07 00:00:00-05:00,45.771368306178815,45.94680702262636,44.90340333512211,45.16194534301758,17506600,0.0,0.0,45.14901275634766
2023-03-08 00:00:00-05:00,45.26351536284398,45.49435744230216,45.00497336100941,45.34661865234375,12055500,0.0,0.0,45.291212463378905
2023-03-09 00:00:00-05:00,45.52204370435315,45.88215667666535,44.97725641941764,45.06959533691406,12497700,0.0,0.0,45.34292068481445
2023-03-10 00:00:00-05:00,45.143470045695324,45.402012010592465,44.598682675111995,44.83876037597656,16338200,0.0,0.0,45.209954833984376
2023-03-13 00:00:00-04:00,44.81105955016815,45.13424054751913,44.43247871274638,44.70025634765625,20280800,0.0,0.0,45.02343521118164
2023-03-14 00:00:00-04:00,44.94955734993375,45.485108991997606,44.79258294842513,45.291202545166016,17679600,0.0,0.0,45.049286651611325
2023-03-15 00:00:00-04:00,44.66331923874595,45.34661326257078,44.66331923874595,45.300445556640625,17354900,0.0,0.0,45.040052032470705
2023-03-16 00:00:00-04:00,44.949560313686305,46.43618354882164,44.792585901827564,46.27920913696289,21425100,0.0,0.0,45.28197479248047
2023-03-17 00:00:00-04:00,46.40848467502574,46.67626230123843,45.928336305612184,46.343849182128906,47642700,0.0,0.0,45.58299255371094
2023-03-20 00:00:00-04:00,46.37155797524804,47.1287197128816,46.17764795180874,47.036380767822266,22699700,0.0,0.0,46.05021743774414
2023-03-21 00:00:00-04:00,47.28568325703222,47.39648997381211,46.47312180153324,46.78706359863281,23334000,0.0,0.0,46.3493896484375
2023-03-22 00:00:00-04:00,46.85170591434721,46.86093804687805,45.63285660042902,45.66979217529297,21399400,0.0,0.0,46.42325897216797
2023-03-23 00:00:00-04:00,45.76212700486393,46.399249763412826,45.62362037274157,45.919097900390625,17775400,0.0,0.0,46.351236724853514
2023-03-24 00:00:00-04:00,46.076065032451105,46.67625212454603,45.70671642010852,46.63931655883789,19438800,0.0,0.0,46.41033020019531
2023-03-27 00:00:00-04:00,46.81477293444463,47.045615006584526,46.61163078380297,46.66703414916992,15857200,0.0,0.0,46.33646087646484
2023-03-28 00:00:00-04:00,46.463890809397,46.72243279641837,46.41772310062467,46.528526306152344,11124300,0.0,0.0,46.28475341796875
2023-03-29 00:00:00-04:00,46.84246426024024,47.34108388993345,46.75936098862471,47.24874496459961,18463400,0.0,0.0,46.60054397583008
2023-03-30 00:00:00-04:00,47.627329564670205,47.71966496819596,47.211813204064605,47.48882293701172,11754600,0.0,0.0,46.9144889831543
2023-03-31 00:00:00-04:00,47.4980598266452,48.338324763436546,47.45189212025737,48.27368927001953,20588800,0.0,0.0,47.241363525390625
2023-04-03 00:00:00-04:00,48.070549552558916,48.53223365056608,48.005914060627525,48.3013916015625,16884600,0.0,0.0,47.56823501586914
2023-04-04 00:00:00-04:00,48.40371794615038,48.48744545149693,47.84553694305887,48.20835494995117,13599900,0.39,0.0,47.90420074462891
2023-04-05 00:00:00-04:00,48.44093095937735,48.645598983297425,48.07811295248504,48.20835494995117,13797900,0.0,0.0,48.09612274169922
2023-04-06 00:00:00-04:00,47.37108484391007,47.966482471240006,47.19432833586395,47.696693420410156,14749000,0.0,0.0,48.13769683837891
2023-04-10 00:00:00-04:00,47.547842037828715,47.817631072413995,47.333872525552664,47.75251007080078,10177700,0.0,0.0,48.033460998535155
2023-04-11 00:00:00-04:00,47.55714731583752,47.72460234731251,46.998966243473355,47.09199523925781,15957900,0.0,0.0,47.79158172607422
2023-04-12 00:00:00-04:00,47.27804963465365,47.398990149959005,46.56171511911912,46.61753463745117,16100700,0.0,0.0,47.47341766357422
2023-04-13 00:00:00-04:00,46.71056565711602,47.28735672522755,46.59893016440954,47.25944519042969,15451700,0.0,0.0,47.28363571166992
2023-04-14 00:00:00-04:00,46.99896780076358,47.30596633608752,46.7012707457948,47.017574310302734,12360100,0.0,0.0,47.14781188964844
2023-04-17 00:00:00-04:00,47.03617572790675,47.14781122422766,46.561718658093135,46.77568817138672,12042300,0.0,0.0,46.952447509765626
2023-04-18 00:00:00-04:00,46.86872131404285,47.15711331233043,46.580325766926784,46.8036003112793,15203600,0.0,0.0,46.89476852416992
2023-04-19 00:00:00-04:00,45.798871228955264,45.83608424533373,44.64529611185136,44.691810607910156,30466700,0.0,0.0,46.50962371826172
2023-04-20 00:00:00-04:00,44.291784601249624,44.32899762186876,43.12890432311906,43.33357238769531,39769400,0.0,0.0,45.724449157714844
2023-04-21 00:00:00-04:00,43.32425826481188,43.83592477003002,43.01725978121229,43.752197265625,20861000,0.0,0.0,45.071373748779294
2023-04-24 00:00:00-04:00,43.770808878639784,44.14293195248287,43.72429438161656,44.08711242675781,17359900,0.0,0.0,44.53365859985352
2023-04-25 00:00:00-04:00,44.06850556571976,44.12432509099837,43.547537525100545,43.808021545410156,20281600,0.0,0.0,43.93454284667969
2023-04-26 00:00:00-04:00,43.50102070195373,43.58474821780999,43.19402217636659,43.296356201171875,22390500,0.0,0.0,43.655451965332034
2023-04-27 00:00:00-04:00,43.51962113725773,43.53822764361001,42.76607714854551,43.31495666503906,22845400,0.0,0.0,43.651728820800784
2023-04-28 00:00:00-04:00,43.43589943178582,43.96617251271862,43.3614769452695,43.956871032714844,19665000,0.0,0.0,43.69266357421875
2023-05-01 00:00:00-04:00,43.91035019937058,44.20804720013962,43.84522920225412,44.040592193603516,13122300,0.0,0.0,43.68335952758789
2023-05-02 00:00:00-04:00,43.64056902551798,43.798722581812186,42.8498118905334,43.128902435302734,20175100,0.0,0.0,43.5475357055664
2023-05-03 00:00:00-04:00,43.18471778267698,43.305658318210185,42.66374971975625,42.756778717041016,20765700,0.0,0.0,43.43962020874024
2023-05-04 00:00:00-04:00,42.58002121387238,42.7288697353687,42.38465819481384,42.51490020751953,17748900,0.0,0.0,43.27960891723633
2023-05-05 00:00:00-04:00,42.905621218506084,43.12889574900446,42.71955970122882,43.02656173706055,14317400,0.0,0.0,43.09354705810547
2023-05-08 00:00:00-04:00,43.20332333727019,43.27774937251649,42.877718305139375,43.110294342041016,12000000,0.0,0.0,42.90748748779297
2023-05-09 00:00:00-04:00,42.77538112923017,43.27774618364034,42.71956160690845,43.231231689453125,15221900,0.0,0.0,42.92795333862305
2023-05-10 00:00:00-04:00,43.4452044404107,43.65917396868505,42.93353786855214,43.454505920410156,15625100,0.0,0.0,43.067498779296876
2023-05-11 00:00:00-04:00,43.56614527558225,43.5847482357102,42.980052664347724,43.13820266723633,12521900,0.0,0.0,43.192159271240236
2023-05-12 00:00:00-04:00,43.0544748526885,43.547538464548154,43.0544748526885,43.454505920410156,14097500,0.0,0.0,43.277748107910156
2023-05-15 00:00:00-04:00,43.53823125655611,43.96617029168573,43.3149602594574,43.81732177734375,13204400,0.0,0.0,43.4191535949707
2023-05-16 00:00:00-04:00,43.947564756841516,44.03129226305337,43.53822870477097,43.649864196777344,16496300,0.0,0.0,43.50288009643555
2023-05-17 00:00:00-04:00,43.86384487791056,44.43132746443639,43.733599307622306,44.31039047241211,29326000,0.0,0.0,43.67405700683594
2023-05-18 00:00:00-04:00,42.57071573059323,44.88717459228049,42.514899753645906,44.840660095214844,41475700,0.0,0.0,44.01454849243164
2023-05-19 00:00:00-04:00,45.05462748984829,45.90120407218603,45.02671950269458,45.705841064453125,28564100,0.0,0.0,44.46481552124023
2023-05-22 00:00:00-04:00,45.68723901608565,45.79887452442524,45.370935451766115,45.417449951171875,18667500,0.0,0.0,44.78484115600586
2023-05-23 00:00:00-04:00,45.222088188390714,45.910511316027545,45.21278315895218,45.50117874145508,17645900,0.0,0.0,45.155104064941405
2023-05-24 00:00:00-04:00,45.5383872614488,45.58490175755814,44.812747636594445,45.0360221862793,15452900,0.0,0.0,45.30023040771484
2023-05-25 00:00:00-04:00,44.44062663998041,45.79886975461319,44.39411214541899,45.61280822753906,21717000,0.0,0.0,45.45466003417969
2023-05-26 00:00:00-04:00,45.68723214196807,46.59892967869618,45.68723214196807,46.38496017456055,19825600,0.0,0.0,45.590483856201175
2023-05-30 00:00:00-04:00,46.50590362907031,46.97105568015638,46.27332760352727,46.67335510253906,19074800,0.0,0.0,45.84166488647461
2023-05-31 00:00:00-04:00,46.431480737864916,46.54311624400409,46.15239019810261,46.20820617675781,51990300,0.0,0.0,45.983070373535156
2023-06-01 00:00:00-04:00,46.291926016329406,46.59892804333362,45.826774010925334,46.27332305908203,17817000,0.0,0.0,46.2305305480957
2023-06-02 00:00:00-04:00,46.39426643612729,46.747783002755476,46.264024424429714,46.5338134765625,19155400,0.0,0.0,46.41473159790039
2023-06-05 00:00:00-04:00,46.71987631805982,47.05478638538808,46.552421284395685,46.7105712890625,13964100,0.0,0.0,46.479853820800784
2023-06-06 00:00:00-04:00,46.31984487647943,46.43148038176242,45.71514575427482,46.33845138549805,16029600,0.0,0.0,46.412873077392575
2023-06-07 00:00:00-04:00,46.236120567894,46.645453148214486,46.189606066534914,46.310543060302734,15950600,0.0,0.0,46.43334045410156
2023-06-08 00:00:00-04:00,46.44078123092134,46.515207265984685,46.11517619959092,46.21751022338867,13289100,0.0,0.0,46.42217788696289
2023-06-09 00:00:00-04:00,46.077961601711294,46.48729768286321,45.92911308551839,46.19890213012695,12173400,0.0,0.0,46.35519561767578
2023-06-12 00:00:00-04:00,46.44077846261502,46.98965801758842,46.20820244014881,46.96175003051758,15495000,0.0,0.0,46.4054313659668
2023-06-13 00:00:00-04:00,47.15711117677028,47.38968719005864,46.93384019135731,47.25944519042969,24035500,0.0,0.0,46.589630126953125
2023-06-14 00:00:00-04:00,47.25945377354408,47.65018339222235,47.10130375922288,47.408302307128906,16630700,0.0,0.0,46.80918197631836
2023-06-15 00:00:00-04:00,47.36178123277471,48.440933838703806,47.28735875072537,48.310691833496094,22496900,0.0,0.0,47.22781829833984
2023-06-16 00:00:00-04:00,48.561873751775416,48.75723675712215,48.31069122397457,48.44093322753906,37134400,0.0,0.0,47.67622451782226
2023-06-20 00:00:00-04:00,48.31999040038767,48.45023594657313,47.8827499162354,47.95717239379883,20138000,0.0,0.0,47.875308990478516
2023-06-21 00:00:00-04:00,47.79902133587388,47.81762784205331,47.278049809334405,47.30595779418945,16939600,0.0,0.0,47.88461151123047
2023-06-22 00:00:00-04:00,47.11990743485104,47.57575448891871,46.91523938267361,47.55714797973633,14993800,0.0,0.0,47.914380645751955
2023-06-23 00:00:00-04:00,47.110596574401015,47.185022601917936,46.59893005612131,46.82220458984375,16544600,0.0,0.0,47.61668319702149
2023-06-26 00:00:00-04:00,46.80360383489188,47.25945088855521,46.68266329972806,46.7105712890625,13032100,0.0,0.0,47.27061080932617
2023-06-27 00:00:00-04:00,46.80359912583698,47.48272067233354,46.74777960395553,47.31526565551758,12981000,0.0,0.0,47.14222946166992
2023-06-28 00:00:00-04:00,47.240845997146394,47.46412056595417,46.924542428152236,47.3245735168457,11387600,0.0,0.0,47.14595260620117
2023-06-29 00:00:00-04:00,47.3152641454459,47.696688660724966,47.278051132045924,47.640869140625,14246000,0.0,0.0,47.162696838378906
2023-06-30 00:00:00-04:00,48.26417602265266,48.61768901319809,47.92926599049099,48.133934020996094,18188300,0.0,0.0,47.425042724609376
2023-07-03 00:00:00-04:00,47.780415944325796,48.21765997767205,47.752507958819706,48.20835494995117,7338300,0.0,0.0,47.72459945678711
2023-07-05 00:00:00-04:00,47.77717707140041,48.339590896280015,47.7396818628778,48.283348083496094,14950500,0.39,0.0,47.918215942382815
2023-07-06 00:00:00-04:00,47.870910096545025,47.9833921430354,47.47722114595879,47.90840530395508,13931100,0.0,0.0,48.03498229980469
2023-07-07 00:00:00-04:00,47.805289523842156,48.41457405591236,47.56157785645769,47.79591751098633,15580400,0.0,0.0,48.065991973876955
2023-07-10 00:00:00-04:00,47.87090674056846,48.27397125262038,47.8240395224614,48.18023681640625,19046500,0.0,0.0,48.075252532958984
2023-07-11 00:00:00-04:00,48.33959027585847,48.883260065238844,48.31147065769736,48.85513687133789,14998300,0.0,0.0,48.20460891723633
2023-07-12 00:00:00-04:00,48.33021060768243,48.67703228778951,47.36472882008917,47.56157684326172,26332500,0.0,0.0,48.060254669189455
2023-07-13 00:00:00-04:00,47.514712041151526,48.38645593335449,47.47722041006237,48.302093505859375,17864800,0.0,0.0,48.13899230957031
2023-07-14 00:00:00-04:00,47.26162035073697,47.777170457201166,46.92417424796867,47.22412872314453,19566600,0.0,0.0,48.024634552001956
2023-07-17 00:00:00-04:00,47.055407881327966,47.7584269126952,46.9991650715523,47.627197265625,16140700,0.0,0.0,47.9140266418457
2023-07-18 00:00:00-04:00,47.786550521127396,48.15211987585451,47.66469287763835,48.03026580810547,16430800,0.0,0.0,47.74905242919922
2023-07-19 00:00:00-04:00,48.93949755970171,49.15508963465646,48.461446189278504,49.14571762084961,21745000,0.0,0.0,48.065880584716794
2023-07-20 00:00:00-04:00,48.79889481816747,49.558153070609,48.66766159759791,49.089473724365234,22784400,0.0,0.0,48.22335662841797
2023-07-21 00:00:00-04:00,49.44567678765821,49.68001648807365,49.2394567070558,49.333194732666016,51284800,0.0,0.0,48.64516983032227
2023-07-24 00:00:00-04:00,49.38942670351816,49.9705916495497,49.370679101155254,49.783119201660156,18390200,0.0,0.0,49.0763542175293
2023-07-25 00:00:00-04:00,49.85811087949741,50.392405083662986,49.78312403849972,50.242427825927734,16136600,0.0,0.0,49.51878662109375
2023-07-26 00:00:00-04:00,50.186184962545106,50.289294990238346,49.64251520770422,49.88623046875,13563700,0.0,0.0,49.66688919067383
2023-07-27 00:00:00-04:00,50.242421688439485,50.51425655229667,49.548778297050134,49.68000793457031,15795500,0.0,0.0,49.784996032714844
2023-07-28 00:00:00-04:00,48.7988953062765,49.136341435326,48.527060424558584,48.8270149230957,27491300,0.0,0.0,49.68376007080078
2023-07-31 00:00:00-04:00,48.5926788975852,48.91138102318712,48.49894445065403,48.7801513671875,14193500,0.0,0.0,49.48316650390625
2023-08-01 00:00:00-04:00,49.27694662539428,49.473791094426296,49.03323493646032,49.36130905151367,15286200,0.0,0.0,49.306942749023435
2023-08-02 00:00:00-04:00,49.09884728675999,49.78311867493841,49.042604480266334,49.286319732666016,17693700,0.0,0.0,49.18696060180664
2023-08-03 00:00:00-04:00,49.20195729283755,49.933095898290745,48.96761762947542,49.820613861083984,15186400,0.0,0.0,49.215081787109376
2023-08-04 00:00:00-04:00,49.567534433081455,49.97997101854621,49.24883229748685,49.333194732666016,12266700,0.0,0.0,49.31631774902344
2023-08-07 00:00:00-04:00,49.651885205357196,49.74561963320975,49.3800503585499,49.68937683105469,11327900,0.0,0.0,49.498162841796876
2023-08-08 00:00:00-04:00,49.361303150486215,49.801862831524,49.08009628895243,49.73624801635742,12224800,0.0,0.0,49.573150634765625
2023-08-09 00:00:00-04:00,49.58626899570179,50.10181548586537,49.361301369149786,49.670631408691406,18765500,0.0,0.0,49.6500129699707
2023-08-10 00:00:00-04:00,50.064327786566125,50.748599205232566,49.83936012630747,50.026832580566406,16329500,0.0,0.0,49.69125671386719
2023-08-11 00:00:00-04:00,50.008088270191806,50.570505669999235,49.8581110120578,50.420528411865234,14344500,0.0,0.0,49.90872344970703
2023-08-14 00:00:00-04:00,50.42990002555322,50.73923012935132,50.35491318495178,50.50489044189453,20707300,0.0,0.0,50.071826171875
2023-08-15 00:00:00-04:00,50.2611744461278,50.36428447925338,49.84873788936527,50.008087158203125,20173400,0.0,0.0,50.12619400024414
2023-08-16 00:00:00-04:00,49.858116829477346,50.167446971824894,49.558162278210794,49.64252471923828,26470200,0.0,0.0,50.12057266235352
2023-08-17 00:00:00-04:00,51.0298008900457,52.342104360169415,50.964186074113435,51.3016357421875,45278000,0.0,0.0,50.37553329467774
2023-08-18 00:00:00-04:00,51.207903407751466,51.98590921809846,51.19852781895508,51.592220306396484,28839800,0.0,0.0,50.60987167358398
2023-08-21 00:00:00-04:00,51.74220280699753,52.29524460282044,51.695335585468094,51.967166900634766,18283200,0.0,0.0,50.90232696533203
2023-08-22 00:00:00-04:00,52.004663742044066,52.323365864493006,51.81719127429647,51.98591613769531,15661300,0.0,0.0,51.29789276123047
2023-08-23 00:00:00-04:00,52.126517366428814,52.67955913701897,51.929672899542396,52.47333908081055,18250000,0.0,0.0,51.86405563354492
2023-08-24 00:00:00-04:00,52.792042979401685,52.94202023201261,51.75157422502726,51.77969741821289,17586400,0.0,0.0,51.95966796875
2023-08-25 00:00:00-04:00,51.789071933478255,52.370233368447664,51.789071933478255,52.21088409423828,15731800,0.0,0.0,52.08340072631836
2023-08-28 00:00:00-04:00,52.38897911991339,52.75454845439535,52.19213464376769,52.679561614990234,15189900,0.0,0.0,52.22587966918945
2023-08-29 00:00:00-04:00,52.820157888616215,53.24196999140404,52.59519381762233,53.017005920410156,17859100,0.0,0.0,52.432097625732425
2023-08-30 00:00:00-04:00,53.08262554643661,53.34508484494515,52.998263118238896,53.25135040283203,12145400,0.0,0.0,52.58769989013672
2023-08-31 00:00:00-04:00,53.52318669488031,53.926251269798115,53.32634220268513,53.75752639770508,22619700,0.0,0.0,52.98326568603515
2023-09-01 00:00:00-04:00,53.795015262106936,54.54490150753367,53.795015262106936,54.216827392578125,14080400,0.0,0.0,53.384454345703126
2023-09-05 00:00:00-04:00,54.19807888923071,54.19807888923071,53.64503712196347,53.67315673828125,13885000,0.0,0.0,53.58317337036133
2023-09-06 00:00:00-04:00,53.52317918901319,53.87000447508938,53.49505957285443,53.57942199707031,11380400,0.0,0.0,53.69565658569336
2023-09-07 00:00:00-04:00,53.401329843777674,53.51381189407033,53.11074734013677,53.23260498046875,14762000,0.0,0.0,53.691907501220705
2023-09-08 00:00:00-04:00,53.204471974201944,53.49505442425407,53.01700311686689,53.12010955810547,13992000,0.0,0.0,53.56442413330078
2023-09-11 00:00:00-04:00,53.16698268718232,53.40132234489982,52.90451983903593,53.27946472167969,15842300,0.0,0.0,53.37695159912109
2023-09-12 00:00:00-04:00,53.101373659245404,53.29821813501454,52.810791164724456,52.85765838623047,13916100,0.0,0.0,53.21385192871094
2023-09-13 00:00:00-04:00,52.792038508355496,52.98888296528504,52.56707443636157,52.75454330444336,13092200,0.0,0.0,53.048876190185545
2023-09-14 00:00:00-04:00,52.88578400538889,52.93265480795353,52.56708543268663,52.83891677856445,15760300,0.0,0.0,52.97013854980469
2023-09-15 00:00:00-04:00,52.78266642505886,52.85765325704398,52.06089984153752,52.529579162597656,44029200,0.0,0.0,52.85203247070312
2023-09-18 00:00:00-04:00,52.50146537321693,52.75455268099823,52.33274407710282,52.5952033996582,11825000,0.0,0.0,52.715180206298825
2023-09-19 00:00:00-04:00,52.660811779556184,52.68893139617398,51.98591237481188,52.34210968017578,10748500,0.0,0.0,52.61207046508789
2023-09-20 00:00:00-04:00,52.44521910553538,52.53895354367633,51.96716417409353,52.023406982421875,12219900,0.0,0.0,52.465843200683594
2023-09-21 00:00:00-04:00,50.06432545189406,50.71110163439937,49.53940331959588,49.99871063232422,37436100,0.0,0.0,51.89780197143555
2023-09-22 00:00:00-04:00,50.0549566131215,50.45802114503489,49.86748415571578,50.21430587768555,17869500,0.0,0.0,51.434747314453126
2023-09-25 00:00:00-04:00,50.111200057463876,50.317420135509906,49.829993135599295,50.129947662353516,14224400,0.0,0.0,50.94169616699219
2023-09-26 00:00:00-04:00,49.84873615716858,49.9612182004243,49.28632236515032,49.40817642211914,15618400,0.0,0.0,50.35490951538086
2023-09-27 00:00:00-04:00,49.57690255343085,50.02683431379686,49.23945283922139,49.86748504638672,15845500,0.0,0.0,49.92372512817383
2023-09-28 00:00:00-04:00,50.02683547706836,50.79546936586744,50.00808787298303,50.50489044189453,17204400,0.0,0.0,50.02496109008789
2023-09-29 00:00:00-04:00,50.76734756301818,50.80484276957536,50.14869095778352,50.39240264892578,13951200,0.0,0.0,50.06058044433594
2023-10-02 00:00:00-04:00,50.46739031214993,50.99231244812914,50.43927069663409,50.98293685913086,13934000,0.0,0.0,50.231178283691406
2023-10-03 00:00:00-04:00,50.85075863230051,50.879081333154616,50.369251108395495,50.65249252319336,15700600,0.39,0.0,50.48004150390625
2023-10-04 00:00:00-04:00,50.661934942994236,50.841318060641655,50.2465197013855,50.46366882324219,17009000,0.0,0.0,50.59927825927734
2023-10-05 00:00:00-04:00,50.41646450102941,50.482553209425376,49.642279401335635,50.10490036010742,14929400,0.0,0.0,50.51928024291992
2023-10-06 00:00:00-04:00,50.02937057952882,50.74690665168289,49.79333845556751,50.46366882324219,15665500,0.0,0.0,50.5335334777832
2023-10-09 00:00:00-04:00,50.36925668279773,50.94517567432995,50.27484526845933,50.90740966796875,10163600,0.0,0.0,50.518428039550784
2023-10-10 00:00:00-04:00,50.94517832195029,51.067916048220575,50.65250076135203,50.860206604003906,13105600,0.0,0.0,50.55997085571289
2023-10-11 00:00:00-04:00,50.91685285362994,51.10567928343852,50.36925656734152,50.66193771362305,12658000,0.0,0.0,50.59962463378906
2023-10-12 00:00:00-04:00,51.001823761190906,51.19065018801623,50.520316192708115,50.8413200378418,11846100,0.0,0.0,50.746908569335936
2023-10-13 00:00:00-04:00,50.86964374150364,51.096232560855064,50.45422490341877,50.76578903198242,14413800,0.0,0.0,50.807332611083986
2023-10-16 00:00:00-04:00,51.04902716269283,51.539974409647066,51.02070446049536,51.13399887084961,11736600,0.0,0.0,50.85265045166015
2023-10-17 00:00:00-04:00,50.7846714945367,50.96405460808195,50.199309247372476,50.92628860473633,17105900,0.0,0.0,50.86586685180664
2023-10-18 00:00:00-04:00,50.78467203385576,51.1623212666296,50.60528531684117,50.76578903198242,13087300,0.0,0.0,50.886637115478514
2023-10-19 00:00:00-04:00,50.7563461789132,50.916849895473185,50.22763652804355,50.3409309387207,16325600,0.0,0.0,50.7865592956543
2023-10-20 00:00:00-04:00,50.407019339453036,50.59584575714633,49.849983388118225,49.972721099853516,23888700,0.0,0.0,50.62794570922851
2023-10-23 00:00:00-04:00,49.8688669609235,49.89718966335419,49.24574229649739,49.28350830078125,17760000,0.0,0.0,50.25784759521484
2023-10-24 00:00:00-04:00,49.340159464480635,50.08602192910195,49.151336624151284,50.048255920410156,14824200,0.0,0.0,50.08224105834961
2023-10-25 00:00:00-04:00,50.14266233287755,50.388134144098224,49.40624329765131,49.47233200073242,14384700,0.0,0.0,49.82354965209961
2023-10-26 00:00:00-04:00,48.971949862834414,49.217425317661956,48.443240147633226,48.49988555908203,17594500,0.0,0.0,49.45534057617188
2023-10-27 00:00:00-04:00,48.75479247161952,49.236299996907825,48.52820366100731,48.679264068603516,13333900,0.0,0.0,49.196649169921876
2023-10-30 00:00:00-04:00,48.48099982457839,48.754797969711625,48.2355279851392,48.6887092590332,13322400,0.0,0.0,49.07768936157227
2023-10-31 00:00:00-04:00,48.858652626707695,49.25518489028938,48.792563916110744,49.21742248535156,13509300,0.0,0.0,48.911522674560544
2023-11-01 00:00:00-04:00,49.132457413262266,49.35904627977806,48.90586494518137,49.27407455444336,14300700,0.0,0.0,48.87187118530274
2023-11-02 00:00:00-04:00,49.396804593761686,49.84998585773804,49.264627175297484,49.80278015136719,17459700,0.0,0.0,49.132450103759766
2023-11-03 00:00:00-04:00,50.284288072386666,50.4636748128903,49.689489642532536,50.048255920410156,17644900,0.0,0.0,49.40624847412109
2023-11-06 00:00:00-05:00,50.01048978235505,50.32205032690701,49.92551806992005,50.3126106262207,15429600,0.0,0.0,49.7310287475586
2023-11-07 00:00:00-05:00,50.35981856648677,50.45422998379569,50.01049200056612,50.16155242919922,15153100,0.0,0.0,49.919854736328126
2023-11-08 00:00:00-05:00,50.40702027042247,50.51087498215009,49.82166160617017,50.03881072998047,13633800,0.0,0.0,50.072801971435545
2023-11-09 00:00:00-05:00,49.20797519489357,49.632833729701815,48.85864866696871,49.09468078613281,21039400,0.0,0.0,49.931182098388675
2023-11-10 00:00:00-05:00,49.33071430441836,49.689484144161256,49.02859347144468,49.65171813964844,17369000,0.0,0.0,49.85187454223633
2023-11-13 00:00:00-05:00,49.54786072626933,49.69892113451913,49.17965120625821,49.31182861328125,14931600,0.0,0.0,49.65171813964844
2023-11-14 00:00:00-05:00,49.538419473637624,50.38813289282158,49.538419473637624,50.19930648803711,18331000,0.0,0.0,49.65926895141602
2023-11-15 00:00:00-05:00,50.293725735459034,50.44478615172166,50.07657661217929,50.303165435791016,32188200,0.0,0.0,49.71213989257812
2023-11-16 00:00:00-05:00,44.761132177809564,45.37481714531188,43.61873755369177,45.355934143066406,79057800,0.0,0.0,48.96439056396484
2023-11-17 00:00:00-05:00,45.36537375222093,45.658054884090795,45.06325292002953,45.091575622558594,32593700,0.0,0.0,48.052362060546876
2023-11-20 00:00:00-05:00,44.902751616608114,45.667493377192244,44.89330831497178,45.573081970214844,27421000,0.0,0.0,47.304612731933595
2023-11-21 00:00:00-05:00,45.5730865207288,45.648614933539434,44.99716751659343,45.12934494018555,21510500,0.0,0.0,46.29062042236328
2023-11-22 00:00:00-05:00,45.393699645996094,45.64861116958234,45.27096193353889,45.393699645996094,17308400,0.0,0.0,45.3087272644043
2023-11-24 00:00:00-05:00,45.403143020722915,45.69582417363398,45.36537701359284,45.658058166503906,8209500,0.0,0.0,45.3691520690918
2023-11-27 00:00:00-05:00,45.62973184827278,45.667494250847575,45.23319600794018,45.252079010009766,17651600,0.0,0.0,45.40125274658203
2023-11-28 00:00:00-05:00,45.2709630165933,45.497551843327365,45.13878560073769,45.17654800415039,16360900,0.0,0.0,45.32194595336914
2023-11-29 00:00:00-05:00,45.42202070816656,45.73358122661344,45.34648870274656,45.36537170410156,16700500,0.0,0.0,45.36915130615235
2023-11-30 00:00:00-05:00,45.49755418587331,45.790235337169,45.26152204496007,45.67694091796875,37165000,0.0,0.0,45.42579956054688
2023-12-01 00:00:00-05:00,45.5825227651076,46.054587014461454,45.33705094013193,45.76190948486328,18744700,0.0,0.0,45.44656982421875
2023-12-04 00:00:00-05:00,45.37481500556119,45.48810941212694,45.11045658815544,45.36537170410156,17812900,0.0,0.0,45.46922836303711
2023-12-05 00:00:00-05:00,45.08213559294785,45.28040171233196,44.93107517795552,45.252079010009766,20985000,0.0,0.0,45.484334564208986
2023-12-06 00:00:00-05:00,45.38426541585157,45.51644285496535,44.98773309851024,45.03493881225586,19535500,0.0,0.0,45.41824798583984
2023-12-07 00:00:00-05:00,45.233193267498145,45.65805178441299,45.12933856318961,45.563636779785156,20478500,0.0,0.0,45.39558715820313
2023-12-08 00:00:00-05:00,45.58252590066466,45.87520705196036,45.51643718933413,45.67694091796875,16039900,0.0,0.0,45.37859344482422
2023-12-11 00:00:00-05:00,46.205642295934915,46.677706492834155,46.12067059643049,46.63050079345703,25618900,0.0,0.0,45.63161926269531
2023-12-12 00:00:00-05:00,46.80989229109897,46.81933199131632,46.36615074803154,46.57386016845703,18712200,0.0,0.0,45.895975494384764
2023-12-13 00:00:00-05:00,46.48889091816044,46.92318918240796,46.08291535762681,46.91374588012695,18689200,0.0,0.0,46.27173690795898
2023-12-14 00:00:00-05:00,47.20642474047288,47.215864440732645,46.42279636103012,46.677711486816406,28418700,0.0,0.0,46.49455184936524
2023-12-15 00:00:00-05:00,46.72492059522911,47.14033583462548,46.66827158921691,47.08368682861328,58860100,0.0,0.0,46.77590103149414
2023-12-18 00:00:00-05:00,47.130889504924845,47.48965931682428,46.63994589061717,47.433013916015625,20453100,0.0,0.0,46.93640365600586
2023-12-19 00:00:00-05:00,47.55574876962084,47.6407204737395,47.05536184623552,47.376365661621094,17035800,0.0,0.0,47.09690475463867
2023-12-20 00:00:00-05:00,47.319718021486,47.517987737850525,47.00815749845197,47.01759719848633,17812200,0.0,0.0,47.11767501831055
2023-12-21 00:00:00-05:00,47.140336379067534,47.18754208384072,46.621066423433724,46.923187255859375,18772300,0.0,0.0,47.16677017211914
2023-12-22 00:00:00-05:00,47.05536876345976,47.57463876426777,47.05536876345976,47.29140090942383,12903800,0.0,0.0,47.20831298828125
2023-12-26 00:00:00-05:00,47.310283105877225,47.58408125489836,47.25363409524933,47.47078323364258,9721200,0.0,0.0,47.21586685180664
2023-12-27 00:00:00-05:00,47.489660209509815,47.73513562284211,47.47077720836393,47.6218376159668,10414300,0.0,0.0,47.26496124267578
2023-12-28 00:00:00-05:00,47.75401812363666,47.80122382522466,47.60295411605238,47.659603118896484,8549900,0.0,0.0,47.39336242675781
2023-12-29 00:00:00-05:00,47.63128372939318,47.7634611436537,47.414134605741694,47.69737243652344,12492900,0.0,0.0,47.54819946289062
2024-01-02 00:00:00-05:00,47.66905165933217,48.01837821135395,47.442459224615746,47.687931060791016,20242900,0.0,0.0,47.627505493164065
2024-01-03 00:00:00-05:00,47.73550784691602,48.2207622193398,47.51666899194462,48.05900955200195,20303900,0.39,0.0,47.74515075683594
2024-01-04 00:00:00-05:00,47.99240363441648,48.05900660229426,47.56424273508492,47.64987564086914,18134100,0.0,0.0,47.75075836181641
2024-01-05 00:00:00-05:00,47.745018581341654,47.92579753525717,47.45006000744753,47.659385681152344,13989300,0.0,0.0,47.75071487426758
2024-01-08 00:00:00-05:00,47.33588619818918,48.049492522784995,47.27879638556931,48.01143264770508,18070300,0.0,0.0,47.8135269165039
2024-01-09 00:00:00-05:00,47.53569787925073,47.61181763386427,47.03141720849992,47.48812484741211,20489200,0.0,0.0,47.773565673828124
2024-01-10 00:00:00-05:00,47.57375315249715,47.878224882305986,47.402487350781016,47.80210876464844,15174200,0.0,0.0,47.72218551635742
2024-01-11 00:00:00-05:00,48.00191790629686,48.04949093377878,47.61181327360223,47.992401123046875,16458300,0.0,0.0,47.79069061279297
2024-01-12 00:00:00-05:00,48.04948698232668,48.35395868867925,47.859191258459056,47.89725112915039,18785700,0.0,0.0,47.83826370239258
2024-01-16 00:00:00-05:00,47.81161874668457,48.1351203918457,47.640352956329316,48.1351203918457,17015900,0.0,0.0,47.8630012512207
2024-01-17 00:00:00-05:00,47.80210952747171,47.9828884856839,47.48812100945174,47.859195709228516,17370600,0.0,0.0,47.937215423583986
2024-01-18 00:00:00-05:00,47.85920040656983,48.33493799237985,47.84017046758666,48.2873649597168,18487500,0.0,0.0,48.03426666259766
2024-01-19 00:00:00-05:00,48.2873636833532,48.896307196359665,48.26833374487304,48.78213119506836,23015300,0.0,0.0,48.192212677001955
2024-01-22 00:00:00-05:00,49.04853979545811,49.26737862896493,48.915333864592164,49.067569732666016,20298700,0.0,0.0,48.42627639770508
2024-01-23 00:00:00-05:00,48.89630347496853,49.30543804717947,48.810670573119985,49.248348236083984,15044300,0.0,0.0,48.648921966552734
2024-01-24 00:00:00-05:00,49.47670696546156,49.47670696546156,48.725040738538624,48.8201904296875,19458500,0.0,0.0,48.841120910644534
2024-01-25 00:00:00-05:00,49.238837873986846,50.00953403431888,49.238837873986846,49.79069519042969,18936600,0.0,0.0,49.14178695678711
2024-01-26 00:00:00-05:00,49.87632091300205,50.06661665095808,49.46718997634215,49.60990905761719,13160300,0.0,0.0,49.307342529296875
2024-01-29 00:00:00-05:00,49.32446763490272,49.84777819600926,49.314954481248854,49.75263214111328,13492400,0.0,0.0,49.44435501098633
2024-01-30 00:00:00-05:00,49.76214905162258,49.876325052035476,49.47670723579553,49.70506286621094,14322100,0.0,0.0,49.53569793701172
2024-01-31 00:00:00-05:00,49.333987470185974,49.419620383025915,47.64036278245126,47.745025634765625,29311800,0.0,0.0,49.320664978027345
2024-02-01 00:00:00-05:00,47.792598668656744,48.01143752822776,47.40249398340583,47.745025634765625,20635700,0.0,0.0,48.91153106689453
2024-02-02 00:00:00-05:00,47.706965755816796,47.935321399919935,47.21219821825153,47.745025634765625,20533100,0.0,0.0,48.53855438232422
2024-02-05 00:00:00-05:00,47.51666325323725,47.7164757745921,46.86965992120561,47.10752868652344,19602000,0.0,0.0,48.00953369140625
2024-02-06 00:00:00-05:00,47.86871417603502,48.15415598362566,47.3739466824028,47.554725646972656,19265800,0.0,0.0,47.57946624755859
2024-02-07 00:00:00-05:00,47.859196254638505,47.906769283174455,47.05995703463053,47.354915618896484,16794400,0.0,0.0,47.501444244384764
2024-02-08 00:00:00-05:00,47.47860723995714,47.564240141071195,47.14558878914057,47.526180267333984,19599000,0.0,0.0,47.45767517089844
2024-02-09 00:00:00-05:00,47.50714918127799,47.8211340580414,47.22170739433236,47.697444915771484,24076900,0.0,0.0,47.44815902709961
2024-02-12 00:00:00-05:00,47.60229574558964,47.76404839200465,47.12655821903499,47.564239501953125,19046300,0.0,0.0,47.53950119018555
2024-02-13 00:00:00-05:00,47.21219030907489,47.51666203047952,46.75548272696794,47.23122024536133,23633700,0.0,0.0,47.47480010986328
2024-02-14 00:00:00-05:00,47.16462153337379,47.89725781327153,47.14559159537247,47.84016799926758,31176400,0.0,0.0,47.5718505859375
2024-02-15 00:00:00-05:00,45.91818787741781,47.278797594814506,45.85158490911919,46.67937088012695,42766500,0.0,0.0,47.402488708496094
2024-02-16 00:00:00-05:00,46.38441325205707,46.69840179165863,46.04188161961523,46.089454650878906,24912300,0.0,0.0,47.08089065551758
2024-02-20 00:00:00-05:00,45.64225516721674,46.11799264903609,45.52807555827606,45.93721008300781,26402500,0.0,0.0,46.75548477172852
2024-02-21 00:00:00-05:00,46.09897079305517,46.16557376181493,45.57566019726152,46.12751388549805,15981300,0.0,0.0,46.53474349975586
2024-02-22 00:00:00-05:00,45.92770440011844,46.33683899139225,45.813528402196994,46.2131462097168,22020300,0.0,0.0,46.2093391418457
2024-02-23 00:00:00-05:00,46.26071528641616,46.75548274124709,46.14653929825186,46.489070892333984,13141900,0.0,0.0,46.17127914428711
2024-02-26 00:00:00-05:00,46.479560149611814,46.52713681131985,46.013339353426474,46.05139923095703,13018700,0.0,0.0,46.16366806030273
2024-02-27 00:00:00-05:00,45.81352722220364,46.098969024450035,45.689834443714076,45.965763092041016,12515400,0.0,0.0,46.169378662109374
2024-02-28 00:00:00-05:00,45.86109976032961,46.12751162229742,45.68031717148911,45.7278938293457,14635100,0.0,0.0,46.089454650878906
2024-02-29 00:00:00-05:00,45.85158422652015,46.12751287941495,45.7944980428795,46.022850036621094,22962500,0.0,0.0,46.051395416259766
2024-03-01 00:00:00-05:00,45.775470563245065,46.07042554013261,45.34730601500059,46.05139923095703,18508100,0.0,0.0,45.963861083984376
2024-03-04 00:00:00-05:00,46.02284858658038,47.06947335195345,45.88964265616312,46.7459716796875,25214500,0.0,0.0,46.10277557373047
2024-03-05 00:00:00-05:00,46.660339935728366,46.688883027357996,46.21314547572029,46.57470703125,18101300,0.0,0.0,46.22456436157226
2024-03-06 00:00:00-05:00,46.60324814431432,47.01238271171989,46.593734990704824,46.784027099609375,20903600,0.0,0.0,46.435791015625
2024-03-07 00:00:00-05:00,47.04092388144211,47.07898375350475,46.460527165638084,46.527130126953125,21224700,0.0,0.0,46.53664703369141
2024-03-08 00:00:00-05:00,46.49858453558379,47.36442668326293,46.479554599091045,47.09801483154297,19316200,0.0,0.0,46.74597015380859
2024-03-11 00:00:00-04:00,47.307339724274165,47.85919335511842,47.17413380060794,47.783077239990234,17715100,0.0,0.0,46.95339126586914
2024-03-12 00:00:00-04:00,48.087548579197446,48.097061732417245,47.46908836182433,47.64035415649414,17590400,0.0,0.0,47.16652069091797
2024-03-13 00:00:00-04:00,47.60229364801586,47.716473262661985,47.412001549450565,47.67841339111328,16669900,0.0,0.0,47.34539794921875
2024-03-14 00:00:00-04:00,47.830650914590564,47.90676703075146,47.19316074749545,47.37394332885742,17239400,0.0,0.0,47.51476058959961
2024-03-15 00:00:00-04:00,47.3739446482489,47.535693668088896,46.52713241593518,46.5556755065918,57049200,0.0,0.0,47.40629272460937
2024-03-18 00:00:00-04:00,46.83160406596528,47.250251789747466,46.60324845234542,46.87917709350586,17406700,0.0,0.0,47.2255126953125
2024-03-19 00:00:00-04:00,46.73645559723876,47.193163206771324,46.593736510903895,46.75548553466797,19601100,0.0,0.0,47.04853897094726
2024-03-20 00:00:00-04:00,46.66033724348979,47.17413464071458,46.56518756089857,47.14558792114258,18554100,0.0,0.0,46.94197387695313
2024-03-21 00:00:00-04:00,47.29782301011131,47.7545305903116,47.155103932942644,47.45957565307617,26102900,0.0,0.0,46.959100341796876
2024-03-22 00:00:00-04:00,47.62132818728111,47.668901216521256,47.307343290624566,47.36442947387695,15022900,0.0,0.0,47.12085113525391
2024-03-25 00:00:00-04:00,47.15509968790887,47.345391773669796,46.89820101662497,47.2692756652832,16191200,0.0,0.0,47.19887084960938
2024-03-26 00:00:00-04:00,47.14558792114258,47.392973466290485,47.07898495812336,47.14558792114258,13842900,0.0,0.0,47.2768913269043
2024-03-27 00:00:00-04:00,47.354915618896484,47.47860839676149,47.01238400609458,47.354915618896484,17231000,0.0,0.0,47.318756866455075
2024-03-28 00:00:00-04:00,47.46909490875873,47.764053513501665,47.39297878373486,47.48812484741211,18139700,0.0,0.0,47.324466705322266
2024-04-01 00:00:00-04:00,47.535696653599125,47.76405228196217,47.45006374666168,47.61181640625,15138100,0.0,0.0,47.37394409179687
2024-04-02 00:00:00-04:00,47.53569300037419,47.659385774131,46.76500052675619,46.96480941772461,16414400,0.0,0.0,47.31305084228516
2024-04-03 00:00:00-04:00,46.81132912213243,47.21421542122298,46.67703490884986,46.75377655029297,22210000,0.4,0.0,47.23468856811523
2024-04-04 00:00:00-04:00,47.08951153606764,47.530764991507155,46.08230128891472,46.14944839477539,17374000,0.0,0.0,46.993595123291016
2024-04-05 00:00:00-04:00,46.005561134342145,46.686626749637554,45.93841402631262,46.57151794433594,18661300,0.0,0.0,46.81027374267578
2024-04-08 00:00:00-04:00,46.22618930508098,46.67703732377755,46.19741301767245,46.27415466308594,15375700,0.0,0.0,46.54274139404297
2024-04-09 00:00:00-04:00,46.84970012930617,48.15427876508793,46.54274088079786,47.97201919555664,26686600,0.0,0.0,46.74418334960937
2024-04-10 00:00:00-04:00,47.70343390243809,47.74180472583364,46.82092691979932,47.20462417602539,20026400,0.0,0.0,46.83435287475586
2024-04-11 00:00:00-04:00,47.31013249846997,47.569130014903195,47.00317329215853,47.511573791503906,15703900,0.0,0.0,47.10677795410156
2024-04-12 00:00:00-04:00,47.20461822989786,47.223803639178946,46.465996439168144,46.51396179199219,16418100,0.0,0.0,47.09526672363281
2024-04-15 00:00:00-04:00,47.69384217004783,47.7609892801631,46.2357838403792,46.27415466308594,20310800,0.0,0.0,47.09526672363281
2024-04-16 00:00:00-04:00,46.49477943052592,46.53314659236045,45.89045180590638,45.96718978881836,14233400,0.0,0.0,46.69430084228516
2024-04-17 00:00:00-04:00,46.0439324762677,46.31252091142151,45.765749506005264,45.842491149902344,14407600,0.0,0.0,46.42187423706055
2024-04-18 00:00:00-04:00,46.43722222835582,46.43722222835582,45.92882166705564,46.14944839477539,13080900,0.0,0.0,46.14944915771484
2024-04-19 00:00:00-04:00,46.418034400947896,46.456405219225175,46.07270435493769,46.350887298583984,20964400,0.0,0.0,46.116834259033205
2024-04-22 00:00:00-04:00,46.51396567251193,46.60988906767728,46.043932254018586,46.178226470947266,20135700,0.0,0.0,46.09764862060547
2024-04-23 00:00:00-04:00,46.17822227557888,46.485181503311814,46.10148429826697,46.350887298583984,16261700,0.0,0.0,46.1743881225586
2024-04-24 00:00:00-04:00,46.091891545042145,46.40844531919718,45.967188210443844,46.37966537475586,14828500,0.0,0.0,46.281822967529294
2024-04-25 00:00:00-04:00,46.79214374693746,46.93603249512998,45.900042290326724,46.139854431152344,18790900,0.0,0.0,46.279904174804685
2024-04-26 00:00:00-04:00,45.69860539057186,46.312523944989515,45.66982910184704,45.90964126586914,14658900,0.0,0.0,46.191654968261716
2024-04-29 00:00:00-04:00,46.03433834293579,46.341297578317196,45.641046593900704,45.83289337158203,11599500,0.0,0.0,46.122588348388675
2024-04-30 00:00:00-04:00,45.66982598878081,45.746563973230586,45.05590747621068,45.06549835205078,18535400,0.0,0.0,45.86551055908203
2024-05-01 00:00:00-04:00,44.79690392087513,45.631449058481095,44.7777185125202,44.93119812011719,18266400,0.0,0.0,45.5758171081543
2024-05-02 00:00:00-04:00,45.113461179146796,45.19979370084098,44.700983982079364,44.883243560791016,15441700,0.0,0.0,45.32449493408203
2024-05-03 00:00:00-04:00,45.18060935743011,45.468386876042004,44.93120632177537,45.19979476928711,17935300,0.0,0.0,45.182525634765625
2024-05-06 00:00:00-04:00,45.2957187340472,45.50675093157058,45.055906591082945,45.19020080566406,14163000,0.0,0.0,45.05398712158203
2024-05-07 00:00:00-04:00,45.286124376821,45.525936520726106,45.09427392984834,45.353271484375,14308200,0.0,0.0,45.111541748046875
2024-05-08 00:00:00-04:00,45.50675332261593,46.1782280900455,45.324497401714325,46.0439338684082,15130200,0.0,0.0,45.33408889770508
2024-05-09 00:00:00-04:00,46.0439324762677,46.13026499603042,45.70819693232544,45.842491149902344,12449300,0.0,0.0,45.52593841552734
2024-05-10 00:00:00-04:00,46.04392997625696,46.13985336667705,45.75615614575391,46.10148620605469,12096900,0.0,0.0,45.70627670288086
2024-05-13 00:00:00-04:00,46.34130323948671,46.83051843712622,46.26456159164505,46.696224212646484,15149100,0.0,0.0,46.00748138427734
2024-05-14 00:00:00-04:00,46.983995555575675,47.17584600565491,46.37966791856111,46.95521926879883,17379700,0.0,0.0,46.32787094116211
2024-05-15 00:00:00-04:00,47.18543515563423,47.703430254128975,46.74418169806145,47.6458740234375,37342100,0.0,0.0,46.648258972167966
2024-05-16 00:00:00-04:00,48.039165367097084,48.06794165037908,46.20699726763555,46.37007141113281,47829400,0.0,0.0,46.75377502441406
2024-05-17 00:00:00-04:00,46.29333324798397,46.58111073935284,46.149448161542345,46.207000732421875,22020300,0.0,0.0,46.7748779296875
2024-05-20 00:00:00-04:00,46.04393012718005,46.11107723254276,45.09427245824013,45.20938491821289,22040700,0.0,0.0,46.47751007080078
2024-05-21 00:00:00-04:00,45.19978751732568,45.228567460115244,44.71057240081397,45.027122497558594,25172200,0.0,0.0,46.09189071655273
2024-05-22 00:00:00-04:00,45.18060806749636,45.890453648966336,45.12305549281166,45.497161865234375,19940600,0.0,0.0,45.66214828491211
2024-05-23 00:00:00-04:00,45.22857463180344,45.26694179620228,44.614652431261085,44.700984954833984,18837500,0.0,0.0,45.328330993652344
2024-05-24 00:00:00-04:00,44.72976147687536,44.89283197600148,44.48994933634197,44.528316497802734,11941100,0.0,0.0,44.992594146728514
2024-05-28 00:00:00-04:00,44.26932421231688,44.97916612487382,44.10625004803132,44.39402389526367,18178800,0.0,0.0,44.82952194213867
2024-05-29 00:00:00-04:00,44.0295101078604,44.44198727896563,43.98154475274918,44.20217514038086,16001100,0.0,0.0,44.66453247070312
2024-05-30 00:00:00-04:00,44.2213579548212,44.56668802816702,44.12543456077755,44.240543365478516,19894200,0.0,0.0,44.41320877075195
2024-05-31 00:00:00-04:00,44.25973049066936,44.672207687672866,44.13502714618752,44.60506057739258,39269100,0.0,0.0,44.39402389526367
2024-06-03 00:00:00-04:00,44.81609807097057,44.864059771591975,44.3940263233185,44.74895095825195,23295000,0.0,0.0,44.438150787353514
2024-06-04 00:00:00-04:00,44.74894968275966,45.660232946321436,44.614651801907165,45.48756790161133,23330300,0.0,0.0,44.65685958862305
2024-06-05 00:00:00-04:00,45.583495761131545,45.68901369689291,43.78010729535234,44.144622802734375,28746400,0.0,0.0,44.64534912109375
2024-06-06 00:00:00-04:00,44.06787873829136,44.49954133398472,43.91439911084961,44.34606170654297,15456100,0.0,0.0,44.66645278930664
2024-06-07 00:00:00-04:00,44.077472273283355,44.40361693160275,43.92399264932381,43.971954345703125,15734600,0.0,0.0,44.53983154296875
2024-06-10 00:00:00-04:00,43.933582799042,43.99113902929198,43.42518223918372,43.981544494628906,13400400,0.0,0.0,44.38635025024414
2024-06-11 00:00:00-04:00,43.828062593394904,44.05828384317655,43.511512491593095,43.90480422973633,17450700,0.0,0.0,44.06979751586914
2024-06-12 00:00:00-04:00,44.11584226040835,44.202174775956806,43.54029093700432,43.76091766357422,16803100,0.0,0.0,43.99305648803711
2024-06-13 00:00:00-04:00,43.5690700444281,43.69377338812915,43.28129619370825,43.66499710083008,16149000,0.0,0.0,43.85684356689453
2024-06-14 00:00:00-04:00,43.473143754337016,43.847250101302116,43.13740822737931,43.81847381591797,15274200,0.0,0.0,43.8261474609375
2024-06-17 00:00:00-04:00,43.549884672507986,43.84724937452945,43.118222102686644,43.82806396484375,16382000,0.0,0.0,43.79545135498047
2024-06-18 00:00:00-04:00,43.6458125877538,44.11584602568889,43.6458125877538,44.09666061401367,17627000,0.0,0.0,43.833822631835936
2024-06-20 00:00:00-04:00,44.03910080168704,44.95997853183589,43.99113910601649,44.81609344482422,25613200,0.0,0.0,44.044857788085935
2024-06-21 00:00:00-04:00,45.1806020796396,45.89044756703264,45.132640387344445,45.36286163330078,64967000,0.0,0.0,44.384430694580075
2024-06-24 00:00:00-04:00,45.5547164662799,45.8328957721852,45.103868464780575,45.353271484375,19136200,0.0,0.0,44.69139022827149
2024-06-25 00:00:00-04:00,45.3436779392313,45.871263892914115,45.07508952482755,45.449195861816406,17615800,0.0,0.0,45.01561660766602
2024-06-26 00:00:00-04:00,45.142236482420884,45.47797199933968,44.89282981907319,44.95038604736328,13981300,0.0,0.0,45.186361694335936
2024-06-27 00:00:00-04:00,44.873651285445874,45.57390237034641,44.86406040888264,45.51634979248047,16541900,0.0,0.0,45.326412963867185
2024-06-28 00:00:00-04:00,45.612269136755124,45.90963751316285,45.41082781366098,45.57389831542969,23921100,0.0,0.0,45.36862030029297
2024-07-01 00:00:00-04:00,45.54511764672206,45.89044768693759,45.42041431903477,45.58348846435547,17776000,0.0,0.0,45.41466369628906
2024-07-02 00:00:00-04:00,45.468383948104346,45.84249030711744,45.0463122329159,45.353271484375,19794200,0.0,0.0,45.39547882080078
2024-07-03 00:00:00-04:00,45.228569106850095,45.58349003407479,45.123051184345876,45.17101287841797,8118300,0.0,0.0,45.43960418701172
2024-07-05 00:00:00-04:00,44.9194765614529,45.23873863476029,44.803381597576795,45.132320404052734,14692600,0.4,0.0,45.36279830932617
2024-07-08 00:00:00-04:00,44.842074496695204,45.25808542124917,44.45509007913736,44.5615119934082,19320900,0.0,0.0,45.16032104492187
2024-07-09 00:00:00-04:00,44.50346108821321,44.60020626651601,44.16484927356142,44.309967041015625,17343400,0.0,0.0,44.905616760253906
2024-07-10 00:00:00-04:00,44.56151565705961,44.78403254583296,44.33899876828627,44.76468276977539,18737300,0.0,0.0,44.787899017333984
2024-07-11 00:00:00-04:00,44.6776102747438,45.38386048767679,44.6776102747438,45.238739013671875,19741200,0.0,0.0,44.80144424438477
2024-07-12 00:00:00-04:00,45.258083686441786,46.30294932404021,45.13231569311722,45.838565826416016,20936100,0.0,0.0,44.94269332885742
2024-07-15 00:00:00-04:00,45.867594643173966,45.944993748201135,45.267766341583204,45.8579216003418,15925900,0.0,0.0,45.20197525024414
2024-07-16 00:00:00-04:00,45.906292438746284,46.409375530391365,45.68377555619809,45.87726593017578,17037300,0.0,0.0,45.51543502807617
2024-07-17 00:00:00-04:00,45.91596656102169,47.15432638903703,45.80954463847583,46.94148254394531,26638700,0.0,0.0,45.95079498291015
2024-07-18 00:00:00-04:00,46.58351465115587,47.057571181635424,46.41904342281161,46.47709274291992,18462500,0.0,0.0,46.198465728759764
2024-07-19 00:00:00-04:00,46.525471153102764,46.53514419570199,45.60637710129735,45.780521392822266,18289200,0.0,0.0,46.18685684204102
2024-07-22 00:00:00-04:00,45.780520576328655,45.83856990266578,45.24841466864478,45.29678726196289,19899400,0.0,0.0,46.07462997436524
2024-07-23 00:00:00-04:00,45.22906462735608,45.2580874450579,44.83240345953131,44.85175323486328,16372000,0.0,0.0,45.869527435302736
2024-07-24 00:00:00-04:00,45.025893400353134,45.50962666759219,44.73565417812809,45.3258056640625,25318200,0.0,0.0,45.54639205932617
2024-07-25 00:00:00-04:00,45.82889300405421,46.62221534150019,45.52898071221018,45.703125,20631200,0.0,0.0,45.391598510742185
2024-07-26 00:00:00-04:00,45.780517354698404,46.44806795293359,45.70312194895428,46.32229995727539,16104900,0.0,0.0,45.49995422363281
2024-07-29 00:00:00-04:00,46.2642473441753,46.641558685495234,45.896609043913315,46.42871856689453,11475700,0.0,0.0,45.72634048461914
2024-07-30 00:00:00-04:00,46.62221368639679,46.970502249612096,46.33197444724809,46.5738410949707,20166000,0.0,0.0,46.07075805664063
2024-07-31 00:00:00-04:00,46.83505685985698,47.1833454181826,46.670589313198825,46.873756408691406,19953600,0.0,0.0,46.380348205566406
2024-08-01 00:00:00-04:00,47.03822724378836,47.13497612263813,45.66442637945289,45.848243713378906,18837500,0.0,0.0,46.40937194824219
2024-08-02 00:00:00-04:00,46.12880702016788,46.19652938580022,44.84207469196922,45.141990661621094,24000200,0.0,0.0,46.173310089111325
2024-08-05 00:00:00-04:00,45.03556640988734,45.16133809264601,43.23607806653998,43.284454345703125,29669600,0.0,0.0,45.544457244873044
2024-08-06 00:00:00-04:00,43.29413470020458,44.251928354304475,43.18771277301653,43.6907958984375,20524000,0.0,0.0,44.967848205566405
2024-08-07 00:00:00-04:00,43.942331222003965,44.70663072211984,43.62306916295578,43.65209197998047,18301100,0.0,0.0,44.32351531982422
2024-08-08 00:00:00-04:00,43.80688729467982,44.76468087063654,43.80688729467982,44.33899688720703,18369100,0.0,0.0,44.02166595458984
2024-08-09 00:00:00-04:00,44.21322427215725,44.56151283797484,43.76819052276463,43.99070739746094,21217600,0.0,0.0,43.79140930175781
2024-08-12 00:00:00-04:00,44.048751671529885,44.25192245571281,43.05226228721966,43.400550842285156,20289500,0.0,0.0,43.81462860107422
2024-08-13 00:00:00-04:00,43.51664387624417,43.913305004094866,43.42957174132124,43.89395523071289,20976900,0.0,0.0,43.8552604675293
2024-08-14 00:00:00-04:00,43.67144212150659,44.25192430101923,43.574696936883925,43.9616813659668,30675600,0.0,0.0,43.917178344726565
2024-08-15 00:00:00-04:00,47.16399663397959,48.64421934734884,46.59319119376005,46.95115280151367,45976400,0.0,0.0,44.43960952758789
2024-08-16 00:00:00-04:00,47.05757639952238,48.1121151762398,46.9221316615097,47.85089874267578,27424900,0.0,0.0,45.21164779663086
2024-08-19 00:00:00-04:00,47.725129932109446,48.36365775095672,47.69610342403076,48.353981018066406,16436600,0.0,0.0,46.20233383178711
2024-08-20 00:00:00-04:00,48.35397878054499,48.731290152777994,47.986340450162444,48.60552215576172,18697300,0.0,0.0,47.144647216796876
2024-08-21 00:00:00-04:00,48.65390221929838,48.9054419425588,48.4023588054453,48.80869674682617,21177600,0.0,0.0,48.11405029296875
2024-08-22 00:00:00-04:00,49.06990731300507,49.27307441400827,48.54747446134637,48.58617401123047,19143100,0.0,0.0,48.44105453491211
2024-08-23 00:00:00-04:00,48.866731926310706,49.118275286311686,48.6829146175345,49.08925247192383,16474100,0.0,0.0,48.688725280761716
2024-08-26 00:00:00-04:00,49.13762664794922,49.36014351016398,49.06990428512699,49.13762664794922,12016800,0.0,0.0,48.845454406738284
2024-08-27 00:00:00-04:00,49.02152689381114,49.18599812164401,48.760314180615694,49.06022644042969,10243900,0.0,0.0,48.936395263671876
2024-08-28 00:00:00-04:00,48.808692646628785,48.92478760987385,47.802526456925264,48.22821044921875,14571400,0.0,0.0,48.82029800415039
2024-08-29 00:00:00-04:00,48.34430667291208,49.166651797998696,48.257234532207086,48.750640869140625,16324100,0.0,0.0,48.85319137573242
2024-08-30 00:00:00-04:00,48.90543643946454,49.04088117448633,48.441052909136005,48.8957633972168,15615800,0.0,0.0,48.814493560791014
2024-09-03 00:00:00-04:00,48.673247885079405,48.8570652176812,48.27658671113381,48.43138122558594,14918600,0.0,0.0,48.67324447631836
2024-09-04 00:00:00-04:00,48.19919052074242,48.41203437494597,47.96700058033179,48.08309555053711,16411700,0.0,0.0,48.47781829833984
2024-09-05 00:00:00-04:00,47.889600737937755,48.034722216410934,47.347818067642734,47.531639099121094,16312000,0.0,0.0,48.338504028320315
2024-09-06 00:00:00-04:00,47.280092197048816,47.628380767141465,46.631891339837,46.9221305847168,21040500,0.0,0.0,47.972801971435544
2024-09-09 00:00:00-04:00,46.89310660222253,47.55098417591922,46.68993581432198,47.115623474121094,18677600,0.0,0.0,47.616773986816405
2024-09-10 00:00:00-04:00,47.202701568603516,47.376845871289234,46.864086006451245,47.202701568603516,11754700,0.0,0.0,47.37103805541992
2024-09-11 00:00:00-04:00,47.16399477329777,47.609028504903726,46.293273393553925,47.51228332519531,15106600,0.0,0.0,47.256875610351564
2024-09-12 00:00:00-04:00,47.492934393347085,48.025040272363476,47.27041752359813,47.99601745605469,13229500,0.0,0.0,47.34975128173828
2024-09-13 00:00:00-04:00,48.12178682867178,48.43137582304122,48.05406077622353,48.179832458496094,10168900,0.0,0.0,47.60129165649414
2024-09-16 00:00:00-04:00,48.257235260418284,49.408519191031075,48.1604863856238,49.36981964111328,16668200,0.0,0.0,48.05213088989258
2024-09-17 00:00:00-04:00,49.36014688021069,49.74713130981725,48.92478616763511,48.96348571777344,13230300,0.0,0.0,48.40428771972656
2024-09-18 00:00:00-04:00,48.75064513207314,49.47624513786647,48.6345501645121,48.92478942871094,12697700,0.0,0.0,48.686788940429686
2024-09-19 00:00:00-04:00,49.737452863336095,50.03736880843228,49.485913195952584,49.766475677490234,16274000,0.0,0.0,49.040880584716795
2024-09-20 00:00:00-04:00,49.77615658695865,50.62752821598974,49.7471300797765,50.279239654541016,44096600,0.0,0.0,49.46076202392578
2024-09-23 00:00:00-04:00,50.366308882101265,50.7339435062874,50.20183765288795,50.4920768737793,18343400,0.0,0.0,49.68521347045898
2024-09-24 00:00:00-04:00,50.51142818467677,50.859716736584076,50.31793413466248,50.811344146728516,26479300,0.0,0.0,50.05478515625
2024-09-25 00:00:00-04:00,50.85971942993213,51.01451394002251,50.666225369671096,50.93711853027344,22422200,0.0,0.0,50.4572509765625
2024-09-26 00:00:00-04:00,51.27572906914888,51.55629526489199,51.04353546459785,51.13060760498047,18374000,0.0,0.0,50.73007736206055
2024-09-27 00:00:00-04:00,51.314428051969585,51.48857233081275,51.14028377312643,51.29507827758789,13868300,0.0,0.0,50.93324508666992
2024-09-30 00:00:00-04:00,51.295077118140966,51.575643304445634,50.93711552665102,51.48857116699219,17807500,0.0,0.0,51.1325439453125
2024-10-01 00:00:00-04:00,51.382146754731366,51.46921888794685,50.60817428758915,51.02418518066406,16621800,0.0,0.0,51.17511215209961
2024-10-02 00:00:00-04:00,51.08267911507274,51.51161629073575,50.81946639859882,51.29714584350586,11071300,0.4,0.0,51.247117614746095
2024-10-03 00:00:00-04:00,50.87795891867967,51.3361444605054,50.84871429900466,51.1119270324707,11029100,0.0,0.0,51.24338150024414
2024-10-04 00:00:00-04:00,51.47262762098433,51.57986285841844,51.092432665570485,51.423885345458984,11724100,0.0,0.0,51.26914291381836
2024-10-07 00:00:00-04:00,51.258158348310786,51.52136736698443,51.05343485107997,51.18991470336914,10941700,0.0,0.0,51.20941162109375
2024-10-08 00:00:00-04:00,51.31664703482693,51.44337991864098,50.887709829575485,51.40438461303711,12365000,0.0,0.0,51.28545150756836
2024-10-09 00:00:00-04:00,51.326397308075045,52.330502247123114,51.21916207792486,52.21352005004883,10586100,0.0,0.0,51.468726348876956
2024-10-10 00:00:00-04:00,52.350000636885184,52.4572358685453,52.077037214805706,52.19402313232422,9377500,0.0,0.0,51.68514556884766
2024-10-11 00:00:00-04:00,52.17452188562774,52.964160039900776,52.17452188562774,52.88616943359375,12704500,0.0,0.0,51.97760238647461
2024-10-14 00:00:00-04:00,52.94466547143994,53.04215001620372,52.43773765731485,52.905670166015625,11428600,0.0,0.0,52.320753479003905
2024-10-15 00:00:00-04:00,53.05189263815559,53.237118464352406,52.564462516663696,52.72044372558594,20066300,0.0,0.0,52.58396530151367
2024-10-16 00:00:00-04:00,53.617315369298616,54.991868214559666,53.451590906815994,54.962623596191406,32382300,0.0,0.0,53.133786010742185
2024-10-17 00:00:00-04:00,54.96262286233189,55.15759565937635,54.445944392344565,54.982120513916016,18383400,0.0,0.0,53.69140548706055
2024-10-18 00:00:00-04:00,54.99186923106342,55.440304075384546,54.79689642781169,55.33306884765625,17679800,0.0,0.0,54.18078536987305
2024-10-21 00:00:00-04:00,55.26482767968032,55.62552865915134,55.089352532585465,55.16734313964844,14083600,0.0,0.0,54.63311996459961
2024-10-22 00:00:00-04:00,54.59218256629385,55.469558416485356,54.45570270488569,55.17709732055664,14956300,0.0,0.0,55.12445068359375
2024-10-23 00:00:00-04:00,54.74815680747209,55.16734705318056,54.58243233390213,54.86513900756836,18723000,0.0,0.0,55.10495376586914
2024-10-24 00:00:00-04:00,54.96262779167142,55.12835226680434,54.4069576874772,54.553184509277344,14699600,0.0,0.0,55.01916656494141
2024-10-25 00:00:00-04:00,54.83589171488705,55.20633966906853,54.27047095751547,54.338714599609375,14680500,0.0,0.0,54.82029571533203
2024-10-28 00:00:00-04:00,54.49469394479669,54.572680837436934,53.82203793693972,53.89027786254883,12912300,0.0,0.0,54.56488265991211
2024-10-29 00:00:00-04:00,53.97801580328339,54.69941408873171,53.88053125712956,54.28022384643555,18810100,0.0,0.0,54.38550796508789
2024-10-30 00:00:00-04:00,54.17298815650079,54.63117370090458,53.97801534704405,54.19248580932617,13284300,0.0,0.0,54.25097732543945
2024-10-31 00:00:00-04:00,54.036504547126604,54.11449143420687,53.33460396942034,53.393096923828125,22023400,0.0,0.0,54.01895980834961
2024-11-01 00:00:00-04:00,53.36385556512018,54.40695581025196,53.15913207158824,54.1047477722168,19235600,0.0,0.0,53.97216644287109
2024-11-04 00:00:00-05:00,54.05600846812827,54.50444334754137,53.73430275976852,54.426456451416016,13269900,0.0,0.0,54.079402160644534
2024-11-05 00:00:00-05:00,54.49469544466749,54.85539273549991,54.10474981434257,54.7481575012207,10183600,0.0,0.0,54.17298889160156
2024-11-06 00:00:00-05:00,55.75226341085221,56.629639234350414,55.52804597124649,56.41516876220703,20506000,0.0,0.0,54.61752548217773
2024-11-07 00:00:00-05:00,56.346928687758734,56.83435887315249,56.09346662762474,56.61989212036133,17880200,0.0,0.0,55.262884521484374
2024-11-08 00:00:00-05:00,56.6296398241255,56.736875061314,56.21044956173257,56.60039520263672,17517700,0.0,0.0,55.76201400756836
2024-11-11 00:00:00-05:00,57.51675652752077,57.88720447523232,56.892846543246684,57.15605926513672,17827000,0.0,0.0,56.3079345703125
2024-11-12 00:00:00-05:00,57.28278920694836,57.555752617896715,56.9610872438837,57.234046936035156,16609400,0.0,0.0,56.80511245727539
2024-11-13 00:00:00-05:00,56.688129099648535,57.789718583794944,56.385921061659594,57.69223403930664,36350600,0.0,0.0,57.060525512695314
2024-11-14 00:00:00-05:00,57.50701313502791,57.50701313502791,56.07396724416231,56.46390914916992,33747700,0.0,0.0,57.02932891845703
2024-11-15 00:00:00-05:00,56.00572925933231,56.63938627148519,55.79125878692511,56.01547622680664,28173700,0.0,0.0,56.91234512329102
2024-11-18 00:00:00-05:00,56.10320800497669,56.532148905414026,55.79125301491145,55.86924362182617,23769300,0.0,0.0,56.654981994628905
2024-11-19 00:00:00-05:00,55.255084064604745,55.60603438008081,54.93337836915268,55.576786041259766,17476200,0.0,0.0,56.32352981567383
2024-11-20 00:00:00-05:00,55.41105860981675,56.054466247558594,55.18684119108214,56.054466247558594,15345000,0.0,0.0,55.995976257324216
2024-11-21 00:00:00-05:00,55.84974808531896,56.473658089079066,55.664522246279766,56.11296081542969,16162400,0.0,0.0,55.92578659057617
2024-11-22 00:00:00-05:00,56.142210321829694,57.22430595576965,56.01547742915996,57.07807540893555,14952100,0.0,0.0,56.13830642700195
2024-11-25 00:00:00-05:00,57.175556646422564,57.47776095180197,56.795358015182714,57.2632942199707,52408200,0.0,0.0,56.41711654663086
2024-11-26 00:00:00-05:00,57.516755060651384,58.140665029013675,57.45826210656863,58.091922760009766,14209700,0.0,0.0,56.92014389038086
2024-11-27 00:00:00-05:00,58.111420162287374,58.36488219129936,57.44851489404466,57.79946517944336,12703300,0.0,0.0,57.269143676757814
2024-11-29 00:00:00-05:00,57.58500146714003,58.09192930323173,57.555756846203046,57.72148132324219,11618400,0.0,0.0,57.59084777832031
2024-12-02 00:00:00-05:00,57.76047607139203,58.199163975187346,57.653240837264605,57.935951232910156,15977400,0.0,0.0,57.76242294311523
2024-12-03 00:00:00-05:00,57.93594934743698,58.03343389230911,57.682483580694225,57.98469161987305,11746000,0.0,0.0,57.9067024230957
2024-12-04 00:00:00-05:00,58.14066388022371,58.33563667118369,57.779966634165596,58.12116622924805,16872100,0.0,0.0,57.91255111694336
2024-12-05 00:00:00-05:00,58.286902403727595,58.71583962767904,58.19916482169239,58.5111198425293,19121700,0.0,0.0,58.05488204956055
2024-12-06 00:00:00-05:00,58.49161556411787,58.569606169892474,58.26739815071103,58.38438034057617,14622700,0.0,0.0,58.187461853027344
2024-12-09 00:00:00-05:00,58.32589184383093,58.37463411365907,57.38027619021835,57.468013763427734,16517500,0.0,0.0,58.09387435913086
2024-12-10 00:00:00-05:00,57.02933064927289,57.38028097135288,56.66863335993385,57.24380111694336,14480200,0.0,0.0,57.94569625854492
2024-12-11 00:00:00-05:00,57.39977581070314,57.477762701343735,56.84410573425002,57.1170654296875,26842900,0.0,0.0,57.744876098632815
2024-12-12 00:00:00-05:00,57.214547865773135,58.23815412356347,57.156058629645784,57.37052536010742,17704600,0.0,0.0,57.51675720214844
2024-12-13 00:00:00-05:00,57.14630889892578,57.458263892804844,56.91234451291491,57.14630889892578,14129700,0.0,0.0,57.26914291381836
2024-12-16 00:00:00-05:00,57.00008069654545,57.01957834803675,56.395664656705485,56.883094787597656,26883200,0.0,0.0,57.15215911865234
2024-12-17 00:00:00-05:00,56.91234446544409,57.58499672316035,56.70762097935927,57.048824310302734,24912500,0.0,0.0,57.113163757324216
2024-12-18 00:00:00-05:00,57.234045124157,57.234045124157,56.03496744742672,56.083709716796875,24195100,0.0,0.0,56.90649261474609
2024-12-19 00:00:00-05:00,55.94723381902871,56.67837906751324,55.89849154622248,56.18120193481445,21947800,0.0,0.0,56.6686279296875
2024-12-20 00:00:00-05:00,56.12270629602312,57.30228634806924,55.83024895435505,57.048824310302734,69544600,0.0,0.0,56.64913101196289
2024-12-23 00:00:00-05:00,56.6686312654759,57.53625635255249,56.6588805797801,57.49726104736328,18671200,0.0,0.0,56.77196426391602
2024-12-24 00:00:00-05:00,57.321787698542536,58.34539031982422,57.321787698542536,58.34539031982422,9922300,0.0,0.0,57.03127746582031
2024-12-26 00:00:00-05:00,58.12117187830377,58.55011280386573,57.90670513431982,58.47212219238281,8524500,0.0,0.0,57.5089599609375
2024-12-27 00:00:00-05:00,58.07242818764228,58.51111606953019,57.653237958149056,58.11142349243164,13021400,0.0,0.0,57.89500427246094
2024-12-30 00:00:00-05:00,57.604496047033834,57.89695339719024,56.94159073665426,57.70198059082031,12948100,0.0,0.0,58.02563552856445
2024-12-31 00:00:00-05:00,57.731232425426064,57.887209936209224,57.29254451422429,57.711734771728516,14173000,0.0,0.0,58.0685302734375
2025-01-02 00:00:00-05:00,57.779970739380595,58.179663315787835,57.0975677819349,57.61424255371094,16144300,0.0,0.0,57.92230072021484
2025-01-03 00:00:00-05:00,57.75165549504682,58.07554964367531,57.280534350772086,57.77128601074219,18859000,0.4,0.0,57.78213348388672
2025-01-06 00:00:00-05:00,57.8203589283279,58.47796808258437,57.506278173623826,57.68294906616211,18543300,0.0,0.0,57.69643859863281
2025-01-07 00:00:00-05:00,57.879249738369666,58.15406945920889,57.56516898765687,57.839988708496094,16863800,0.0,0.0,57.72404022216797
2025-01-08 00:00:00-05:00,57.80072835864602,58.14425675787454,57.19219736499786,58.10499572753906,14400300,0.0,0.0,57.80269241333008
2025-01-10 00:00:00-05:00,57.70258165032227,57.967587998631714,57.457205817902945,57.653507232666016,17274500,0.0,0.0,57.81054534912109
2025-01-13 00:00:00-05:00,57.83017040757585,57.83998753691433,57.09404296097755,57.67313003540039,19340700,0.0,0.0,57.790914154052736
2025-01-14 00:00:00-05:00,57.87925174354934,58.24240692211638,57.6633198159018,58.23259353637695,16715500,0.0,0.0,57.9008430480957
2025-01-15 00:00:00-05:00,58.752787974461924,59.22390910786153,58.48778163489879,58.870567321777344,19185100,0.0,0.0,58.10695877075195
2025-01-16 00:00:00-05:00,59.06686563229927,59.331871957964154,58.674262836320686,58.713523864746094,18445700,0.0,0.0,58.22866439819336
2025-01-17 00:00:00-05:00,59.6361394648381,59.82262748997597,59.086500007517216,59.115943908691406,23876400,0.0,0.0,58.52115173339844
2025-01-21 00:00:00-05:00,59.35150647657019,60.19559992397795,59.1650184510362,59.901145935058594,18623800,0.0,0.0,58.96675491333008
2025-01-22 00:00:00-05:00,59.91096415513013,60.617644006637654,59.8618897374632,60.49005126953125,19436600,0.0,0.0,59.41824645996094
2025-01-23 00:00:00-05:00,60.6569022625397,61.16728442002251,60.24467268003699,61.078948974609375,14212000,0.0,0.0,59.85992279052734
2025-01-24 00:00:00-05:00,60.91209521335006,61.13784051959743,60.71579380752776,61.078948974609375,17232900,0.0,0.0,60.3330078125
2025-01-27 00:00:00-05:00,60.25449114742608,60.32319608363788,57.673136241871354,57.987220764160156,33730300,0.0,0.0,60.10726318359375
2025-01-28 00:00:00-05:00,57.928321887509924,58.458334537655595,57.83016931666568,58.33073806762695,25473300,0.0,0.0,59.793181610107425
2025-01-29 00:00:00-05:00,58.84112347734509,59.42021057306266,58.40925962987833,58.44852066040039,17925300,0.0,0.0,59.38487548828125
2025-01-30 00:00:00-05:00,59.351505279541016,59.9502228868661,59.1355733571253,59.351505279541016,17079000,0.0,0.0,59.03938674926758
2025-01-31 00:00:00-05:00,59.41039815158946,60.05819022998866,59.341693214800024,59.479103088378906,16554200,0.0,0.0,58.719417572021484
2025-02-03 00:00:00-05:00,59.07668111606478,60.12688932685825,58.4485196154935,59.91096115112305,20375700,0.0,0.0,59.104165649414064
2025-02-04 00:00:00-05:00,59.71465837459546,60.450785818195435,59.60669241713875,60.20541000366211,12742700,0.0,0.0,59.47910003662109
2025-02-05 00:00:00-05:00,60.31337608833684,61.5500685487727,60.16614910165118,61.41265869140625,18997400,0.0,0.0,60.07192764282227
2025-02-06 00:00:00-05:00,61.65803974370178,61.74637519438884,60.9219122360223,61.11821365356445,15521800,0.0,0.0,60.425269317626956
2025-02-07 00:00:00-05:00,61.57952142316779,62.08008648096906,61.059322105060374,61.11821365356445,23861000,0.0,0.0,60.753091430664064
2025-02-10 00:00:00-05:00,61.95248750496863,61.98193515010475,61.22617715666907,61.648223876953125,15816200,0.0,0.0,61.10054397583008
2025-02-11 00:00:00-05:00,61.37339831060301,61.63840464295338,61.02987366355873,61.27524948120117,17702500,0.0,0.0,61.31451187133789
2025-02-12 00:00:00-05:00,60.30355912088928,61.40284547104729,60.068000434525295,61.37339782714844,30116300,0.0,0.0,61.30665969848633
2025-02-13 00:00:00-05:00,64.87736791245241,65.26997073785411,61.55988938877394,62.65917205810547,43257700,0.0,0.0,61.61485137939453
2025-02-14 00:00:00-05:00,62.61009865469033,63.86642172569617,62.26657024086724,63.67012405395508,23693300,0.0,0.0,62.12523345947265
2025-02-18 00:00:00-05:00,64.09216426151333,65.02458933975436,63.238253751008344,63.39529037475586,22047500,0.0,0.0,62.474646759033206
2025-02-19 00:00:00-05:00,63.32658622205946,63.758450047127155,63.100844668610804,63.64066696166992,14164100,0.0,0.0,62.947730255126956
2025-02-20 00:00:00-05:00,63.75845660224505,64.0234666997011,63.081216895719884,63.473819732666016,14836600,0.0,0.0,63.36781463623047
2025-02-21 00:00:00-05:00,63.48363047708973,63.758450188825215,62.69842862631854,62.79657745361328,18905800,0.0,0.0,63.39529571533203
2025-02-24 00:00:00-05:00,63.23826200766244,63.38548900983766,61.98193890054985,62.070274353027344,17287500,0.0,0.0,63.07532577514648
2025-02-25 00:00:00-05:00,63.40511279666375,63.444373827946855,62.14878974870853,63.081214904785156,22100100,0.0,0.0,63.01251068115234
2025-02-26 00:00:00-05:00,62.86529334091212,63.58178660184563,62.75732362787549,62.894737243652344,13452300,0.0,0.0,62.86332473754883
2025-02-27 00:00:00-05:00,63.5719649274936,64.08235083276402,62.57083486450293,62.62972640991211,24695600,0.0,0.0,62.694506072998045
2025-02-28 00:00:00-05:00,62.74750817824045,62.973257238952485,61.667856013036605,62.92417907714844,26711800,0.0,0.0,62.72002639770508
2025-03-03 00:00:00-05:00,63.19899593423863,63.67993044726387,62.0211912431846,62.30582809448242,21810700,0.0,0.0,62.767137145996095
2025-03-04 00:00:00-05:00,62.56102203494596,62.72787579888115,61.45192225678024,62.08989715576172,24588300,0.0,0.0,62.56887359619141
2025-03-05 00:00:00-05:00,62.060453868868045,62.99288276259927,61.63840714585431,62.77695083618164,14931500,0.0,0.0,62.54531631469727
2025-03-06 00:00:00-05:00,62.619911092622,62.83583927709589,61.59914674081402,62.237125396728516,23155100,0.0,0.0,62.46679611206055
2025-03-07 00:00:00-05:00,61.73655980539961,62.98306571645381,61.039689608527254,62.757320404052734,21154800,0.0,0.0,62.433424377441405
2025-03-10 00:00:00-04:00,62.30583086056509,62.511945661012135,60.53912561761969,60.9120979309082,27417600,0.0,0.0,62.15467834472656
2025-03-11 00:00:00-04:00,61.1280228452212,61.22617541932651,59.410392111825985,59.54780197143555,25787400,0.0,0.0,61.64625930786133
2025-03-12 00:00:00-04:00,59.83243787917437,60.048369794672304,59.13557146260644,59.3416862487793,18935300,0.0,0.0,60.95920639038086
2025-03-13 00:00:00-04:00,59.29261351952202,59.37113557980279,58.13443933934607,58.56629943847656,16463300,0.0,0.0,60.225041198730466
2025-03-14 00:00:00-04:00,59.20427622705407,59.49872645564653,58.81167342617227,59.38094711303711,16250700,0.0,0.0,59.549766540527344
2025-03-17 00:00:00-04:00,59.2827984094105,60.077813653866315,59.22390686591319,59.76373291015625,15335800,0.0,0.0,59.32009353637695
2025-03-18 00:00:00-04:00,59.54780560716018,59.675402089218615,58.566302271008105,59.18465042114258,16669000,0.0,0.0,59.24746322631836
2025-03-19 00:00:00-04:00,59.508544557347136,60.440973416574494,59.38094808335488,59.989479064941406,15488800,0.0,0.0,59.37702178955078
2025-03-20 00:00:00-04:00,59.36131603534975,59.891328688270015,59.22390617958622,59.49872589111328,16528600,0.0,0.0,59.563507080078125
2025-03-21 00:00:00-04:00,59.05705393908414,59.28280300124064,58.330743567048934,59.18465042114258,65935200,0.0,0.0,59.52424774169922
2025-03-24 00:00:00-04:00,59.91096338604848,60.24467466369301,59.75392300504741,59.84225845336914,28335600,0.0,0.0,59.5399528503418
2025-03-25 00:00:00-04:00,59.71466569576979,60.077820897444305,59.57725582184636,59.86189270019531,20877600,0.0,0.0,59.675401306152345
2025-03-26 00:00:00-04:00,59.901144333874605,60.69616334325727,59.88151381886218,60.65690231323242,30621200,0.0,0.0,59.808885955810545
2025-03-27 00:00:00-04:00,60.74523579784589,60.83357124048136,60.19559637179211,60.26430130004883,25720200,0.0,0.0,59.96200103759766
2025-03-28 00:00:00-04:00,60.51949296309511,60.63727231002587,59.39076267725003,59.734291076660156,24931700,0.0,0.0,60.071929168701175
2025-03-31 00:00:00-04:00,59.5085437931826,60.75505338458579,59.12575812025914,60.568565368652344,29335700,0.0,0.0,60.21719055175781
2025-04-01 00:00:00-04:00,60.2446727303852,60.89246474924362,59.930591978462196,60.65690231323242,17381400,0.0,0.0,60.37619247436523
2025-04-02 00:00:00-04:00,60.068001757359,60.725607160756404,59.96984918243095,60.67653274536133,18610700,0.0,0.0,60.38011856079102
2025-04-03 00:00:00-04:00,58.6707796216721,59.20432711795457,56.57609771354323,56.62550354003906,40006300,0.41,0.0,59.65235900878906
2025-04-04 00:00:00-04:00,55.983266114120056,56.78359302121278,53.789780066696935,53.888587951660156,42924400,0.0,0.0,58.483218383789065
2025-04-07 00:00:00-04:00,52.74244275187109,55.44971471849595,51.4876108841651,53.76013946533203,46816200,0.0,0.0,57.121533203125
2025-04-08 00:00:00-04:00,54.08620058538447,55.202701430018884,52.09032651539604,52.554710388183594,37377000,0.0,0.0,55.501094818115234
2025-04-09 00:00:00-04:00,52.44602759491061,57.73212702835724,52.040920913764595,57.43571090698242,53380800,0.0,0.0,54.85293045043945
2025-04-10 00:00:00-04:00,57.12940932368039,57.24797501261558,54.343091134324055,55.914100646972656,31964600,0.0,0.0,54.71064987182617
2025-04-11 00:00:00-04:00,55.99314673324531,57.10965136815058,55.60780539292341,56.645267486572266,23036900,0.0,0.0,55.261985778808594
2025-04-14 00:00:00-04:00,57.198574552022954,57.514752244094254,56.418009225725214,56.724308013916016,15657700,0.0,0.0,55.85481948852539
2025-04-15 00:00:00-04:00,57.1788110279223,57.21833418036911,56.37848792111829,56.516815185546875,18543600,0.0,0.0,56.647240447998044
2025-04-16 00:00:00-04:00,55.89434010985856,56.39825089318898,54.758073948269505,55.09401321411133,20551300,0.0,0.0,56.17890090942383
2025-04-17 00:00:00-04:00,55.528760363515666,55.7362512652939,55.02484958018525,55.09401321411133,15910400,0.0,0.0,56.01488342285156
2025-04-21 00:00:00-04:00,54.50118070188154,54.66915221848438,53.187067895080276,53.72061538696289,15578800,0.0,0.0,55.429953002929686
2025-04-22 00:00:00-04:00,54.560464553217905,54.61974551295295,53.9379880920529,54.38261413574219,19961800,0.0,0.0,54.96161422729492
2025-04-23 00:00:00-04:00,55.47936207923756,56.2994468383327,54.83712398437887,54.965572357177734,30231500,0.0,0.0,54.65136566162109
2025-04-24 00:00:00-04:00,54.63950613167091,55.894337935587075,54.50117886919964,55.61768341064453,22782300,0.0,0.0,54.756099700927734
2025-04-25 00:00:00-04:00,55.53864094207885,56.10183270339453,55.40031367005542,56.03266906738281,16493500,0.0,0.0,54.94383087158203
2025-04-28 00:00:00-04:00,55.854818758488015,56.64526677594905,55.74613196763035,56.16111755371094,23140600,0.0,0.0,55.43193130493164
2025-04-29 00:00:00-04:00,56.01290568790709,56.80335367826982,55.95362472702463,56.65514373779297,13466000,0.0,0.0,55.886437225341794
2025-04-30 00:00:00-04:00,56.41800890535274,57.21833580400217,55.78565352480101,57.04048538208008,19921200,0.0,0.0,56.30141983032227
2025-05-01 00:00:00-04:00,57.08988775743614,57.771648968313045,56.991083642100406,57.42582702636719,16420800,0.0,0.0,56.663048553466794
2025-05-02 00:00:00-04:00,58.354604209173786,58.71030129753311,58.03842650676404,58.62137985229492,18753200,0.0,0.0,57.180790710449216
2025-05-05 00:00:00-04:00,58.29531448166354,58.93755250479357,58.17674879570276,58.61149215698242,14758500,0.0,0.0,57.67086563110352
2025-05-06 00:00:00-04:00,57.92973816783957,58.79922494167905,57.88033610987023,58.512691497802734,13766500,0.0,0.0,58.04237518310547
2025-05-07 00:00:00-04:00,58.492929315567736,59.18456942738837,58.36448095086816,58.8585090637207,14078300,0.0,0.0,58.40597991943359
2025-05-08 00:00:00-04:00,59.2438478470988,59.560025524229445,58.72017927606402,58.99683380126953,16196700,0.0,0.0,58.72018127441406
2025-05-09 00:00:00-04:00,59.935491275356306,60.10346279584812,58.73006145828888,59.056121826171875,17480700,0.0,0.0,58.80712966918945
2025-05-12 00:00:00-04:00,60.874144941758786,61.11127632627568,60.38999573057243,60.93342590332031,23700000,0.0,0.0,59.27151641845703
2025-05-13 00:00:00-04:00,60.94331013991808,61.496622999879115,60.87414650356489,61.0421142578125,18591200,0.0,0.0,59.777400970458984
2025-05-14 00:00:00-04:00,60.89390741359739,61.13103880159933,60.12322097975246,60.55796813964844,34509200,0.0,0.0,60.11729278564453
2025-05-15 00:00:00-04:00,62.316707145273256,64.96469818657633,62.16849720069152,63.492496490478516,60718000,0.0,0.0,61.01642532348633
2025-05-16 00:00:00-04:00,63.146671326145444,63.26523701428983,62.22777876247213,62.86013412475586,30289900,0.0,0.0,61.777227783203124
2025-05-19 00:00:00-04:00,62.672405927159105,63.36404226133751,62.425391873771005,63.156551361083984,16249000,0.0,0.0,62.22185287475586
2025-05-20 00:00:00-04:00,62.978706642644724,63.087389663396564,62.31670699930191,62.66252517700195,14995200,0.0,0.0,62.54593505859375
2025-05-21 00:00:00-04:00,62.23766518836297,63.14667513417949,62.21790361095798,62.44515609741211,15595900,0.0,0.0,62.92337265014648
2025-05-22 00:00:00-04:00,62.65264684030785,62.95894563556964,62.19814186860493,62.60324478149414,15641100,0.0,0.0,62.74552230834961
2025-05-23 00:00:00-04:00,61.96100767451707,62.46491848201732,61.78315724470941,62.356231689453125,15645400,0.0,0.0,62.64474182128906
2025-05-27 00:00:00-04:00,62.99846532993822,63.22572158603911,62.58348351090635,62.98858642578125,17429400,0.0,0.0,62.611148834228516
2025-05-28 00:00:00-04:00,63.12691099961046,63.22571888263287,62.49455562480844,62.58348083496094,13814500,0.0,0.0,62.595339965820315
2025-05-29 00:00:00-04:00,62.968826048796195,62.978708722277084,61.74363837665703,62.29694747924805,13982800,0.0,0.0,62.5656982421875
2025-05-30 00:00:00-04:00,62.168494141148486,62.425390863229254,61.55590035402056,62.28706359863281,25829000,0.0,0.0,62.502462005615236
2025-06-02 00:00:00-04:00,61.9807689401972,63.1170351505673,61.96100736263631,63.0873908996582,15816000,0.0,0.0,62.64869384765625
2025-06-03 00:00:00-04:00,63.03798810649832,63.6901050818742,62.95894556631043,63.59130096435547,15156900,0.0,0.0,62.7692367553711
2025-06-04 00:00:00-04:00,63.887720570318486,64.11496928577121,63.58141800762392,63.620941162109375,14770900,0.0,0.0,62.97672882080078
2025-06-05 00:00:00-04:00,63.70987066431894,64.13473515566703,63.512254890278555,63.84819793701172,17025200,0.0,0.0,63.28697891235352
2025-06-06 00:00:00-04:00,64.53983654999368,65.36980775334973,64.45091510227942,65.27099609375,20943800,0.0,0.0,63.883765411376956
2025-06-09 00:00:00-04:00,65.3203983144749,65.56741237328376,64.80660485072082,65.11290740966797,13689800,0.0,0.0,64.2888687133789
2025-06-10 00:00:00-04:00,65.22159327214149,65.29075690609469,64.03592128373882,64.37186431884766,17214900,0.0,0.0,64.44498138427734
2025-06-11 00:00:00-04:00,64.33234214248064,64.3718652965214,63.10715075116474,63.42333221435547,20442600,0.0,0.0,64.40545959472657
2025-06-12 00:00:00-04:00,63.55178127698505,64.4311507859395,63.34429035739402,64.32246398925781,15160800,0.0,0.0,64.50031280517578
2025-06-13 00:00:00-04:00,63.81854822568419,63.94700035997355,63.166435034312734,63.324520111083984,14635000,0.0,0.0,64.11101760864258
2025-06-16 00:00:00-04:00,64.41138427711458,64.82636606024822,64.07544125867042,64.7275619506836,16957700,0.0,0.0,64.0339485168457
2025-06-17 00:00:00-04:00,64.85600814347313,65.35991891446818,64.24341058778758,64.54971313476562,18845200,0.0,0.0,64.0695182800293
2025-06-18 00:00:00-04:00,64.90541697901432,65.54764750599236,64.59911441782954,65.05361938476562,22664200,0.0,0.0,64.39557571411133
2025-06-20 00:00:00-04:00,65.69586082707261,65.85395345236185,64.93506079811415,65.52789306640625,50421700,0.0,0.0,64.63666152954102
2025-06-23 00:00:00-04:00,65.55752912287151,66.68391261805851,65.41920185421843,66.57522583007812,34030000,0.0,0.0,65.28680267333985
2025-06-24 00:00:00-04:00,66.97045291648051,67.22734965794113,66.55547109138564,67.07913970947266,23162700,0.0,0.0,65.75711822509766
2025-06-25 00:00:00-04:00,67.03961390665361,67.71149244667714,66.97045027186901,67.37555694580078,19395700,0.0,0.0,66.3222869873047
2025-06-26 00:00:00-04:00,67.89922376691337,68.33397091034081,67.60280388943636,68.12647247314453,23154000,0.0,0.0,66.93685760498047
2025-06-27 00:00:00-04:00,68.04743644668072,68.39325462548676,67.52376030360765,67.83006286621094,26224600,0.0,0.0,67.39729156494141
2025-06-30 00:00:00-04:00,68.007911794862,68.94656219356493,67.92886548765502,68.55133819580078,32561200,0.0,0.0,67.79251403808594
2025-07-01 00:00:00-04:00,68.55134327816785,68.71931857800399,67.82018372797232,68.27468872070312,21939500,0.0,0.0,68.03162384033203
2025-07-02 00:00:00-04:00,67.85970382406664,68.11660056081425,67.36567569708255,67.7707748413086,16655200,0.0,0.0,68.1106674194336
2025-07-03 00:00:00-04:00,67.77077625683964,69.05303444143935,67.77077625683964,68.9536361694336,17973500,0.41,0.0,68.2761001586914
2025-07-07 00:00:00-04:00,68.66538234178773,68.88406311096584,68.19820207738046,68.51628112792969,23985200,0.0,0.0,68.41334381103516
2025-07-08 00:00:00-04:00,68.38706044733523,68.50633534513302,67.93975682978643,68.17831420898438,21182600,0.0,0.0,68.33873901367187
2025-07-09 00:00:00-04:00,68.12861855112735,68.90393571767589,67.89999569205678,68.85423278808594,23765900,0.0,0.0,68.45464782714843
2025-07-10 00:00:00-04:00,68.84429661802835,68.97351361482013,68.14849353846722,68.34729766845703,15005300,0.0,0.0,68.56995239257813
2025-07-11 00:00:00-04:00,67.88012329248744,68.08886195926453,67.28372601832393,67.54216003417969,14699400,0.0,0.0,68.28765716552735
2025-07-14 00:00:00-04:00,67.42288308195883,67.62167963944187,66.79665951704241,67.4129409790039,16451400,0.0,0.0,68.06698913574219
2025-07-15 00:00:00-04:00,67.27377812442855,67.47257467083723,66.7469604512036,66.77677917480469,13944600,0.0,0.0,67.78668212890625
2025-07-16 00:00:00-04:00,66.74696407334784,67.15449929068193,66.57798624137035,66.96564483642578,15156100,0.0,0.0,67.40896453857422
2025-07-17 00:00:00-04:00,67.14456199078532,68.05903824978454,67.10480116427202,67.89006042480469,20400000,0.0,0.0,67.31751708984375
2025-07-18 00:00:00-04:00,68.36717767097184,68.42681512111729,67.55209965670667,67.64156341552734,16145100,0.0,0.0,67.33739776611328
2025-07-21 00:00:00-04:00,67.4924632525251,68.20814299977161,67.38312286982895,67.92981719970703,14674200,0.0,0.0,67.4407730102539
2025-07-22 00:00:00-04:00,67.92981260967454,68.18825418618452,67.67137861676667,67.75090026855469,14527200,0.0,0.0,67.6355972290039
2025-07-23 00:00:00-04:00,67.93975383678061,68.4168761577598,67.65149354046432,68.20813751220703,13042300,0.0,0.0,67.88409576416015
2025-07-24 00:00:00-04:00,67.94969887525471,68.17831415157623,67.51233736075812,67.88011932373047,13534000,0.0,0.0,67.88210754394531
2025-07-25 00:00:00-04:00,67.96957308713367,68.40693458612355,67.66143616753737,68.27771759033203,11590000,0.0,0.0,68.00933837890625
2025-07-28 00:00:00-04:00,67.34335890506054,67.55209755768601,66.96564242653857,67.51233673095703,20558400,0.0,0.0,67.92584228515625
2025-07-29 00:00:00-04:00,67.82048483398763,68.30754171590834,67.42288412924304,67.5521011352539,15261800,0.0,0.0,67.88608245849609
2025-07-30 00:00:00-04:00,67.43281670170525,68.16838063850511,66.94575983384773,67.87017822265625,15518200,0.0,0.0,67.81849060058593
2025-07-31 00:00:00-04:00,67.89999436033992,68.73495654274083,67.47257495849708,67.67137908935547,18529200,0.0,0.0,67.77674255371093
2025-08-01 00:00:00-04:00,67.104799769949,67.20419804236582,66.12073639729698,66.70719909667969,21650000,0.0,0.0,67.46263885498047
2025-08-04 00:00:00-04:00,67.36323870930066,68.09880266313634,67.2042029784731,68.07891845703125,17052200,0.0,0.0,67.57595520019531
2025-08-05 00:00:00-04:00,68.27772183315606,68.45664176807904,67.03522439163613,67.11473846435547,15434500,0.0,0.0,67.48848266601563
2025-08-06 00:00:00-04:00,67.55209643491416,68.93375291047253,67.36323440699108,68.79459381103516,23107800,0.0,0.0,67.67336578369141
2025-08-07 00:00:00-04:00,69.38105521969888,69.71901085956029,68.79459252565431,69.48045349121094,22579600,0.0,0.0,68.0351806640625
2025-08-08 00:00:00-04:00,69.81841570448489,71.58773088822764,69.7985390817519,71.35911560058594,31662400,0.0,0.0,68.96556396484375
2025-08-11 00:00:00-04:00,71.8660558866749,72.11455537786865,69.91781320214555,70.24583435058594,28911400,0.0,0.0,69.3989471435547
2025-08-12 00:00:00-04:00,70.36511347246469,71.07085108368297,70.13649061471119,70.95156860351562,21912100,0.0,0.0,70.16631317138672
2025-08-13 00:00:00-04:00,71.42869119345688,71.5976690199238,69.8283539343237,69.97745513916016,38096400,0.0,0.0,70.40288543701172
2025-08-14 00:00:00-04:00,67.59185581435801,70.18619088686198,67.07498025373897,68.8840560913086,39317300,0.0,0.0,70.28360595703126
2025-08-15 00:00:00-04:00,68.03915336062592,68.23795749119354,65.46470243449296,65.80265808105469,40877300,0.0,0.0,69.172314453125
2025-08-18 00:00:00-04:00,65.68338341402118,66.7072000432867,65.35536228514907,66.54815673828125,20903400,0.0,0.0,68.43277893066406
2025-08-19 00:00:00-04:00,66.35930633544922,67.11473932943672,66.08098811833776,66.35930633544922,18746600,0.0,0.0,67.51432647705079
2025-08-20 00:00:00-04:00,66.41893879814948,66.78672074805397,66.14062060194159,66.70719909667969,14946400,0.0,0.0,66.86027526855469
2025-08-21 00:00:00-04:00,66.69725846953936,66.81654094923901,66.0710425142212,66.61773681640625,12456600,0.0,0.0,66.40701141357422
2025-08-22 00:00:00-04:00,66.92588143361282,67.63161904319468,66.60780240417307,66.91593933105469,16830600,0.0,0.0,66.62966766357422
2025-08-25 00:00:00-04:00,66.87618150755614,67.09486227204144,66.70720367449118,66.73702239990234,11724500,0.0,0.0,66.66744079589844
2025-08-26 00:00:00-04:00,66.76683643676999,68.33735492269423,66.70719899013558,67.9795150756836,28307900,0.0,0.0,66.99148254394531
2025-08-27 00:00:00-04:00,67.9099380996645,68.33735751180973,67.7409602720635,68.02922058105469,13876700,0.0,0.0,67.25588684082031
2025-08-28 00:00:00-04:00,67.94969768687066,69.16237634960078,67.93975558436898,69.01327514648438,15256000,0.0,0.0,67.73499450683593
2025-08-29 00:00:00-04:00,68.69520006307864,69.04309783459044,68.4168818458692,68.6753158569336,14953000,0.0,0.0,68.08686981201171
2025-09-02 00:00:00-04:00,67.70120335480051,67.90994202158662,66.97558148907501,67.39306640625,18928800,0.0,0.0,68.21807861328125
2025-09-03 00:00:00-04:00,67.64156379767479,67.72107787045043,66.92588405747622,67.26383972167969,14320100,0.0,0.0,68.07494354248047
2025-09-04 00:00:00-04:00,67.69125718753921,67.99940170119233,67.00540377601965,67.58191680908203,14388500,0.0,0.0,67.98548278808593
2025-09-05 00:00:00-04:00,67.3135445333399,67.69126103628463,66.0809891594546,66.49846649169922,21050800,0.0,0.0,67.4825210571289
2025-09-08 00:00:00-04:00,66.31954094001631,66.60780124034721,65.95175898781437,66.47857666015625,14038000,0.0,0.0,67.04317321777344
2025-09-09 00:00:00-04:00,66.33941668981379,67.03521975914275,66.24001841808166,66.9358139038086,11649400,0.0,0.0,66.95172271728515
2025-09-10 00:00:00-04:00,67.18431716735711,67.90993900080537,66.71714450548495,67.72107696533203,14689500,0.0,0.0,67.04317016601563
2025-09-11 00:00:00-04:00,67.8999957833997,68.158437367131,67.10480199410682,67.28372192382812,17560800,0.0,0.0,66.98353118896485
2025-09-12 00:00:00-04:00,66.47858167259011,66.93581982992077,65.73308319319395,66.13068389892578,18529200,0.0,0.0,66.90997467041015
2025-09-15 00:00:00-04:00,66.11080334078775,66.79665674415462,65.95176003452156,66.61773681640625,16203100,0.0,0.0,66.93780670166015
2025-09-16 00:00:00-04:00,66.61773833964585,66.97557820332473,66.15056567991184,66.52828216552734,18019300,0.0,0.0,66.8563003540039
2025-09-17 00:00:00-04:00,66.5978579112043,67.4725733148667,65.98157649595913,67.31353759765625,18652100,0.0,0.0,66.77479248046875
2025-09-18 00:00:00-04:00,67.49245933593333,68.34729814180447,67.07498203546665,68.26777648925781,20279000,0.0,0.0,66.97160339355469
2025-09-19 00:00:00-04:00,68.50633576739355,68.50633576739355,66.77678148624365,67.80059814453125,47822500,0.0,0.0,67.30558624267579
2025-09-22 00:00:00-04:00,67.4527012817235,67.59186038759802,66.8960648582255,67.3433609008789,20396700,0.0,0.0,67.45071105957031
2025-09-23 00:00:00-04:00,67.17438149347814,67.81053955786105,66.6674404290597,67.1346206665039,22240000,0.0,0.0,67.57197875976563
2025-09-24 00:00:00-04:00,67.29365580863868,67.45269911515967,66.48851992428231,66.91593933105469,17433100,0.0,0.0,67.49245910644531
2025-09-25 00:00:00-04:00,66.91593897409545,67.8304152309062,66.70720032310183,67.44275665283203,22351700,0.0,0.0,67.32745513916015
2025-09-26 00:00:00-04:00,67.46264376493426,67.50240459306578,66.44876160658694,66.81654357910156,15077400,0.0,0.0,67.13064422607422
2025-09-29 00:00:00-04:00,67.31353759765625,67.54215286307164,67.03521940483648,67.31353759765625,14358300,0.0,0.0,67.12467956542969
2025-09-30 00:00:00-04:00,67.3036007396654,68.3572361470387,67.28372411731608,68.00933837890625,20498900,0.0,0.0,67.29962310791015
2025-10-01 00:00:00-04:00,67.49245985745198,68.40693611799824,67.2837212056057,68.33735656738281,15530700,0.0,0.0,67.58390655517579
2025-10-02 00:00:00-04:00,68.76477479670581,69.07291171792859,67.8502985518109,67.89999389648438,15708300,0.0,0.0,67.67535400390625
2025-10-03 00:00:00-04:00,67.94999694824219,68.58000183105469,67.6500015258789,67.91999816894531,11113200,0.41,0.0,67.896044921875
2025-10-06 00:00:00-04:00,68.44000244140625,68.94999694824219,67.80999755859375,68.91000366210938,21952700,0.0,0.0,68.21533813476563
2025-10-07 00:00:00-04:00,68.91999816894531,69.22000122070312,68.44000244140625,68.98999786376953,16493200,0.0,0.0,68.41147003173828
2025-10-08 00:00:00-04:00,69.80999755859375,70.76000213623047,69.0,70.33000183105469,34246300,0.0,0.0,68.80999908447265
2025-10-09 00:00:00-04:00,70.30999755859375,70.62000274658203,69.02999877929688,69.95999908447266,21209500,0.0,0.0,69.22200012207031
2025-10-10 00:00:00-04:00,70.41000366210938,70.80999755859375,67.88999938964844,67.94000244140625,20961500,0.0,0.0,69.2260009765625
2025-10-13 00:00:00-04:00,68.55000305175781,68.88999938964844,67.12999725341797,67.45999908447266,14127900,0.0,0.0,68.93600006103516
2025-10-14 00:00:00-04:00,67.11000061035156,69.16000366210938,66.80999755859375,68.66000366210938,15402000,0.0,0.0,68.87000122070313
2025-10-15 00:00:00-04:00,69.30999755859375,70.30000305175781,68.81999969482422,69.5199966430664,16260500,0.0,0.0,68.70800018310547
2025-10-16 00:00:00-04:00,69.77999877929688,70.06999969482422,68.56999969482422,69.08999633789062,13950600,0.0,0.0,68.53399963378907
2025-10-17 00:00:00-04:00,69.05999755859375,70.7699966430664,68.94999694824219,70.12999725341797,16286900,0.0,0.0,68.97199859619141
2025-10-20 00:00:00-04:00,70.12000274658203,70.97000122070312,70.12000274658203,70.6500015258789,12183500,0.0,0.0,69.60999908447266
2025-10-21 00:00:00-04:00,70.58000183105469,71.23999786376953,70.37999725341797,70.72000122070312,15763300,0.0,0.0,70.02199859619141
2025-10-22 00:00:00-04:00,70.86000061035156,70.97000122070312,69.8499984741211,70.66000366210938,14967200,0.0,0.0,70.25
2025-10-23 00:00:00-04:00,70.5999984741211,71.23999786376953,70.2300033569336,70.2699966430664,14614100,0.0,0.0,70.48600006103516
2025-10-24 00:00:00-04:00,70.63999938964844,70.94000244140625,70.05999755859375,70.62999725341797,13075600,0.0,0.0,70.58600006103515
2025-10-27 00:00:00-04:00,70.54000091552734,71.45999908447266,70.43000030517578,71.38999938964844,15986800,0.0,0.0,70.73399963378907
2025-10-28 00:00:00-04:00,71.19999694824219,72.68000030517578,71.02999877929688,72.62000274658203,19896800,0.0,0.0,71.11399993896484
2025-10-29 00:00:00-04:00,72.68000030517578,72.81999969482422,70.91999816894531,71.33000183105469,18020600,0.0,0.0,71.24799957275391
2025-10-30 00:00:00-04:00,71.37000274658203,73.11000061035156,71.33999633789062,72.91000366210938,18101800,0.0,0.0,71.7760009765625
2025-10-31 00:00:00-04:00,72.72000122070312,73.4800033569336,72.43000030517578,73.11000061035156,24008000,0.0,0.0,72.27200164794922
2025-11-03 00:00:00-05:00,74.61000061035156,74.83999633789062,73.62000274658203,74.44999694824219,21733400,0.0,0.0,72.88400115966797
2025-11-04 00:00:00-05:00,73.9000015258789,73.98999786376953,71.9800033569336,72.31999969482422,22345000,0.0,0.0,72.82400054931641
2025-11-05 00:00:00-05:00,72.22000122070312,72.58000183105469,71.33999633789062,72.0999984741211,16113500,0.0,0.0,72.97799987792969
2025-11-06 00:00:00-05:00,71.70999908447266,72.2300033569336,70.69000244140625,71.04000091552734,16469900,0.0,0.0,72.60399932861328
2025-11-07 00:00:00-05:00,71.38999938964844,71.58999633789062,70.54000091552734,71.06999969482422,16913700,0.0,0.0,72.19599914550781
2025-11-10 00:00:00-05:00,71.76000213623047,72.5,71.1500015258789,72.08999633789062,22201200,0.0,0.0,71.7239990234375
2025-11-11 00:00:00-05:00,71.73999786376953,72.25,71.0999984741211,71.70999908447266,21412900,0.0,0.0,71.60199890136718
2025-11-12 00:00:00-05:00,71.91000366210938,74.20999908447266,71.72000122070312,73.95999908447266,57591600,0.0,0.0,71.9739990234375
2025-11-13 00:00:00-05:00,77.94999694824219,79.5,76.6500015258789,77.37999725341797,57638500,0.0,0.0,73.24199829101562
2025-11-14 00:00:00-05:00,76.58000183105469,78.66999816894531,75.83999633789062,78.0,38819600,0.0,0.0,74.62799835205078
2025-11-17 00:00:00-05:00,77.88999938964844,79.38999938964844,77.47000122070312,77.77999877929688,28720100,0.0,0.0,75.76599884033203
2025-11-18 00:00:00-05:00,77.55000305175781,78.19999694824219,76.44999694824219,77.37000274658203,26025500,0.0,0.0,76.8979995727539
2025-11-19 00:00:00-05:00,77.30000305175781,78.93000030517578,77.16000366210938,78.38999938964844,24759700,0.0,0.0,77.78399963378907
2025-11-20 00:00:00-05:00,79.12000274658203,80.05999755859375,75.31999969482422,75.44000244140625,27381900,0.0,0.0,77.39600067138672
2025-11-21 00:00:00-05:00,75.63999938964844,76.94000244140625,75.47000122070312,76.0999984741211,24428800,0.0,0.0,77.01600036621093
2025-11-24 00:00:00-05:00,76.48999786376953,76.87999725341797,75.68000030517578,76.23999786376953,26691500,0.0,0.0,76.70800018310547
2025-11-25 00:00:00-05:00,76.48999786376953,77.05999755859375,76.08000183105469,76.31999969482422,18818800,0.0,0.0,76.49799957275391
2025-11-26 00:00:00-05:00,76.45999908447266,76.5999984741211,75.33999633789062,76.06999969482422,15972600,0.0,0.0,76.03399963378907
2025-11-28 00:00:00-05:00,76.13999938964844,76.95999908447266,75.80999755859375,76.94000244140625,7320900,0.0,0.0,76.33399963378906
