Date,Open,High,Low,Close,Volume,MA5
2021-01-08,19.13847783840551,19.147488627524925,18.588831732547167,18.958267211914062,4682700,18.889784622192384
2021-01-11,18.913209932151688,19.138474464528862,18.778051556451782,18.94925308227539,7179800,18.936639404296876
2021-01-12,18.95826560604613,19.25561474727061,18.86815944111674,19.22858238220215,4392600,19.003317642211915
2021-01-13,19.282641989303634,19.345715778028712,18.742006813810068,18.805082321166992,5314500,18.994306564331055
2021-01-14,18.751015072207757,18.805079785509378,18.228401540713413,18.327518463134766,7574400,18.853740692138672
2021-01-15,18.300486460673827,18.723984796574875,18.174338897791806,18.4266357421875,9183200,18.74741439819336
2021-01-19,18.552787952305195,18.949254030341915,18.40861878186131,18.723989486694336,7029700,18.70236167907715
2021-01-20,18.850136275878054,18.88617770763326,18.54377637211478,18.84112548828125,4945600,18.62487030029297
2021-01-21,18.868157041788347,19.003315412679235,18.507734146535334,18.579818725585938,5134100,18.57981758117676
2021-01-22,18.579816181693097,18.787059103259505,18.480699254582337,18.624868392944336,5047900,18.639287567138673
2021-01-25,18.81409407392691,18.823104861977956,18.372575771218255,18.615861892700195,4696600,18.67713279724121
2021-01-26,18.742012347339827,18.922224698588852,18.516747767594723,18.877172470092773,4502600,18.7077693939209
2021-01-27,18.65190519940026,18.994306555015662,18.588829682520483,18.751020431518555,7300200,18.68974838256836
2021-01-28,18.669919954994445,19.354724197717374,18.642889316636307,19.192533493041992,5354600,18.81229133605957
2021-01-29,19.066393541445514,19.102436698485317,18.742012002616583,18.98529815673828,5936100,18.88437728881836
2021-02-01,19.102428028725228,19.516913834771966,18.985289540142254,19.318681716918945,5388100,19.02494125366211
2021-02-02,19.453842225082685,19.832286651252165,19.381757654318584,19.697128295898438,4545100,19.188932418823242
2021-02-03,19.760205716630235,19.823279512826282,19.39077200865449,19.489887237548828,4783600,19.3367057800293
2021-02-04,19.6070199678439,19.652072175064095,18.949248118092402,19.318681716918945,7362400,19.361935424804688
2021-02-05,19.084415119965414,19.625050445136193,18.733002931988956,18.98529815673828,9331900,19.361935424804688
2021-02-08,19.102433308458817,19.102433308458817,18.489713496577505,18.525754928588867,6433800,19.203350067138672
2021-02-09,18.54377763930023,19.8773433593799,18.45367147580682,19.859323501586914,8233100,19.235789108276368
2021-02-10,19.922399390223866,19.967451617380313,19.35473170371177,19.507911682128906,5825300,19.239393997192384
2021-02-11,19.579993250006634,19.634057976595592,19.11144259802787,19.183528900146484,5275100,19.21236343383789
2021-02-12,19.219568894436144,19.354727263531007,18.994304373067397,19.34571647644043,2925900,19.28444709777832
2021-02-16,19.372748989702636,19.408792138347728,19.012326096411297,19.273632049560547,3561400,19.434022521972658
2021-02-17,19.237591079188313,19.372749452572897,18.96727261378719,19.0573787689209,4123300,19.273633575439455
2021-02-18,18.904202803625534,19.048371994761048,18.633885999904525,18.77805519104004,5657900,19.12766227722168
2021-02-19,18.98201510861921,18.991080270552512,18.492506738238,18.54689598083496,7063000,19.000335693359375
2021-02-22,18.510637483491006,18.800715755948776,18.356533185122455,18.592222213745117,10150500,18.849636840820313
2021-02-23,18.483438344377475,18.492503504725686,17.930477395157002,17.975801467895508,7124800,18.590070724487305
2021-02-24,17.948607482172406,18.800713606866246,17.86702276124413,18.62847900390625,7332100,18.504290771484374
2021-02-25,18.628474237465152,18.728189255086374,18.320265754819793,18.338396072387695,4081600,18.416358947753906
2021-02-26,18.311204551190798,18.429048171704306,17.595072481216352,17.68572235107422,11889000,18.24412422180176
2021-03-01,17.94860794315833,17.957673104494596,17.631335941402646,17.821699142456055,8024400,18.090019607543944
2021-03-02,17.912350105890592,18.247752450524096,17.604141517901365,18.075519561767578,7697600,18.10996322631836
2021-03-03,17.984871808296067,18.229626021184895,17.857962984873584,18.120845794677734,5990000,18.008436584472655
2021-03-04,18.120843117686828,18.483440937472405,18.030193230489736,18.220558166503906,6178300,17.9848690032959
2021-03-05,18.220556471587283,18.365595586009654,18.021126392504552,18.302141189575195,5259400,18.108152770996092
2021-03-08,18.311208507201172,19.734406065733594,18.202428294070025,19.00920867919922,12398800,18.345654678344726
2021-03-09,19.108925834910256,19.78879748709492,19.01827593548503,19.516849517822266,6189900,18.633920669555664
2021-03-10,19.58936689049342,19.661886456084673,19.027338960409097,19.045469284057617,5145200,18.818845367431642
2021-03-11,19.208636974035908,19.652819488597043,19.06359785617932,19.39900016784668,4414300,19.054533767700196
2021-03-12,19.308350032525464,19.571234510803386,19.190506399195716,19.471519470214844,2626400,19.288409423828124
2021-03-15,19.516843581945682,19.589363133629075,19.38086790966214,19.553102493286133,2569800,19.397188186645508
2021-03-16,19.64375286800142,19.689076940587857,19.217700707080297,19.290220260620117,3290500,19.351862335205077
2021-03-17,19.16331116907906,19.498715209749086,19.02733721221384,19.39900016784668,5185400,19.42256851196289
2021-03-18,19.081726246861283,19.580299722084927,19.081726246861283,19.19957160949707,3649300,19.38268280029297
2021-03-19,19.272090445657753,19.362740322211693,19.009205976551588,19.14518165588379,7444700,19.317415237426758
2021-03-22,19.172372335094913,19.48058082856897,19.127048268584975,19.317411422729492,3494900,19.27027702331543
2021-03-23,19.41713146487814,19.78879443917437,19.190507615721764,19.380870819091797,3724000,19.288407135009766
2021-03-24,19.335545863210527,19.35367618528075,19.090791702270508,19.090791702270508,2733100,19.226765441894532
2021-03-25,19.045469063692703,19.253962596229833,18.94575401378242,19.081727981567383,3932200,19.203196716308593
2021-03-26,19.063599629454693,19.61656066934277,19.009208658447083,19.589366912841797,2913500,19.292033767700197
2021-03-29,19.49871230452324,19.82505113557879,19.353673208276867,19.689075469970703,3806900,19.366366577148437
2021-03-30,19.634683347123456,19.652813663732584,19.06359220595322,19.127046585083008,4289600,19.31560173034668
2021-03-31,19.12705558345973,19.534977525060157,19.01827536163117,19.2720947265625,4819800,19.351862335205077
2021-04-01,19.417129516601562,19.716272898312408,19.353675121845107,19.417129516601562,3118400,19.418942642211913
2021-04-05,19.55310331698559,20.06074020015419,19.471518601779604,20.033546447753906,5170000,19.507778549194335
2021-04-06,20.05167774854423,20.078871502273376,19.843182505605736,19.897573471069336,3163100,19.549478149414064
2021-04-07,19.879439858149674,19.970089723245675,19.670946378730527,19.716270446777344,2840600,19.66732292175293
2021-04-08,19.770659636371274,20.060737820921055,19.63468570348886,20.024478912353516,3423600,19.817799758911132
2021-04-09,19.970094006854964,20.006352923269525,19.670950598173192,19.879444122314453,2541300,19.910262680053712
2021-04-12,19.752532187333045,20.178584329370523,19.698141227837013,20.124195098876953,3770700,19.92839241027832
2021-04-13,19.661881451226076,19.89757041165461,19.317412305598847,19.525907516479492,5766200,19.85405921936035
2021-04-14,19.308351573048256,19.68001455343725,19.072664287584377,19.154247283935547,6103100,19.74165458679199
2021-04-15,18.873226226796632,19.643747347233038,18.755382633789676,19.45338249206543,5988200,19.627435302734376
2021-04-16,19.498717487343693,19.806926081040658,19.41713275789433,19.598432540893555,4513100,19.571232986450195
2021-04-19,19.525907540621322,19.770659931866835,19.480581742981492,19.761594772338867,2814300,19.498712921142577
2021-04-20,19.84318041914185,19.979156089500673,19.562167376471724,19.779726028442383,3596600,19.549476623535156
2021-04-21,19.906635715484807,19.97915699844349,19.625622660030118,19.951961517333984,2507200,19.709019470214844
2021-04-22,19.988223784432854,20.151393240469506,19.85224981406993,19.942899703979492,2560900,19.806922912597656
2021-04-23,20.033547376474466,20.214845407223773,19.888508260273962,20.16952133178711,3599900,19.921140670776367
2021-04-26,20.251106886403083,20.568380614559445,20.15139184152467,20.495861053466797,3241700,20.067993927001954
2021-04-27,20.486795723432667,20.649965166797607,20.30549595769325,20.378015518188477,3278100,20.18765182495117
2021-04-28,20.37801368184517,20.41427432332655,20.0244810724145,20.069805145263672,3097600,20.21122055053711
2021-04-29,20.21484764470535,20.287367210832436,19.843184652178685,19.942899703979492,2881500,20.21122055053711
2021-04-30,19.888510337372338,19.915704093873316,19.571236589172592,19.589366912841797,4565400,20.09518966674805
2021-05-03,19.634691460091677,19.806926081040658,19.480587163243197,19.598432540893555,4842000,19.915703964233398
2021-05-04,19.562162656304356,19.698136564851474,19.281149681440038,19.45338249206543,3578200,19.73077735900879
2021-05-05,19.353676607670174,19.516846051857986,19.172376841016444,19.25396156311035,6452300,19.567608642578126
2021-05-06,19.344609859239,19.353675019728175,18.800712332906564,18.873231887817383,6295400,19.353675079345702
2021-05-07,18.927616560386927,19.317409722472366,18.927616560386927,19.127046585083008,7731600,19.261211013793947
2021-05-10,19.081727473939385,19.30835132388642,19.045468557029295,19.108922958374023,4506800,19.16330909729004
2021-05-11,19.74347399491525,21.1757369160448,19.589369679964463,21.166671752929688,11341800,19.50596694946289
2021-05-12,21.728690876994932,22.879940278367027,21.601782093191,22.689577102661133,20145700,20.19309005737305
2021-05-13,22.916206558046653,23.32412849022648,22.78929601401039,22.997791290283203,9677500,21.01800193786621
2021-05-14,23.097502266951345,23.741114896965176,22.771165100228618,23.65046501159668,13136900,21.922685623168945
2021-05-17,23.55981985233338,24.0493282941171,23.523560928314083,23.66860008239746,12358900,22.834621047973634
2021-05-18,23.632333408713578,24.28501116481325,23.632333408713578,24.0130615234375,9315000,23.403899002075196
2021-05-19,23.71391888409923,23.93147756673284,23.614203839516136,23.913347244262695,5148400,23.648653030395508
2021-05-20,23.913345475056353,24.339399376570025,23.895216882930146,24.18529510498047,4611600,23.886153793334962
2021-05-21,24.294075270416123,24.53882943574038,24.06745142748686,24.221555709838867,6242400,24.0003719329834
2021-05-24,24.221554320296985,24.973945366498874,24.21248915961954,24.928621292114258,6293900,24.25237617492676
2021-05-25,24.964885145687518,25.15524835738965,24.593220426120958,24.683870315551758,7807500,24.386537933349608
2021-05-26,24.720129663203643,25.282155835919596,24.556960216607806,25.046466827392578,5424400,24.613161849975587
2021-05-27,25.354674412600104,25.52690901386986,24.973946295005344,25.06459617614746,9584700,24.789022064208986
2021-05-28,25.17337684821317,25.427194445335655,24.95581816682131,25.07366180419922,3726900,24.959443283081054
2021-06-01,25.254960330039662,25.43625835779788,25.028336498589923,25.282154083251953,4157200,25.030149841308592
2021-06-02,25.599425989206914,25.934829996879284,25.20056758984038,25.8260498046875,7322800,25.258585739135743
2021-06-03,25.454388637486883,25.662882147117738,25.037401618225175,25.43625831604004,4224400,25.336544036865234
2021-06-04,25.626621682038074,25.816984858699335,25.44532193654901,25.789791107177734,3346000,25.481583023071288
2021-06-07,25.789793988146226,25.90763762557663,25.490650584973825,25.771663665771484,4007900,25.621183395385742
2021-06-08,25.803527906410537,25.98562830302399,25.621427509797083,25.730688095092773,4631400,25.710890197753905
2021-06-09,25.876366498342723,26.27698631003085,25.77621111126119,26.04025650024414,5512600,25.753731536865235
2021-06-10,26.140413409670924,26.331619014606602,25.912788764571154,26.103994369506836,6360500,25.887278747558593
2021-06-11,26.140417320743182,26.17683810299469,25.85816320484793,26.031158447265625,3623700,25.935552215576173
2021-06-14,26.103999439537695,26.131315027444778,25.657855256886698,25.903690338134766,4896800,25.96195755004883
2021-06-15,25.94921064376831,26.04026085300393,25.402911124992897,25.493961334228516,3608800,25.914612197875975
2021-06-16,25.36648850510798,25.594113127769358,25.066024072660486,25.27543830871582,3814300,25.76164855957031
2021-06-17,25.229916403286474,25.339177003871605,24.893032880039126,25.056922912597656,5541000,25.552234268188478
2021-06-18,24.902137726354677,25.002291394131415,24.255682799934963,24.419572830200195,11454400,25.229917144775392
2021-06-21,24.628982435588842,24.938552048245683,24.428673401308878,24.92034339904785,3609600,25.03324775695801
2021-06-22,24.929450423755757,24.929450423755757,24.537937492072157,24.69272232055664,2542000,24.872999954223634
2021-06-23,24.528831611443103,24.974975695969327,24.528831611443103,24.792875289916992,5333200,24.776487350463867
2021-06-24,24.90213824389026,25.129762904736353,24.656303193383277,24.911243438720703,3584600,24.747351455688477
2021-06-25,24.829295809111027,24.911240817323655,24.383151729196797,24.565250396728516,15374000,24.776486968994142
2021-06-28,24.50151679499483,24.710931052850597,24.337626771755286,24.619882583618164,4700300,24.7163948059082
2021-06-29,24.720037210519532,25.04781726977325,24.601673153921407,24.938556671142578,3173300,24.765561676025392
2021-06-30,24.929445397739524,25.01139039257148,24.683612149881522,24.78376579284668,3034200,24.763739776611327
2021-07-01,24.811085802557084,25.029605248935315,24.729140793085474,24.75645637512207,2414200,24.7327823638916
2021-07-02,24.7746636069989,24.965869197023245,24.701823795712976,24.765560150146484,2607000,24.772844314575195
2021-07-06,24.865715605202144,25.430225486009363,24.78377059449403,25.248125076293945,5311100,24.89849281311035
2021-07-07,25.26633494398328,25.566799398175934,25.05692069277226,25.34827995300293,4080600,24.98043746948242
2021-07-08,25.04781452347964,25.239018379321465,24.70182411294952,24.7746639251709,2916400,24.978617095947264
2021-07-09,24.920349219340878,25.23902236270562,24.811088615445552,25.18439292907715,3519300,25.06420440673828
2021-07-12,25.138867070101114,25.220812083581034,24.829297405096597,24.856611251831055,2395500,25.082414627075195
2021-07-13,24.883924192246823,25.047814201799667,24.710928989203477,24.765560150146484,2425100,24.985901641845704
2021-07-14,24.893029066697746,26.113097192578586,23.74580075116928,24.501514434814453,8456000,24.816548538208007
2021-07-15,23.82774622585572,24.210155671923605,23.126661951958237,23.54549217224121,10485000,24.57071418762207
2021-07-16,23.66385938889252,23.98253425946186,23.64564899934265,23.682069778442383,5147500,24.270249557495116
2021-07-19,23.591022920649383,23.900592640447215,23.54549867694206,23.709388732910156,3557400,24.040805053710937
2021-07-20,23.764012993618365,23.83685280965871,23.436232953117717,23.499967575073242,4061800,23.78768653869629
2021-07-21,23.40891859043757,23.499968799391144,23.117559311096752,23.299659729003906,4542900,23.54731559753418
2021-07-22,23.381606439065827,23.600125914418786,22.762467057246575,23.408920288085938,8662300,23.520001220703126
2021-07-23,23.581909368793387,23.62743533300806,23.208605145422894,23.4726505279541,2333900,23.478117370605467
2021-07-26,23.490864011641207,23.609229806322176,23.336079174731086,23.38160514831543,2079400,23.412560653686523
2021-07-27,23.42712758546571,23.49086220694904,23.008299080496304,23.19950294494629,3000800,23.352467727661132
2021-07-28,23.090243882683616,23.39070833600581,22.625889411796923,23.008298873901367,3830400,23.294195556640624
2021-07-29,22.817093411767576,23.062928439592945,22.398264908039774,22.416475296020508,5917700,23.09570655822754
2021-07-30,22.40736604076703,22.680514864417976,22.343631431024335,22.598569869995117,4598700,22.920890426635744
2021-08-02,22.598574904818843,22.64410087666215,22.389160644254385,22.398265838623047,2517500,22.724222564697264
2021-08-03,22.43468589795877,22.716941726286493,22.21616643310521,22.30721664428711,3187000,22.54576530456543
2021-08-04,22.334530510595265,22.334530510595265,21.861070838179966,22.052274703979492,4262700,22.354560470581056
2021-08-05,22.13421851648341,22.225268715735105,21.551500019893542,21.842859268188477,6192500,22.23983726501465
2021-08-06,21.751809068936783,22.061378704409677,21.688074450452028,21.842859268188477,3229500,22.08869514465332
2021-08-09,21.84286219264322,22.116012826969364,21.660763506397462,21.751811981201172,3438100,21.959404373168944
2021-08-10,21.85196241693852,22.161532023442852,21.678967228212468,21.988536834716797,3521300,21.89566841125488
2021-08-11,23.272342592354594,24.20105153575908,23.217713165283204,23.90058708190918,14530600,22.26533088684082
2021-08-12,23.636543720366713,24.337628085794112,23.59101948329255,23.75490951538086,9041800,22.6477409362793
2021-08-13,23.754907497944696,24.055371952376234,23.609227867713535,23.937007904052734,4477600,23.066570663452147
2021-08-16,23.882378401524697,23.98253380551487,23.499968911407485,23.563703536987305,4242500,23.428948974609376
2021-08-17,23.408914841616664,23.7093810040368,23.308761190781297,23.636539459228516,3647900,23.75854949951172
2021-08-18,23.490865308423096,23.57281032876026,23.345185658187795,23.408920288085938,5129700,23.66021614074707
2021-08-19,23.399812987328932,23.70027743368373,23.235922973564836,23.518177032470703,3569300,23.612869644165038
2021-08-20,23.44041322031227,23.64169638363353,23.3397707661099,23.55935287475586,5771600,23.537338638305663
2021-08-23,23.458707883754208,23.943619411920064,23.458707883754208,23.76063346862793,4675900,23.57672462463379
2021-08-24,23.760636429079383,24.2455480176627,23.66914519111727,24.19980239868164,5417800,23.689377212524413
2021-08-25,24.49257429285924,24.666409010850863,24.09000628445345,24.428529739379883,4466500,23.893299102783203
2021-08-26,24.373634732508638,24.703008740812805,24.254695087889537,24.437679290771484,4059100,24.07719955444336
2021-08-27,24.529170912287192,24.56576879789568,24.181499724422736,24.501724243164062,2772000,24.265673828125
2021-08-30,24.584067820928265,24.602365018708987,24.346186798946494,24.510873794555664,1909700,24.415721893310547
2021-08-31,24.59321401448905,24.629811897935987,24.227243905435355,24.300437927246094,4953700,24.435848999023438
2021-09-01,24.382786421385017,24.52917449503403,24.071711328609986,24.474279403686523,3209800,24.444998931884765
2021-09-02,24.44682952901068,24.84939758010356,24.318740408469786,24.840248107910156,3928300,24.5255126953125
2021-09-03,24.79449956408816,25.12387179873882,24.712156069154698,24.959186553955078,3247400,24.617005157470704
2021-09-07,24.968336978428162,25.02323206211879,24.602365100268663,24.81279945373535,3795500,24.67739028930664
2021-09-08,24.73960527078561,25.178769427701948,24.638962830419402,25.087276458740234,7503500,24.834757995605468
2021-09-09,25.178772940320375,25.855818212956514,24.931742413186203,25.050682067871094,8071300,24.950038528442384
2021-09-10,25.05067952939907,25.133023030099643,24.79450130062689,24.940889358520508,4532000,24.970166778564455
2021-09-13,25.123877429222972,25.123877429222972,24.25469841969919,24.34619140625,4394400,24.847567749023437
2021-09-14,24.355338284028754,24.41023337207601,23.870426728541716,23.952770233154297,3650500,24.675561904907227
2021-09-15,23.980215391753397,24.099156777615867,23.824679609612627,24.016813278198242,2883200,24.46146926879883
2021-09-16,23.8887221675754,24.062556878397746,23.678287828286397,23.714885711669922,3185200,24.194309997558594
2021-09-17,23.595948539314634,23.74233659793472,23.458708207410403,23.50445556640625,5336000,23.907023239135743
2021-09-20,23.19338339134896,23.64169709478875,22.89145776474324,23.08359146118164,5551600,23.65450325012207
2021-09-21,23.229974161949823,23.312317654247842,22.83655564209998,22.854854583740234,3177900,23.43492012023926
2021-09-22,22.87315336497513,23.092735427868917,22.644421831325378,22.81825828552246,3068300,23.195209121704103
2021-09-23,22.82741251260266,23.61424796564648,22.781665149290912,23.55935287475586,3964500,23.16410255432129
2021-09-24,23.33061979375814,23.69658995131022,23.239126818099276,23.623395919799805,2830200,23.187890625
2021-09-27,23.5684988496204,23.724036371630085,23.321468359649156,23.61424446105957,1912100,23.294021224975587
2021-09-28,23.55935216797999,23.678291818855417,23.33977006592145,23.458709716796875,2153900,23.414792251586913
2021-09-29,23.50445269136092,23.687436869711902,23.248272747569832,23.376361846923828,1773800,23.526412963867188
2021-09-30,23.449558180772453,23.486156067103188,23.09273751446412,23.147632598876953,2768100,23.444068908691406
2021-10-01,23.30317170825942,23.568501166927398,23.074440138407734,23.385515213012695,2203200,23.396492767333985
2021-10-04,23.294023082826556,23.303172555363226,22.690171856073924,22.90975570678711,4119600,23.255595016479493
2021-10-05,22.94635301313679,23.266577587792614,22.827413354307588,23.101890563964844,2914300,23.184231185913085
2021-10-06,23.00124810605153,23.1659351298793,22.78166598930902,23.101890563964844,2161800,23.12933692932129
2021-10-07,23.26657280405221,23.55934889951245,23.248273861815147,23.54104995727539,2152100,23.208020401000976
2021-10-08,23.614243660025675,23.742334508860093,23.431259475392896,23.486154556274414,1906900,23.22814826965332
2021-10-11,23.56850140606816,23.824681395131428,23.39466492259368,23.4129638671875,1881400,23.328789901733398
2021-10-12,23.577649521370347,23.577649521370347,23.07443904450264,23.220827102661133,3268900,23.352577209472656
2021-10-13,23.184231130173885,23.42211216269152,22.928051153981823,22.94635009765625,3907500,23.321469116210938
2021-10-14,23.193378127568707,23.33061670031866,22.937198178707828,23.13848304748535,2998000,23.24095573425293
2021-10-15,23.22997609803784,23.37636415319425,23.05614137321665,23.147632598876953,2004200,23.173251342773437
2021-10-18,23.019542240576143,23.586797232407704,23.010392769488824,23.53190040588379,2587700,23.197038650512695
2021-10-19,23.60509697565136,23.678291007161775,23.440411713565446,23.623395919799805,1911500,23.27755241394043
2021-10-20,23.7331839557861,23.943616543806847,23.504452426611437,23.907018661499023,1862000,23.469686126708986
2021-10-21,23.925322521783045,24.071710590946083,23.79723339753625,24.05341339111328,1756100,23.65267219543457
2021-10-22,24.07171086795349,24.41938384502916,24.025965250219908,24.401084899902344,2270100,23.903362655639647
2021-10-25,24.391935427338936,24.574921388440178,24.245547356491326,24.401084899902344,2325700,24.07719955444336
2021-10-26,24.483426505297746,24.492575977150157,24.108306884765625,24.108306884765625,2749200,24.174181747436524
2021-10-27,24.117454912306542,24.190648937659144,23.541050435706968,23.61424446105957,2346900,24.115626907348634
2021-10-28,23.68743761902906,24.13575122603288,23.669140422173324,23.7697811126709,2153000,24.058900451660158
2021-10-29,23.7697818151836,23.907020393615014,23.211678030218078,23.28487205505371,2736500,23.83565788269043
2021-11-01,23.321467552147517,23.495304010747105,23.129333896655734,23.193378448486328,2387100,23.594116592407225
2021-11-02,23.2116823372241,23.550204110496573,23.0103974227646,23.08359146118164,2961700,23.38917350769043
2021-11-03,23.202529986815268,23.30317068648049,23.065289654855153,23.211679458618164,2553700,23.30866050720215
2021-11-04,23.211678824062673,23.312319520976605,22.735916773818268,22.827409744262695,3567800,23.120186233520506
2021-11-05,23.467853920002245,23.925316966181953,22.27845069796823,22.6627197265625,7811500,22.995755767822267
2021-11-08,22.827411347627827,23.696590265191613,22.79996293104158,23.67829132080078,6150300,23.092738342285156
2021-11-09,23.76978361402134,24.025963592874724,22.88230577759175,22.973798751831055,4590100,23.07077980041504
2021-11-10,23.138482943914802,23.550198660321776,22.809108974722722,22.854854583740234,6870900,22.99941482543945
2021-11-11,23.010394418797752,23.09273791940256,22.717618303351017,22.900604248046875,4388200,23.014053726196288
2021-11-12,22.94635094374736,23.495307058638453,22.882306383608682,23.358068466186523,4310400,23.153123474121095
2021-11-15,23.14763363979398,23.184231527770475,22.360798244216213,23.010395050048828,12682100,23.019544219970705
2021-11-16,23.138482482207042,23.239123169053997,22.937197618346957,23.07443618774414,7033000,23.03967170715332
2021-11-17,23.056141297832127,23.211678824062673,22.799961329604386,22.827409744262695,4158200,23.034182739257812
2021-11-18,22.809111681070664,22.87315623932745,22.461438728986224,22.671873092651367,6707800,22.98843650817871
2021-11-19,22.79601838720555,23.025909649259994,22.538539542289364,22.989126205444336,3910200,22.914648056030273
2021-11-22,22.9891233327564,23.025906771975652,22.70405869453088,22.750036239624023,3955100,22.862576293945313
2021-11-23,22.731645893649933,22.805211022602936,22.409799550687442,22.759233474731445,3547600,22.799535751342773
2021-11-24,22.805209205922754,23.274187523363107,22.731644082830005,23.173036575317383,3317500,22.86866111755371
2021-11-26,22.887972120227744,23.228211939452365,22.823602851330634,22.979928970336914,2808700,22.93027229309082
2021-11-29,23.264991228556752,23.467296628725794,22.96153488223404,23.274187088012695,4090500,22.987284469604493
2021-11-30,23.246599916355066,23.375338433415724,22.713252376335667,22.851186752319336,7712700,23.007514572143556
2021-12-01,23.154646405796512,23.154646405796512,21.894841615342507,21.904037475585938,5167500,22.836475372314453
2021-12-02,21.88564617147639,22.317842841485234,21.85806034415228,22.152320861816406,4712500,22.632332229614256
2021-12-03,22.170710300490185,22.29944882523366,21.885643918656985,22.18910026550293,3263800,22.474166488647462
2021-12-06,22.253471253253732,22.621296861999486,21.977600731246277,22.38220977783203,4602500,22.295771026611327
2021-12-07,22.538536725906084,22.92475406805363,22.492557426882023,22.750036239624023,4132000,22.275540924072267
2021-12-08,22.75922925064874,22.75922925064874,22.30864270019849,22.446577072143555,2809700,22.384048843383788
2021-12-09,22.3086420768706,22.45577230335845,21.959206473513973,21.977598190307617,2955900,22.34910430908203
2021-12-10,22.106340175525663,22.44657819305181,22.087948457299714,22.36381721496582,2961100,22.38404769897461
2021-12-13,22.446577802941103,22.924751944920654,22.36381682629346,22.593708038330078,2794700,22.42634735107422
2021-12-14,22.455774960584893,22.492556644593964,22.143122753818933,22.317840576171875,4447400,22.33990821838379
2021-12-15,22.446573669006646,22.989116969808563,22.391400279379628,22.82359504699707,4576300,22.415311813354492
2021-12-16,22.961532988219872,23.577641489500664,22.79601279345862,23.467294692993164,6177400,22.7132511138916
2021-12-17,22.98912277311294,23.85351428048263,22.98912277311294,23.651208877563477,8629600,22.970729446411134
2021-12-20,23.5224652925627,23.807529862542815,23.22820486497929,23.706378936767578,3959000,23.193263626098634
2021-12-21,23.70638554465278,23.85351579945537,23.366145734214925,23.531667709350586,3086300,23.436029052734376
2021-12-22,23.614424336228716,23.743162846925106,23.476489967063912,23.54085922241211,2023700,23.579481887817384
2021-12-23,23.52246985555644,23.853513777770406,23.458100593777246,23.78914451599121,1692000,23.643851852416994
2021-12-27,23.789143442214794,24.0374246187377,23.697186606424832,24.028228759765625,1574600,23.71925582885742
2021-12-28,24.13858038767698,24.18455793446207,23.84431987881807,24.07421112060547,1213800,23.792822265625
2021-12-29,23.982252095688214,24.212143316603143,23.92707869376926,24.17536163330078,1160000,23.92156105041504
2021-12-30,24.26731784932961,24.28570956880322,24.065014196912635,24.092601776123047,1589300,24.031909561157228
2021-12-31,24.083404564457343,24.13857796585009,23.88109916946593,23.890295028686523,1440400,24.052139663696288
2022-01-03,23.835121488146708,24.248926381003567,23.559252728862667,24.212142944335938,2378900,24.08892250061035
2022-01-04,24.25811978362719,24.5707719705232,24.202946384154583,24.414445877075195,4645600,24.156969451904295
2022-01-05,24.396058131713968,24.43283981673028,23.954665634001888,24.092601776123047,4055700,24.14041748046875
2022-01-06,24.120184142177585,25.453553795962023,23.936272235610158,24.8834228515625,7623700,24.298581695556642
2022-01-07,24.883426735486907,25.00297115964892,24.45123184596722,24.469623565673828,3209700,24.414447402954103
2022-01-10,24.267318275610375,24.727100746941716,24.175363184488855,24.690319061279297,4185800,24.510082626342772
2022-01-11,24.717902605916134,24.800663583432534,24.44203385014865,24.72709846496582,2235500,24.572613143920897
2022-01-12,24.717902522537113,24.83744693584901,24.3776645085003,24.442033767700195,2118300,24.64249954223633
2022-01-13,24.423640988740917,24.671923909667612,24.368467590956328,24.460424423217773,2296900,24.55789985656738
2022-01-14,24.267314685092803,24.754684664009392,24.147772031963427,24.7179012298584,2613200,24.607555389404297
2022-01-18,24.40525553885759,24.754689461357366,24.29490696895023,24.607559204101562,3560100,24.59100341796875
2022-01-19,24.598358641880974,24.80066226845523,24.202945493363885,24.239728927612305,2705800,24.493529510498046
2022-01-20,24.304098772103437,24.56157580235406,24.120185104269517,24.16616439819336,2696100,24.43835563659668
2022-01-21,24.258121960960903,24.340882944563553,23.899492201303353,23.9638614654541,4366800,24.339043045043944
2022-01-24,23.706382465396903,24.083403913598058,23.301773440279533,24.028228759765625,5695000,24.201108551025392
2022-01-25,23.853513068830686,23.881098892241425,23.17303527978348,23.448904037475586,4138800,23.969377517700195
2022-01-26,23.485686739956655,23.825924746881753,23.163838696753732,23.301773071289062,3804500,23.781786346435545
2022-01-27,23.24660126357572,23.642012696596154,23.044295863406678,23.274187088012695,2510900,23.603390884399413
2022-01-28,23.255798024366847,23.614427787393936,23.025906790850833,23.57764434814453,3120400,23.5261474609375
2022-01-31,23.476494066682005,24.02823163968921,23.458102346533504,23.917884826660156,3913000,23.504078674316407
2022-02-01,23.899495545237396,24.120190947746426,23.77995285993585,23.90869140625,4256900,23.59603614807129
2022-02-02,23.88109995192483,24.02823019641338,23.71557974232336,23.97305679321289,4655200,23.730292892456056
2022-02-03,23.9638606996065,23.9638606996065,23.292578746443372,23.33855628967285,5056300,23.743166732788087
2022-02-04,23.770753458298838,25.453557186468416,23.559253948305,25.37079620361328,17069700,24.101797103881836
2022-02-07,25.370798950074988,26.17081953237129,25.15929941718572,26.02368927001953,6849100,24.52295799255371
2022-02-08,26.023690814119547,27.780059959846458,25.996104984498725,27.651321411132812,10876800,25.271483993530275
2022-02-09,27.632924209473355,28.313403770708653,27.05359910120429,28.285816192626953,9658500,26.134035873413087
2022-02-10,28.193860413655955,28.432947504233088,27.77086139074088,27.917991638183594,6717800,27.049922943115234
2022-02-11,27.761666355054206,28.0283392787354,27.173143593883964,27.458209991455078,5650600,27.467405700683592
2022-02-14,27.45820791490217,27.64211983879046,26.961642037149073,27.10877227783203,4556800,27.684422302246094
2022-02-15,27.090381557636306,27.20992597880359,26.52944815208429,26.805316925048828,5724200,27.515221405029298
2022-02-16,26.455879159072186,26.805313003974234,26.32713889711406,26.520248413085938,3744700,27.162107849121092
2022-02-17,26.29955253997778,26.483464439991394,25.637464788923108,25.922531127929688,3922600,26.763015747070312
2022-02-18,25.816317400953793,26.065704452297076,25.336013411693493,25.834789276123047,8556400,26.438331604003906
2022-02-22,25.788601569906763,25.973334377035307,24.994252965693686,25.105093002319336,5666200,26.037595748901367
2022-02-23,25.289821574071578,25.446843916249474,24.48623799367009,24.513948440551758,3929800,25.579322052001952
2022-02-24,24.079829100679692,25.243641549220516,24.061355467748264,25.178985595703125,6165900,25.31106948852539
2022-02-25,25.225168721046682,26.379744389956176,25.09585680988647,26.27814292907715,5406600,25.382191848754882
2022-02-28,26.056469533923057,26.897002457293162,25.95486804698276,26.767688751220703,7143200,25.568771743774413
2022-03-01,26.79539191115147,27.026307041276795,26.472110376627494,26.656843185424805,5553500,25.879121780395508
2022-03-02,26.66607982494256,27.441953036207643,26.54600297149898,27.34958839416504,4443000,26.446249771118165
2022-03-03,27.478899475229177,27.73752504569395,27.100198816678027,27.488136291503906,5922600,26.90807991027832
2022-03-04,27.3403515175072,27.43271792108937,26.64760613325487,26.961650848388672,6264900,27.044781494140626
2022-03-07,26.878521137907033,26.94317709159485,26.102646170167997,26.185775756835938,5032100,26.928398895263673
2022-03-08,25.899441078502953,25.99180571844151,25.142037994111707,25.289823532104492,5130700,26.65499496459961
2022-03-09,25.733186460575457,25.825551116855294,25.41914169634392,25.613109588623047,3386100,26.30769920349121
2022-03-10,25.382187935919934,25.844018146231765,25.3267688039704,25.788599014282227,3113200,25.967791748046874
2022-03-11,25.81631110737753,26.305850034009726,25.49302958719581,25.511503219604492,3317600,25.67776222229004
2022-03-14,25.705475824501313,27.201806852986653,25.650056678777524,26.850814819335938,7465800,25.81077003479004
2022-03-15,26.915466710676064,27.986912761855496,26.915466710676064,27.811418533325195,8468700,26.31508903503418
2022-03-16,26.869289674409718,27.054022517528832,23.451744408906755,24.11678123474121,24945400,26.015823364257812
2022-03-17,23.95975447106236,24.135248702059364,23.52563289753497,23.950517654418945,12040800,25.648207092285155
2022-03-18,24.255327934196135,25.465322845205595,24.181435155548446,25.35448455810547,32957900,25.61680335998535
2022-03-21,25.243644593575375,25.529978891573666,24.652502362419472,25.12356948852539,5494800,25.271354293823244
2022-03-22,25.16975270900614,25.53921661660628,24.87418158292603,25.29906463623047,4466700,24.768883514404298
2022-03-23,25.206700428431894,25.36372105042639,24.975785261861766,25.34524917602539,3861000,25.014577102661132
2022-03-24,25.24364168689855,26.05646216114578,25.17898573302853,25.91791343688965,5010600,25.408056259155273
2022-03-25,25.917918261079194,26.231963034110034,25.714713545129857,26.130361557006836,3626400,25.563231658935546
2022-03-28,26.13959346999763,26.629134207143327,25.908678327111637,26.02875518798828,3186400,25.744268798828124
2022-03-29,25.345248033403415,25.585400007218894,24.44929609998742,25.01272964477539,5789100,25.68700180053711
2022-03-30,24.689443656968876,25.345243499249648,24.689443656968876,25.114328384399414,3631600,25.640817642211914
2022-03-31,25.06814621836834,25.206696707250995,24.458530409558186,24.4954776763916,5310900,25.356330490112306
2022-04-01,24.643261383529087,24.929595633176397,24.347690317861858,24.883413314819336,3784400,25.106940841674806
2022-04-04,24.689444965163865,25.12356653159988,24.661736277428872,24.911123275756836,3376900,24.883414459228515
2022-04-05,24.920359589224034,25.206695609484957,24.84646682051793,24.975780487060547,2733300,24.876024627685545
2022-04-06,24.827999951577763,25.05891513690835,24.597084766247175,24.726398468017578,2960900,24.79843864440918
2022-04-07,24.624791929265612,25.169751834699447,24.624791929265612,25.08662223815918,3461100,24.916667556762697
2022-04-08,25.06814904470542,25.197462731459343,24.69868514342889,24.744869232177734,2400800,24.888958740234376
2022-04-11,24.624789881555976,24.818759511267714,24.39387474631127,24.5786075592041,4360200,24.822455596923827
2022-04-12,24.670971611325875,24.966544457203458,24.356928655739456,24.4123477935791,2902800,24.70976905822754
2022-04-13,24.569369257058387,24.87417714668471,24.532421992016378,24.818758010864258,2849600,24.728240966796875
2022-04-14,24.88341482497988,24.88341482497988,24.541659658472145,24.60631561279297,2226500,24.63217964172363
2022-04-18,24.578604717136873,24.680206166911173,24.44005424261675,24.523183822631836,1633800,24.587842559814455
2022-04-19,24.310743686992012,24.938833098765663,24.310743686992012,24.818758010864258,3393200,24.635872650146485
2022-04-20,24.920360092249368,25.243641622517593,24.837230505559177,24.911123275756836,2973800,24.735627746582033
2022-04-21,25.05891046082418,25.114331363416774,24.227616301105204,24.246089935302734,3343200,24.621094131469725
2022-04-22,24.172196396581473,24.236852352487432,23.442503724516705,23.57181739807129,2987700,24.41419448852539
2022-04-25,23.479449805936603,23.932043236163167,23.11922277737196,23.895097732543945,4132100,24.288577270507812
2022-04-26,23.793496376102116,23.84891551673813,23.442504374674357,23.50716209411621,6631200,24.026258087158205
2022-04-27,23.5533423314165,23.848913404284875,23.276244891038033,23.581052780151367,4118600,23.76024398803711
2022-04-28,23.74731205579871,23.885862548631813,23.5163969167338,23.775022506713867,3542900,23.666030502319337
2022-04-29,23.950523142944387,23.950523142944387,23.100755196185414,23.12846565246582,4200600,23.577360153198242
2022-05-02,23.09151510043216,23.53487176754219,23.082278282982852,23.45174217224121,4662300,23.488689041137697
2022-05-03,23.53487074504374,23.53487074504374,22.685102955797223,23.119224548339844,6066000,23.41110153198242
2022-05-04,23.156174347003184,23.405563168297707,22.58350567781914,23.12846565246582,8508100,23.320584106445313
2022-05-05,23.211591292098383,23.368613672613268,22.232511499222394,22.269458770751953,7792500,23.01947135925293
2022-05-06,21.752205815747754,23.303955862142402,21.67831304028814,22.814416885375977,6431200,22.95666160583496
2022-05-09,22.435714036446754,22.860597014102737,22.34334763555641,22.694337844848633,6321600,22.805180740356445
2022-05-10,22.91601728497543,23.340902045418613,22.463423836112515,22.638919830322266,6252800,22.70911979675293
2022-05-11,22.518845242113027,22.842126812921315,22.417243771439384,22.49113655090332,6767500,22.58165397644043
2022-05-12,22.36181855624905,22.500369032569225,21.789150066196637,21.8630428314209,8313100,22.50037078857422
2022-05-13,22.029305265949244,22.50037237488191,21.899991586291044,22.121671676635742,5878300,22.361821746826173
2022-05-16,22.11243009833519,22.491130715042807,21.881515002208964,22.103193283081055,7645600,22.243592834472658
2022-05-17,22.407999987994767,22.611204627916305,22.112428962020793,22.42647361755371,5748700,22.201103591918944
2022-05-18,22.26021918134222,22.518843002877468,21.863044870564337,21.98311996459961,6937100,22.099500274658205
2022-05-19,21.80762589305826,22.093960166906406,21.67831221959243,21.94617462158203,5152200,22.11612663269043
2022-05-20,22.00159206788767,22.472659118019735,22.00159206788767,22.454185485839844,5255700,22.18262939453125
2022-05-23,22.629679823090896,22.971434946606273,22.601969376835356,22.76822853088379,5094000,22.315636444091798
2022-05-24,22.685105291346925,23.193119710833592,22.481900580597994,22.74052619934082,9023200,22.378446960449217
2022-05-25,22.795941062002267,23.01761936709355,22.592734627695002,22.694337844848633,5304900,22.520690536499025
2022-05-26,22.675867749831863,23.23006447988786,22.675867749831863,22.999149322509766,4883300,22.73128547668457
2022-05-27,23.202354449470903,23.73807751320089,23.07304077081695,23.165407180786133,5621400,22.873529815673827
2022-05-31,23.09151511969514,23.09151511969514,22.38029603119026,22.48189926147461,23650400,22.816263961791993
2022-06-01,22.546552345284777,22.768230650741454,22.232507638785513,22.500370025634766,6995500,22.76823272705078
2022-06-02,22.44494938479985,22.823650047839607,22.398767064621374,22.777467727661133,4078000,22.78485870361328
2022-06-03,22.60197835124232,22.823656724079687,22.52808556029653,22.795948028564453,4803400,22.74421844482422
2022-06-06,22.952961315769247,22.971434946606273,22.731283030952138,22.76822853088379,2803100,22.66478271484375
2022-06-07,22.577915590225516,23.079235295916778,22.41080902166176,23.014249801635742,7074000,22.771252822875976
2022-06-08,22.977113408389382,23.07923447905766,22.782156932446508,22.791439056396484,9551700,22.82946662902832
2022-06-09,22.791441862600173,23.004967924899027,22.410810987799103,22.5314998626709,10228400,22.780273056030275
2022-06-10,22.225135575142,22.262269382987093,21.30605125427246,21.30605125427246,7077300,22.482293701171876
2022-06-13,20.851149002450647,21.092524947867954,20.535505442297673,20.637624740600586,15147900,22.056172943115236
2022-06-14,20.758314845126296,20.823300339963502,20.164157955067722,20.414817810058594,8221100,21.536286544799804
2022-06-15,20.55407186025166,20.68404461537069,20.210576609852897,20.424100875854492,7141100,21.062818908691405
2022-06-16,20.23842919306162,20.507656862796832,20.080606503735964,20.247713088989258,10219200,20.60606155395508
2022-06-17,20.294130906082287,20.433385792144563,20.006335468068713,20.266279220581055,11276400,20.3981071472168
2022-06-21,20.4240998338067,20.823298432055676,20.36839823915296,20.498369216918945,8457300,20.37025604248047
2022-06-22,20.39624604739172,20.795444604466216,20.294126762846368,20.563352584838867,9049500,20.399962997436525
2022-06-23,20.600490282718944,20.739745154714182,20.182723896011463,20.498369216918945,5905300,20.414816665649415
2022-06-24,20.62834422715225,20.953273505806767,20.424103826348723,20.851152420043945,6736300,20.53550453186035
2022-06-27,20.8882839284656,21.15751154904561,20.823298439559192,21.064674377441406,4064900,20.695183563232423
2022-06-28,21.157514672870967,21.157514672870967,20.516940042017556,20.674762725830078,3832400,20.730462265014648
2022-06-29,20.739749415111874,20.897572107985845,20.581926722237903,20.702613830566406,4855000,20.758314514160155
2022-06-30,20.50765557407525,20.637626567450486,20.294131293323947,20.386966705322266,6836300,20.73603401184082
2022-07-01,20.303414940769905,20.711895706596643,20.303414940769905,20.684045791625977,4752500,20.702612686157227
2022-07-05,20.665477223332488,20.80473210511025,20.294130281684485,20.544788360595703,3557500,20.598635482788087
2022-07-06,20.554073925907613,21.055393665916107,20.461238510992292,20.92542266845703,5112400,20.648767471313477
2022-07-07,21.02754065634504,21.398887604814153,21.02754065634504,21.31533432006836,6147000,20.771311569213868
2022-07-08,21.222497296772307,21.528858727297184,21.111092335344267,21.41745376586914,3905600,20.977408981323244
2022-07-11,21.306055160760167,21.436026168131075,21.055395271640123,21.24106788635254,3280200,21.088813400268556
2022-07-12,21.398888711889605,21.640264683562638,21.26891771588182,21.408172607421875,6004200,21.261490249633788
2022-07-13,21.12037961641341,21.58456378380711,21.101811824744363,21.296770095825195,6492900,21.335759735107423
2022-07-14,21.306050112778895,21.71453083079935,20.860432047459327,21.695964813232422,6169700,21.411885833740236
2022-07-15,21.84450804765523,22.1415856381715,21.770238650026158,21.835224151611328,6225900,21.49543991088867
2022-07-18,21.88164085458393,22.317975094965796,21.87235695896708,22.07659912109375,4649000,21.662546157836914
2022-07-19,22.113730395509794,23.004964794524955,22.113730395509794,22.921411514282227,5033600,21.965193939208984
2022-07-20,22.89356019264733,23.283474916371915,22.874992403250484,22.958545684814453,4835100,22.297549057006837
2022-07-21,22.977112750842846,23.246340376455752,22.800722298569625,23.218488693237305,5614000,22.602053833007812
2022-07-22,23.255628880260815,23.682679286494803,23.209211166217294,23.608409881591797,5728400,22.956690979003906
2022-07-25,23.48771969365731,23.580556887335135,22.93998219875257,22.995685577392578,4678400,23.140508270263673
2022-07-26,22.995683295836045,23.107086500618617,22.512931353186193,22.559349060058594,7405300,23.068095779418947
2022-07-27,22.577914498759696,23.069950285664447,22.577914498759696,22.921411514282227,7882500,23.0606689453125
2022-07-28,22.977113659814705,23.172070137890874,22.791439305790078,22.810007095336914,5364600,22.97897262573242
2022-07-29,22.791438943334395,22.967829399780435,22.49436139819696,22.772872924804688,6005000,22.811865234375
2022-08-01,22.6893240777613,23.227777676226037,22.670756284881296,22.995685577392578,5070000,22.811865234375
2022-08-02,22.96783115449962,23.283476513003592,22.81929237058269,23.004966735839844,4888500,22.90098876953125
2022-08-03,24.221128762080472,24.908121082331004,23.97975279484834,24.824567794799805,17640000,23.281620025634766
2022-08-04,24.63889183572371,24.815280511342777,24.388232007353363,24.69459342956543,7533900,23.658537292480467
2022-08-05,24.397519618770268,24.77815048100662,22.37367643670069,22.47579574584961,9705500,23.599121856689454
2022-08-08,22.429379586517037,22.995684856549882,22.38296187649427,22.438663482666016,6820800,23.48771743774414
2022-08-09,22.42008902735007,22.772869893279964,22.197280898157217,22.68003273010254,4785400,23.42273063659668
2022-08-10,22.949264321787528,23.088520986904292,22.355109161318328,22.596485137939453,5102600,22.977114105224608
2022-08-11,22.559349233967296,22.6707542103307,22.29940724032274,22.32725715637207,3864000,22.503646850585938
2022-08-12,22.29012493053378,22.54078481714278,22.104450546959228,22.457231521606445,4247900,22.499934005737305
2022-08-15,22.429375374651354,22.568630249292024,22.20656722108192,22.31797218322754,4747700,22.47579574584961
2022-08-16,22.234421545517982,22.503647432374954,22.141584361155502,22.47579574584961,3322100,22.434948348999022
2022-08-17,22.317973280583526,22.317973280583526,21.900206865398488,22.095163345336914,3985100,22.334683990478517
2022-08-18,22.095164062717853,22.27155452938098,22.002328652526476,22.06731414794922,4205200,22.282695388793947
2022-08-19,21.93199030282602,22.006652326270615,21.745334354173004,21.969322204589844,3221200,22.185113525390626
2022-08-22,21.85732676284881,21.931988781113112,21.64267368284931,21.6893367767334,4144100,22.059386444091796
2022-08-23,21.726667401138926,22.015982482427752,21.624006464517834,21.670669555664062,2744600,21.898361206054688
2022-08-24,21.68000405818413,21.77333202713832,21.540012994794324,21.57734489440918,3190500,21.794797515869142
2022-08-25,21.652007666268993,21.829328855355122,21.42801982095902,21.819995880126953,2409100,21.745333862304687
2022-08-26,21.857329652129437,21.875995604183665,21.14803949481733,21.18537139892578,2860100,21.588543701171876
2022-08-29,21.12003903935996,21.400022959675752,20.970714993891416,21.278696060180664,2917600,21.506415557861327
2022-08-30,21.260030555998693,21.381355667800484,20.989379628011964,21.15736961364746,3144000,21.403755569458006
2022-08-31,21.278691645552836,21.3533536527972,21.00804253682302,21.082704544067383,6214700,21.30482749938965
2022-09-01,21.026712605759673,21.194700819930127,20.71873154298932,21.073375701904297,4220700,21.155503463745116
2022-09-02,21.148036701489243,21.558678692026945,21.054708733628456,21.31602668762207,4668200,21.181634521484376
2022-09-06,21.241366178850846,21.344027128801525,20.45741404124199,20.634737014770508,5047000,21.052842712402345
2022-09-07,20.672066899463974,21.362691054660136,20.62540380279407,21.334693908691406,5387000,21.088307571411132
2022-09-08,21.241367202827057,21.922658423328038,21.20403529919696,21.829330444335938,9772000,21.237632751464844
2022-09-09,21.782666510118297,21.969322460949396,21.20403448660834,21.213367462158203,15047200,21.265631103515624
2022-09-12,21.45601305969211,21.558673979908484,21.148032079125525,21.232027053833008,4783700,21.24883117675781
2022-09-13,20.924049734277894,21.185367676876716,20.224092675968084,20.270755767822266,9143200,21.176034927368164
2022-09-14,20.317423268857475,20.52274339170052,20.046772316848696,20.09343719482422,9909800,20.927783584594728
2022-09-15,20.05610357868173,20.597403656362967,20.01877345957419,20.140098571777344,8531100,20.589937210083008
2022-09-16,20.121431850406637,20.242758738039118,19.496136803613528,19.841449737548828,13297000,20.315553665161133
2022-09-19,19.654791800969754,19.972105779169038,19.56146384619067,19.897443771362305,7301500,20.048637008666994
2022-09-20,19.77612281210375,19.888114957194084,19.37481376868345,19.51480484008789,5536800,19.897446823120116
2022-09-21,19.81345507993627,20.26142726898737,19.757459001325692,19.776124954223633,6809100,19.833984375
2022-09-22,19.710793234117588,20.02810549006336,19.570800386394357,19.850784301757812,4354400,19.776121520996092
2022-09-23,19.813451383806235,19.906779350802687,19.076164182708386,19.290817260742188,4124800,19.665995025634764
2022-09-26,19.309484748940804,19.626798793965907,19.0201678501877,19.141494750976562,7243600,19.514805221557616
2022-09-27,19.206825392458057,19.421478505405343,18.973506327058868,19.150829315185547,5468600,19.442010116577148
2022-09-28,19.188156569500418,19.62679748608444,19.029499557560378,19.552135467529297,3703000,19.39721221923828
2022-09-29,19.421473916654257,19.468138786758413,18.917505780108844,19.010833740234375,3716900,19.229222106933594
2022-09-30,19.066831657763395,19.234821646303097,18.77751655532443,18.796180725097656,4884200,19.130294799804688
2022-10-03,18.8895113211085,19.21615836868401,18.796183338932185,19.150829315185547,5190500,19.132161712646486
2022-10-04,19.384146744121484,19.570800912633057,19.234822697279007,19.51480484008789,4398500,19.204956817626954
2022-10-05,19.346813017525044,19.81345106491397,19.3001499248193,19.673460006713867,3288900,19.229221725463866
2022-10-06,19.645460891262477,19.748121830312392,19.561465901145795,19.62679672241211,7382300,19.352414321899413
2022-10-07,19.45880500183076,19.664125081484396,19.206820054017633,19.300148010253906,7196100,19.453207778930665
2022-10-10,19.36547946915497,19.496137556187794,19.15082638900593,19.393478393554688,4871100,19.501737594604492
2022-10-11,19.49614047570436,19.804121569889222,19.290820339608857,19.524139404296875,4535500,19.50360450744629
2022-10-12,19.589467316708543,19.654796366203122,19.440143266411475,19.44947624206543,3946300,19.458807754516602
2022-10-13,19.13216123562384,19.888114425047203,19.13216123562384,19.79478645324707,4718600,19.492405700683594
2022-10-14,19.94411144616862,19.97210859048541,19.356146494355066,19.393478393554688,6228600,19.51107177734375
2022-10-17,19.738794632442964,19.90678466183894,19.673465572140834,19.785459518432617,4931000,19.589468002319336
2022-10-18,20.05610338838297,20.32675431469703,19.878780429076613,20.037437438964844,3289500,19.69212760925293
2022-10-19,19.962779847196845,20.1027727187868,19.850787686024855,20.07477378845215,3307100,19.817187118530274
2022-10-20,20.09343864639323,20.317424736607453,20.056106741315922,20.158767700195312,2787800,19.88998336791992
2022-10-21,20.07476977788927,20.41074975444936,19.953442884094592,20.34541893005371,3633700,20.080371475219728
2022-10-24,20.494742076579396,20.597403016078964,20.22409293619355,20.532073974609375,2815700,20.229694366455078
2022-10-25,20.56007598838743,20.858724097183675,20.485413961188364,20.765396118164062,3770200,20.375286102294922
2022-10-26,20.616070615583887,21.045376796800966,20.560074544138836,20.70006561279297,3379000,20.500344467163085
2022-10-27,20.99871194990182,20.99871194990182,20.31742083385823,20.373416900634766,9367300,20.543274307250975
2022-10-28,20.476078291194685,21.110706328928853,20.38275032445444,21.05470848083496,4489300,20.685132217407226
2022-10-31,20.970716468899496,21.082710400919687,20.830725388936624,21.026714324951172,5738600,20.784060287475587
2022-11-01,21.13870159349985,21.437349636450197,21.0173764935823,21.428016662597656,4223400,20.916584396362303
2022-11-02,21.353360992383244,21.484020885033352,20.774730682373047,20.774730682373047,7003900,20.93151741027832
2022-11-03,20.56007566760447,20.625404717873977,20.03743970528218,20.242761611938477,6462700,20.90538635253906
2022-11-04,20.42007667439875,20.812052638298887,20.28941861312623,20.681394577026367,3836800,20.830723571777344
2022-11-07,20.494743873449476,20.7093987457759,19.18815758925456,20.21476173400879,7732300,20.668333053588867
2022-11-08,19.636132868015086,20.56007612842789,19.188158921686295,20.177433013916016,4688900,20.41821632385254
2022-11-09,20.774729573572188,21.577347719549547,20.382753476709198,21.39069175720215,7619500,20.54140853881836
2022-11-10,22.043981972041482,22.109311013359314,20.494742028970816,21.120037078857422,9817200,20.71686363220215
2022-11-11,21.064042208319147,21.614675273674305,20.98938018827521,21.40935516357422,10688700,20.862455749511717
2022-11-14,21.269366403086632,21.42802165529806,20.793395306202857,21.18537139892578,6560000,21.056577682495117
2022-11-15,21.372023676233372,21.41868855221385,20.728062628366793,20.756061553955078,6515000,21.17230339050293
2022-11-16,20.77472855183273,21.194701776334547,20.7093995022491,21.101375579833984,3930800,21.114440155029296
2022-11-17,20.765393322461872,21.148036382851167,20.625402262821407,20.952049255371094,5907400,21.080842590332033
2022-11-18,21.050590829180162,21.32275535789082,20.853504565586494,21.228906631469727,2844400,21.044752883911134
2022-11-21,21.303987414062533,21.801392125257223,21.247676028227463,21.632461547851562,4642300,21.134170913696288
2022-11-22,21.726313244761037,21.829549001002693,21.472917364922367,21.68877410888672,5092500,21.320713424682616
2022-11-23,21.05997713101763,21.932783935505697,21.05997713101763,21.613693237304688,2719500,21.423176956176757
2022-11-25,21.623079278569257,21.7920080750785,21.5386139852897,21.68877410888672,2808700,21.570521926879884
2022-11-28,21.623078468434105,21.773238586405192,21.40722173255709,21.613693237304688,6008200,21.647479248046874
2022-11-29,21.538612082788596,21.763852248288707,21.116285653694813,21.228906631469727,5271000,21.56676826477051
2022-11-30,21.069360400948444,21.69815650769084,20.41240860343861,21.54799461364746,20250100,21.538612365722656
2022-12-01,21.547998960637518,22.31757188641743,21.501074589941794,22.29880142211914,3824600,21.67563400268555
2022-12-02,21.951552518715804,22.448959026259505,21.876472460034663,22.33633804321289,3278000,21.805146789550783
2022-12-05,22.242488288148575,22.26125695941723,21.989092430499735,22.148637771606445,3138100,21.912135696411134
2022-12-06,22.242489864624172,22.26125853722309,21.604308454965103,21.707542419433594,3025300,22.007862854003907
2022-12-07,21.69815790481554,21.932783306169277,21.200751409527705,21.257061004638672,3188600,21.94967613220215
2022-12-08,21.257061087403724,21.670002296608033,21.144441896743306,21.388452529907227,2962900,21.767606353759767
2022-12-09,21.379066970762647,21.801391614329606,21.257060761029052,21.27583122253418,2603400,21.555504989624023
2022-12-12,21.163211532968482,21.726312882082354,21.144442860369566,21.707542419433594,2426900,21.467285919189454
2022-12-13,21.97032525909031,22.167411552346106,21.463535257953936,21.594924926757812,3033400,21.444762420654296
2022-12-14,21.7544666938002,21.857702439386298,21.397835094529878,21.57615089416504,2275200,21.50858039855957
2022-12-15,21.482301484754863,21.519842408736416,20.506260731881593,20.581340789794922,3292800,21.34715805053711
2022-12-16,20.487492762380825,20.496877994518012,20.074551498594566,20.281023025512695,10514900,21.148196411132812
2022-12-19,20.3842544913039,20.46871978009789,20.027624664212436,20.252864837646484,4485700,20.85726089477539
2022-12-20,20.17778504189555,20.299789466154866,19.990083999904506,20.168399810791016,3140400,20.57195587158203
2022-12-21,20.196559076148233,20.393643594051156,20.05578416478184,20.18717384338379,2454300,20.294160461425783
2022-12-22,19.961928717955786,20.03700877155678,19.746073787609124,19.999467849731445,2151100,20.177785873413086
2022-12-23,19.915003636818767,20.06516375209725,19.868079272062907,19.990083694458008,1194600,20.11959800720215
2022-12-27,19.99008294920813,20.17778398133344,19.90561766375671,20.112089157104492,1909300,20.09144287109375
2022-12-28,20.130864276369593,20.243483489663763,19.586533305314127,19.595916748046875,2232700,19.97694625854492
2022-12-29,19.45513969992616,20.046396769966712,19.426985794719418,19.943161010742188,2234400,19.9281436920166
2022-12-30,19.858693300750236,20.140243058888494,19.708533191069872,20.112089157104492,1760900,19.950667953491212
2023-01-03,20.112091359743243,20.431182075272666,19.924390307061266,20.290407180786133,2632900,20.010732650756836
2023-01-04,20.39363869899404,20.590724959640735,20.16839853686188,20.5250301361084,2590700,20.093320846557617
2023-01-05,20.205943275530373,20.23409718233372,19.65222710109756,19.802387237548828,3391200,20.134614944458008
2023-01-06,19.915002879297813,20.25286402084782,19.633453121372607,20.177783966064453,3234900,20.18153953552246
2023-01-09,20.168399810791016,20.675191550136947,20.083934520900026,20.168399810791016,3122500,20.192801666259765
2023-01-10,20.21532736242438,20.374870932070422,20.02762630747033,20.271636962890625,2754000,20.189047622680665
2023-01-11,20.384253679838142,20.6658052279599,20.074548229939005,20.637649536132812,3543300,20.211571502685548
2023-01-12,20.6376527665468,20.74088852935592,20.44995349513475,20.6094970703125,2406500,20.37299346923828
2023-01-13,20.440567533648426,21.059978508299903,20.38425614318926,20.99428367614746,2168300,20.53629341125488
2023-01-17,21.125668397275795,21.369678995353265,20.928582156884584,21.200748443603516,3119300,20.742763137817384
2023-01-18,21.16321104725599,21.257061568296,20.91920219862169,20.956741333007812,2888800,20.87978401184082
2023-01-19,20.891050966535218,20.994286740729994,20.58134543400108,20.590730667114258,2512100,20.87040023803711
2023-01-20,20.543800669214086,21.08813155788516,20.449951935689644,21.05059242248535,3580500,20.95861930847168
2023-01-23,21.11628772919228,21.48230281034898,21.05059289822055,21.407222747802734,1703300,21.041207122802735
2023-01-24,21.416607186796135,21.55738207510434,21.200752238720234,21.266447067260742,1524800,21.05434684753418
2023-01-25,21.088130203747102,21.294601700362303,20.87227526642188,21.21013641357422,1509300,21.105025863647462
2023-01-26,21.33213830292088,21.482298397165454,21.135053850493446,21.31336784362793,2962600,21.249553298950197
2023-01-27,21.27583177414112,21.510457178889016,21.125671658306448,21.43537712097168,2069800,21.32651023864746
2023-01-30,21.388450041077157,21.39783348083217,21.153824666111674,21.294599533081055,3053700,21.303985595703125
2023-01-31,21.313373334970954,21.623080622951495,21.15382976002338,21.594924926757812,4537700,21.36968116760254
2023-02-01,21.444762918422946,22.036018166383524,21.3602976272786,21.923398971557617,3661400,21.51233367919922
2023-02-02,22.11109435414,22.280024906845195,21.820159396730787,22.120479583740234,4030500,21.67375602722168
2023-02-03,21.68877290737671,21.78262163688843,19.802384445384792,19.990083694458008,8018300,21.384697341918944
2023-02-06,20.14024272647711,20.215324570127784,19.652223273095455,19.999467849731445,4990400,21.125671005249025
2023-02-07,19.94315594583619,20.562566763773496,19.90561502836146,20.496871948242188,5433300,20.906060409545898
2023-02-08,20.46872004593684,20.797195974396267,20.14024411747742,20.168399810791016,4300800,20.555060577392577
2023-02-09,20.356100541742858,20.440565830343225,19.896234964946284,19.990083694458008,4244700,20.128981399536134
2023-02-10,19.924388366260423,20.121474631383656,19.839923079786143,20.093318939208984,2725300,20.14962844848633
2023-02-13,20.168400417846865,20.30917530855248,20.065164662639482,20.130861282348633,2810300,20.175907135009766
2023-02-14,20.102708072911238,20.21532907342576,19.717922488732572,19.896238327026367,3168600,20.0557804107666
2023-02-15,19.849310507117437,20.24348129093473,19.82115660187687,20.205942153930664,3482700,20.06328887939453
2023-02-16,19.918024759690073,20.371135783105,19.889704645537957,20.154020309448242,2501800,20.096076202392577
2023-02-17,20.021864428360498,20.078504664730314,19.55931330102746,19.86138916015625,4508400,20.04969024658203
2023-02-21,19.682030381437393,19.776428967060042,19.294997800837457,19.57819175720215,2961700,19.939156341552735
2023-02-22,19.653710063882766,19.729228571505146,19.351636033393245,19.427154541015625,2328900,19.845339584350587
2023-02-23,19.408275799252543,19.540434547061523,19.181720260798627,19.436595916748047,2206900,19.691470336914062
2023-02-24,19.266678520861085,19.361077110579107,18.974044513188232,19.040122985839844,2483400,19.468690872192383
2023-02-27,19.2383593707361,19.3327579651987,18.79468831741635,18.870206832885742,2902700,19.27045440673828
2023-02-28,18.832445956761873,18.860764270960974,18.322694695139752,18.41709327697754,6395700,19.03823471069336
2023-03-01,18.322692350319468,18.62476633314034,18.067816752125747,18.11501693725586,3523300,18.775807189941407
2023-03-02,18.086701765423317,18.33213739361633,17.95454481197456,18.21885871887207,4047500,18.53225975036621
2023-03-03,18.266053654748216,18.313252038667578,18.115016665602734,18.181095123291016,4056100,18.360454177856447
2023-03-06,18.22829676014515,18.492612438569722,18.14333821352665,18.19053840637207,3668100,18.22452049255371
2023-03-07,18.096137338049733,18.19053591028403,17.51086763059949,17.64302635192871,4834700,18.069707107543945
2023-03-08,17.633585081678838,17.680783464244275,17.303191002212124,17.322071075439453,5788500,17.911117935180663
2023-03-09,17.444791059943036,17.491991251424786,16.66128588637805,16.746244430541992,6719900,17.61659507751465
2023-03-10,16.64240590788873,16.680166061296717,15.434109806884583,15.679545402526855,9983100,17.116285133361817
2023-03-13,15.604026492522674,16.00049909053333,15.264192322655493,15.500187873840332,6453100,16.578215026855467
2023-03-14,15.670105692531731,15.755064238976738,14.848840343731082,15.009317398071289,6306600,16.051473236083986
2023-03-15,14.811081424305351,15.141476479249475,14.650605266592269,15.065957069396973,7097300,15.600250434875488
2023-03-16,14.933798443821646,15.29251269597972,14.801641509080879,15.264192581176758,5622300,15.303840065002442
2023-03-17,15.254752365782826,15.462427803750263,15.103715356260475,15.405789375305176,14551100,15.249088859558105
2023-03-20,15.500189305311805,15.755064956250434,15.358592321624789,15.707864761352539,6747600,15.290624237060547
2023-03-21,15.773947260345839,16.217620203126447,15.736188895292221,16.104341506958008,6570500,15.509629058837891
2023-03-22,16.104337695212948,16.17041616879447,15.51906967163086,15.51906967163086,4685200,15.600251579284668
2023-03-23,15.5568265844279,15.830582293014043,15.292512714624122,15.434109687805176,6384000,15.634235000610351
2023-03-24,15.368033019144729,15.490749930131168,15.169795793085514,15.48130989074707,4417400,15.64933910369873
2023-03-27,15.62290800959307,15.868343649807366,15.471870969538664,15.849465370178223,5656700,15.677659225463866
2023-03-28,15.726744278107367,15.90610141131239,15.66066580811164,15.764504432678223,2967000,15.60969181060791
2023-03-29,15.924982056876186,15.924982056876186,15.641786288998821,15.707864761352539,3694500,15.647450828552246
2023-03-30,15.830582048963535,16.15153614349434,15.745623506264018,15.840022087097168,4695000,15.728633308410645
2023-03-31,15.849463746636673,16.236496347193306,15.764505195245865,16.1987361907959,4059600,15.87211856842041
2023-04-03,16.2459345857893,16.34977321537881,16.123217678504442,16.1987361907959,3859000,15.941972732543945
2023-04-04,16.123221589736712,16.2270602445158,15.858905832346219,16.104341506958008,4447400,16.009940147399902
2023-04-05,16.06657820296319,16.368652232548335,16.019378010525987,16.245933532714844,3825600,16.117553901672363
2023-04-06,16.236495687208713,16.359212589505347,16.132657061840057,16.302574157714844,2346200,16.210064315795897
2023-04-10,16.14210039398344,16.368655967872233,16.09490019077516,16.340335845947266,2615200,16.238384246826172
2023-04-11,16.321453702498605,16.85952328820678,16.30257362568349,16.774564743041992,4229300,16.35354995727539
2023-04-12,16.831202967780094,17.07663856187458,16.595207411978073,16.62352752685547,4483700,16.457387161254882
2023-04-13,16.651847551061554,16.906723209619447,16.651847551061554,16.717926025390625,3468300,16.55178565979004
2023-04-14,16.65184621499894,16.79344499206106,16.387532338889905,16.58576774597168,2930700,16.608424377441406
2023-04-17,16.661284496272632,16.972798532048724,16.576325959197057,16.95391845703125,3124500,16.731140899658204
2023-04-18,16.99168206047437,17.076640614817016,16.736806397446433,16.86896514892578,2977200,16.75002098083496
2023-04-19,16.84064503064376,17.01056213932905,16.784006594583136,16.86896514892578,4456000,16.799108505249023
2023-04-20,16.727363094039255,16.73680313162458,16.585766131265544,16.642404556274414,2955400,16.78400421142578
2023-04-21,16.727365780947604,16.74624585915095,16.566888717225897,16.661287307739258,5149000,16.7991081237793
2023-04-24,16.661284243486254,16.708484430313813,16.45360882295408,16.55744743347168,2590500,16.719813919067384
2023-04-25,16.39697322685962,16.51969013276728,16.312014676422265,16.38753318786621,3333400,16.62352752685547
2023-04-26,16.48192909339114,16.604647793224633,16.179855063806,16.245933532714844,2927100,16.498921203613282
2023-04-27,16.368651344455635,16.802882288298964,16.368651344455635,16.75568389892578,2750000,16.521577072143554
2023-04-28,16.65184422502951,16.802881222043148,16.57632572652269,16.680164337158203,2917700,16.525352478027344
2023-05-01,16.5763300853896,16.87840415884946,16.51025160688319,16.67072868347168,3101300,16.548008728027344
2023-05-02,16.548011521870837,16.6518483577741,15.972181702529426,15.981621742248535,3856600,16.46682643890381
2023-05-03,16.06657836854948,16.22705542348341,15.802262689686753,15.811702728271484,3701100,16.379980278015136
2023-05-04,15.688984271684255,15.74562269707214,15.462426969126557,15.528507232666016,3593400,16.134544944763185
2023-05-05,15.717303702084932,16.189294815063477,15.67010531098836,16.189294815063477,4103600,16.03637104034424
2023-05-08,16.27425151593533,16.425288510939133,16.05713606068024,16.094894409179688,5304500,15.92120418548584
2023-05-09,16.066579052582657,16.2081760363756,15.91554202980307,16.047698974609375,5703400,15.934419631958008
2023-05-10,16.170417116277736,16.340334230016776,16.009940042246804,16.274255752563477,4631300,16.026930236816405
2023-05-11,16.29313478128606,16.378093332676865,16.05713920531234,16.1987361907959,4640500,16.160976028442384
2023-05-12,15.972180142201628,15.991060219795447,14.745003006404493,15.311391830444336,8372200,15.985395431518555
2023-05-15,15.330272296523333,15.688986577882906,15.20755539006033,15.49074935913086,6240200,15.864566421508789
2023-05-16,15.443550090271378,15.471868405273465,14.584525491893732,14.593965530395508,5583100,15.573819732666015
2023-05-17,14.641165374724682,15.207555102665355,14.641165374724682,15.14147663116455,6256400,15.34726390838623
2023-05-18,15.094276533822434,15.235873516591214,14.9998788453938,15.216995239257812,4922300,15.150915718078613
2023-05-19,15.402508779144618,15.602293376766973,15.240777612918615,15.412022590637207,7633900,15.171041870117188
2023-05-22,15.725972822502554,16.306300870095185,15.640350324327965,16.230192184448242,8425900,15.318930435180665
2023-05-23,16.220678038406287,16.353869596480532,16.039921047820222,16.135055541992188,5762600,15.6271484375
2023-05-24,16.01137928478553,16.163596649850078,15.87818954399758,16.020893096923828,4599700,15.803031730651856
2023-05-25,15.963812038668154,16.163596649850078,15.82110667116778,16.020893096923828,3966900,15.963811302185059
2023-05-26,15.916245701870471,16.391925502748187,15.916245701870471,16.27776336669922,3343500,16.13695945739746
2023-05-30,16.2967837539238,16.56316500697506,16.18262165588314,16.38240623474121,3666700,16.167402267456055
2023-05-31,16.32533003491646,16.772468378443506,16.249221342091126,16.686847686767578,17287000,16.277760696411132
2023-06-01,16.658302389387654,16.89614222621859,16.458515982871212,16.69635581970215,4714900,16.412853240966797
2023-06-02,16.810521175291303,17.210092207870733,16.753440117658272,17.11495590209961,3868200,16.631665802001955
2023-06-05,17.02932952296807,17.362305609908447,16.93419323890315,17.095924377441406,3655300,16.79529800415039
2023-06-06,17.038849515251282,17.267175591109293,16.86760450471419,17.24814796447754,2666900,16.968446350097658
2023-06-07,17.23863490927588,17.286202158365786,16.79149478370412,16.905658721923828,4630100,17.012208557128908
2023-06-08,16.92468448123948,17.029332780613387,16.762953311762676,16.915170669555664,2222600,17.055971527099608
2023-06-09,16.962737993857846,17.105441540643888,16.829548258800752,16.953224182128906,2702100,17.02362518310547
2023-06-12,16.98176342187288,17.457443059378708,16.98176342187288,17.419387817382812,2964900,17.08831787109375
2023-06-13,17.48598501828242,17.695285248144792,17.438417773990455,17.533554077148438,4881800,17.14539909362793
2023-06-14,17.571607255129937,17.761879858689667,17.42890370974715,17.45744514465332,2488100,17.255756378173828
2023-06-15,17.286201716869236,17.98069369745998,17.219606844014532,17.93312644958496,3611000,17.459347534179688
2023-06-16,18.113884492009582,18.21853279582563,17.67625820884772,17.723825454711914,10174900,17.61346778869629
2023-06-20,17.704797612796316,17.876042581568974,17.495497400041334,17.67625617980957,3839000,17.66484146118164
2023-06-21,17.581122567043582,17.619177816832572,17.324255074690466,17.34328269958496,3297800,17.626787185668945
2023-06-22,17.343282286496393,17.37182372315832,17.095928612482084,17.210092544555664,3273700,17.577316665649413
2023-06-23,17.076899598652115,17.12446683625664,16.715382060392038,16.84857177734375,7365900,17.360405731201173
2023-06-26,16.83906094577032,17.248143935345993,16.743924649409543,17.181549072265625,3699500,17.251950454711913
2023-06-27,17.18155220190425,17.666745768606226,17.14349876517282,17.562095642089844,2654400,17.22911834716797
2023-06-28,17.4574468052556,17.53355549100436,17.314743246298445,17.381338119506836,3491500,17.236729431152344
2023-06-29,17.36230909437888,17.54306788892164,17.295714226540507,17.533554077148438,2253400,17.3014217376709
2023-06-30,17.704799393932934,17.76188045107498,17.514526784027325,17.647716522216797,2658000,17.461250686645506
2023-07-03,17.58112331844532,17.723826882104685,17.476475006201397,17.552583694458008,1887100,17.535457611083984
2023-07-05,17.390851224964894,17.409877034697875,17.114956116234175,17.162525177001953,3633900,17.455543518066406
2023-07-06,16.924681111768326,17.095924244262758,16.886625872609336,17.048357009887695,4239100,17.38894729614258
2023-07-07,16.972252640569778,17.33376843118482,16.972252640569778,17.200578689575195,5383400,17.32235221862793
2023-07-10,17.10544145728972,17.543067721818293,17.10544145728972,17.476472854614258,4163100,17.28810348510742
2023-07-11,17.514525574031673,17.86652933366655,17.466958332128513,17.837987899780273,3035000,17.345184326171875
2023-07-12,18.075827997467268,18.14242286291557,17.828474343963574,17.91409683227539,2883800,17.495498657226562
2023-07-13,18.028261929741006,18.304155220945283,17.990206681534012,18.27561378479004,2125500,17.74095001220703
2023-07-14,18.247073577769083,18.247073577769083,17.942638860177055,18.085342407226562,2474900,17.917902755737305
2023-07-17,18.018749032715846,18.085343905885793,17.876045473841074,17.9521541595459,2531400,18.01303901672363
2023-07-18,17.961665287548083,18.29464145184459,17.933125665899944,18.285127639770508,2334100,18.10246696472168
2023-07-19,18.389776186138818,18.599074590156487,18.285126076843007,18.38026237487793,2527600,18.195700073242186
2023-07-20,18.304154888759896,18.36123594546037,18.066315035504843,18.16145133972168,2511900,18.172867584228516
2023-07-21,18.275612096479463,18.41831744949839,18.132908558034476,18.32318115234375,2586800,18.220435333251952
2023-07-24,18.3802604227993,18.494424331231205,18.304151755369286,18.370746612548828,2068500,18.304153823852538
2023-07-25,18.342209874790548,18.66567221577208,18.27561319258631,18.646644592285156,3278800,18.37645721435547
2023-07-26,18.646645009077005,18.827403807095035,18.589563951914396,18.779834747314453,3298100,18.456371688842772
2023-07-27,18.932053286205,18.932053286205,18.45637354627737,18.551509857177734,4767100,18.534383392333986
2023-07-28,18.855942573413163,18.855942573413163,18.494426808343228,18.532480239868164,2709400,18.576243209838868
2023-07-31,18.513454487535903,18.741782358053257,18.418319991823562,18.503942489624023,3211600,18.602882385253906
2023-08-01,18.456369090229316,18.503938141481676,18.266098328941162,18.370746612548828,3298600,18.54770278930664
2023-08-02,18.11388298362571,18.142422602938023,17.761879223990835,17.837987899780273,3385100,18.359333419799803
2023-08-03,17.866530871763064,17.895070493532298,17.600149576280778,17.714313507080078,5271700,18.191894149780275
2023-08-04,17.99971962591418,19.464812134351025,17.866529892758294,19.122323989868164,6676900,18.309862899780274
2023-08-07,19.24599760314831,20.12124820442896,19.24599760314831,20.092708587646484,7423100,18.627616119384765
2023-08-08,19.854873726957358,19.902440976519472,19.122326470425545,19.29357147216797,7655000,18.812181091308595
2023-08-09,19.350650523593952,20.05465626848207,19.31259527623964,19.835844039916992,4956800,19.211752319335936
2023-08-10,20.026112554501253,20.092709229794277,19.664596818636994,19.740705490112305,3451600,19.617030715942384
2023-08-11,19.65508339779899,19.90243703864422,19.61702996859336,19.845355987548828,2754400,19.761637115478514
2023-08-14,19.85487039544664,20.073682610035995,19.693139233668866,20.035627365112305,3011200,19.75022087097168
2023-08-15,19.911952552856405,19.959519797075814,19.72167994683066,19.778762817382812,2442500,19.84725914001465
2023-08-16,19.655082039013912,19.75021832731192,19.474323272705078,19.474323272705078,3038300,19.774954986572265
2023-08-17,19.54092279780368,19.674112532123104,19.169891400726094,19.179405212402344,3886800,19.662694931030273
2023-08-18,18.906573652915185,19.59582530091443,18.829990136470826,19.500097274780273,2715300,19.593643188476562
2023-08-21,19.538389454502628,19.96917290510854,19.490525438166497,19.902162551879883,3450000,19.566950225830077
2023-08-22,20.007465032424147,20.18935159274395,19.634120568621395,19.65326690673828,2467300,19.541851043701172
2023-08-23,19.662840557240973,19.902164311875968,19.576683859500747,19.816007614135742,2223200,19.610187911987303
2023-08-24,19.816008664777172,19.950029390192018,19.289495281127326,19.299068450927734,2973100,19.634120559692384
2023-08-25,19.32778339984124,19.461804093633226,19.13632370079982,19.337356567382812,2538600,19.60157241821289
2023-08-28,19.36607771840975,19.68198500037572,19.222483831315277,19.53839111328125,3491500,19.528818130493164
2023-08-29,19.557534959642407,19.921306215653832,19.413941090845665,19.662837982177734,2842600,19.530732345581054
2023-08-30,19.62455080575123,19.681988004175825,19.327789817012594,19.394800186157227,2832600,19.446490859985353
2023-08-31,19.44266248935058,19.748996621638252,19.30864176294859,19.385225296020508,4154200,19.463722229003906
2023-09-01,19.528816747847905,19.739422806855455,19.461806393034674,19.595827102661133,2774000,19.51541633605957
2023-09-05,19.57668371329213,19.80643429691839,19.356504472991883,19.72985076904297,2476700,19.553708267211913
2023-09-06,19.643693660785022,19.681984510973603,19.346930898820883,19.37565040588379,2532700,19.496270751953126
2023-09-07,19.222482341209798,19.37564938568994,19.09803480228038,19.145898818969727,4420900,19.446490478515624
2023-09-08,19.184193591350247,19.318214313455382,18.95444117360517,19.136327743530273,2747600,19.39671096801758
2023-09-11,19.16504923068345,19.222486428101423,18.43750470177198,18.485368728637695,3307800,19.174619293212892
2023-09-12,18.31305370538153,18.676826850900987,18.083303109951284,18.65768051147461,3504300,18.960185241699218
2023-09-13,18.63853195081747,18.715115473500777,18.179030814717628,18.20775032043457,3073400,18.726605224609376
2023-09-14,18.27476053018108,18.447073911331106,18.159884334115997,18.399208068847656,2953800,18.57726707458496
2023-09-15,18.332199404736993,18.427929272631033,18.159886007706795,18.226898193359375,6939800,18.39538116455078
2023-09-18,18.226898754015345,18.370492647325644,18.05458535168482,18.198179244995117,3546100,18.337943267822265
2023-09-19,18.169456111981784,18.351342647707497,18.140738434584865,18.188602447509766,1865300,18.244127655029295
2023-09-20,18.246040501227803,18.59066725364081,18.246040501227803,18.332197189331055,2077000,18.269017028808594
2023-09-21,18.226897403065387,18.456647980512184,18.14074070828593,18.169458389282227,4068800,18.22306709289551
2023-09-22,18.159885712841653,18.188605220512148,17.968427806057672,18.054584503173828,2488500,18.1886043548584
2023-09-25,17.987571555933265,18.112019086138982,17.738674669626764,17.90141487121582,3627200,18.12925148010254
2023-09-26,17.748251788292,17.9301365401658,17.29832192885723,17.33661460876465,4374600,17.958853912353515
2023-09-27,17.288747116151416,17.39405014999573,17.097289212492562,17.13558006286621,3655400,17.719530487060545
2023-09-28,17.087717993131662,17.212165553414604,16.972841777112748,17.039852142333984,4655700,17.4936092376709
2023-09-29,17.116432329581556,17.307892043529947,16.857964089414928,16.92497444152832,4035600,17.267687225341795
2023-10-02,16.867538301072294,16.924975488451626,16.714369424901967,16.781381607055664,3748900,17.043680572509764
2023-10-03,16.704797591143613,16.810098793929505,16.50376470237925,16.618640899658203,3539200,16.900085830688475
2023-10-04,16.666505359645083,16.704798035054054,16.293160903883923,16.408035278320312,3409700,16.754576873779296
2023-10-05,16.417607578237714,16.47504476241593,16.130419831451462,16.264440536499023,3116700,16.599494552612306
2023-10-06,16.130420436994292,16.78138130176865,16.130420436994292,16.609067916870117,3386000,16.536313247680663
2023-10-09,16.47504593510439,16.647359325799417,16.388891065652167,16.58034896850586,1837100,16.496106719970705
2023-10-10,16.58992254187547,17.097289557299522,16.58992254187547,16.93454933166504,2620600,16.55928840637207
2023-10-11,16.934548506189365,17.078142386303746,16.819672306560708,16.97283935546875,2836700,16.672249221801756
2023-10-12,16.91540490945476,16.953695764938523,16.465476858621134,16.56120491027832,2256000,16.731602096557616
2023-10-13,16.570775955633476,16.637786313558504,16.312307693050553,16.388891220092773,2872400,16.68756675720215
2023-10-16,16.503765737226267,16.82924618638104,16.494192568028147,16.752662658691406,3353200,16.72202949523926
2023-10-17,16.637786379180696,16.953693657712755,16.570776020991367,16.944122314453125,2755300,16.723944091796874
2023-10-18,16.800526640690205,16.991986372427803,16.704798600716728,16.848392486572266,2472200,16.699054718017578
2023-10-19,16.83881765349261,17.04942187687716,16.62821343010806,16.647357940673828,2853600,16.71628532409668
2023-10-20,16.69522254953051,16.69522254953051,16.37931532482363,16.42717933654785,3149100,16.723942947387695
2023-10-23,16.28358901212294,16.417609734774807,16.005972571320743,16.15913963317871,3274500,16.605238342285155
2023-10-24,16.28358721342538,16.49419144374273,16.130420168486364,16.34102439880371,2922800,16.484618759155275
2023-10-25,16.264441564104015,16.274014733054422,15.70921054624738,15.795367240905762,4065000,16.274013710021972
2023-10-26,15.852804149915599,16.05383704254809,15.77622062555447,15.94853401184082,2829500,16.13424892425537
2023-10-27,16.015545426818537,16.092128956245524,15.680491800864706,15.804941177368164,2181200,16.009801292419432
2023-10-30,15.824084760516081,15.986824960444984,15.737928076677543,15.938959121704102,3703000,15.965765190124511
2023-10-31,16.015544367419903,16.139993735691267,15.88152365626174,15.94853401184082,3506100,15.887267112731934
2023-11-01,15.986825331922292,16.072982017762808,15.804938792270635,15.91981315612793,3100700,15.912156295776366
2023-11-02,16.005970772439365,16.475045074897924,15.967679924226013,16.43675422668457,4311200,16.009800338745116
2023-11-03,16.59949681156519,16.99198764778031,16.59949681156519,16.877111434936523,4940400,16.22423439025879
2023-11-06,16.85796479193454,16.991985501746345,16.379317313012105,16.704797744750977,8581400,16.377402114868165
2023-11-07,17.633374693631634,18.389636825071065,17.307894234259102,18.12159538269043,8342000,16.812014389038087
2023-11-08,18.140739792424306,18.705543951510123,18.04500993351405,18.494937896728516,8196300,17.327039337158205
2023-11-09,18.53322918343321,18.53322918343321,18.121592099056887,18.188602447509766,4643900,17.677408981323243
2023-11-10,18.332198503015345,18.523658229385926,17.94928087616945,18.456647872924805,6082400,17.9933162689209
2023-11-13,18.380066050490505,18.418356903775152,17.987575218371813,18.092876434326172,3409200,18.270932006835938
2023-11-14,18.514087452530134,18.820421593585753,18.408784406831447,18.8012752532959,3756000,18.40686798095703
2023-11-15,18.81084610667486,19.09803569796552,18.772555256706607,18.916149139404297,3796200,18.491110229492186
2023-11-16,18.964013920085918,19.547964469194003,18.88743039117792,19.528818130493164,6063900,18.759153366088867
2023-11-17,19.716638843268488,19.918911136935215,19.54326495360697,19.899646759033203,5787000,19.047753143310548
2023-11-20,19.82259378292496,20.236768778436737,19.668482413034873,20.024866104125977,6322900,19.434151077270506
2023-11-21,20.602780273048825,20.959163920037543,20.178974976873107,20.294557571411133,6957100,19.732807540893553
2023-11-22,20.381244425432953,20.554620145796616,20.26566183662526,20.410140991210938,3758500,20.031605911254882
2023-11-24,20.41977629005902,20.535358896471774,20.150080479841915,20.487199783325195,1841200,20.223282241821288
2023-11-27,20.487201139866436,20.776159512183845,20.419777642135877,20.544992446899414,5597700,20.35235137939453
2023-11-28,20.516095874806663,20.756895130788678,20.38124887934554,20.544992446899414,5997900,20.45637664794922
2023-11-29,20.756895070636745,21.065119660608634,20.670207191762234,20.968799591064453,4751400,20.59122505187988
2023-11-30,21.103641951667644,21.565975979365792,21.06511503460219,21.267385482788086,17242400,20.762673950195314
2023-12-01,21.286653306992804,21.54671692861897,20.99769311502404,21.517820358276367,3872900,20.968798065185545
2023-12-04,21.411866864463036,21.9223618880444,21.363707753832777,21.652666091918945,4201100,21.19033279418945
2023-12-05,21.47929047381347,21.517819232254073,21.296284382677573,21.43113136291504,3082900,21.367560577392577
2023-12-06,21.585243753627445,21.652667246967397,21.29628540012697,21.315547943115234,3198200,21.436910247802736
2023-12-07,21.392600544661594,21.575608455328666,21.267385766090737,21.450393676757812,2747800,21.47351188659668
2023-12-08,21.344444354305214,21.44076441713857,21.16143641863708,21.33481216430664,2994100,21.436910247802736
2023-12-11,21.354075919696104,21.546716039728082,21.19996455853146,21.40223503112793,2618500,21.38682403564453
2023-12-12,21.440762617371025,21.652665268095088,21.325178184242837,21.53708267211914,2584500,21.40801429748535
2023-12-13,21.517820691217008,21.864572192083774,21.27702144609341,21.69119644165039,3212600,21.483143997192382
2023-12-14,21.893466963369004,22.12463401862688,21.67193209839093,22.105371475219727,4123700,21.614139556884766
2023-12-15,22.13426607410572,22.47138538323585,22.057210389489043,22.326906204223633,9620800,21.812558364868163
2023-12-18,22.298009633560216,22.52917668741025,22.182427025211418,22.326906204223633,3088100,21.997492599487305
2023-12-19,22.365435987954953,22.46175606533092,22.076477592979717,22.432861328125,2292300,22.176648330688476
2023-12-20,22.336539970656897,22.432860042512825,21.922364947683192,21.951261520385742,2676900,22.228661346435548
2023-12-21,22.11500169366344,22.375065318176894,22.009051275535782,22.326906204223633,2721800,22.272968292236328
2023-12-22,22.442487212739575,22.52917508139777,22.0475766275866,22.288375854492188,2001800,22.26526222229004
2023-12-26,22.220955457783848,22.471386909080877,22.163164149685322,22.365434646606445,1378100,22.272967910766603
2023-12-27,22.365432791065476,22.365432791065476,22.10537100762177,22.15353012084961,1662200,22.217101669311525
2023-12-28,22.15353027994865,22.220953773812802,22.0475780255036,22.134265899658203,1500000,22.253702545166014
2023-12-29,22.114999103122116,22.134263481307773,21.883832076350885,21.980152130126953,2132800,22.18435173034668
2024-01-02,21.893468374980646,22.076476327791656,21.61414218746627,21.951261520385742,3361800,22.11692886352539
2024-01-03,21.84530829424468,21.980155286604653,21.604509043800455,21.633403778076172,2738800,21.970522689819337
2024-01-04,21.623772692325986,21.777884060418128,21.46966132423384,21.508188247680664,2644900,21.841454315185548
2024-01-05,21.42149975088891,21.70082774565778,21.42149975088891,21.575611114501953,4908600,21.729723358154295
2024-01-08,21.58524561476372,21.960891874134028,21.450398616456958,21.951261520385742,2488600,21.723945236206056
2024-01-09,21.739355166775432,21.970522217498925,21.720090786593705,21.72972297668457,2492000,21.67963752746582
2024-01-10,21.739352914262895,22.018680886498267,21.739352914262895,21.980152130126953,2077600,21.748987197875977
2024-01-11,22.105370770009007,22.26911432523694,21.835674962235828,22.18242645263672,3674500,21.883834838867188
2024-01-12,22.33653918467755,22.635129743486807,22.201690353963293,22.240219116210938,3675600,22.016756439208983
2024-01-16,22.047578435461364,22.298009872436523,21.729723503368366,22.298009872436523,3597300,22.08610610961914
2024-01-17,22.134263481307773,22.240215724176668,21.75861729244855,21.980152130126953,3764100,22.13619194030762
2024-01-18,22.018685269603647,22.153532269441857,21.893468623623093,22.124635696411133,2550000,22.165088653564453
2024-01-19,22.23058913966108,22.635131997788516,22.009054246131285,22.615867614746094,3689300,22.251776885986327
2024-01-22,22.741081636849607,22.92408774312577,22.644761569931774,22.692920684814453,2740400,22.342317199707033
2024-01-23,22.76997629086987,22.924087662535634,22.673658061443117,22.702552795410156,2780900,22.423225784301756
2024-01-24,22.924086367501506,22.924086367501506,22.558072339760404,22.635128021240234,1953100,22.554220962524415
2024-01-25,22.847033419520653,23.11672925554359,22.769977728821612,22.962617874145508,3295900,22.721817398071288
2024-01-26,22.981879062260223,23.049302552607802,22.68328669478904,22.895191192626953,2883200,22.77768211364746
2024-01-29,23.116728157229893,23.33826302782008,22.95298459263008,23.290103912353516,4264400,22.897118759155273
2024-01-30,23.328630747907518,23.47311176805859,22.91445757988557,23.087831497192383,5251400,22.97417449951172
2024-01-31,23.145627125496585,23.213050628992377,22.558076302771514,22.615867614746094,3987400,22.97032241821289
2024-02-01,22.67365691431356,23.164885738425127,22.490648980787224,23.039670944213867,4403600,22.985733032226562
2024-02-02,21.556351516237342,21.64303940714221,18.37780164023478,20.44867515563965,24620600,22.4964298248291
2024-02-05,20.44867068424909,20.727998679897492,20.034495704302767,20.313823699951172,10740900,21.901173782348632
2024-02-06,20.275297474787976,20.34272281251756,19.75517201522797,19.83222770690918,6673000,21.250053024291994
2024-02-07,20.063391935826804,20.29455897807784,19.861121462789274,20.14044761657715,6521000,20.7549690246582
2024-02-08,20.14044991508745,20.188609032120404,19.851491538584632,20.1019229888916,5527500,20.16741943359375
2024-02-09,20.236767658560353,20.602781682506457,20.150079788150318,20.564254760742188,6126700,20.19053535461426
2024-02-12,20.573889667464197,21.199967385320384,20.525728712458285,21.09401512145996,6429500,20.346573638916016
2024-02-13,20.573888778686523,20.785791460100736,20.25603383798895,20.573888778686523,8376600,20.494905853271483
2024-02-14,20.689469792098457,20.75689328382964,20.439038367702373,20.535358428955078,6387200,20.57388801574707
2024-02-15,20.66615680840807,21.10215241853811,20.617713673054578,20.724288940429688,4965100,20.698361206054688
2024-02-16,20.65646877348593,20.898688157505205,20.462694375062856,20.69522476196289,5314800,20.724555206298827
2024-02-20,20.617714311607266,21.24748433064308,20.491759199007774,21.024642944335938,5634000,20.710680770874024
2024-02-21,20.656469213383755,20.927755594538038,20.35611768824003,20.879310607910156,5755600,20.77176513671875
2024-02-22,21.02464264873937,21.315305161750178,21.02464264873937,21.07308578491211,5410700,20.879310607910156
2024-02-23,21.179664179500946,21.615657975313564,21.131219192419124,21.45094871520996,3514200,21.024642562866212
2024-02-26,21.45094489289426,21.480011879963946,20.811485961256928,20.83086395263672,3793400,21.051770401000976
2024-02-27,20.89868819466629,21.0052653151802,20.695224798762183,20.75335693359375,2457600,20.997513198852538
2024-02-28,20.68553323245734,20.908374594957216,20.646777248725005,20.733976364135742,2205300,20.968446350097658
2024-02-29,20.830865525352074,20.96650777927756,20.675845278583772,20.821176528930664,7564700,20.918064498901366
2024-03-01,20.71459911854266,21.17966170015014,20.6370889962726,21.15059471130371,2129300,20.85799369812012
2024-03-04,21.228106336706663,21.24748433064308,20.93744381960928,21.024642944335938,2895900,20.89674949645996
2024-03-05,20.9083750379729,20.99557415523125,20.41424732283794,20.520824432373047,4531000,20.85024299621582
2024-03-06,20.763047537960038,20.918067808168882,20.627405263524146,20.801801681518555,3840800,20.86380805969238
2024-03-07,20.995576396446666,21.237795781801154,20.763046008264826,21.208728790283203,3485000,20.94131851196289
2024-03-08,21.26686483848565,21.54783839182805,21.247486842258606,21.383129119873047,3413500,20.987825393676758
2024-03-11,21.38312670663501,21.644724082214676,21.199039459228516,21.199039459228516,3328800,21.022704696655275
2024-03-12,21.218415210686736,21.605965810592238,21.218415210686736,21.47032356262207,2396500,21.212604522705078
2024-03-13,21.441258775388324,21.605968028252477,21.305616513495686,21.42188262939453,2468100,21.336620712280272
2024-03-14,21.354061311449865,21.51876871488445,20.743667442303796,20.908376693725586,3437500,21.27655029296875
2024-03-15,20.71459952782199,21.053707012448772,20.578957273166125,20.59833526611328,9110900,21.119591522216798
2024-03-18,20.58864459357915,20.743664828562437,20.394868375856557,20.549888610839844,3986000,20.989761352539062
2024-03-19,20.404558224002162,20.77273268345927,20.327048103272304,20.74366569519043,2896000,20.844429779052735
2024-03-20,20.75335677072739,20.927755021840706,20.549891528432774,20.918066024780273,3122500,20.743666458129884
2024-03-21,21.092465050740962,21.52845884655358,21.00526592198098,21.45094871520996,3615300,20.852180862426756
2024-03-22,21.49939242190673,21.49939242190673,21.22810605436673,21.412193298339844,2504200,21.01495246887207
2024-03-25,21.441258424591613,21.47032541508757,21.053707791248137,21.07308578491211,4282500,21.119591903686523
2024-03-26,21.053706970242843,21.35406031636032,21.053706970242843,21.218416213989258,3328700,21.21454200744629
2024-03-27,21.354061165290982,21.46063643454936,21.034329813554276,21.412193298339844,2516400,21.313367462158205
2024-03-28,21.509079778446267,21.741610140895943,21.46063479794401,21.70285415649414,3053100,21.36374855041504
2024-04-01,21.64472288850495,21.70285501943203,21.266861265498264,21.61565589904785,2553400,21.40444107055664
2024-04-02,21.45094609600055,21.644722324692726,21.17966159341599,21.373435974121094,2580500,21.464511108398437
2024-04-03,21.324992840941587,21.51876722164669,21.228104726595497,21.373435974121094,2481200,21.495515060424804
2024-04-04,21.547835181765244,21.925696811963952,21.324993802314065,21.344371795654297,2893800,21.481950759887695
2024-04-05,21.28623600233598,21.53814435033834,21.189349739862532,21.460634231567383,2970100,21.433506774902344
2024-04-08,21.518766506709273,21.80943084009054,21.48001237105065,21.576900482177734,2520200,21.42575569152832
2024-04-09,21.70285504748316,21.983830401970256,21.567212792482284,21.954763412475586,2422600,21.542021179199217
2024-04-10,21.538146773914153,21.916010262430213,21.538146773914153,21.644723892211914,4366700,21.596278762817384
2024-04-11,21.208725981264024,21.28623610039204,20.259226559949138,20.33673667907715,5931100,21.394751739501952
2024-04-12,20.162336508601683,20.49175494518897,20.094515391890212,20.278602600097656,3697000,21.158345413208007
2024-04-15,20.4336253805054,20.578956627072046,19.813544409561285,19.95887565612793,3389900,20.834740447998048
2024-04-16,19.978256059466112,20.046077192849477,19.76510181399007,19.803857803344727,2593700,20.404559326171874
2024-04-17,19.82323166332531,20.075140021109828,19.716656400868565,19.736034393310547,2520800,20.0228214263916
2024-04-18,19.813546705409756,19.90074583305115,19.658526444711114,19.745723724365234,2508300,19.90461883544922
2024-04-19,19.88136606047813,20.03638630731332,19.77478894778377,19.861988067626953,2633700,19.821295928955077
2024-04-22,20.084829102905537,20.094518099167807,19.60039037771445,19.852298736572266,3163400,19.799980545043944
2024-04-23,19.939498372716628,20.25922786572571,19.939498372716628,20.036386489868164,3214200,19.846486282348632
2024-04-24,20.05576745626337,20.210787727493507,19.871680191182307,20.181720733642578,2371900,19.935623550415038
2024-04-25,19.968566798817175,20.036387931306233,19.76510155336274,19.910432815551758,2166400,19.968565368652342
2024-04-26,19.9782545933029,20.230161113672125,19.89105547164157,19.98794174194336,2536200,19.993756103515626
2024-04-29,19.99763120932727,20.34642770418346,19.968566066747382,20.1138973236084,2308600,20.04607582092285
2024-04-30,20.007320899329244,20.191408149990668,19.5035041333018,19.513193130493164,5497200,19.94143714904785
2024-05-01,19.571326664813455,19.8426111880013,19.290351296669225,19.3291072845459,5409100,19.770914459228514
2024-05-02,19.377551127215888,19.455061257805262,18.970622479624865,19.0675106048584,6220300,19.602330017089844
2024-05-03,19.193461986785632,19.425992355689132,19.04813073721933,19.4066162109375,5653200,19.486064910888672
2024-05-06,19.45505804986531,19.45505804986531,19.028751477923713,19.086885452270508,7083100,19.280662536621094
2024-05-07,19.154709307184312,19.396928690892803,19.067510181210277,19.338794708251953,4869200,19.24578285217285
2024-05-08,19.21283964801539,19.425992020502306,19.04813040855234,19.396926879882812,3537900,19.259346771240235
2024-05-09,19.464748934834642,19.73603529748975,19.406616802832534,19.706968307495117,5677900,19.38723831176758
2024-05-10,21.77067566545404,22.91395135366694,21.402503047074045,22.7298641204834,13620300,20.051887893676756
2024-05-13,22.72986652839427,23.39839255804918,22.720179379083675,23.253061294555664,9124300,20.88512306213379
2024-05-14,23.175547933756253,23.81500688238436,23.04959468241491,23.77625274658203,8562200,21.772614669799804
2024-05-15,23.94095964919849,24.289756104295464,23.853762383411226,24.27037811279297,6760100,22.747304916381836
2024-05-16,24.173494106410594,24.677308996567696,24.00878485924755,24.619176864624023,5302300,23.729746627807618
2024-05-17,24.487730599306122,24.555887008645634,23.845110372500912,24.370891571044922,6617300,24.05795211791992
2024-05-20,24.39036476891928,24.439049247488008,23.71853567877755,23.825637817382812,7738100,24.17246742248535
2024-05-21,23.825638629793318,24.409839392677448,23.75748221459606,24.390365600585938,6544800,24.295289993286133
2024-05-22,24.429312639414565,24.536416636403885,24.283262916234673,24.34168243408203,5392000,24.309550857543947
2024-05-23,24.322208734072586,24.38063010926307,23.91326839335418,24.02037239074707,4937100,24.189789962768554
2024-05-24,24.049583631977466,24.30273550180528,23.991162255442088,24.23457908630371,3869400,24.16252746582031
2024-05-28,24.05931777534348,24.361155971504655,23.97168942804843,24.15668487548828,4879300,24.228736877441406
2024-05-29,23.796429343660137,24.127476374392263,23.796429343660137,23.854848861694336,4828400,24.121633529663086
2024-05-30,23.884058545033394,24.010634471639264,23.58222035744809,23.932741165161133,4687200,24.039845275878907
2024-05-31,24.039847974352348,24.25405412798157,23.78669423435974,24.17616081237793,19913100,24.071002960205078
2024-06-03,24.28326266281341,24.40010169728879,23.835374744996525,24.15668487548828,6012800,24.05542411804199
2024-06-04,23.98142647753229,24.409840639818817,23.971691438112185,24.166423797607422,4324600,24.05737190246582
2024-06-05,24.224842865676,24.809043647457774,24.224842865676,24.789569854736328,4761600,24.24431610107422
2024-06-06,24.731150147394445,24.945358151470543,24.643519937931146,24.770097732543945,3644400,24.41178741455078
2024-06-07,23.60169381758336,24.166420745916188,23.23170108127822,24.069053649902344,8481400,24.390365982055663
2024-06-10,23.81590104062856,24.244315168558433,23.494590908961897,23.83537483215332,6431800,24.326103973388673
2024-06-11,23.786692791832618,23.893796790713548,23.494591483190902,23.718536376953125,3914100,24.236526489257812
2024-06-12,24.127476943568265,24.448787086020683,24.000899151531318,24.23457908630371,5102700,24.12552833557129
2024-06-13,24.078793701058785,24.429314549799837,23.70880091626122,23.84511375427246,3547000,23.940531539916993
2024-06-14,23.767219306167732,24.02037303407091,23.669852202032192,23.747745513916016,3759300,23.876269912719728
2024-06-17,23.738008387573966,23.738008387573966,23.017494795355557,23.066179275512695,5499600,23.722430801391603
2024-06-18,23.14407107994746,23.368014102722384,22.65723745280741,22.939599990844727,5432400,23.566643524169923
2024-06-20,22.900654642201573,23.202490975987445,22.72539423641528,23.134334564208984,4210800,23.346594619750977
2024-06-21,23.15380782553187,23.69906096440634,23.017493147971084,23.58222007751465,29188800,23.294015884399414
2024-06-24,23.29985787490987,23.61143110158493,23.066177954903573,23.445907592773438,4985500,23.2336483001709
2024-06-25,23.562751415767696,23.728274945192958,23.46538430602522,23.533540725708008,4198800,23.32712059020996
2024-06-26,23.46538264106219,23.679588781598333,23.358278642232612,23.55301284790039,3195200,23.449803161621094
2024-06-27,23.689328591699834,24.059321399435074,23.6114352712754,23.97169303894043,4135000,23.617274856567384
2024-06-28,24.069052799351475,24.341680287131563,24.02037018162634,24.322206497192383,6394200,23.76527214050293
2024-07-01,24.32220929398374,24.507206605433023,24.146948878623682,24.23457908630371,3351700,23.923006439208983
2024-07-02,24.263792458155972,24.40010530423536,23.903534691501992,24.302738189697266,3241100,24.076845932006837
2024-07-03,24.31247388827079,24.38063216507356,24.03011131286621,24.03011131286621,2705000,24.172265625
2024-07-05,23.854848520597198,24.117739133676558,23.786692107678025,23.991161346435547,5610800,24.176159286499022
2024-07-08,24.010636027969067,24.088529339496112,23.77695609338793,23.903532028198242,2819100,24.092424392700195
2024-07-09,23.815898955463553,23.93273983725932,23.436169339592233,23.49458885192871,3332700,23.944426345825196
2024-07-10,23.445909636019064,23.97169089469579,23.426435843374055,23.95221710205078,2807700,23.874322128295898
2024-07-11,24.000898508580285,24.62404684173642,24.000898508580285,24.34168243408203,2706500,23.93663635253906
2024-07-12,24.34168434509417,24.877200657836987,24.19563461044823,24.838254928588867,2529700,24.106055068969727
2024-07-15,24.925881527362055,25.11087882156068,24.643517138473474,24.692201614379883,2768100,24.263788986206055
2024-07-16,24.86746448980451,25.149827049689087,24.721412904663715,24.906410217285156,3495900,24.546153259277343
2024-07-17,24.672728764606436,25.13035171283528,24.604572352862025,25.10114288330078,2760000,24.775938415527342
2024-07-18,25.04272304915198,25.237457257924344,24.74088669696556,24.906410217285156,2454900,24.888883972167967
2024-07-19,24.964828593964135,25.032985006776766,24.653255359893283,24.80904197692871,2805700,24.883041381835938
2024-07-22,24.984302983732835,25.062196294116045,24.643519054385166,24.85772705078125,2798600,24.91614646911621
2024-07-23,24.799306796476678,24.857728174747923,24.594837543896602,24.624048233032227,2062000,24.859674072265626
2024-07-24,24.672727918914163,24.857725213824327,24.477993728785265,24.536415100097656,3745000,24.746728515625
2024-07-25,24.5753647124951,24.994041987534985,24.439051872109342,24.546154022216797,3079800,24.674677276611327
2024-07-26,24.867462648311516,25.578239300586805,24.70193914024932,25.402978897094727,4689700,24.79346466064453
2024-07-29,25.480873759277433,25.636660381422104,25.28613955303508,25.373769760131836,2105300,24.89667320251465
2024-07-30,25.461400547625793,25.597715237951967,25.071933983386156,25.091407775878906,2862300,24.990145111083983
2024-07-31,25.34456014698257,25.67560717310378,25.23745615114248,25.305612564086914,3903800,25.143984603881837
2024-08-01,25.24719217664057,25.383504997830972,24.526678632012455,24.575361251831055,3966100,25.149826049804688
2024-08-02,24.26379091000535,24.77009838759992,23.260912851361088,24.49747085571289,5833400,24.96872444152832
2024-08-05,23.621168477416962,24.390364664272965,23.48485565225531,23.98142433166504,3810600,24.69025535583496
2024-08-06,24.04958215324522,24.21510566233853,23.75748085989783,23.776954650878906,3217700,24.42736473083496
2024-08-07,24.069056131821437,24.370894346301174,23.56275052316214,23.621170043945312,3174300,24.09047622680664
2024-08-08,23.854849649811868,24.117740275335652,23.767219441303936,24.088529586791992,3842500,23.993109893798827
2024-08-09,24.10800137277917,24.429311491526366,23.96195165646188,24.244314193725586,2108900,23.942478561401366
2024-08-12,24.28326632063816,24.43905296148702,23.806169500898104,23.97169303894043,1976800,23.940532302856447
2024-08-13,24.127476825363992,24.25405275965778,23.825638619445744,24.224842071533203,2690100,24.030109786987303
2024-08-14,24.185897054007647,24.361157473650515,24.07879305153188,24.28326416015625,2038600,24.162528610229494
2024-08-15,24.555889108452998,24.594836692619108,24.078792345156355,24.224842071533203,2448700,24.189791107177733
2024-08-16,24.21510763771311,24.624047996060884,24.117740531987817,24.60457420349121,2707000,24.261843109130858
2024-08-19,24.67796084847565,25.147645912019517,24.6486068151233,24.932373046875,2901000,24.453979110717775
2024-08-20,24.912799383642927,25.010650504280335,24.64860378418328,24.766023635864258,2036900,24.562215423583986
2024-08-21,24.80516867327009,25.21614195052783,24.50183183202312,25.196571350097656,2561300,24.744876861572266
2024-08-22,25.177000053008307,25.245495286263438,24.668175654034282,24.746458053588867,2275300,24.8492000579834
2024-08-23,24.88344910762515,25.186785947640768,24.726888037529655,25.16721534729004,2052500,24.961728286743163
2024-08-26,25.255280510727804,25.832600141231538,25.167214677847227,25.578187942504883,3390300,25.09089126586914
2024-08-27,25.40205502761069,25.80324483898009,25.362915696230157,25.783674240112305,2288600,25.29442138671875
2024-08-28,25.76410386610131,25.861954994939182,25.49012107862627,25.65646743774414,2715900,25.386400604248045
2024-08-29,25.842385644221892,26.184863678520397,25.67603927706863,25.852170944213867,2299400,25.607543182373046
2024-08-30,25.959806836675266,26.067441401633204,25.715179941040255,25.89130973815918,5696200,25.752362060546876
2024-09-03,25.724965408415006,26.145722103909982,25.46076791148284,25.51947784423828,3666900,25.740620040893553
2024-09-04,25.4705527774804,25.754319002927424,25.382486946669754,25.58797264099121,2241100,25.701479721069337
2024-09-05,25.55861992140274,25.793461526844773,25.27485181502163,25.382488250732422,2377100,25.64668388366699
2024-09-06,25.333561350904354,25.607544152783657,24.785597613500897,24.834522247314453,2864800,25.44315414428711
2024-09-09,25.088934812242293,25.441198153134735,24.942159042322164,25.16721534729004,3520200,25.29833526611328
2024-09-10,25.27485041093541,25.411840873244277,25.02043821925103,25.343345642089844,2610800,25.263108825683595
2024-09-11,25.128075018595023,25.480338345547977,24.726887059056427,25.46076774597168,3674200,25.237667846679688
2024-09-12,25.44119655064174,25.695608740110764,25.235710858967753,25.685823440551758,3397900,25.298334884643555
2024-09-13,25.85217050853246,25.93045104079386,25.705394743836724,25.920665740966797,3140200,25.515563583374025
2024-09-16,25.950023312463312,26.263145461684037,25.94023801200576,26.047874450683594,2494000,25.691695404052734
2024-09-17,26.057656101845193,26.16529253315823,25.871741004938254,25.89130973815918,2665000,25.801288223266603
2024-09-18,25.70539312458188,26.27292741431523,25.70539312458188,26.008729934692383,2483300,25.910880661010744
2024-09-19,26.331640785188746,26.546911796897643,26.087013872010587,26.29250144958496,3554500,26.032216262817382
2024-09-20,26.04787529431647,26.077229330284606,25.56840488814362,25.9108829498291,13942400,26.030259704589845
2024-09-23,26.09679707349336,26.30228276818496,25.8130289811801,26.233787536621094,2491300,26.067442321777342
2024-09-24,26.272929904314324,26.615407943725586,26.204434669703105,26.615407943725586,2643800,26.212261962890626
2024-09-25,26.576266002435943,26.65454653500337,26.11636810689669,26.165292739868164,2268900,26.24357452392578
2024-09-26,26.30228195008236,26.625189364807696,26.13593559302052,26.586050033569336,2203300,26.302284240722656
2024-09-27,26.60561961761847,26.91874172100287,26.60561961761847,26.879600524902344,3619100,26.496027755737305
2024-09-30,26.87960488174386,26.938316685411085,26.654548566751927,26.840465545654297,2734400,26.617363357543944
2024-10-01,26.908958161863115,26.908958161863115,26.400133777786305,26.605621337890625,2395100,26.615406036376953
2024-10-02,26.458845635976306,26.664331330193413,26.380563238535412,26.41970443725586,1752300,26.666288375854492
2024-10-03,26.370779701520043,26.400133734089877,26.17507744139747,26.390348434448242,3125600,26.627148056030272
2024-10-04,26.703473336119544,26.899173736572266,26.40013463593185,26.899173736572266,1803200,26.631062698364257
2024-10-07,26.869818549739406,26.997025586446988,26.615408209034612,26.703474044799805,2064500,26.60366439819336
2024-10-08,26.713255904092517,26.91874346421742,26.66433127215353,26.820892333984375,1543300,26.64671859741211
2024-10-09,26.869817504374197,27.192726800520628,26.811107571599894,26.997024536132812,2121000,26.7621826171875
2024-10-10,26.86003314530209,27.163369964930897,26.791536048678125,27.104660034179688,2596100,26.905044937133788
2024-10-11,27.1731560335493,27.212295366372878,26.997024369955447,27.15358543395996,2045700,26.955927276611327
2024-10-14,27.18294083922651,27.417782430964454,27.00680917883429,27.407997131347656,2673700,27.0968318939209
2024-10-15,27.486281143892665,27.838544509301883,27.40800060339676,27.50585174560547,2256700,27.233823776245117
2024-10-16,27.53520213049836,27.642838559290272,27.407996968943866,27.564558029174805,1764200,27.347330474853514
2024-10-17,27.486276521411593,27.691762205772722,27.32971546674931,27.456920623779297,4041300,27.417782592773438
2024-10-18,27.50584972638177,27.564559660854933,26.517556808700203,26.615407943725586,2975900,27.310147094726563
2024-10-21,26.468629737245557,26.644761403222144,26.13593700514647,26.224002838134766,4595000,27.073348236083984
2024-10-22,26.253357152951654,26.674115692637056,26.17507662461635,26.527339935302734,2514300,26.877645874023436
2024-10-23,26.468629737245557,26.51755623688079,26.204434104635798,26.224002838134766,2057300,26.60953483581543
2024-10-24,26.546910308218123,26.987239473788428,26.321854008640024,26.43927574157715,3388300,26.406005859375
2024-10-25,26.56648009528754,26.63497532642392,26.28271387110039,26.390348434448242,1825400,26.360993957519533
2024-10-28,26.253356285167854,26.68390010995826,26.253356285167854,26.449058532714844,2195500,26.406005096435546
2024-10-29,26.44905940696743,26.674115692637056,26.380562311613396,26.527339935302734,2726500,26.406005096435546
2024-10-30,26.36099423492062,26.791536218295317,26.292499004218058,26.33163833618164,3181100,26.427532196044922
2024-10-31,27.055735717171483,29.38458493214064,27.055735717171483,28.484357833862305,10898100,26.836548614501954
2024-11-01,28.161449843915047,28.56263781693225,27.515634967040768,27.662410736083984,4854200,27.090961074829103
2024-11-04,27.623269433195745,27.858111036065186,27.52541829874469,27.633054733276367,3307600,27.327760314941408
2024-11-05,27.593915000894103,28.024457000094117,27.525417901318754,27.91682243347168,4085800,27.605656814575195
2024-11-06,28.425647334414354,28.70941545723485,28.249517519895576,28.494144439697266,5502600,28.03815803527832
2024-11-07,28.582205195917886,28.954039117313357,28.396290101575225,28.914897918701172,4469800,28.124266052246092
2024-11-08,29.0518895798693,29.247589969367766,28.83661672515945,28.895328521728516,2950600,28.370849609375
2024-11-11,29.051890175587054,29.89340541376054,29.002963677442914,29.717275619506836,4121700,28.787693786621094
2024-11-12,29.413936769071803,29.90319054970472,29.365012137550533,29.873836517333984,3450200,29.179096603393553
2024-11-13,29.961903553668517,30.226099187419134,29.805340620514816,29.854267120361328,2712300,29.451121139526368
2024-11-14,29.834696424437357,29.893406357709154,29.34544262567711,29.39436912536621,2147500,29.547015380859374
2024-11-15,29.34544187694774,29.4237224080979,28.84640279098232,28.94425392150879,2332500,29.55680046081543
2024-11-18,29.076913391572813,29.224312036192025,28.565929674235786,28.772289276123047,2002100,29.367803192138673
2024-11-19,28.565932230853797,28.811597285297704,28.38905309177008,28.73298454284668,2354700,29.139632797241212
2024-11-20,28.703502575784384,29.037607182475774,28.398878448839476,28.929515838623047,3457000,28.954682540893554
2024-11-21,29.027779744461753,29.519109785843092,28.86072745542108,29.2930965423584,2393400,28.934428024291993
2024-11-22,29.440498268449332,29.78442970835236,29.37171235532384,29.66651153564453,2545600,29.07887954711914
2024-11-25,29.971134066983566,30.256106405305466,29.843389074330087,30.089054107666016,7137400,29.342232513427735
2024-11-26,30.09887999065662,30.40350599089421,29.961308167501272,30.364198684692383,2871100,29.668475341796874
2024-11-27,30.46246419546687,30.590209188379557,30.059573689920473,30.305238723754883,2441300,29.94361991882324
2024-11-29,30.452639118340745,30.658998733237787,30.285586810767168,30.315067291259766,1909900,30.148014068603516
2024-12-02,30.285585449156944,30.511596833278894,30.03009358586781,30.393678665161133,3877100,30.293447494506836
2024-12-03,30.364197807078014,30.5017715005326,30.20697233536603,30.305238723754883,2844300,30.33668441772461
2024-12-04,30.570558040744146,31.1699794611579,30.491945303266498,31.150327682495117,2698500,30.493910217285155
2024-12-05,30.93414126892388,31.01275400645286,30.590209839381277,30.7081298828125,3290600,30.57448844909668
2024-12-06,30.776915581631545,30.83587466580283,30.423157328052863,30.60986328125,2612300,30.633447647094727
2024-12-09,30.6000383619583,30.747438892986334,29.882696857961058,29.95148277282715,2716300,30.54500846862793
2024-12-10,30.59021136114029,30.717958237402048,28.752637827134038,29.302927017211914,5373500,30.344546127319337
2024-12-11,29.519109838901784,29.55841526765975,29.037604748120273,29.40118980407715,3732300,29.994718551635742
2024-12-12,29.204659141822425,29.686162393023604,29.086740972776486,29.49945831298828,3227500,29.752984237670898
2024-12-13,29.440498176695332,29.57807187679312,29.185008178532776,29.342233657836914,3619000,29.49945831298828
2024-12-16,29.204660248966718,29.460152123952586,28.929516594578537,29.214487075805664,4336100,29.352059173583985
2024-12-17,29.106395975263453,29.293100063955542,28.80176996350682,28.870555877685547,3538200,29.26558494567871
2024-12-18,28.988475466461274,28.988475466461274,27.22951283511525,27.24916648864746,4768900,28.835180282592773
2024-12-19,27.416217855283843,27.573443329600664,26.944541432333377,26.974021911621094,4770500,28.330093002319337
2024-12-20,26.924885151672196,27.652053367986536,26.797140169110687,27.347429275512695,13749900,27.931132125854493
2024-12-23,27.327779931044677,27.445699980993872,27.101768532440634,27.209861755371094,3015300,27.530207061767577
2024-12-24,27.28847367102837,27.406391843131733,27.20986093153428,27.36708641052246,1372400,27.22951316833496
2024-12-26,27.22951254503299,27.435872156371676,27.20003393932428,27.37691307067871,1425100,27.25506248474121
2024-12-27,27.17055320739746,27.39656459568772,26.934714992536904,27.17055320739746,1965100,27.294368743896484
2024-12-30,26.983848031086513,27.052635819066918,26.571132548857555,26.905235290527344,1851000,27.205929946899413
2024-12-31,26.983848031086513,27.082114425354373,26.78731711682638,26.905235290527344,1810200,27.145004653930663
2025-01-02,27.219686413375204,27.29829914898517,26.885581818463994,27.00349998474121,2089100,27.072287368774415
2025-01-03,27.170550030473862,27.170550030473862,26.69887365590363,27.023151397705078,2441200,27.00153503417969
2025-01-06,27.013327676335926,27.47517727855516,26.924888111657165,26.954368591308594,2985500,26.958298110961913
2025-01-07,26.924888135737465,27.032981353613852,26.394252621465846,26.512170791625977,2548800,26.87968521118164
2025-01-08,26.49251874793778,26.65957106104272,26.20754825750914,26.63991928100586,3369300,26.826622009277344
2025-01-10,26.364771600149787,26.57113120510384,26.21737295334003,26.433557510375977,3139000,26.712633514404295
2025-01-13,26.30581527945092,26.44338711435388,26.089628825431202,26.384428024291992,2313200,26.58488883972168
2025-01-14,26.56130600612313,26.708704661963814,26.463039610804138,26.669397354125977,3341100,26.527894592285158
2025-01-15,27.062461321302887,27.200033141978853,26.728356721710842,27.09193992614746,3028800,26.643848419189453
2025-01-16,27.209858481080005,27.209858481080005,26.767660689826794,26.84627342224121,2003000,26.685119247436525
2025-01-17,27.200032092723827,27.229510696431248,26.934713413704568,27.04280662536621,3125100,26.80696907043457
2025-01-21,27.072284793648237,27.268817561821972,26.81679481900792,26.84627342224121,2499400,26.899338150024413
2025-01-22,26.75783495167564,27.04280728968392,26.492516266138715,27.00349998474121,3669100,26.96615867614746
2025-01-23,26.86592989776058,27.18038086046983,26.826622590284135,27.013328552246094,2791400,26.950436401367188
2025-01-24,26.954370331628528,27.258994477259375,26.826623452499835,26.964197158813477,1936500,26.97402114868164
2025-01-27,26.84627624402236,27.18038086046983,26.757836676475936,27.013328552246094,2326400,26.968125534057616
2025-01-28,27.08211488406909,27.583271816475698,27.013328969199172,27.31795310974121,3080500,27.06246147155762
2025-01-29,27.26881993309852,27.40639175821805,26.865929410155143,27.15089988708496,2607400,27.09194145202637
2025-01-30,27.19020658427538,27.868242616532587,27.160726104864022,27.406391143798828,5563600,27.170553970336915
2025-01-31,26.1485887648506,26.905235701435092,25.244541297475376,26.44338607788086,6327200,27.06639175415039
2025-02-03,26.18789456640419,26.77749107502125,25.96188316495493,26.53182601928711,4724100,26.970091247558592
2025-02-04,26.738181174967433,26.846274388782184,26.05032021014521,26.571130752563477,5119900,26.820726776123045
2025-02-05,26.718530913727793,27.062462352802314,26.453212214360974,27.032981872558594,3207000,26.797143173217773
2025-02-06,27.20003058626915,27.386736521269025,26.9838441749192,27.239336013793945,5198400,26.763732147216796
2025-02-07,27.327779018967526,27.435872238290326,26.993674408583914,27.15089988708496,2319500,26.90523490905762
2025-02-10,27.367085636253087,27.907547970699756,27.12142059799996,27.632404327392578,3702100,27.125350570678712
2025-02-11,27.58327097556232,27.69136419522003,27.24916636414355,27.36708641052246,2768800,27.28454170227051
2025-02-12,27.05263498253783,27.22951223761983,26.561304900667167,26.954368591308594,3018600,27.268819046020507
2025-02-13,27.09194178737608,27.563618240048477,26.816798127121654,27.53413963317871,2748800,27.32777976989746
2025-02-14,27.687131496584062,27.726614941800204,27.312048180402158,27.361400604248047,2584300,27.369879913330077
2025-02-18,27.381143796505956,27.558815544166336,27.0948963340221,27.262697219848633,3123800,27.29593849182129
2025-02-19,27.193599478447737,27.213341200875057,26.759292881092353,27.14424705505371,2293600,27.25137062072754
2025-02-20,27.05541149180873,27.10476391575912,26.53226713763285,26.966575622558594,2369100,27.25381202697754
2025-02-21,26.976447911188572,27.085025508833347,26.571751988825458,26.700069427490234,3473000,27.086997985839844
2025-02-24,26.97644739411565,27.183731723584863,26.532268032877585,26.99618911743164,3130000,27.013955688476564
2025-02-25,26.966577430604268,27.361402496702357,26.749424114918924,27.193601608276367,3410800,27.00013656616211
2025-02-26,27.144247387213355,27.420625856555,26.848129077877108,27.134376525878906,4205600,26.998162460327148
2025-02-27,27.094894379581905,27.331789398482957,26.897480922493898,26.927093505859375,2569300,26.990266036987304
2025-02-28,26.956706335279407,27.14424894605553,26.571752134500244,26.97644805908203,6331400,27.045541763305664
2025-03-03,27.321919817186416,27.874674887181268,27.065283064020218,27.28243637084961,3846500,27.102791213989256
2025-03-04,27.272564904657052,27.37127163563648,26.621103115936858,26.907352447509766,3574200,27.04554138183594
2025-03-05,26.729682390945413,27.391015082662623,26.670459101699304,27.193601608276367,4147300,27.05738639831543
2025-03-06,26.96657719718072,27.30217897112772,26.788905448305904,26.97644805908203,3098500,27.06725730895996
2025-03-07,26.867871393162165,27.91416019891484,26.808648102373635,27.845064163208008,4924400,27.240980529785155
2025-03-10,27.67726355192253,28.427430212311087,27.282436615708306,27.331790924072266,5764200,27.250851440429688
2025-03-11,27.173861382783727,27.36140210985729,26.680329586470233,26.700069427490234,5488100,27.20939483642578
2025-03-12,27.045542392720943,27.045542392720943,26.068349649971683,26.354598999023438,3613200,27.041594314575196
2025-03-13,26.226276803424135,26.65071440818985,25.949900229287735,25.989381790161133,4844400,26.844181060791016
2025-03-14,26.1966693295143,26.907354456823015,26.127573294796928,26.680330276489258,3572000,26.611234283447267
2025-03-17,26.828386757587165,27.71674354848143,26.798774174243462,27.48971939086914,3194000,26.642819976806642
2025-03-18,27.361401733976724,27.499591915264688,27.035670828191563,27.440366744995117,2966900,26.790879440307616
2025-03-19,27.410756505024754,27.706874830671406,27.40088564314661,27.539073944091797,2970500,27.02777442932129
2025-03-20,27.252824535972067,27.598295263687444,27.154117806907273,27.20347023010254,4782500,27.27059211730957
2025-03-21,27.05541238404885,27.104764809626797,26.433563161464694,26.828388214111328,19989600,27.300203704833983
2025-03-24,27.04554202485289,27.420627243841327,26.976447874690383,27.262697219848633,4858800,27.25479927062988
2025-03-25,27.262697771088575,27.637781114986645,27.21334346092144,27.30217933654785,3283600,27.22716178894043
2025-03-26,27.28243626156938,27.400884717431,26.98631794592683,27.173860549926758,3742400,27.154119110107423
2025-03-27,27.183731723584863,27.26269673417448,26.857998936894045,26.99618911743164,3072100,27.112662887573244
2025-03-28,26.887611874650833,26.927095321800866,26.009125884980758,26.088090896606445,2433600,26.964603424072266
2025-03-31,25.949902726976703,26.275633636899347,25.594559231543133,26.19666862487793,4619500,26.751397705078126
2025-04-01,26.078221056841148,26.42369370224572,25.70313770758797,26.394081115722656,3155800,26.569778060913087
2025-04-02,26.12757207812436,26.838259055013232,25.81171203625124,26.660587310791016,3476800,26.467123413085936
2025-04-03,25.930158104476643,26.196665696257973,25.51559136704152,25.663650512695312,5702000,26.200615692138673
2025-04-04,24.666718054924367,24.92335480557597,23.403276024641322,23.47237205505371,5276300,25.677471923828126
2025-04-07,22.93935724131306,24.31137500716429,22.445825454152263,23.403276443481445,6484700,25.118793487548828
2025-04-08,24.1238336875492,24.410081138039576,22.67284906423385,23.195993423461914,5348700,24.47917594909668
2025-04-09,23.008449827515978,25.258955301873968,22.899874121933806,25.081283569335938,6025200,24.163315200805663
2025-04-10,24.48904545418325,24.706200633939314,23.363793641535484,23.9461612701416,5343800,23.819817352294923
2025-04-11,23.94616195908433,24.173186123838846,23.432888461024643,24.094221115112305,3988800,23.94418716430664
2025-04-14,24.439695229650127,24.627237842853432,23.9560342862727,24.331117630004883,3817200,24.129755401611327
2025-04-15,24.331117095740257,24.6371062812245,24.252152083916116,24.459436416625977,2924800,24.382444000244142
2025-04-16,24.34098686544342,24.528529466114158,23.857325954386717,23.98564338684082,3037000,24.163315963745116
2025-04-17,24.26202257541296,24.26202257541296,23.916549947952458,24.133705139160156,3082500,24.200824737548828
2025-04-21,23.975774417362373,23.975774417362373,23.018321573576042,23.255216598510742,3006600,24.033023834228516
2025-04-22,23.5710767315484,24.00538522043787,23.442759298501716,23.926420211791992,3906000,23.952084350585938
2025-04-23,24.449566542442174,24.854262479722692,24.143575461923177,24.26202392578125,3319900,23.91260185241699
2025-04-24,24.232408613427957,24.844388822954464,24.232408613427957,24.735811233520508,2809300,24.06263542175293
2025-04-25,24.676588881426117,24.99244891788048,24.676588881426117,24.933225631713867,2608500,24.222539520263673
2025-04-28,25.15037785341318,25.41688545370158,24.903611975221903,25.189861297607422,3754700,24.609468460083008
2025-04-29,25.10102611894138,25.43662787309534,25.012190249743316,25.337921142578125,2235300,24.891768646240234
2025-04-30,25.140508604212283,25.61430055154845,24.844390284467245,25.535335540771484,6518300,25.14643096923828
2025-05-01,25.56494575241546,25.713004909445946,25.239214853878664,25.268827438354492,2987200,25.25303421020508
2025-05-02,25.594558715820312,25.663652864612526,25.278698674099132,25.594558715820312,2719500,25.385300827026366
2025-05-05,25.318179886337294,25.634039923671548,25.110897442839562,25.436628341674805,3736400,25.434654235839844
2025-05-06,25.08128461558048,25.673523121187227,25.041803052632993,25.38727378845215,4963200,25.44452476501465
2025-05-07,26.640846332678176,28.081960167376714,25.861067067826955,27.47985076904297,8758900,25.833427810668944
2025-05-08,27.430496737100665,28.239888540349277,27.27256483831319,28.032604217529297,5555400,26.386183166503905
2025-05-09,28.08196047759875,28.74329317207741,28.042477029486864,28.536008834838867,4991100,26.974473190307616
2025-05-12,29.305917874891886,29.414493587204543,28.43730088034454,28.684066772460938,4545500,27.623960876464842
2025-05-13,28.62484216034824,29.10850306058494,28.58535871575377,28.723548889160156,4991100,28.291215896606445
2025-05-14,28.565618451744093,28.644583457085627,28.141180842030522,28.230016708374023,5686600,28.441249084472656
2025-05-15,28.28924093200428,28.684065971835338,28.259628348014086,28.595230102539062,3383100,28.553774261474608
2025-05-16,28.417559888656378,28.516264735365077,28.141181422918912,28.437299728393555,3807700,28.53403244018555
2025-05-19,28.13493348432208,28.44225794787064,28.015970761749667,28.24398422241211,2840600,28.446015930175783
2025-05-20,28.075453673962464,28.27372741037391,28.015972309390424,28.164676666259766,4590600,28.334241485595705
2025-05-21,27.89700750716276,28.055625738904528,27.341843696066565,27.361671447753906,7071600,28.16057243347168
2025-05-22,27.37158411805858,27.69873444297696,27.193138142488845,27.520288467407227,5957500,27.945584106445313
2025-05-23,27.123743582146044,27.54011690523613,26.975037338209386,27.351757049560547,4625600,27.72847557067871
2025-05-27,27.688822826560667,28.02588705438544,27.559944326633143,27.92675018310547,10832000,27.665028762817382
2025-05-28,27.986231546265824,28.065540665104862,27.748304189748705,27.817699432373047,4554600,27.59563331604004
2025-05-29,27.87718147643058,27.91683508868508,27.54011726331425,27.758216857910156,4494200,27.674942398071288
2025-05-30,27.817698400389446,28.28364111080194,27.718561532798798,28.234071731567383,13018100,27.81769905090332
2025-06-02,28.006057748543125,28.13493435044371,27.688821290746194,28.115108489990234,3846100,27.970369338989258
2025-06-03,27.827611950282872,28.63061697569216,27.827611950282872,28.59096336364746,5081000,28.103211975097658
2025-06-04,28.650446284973935,28.878459766544548,28.581051041963622,28.83880615234375,4584500,28.307433319091796
2025-06-05,28.848720192320197,29.29483328172313,28.769411072589996,28.878459930419922,5016600,28.53148193359375
2025-06-06,29.01725127054689,29.156041752392422,28.828891408843315,29.076732635498047,2659000,28.700014114379883
2025-06-09,29.19569725627886,29.26509249720162,28.957768014717235,29.076732635498047,2981500,28.892338943481445
2025-06-10,29.04699187552158,29.344402490921134,28.928029142064606,29.275007247924805,3799000,29.029147720336915
2025-06-11,29.26509250314094,29.443538488909123,29.007337400462287,29.18578338623047,5866800,29.098543167114258
2025-06-12,29.215522452013417,30.177147599696763,29.175868839908517,30.008615493774414,6178600,29.324574279785157
2025-06-13,29.75085968599339,29.94913152353624,29.374139980168678,29.522846221923828,4819900,29.413796997070314
2025-06-16,29.58232862872195,30.028443587983972,29.493105636869544,29.760774612426758,4271300,29.550605392456056
2025-06-17,29.62198258503649,29.86982381175188,29.354315497251534,29.5129337310791,4643500,29.598190689086913
2025-06-18,29.562500866814847,29.6517238586365,29.08664617101835,29.106473922729492,3885600,29.58232879638672
2025-06-20,29.304745761983092,29.374141002081238,28.650445082659893,28.77932357788086,12971400,29.33647041320801
2025-06-23,28.799149424151587,28.81897717584917,28.21424398522221,28.561222076416016,4153600,29.144145584106447
2025-06-24,28.680185351070776,29.146126148847788,28.432344139106288,29.11638641357422,4444000,29.01526794433594
2025-06-25,29.066817184593216,29.27500478695974,28.769408485073495,28.828889846801758,4597100,28.878459167480468
2025-06-26,28.977594397759898,29.304744725854434,28.888371409108803,29.195695877075195,3376700,28.896303558349608
2025-06-27,29.19569656499846,29.30474541634716,28.700014123425504,29.027164459228516,8484300,28.94587173461914
2025-06-30,29.245264569045926,29.245264569045926,28.81897735922775,29.146127700805664,3699500,29.06285285949707
2025-07-01,29.21552277128788,29.64180997862524,29.126299779478735,29.542673110961914,2931700,29.14811019897461
2025-07-02,29.522845866516356,29.562499477196198,29.126298414447625,29.55258560180664,2539800,29.292849349975587
2025-07-03,29.65172353077464,30.464642433158087,29.59224216717739,30.226715087890625,2910000,29.49905319213867
2025-07-07,30.147406667621393,30.335766529378763,29.800428572029972,29.840084075927734,5002100,29.661637115478516
2025-07-08,29.81034175182678,29.840083379055528,29.52284691879603,29.68146514892578,3005400,29.76870460510254
2025-07-09,29.750860388653134,29.929306370271146,29.46336366474001,29.899564743041992,2991300,29.840082931518555
2025-07-10,29.849999004270696,29.849999004270696,29.364230409668224,29.4237117767334,2522200,29.814308166503906
2025-07-11,29.255177730988528,29.304745218459725,28.402603332159156,28.442258834838867,2745900,29.457416915893553
2025-07-14,29.03707867854807,29.602156366086994,28.838804943221422,29.542673110961914,3817200,29.39793472290039
2025-07-15,29.55258699400689,29.87973733376053,29.483191753889223,29.651723861694336,4047800,29.391986465454103
2025-07-16,29.840083728420176,29.86982346511866,29.384054893299165,29.760774612426758,2608900,29.364228439331054
2025-07-17,29.78060097444844,29.939219199033438,29.463362634400056,29.879735946655273,3767000,29.45543327331543
2025-07-18,29.94913223929938,30.097838484608506,29.810341760614552,30.008615493774414,3742500,29.76870460510254
2025-07-21,30.0383543673952,30.2961094567486,29.859910281730603,30.0284423828125,2816700,29.865858459472655
2025-07-22,30.187063039532696,30.34568127792773,30.00861704861864,30.256458282470703,2915700,29.98680534362793
2025-07-23,30.39524755039951,30.553865782438663,30.117664698891755,30.415075302124023,2635300,30.117665481567382
2025-07-24,30.306025772889694,30.444816258765712,30.20688890117316,30.256458282470703,2631600,30.19300994873047
2025-07-25,30.306024733138887,30.474556842011367,30.127578748347027,30.345680236816406,1918400,30.260422897338866
2025-07-28,30.38533489208721,30.444816258765712,30.07801229155665,30.256458282470703,2212700,30.30602607727051
2025-07-29,30.415074944961525,30.4745563085581,29.830169512106227,30.008615493774414,2599700,30.25645751953125
2025-07-30,30.16723423923269,30.16723423923269,29.44353831533123,29.58232879638672,2711700,30.08990821838379
2025-07-31,29.721120151356143,29.721120151356143,29.126300815105044,29.2353515625,3112700,29.88568687438965
2025-08-01,29.10647479936383,29.146128413101927,28.4224324717552,28.541397094726562,3610300,29.52483024597168
2025-08-04,28.571137163065618,28.997424388236674,28.561223286796693,28.729755401611328,3196800,29.219489669799806
2025-08-05,28.878458009625533,28.947855139292393,28.29355447231811,28.333208084106445,3613200,28.88440818786621
2025-08-06,28.541395700659702,28.690100053951735,28.234071227527267,28.442258834838867,3741700,28.65639419555664
2025-08-07,28.610790038248382,28.680185274873526,27.490546704253266,28.0258846282959,6483800,28.41450080871582
2025-08-08,29.423711758596074,31.27756313982617,29.056905898350053,30.187063217163086,10080000,28.743634033203126
2025-08-11,30.28619577667527,30.970238060876984,30.008614825487296,30.504297256469727,5057100,29.098542404174804
2025-08-12,30.405161278930773,31.604711889274146,30.405161278930773,31.57497215270996,5031600,29.746895217895506
2025-08-13,31.634452486522914,31.941776954120076,31.574971124453118,31.882293701171875,5408300,30.43490219116211
2025-08-14,31.812900903465383,31.812900903465383,31.2180815645132,31.2379093170166,3557800,31.07730712890625
2025-08-15,31.307304378851317,31.356871868944623,30.930586537857987,31.198253631591797,3274500,31.27954521179199
2025-08-18,31.272902059074635,31.322667216293798,31.03402588726834,31.22313690185547,2436500,31.42331314086914
2025-08-19,31.243041993833945,31.491871578107023,31.10369803413512,31.352527618408203,4264400,31.37882423400879
2025-08-20,31.35252901138494,31.442107817576716,31.113652827679925,31.292810440063477,3222500,31.260927581787108
2025-08-21,31.123605036265925,31.25299558553089,31.014119411059283,31.04397964477539,3248700,31.222141647338866
2025-08-22,31.153463877826923,31.730748450119325,31.093745307843328,31.432153701782227,3609100,31.268921661376954
2025-08-25,31.422199246711763,31.422199246711763,30.96435372801274,30.9842586517334,3355900,31.221146011352538
2025-08-26,30.894682454689722,30.98425935952658,30.357209635154028,30.625946044921875,5737300,31.075829696655273
2025-08-27,30.6259467366413,30.71552554192048,30.446789126082937,30.596086502075195,3858700,30.93648490905762
2025-08-28,30.785197722859948,30.785197722859948,30.048662351247565,30.068567276000977,3938100,30.741402435302735
2025-08-29,29.99889426336766,30.118333299883183,29.859550302782115,30.05861473083496,4825400,30.466694641113282
2025-09-02,29.70029917758691,29.760017745947227,29.03343581923634,29.36189079284668,4106200,30.14222106933594
2025-09-03,29.252406541732174,29.5410497827888,29.003576947063696,29.521142959594727,4382500,29.92126045227051
2025-09-04,29.511189384707272,29.511189384707272,29.14292264975033,29.391752243041992,2872600,29.680393600463866
2025-09-05,29.590813553577114,29.68039235532712,29.14292144324614,29.36189079284668,2497100,29.53905830383301
2025-09-08,29.461423689027455,29.79983208161642,29.272312670011484,29.76997184753418,2636300,29.481329727172852
2025-09-09,30.028754858142722,30.098426839273174,29.27231268023377,29.33203125,3005300,29.475357818603516
2025-09-10,29.411656652256582,29.740111633708512,29.093155082172174,29.113061904907227,3869100,29.393741607666016
2025-09-11,29.232500759286882,29.580860662866687,29.08320148813086,29.531095504760742,3265100,29.421610260009764
2025-09-12,29.48133053223888,29.511188867922765,28.9836713543703,29.003576278686523,2865800,29.349947357177733
2025-09-15,28.933904838686317,29.013530232697768,28.555684691736708,28.625356674194336,3164900,29.121024322509765
2025-09-16,28.645262109899534,28.73484091112616,28.346665473004443,28.46610450744629,3207500,28.947838973999023
2025-09-17,28.595495573487185,28.85427857079166,28.406386454949324,28.52582359313965,3018900,28.830391311645506
2025-09-18,28.515870009700805,28.824418162984976,28.466104852158516,28.72488784790039,3346000,28.669149780273436
2025-09-19,28.94385736728573,29.113061561700754,28.605448978455684,28.854278564453125,9551700,28.639290237426756
2025-09-22,28.595495226192405,28.7646994185896,28.4362444449267,28.704980850219727,2914900,28.655215072631837
2025-09-23,28.784606243043687,28.884138455947095,28.62535546176586,28.81446647644043,2237300,28.724887466430665
2025-09-24,28.844326016896474,29.083202198796464,28.72488887515605,28.953811645507812,4060000,28.810485076904296
2025-09-25,28.80451394483603,28.80451394483603,28.286947940670007,28.366573333740234,3245000,28.738822174072265
2025-09-26,28.4362459890095,28.695028997222902,28.336713770709085,28.66516876220703,2532600,28.701000213623047
2025-09-29,28.83437192542712,28.854278748054163,28.585542337846366,28.655216217041016,2422400,28.691047286987306
2025-09-30,28.675121495760123,28.794560534579915,27.669849721695382,28.25708770751953,5520900,28.579571533203126
2025-10-01,28.187416266540392,28.33671364411444,27.80919611679153,27.988353729248047,2905400,28.386479949951173
2025-10-02,27.998304892983853,28.1077905211005,27.68975673005954,27.94853973388672,2374400,28.30287322998047
2025-10-03,27.92863257134925,28.048071609517123,27.54045901953711,27.689756393432617,3117300,28.107790756225587
2025-10-06,27.779335549871305,27.819149195905386,27.530505957415688,27.620084762573242,3053400,27.90076446533203
2025-10-07,27.669848878676284,27.78928791385712,27.03284575349599,27.172189712524414,3240300,27.683784866333006
2025-10-08,27.192097928909558,27.4409275247428,27.062707374380704,27.112472534179688,2331600,27.508608627319337
2025-10-09,27.10251739332476,27.202049604991473,26.784015834726507,26.913408279418945,3004900,27.30158233642578
2025-10-10,27.00298641782448,27.15228569136882,26.29631128963619,26.395843505859375,3880400,27.042799758911134
2025-10-13,26.375936333133073,26.724298136084688,26.356029510468616,26.575000762939453,2694900,26.833782958984376
2025-10-14,26.47546871268457,26.873595676354142,26.256497458851975,26.704391479492188,3056900,26.74022331237793
2025-10-15,26.833780991350345,27.052752236700922,26.73425067810267,26.913408279418945,3152400,26.700410461425783
2025-10-16,27.012940359163437,27.102519165679535,26.23659323391615,26.34607696533203,3271100,26.5869441986084
2025-10-17,26.276404466707728,26.495375722082564,26.196779073413,26.395843505859375,3140800,26.5869441986084
2025-10-20,26.48542195936849,26.764109882994507,26.41574997846199,26.575000762939453,2746800,26.5869441986084
2025-10-21,26.48542194191311,27.30158268642699,26.435654885284762,27.231910705566406,3337000,26.69244804382324
2025-10-22,27.17218988633825,27.212003531126225,26.913408788892692,27.082611083984375,2495200,26.72628860473633
2025-10-23,27.16223820659138,27.192096541579748,26.843734745502655,27.062705993652344,3072500,26.86961441040039
2025-10-24,27.221957988614143,27.411069011787475,27.07266061175905,27.092565536499023,2169500,27.00895881652832
2025-10-27,26.833781160676704,27.24186342092721,26.455561032059393,26.714344024658203,4657100,27.03682746887207
2025-10-28,26.75415559099684,26.803922646019803,26.535186244152907,26.584951400756836,3749300,26.907435607910156
2025-10-29,26.365982231961077,26.405795876248305,25.65930713163417,25.728979110717773,3787500,26.636709213256836
2025-10-30,25.738932692577784,26.16691987941014,25.66926071303188,25.96785545349121,6020300,26.41773910522461
2025-10-31,25.848417785231568,26.316218641354656,25.66926207053288,26.23659324645996,4079800,26.246544647216798
2025-11-03,26.256497480270188,26.336122873069055,25.848417104873604,26.156967163085938,3489400,26.135069274902342
2025-11-04,26.097246006191327,26.127106239610313,25.68916564156046,25.748886108398438,3649500,25.967856216430665
2025-11-05,25.818558781201826,25.99771638968813,25.470196975636142,25.719026565551758,3832800,25.965865707397462
2025-11-06,25.738932876009812,25.83846319125953,25.161648314833695,25.330852508544922,6615600,25.8384651184082
2025-11-07,24.654036561426114,25.73893374015988,24.236002768717515,25.649354934692383,9249500,25.72101745605469
2025-11-10,25.71902620972996,26.47546838041838,25.619493995456917,26.226638793945312,6771600,25.734951782226563
2025-11-11,26.246545765242722,27.122425079287797,26.067388158219636,27.012939453125,7970400,25.987762451171875
2025-11-12,26.98308182042092,27.16223943211069,26.714345402886263,26.87359619140625,6530800,26.218676376342774
2025-11-13,26.87359567705703,27.052753285317802,26.56504751750743,26.594905853271484,6690900,26.471487045288086
2025-11-14,26.535187117610537,26.70439131342023,26.346076099136386,26.575000762939453,5083900,26.6566162109375
2025-11-17,26.700000762939453,26.81999969482422,26.1200008392334,26.139999389648438,5772900,26.639288330078124
2025-11-18,26.100000381469727,26.489999771118164,25.920000076293945,26.34000015258789,5921700,26.504700469970704
2025-11-19,26.31999969482422,26.350000381469727,25.700000762939453,26.059999465942383,5904900,26.34198112487793
2025-11-20,26.260000228881836,26.389999389648438,25.8799991607666,26.059999465942383,6006800,26.23499984741211
2025-11-21,26.1299991607666,26.899999618530273,26.110000610351562,26.540000915527344,6140300,26.227999877929687
2025-11-24,26.5,26.649999618530273,26.1200008392334,26.149999618530273,6358900,26.229999923706053
2025-11-25,26.260000228881836,26.81999969482422,26.170000076293945,26.68000030517578,3480800,26.297999954223634
2025-11-26,26.700000762939453,26.700000762939453,26.190000534057617,26.239999771118164,2932500,26.334000015258788
2025-11-28,26.34000015258789,26.530000686645508,26.239999771118164,26.3700008392334,1841000,26.39600028991699
