Date,Open,High,Low,Close,Volume,Dividends,Stock Splits,MA5
2021-01-08 00:00:00-05:00,21.932346473030808,22.145779190207623,21.67622623540119,21.79574966430664,7514100,0.0,0.0,21.310830688476564
2021-01-11 00:00:00-05:00,21.77013863790304,22.137243197040977,21.633541819855786,22.009183883666992,8907000,0.0,0.0,21.59597702026367
2021-01-12 00:00:00-05:00,22.05186837389167,22.32506199258281,21.98356996921888,22.120166778564453,7280700,0.0,0.0,21.843558883666994
2021-01-13 00:00:00-05:00,22.188468098244204,22.231155624499273,21.940886959415327,21.94942283630371,6596600,0.0,0.0,21.971619033813475
2021-01-14 00:00:00-05:00,21.838435280699738,22.137241406647508,21.821360272734175,21.87258529663086,8290500,0.0,0.0,21.949421691894532
2021-01-15 00:00:00-05:00,21.735990182236563,21.82990111203309,21.334737203914127,21.4884090423584,8364600,0.0,0.0,21.887953567504884
2021-01-19 00:00:00-05:00,21.56524177014212,21.667688561702118,21.334734046588533,21.462793350219727,6794200,0.0,0.0,21.77867546081543
2021-01-20 00:00:00-05:00,21.531088574918044,21.616461974187335,21.385954284668895,21.514015197753906,6270500,0.0,0.0,21.65744514465332
2021-01-21 00:00:00-05:00,21.69329776268244,21.71891027084435,21.32619328750581,21.650611877441406,7160000,0.0,0.0,21.59768295288086
2021-01-22 00:00:00-05:00,21.437179456641022,21.64207463935527,21.317656045452754,21.573776245117188,6684500,0.0,0.0,21.537921142578124
2021-01-25 00:00:00-05:00,21.531092952695683,21.57378047519078,20.839571371899904,21.360347747802734,9953100,0.0,0.0,21.512308883666993
2021-01-26 00:00:00-05:00,21.505480462830228,21.65061477175873,20.82249480913512,21.01885414123535,11548300,0.0,0.0,21.423521041870117
2021-01-27 00:00:00-05:00,20.643213991728647,21.548168314739257,20.62613898245085,21.215213775634766,12948600,0.0,0.0,21.36376075744629
2021-01-28 00:00:00-05:00,21.326197653021833,21.642078804898308,21.21521335165914,21.232288360595703,9292900,0.0,0.0,21.28009605407715
2021-01-29 00:00:00-05:00,21.146916435338987,21.334736661796885,20.54930410732167,20.77981185913086,14666900,0.0,0.0,21.121303176879884
2021-02-01 00:00:00-05:00,20.89933204650879,20.984705462202996,20.57491502090576,20.89933204650879,9353000,0.0,0.0,21.029100036621095
2021-02-02 00:00:00-05:00,21.155451748888538,21.343271955889897,21.06154083120665,21.249361038208008,5952800,0.0,0.0,21.075201416015624
2021-02-03 00:00:00-05:00,21.22374760014115,21.633537981576826,21.14691170007668,21.539627075195312,6300500,0.0,0.0,21.140084075927735
2021-02-04 00:00:00-05:00,21.52255739986762,22.16285564009417,21.43718560386085,22.154319763183594,6963400,0.0,0.0,21.324490356445313
2021-02-05 00:00:00-05:00,22.19700439040298,22.69216826936208,22.154318494843373,22.325063705444336,7267500,0.0,0.0,21.63354072570801
2021-02-08 00:00:00-05:00,22.512885833584445,23.358079277389656,22.461660804241664,23.306854248046875,8426300,0.0,0.0,22.115045166015626
2021-02-09 00:00:00-05:00,23.33246633447989,23.520286553535207,23.12757110595703,23.12757110595703,7065500,0.0,0.0,22.49068717956543
2021-02-10 00:00:00-05:00,23.23002017322783,23.503215466284,22.999514036369387,23.178796768188477,6267500,0.0,0.0,22.818521118164064
2021-02-11 00:00:00-05:00,23.306850373785345,23.46052217954395,22.990970887159133,23.37514877319336,6265600,0.0,0.0,23.062686920166016
2021-02-12 00:00:00-05:00,23.375148083427806,23.477596493697874,23.247088791861902,23.469058990478516,3941200,0.0,0.0,23.29148597717285
2021-02-16 00:00:00-05:00,23.503211383629672,23.631270688164708,23.050733437352655,23.18733024597168,6380700,0.0,0.0,23.267581176757812
2021-02-17 00:00:00-05:00,23.050728287089928,23.119026676139416,22.393355274762325,22.43604278564453,9402800,0.0,0.0,23.129275512695312
2021-02-18 00:00:00-05:00,22.273837793738736,22.581181417875214,22.162851872417292,22.54703140258789,7345300,0.0,0.0,23.002922439575194
2021-02-19 00:00:00-05:00,22.794616354032293,23.170256788696765,22.75192883075507,23.1361083984375,8979600,0.0,0.0,22.955114364624023
2021-02-22 00:00:00-05:00,23.042197053274315,23.349540701787287,22.87998772451886,23.153182983398438,9524800,0.0,0.0,22.891939163208008
2021-02-23 00:00:00-05:00,23.076344293509724,23.426373794021085,22.61532887623391,23.37514877319336,11845500,0.0,0.0,22.929502868652342
2021-02-24 00:00:00-05:00,23.30685121067267,24.12643366136017,23.230015305034392,23.87885093688965,8275900,0.0,0.0,23.218064498901366
2021-02-25 00:00:00-05:00,23.819092436761647,25.611927701542097,23.238555148322025,24.066675186157227,18366000,0.0,0.0,23.521993255615236
2021-02-26 00:00:00-05:00,25.116757751463258,25.8253541812184,24.613056498320937,24.73257827758789,26078200,0.0,0.0,23.841287231445314
2021-03-01 00:00:00-05:00,25.074076141478706,25.987567903574337,24.89479181365264,25.253358840942383,17327800,0.0,0.0,24.2613224029541
2021-03-02 00:00:00-05:00,25.11676234473859,25.85950892060811,25.039926435912005,25.646076202392578,10928600,0.0,0.0,24.715507888793944
2021-03-03 00:00:00-05:00,25.560702279653327,25.850970900906354,25.202135255067965,25.458253860473633,10059700,0.0,0.0,25.03138847351074
2021-03-04 00:00:00-05:00,25.150913184255092,25.48386936440956,23.776407452266376,23.9642276763916,14448400,0.0,0.0,25.010898971557616
2021-03-05 00:00:00-05:00,24.160580613631794,25.424103415574578,24.00691043984139,25.39849090576172,13688900,0.0,0.0,25.14408149719238
2021-03-08 00:00:00-05:00,25.278974242921606,26.19246610944792,25.2362867179104,25.748525619506836,13142600,0.0,0.0,25.243114852905272
2021-03-09 00:00:00-05:00,25.812111512506533,26.258924433964097,25.648852031046395,25.863666534423828,10337000,0.194,0.0,25.286632919311522
2021-03-10 00:00:00-05:00,25.82929785679682,26.2675196815759,25.786335607642002,26.001150131225586,11820400,0.0,0.0,25.395212173461914
2021-03-11 00:00:00-05:00,26.095661672109085,26.190178921322563,25.751957220373324,26.069883346557617,10122500,0.0,0.0,25.816343307495117
2021-03-12 00:00:00-05:00,26.00114597523305,26.49092274849352,25.88085038570367,26.01833152770996,9478300,0.0,0.0,25.940311431884766
2021-03-15 00:00:00-04:00,26.001147086172665,26.473738327148425,25.84648038508109,26.456554412841797,12813700,0.0,0.0,26.081917190551756
2021-03-16 00:00:00-04:00,26.473737923078392,26.61981184533484,26.112849505674497,26.147220611572266,10605200,0.0,0.0,26.138628005981445
2021-03-17 00:00:00-04:00,26.02692062026439,26.456549537953236,26.00114229519753,26.413585662841797,12590100,0.0,0.0,26.221115112304688
2021-03-18 00:00:00-04:00,26.258923843025606,26.73151672316335,25.966775993894508,26.044109344482422,11022700,0.0,0.0,26.21596031188965
2021-03-19 00:00:00-04:00,25.812109949664517,26.052701129981262,25.502776559080708,25.846479415893555,49810500,0.0,0.0,26.181589889526368
2021-03-22 00:00:00-04:00,25.872257379277162,26.396403613923574,25.657442891940498,26.181589126586914,14955000,0.0,0.0,26.12659683227539
2021-03-23 00:00:00-04:00,26.069887306733328,26.267516249269434,25.29655545066259,25.416851043701172,10313100,0.0,0.0,25.980522918701173
2021-03-24 00:00:00-04:00,25.545734207648202,26.001141435343662,25.227809736858553,25.23640251159668,9073900,0.0,0.0,25.74508628845215
2021-03-25 00:00:00-04:00,25.013001607088405,25.794926277941045,24.892704369254034,25.6832218170166,9561200,0.0,0.0,25.672908782958984
2021-03-26 00:00:00-04:00,25.79492835086315,27.229889432044537,25.79492835086315,27.204111099243164,13195700,0.0,0.0,25.944435119628906
2021-03-29 00:00:00-04:00,27.143958070483347,27.444698672996104,26.64558853791242,26.6971435546875,9661500,0.0,0.0,26.047546005249025
2021-03-30 00:00:00-04:00,26.636995348087808,27.20410544051539,26.602624244835514,27.118179321289062,7219500,0.0,0.0,26.3878116607666
2021-03-31 00:00:00-04:00,27.152552366259005,27.59936526816019,27.152552366259005,27.28144073486328,8919000,0.0,0.0,26.796819305419923
2021-04-01 00:00:00-04:00,27.564996962980075,27.616550342843727,27.161144672400184,27.539216995239258,7866900,0.0,0.0,27.168018341064453
2021-04-05 00:00:00-04:00,27.771222027453906,28.02899880651153,27.28144516390154,27.891517639160156,6915200,0.0,0.0,27.305499649047853
2021-04-06 00:00:00-04:00,27.779810633519833,27.986030702507357,27.539216182622525,27.745439529418945,8973300,0.0,0.0,27.51515884399414
2021-04-07 00:00:00-04:00,27.66811179419473,28.071960876935076,27.62514954426187,27.73685073852539,6836800,0.0,0.0,27.638893127441406
2021-04-08 00:00:00-04:00,27.94307239792513,28.089144694219314,27.53062892403586,27.822776794433594,7066500,0.0,0.0,27.747160339355467
2021-04-09 00:00:00-04:00,27.822772065211097,28.346919915167888,27.78840096211027,28.33832550048828,6635300,0.0,0.0,27.906982040405275
2021-04-12 00:00:00-04:00,28.33832685384166,28.51017909974414,27.977440087474527,28.13210678100586,7861600,0.0,0.0,27.955099868774415
2021-04-13 00:00:00-04:00,28.157884896684074,28.432847192929625,27.78840369651491,28.38988494873047,9579700,0.0,0.0,28.08398895263672
2021-04-14 00:00:00-04:00,28.312548349330267,28.879658429989913,28.2781772467912,28.527362823486328,7798500,0.0,0.0,28.242091369628906
2021-04-15 00:00:00-04:00,28.77655108135449,29.06010450919922,28.60469883045605,28.88825225830078,7402600,0.0,0.0,28.455186462402345
2021-04-16 00:00:00-04:00,29.07729426459513,29.446775510194524,29.03433201511347,29.197589874267578,7281600,0.0,0.0,28.6270393371582
2021-04-19 00:00:00-04:00,29.042919498524775,29.249142859014654,28.87106724441806,28.956995010375977,7808600,0.0,0.0,28.792016983032227
2021-04-20 00:00:00-04:00,29.094474959861074,29.240547239259957,28.570327081436414,28.673437118530273,8219500,0.0,0.0,28.848727416992187
2021-04-21 00:00:00-04:00,28.587511799731487,29.223360834033233,28.52736400669778,29.12884521484375,6392100,0.0,0.0,28.96902389526367
2021-04-22 00:00:00-04:00,29.231953908026455,29.472545069125104,28.991362746927805,29.017139434814453,7579700,0.0,0.0,28.994801330566407
2021-04-23 00:00:00-04:00,29.103061922981805,29.738914162447205,28.991360764571695,29.575653076171875,6192800,0.0,0.0,29.070413970947264
2021-04-26 00:00:00-04:00,29.644405285061097,29.945144317408886,29.420999615004117,29.498332977294922,5311400,0.0,0.0,29.178681564331054
2021-04-27 00:00:00-04:00,29.541289161982082,29.816251443042493,29.455361400520115,29.584251403808594,6578900,0.0,0.0,29.36084442138672
2021-04-28 00:00:00-04:00,29.584253555235502,29.635810215861987,29.274920147094953,29.489734649658203,6245600,0.0,0.0,29.43302230834961
2021-04-29 00:00:00-04:00,29.747507641921306,29.962322117366913,29.39521203330286,29.81624984741211,7533400,0.0,0.0,29.59284439086914
2021-04-30 00:00:00-04:00,29.70454974553662,29.73892085330747,29.137439578554616,29.30929183959961,8807800,0.0,0.0,29.539572143554686
2021-05-03 00:00:00-04:00,29.498325803812154,29.76469365974139,29.30928801355877,29.627212524414062,6234900,0.0,0.0,29.565348052978514
2021-05-04 00:00:00-04:00,29.429588378315533,29.541292843231524,28.896849302100527,29.180402755737305,8884100,0.0,0.0,29.484578323364257
2021-05-05 00:00:00-04:00,29.420995130434733,29.807658605140986,29.420995130434733,29.601438522338867,5498700,0.0,0.0,29.50691909790039
2021-05-06 00:00:00-04:00,29.575659047055737,30.07403026479212,29.386624514301566,30.05684471130371,5583900,0.0,0.0,29.555038070678712
2021-05-07 00:00:00-04:00,30.06544235507384,30.58099590384436,29.910775634880782,30.563810348510742,6796400,0.0,0.0,29.805941772460937
2021-05-10 00:00:00-04:00,30.83876966801472,30.93328857421875,30.271659508599747,30.28884506225586,7745900,0.0,0.0,29.9382682800293
2021-05-11 00:00:00-04:00,29.661590471353897,29.73032941597291,28.561741134973083,28.86248016357422,11388800,0.0,0.0,29.87468376159668
2021-05-12 00:00:00-04:00,28.570327554136764,28.67343759293659,27.29862614957543,27.453292846679688,12679900,0.0,0.0,29.445054626464845
2021-05-13 00:00:00-04:00,27.49625172715457,28.05477065148585,27.44469671405936,27.831361770629883,10282600,0.0,0.0,28.999958038330078
2021-05-14 00:00:00-04:00,28.063368028910247,28.518773750519884,27.779814574375173,28.286773681640625,7289600,0.0,0.0,28.544550704956055
2021-05-17 00:00:00-04:00,28.132108205726407,28.467218299412597,27.822774802997884,28.38988494873047,8442400,0.0,0.0,28.164758682250977
2021-05-18 00:00:00-04:00,28.415660474832823,28.415660474832823,27.762625867472053,27.788402557373047,7568100,0.0,0.0,27.949943161010744
2021-05-19 00:00:00-04:00,27.281435805301204,27.384547464895796,26.826028570356797,27.324398040771484,10975200,0.0,0.0,27.9241641998291
2021-05-20 00:00:00-04:00,27.479067734725323,27.676696661884023,27.12677212060611,27.530624389648438,7495100,0.0,0.0,27.864016723632812
2021-05-21 00:00:00-04:00,27.71966464403261,27.87433136303134,27.17833276644179,27.204111099243164,8679900,0.0,0.0,27.64748420715332
2021-05-24 00:00:00-04:00,28.260992632708902,28.260992632708902,27.59936363703034,27.762624740600586,8591600,0.0,0.0,27.522032165527342
2021-05-25 00:00:00-04:00,27.925885917325715,28.183662670231488,27.33299741895689,27.375961303710938,9366000,0.0,0.0,27.43954391479492
2021-05-26 00:00:00-04:00,27.453289942795532,27.65950999858217,27.298623262051212,27.642324447631836,10337500,0.0,0.0,27.50312919616699
2021-05-27 00:00:00-04:00,27.865736731754325,27.943070081561036,27.358774389201244,27.58218002319336,24469000,0.0,0.0,27.513440322875976
2021-05-28 00:00:00-04:00,26.17299873606447,26.28470319744778,24.978630602056736,25.116111755371094,36879400,0.0,0.0,27.095840454101562
2021-06-01 00:00:00-04:00,25.537144869278325,25.751959349925063,25.244997044486414,25.657442092895508,15438700,0.0,0.0,26.674803924560546
2021-06-02 00:00:00-04:00,25.62307453229175,25.93240795164486,25.51996448511048,25.58870506286621,11186100,0.0,0.0,26.3173526763916
2021-06-03 00:00:00-04:00,25.434033391888935,25.85506955337626,25.408255065669753,25.717588424682617,8983200,0.0,0.0,25.932405471801758
2021-06-04 00:00:00-04:00,25.820703131817403,26.473739430928827,25.820703131817403,26.319072723388672,11233700,0.0,0.0,25.67978401184082
2021-06-07 00:00:00-04:00,26.46514830680921,26.542481665409035,25.966778684112953,26.250333786010742,9071500,0.0,0.0,25.90662841796875
2021-06-08 00:00:00-04:00,26.35756000618715,26.452682963260717,25.873300828080673,26.305675506591797,10084900,0.194,0.0,26.036275100708007
2021-06-09 00:00:00-04:00,26.46132702957087,26.46132702957087,25.83870652221124,25.985713958740234,12472800,0.0,0.0,26.115676879882812
2021-06-10 00:00:00-04:00,26.236494302890335,26.331617255174073,25.881947216314394,25.916536331176758,7948000,0.0,0.0,26.15546646118164
2021-06-11 00:00:00-04:00,25.8127676733531,26.115430266887653,25.8127676733531,26.011659622192383,11422000,0.0,0.0,26.093983840942382
2021-06-14 00:00:00-04:00,25.977070216337815,26.046250095568098,25.20744220435016,25.414981842041016,12610900,0.0,0.0,25.926913452148437
2021-06-15 00:00:00-04:00,25.47551235211559,25.708995047655137,25.45821862048098,25.58793067932129,8406000,0.0,0.0,25.783364486694335
2021-06-16 00:00:00-04:00,25.345800768798263,25.561988087380865,25.025844460947887,25.10367202758789,12431900,0.0,0.0,25.60695610046387
2021-06-17 00:00:00-04:00,25.155554349268662,25.293914089259655,24.316748219400992,24.766416549682617,12545500,0.0,0.0,25.37693214416504
2021-06-18 00:00:00-04:00,24.325396804779285,24.85289439954121,24.230275504445608,24.792362213134766,25007000,0.0,0.0,25.133072662353516
2021-06-21 00:00:00-04:00,24.991258880705224,25.492813497849003,24.939374375312056,25.25933074951172,9318400,0.0,0.0,25.101942443847655
2021-06-22 00:00:00-04:00,25.276617151678497,25.3112079092336,24.88748102545219,25.198789596557617,8631800,0.0,0.0,25.024114227294923
2021-06-23 00:00:00-04:00,25.233383635086895,25.518750824509006,25.04313774255328,25.25067901611328,7914000,0.0,0.0,25.053515625
2021-06-24 00:00:00-04:00,25.510104449830873,25.518752140790124,25.172852749312163,25.484161376953125,6270700,0.0,0.0,25.1970645904541
2021-06-25 00:00:00-04:00,25.42363194510914,25.87330202745633,25.397690518798182,25.69170379638672,17050100,0.0,0.0,25.376932907104493
2021-06-28 00:00:00-04:00,25.73494045427538,25.968423171000357,25.631169808160347,25.77817726135254,6570000,0.0,0.0,25.480702209472657
2021-06-29 00:00:00-04:00,25.89924403592309,26.21920037601682,25.760884270037398,26.06354522705078,7779100,0.0,0.0,25.65365333557129
2021-06-30 00:00:00-04:00,26.0548967655004,26.18461048539096,25.838709431520755,26.106782913208008,7129200,0.0,0.0,25.824874114990234
2021-07-01 00:00:00-04:00,26.167312511208692,26.348909062064592,26.054894185021258,26.245140075683594,7606500,0.0,0.0,25.977069854736328
2021-07-02 00:00:00-04:00,26.392148742589637,26.642925179164333,26.24514129722572,26.54780387878418,6294700,0.0,0.0,26.14828987121582
2021-07-06 00:00:00-04:00,26.44403632861269,26.50456852212288,25.873301862118634,26.09813690185547,7533400,0.0,0.0,26.212281799316408
2021-07-07 00:00:00-04:00,26.193259966045282,26.374856547292133,25.968424925421623,26.184612274169922,7349900,0.0,0.0,26.236495208740234
2021-07-08 00:00:00-04:00,25.717643509988378,26.10678134756626,25.475513116675653,25.87329864501953,6996800,0.0,0.0,26.18979835510254
2021-07-09 00:00:00-04:00,26.15866641667109,26.348910669561565,25.951126781869192,25.977069854736328,10959100,0.0,0.0,26.136184310913087
2021-07-12 00:00:00-04:00,25.856008334358545,25.88195141174447,24.75777613236794,25.25933074951172,14636600,0.0,0.0,25.878489685058593
2021-07-13 00:00:00-04:00,25.11232032719357,25.13826175045038,24.35134002367828,24.377283096313477,13290500,0.0,0.0,25.534318923950195
2021-07-14 00:00:00-04:00,24.602120201742235,24.948019619381338,24.48105416853465,24.72318458557129,7022000,0.0,0.0,25.242033386230467
2021-07-15 00:00:00-04:00,24.5588817004772,24.63670927548142,24.065974825036175,24.299457550048828,10203100,0.0,0.0,24.927265167236328
2021-07-16 00:00:00-04:00,24.394578938727296,24.53294035537102,23.74601691115474,23.797903060913086,7143000,0.0,0.0,24.49143180847168
2021-07-19 00:00:00-04:00,23.45199932705018,24.040027405027494,23.27040113507122,23.858430862426758,12621200,0.0,0.0,24.21125183105469
2021-07-20 00:00:00-04:00,23.98814732363012,24.792364501555436,23.98814732363012,24.39457893371582,13161300,0.0,0.0,24.214710998535157
2021-07-21 00:00:00-04:00,24.602115068031146,24.7664162262635,24.273509452810075,24.662647247314453,11177700,0.0,0.0,24.20260353088379
2021-07-22 00:00:00-04:00,24.7231842159351,24.766421023976605,23.970851550611957,24.04003143310547,8836700,0.0,0.0,24.15071830749512
2021-07-23 00:00:00-04:00,24.187039313502236,24.567529498574654,24.13515481306735,24.38593292236328,8394700,0.0,0.0,24.268324279785155
2021-07-26 00:00:00-04:00,24.51563890793112,24.913422728078142,24.51563890793112,24.628055572509766,5687600,0.0,0.0,24.422249221801756
2021-07-27 00:00:00-04:00,24.34269063618905,24.56752563522197,24.08326652543168,24.55887794494629,9027000,0.0,0.0,24.45510902404785
2021-07-28 00:00:00-04:00,24.61941146850586,24.79236198468349,24.351339652871054,24.61941146850586,5932900,0.0,0.0,24.446461868286132
2021-07-29 00:00:00-04:00,24.792362553133835,25.06043437491511,24.731830365897263,24.88748550415039,6496400,0.0,0.0,24.615952682495116
2021-07-30 00:00:00-04:00,24.62806149156538,25.060436173577603,24.498349416837414,24.965314865112305,6815000,0.0,0.0,24.73182907104492
2021-08-02 00:00:00-04:00,25.120962041436734,25.492804438263594,25.00854537813885,25.198789596557617,8016500,0.0,0.0,24.845975875854492
2021-08-03 00:00:00-04:00,25.33715150022571,25.639814057268318,25.17285033588741,25.53604507446289,8118100,0.0,0.0,25.041409301757813
2021-08-04 00:00:00-04:00,25.293916932374483,25.579284134354342,25.120966413256465,25.138261795043945,6062600,0.0,0.0,25.14517936706543
2021-08-05 00:00:00-04:00,25.319861228775228,25.38904110989025,25.09502620280679,25.276622772216797,4855100,0.0,0.0,25.223006820678712
2021-08-06 00:00:00-04:00,25.311213418852727,25.674408205349245,25.276622653768076,25.354450225830078,5730800,0.0,0.0,25.300833892822265
2021-08-09 00:00:00-04:00,25.337154843287752,25.561989868202595,25.267974962496915,25.354450225830078,5828400,0.0,0.0,25.33196601867676
2021-08-10 00:00:00-04:00,25.42363050750618,25.890595947241398,25.389041391254583,25.70899772644043,7458700,0.0,0.0,25.366556549072264
2021-08-11 00:00:00-04:00,25.700349786796828,26.27108421915268,25.57928540701785,26.028955459594727,5644800,0.0,0.0,25.54469528198242
2021-08-12 00:00:00-04:00,26.063544642324665,26.357559550580277,25.96842333627383,26.288379669189453,5329400,0.0,0.0,25.747046661376952
2021-08-13 00:00:00-04:00,26.054894436176276,26.08083750771075,25.06043311865107,25.086376190185547,11393300,0.0,0.0,25.693431854248047
2021-08-16 00:00:00-04:00,25.00855324941705,25.53605092251211,24.757775126346083,25.458223342895508,7672800,0.0,0.0,25.714186477661134
2021-08-17 00:00:00-04:00,25.319860040538718,25.33715377297204,24.57617511641879,24.801010131835938,8946000,0.0,0.0,25.532588958740234
2021-08-18 00:00:00-04:00,24.420522235827157,24.90478142566198,24.325399276449794,24.403226852416992,8190300,0.0,0.0,25.207443237304688
2021-08-19 00:00:00-04:00,24.152445740199035,24.316748552203837,23.823840116189423,24.022733688354492,9137800,0.0,0.0,24.754314041137697
2021-08-20 00:00:00-04:00,24.091918197926734,24.515645195204524,24.07462281451657,24.403226852416992,7878800,0.0,0.0,24.617684173583985
2021-08-23 00:00:00-04:00,24.593468033058464,24.792359955821738,24.42051753103409,24.697237014770508,6733600,0.0,0.0,24.465486907958983
2021-08-24 00:00:00-04:00,24.783715169401244,25.06908237660985,24.645355411323038,24.991254806518555,6974000,0.0,0.0,24.50353584289551
2021-08-25 00:00:00-04:00,25.01719794881148,25.717644432190426,24.956665760657284,25.414981842041016,11460300,0.0,0.0,24.705886840820312
2021-08-26 00:00:00-04:00,25.596582151427715,25.622523577401335,25.04314142289782,25.164207458496094,12504100,0.0,0.0,24.93418159484863
2021-08-27 00:00:00-04:00,24.031382795709003,25.164203867717177,23.78925240844155,25.008548736572266,23469000,0.0,0.0,25.05524597167969
2021-08-30 00:00:00-04:00,25.198793832885986,26.141370692809794,25.060434078161244,25.71764373779297,13430400,0.0,0.0,25.25932731628418
2021-08-31 00:00:00-04:00,25.80411899684053,26.253789024385135,25.648463860430596,25.71764373779297,14276400,0.0,0.0,25.404605102539062
2021-09-01 00:00:00-04:00,25.674408094615,25.769529399430606,25.190147281789297,25.267974853515625,11839800,0.0,0.0,25.375203704833986
2021-09-02 00:00:00-04:00,25.406336490285486,25.72629449204761,25.31986287031928,25.596582412719727,8280900,0.0,0.0,25.46167869567871
2021-09-03 00:00:00-04:00,25.51875047387134,25.968420478108843,25.466865980883412,25.821413040161133,8119600,0.0,0.0,25.624251556396484
2021-09-07 00:00:00-04:00,25.676924296765876,25.746556567435277,24.92837614194657,24.93708038330078,11345800,0.194,0.0,25.468138885498046
2021-09-08 00:00:00-04:00,24.85004180302705,24.910971497834755,24.388728592062613,24.536697387695312,9890000,0.0,0.0,25.231949615478516
2021-09-09 00:00:00-04:00,24.484469673642238,24.8239284441325,24.266868621348294,24.554101943969727,7907700,0.0,0.0,25.089175033569337
2021-09-10 00:00:00-04:00,24.71077787475432,24.87615515880225,24.353912239816054,24.371320724487305,7346300,0.0,0.0,24.844122695922852
2021-09-13 00:00:00-04:00,24.55410145717315,24.78040674629196,24.475766607251494,24.702070236206055,8211300,0.0,0.0,24.620254135131837
2021-09-14 00:00:00-04:00,24.780408103006618,24.780408103006618,23.927412346663743,23.988340377807617,6591300,0.0,0.0,24.4305061340332
2021-09-15 00:00:00-04:00,23.979635823956194,24.440950662582736,23.83166703874876,24.32779884338379,7104500,0.0,0.0,24.388726425170898
2021-09-16 00:00:00-04:00,24.33650733220789,24.536701615023564,24.223355485542267,24.40614128112793,6107400,0.0,0.0,24.35913429260254
2021-09-17 00:00:00-04:00,24.23205707323305,24.32780208233937,23.901302492773684,24.092792510986328,13268800,0.0,0.0,24.303428649902344
2021-09-20 00:00:00-04:00,23.553139129758357,23.762035955767935,23.33553806181116,23.70981216430664,8460700,0.0,0.0,24.10497703552246
2021-09-21 00:00:00-04:00,23.927413938634157,23.944822423023314,23.300723442104385,23.352947235107422,8719100,0.0,0.0,23.977898406982423
2021-09-22 00:00:00-04:00,23.71851818783768,24.171128841604713,23.666294392453647,24.014455795288086,7844300,0.0,0.0,23.91522979736328
2021-09-23 00:00:00-04:00,24.17112635107421,24.57151150803803,24.11890090090683,24.353910446166992,6323200,0.0,0.0,23.904783630371092
2021-09-24 00:00:00-04:00,24.232054182519928,24.53669599865471,24.197237216029396,24.27557373046875,4292900,0.0,0.0,23.941339874267577
2021-09-27 00:00:00-04:00,24.240760812086855,25.224316970033183,24.240760812086855,24.989307403564453,8797800,0.0,0.0,24.19723892211914
2021-09-28 00:00:00-04:00,24.884858187834087,25.711742907593088,24.76300212140558,24.87615394592285,11729800,0.0,0.0,24.501880264282228
2021-09-29 00:00:00-04:00,23.997045821881954,24.371319929279338,23.64888444063942,23.770740509033203,11513300,0.0,0.0,24.45313720703125
2021-09-30 00:00:00-04:00,24.05797453378963,24.44095289402709,23.674997833716635,23.81426239013672,10304100,0.0,0.0,24.345207595825194
2021-10-01 00:00:00-04:00,23.962231598305827,24.597626355350258,23.805558554614983,24.432249069213867,7473400,0.0,0.0,24.37654266357422
2021-10-04 00:00:00-04:00,24.33650495535982,24.841341074736484,24.327802372759482,24.440954208374023,7881600,0.0,0.0,24.266872024536134
2021-10-05 00:00:00-04:00,24.615033743065883,24.806522087839134,24.31909615376623,24.6324405670166,6966900,0.0,0.0,24.218129348754882
2021-10-06 00:00:00-04:00,24.292985419725458,24.493178022972955,23.840374756602337,24.15372085571289,8765000,0.0,0.0,24.29472541809082
2021-10-07 00:00:00-04:00,24.336500373573674,24.710774441177584,24.292980828107087,24.414836883544922,7714800,0.0,0.0,24.414840316772462
2021-10-08 00:00:00-04:00,24.632439336174993,24.702071608991716,24.205941457652028,24.27557373046875,7211700,0.0,0.0,24.383505249023436
2021-10-11 00:00:00-04:00,24.34520890749681,24.458362401925108,24.01445598720198,24.092792510986328,7319100,0.0,0.0,24.3138729095459
2021-10-12 00:00:00-04:00,24.092789671486102,24.214645734049277,23.022192852829896,23.10923194885254,15261700,0.0,0.0,24.009231185913087
2021-10-13 00:00:00-04:00,23.022194444927845,23.2136827936501,22.726256849525157,23.04830551147461,12821900,0.0,0.0,23.78814811706543
2021-10-14 00:00:00-04:00,23.309423969875105,24.031859355258653,23.231087462771477,23.927410125732422,7555300,0.0,0.0,23.69066276550293
2021-10-15 00:00:00-04:00,24.040567400500038,24.9109716970253,24.031863158315055,24.615034103393555,14068400,0.0,0.0,23.75855484008789
2021-10-18 00:00:00-04:00,24.44965406908382,25.180793728649093,24.44965406908382,24.8935604095459,8972100,0.0,0.0,23.918708419799806
2021-10-19 00:00:00-04:00,24.980602776873983,25.30265142145856,24.910970502896422,25.1198673248291,8696400,0.0,0.0,24.320835494995116
2021-10-20 00:00:00-04:00,25.22431816440567,25.502847296298675,24.80652446656616,24.88486099243164,11236500,0.0,0.0,24.688146591186523
2021-10-21 00:00:00-04:00,25.633403639230096,26.80844794833037,25.520250166693607,26.60825538635254,21188500,0.0,0.0,25.224315643310547
2021-10-22 00:00:00-04:00,26.529921588057622,26.982532204114477,26.38195279666074,26.521217346191406,11161000,0.0,0.0,25.60555229187012
2021-10-25 00:00:00-04:00,26.851972411013683,26.96512423711403,26.329729510183768,26.66048240661621,7640300,0.0,0.0,25.95893669128418
2021-10-26 00:00:00-04:00,26.76493501788377,26.791047747267797,26.10342748163664,26.23398780822754,8680700,0.0,0.0,26.181760787963867
2021-10-27 00:00:00-04:00,26.277507293089773,26.381954883417166,25.807488156122975,25.851009368896484,7504800,0.0,0.0,26.374990463256836
2021-10-28 00:00:00-04:00,26.051202135141132,26.58214931324991,25.98156985441904,26.503812789916992,7023000,0.0,0.0,26.354101943969727
2021-10-29 00:00:00-04:00,26.34713877051458,26.704004403560386,26.19916997192258,26.399362564086914,7772500,0.0,0.0,26.329730987548828
2021-11-01 00:00:00-04:00,26.477698777344077,27.208838519532232,26.425474984377622,27.20013427734375,8312500,0.0,0.0,26.437661361694335
2021-11-02 00:00:00-04:00,27.200134473920837,27.530887378651354,26.764932322338105,26.99123764038086,8487500,0.0,0.0,26.589111328125
2021-11-03 00:00:00-04:00,26.89549244140461,27.313286105465142,26.76493212890625,27.20013427734375,6253200,0.0,0.0,26.858936309814453
2021-11-04 00:00:00-04:00,27.234948641273547,27.54829302926762,27.078275617194368,27.269763946533203,5267000,0.0,0.0,27.012126541137697
2021-11-05 00:00:00-04:00,27.49606976315526,27.887752330787112,27.41773324962889,27.809415817260742,8504100,0.0,0.0,27.29413719177246
2021-11-08 00:00:00-05:00,27.765896624907086,28.096649525896716,27.43514372391746,27.504776000976562,7662000,0.0,0.0,27.355065536499023
2021-11-09 00:00:00-05:00,27.48736891159197,27.948683808121977,27.443849358783176,27.652746200561523,4536900,0.0,0.0,27.487367248535158
2021-11-10 00:00:00-05:00,27.583113224487818,27.974794170384673,27.32199093372543,27.435144424438477,6744800,0.0,0.0,27.534369277954102
2021-11-11 00:00:00-05:00,27.504776196904736,27.913865620020527,27.452552403779507,27.583112716674805,4589900,0.0,0.0,27.597039031982423
2021-11-12 00:00:00-05:00,27.565705853741164,27.792011184148375,27.34810476606091,27.696266174316406,6016700,0.0,0.0,27.574409103393556
2021-11-15 00:00:00-05:00,27.783304393642133,27.879047734529713,27.182724981872777,27.287174224853516,7091100,0.0,0.0,27.530888748168945
2021-11-16 00:00:00-05:00,27.313288251249062,27.574410556924494,27.165319442749023,27.165319442749023,5973300,0.0,0.0,27.433403396606444
2021-11-17 00:00:00-05:00,27.165318212572558,27.261063219667548,26.851973784182192,26.921606063842773,6997200,0.0,0.0,27.330695724487306
2021-11-18 00:00:00-05:00,27.069570688543696,27.391619309716962,26.669183897155555,27.33939552307129,6979300,0.0,0.0,27.2819522857666
2021-11-19 00:00:00-05:00,27.382918661824625,27.670153676478,27.174021827665822,27.374216079711914,7931600,0.0,0.0,27.217542266845705
2021-11-22 00:00:00-05:00,27.50477411558888,28.349065624576856,27.348101087904357,27.792007446289062,10940100,0.0,0.0,27.318508911132813
2021-11-23 00:00:00-05:00,27.89645638681405,28.314250040930673,27.713672285699683,28.018312454223633,13042700,0.0,0.0,27.489107513427733
2021-11-24 00:00:00-05:00,29.59374505873439,31.51733769067322,29.59374505873439,30.847126007080078,34001100,0.0,0.0,28.274211502075197
2021-11-26 00:00:00-05:00,30.159509347489617,30.673048000690105,29.941908279528878,30.098581314086914,9289800,0.0,0.0,28.82604866027832
2021-11-29 00:00:00-05:00,30.26396671528942,31.412900459966217,30.168221683178043,31.273635864257812,16670700,0.0,0.0,29.6059326171875
2021-11-30 00:00:00-05:00,30.960280899629666,31.299738047726205,30.40322267502725,30.707862854003906,20479200,0.0,0.0,30.18910369873047
2021-12-01 00:00:00-05:00,31.325863113820322,33.40612958313354,31.047330586237535,31.73495101928711,24511000,0.0,0.0,30.932431411743163
2021-12-02 00:00:00-05:00,31.72624010118515,33.310375796479455,31.604384020059314,32.762020111083984,18331200,0.0,0.0,31.315410232543947
2021-12-03 00:00:00-05:00,32.953508022028025,33.5018636722481,32.32681585034795,32.68368148803711,16219000,0.0,0.0,31.832430267333983
2021-12-06 00:00:00-05:00,32.90127844223946,33.26684993665814,32.13532180848533,32.14402770996094,12219500,0.0,0.0,32.00650863647461
2021-12-07 00:00:00-05:00,32.68735839272053,33.03789441152688,32.40693091485915,32.67859649658203,10699300,0.25,0.0,32.400655364990236
2021-12-08 00:00:00-05:00,32.82757889639191,32.90644934972812,32.10898291842199,32.170326232910156,10980600,0.0,0.0,32.48773040771484
2021-12-09 00:00:00-05:00,31.548121216828225,31.977527670959333,31.381618447204726,31.67957305908203,14452800,0.0,0.0,32.27124099731445
2021-12-10 00:00:00-05:00,31.95999628226513,32.2930017771927,31.53058988528337,31.924942016601562,9650500,0.0,0.0,32.119493103027345
2021-12-13 00:00:00-05:00,31.81102001165264,31.89865568321387,30.882105293816984,30.917156219482422,10614700,0.0,0.0,31.87411880493164
2021-12-14 00:00:00-05:00,30.706835878581582,31.43419353274596,30.522805991222285,31.197582244873047,11187100,0.0,0.0,31.577915954589844
2021-12-15 00:00:00-05:00,31.32027639107594,31.819788062768993,30.96974035976602,31.775968551635742,9127000,0.0,0.0,31.49904441833496
2021-12-16 00:00:00-05:00,31.86359786500113,32.4507417557381,31.688329884362485,32.16155242919922,12380000,0.0,0.0,31.595440292358397
2021-12-17 00:00:00-05:00,31.986287013360098,32.67859375376763,31.968759879594963,32.047630310058594,30029500,0.0,0.0,31.619977951049805
2021-12-20 00:00:00-05:00,31.626988351129274,31.71462067484185,31.180058151460944,31.66204261779785,9298300,0.0,0.0,31.76895523071289
2021-12-21 00:00:00-05:00,32.038871991262155,32.47704035542787,31.81102256983877,32.441986083984375,9113800,0.0,0.0,32.017835998535155
2021-12-22 00:00:00-05:00,32.345582910238264,32.73116980049679,31.951230782156387,32.66982650756836,6947900,0.0,0.0,32.19660758972168
2021-12-23 00:00:00-05:00,32.54714221747562,33.33584652927186,32.52961508355137,32.994075775146484,6620900,0.0,0.0,32.36311225891113
2021-12-27 00:00:00-05:00,32.888919828446944,33.4673019966952,32.888919828446944,33.388431549072266,5805700,0.0,0.0,32.63127250671387
2021-12-28 00:00:00-05:00,33.43224891756508,33.63380597233361,33.072950977680414,33.256980895996094,5220100,0.0,0.0,32.950260162353516
2021-12-29 00:00:00-05:00,33.15181567398327,33.66008917117811,33.134288540568434,33.28326416015625,4626800,0.0,0.0,33.11851577758789
2021-12-30 00:00:00-05:00,33.388427326865866,33.48482489987702,33.0291294093438,33.08171081542969,4284700,0.0,0.0,33.20089263916016
2021-12-31 00:00:00-05:00,33.11676330088739,33.379663631225796,32.97654956850963,33.011600494384766,4878200,0.0,0.0,33.20439758300781
2022-01-03 00:00:00-05:00,33.046655651696966,33.44976972525108,32.941496185326145,33.318321228027344,7054400,0.0,0.0,33.19037551879883
2022-01-04 00:00:00-05:00,33.69514916200546,34.60654019664732,33.64256775282862,34.35240173339844,9633700,0.0,0.0,33.4094596862793
2022-01-05 00:00:00-05:00,34.37868745777314,34.74675060066834,34.054443823121005,34.06320571899414,10956200,0.0,0.0,33.56544799804688
2022-01-06 00:00:00-05:00,33.826597083089766,34.14207884675338,33.44977201459815,33.896705627441406,7976400,0.0,0.0,33.72844696044922
2022-01-07 00:00:00-05:00,34.08950658725342,34.19466607873127,33.65133813930908,33.87042236328125,7221100,0.0,0.0,33.900211334228516
2022-01-10 00:00:00-05:00,33.81782718673735,34.15959790220545,33.28326136286834,34.14207077026367,10272400,0.0,0.0,34.06496124267578
2022-01-11 00:00:00-05:00,34.16835950015828,34.35238935150678,33.87916686836072,34.343624114990234,8085400,0.0,0.0,34.06320571899414
2022-01-12 00:00:00-05:00,34.50137483120348,34.74675137962084,34.098260752819584,34.16836929321289,9091800,0.0,0.0,34.08423843383789
2022-01-13 00:00:00-05:00,34.30858252315626,34.475085289686746,33.8704141810621,33.91423034667969,9313900,0.0,0.0,34.08774337768555
2022-01-14 00:00:00-05:00,33.449773378867604,33.756493258476716,33.26574345687785,33.66885757446289,8535700,0.0,0.0,34.047430419921874
2022-01-18 00:00:00-05:00,33.30955659597608,33.598749312463646,32.897680618953345,32.9765510559082,8175300,0.0,0.0,33.814326477050784
2022-01-19 00:00:00-05:00,33.10799087978259,33.32707499802987,32.03009741916096,32.07391357421875,7245900,0.0,0.0,33.36038436889648
2022-01-20 00:00:00-05:00,32.16155279398341,32.634775344187545,31.574405553628186,31.644514083862305,9943700,0.0,0.0,32.85561332702637
2022-01-21 00:00:00-05:00,31.548118367230813,31.635750692178444,30.48775185775347,30.549095153808594,10246500,0.0,0.0,32.18258628845215
2022-01-24 00:00:00-05:00,30.058348495949797,31.24140506067961,29.926899995174875,31.215112686157227,13039500,0.0,0.0,31.691837310791016
2022-01-25 00:00:00-05:00,30.63672968583474,31.013554727582182,29.45367649901967,30.65425682067871,12091600,0.0,0.0,31.22737846374512
2022-01-26 00:00:00-05:00,31.276452741942066,31.72338628987907,30.53156795265894,30.87333869934082,10823200,0.0,0.0,30.987263488769532
2022-01-27 00:00:00-05:00,31.54811686559936,31.95123088990525,30.66301839110523,30.855810165405273,9649500,0.0,0.0,30.829522705078126
2022-01-28 00:00:00-05:00,30.838287524881668,31.83731417923954,30.59291431659688,31.81102180480957,9466600,0.0,0.0,31.08190803527832
2022-01-31 00:00:00-05:00,31.65328495782716,32.25795950227042,31.47801692548187,32.18785095214844,11087300,0.0,0.0,31.276455688476563
2022-02-01 00:00:00-05:00,32.30177494145184,32.845102820726424,32.18785022156924,32.82757568359375,10772400,0.0,0.0,31.71111946105957
2022-02-02 00:00:00-05:00,32.888908941484424,33.50234518182838,32.888908941484424,33.441001892089844,11126400,0.0,0.0,32.22465209960937
2022-02-03 00:00:00-05:00,33.186868415246416,33.68638004456772,33.0116004144588,33.055419921875,6767900,0.0,0.0,32.66457405090332
2022-02-04 00:00:00-05:00,32.85385451820569,33.2920227370281,32.43321008633295,32.95024871826172,7085700,0.0,0.0,32.89241943359375
2022-02-07 00:00:00-05:00,32.89768274652167,33.07295076697403,32.55591194526725,32.85386657714844,7718100,0.0,0.0,33.02562255859375
2022-02-08 00:00:00-05:00,32.86262436916954,33.388425021892644,32.64354020670841,33.3007926940918,5903300,0.0,0.0,33.12026596069336
2022-02-09 00:00:00-05:00,33.449768667166886,33.73896136923784,33.12552503938716,33.651329040527344,8570300,0.0,0.0,33.16233139038086
2022-02-10 00:00:00-05:00,33.300800135491315,34.23848029292232,33.213167788108144,33.39719772338867,8800300,0.0,0.0,33.23068695068359
2022-02-11 00:00:00-05:00,33.39719128791694,33.65132972650062,32.529616506977845,32.71364974975586,6820400,0.0,0.0,33.18336715698242
2022-02-14 00:00:00-05:00,32.65230682749095,32.69612634069161,31.591940130041287,31.995054244995117,9510100,0.0,0.0,33.011604690551756
2022-02-15 00:00:00-05:00,32.336827008780254,32.77499537831408,32.187848024799884,32.74870300292969,8162700,0.0,0.0,32.90118675231933
2022-02-16 00:00:00-05:00,32.4858032372925,33.34461285595487,32.4858032372925,33.20439910888672,6762800,0.0,0.0,32.81180076599121
2022-02-17 00:00:00-05:00,32.801285479021544,33.08171297721949,31.889894438398468,31.916183471679688,7633700,0.0,0.0,32.515597915649415
2022-02-18 00:00:00-05:00,31.933707604259528,32.2229003149872,31.539358770298747,31.723388671875,9601600,0.0,0.0,32.31754570007324
2022-02-22 00:00:00-05:00,31.591937452441492,31.74091643018599,30.33877570059206,30.838287353515625,10025700,0.0,0.0,32.08619232177735
2022-02-23 00:00:00-05:00,31.127476695142533,31.258925180473582,30.137215392779428,30.268667221069336,9701200,0.0,0.0,31.590185165405273
2022-02-24 00:00:00-05:00,29.225827298942143,30.30372437035446,28.954165064307112,30.259904861450195,12863700,0.0,0.0,31.00128631591797
2022-02-25 00:00:00-05:00,29.79544995765077,30.400121120972983,29.120670248631193,30.189802169799805,13405800,0.0,0.0,30.65601005554199
2022-02-28 00:00:00-05:00,30.049586187690107,30.382591726120936,29.383568424910035,30.110929489135742,19162900,0.0,0.0,30.33351821899414
2022-03-01 00:00:00-05:00,29.979477143432202,30.934684262267762,29.541308801635324,29.85679054260254,21951600,0.0,0.0,30.137218856811522
2022-03-02 00:00:00-05:00,30.53157374198166,32.06516311667916,30.47899233138374,31.81978988647461,21211300,0.0,0.0,30.447443389892577
2022-03-03 00:00:00-05:00,31.8373108450111,32.240424885821795,31.5568800525353,32.09144592285156,16730100,0.0,0.0,30.81375160217285
2022-03-04 00:00:00-05:00,31.828554103912627,31.995056901839074,31.223882881270463,31.854843139648438,14369300,0.0,0.0,31.14675979614258
2022-03-07 00:00:00-05:00,31.591928997526047,31.70585367437533,30.776935814985652,31.250158309936523,17613100,0.0,0.0,31.374605560302733
2022-03-08 00:00:00-05:00,31.373720972208716,32.3091974287348,31.161917141732626,31.444324493408203,23796900,0.25,0.0,31.692112350463866
2022-03-09 00:00:00-05:00,32.1238687280628,32.300370800645894,31.40902321448084,31.814983367919922,17680800,0.0,0.0,31.69115104675293
2022-03-10 00:00:00-05:00,31.506098126318594,31.92088199400153,30.967758107379385,31.903234481811523,15985500,0.0,0.0,31.653508758544923
2022-03-11 00:00:00-05:00,31.95618709650251,32.43275077297811,31.29429422358459,32.026790618896484,13238300,0.0,0.0,31.687898254394533
2022-03-14 00:00:00-04:00,31.744376828352898,32.26506591750855,29.78517324431627,30.09405517578125,19428100,0.0,0.0,31.456677627563476
2022-03-15 00:00:00-04:00,30.014632798571377,31.056011146409432,29.882256249205522,30.764780044555664,15717100,0.0,0.0,31.320768737792967
2022-03-16 00:00:00-04:00,31.126614371339443,31.61200178087508,30.6853524778414,31.603178024291992,16783500,0.0,0.0,31.278407669067384
2022-03-17 00:00:00-04:00,31.24133638221119,31.267811012569165,29.7763473598376,30.43824005126953,20448300,0.0,0.0,30.985408782958984
2022-03-18 00:00:00-04:00,30.68534868152651,33.17406518363279,30.147008699411202,32.73280334472656,60910300,0.0,0.0,31.126611328125
2022-03-21 00:00:00-04:00,32.565125411672895,33.31526919933835,32.40627087861609,33.129940032958984,22773800,0.0,0.0,31.733788299560548
2022-03-22 00:00:00-04:00,33.509425480086755,34.00363659031701,32.997560125564625,33.7388801574707,17128500,0.0,0.0,32.32860832214355
2022-03-23 00:00:00-04:00,33.44764964588907,34.241918957597434,33.28879511023525,33.2976188659668,15259100,0.0,0.0,32.66749649047851
2022-03-24 00:00:00-04:00,33.40352654551606,34.19779936117432,33.3505772688464,34.00364303588867,10670700,0.0,0.0,33.380577087402344
2022-03-25 00:00:00-04:00,33.89774246078899,35.159751892089844,33.89774246078899,35.159751892089844,13385900,0.0,0.0,33.865966796875
2022-03-28 00:00:00-04:00,33.85360458587116,34.49784638611938,33.174061034950654,34.19778823852539,19321400,0.0,0.0,34.07953643798828
2022-03-29 00:00:00-04:00,34.56845745768998,35.18622482366365,34.13602265810132,35.05384826660156,10244400,0.0,0.0,34.34253005981445
2022-03-30 00:00:00-04:00,35.0626672578007,35.62748190423891,34.188970653641846,34.2772216796875,12195600,0.0,0.0,34.53845062255859
2022-03-31 00:00:00-04:00,32.62689895385803,32.73280084446935,31.603171700454233,32.035606384277344,27041100,0.0,0.0,34.14484329223633
2022-04-01 00:00:00-04:00,31.88559046554933,32.300374422503005,30.879513726144395,31.417850494384766,20832400,0.0,0.0,33.396463012695314
2022-04-04 00:00:00-04:00,31.57669576337327,32.37096841118828,31.532570253285908,32.33566665649414,18454100,0.0,0.0,33.02403869628906
2022-04-05 00:00:00-04:00,31.982654450646805,32.43273997306824,31.620819935269537,31.77084732055664,10609500,0.0,0.0,32.36743850708008
2022-04-06 00:00:00-04:00,31.373715436828714,31.541397086812214,30.420591634727085,30.808900833129883,17612900,0.0,0.0,31.673774337768556
2022-04-07 00:00:00-04:00,34.44490663531136,36.598267099384735,34.15367549980595,35.35390853881836,94455200,0.0,0.0,32.33743476867676
2022-04-08 00:00:00-04:00,34.51550322399706,35.450976212493714,33.78300692052963,34.09189224243164,33288000,0.0,0.0,32.872243118286136
2022-04-11 00:00:00-04:00,33.92420987435388,34.61258065079849,33.55355153566587,33.70357894897461,15432000,0.0,0.0,33.14582557678223
2022-04-12 00:00:00-04:00,34.00363835034088,34.89498920581784,33.31527091599853,33.43882369995117,13858500,0.0,0.0,33.479420852661136
2022-04-13 00:00:00-04:00,33.28879537652878,33.71240635280739,33.26231737600083,33.482948303222656,10026000,0.0,0.0,34.01423034667969
2022-04-14 00:00:00-04:00,33.49177580653641,33.61532858853626,33.05051394707364,33.06816482543945,9556100,0.0,0.0,33.557081604003905
2022-04-18 00:00:00-04:00,33.129944368720075,34.13602096537264,33.121117245416876,33.91539001464844,12644600,0.0,0.0,33.52178115844727
2022-04-19 00:00:00-04:00,33.950691111592384,34.303698605919244,33.747711044878194,34.14484405517578,8618700,0.0,0.0,33.6100341796875
2022-04-20 00:00:00-04:00,34.40960047602006,35.106791639050705,34.40960047602006,34.7537841796875,11075100,0.0,0.0,33.873026275634764
2022-04-21 00:00:00-04:00,34.63023403534864,34.86851248943135,33.730059390659406,33.79183578491211,9499600,0.0,0.0,33.93480377197265
2022-04-22 00:00:00-04:00,33.6417989266742,33.6417989266742,32.43274252878235,32.46804428100586,9247400,0.0,0.0,33.814779663085936
2022-04-25 00:00:00-04:00,32.30036669949186,32.697503045502174,31.965010110914985,32.653377532958984,9913100,0.0,0.0,33.56237716674805
2022-04-26 00:00:00-04:00,32.459228345458094,32.87401566062337,32.06209527904879,32.070919036865234,10588700,0.0,0.0,33.14759216308594
2022-04-27 00:00:00-04:00,32.12386231415074,32.794578809109154,31.85027876977319,32.16798782348633,9387700,0.0,0.0,32.6304328918457
2022-04-28 00:00:00-04:00,32.626901262370076,33.46529605832408,32.31801595693803,33.16524124145508,7618600,0.0,0.0,32.505113983154295
2022-04-29 00:00:00-04:00,32.97108903327113,33.72123290132626,32.265070681002584,32.326847076416016,9967800,0.0,0.0,32.47687454223633
2022-05-02 00:00:00-04:00,32.31801676533939,32.71515310136561,31.77967677278837,32.706329345703125,9426300,0.0,0.0,32.487464904785156
2022-05-03 00:00:00-04:00,32.60925570072535,33.67710871096906,32.54747930288058,33.465301513671875,7708000,0.0,0.0,32.76634140014649
2022-05-04 00:00:00-04:00,33.641802085335904,34.87733659668112,33.21819111856172,34.76260757446289,10158100,0.0,0.0,33.285265350341795
2022-05-05 00:00:00-04:00,34.356652825670174,34.50668026018517,33.10346724176755,33.456478118896484,8273800,0.0,0.0,33.34351272583008
2022-05-06 00:00:00-04:00,32.96225801967111,33.22701781626338,32.05325970882369,32.73280334472656,10110900,0.0,0.0,33.424703979492186
2022-05-09 00:00:00-04:00,31.91205339602508,32.84752962852135,31.885578765196065,32.66219711303711,9976200,0.0,0.0,33.41587753295899
2022-05-10 00:00:00-04:00,33.41234734360203,34.224267520060614,33.02403476654732,33.129940032958984,14516000,0.0,0.0,33.3488052368164
2022-05-11 00:00:00-04:00,32.803402646533584,33.29761710538778,31.585522426329508,31.64729881286621,10103900,0.0,0.0,32.72574348449707
2022-05-12 00:00:00-04:00,31.400191644070674,32.09738273703666,30.88832633457726,31.62964630126953,11518600,0.0,0.0,32.36037712097168
2022-05-13 00:00:00-04:00,31.894402503732273,32.64454958692319,31.744375107030315,32.4592170715332,8827600,0.0,0.0,32.30565986633301
2022-05-16 00:00:00-04:00,32.55630222425493,33.403524258578685,32.15034208696161,33.10346603393555,8442000,0.0,0.0,32.393913650512694
2022-05-17 00:00:00-04:00,33.87126382217517,35.04501870600286,33.712409271497584,34.96559143066406,13583600,0.0,0.0,32.76104393005371
2022-05-18 00:00:00-04:00,34.418423342594195,34.4360742200905,32.39744331783655,32.52099609375,13234000,0.0,0.0,32.93578338623047
2022-05-19 00:00:00-04:00,32.097386429038664,32.32684447919134,30.950106277957687,31.53257179260254,13848600,0.0,0.0,32.91636848449707
2022-05-20 00:00:00-04:00,31.559045247376602,31.620825002079034,29.52041770557687,30.57944679260254,14521600,0.0,0.0,32.54041442871094
2022-05-23 00:00:00-04:00,30.685349590219694,31.003058662290286,30.15583334791512,30.941282272338867,12741000,0.0,0.0,32.1079776763916
2022-05-24 00:00:00-04:00,30.685358047485348,30.773609095578816,29.908736031328427,30.68535804748535,9615200,0.0,0.0,31.25193099975586
2022-05-25 00:00:00-04:00,30.47354893180541,31.832636534278336,30.34999612550087,31.391374588012695,11468100,0.0,0.0,31.0260066986084
2022-05-26 00:00:00-04:00,31.53257572422466,32.61807962020095,31.347246529766533,32.450401306152344,10805200,0.0,0.0,31.20957260131836
2022-05-27 00:00:00-04:00,33.53589556294103,34.54197189117962,33.53589556294103,34.19778823852539,14840200,0.0,0.0,31.93324089050293
2022-05-31 00:00:00-04:00,34.14484177405817,34.86851096062725,33.765356302252336,34.2772216796875,26899500,0.0,0.0,32.60042877197266
2022-06-01 00:00:00-04:00,35.08914396127996,35.99814574264016,34.46255288635163,35.601009368896484,19330000,0.0,0.0,33.58355903625488
2022-06-02 00:00:00-04:00,35.22152356006844,35.47745626159036,34.60375624715935,35.20387268066406,12330500,0.0,0.0,34.34605865478515
2022-06-03 00:00:00-04:00,34.72731056729466,35.54805797969311,34.65671041312594,35.13327407836914,6884600,0.0,0.0,34.882633209228516
2022-06-06 00:00:00-04:00,35.362729658123456,35.82164245448099,34.66553502327868,34.877342224121094,8041200,0.0,0.0,35.01854400634765
2022-06-07 00:00:00-04:00,34.53096003097067,35.054963917996965,34.26451812305738,34.95726776123047,6560200,0.25,0.0,35.15455322265625
2022-06-08 00:00:00-04:00,34.64641876125416,34.64641876125416,33.61617415203442,33.70499038696289,10885400,0.0,0.0,34.77534942626953
2022-06-09 00:00:00-04:00,33.60729664164384,33.855975341357976,32.559288710001155,32.56816864013672,8047700,0.0,0.0,34.248208618164064
2022-06-10 00:00:00-04:00,31.875415843819738,32.17738425939533,31.30700550579341,31.333648681640625,9522500,0.0,0.0,33.48828353881836
2022-06-13 00:00:00-04:00,30.552086834250744,30.800765515620185,29.841570508064454,29.983673095703125,12114900,0.0,0.0,32.50954971313477
2022-06-14 00:00:00-04:00,30.108018967230738,30.312291246534897,29.62842141338969,29.974796295166016,10769300,0.0,0.0,31.513055419921876
2022-06-15 00:00:00-04:00,30.427741935692872,31.03167873708718,30.081367114774046,30.560964584350586,12683600,0.0,0.0,30.884250259399415
2022-06-16 00:00:00-04:00,29.88598023733107,29.90374009624329,28.695869798629793,29.051124572753906,13398000,0.0,0.0,30.18084144592285
2022-06-17 00:00:00-04:00,29.202111373381573,30.028083745850804,28.980075862244533,29.797164916992188,20542300,0.0,0.0,29.873544692993164
2022-06-21 00:00:00-04:00,30.605368250210695,30.987269528134338,30.25899346046422,30.45438575744629,11277200,0.0,0.0,29.9676872253418
2022-06-22 00:00:00-04:00,29.912625934724954,30.303407235594356,29.67282716328468,29.96591567993164,10701700,0.0,0.0,29.96591110229492
2022-06-23 00:00:00-04:00,30.11689589409774,30.241235235361437,29.68170481168186,30.081369400024414,7334100,0.0,0.0,29.869992065429688
2022-06-24 00:00:00-04:00,30.427742979352622,31.315884966219798,30.383336557607826,31.289241790771484,10532800,0.0,0.0,30.317615509033203
2022-06-27 00:00:00-04:00,31.475750830182925,31.75107606609783,31.21819222857723,31.404701232910156,5804500,0.0,0.0,30.639122772216798
2022-06-28 00:00:00-04:00,31.449105174497014,31.70666714378311,30.356691022137152,30.58760643005371,7226000,0.0,0.0,30.66576690673828
2022-06-29 00:00:00-04:00,30.498801506813148,30.525444687103093,29.6994722181806,29.8504581451416,5989000,0.0,0.0,30.642675399780273
2022-06-30 00:00:00-04:00,29.264280507997007,29.663945098302104,28.96231208287682,29.11329460144043,10878700,0.0,0.0,30.449060440063477
2022-07-01 00:00:00-04:00,29.015599315743366,29.193228404373382,27.958711489784008,28.30508804321289,12193600,0.0,0.0,29.85222969055176
2022-07-05 00:00:00-04:00,27.452468728859216,28.029760682581653,26.65314127801304,28.011999130249023,13971000,0.0,0.0,29.17368927001953
2022-07-06 00:00:00-04:00,28.01199913009881,28.15410171273753,27.31924776923776,27.683385848999023,8306000,0.0,0.0,28.592845153808593
2022-07-07 00:00:00-04:00,28.109693562360572,28.420543596749297,27.940946110435878,28.22515296936035,7022200,0.0,0.0,28.267784118652344
2022-07-08 00:00:00-04:00,28.34949631388874,28.793565676379075,28.029764611139186,28.51824378967285,6584700,0.0,0.0,28.14877395629883
2022-07-11 00:00:00-04:00,28.029761660473078,28.269560412291856,27.781082979176386,27.887659072875977,5855500,0.0,0.0,28.065288162231447
2022-07-12 00:00:00-04:00,27.932066830512905,28.36725621117381,27.585690295459024,27.825489044189453,9769200,0.0,0.0,28.027986145019533
2022-07-13 00:00:00-04:00,27.31924762711535,27.887657954713188,27.09721213114789,27.585689544677734,7313000,0.0,0.0,28.008446884155273
2022-07-14 00:00:00-04:00,27.10609477565986,27.781082912114947,26.875177647872874,27.69226837158203,7471600,0.0,0.0,27.90186996459961
2022-07-15 00:00:00-04:00,28.074171531004836,28.18074763135983,27.816609516153214,28.11857795715332,7103600,0.0,0.0,27.821936798095702
2022-07-18 00:00:00-04:00,28.411666103110104,28.775805929346316,27.86101893952686,27.976476669311523,7539600,0.0,0.0,27.839700317382814
2022-07-19 00:00:00-04:00,28.38501927940114,29.210991662018905,28.358376101895107,29.157705307006836,8753800,0.0,0.0,28.10614356994629
2022-07-20 00:00:00-04:00,29.21987278460733,29.726113447147352,28.926784302087942,29.255395889282227,5546800,0.0,0.0,28.440084838867186
2022-07-21 00:00:00-04:00,29.148821388780306,29.77052149239578,28.900142702531316,29.71723175048828,6927700,0.0,0.0,28.845077514648438
2022-07-22 00:00:00-04:00,29.48631981325669,29.814931457395446,28.695873848385766,28.837976455688477,7558900,0.0,0.0,28.98895721435547
2022-07-25 00:00:00-04:00,28.98895476207071,29.068887678759953,28.59817349603045,28.953428268432617,4482300,0.0,0.0,29.184347534179686
2022-07-26 00:00:00-04:00,28.891261247492537,28.997840738178674,28.313969224915507,28.376140594482422,5908200,0.0,0.0,29.028034591674803
2022-07-27 00:00:00-04:00,28.589291953265445,29.157705722779646,28.287325208579787,28.971193313598633,6991000,0.0,0.0,28.971194076538087
2022-07-28 00:00:00-04:00,29.015600469051595,29.504081329198485,28.686988844219943,29.21099281311035,4713500,0.0,0.0,28.8699462890625
2022-07-29 00:00:00-04:00,29.308686873556777,29.681704898438152,28.87349578986888,29.655061721801758,8459200,0.0,0.0,29.033363342285156
2022-08-01 00:00:00-04:00,29.35309470241413,30.045847820059134,29.31756820653631,29.90374183654785,6400700,0.0,0.0,29.223426055908202
2022-08-02 00:00:00-04:00,29.584008955682588,29.584008955682588,28.81132303598194,29.077768325805664,5776100,0.0,0.0,29.36375160217285
2022-08-03 00:00:00-04:00,29.41526160925086,29.548484262264505,28.68698545222661,29.27315902709961,7073900,0.0,0.0,29.424144744873047
2022-08-04 00:00:00-04:00,29.202110749302307,29.557365526733594,28.962311995839887,29.539602279663086,6559800,0.0,0.0,29.489866638183592
2022-08-05 00:00:00-04:00,29.09553472754812,30.187952530364026,29.060011617174883,29.823814392089844,6523900,0.0,0.0,29.52361717224121
2022-08-08 00:00:00-04:00,30.01919755858584,30.241233048498447,29.61953299914461,29.708349227905273,5651500,0.0,0.0,29.484538650512697
2022-08-09 00:00:00-04:00,29.468550606313602,29.521840343776287,28.46494923938571,28.85573387145996,9175500,0.0,0.0,29.440131759643556
2022-08-10 00:00:00-04:00,29.406388664180277,30.49880315916694,29.35309891271985,30.1790714263916,7426900,0.0,0.0,29.621314239501952
2022-08-11 00:00:00-04:00,30.0458447144334,30.889576882365727,30.0458447144334,30.39221954345703,7084000,0.0,0.0,29.791837692260742
2022-08-12 00:00:00-04:00,30.560964769266995,30.800763505506225,30.24123312094802,30.774120330810547,5489200,0.0,0.0,29.981898880004884
2022-08-15 00:00:00-04:00,30.525441218557905,30.85405621542999,30.321168954228067,30.552087783813477,4525700,0.0,0.0,30.150646591186522
2022-08-16 00:00:00-04:00,30.46327057678887,30.933988150735587,30.401100906492818,30.640899658203125,6605500,0.0,0.0,30.507679748535157
2022-08-17 00:00:00-04:00,30.534328111560864,30.791886760573217,30.214596395001045,30.472158432006836,7033700,0.0,0.0,30.566297149658205
2022-08-18 00:00:00-04:00,30.7563579538483,31.36917470510924,30.445506225649105,31.289241790771484,5989700,0.0,0.0,30.745701599121094
2022-08-19 00:00:00-04:00,30.685305326766212,30.756358312781337,29.89485949130861,30.401100158691406,9640400,0.0,0.0,30.671097564697266
2022-08-22 00:00:00-04:00,29.9481520315352,30.028084954281024,29.566250665971065,29.672826766967773,6436900,0.0,0.0,30.495245361328124
2022-08-23 00:00:00-04:00,29.6639461517334,30.179066784647382,29.610656408469293,29.6639461517334,5810000,0.0,0.0,30.29985466003418
2022-08-24 00:00:00-04:00,29.48630894646545,29.717224327734005,29.237626934339136,29.504072189331055,6467400,0.0,0.0,30.106237411499023
2022-08-25 00:00:00-04:00,29.770520325320593,30.658662327670278,29.726113902801682,30.614255905151367,7450900,0.0,0.0,29.971240234375
2022-08-26 00:00:00-04:00,29.672825808432545,29.823811718960915,27.861016904046966,27.8787784576416,14112800,0.0,0.0,29.46677589416504
2022-08-29 00:00:00-04:00,27.576809057755433,28.411663031308994,27.559047504783504,28.00311851501465,10606600,0.0,0.0,29.132834243774415
2022-08-30 00:00:00-04:00,28.21627296103313,28.26067938534588,27.487996760726375,27.621217727661133,15527100,0.0,0.0,28.724288558959962
2022-08-31 00:00:00-04:00,26.200191093618333,26.83965277487805,25.463033242473003,25.498558044433594,28214900,0.0,0.0,27.923185729980467
2022-09-01 00:00:00-04:00,25.09889195721629,25.320927446900797,24.477191908501126,25.018959045410156,16713500,0.0,0.0,26.804126358032228
2022-09-02 00:00:00-04:00,25.38309843534407,25.463031351314427,24.450550007685155,24.54824447631836,12380500,0.0,0.0,26.138019561767578
2022-09-06 00:00:00-04:00,24.521604830256496,24.79692841712305,24.11305856826407,24.272924423217773,13430700,0.0,0.0,25.391980743408205
2022-09-07 00:00:00-04:00,24.16634353754334,24.512720077066895,23.86437680938926,24.397260665893555,10039400,0.0,0.0,24.747189331054688
2022-09-08 00:00:00-04:00,24.166344319189243,24.53048411743988,23.926547253604806,24.423906326293945,11824700,0.0,0.0,24.532258987426758
2022-09-09 00:00:00-04:00,24.619294736210435,25.187706747488406,24.60153318429266,25.098892211914062,8965600,0.0,0.0,24.54824562072754
2022-09-12 00:00:00-04:00,25.267644334701146,25.667307277730064,25.232117836300343,25.320932388305664,9386100,0.0,0.0,24.702783203125
2022-09-13 00:00:00-04:00,24.541409642471056,24.819170535541346,24.021730342089192,24.156129837036133,10378100,0.25,0.0,24.679424285888672
2022-09-14 00:00:00-04:00,24.25468686849415,24.469726372099846,23.9500471444739,24.227807998657227,9079200,0.0,0.0,24.645533752441406
2022-09-15 00:00:00-04:00,24.075492550884285,24.559331095463296,23.851492813268617,24.138212203979492,11525200,0.0,0.0,24.588394927978516
2022-09-16 00:00:00-04:00,23.967973108275064,24.523493236942503,23.76189374964942,24.398052215576172,39538500,0.0,0.0,24.448226928710938
2022-09-19 00:00:00-04:00,24.17405180321078,24.478691589764235,23.82461275174516,24.147172927856445,9768600,0.0,0.0,24.213475036621094
2022-09-20 00:00:00-04:00,23.77085090834513,23.851490944286475,23.37661092251879,23.69917106628418,9853600,0.0,0.0,24.122083282470705
2022-09-21 00:00:00-04:00,23.851490975176535,24.13821034379166,23.295970916748047,23.295970916748047,8884100,0.0,0.0,23.935715866088866
2022-09-22 00:00:00-04:00,23.260130630214213,23.50205074343783,23.01821222597287,23.036130905151367,8775900,0.0,0.0,23.715299606323242
2022-09-23 00:00:00-04:00,22.659813997961077,22.82109237150949,22.32829363842757,22.713573455810547,8647100,0.0,0.0,23.378403854370116
2022-09-26 00:00:00-04:00,22.462694270017195,22.847974106824363,22.22973432894815,22.364133834838867,8872700,0.0,0.0,23.021796035766602
2022-09-27 00:00:00-04:00,22.74045261367825,22.910692892802842,22.2566140690378,22.38205337524414,5951200,0.0,0.0,22.758372497558593
2022-09-28 00:00:00-04:00,22.301411024393655,23.018211136043092,22.274532152407506,22.946531295776367,7576100,0.0,0.0,22.688484573364256
2022-09-29 00:00:00-04:00,22.543330901296464,22.543330901296464,22.167011316404334,22.43581199645996,8265600,0.0,0.0,22.568420791625975
2022-09-30 00:00:00-04:00,22.40893097084848,23.009250256043686,22.283491681368993,22.328290939331055,8858500,0.0,0.0,22.49136428833008
2022-10-03 00:00:00-04:00,22.70461188038742,23.394531431925362,22.480612159159435,23.197410583496094,8922800,0.0,0.0,22.658019638061525
2022-10-04 00:00:00-04:00,23.636449647817788,24.066530408050262,23.56476980594275,23.869409561157227,8844900,0.0,0.0,22.95549087524414
2022-10-05 00:00:00-04:00,23.44829216946472,24.147171953168456,23.40349290636086,23.99485206604004,7457100,0.0,0.0,23.165155029296876
2022-10-06 00:00:00-04:00,23.815653480195184,24.22781391109087,23.69917436151873,23.72605323791504,8415900,0.0,0.0,23.42320327758789
2022-10-07 00:00:00-04:00,23.08989074599227,23.161570585544002,22.310370995507796,22.43581199645996,10318200,0.0,0.0,23.444707489013673
2022-10-10 00:00:00-04:00,22.650850762276484,22.812129114170887,22.0415712918461,22.391010284423828,6557500,0.0,0.0,23.283427429199218
2022-10-11 00:00:00-04:00,22.408935425808853,22.695654835323833,22.041575968744976,22.202856063842773,7287300,0.0,0.0,22.95011672973633
2022-10-12 00:00:00-04:00,22.274535165792077,22.417894865719774,22.05949561590053,22.122215270996094,7896900,0.0,0.0,22.57558937072754
2022-10-13 00:00:00-04:00,21.674214405326524,23.59165155185344,21.575653977015666,23.313892364501953,11791900,0.0,0.0,22.493157196044923
2022-10-14 00:00:00-04:00,23.39453362621445,23.60957317368507,22.758373469587585,22.794214248657227,10700700,0.0,0.0,22.564837646484374
2022-10-17 00:00:00-04:00,23.179495275619644,23.564773416617715,22.758374644718792,23.01821517944336,8841600,0.0,0.0,22.690278625488283
2022-10-18 00:00:00-04:00,23.591652476461906,23.74397236755647,22.58813289237142,22.892772674560547,7501500,0.0,0.0,22.828261947631837
2022-10-19 00:00:00-04:00,22.632930915493773,23.071970142249,22.623970722011155,22.83901023864746,6055000,0.0,0.0,22.971620941162108
2022-10-20 00:00:00-04:00,22.964455495543184,23.600615726224355,22.839016172162083,22.910696029663086,5830500,0.0,0.0,22.890981674194336
2022-10-21 00:00:00-04:00,23.045088811576512,24.04860823219222,22.91068933167692,24.003808975219727,7894300,0.0,0.0,23.132900619506835
2022-10-24 00:00:00-04:00,24.191968088491954,24.415967793015028,23.959008190710104,24.2457275390625,5640300,0.0,0.0,23.378403091430663
2022-10-25 00:00:00-04:00,24.11133148654783,24.729571237454337,24.0575720283332,24.711650848388672,7136800,0.0,0.0,23.74217872619629
2022-10-26 00:00:00-04:00,24.308451258308555,25.18653154607936,24.227812923424434,24.622051239013672,6935800,0.0,0.0,24.098786926269533
2022-10-27 00:00:00-04:00,24.872931758658236,25.007331263152714,24.290532766527228,24.38909149169922,6395800,0.0,0.0,24.39446601867676
2022-10-28 00:00:00-04:00,24.442848917162863,25.195488077841134,24.442848917162863,25.132766723632812,8033300,0.0,0.0,24.620257568359374
2022-10-31 00:00:00-04:00,24.899813646022277,24.98941218105185,24.666853695183857,24.747493743896484,5403100,0.0,0.0,24.72061080932617
2022-11-01 00:00:00-04:00,25.034211362510536,25.15069047508654,24.523492229939222,24.953571319580078,5113000,0.0,0.0,24.768994903564455
2022-11-02 00:00:00-04:00,24.890847543080213,25.150686309163856,24.174047470092773,24.174047470092773,5789600,0.0,0.0,24.679394149780272
2022-11-03 00:00:00-04:00,23.923173696140697,24.111332663568263,23.4751742015237,23.887332916259766,5423500,0.0,0.0,24.579042434692383
2022-11-04 00:00:00-04:00,24.523489809610062,25.36572751645373,24.389088612002343,25.347808837890625,13497700,0.0,0.0,24.622050857543947
2022-11-07 00:00:00-05:00,25.4015685936965,25.91228768193775,25.32988875164478,25.759967803955078,8825700,0.0,0.0,24.824545669555665
2022-11-08 00:00:00-05:00,25.98396881759394,26.31548917170167,25.70620962943816,25.84956932067871,8721300,0.0,0.0,25.00374526977539
2022-11-09 00:00:00-05:00,25.53596563232108,25.67932530266116,24.837085957676642,24.90876579284668,7574400,0.0,0.0,25.150688934326173
2022-11-10 00:00:00-05:00,25.939169309360565,26.25276756286621,25.652448220611777,26.25276756286621,11861500,0.0,0.0,25.62377586364746
2022-11-11 00:00:00-05:00,26.270686395812604,27.498205590359323,26.243807523664984,27.372764587402344,11423100,0.0,0.0,26.028767013549803
2022-11-14 00:00:00-05:00,27.032287421240223,27.69532641540437,26.951647381911123,27.265247344970703,8178800,0.0,0.0,26.32982292175293
2022-11-15 00:00:00-05:00,27.686366995956092,27.85660727363533,27.184608066408323,27.38172721862793,8492800,0.0,0.0,26.636254501342773
2022-11-16 00:00:00-05:00,27.059167613125076,27.12188726303451,25.9750080494631,26.24380874633789,9147500,0.0,0.0,26.903263092041016
2022-11-17 00:00:00-05:00,25.858526475538532,26.396124400009057,25.36572609946439,26.369245529174805,9984400,0.0,0.0,26.926558685302734
2022-11-18 00:00:00-05:00,26.028771198671556,26.539492082509163,25.885411490255482,26.414051055908203,9218000,0.0,0.0,26.734815979003905
2022-11-21 00:00:00-05:00,26.127328872680664,26.252768177017423,25.697249792969775,26.127328872680664,10697100,0.0,0.0,26.5072322845459
2022-11-22 00:00:00-05:00,26.190048135049413,26.360288409102917,25.661408633237738,26.324447631835938,15114900,0.0,0.0,26.2957763671875
2022-11-23 00:00:00-05:00,26.091491441527367,27.032289701068102,25.365731026356844,26.79932975769043,17741200,0.0,0.0,26.406880569458007
2022-11-25 00:00:00-05:00,26.70076431188423,27.543003686229714,26.620124280884017,27.01436424255371,5959300,0.0,0.0,26.535904312133788
2022-11-28 00:00:00-05:00,26.65597087639832,26.69181165755214,26.091492245085718,26.172130584716797,6676500,0.0,0.0,26.487520217895508
2022-11-29 00:00:00-05:00,26.297570195965545,26.530530133993484,25.831650319909663,25.876449584960938,7753000,0.0,0.0,26.437344360351563
2022-11-30 00:00:00-05:00,25.983966208183414,26.933724494519254,25.733085919215657,26.91580581665039,10286900,0.0,0.0,26.555615997314455
2022-12-01 00:00:00-05:00,26.978531620176387,27.08605054786208,26.682852005566918,26.754531860351562,5757300,0.0,0.0,26.54665641784668
2022-12-02 00:00:00-05:00,26.378204832006148,26.70076323400353,26.20796458354676,26.557403564453125,5259500,0.0,0.0,26.455264282226562
2022-12-05 00:00:00-05:00,26.351331072520882,26.539491755613422,26.100450731391668,26.172130584716797,4936300,0.0,0.0,26.455264282226562
2022-12-06 00:00:00-05:00,26.136291909683795,26.216931959522697,25.204452093315357,25.365732192993164,6393900,0.0,0.0,26.353120803833008
2022-12-07 00:00:00-05:00,25.087969756564608,25.311969486533933,24.756449404257786,24.935649871826172,7108300,0.0,0.0,25.957089614868163
2022-12-08 00:00:00-05:00,25.096930356201778,25.81372882008828,25.00733012097038,25.518049240112305,6993000,0.0,0.0,25.709793090820312
2022-12-09 00:00:00-05:00,25.437406928796694,25.742046676002346,25.267168376932855,25.276126861572266,5431800,0.0,0.0,25.45353775024414
2022-12-12 00:00:00-05:00,25.249250920732933,26.019810571818596,25.150690488436194,26.001890182495117,7439200,0.0,0.0,25.419489669799805
2022-12-13 00:00:00-05:00,26.691786422213422,26.881666185922246,25.959388613191802,26.104061126708984,7512800,0.263,0.0,25.56715545654297
2022-12-14 00:00:00-05:00,25.850889329624405,26.266817463970877,25.425919054364485,25.642925262451172,6799400,0.0,0.0,25.70861053466797
2022-12-15 00:00:00-05:00,25.055198161092473,25.199870691013246,24.1419643493106,24.268550872802734,10422200,0.0,0.0,25.458710861206054
2022-12-16 00:00:00-05:00,24.0786699854614,24.30471834017686,23.879748054172143,24.16004753112793,17947100,0.0,0.0,25.235494995117186
2022-12-19 00:00:00-05:00,24.196216420724152,24.358971514243507,23.762203987747277,24.015377044677734,5210300,0.0,0.0,24.83819236755371
2022-12-20 00:00:00-05:00,23.96112130450315,24.2414207312117,23.8345348004306,24.060583114624023,5336000,0.0,0.0,24.42949676513672
2022-12-21 00:00:00-05:00,24.214296845317673,24.41321874758589,24.096750752231856,24.132919311523438,4856400,0.0,0.0,24.127495574951173
2022-12-22 00:00:00-05:00,23.744117906533578,24.114837047194772,23.590404965921962,24.10579490661621,5460700,0.0,0.0,24.094944381713866
2022-12-23 00:00:00-05:00,24.10579689462139,24.23238342393691,23.834539553341813,24.196216583251953,4084900,0.0,0.0,24.102178192138673
2022-12-27 00:00:00-05:00,24.205257488852794,24.56693450029865,24.06058668427445,24.47651481628418,5324900,0.0,0.0,24.19440574645996
2022-12-28 00:00:00-05:00,24.476512921275617,24.621183714653327,23.888787607602175,23.997291564941406,5358400,0.0,0.0,24.181747436523438
2022-12-29 00:00:00-05:00,24.286633428470644,24.684477252487284,24.277591288205006,24.44938850402832,4703300,0.0,0.0,24.245041275024413
2022-12-30 00:00:00-05:00,24.169088937530002,24.31375974218094,23.97920915315516,24.295677185058594,4245300,0.0,0.0,24.283017730712892
2023-01-03 00:00:00-05:00,24.413222197060275,24.639270550736757,24.0334608938993,24.18717384338379,6467300,0.0,0.0,24.281209182739257
2023-01-04 00:00:00-05:00,24.648311124969045,25.037114544514687,24.34992738606852,24.61214256286621,5823800,0.0,0.0,24.308334732055663
2023-01-05 00:00:00-05:00,24.449388611641368,24.7929813201884,24.28663353536733,24.603099822998047,4778600,0.0,0.0,24.429496383666994
2023-01-06 00:00:00-05:00,24.883402671841754,25.832805047797507,24.702563302796833,25.642925262451172,5501700,0.0,0.0,24.66820373535156
2023-01-09 00:00:00-05:00,25.88705694939002,26.384364366955758,25.75142828082194,25.896099090576172,5792000,0.0,0.0,24.988288116455077
2023-01-10 00:00:00-05:00,25.878013991330782,26.31202637796902,25.787594312961502,26.3029842376709,4372700,0.0,0.0,25.4114501953125
2023-01-11 00:00:00-05:00,26.27585611413012,26.302982533266718,25.805676921378414,26.06789207458496,6013700,0.0,0.0,25.70260009765625
2023-01-12 00:00:00-05:00,26.149268597089836,26.1854354299295,25.697171976617753,25.814716339111328,6110900,0.0,0.0,25.944923400878906
2023-01-13 00:00:00-05:00,25.588671155844086,25.5977132963119,24.973821125540443,25.23603630065918,7330000,0.0,0.0,25.863545608520507
2023-01-17 00:00:00-05:00,25.190827952656726,25.236036931513972,24.693520562167006,24.94669532775879,6452100,0.0,0.0,25.673664855957032
2023-01-18 00:00:00-05:00,25.009987075936554,25.34453936293444,24.82914772221685,24.89244270324707,5376200,0.0,0.0,25.391556549072266
2023-01-19 00:00:00-05:00,24.630225143182315,24.693518397879863,24.196212775588968,24.377050399780273,5431000,0.0,0.0,25.05338821411133
2023-01-20 00:00:00-05:00,24.43130476975539,25.263162722062617,24.304716527817977,25.23603630065918,6692400,0.0,0.0,24.9376522064209
2023-01-23 00:00:00-05:00,25.36262453409357,26.031729177089602,25.36262453409357,25.85993194580078,4780900,0.0,0.0,25.06243133544922
2023-01-24 00:00:00-05:00,25.769510178760882,25.86897199799332,25.561546124558447,25.67909049987793,4295800,0.0,0.0,25.208910369873045
2023-01-25 00:00:00-05:00,25.317416911500686,26.07693955681468,25.22699722046575,25.94131088256836,4646300,0.0,0.0,25.418684005737305
2023-01-26 00:00:00-05:00,26.20352352607969,26.230649948120117,25.68813357959551,26.230649948120117,4220400,0.0,0.0,25.789403915405273
2023-01-27 00:00:00-05:00,25.950346035450647,26.709868476217803,25.887051061543634,26.429567337036133,6954500,0.0,0.0,26.028110122680665
2023-01-30 00:00:00-05:00,26.131188551422927,26.339152616621902,26.022686310715642,26.058853149414062,4727800,0.0,0.0,26.06789436340332
2023-01-31 00:00:00-05:00,26.004599519731897,26.34819221496582,25.859928729674262,26.34819221496582,5884100,0.0,0.0,26.201714706420898
2023-02-01 00:00:00-05:00,26.257774624445645,27.06250612074486,26.1311863879517,27.008255004882812,5698700,0.0,0.0,26.41510353088379
2023-02-02 00:00:00-05:00,27.207176682871737,28.048076732380906,27.125799147460405,27.840112686157227,6461300,0.0,0.0,26.73699607849121
2023-02-03 00:00:00-05:00,27.45131020270349,27.948615847112844,27.42418378179297,27.586938858032227,4339300,0.0,0.0,26.96847038269043
2023-02-06 00:00:00-05:00,27.324725062431096,27.415144751110276,26.709874973559337,26.91783905029297,5145600,0.0,0.0,27.14026756286621
2023-02-07 00:00:00-05:00,26.818377088542668,27.180054116870572,26.529035465880344,27.125802993774414,5472200,0.0,0.0,27.29578971862793
2023-02-08 00:00:00-05:00,26.9359198226352,27.107715311663753,26.74603832869326,26.773164749145508,4341900,0.0,0.0,27.24877166748047
2023-02-09 00:00:00-05:00,27.125798581668285,27.26142722965426,26.61040868455448,26.81837272644043,3726400,0.0,0.0,27.04442367553711
2023-02-10 00:00:00-05:00,26.68274852838161,27.324725040730925,26.68274852838161,27.098676681518555,4136700,0.0,0.0,26.946771240234376
2023-02-13 00:00:00-05:00,26.99921324941118,27.44226777192166,26.944960408164416,27.433225631713867,4280900,0.0,0.0,27.049848556518555
2023-02-14 00:00:00-05:00,27.424188801824325,27.532692780716253,27.143889299554168,27.48748207092285,5647800,0.0,0.0,27.122184371948244
2023-02-15 00:00:00-05:00,27.189092610189142,27.623104985951098,27.171008330046092,27.605022430419922,4269600,0.0,0.0,27.288555908203126
2023-02-16 00:00:00-05:00,27.324721473974325,27.641189480484794,27.216219241498212,27.369932174682617,3514200,0.0,0.0,27.398867797851562
2023-02-17 00:00:00-05:00,27.198138075420783,27.34280888502844,26.89071217385149,27.27047348022461,5758100,0.0,0.0,27.433227157592775
2023-02-21 00:00:00-05:00,26.79125020997225,26.881669896672598,26.194482692206858,26.221609115600586,5779500,0.0,0.0,27.190903854370116
2023-02-22 00:00:00-05:00,26.24873633009333,26.57424479756803,26.149274499264102,26.2939453125,5496800,0.0,0.0,26.952196502685545
2023-02-23 00:00:00-05:00,26.673703148125796,26.83645822293362,26.18543792370232,26.71891212463379,5786800,0.0,0.0,26.77497444152832
2023-02-24 00:00:00-05:00,26.31202617833486,26.56519920631367,26.167355383886427,26.420528411865234,6133700,0.0,0.0,26.585093688964843
2023-02-27 00:00:00-05:00,26.736996714877222,26.79124783223779,26.438612982476208,26.574241638183594,7270500,0.0,0.0,26.44584732055664
2023-02-28 00:00:00-05:00,26.547116923788636,27.36089058209246,26.420528683884005,26.691787719726562,15390900,0.0,0.0,26.539883041381835
2023-03-01 00:00:00-05:00,27.08963158659087,27.098673726926943,25.96843205409631,26.095020294189453,10330600,0.0,0.0,26.500098037719727
2023-03-02 00:00:00-05:00,25.93226603071405,26.12214580989134,25.45304292554302,26.0498104095459,7299000,0.0,0.0,26.36627769470215
2023-03-03 00:00:00-05:00,26.08597897941814,26.212565498905544,25.832804215831352,25.868972778320312,6968200,0.0,0.0,26.255966567993163
2023-03-06 00:00:00-05:00,26.104062765886113,26.302984681969093,25.769510467652246,25.83280372619629,7506400,0.0,0.0,26.107678985595705
2023-03-07 00:00:00-05:00,25.826415075684906,25.8720458299105,25.078088112738143,25.242355346679688,8361200,0.263,0.0,25.81779251098633
2023-03-08 00:00:00-05:00,25.37011567832357,25.808162176019128,25.187597899865967,25.799036026000977,5565000,0.0,0.0,25.758595657348632
2023-03-09 00:00:00-05:00,25.826414913449142,26.02718674950995,25.434000873385873,25.452251434326172,6341700,0.0,0.0,25.639083862304688
2023-03-10 00:00:00-05:00,25.397497630786198,25.406623782062876,24.685673496923503,25.05071258544922,6869100,0.0,0.0,25.475431823730467
2023-03-13 00:00:00-04:00,24.740430659931782,25.18760163329216,24.576163416526867,24.950326919555664,7435200,0.0,0.0,25.298936462402345
2023-03-14 00:00:00-04:00,25.433998843716438,25.80816229298063,25.169345713896078,25.379241943359375,6083100,0.0,0.0,25.326313781738282
2023-03-15 00:00:00-04:00,24.87731933478118,25.570891170058296,24.86819318345229,25.51613426208496,8857800,0.0,0.0,25.269733428955078
2023-03-16 00:00:00-04:00,25.187597879097524,25.91767247359624,25.10546426963703,25.835538864135742,8315400,0.0,0.0,25.34639091491699
2023-03-17 00:00:00-04:00,25.780785789518507,25.93592687097465,25.370117709006582,25.589141845703125,23967300,0.0,0.0,25.454076766967773
2023-03-20 00:00:00-04:00,25.7169041990807,26.154948986504888,25.589141571240795,25.726030349731445,7153100,0.0,0.0,25.60921745300293
2023-03-21 00:00:00-04:00,26.03631412513672,26.27358883487564,25.817291717832035,26.10932159423828,6421100,0.0,0.0,25.755233383178712
2023-03-22 00:00:00-04:00,26.10019619892818,26.154951367181315,25.39749820057719,25.41575050354004,5558000,0.0,0.0,25.735156631469728
2023-03-23 00:00:00-04:00,25.434000121013998,25.744280535443927,25.078087213359705,25.297109603881836,5651300,0.0,0.0,25.627470779418946
2023-03-24 00:00:00-04:00,25.151094676867082,25.333614205953143,24.859064822837574,25.297109603881836,5796400,0.0,0.0,25.569064331054687
2023-03-27 00:00:00-04:00,25.525258899993208,25.634770968811402,25.32448880456768,25.452251434326172,4041700,0.0,0.0,25.514308547973634
2023-03-28 00:00:00-04:00,25.342741637476767,25.37011834977883,25.02333331574857,25.214977264404297,4300700,0.0,0.0,25.335439682006836
2023-03-29 00:00:00-04:00,25.598264185764876,25.86291731416762,25.525256726315003,25.835538864135742,4755500,0.0,0.0,25.419397354125977
2023-03-30 00:00:00-04:00,26.12756919867222,26.41960078265894,26.045437328285367,26.37397003173828,4913800,0.0,0.0,25.634769439697266
2023-03-31 00:00:00-04:00,26.419602036999947,26.82114222035494,26.419602036999947,26.784639358520508,7653500,0.0,0.0,25.932275390625
2023-04-03 00:00:00-04:00,26.775514893668042,27.350448493680876,26.711633575959432,27.277441024780273,6518900,0.0,0.0,26.29731330871582
2023-04-04 00:00:00-04:00,27.323070278266623,27.450832906658274,26.830268584809794,26.9671573638916,5134900,0.0,0.0,26.64774932861328
2023-04-05 00:00:00-04:00,26.793766508916843,27.113173089268596,26.638625423902287,26.83939552307129,5529800,0.0,0.0,26.84852066040039
2023-04-06 00:00:00-04:00,26.77551411531656,26.94890750165329,26.62949918175994,26.72988510131836,3968200,0.0,0.0,26.919703674316406
2023-04-10 00:00:00-04:00,26.62037034025535,27.149674856058994,26.574741330868967,27.140548706054688,5937900,0.0,0.0,26.990885543823243
2023-04-11 00:00:00-04:00,27.37782377895448,27.651601320489963,27.23180885805087,27.323068618774414,4717500,0.0,0.0,27.00001106262207
2023-04-12 00:00:00-04:00,27.514713965643505,27.514713965643505,26.985409414970842,27.067543029785156,6313600,0.0,0.0,27.02008819580078
2023-04-13 00:00:00-04:00,27.149677001030415,27.405203999433514,26.848520989635993,27.28656578063965,4606900,0.0,0.0,27.10952224731445
2023-04-14 00:00:00-04:00,27.259187039902653,27.95275703704422,27.08579367029969,27.21355628967285,6511200,0.0,0.0,27.206256484985353
2023-04-17 00:00:00-04:00,28.016639571829796,28.4090535727744,27.80674160590534,28.22653579711914,9530500,0.0,0.0,27.423453903198244
2023-04-18 00:00:00-04:00,28.37255537736975,28.71934042655885,28.29042175560265,28.491191864013672,7040300,0.0,0.0,27.657078552246094
2023-04-19 00:00:00-04:00,27.86150105279896,28.071397297280992,27.396077810272324,27.569469451904297,6095500,0.0,0.0,27.75746383666992
2023-04-20 00:00:00-04:00,27.186181618558148,27.432580725733228,26.9397807707478,27.040164947509766,5300000,0.0,0.0,27.708183670043944
2023-04-21 00:00:00-04:00,26.994536211083517,27.094922129509325,26.61124657966305,26.903276443481445,4776700,0.0,0.0,27.646127700805664
2023-04-24 00:00:00-04:00,26.86677497436616,27.12230024814337,26.693381580992064,26.89415168762207,4656800,0.0,0.0,27.37965087890625
2023-04-25 00:00:00-04:00,26.73900797266494,27.02191341320437,26.638623799519372,26.702505111694336,5337100,0.0,0.0,27.021913528442383
2023-04-26 00:00:00-04:00,26.538240177276133,26.656876661468694,26.209705696996185,26.428728103637695,5694600,0.0,0.0,26.793765258789062
2023-04-27 00:00:00-04:00,26.474358143135476,27.13142534527845,26.474358143135476,27.122299194335938,6091500,0.0,0.0,26.810192108154297
2023-04-28 00:00:00-04:00,27.18618173728861,27.441706996309872,26.930654737632068,27.11317253112793,6710500,0.0,0.0,26.852171325683592
2023-05-01 00:00:00-04:00,27.250065816849684,27.59685087812151,27.204435058369537,27.341323852539062,4738000,0.0,0.0,26.94160575866699
2023-05-02 00:00:00-04:00,27.71549142401941,27.81587561978777,26.939785871433322,27.487342834472656,6896000,0.0,0.0,27.098573303222658
2023-05-03 00:00:00-04:00,27.569469514997518,27.8067442121601,27.250062942504883,27.250062942504883,5708500,0.0,0.0,27.262840270996094
2023-05-04 00:00:00-04:00,27.04929125676656,27.15880332553584,26.71163238094557,26.83026885986328,4771700,0.0,0.0,27.204434204101563
2023-05-05 00:00:00-04:00,27.14967872917529,27.57859739675537,27.067545108054684,27.496463775634766,4592200,0.0,0.0,27.28109245300293
2023-05-08 00:00:00-04:00,27.605973194770996,27.688106807989726,27.323069494037153,27.551218032836914,4672500,0.0,0.0,27.3230712890625
2023-05-09 00:00:00-04:00,27.450835151326025,27.742865034749375,27.377827680470187,27.642480850219727,5547100,0.0,0.0,27.354098892211915
2023-05-10 00:00:00-04:00,27.92538243105903,27.99838989629096,26.921528478643573,27.250062942504883,5733100,0.0,0.0,27.354098892211915
2023-05-11 00:00:00-04:00,27.08579534242086,27.177055107879173,26.62037210515518,26.821142196655273,5564500,0.0,0.0,27.352273559570314
2023-05-12 00:00:00-04:00,26.784638086848382,26.784638086848382,26.036311178101236,26.37397003173828,7327900,0.0,0.0,27.127774810791017
2023-05-15 00:00:00-04:00,26.346595783448826,27.00366299238124,26.28271272619115,26.985410690307617,5953600,0.0,0.0,27.014613342285156
2023-05-16 00:00:00-04:00,27.076669180390663,27.386951338436905,26.948906553184063,27.067543029785156,6263100,0.0,0.0,26.899625778198242
2023-05-17 00:00:00-04:00,27.377824775721137,27.770240542674774,27.158802386391592,27.624225616455078,5741700,0.0,0.0,26.974458312988283
2023-05-18 00:00:00-04:00,27.605975399421702,28.080524815775817,27.469086613336767,28.053146362304688,4764000,0.0,0.0,27.220859146118165
2023-05-19 00:00:00-04:00,28.25391432533067,28.272166626261956,27.788492836029388,27.87062644958496,5223800,0.0,0.0,27.5201904296875
2023-05-22 00:00:00-04:00,27.824996280136425,28.107899987956777,27.64247848890582,28.025766372680664,5832300,0.0,0.0,27.72826156616211
2023-05-23 00:00:00-04:00,27.824998457040714,28.135280641106622,27.75199098670964,27.888879776000977,5110700,0.0,0.0,27.892528915405272
2023-05-24 00:00:00-04:00,27.761118268020194,27.761118268020194,27.222687499674915,27.37782859802246,5980100,0.0,0.0,27.84324951171875
2023-05-25 00:00:00-04:00,27.85237648592175,28.253916696294507,27.688109245025906,28.199161529541016,7596700,0.0,0.0,27.872452545166016
2023-05-26 00:00:00-04:00,28.290421867746513,28.65545922113874,28.171785380632315,28.564199447631836,8371200,0.0,0.0,28.011167144775392
2023-05-30 00:00:00-04:00,28.85622621362229,28.938358081254336,28.162654488608045,28.22653579711914,10566800,0.0,0.0,28.051321029663086
2023-05-31 00:00:00-04:00,27.167927942966234,27.62422501258689,26.218829202650383,26.51998519897461,30735500,0.0,0.0,27.777542114257812
2023-06-01 00:00:00-04:00,26.7116296053211,27.33219386904809,26.2918354160678,26.84851837158203,15653100,0.0,0.0,27.671680068969728
2023-06-02 00:00:00-04:00,26.93978216711651,28.098777260400578,26.93978216711651,27.87975311279297,10255700,0.0,0.0,27.607798385620118
2023-06-05 00:00:00-04:00,27.79761865021292,27.79761865021292,26.70250664853825,26.72988510131836,9679700,0.0,0.0,27.24093551635742
2023-06-06 00:00:00-04:00,26.574744451349325,27.295692979993714,26.5199875448938,27.05841827392578,6805700,0.0,0.0,27.00731201171875
2023-06-07 00:00:00-04:00,27.021915893156784,27.42345610386107,26.912403818924016,27.313945770263672,7268200,0.0,0.0,27.166104125976563
2023-06-08 00:00:00-04:00,27.405207191717484,27.5603482908489,26.976286760841262,27.41433334350586,5075000,0.0,0.0,27.27926712036133
2023-06-09 00:00:00-04:00,27.58772450186043,27.788496356267867,27.140553516207724,27.195308685302734,6441100,0.0,0.0,27.14237823486328
2023-06-12 00:00:00-04:00,27.332200258929998,27.870631040650913,27.277443347116154,27.77937126159668,8826900,0.0,0.0,27.352275466918947
2023-06-13 00:00:00-04:00,27.929416118822534,28.49095075275665,27.929416118822534,28.43571662902832,8964000,0.263,0.0,27.627735137939453
2023-06-14 00:00:00-04:00,28.454126883035222,28.638237109935126,28.31604509076292,28.490949630737305,14345400,0.0,0.0,27.86313591003418
2023-06-15 00:00:00-04:00,28.490952237452614,28.886786276634425,28.36207436450919,28.6290340423584,11344700,0.0,0.0,28.106076049804688
2023-06-16 00:00:00-04:00,28.73029385611317,28.785527984180764,28.325254118450232,28.53697967529297,13963100,0.0,0.0,28.374410247802736
2023-06-20 00:00:00-04:00,28.362075235554304,28.426513296102307,27.708487186218314,27.76371955871582,11900700,0.0,0.0,28.371279907226562
2023-06-21 00:00:00-04:00,27.60722580410706,27.72689799048996,27.294239440066992,27.478349685668945,10344900,0.0,0.0,28.179806518554688
2023-06-22 00:00:00-04:00,27.423117616305344,27.588814732205314,27.054897121046434,27.432321548461914,7169200,0.0,0.0,27.968080902099608
2023-06-23 00:00:00-04:00,27.119332222921088,27.40470325120031,26.990456117120964,27.257415771484375,14813900,0.0,0.0,27.693757247924804
2023-06-26 00:00:00-04:00,27.41391264315811,27.54278876637589,27.340268893347165,27.404706954956055,4905500,0.0,0.0,27.46730270385742
2023-06-27 00:00:00-04:00,27.43232397341251,27.579611482213757,27.192983088464697,27.469146728515625,6004300,0.0,0.0,27.408388137817383
2023-06-28 00:00:00-04:00,27.33105847572362,27.579604990948134,27.2205919922198,27.561195373535156,5646900,0.0,0.0,27.424957275390625
2023-06-29 00:00:00-04:00,27.616431934451622,28.03067911579058,27.561199562208245,27.911006927490234,7262900,0.0,0.0,27.52069435119629
2023-06-30 00:00:00-04:00,28.07670345926348,28.334457434585975,28.021471091624843,28.270017623901367,8796900,0.0,0.0,27.72321472167969
2023-07-03 00:00:00-04:00,28.260814215356863,28.41730738973292,28.141142034819406,28.306840896606445,3743100,0.0,0.0,27.903641510009766
2023-07-05 00:00:00-04:00,28.095113645038712,28.270016427795134,27.993852845481133,28.242401123046875,5289000,0.0,0.0,28.058292388916016
2023-07-06 00:00:00-04:00,27.901800120812418,28.454129088517963,27.837362063144425,28.444923400878906,6384500,0.0,0.0,28.235037994384765
2023-07-07 00:00:00-04:00,28.527772521937248,28.91440261952365,28.490951527588972,28.656648635864258,7796100,0.0,0.0,28.38416633605957
2023-07-10 00:00:00-04:00,28.656650500265133,29.034076690673828,28.564597130502776,29.034076690673828,5394600,0.0,0.0,28.53697814941406
2023-07-11 00:00:00-04:00,29.890183956620163,31.059279918444272,29.724485095157803,30.792320251464844,13731000,0.0,0.0,29.03407402038574
2023-07-12 00:00:00-04:00,31.09610167274733,31.20656993040194,30.276814742335933,30.286022186279297,7828300,0.0,0.0,29.442798233032228
2023-07-13 00:00:00-04:00,30.460924737906478,30.921198606105964,30.460924737906478,30.893583297729492,4335500,0.0,0.0,29.932530212402344
2023-07-14 00:00:00-04:00,30.746293784254462,30.755497715906117,30.10190970870696,30.18475914001465,4676500,0.0,0.0,30.238152313232423
2023-07-17 00:00:00-04:00,30.07429207936101,30.32284038310914,29.908596721806433,30.21237564086914,3861700,0.0,0.0,30.473812103271484
2023-07-18 00:00:00-04:00,30.18476171956191,30.286022534437212,29.880979274935992,30.175554275512695,5029400,0.0,0.0,30.350458908081055
2023-07-19 00:00:00-04:00,30.42409769462467,30.6082079182596,30.3044255225204,30.31363296508789,4690400,0.0,0.0,30.355981063842773
2023-07-20 00:00:00-04:00,30.157142551911015,30.22158412468075,29.678460815191837,29.97303581237793,5111100,0.0,0.0,30.17187156677246
2023-07-21 00:00:00-04:00,30.037472205893373,30.1111141952959,29.669251724048422,29.67845916748047,3482300,0.0,0.0,30.070611572265626
2023-07-24 00:00:00-04:00,29.79812890936575,30.101911344539335,29.678460233337574,29.853363037109375,3661700,0.0,0.0,29.99880905151367
2023-07-25 00:00:00-04:00,29.97303589863628,30.626623956048174,29.93621314597931,30.470129013061523,4693800,0.0,0.0,30.057723999023438
2023-07-26 00:00:00-04:00,30.28601799950049,30.58979688702847,30.249195252039378,30.414894104003906,4722700,0.0,0.0,30.07797622680664
2023-07-27 00:00:00-04:00,30.737084476419813,30.83834527649883,30.18475730894761,30.267606735229492,3881700,0.0,0.0,30.136890411376953
2023-07-28 00:00:00-04:00,30.552976224430704,30.599006417703325,29.973033714591427,30.037471771240234,3753000,0.0,0.0,30.208692932128905
2023-07-31 00:00:00-04:00,30.13873297997862,30.38727776659117,30.074291410859306,30.221582412719727,3739500,0.0,0.0,30.282336807250978
2023-08-01 00:00:00-04:00,29.982239295367677,30.424101784524638,29.963827919368107,30.332048416137695,3945200,0.0,0.0,30.25472068786621
2023-08-02 00:00:00-04:00,30.074290412839037,30.24919671593861,29.890183689844655,29.91779899597168,5172700,0.0,0.0,30.155301666259767
2023-08-03 00:00:00-04:00,29.715277788393603,30.276812431304183,29.595609119151874,30.101909637451172,4149900,0.0,0.0,30.1221622467041
2023-08-04 00:00:00-04:00,30.14793802852024,30.267610216159312,29.834951661194832,29.853363037109375,3685900,0.0,0.0,30.08534049987793
2023-08-07 00:00:00-04:00,30.055886308996286,30.405691935725237,30.019063555147632,30.147939682006836,4017400,0.0,0.0,30.07061195373535
2023-08-08 00:00:00-04:00,30.092705284318352,30.470129728891667,29.844156965461135,30.442514419555664,5331700,0.0,0.0,30.092705154418944
2023-08-09 00:00:00-04:00,30.35966411430596,30.49774768027099,30.138734622695065,30.20317268371582,4712000,0.0,0.0,30.149779891967775
2023-08-10 00:00:00-04:00,30.433309489393547,30.599008363200173,30.11111567405358,30.350460052490234,4483700,0.0,0.0,30.199489974975585
2023-08-11 00:00:00-04:00,30.249195021664764,30.58979665405987,30.147934222723137,30.166345596313477,4356900,0.0,0.0,30.262086486816408
2023-08-14 00:00:00-04:00,30.138729929382656,30.147933860261944,29.402290796870233,29.521961212158203,8870700,0.0,0.0,30.13689079284668
2023-08-15 00:00:00-04:00,29.291826509771383,29.586401482551647,29.199771391826218,29.310237884521484,5895700,0.0,0.0,29.910435485839844
2023-08-16 00:00:00-04:00,29.199772887012237,29.29182800967112,28.739499029523234,28.813142776489258,4525500,0.0,0.0,29.63242950439453
2023-08-17 00:00:00-04:00,28.90519788865672,28.96963594775292,28.417308723610933,28.50015640258789,6148700,0.0,0.0,29.262368774414064
2023-08-18 00:00:00-04:00,28.38048522227346,28.73949825963978,28.233197732287,28.59221076965332,4850400,0.0,0.0,28.947541809082033
2023-08-21 00:00:00-04:00,28.601416297532843,28.859170281472448,28.573800990692956,28.803937911987305,3214500,0.0,0.0,28.80393714904785
2023-08-22 00:00:00-04:00,28.942019499442676,29.024868930960018,28.233197365707813,28.555389404296875,5082000,0.0,0.0,28.65296745300293
2023-08-23 00:00:00-04:00,28.739498329767436,28.877581888296387,28.444923349075722,28.675060272216797,5059000,0.0,0.0,28.625350952148438
2023-08-24 00:00:00-04:00,28.794731794556576,28.877581225450093,28.27922383437349,28.306840896606445,5164800,0.0,0.0,28.58668785095215
2023-08-25 00:00:00-04:00,28.61061970798347,28.61061970798347,27.94782605949693,28.38968849182129,5027000,0.0,0.0,28.546183395385743
2023-08-28 00:00:00-04:00,28.48174623736443,28.988046768402207,28.463334862030774,28.84075927734375,4288100,0.0,0.0,28.553547668457032
2023-08-29 00:00:00-04:00,28.868376862215584,29.328650719045267,28.776321739688562,28.877582550048828,9726000,0.0,0.0,28.617986297607423
2023-08-30 00:00:00-04:00,26.714294641208934,27.02728099927286,25.63725376335493,26.96284294128418,22465500,0.0,0.0,28.2755428314209
2023-08-31 00:00:00-04:00,26.97204573837647,27.45073094301764,26.852375315118838,27.349470138549805,9962600,0.0,0.0,28.08406867980957
2023-09-01 00:00:00-04:00,27.57040307059967,28.23319675253847,27.46914226632092,27.957033157348633,9619800,0.0,0.0,27.99753761291504
2023-09-05 00:00:00-04:00,27.772923077008553,27.966237243549905,27.505963411816786,27.74530601501465,8392200,0.0,0.0,27.77844696044922
2023-09-06 00:00:00-04:00,27.57960797284864,27.901800015781156,27.469143233206587,27.736101150512695,6534700,0.0,0.0,27.550150680541993
2023-09-07 00:00:00-04:00,27.42311800343404,27.634843562133003,26.92602138130033,26.990459442138672,9542400,0.0,0.0,27.55567398071289
2023-09-08 00:00:00-04:00,27.06410377595264,27.404707219494547,26.999665713721726,27.110132217407227,5942500,0.0,0.0,27.507806396484376
2023-09-11 00:00:00-04:00,27.340267413674297,27.533581588038682,27.183774234319863,27.211389541625977,7198700,0.0,0.0,27.358677673339844
2023-09-12 00:00:00-04:00,27.05627751611581,27.36278523233001,26.861227956510092,26.879804611206055,8773500,0.263,0.0,27.185577392578125
2023-09-13 00:00:00-04:00,26.86122751064134,27.009837202607677,26.30394027998393,26.313228607177734,12336500,0.0,0.0,26.901002883911133
2023-09-14 00:00:00-04:00,24.966455169257863,25.895266774494008,24.892150311701673,25.83953857421875,16424100,0.0,0.0,26.670818710327147
2023-09-15 00:00:00-04:00,25.895262633447754,25.895262633447754,25.17079083102085,25.393705368041992,14900400,0.0,0.0,26.327533340454103
2023-09-18 00:00:00-04:00,25.31940150617819,25.523739396828834,25.189368464088442,25.37512969970703,10290100,0.0,0.0,25.960281372070312
2023-09-19 00:00:00-04:00,25.40299434170296,25.690925404570542,25.347266148921207,25.607332229614258,8444700,0.0,0.0,25.705786895751952
2023-09-20 00:00:00-04:00,25.728080891704263,25.76523243284742,25.124351961128987,25.13364028930664,8056000,0.0,0.0,25.469869232177736
2023-09-21 00:00:00-04:00,25.133638262652934,25.300824613234692,24.873572180918924,24.892147064208984,7151700,0.0,0.0,25.28039093017578
2023-09-22 00:00:00-04:00,25.003603969349278,25.133637003702898,24.84570595410536,24.864282608032227,7017200,0.0,0.0,25.174506378173827
2023-09-25 00:00:00-04:00,24.316285615272157,25.003605920084677,24.241980765334787,24.42774200439453,9512100,0.0,0.0,24.98502883911133
2023-09-26 00:00:00-04:00,24.26056033715689,24.344151753263798,23.870459385198465,23.889034271240234,8797100,0.0,0.0,24.641369247436522
2023-09-27 00:00:00-04:00,24.009779131622647,24.1305238546881,23.74971125758577,23.814727783203125,6670800,0.0,0.0,24.37758674621582
2023-09-28 00:00:00-04:00,23.498928662334446,23.991199362019973,23.424623818190142,23.74970817565918,8527600,0.0,0.0,24.14909896850586
2023-09-29 00:00:00-04:00,23.90760441438726,24.306993586322818,23.84258790203814,23.870452880859375,12472500,0.0,0.0,23.950333023071288
2023-10-02 00:00:00-04:00,23.81472725548957,24.186253287757406,23.740422403349488,23.842592239379883,8547400,0.0,0.0,23.83330307006836
2023-10-03 00:00:00-04:00,24.27913429097245,24.715676870192674,24.176966221179057,24.269845962524414,14637300,0.0,0.0,23.909465408325197
2023-10-04 00:00:00-04:00,24.35343525730526,24.35343525730526,23.99119936352496,24.186250686645508,8431300,0.0,0.0,23.983769989013673
2023-10-05 00:00:00-04:00,24.019065054192684,24.502045669649632,24.019065054192684,24.36272430419922,11943900,0.0,0.0,24.10637321472168
2023-10-06 00:00:00-04:00,24.23269187242631,24.31628504810199,23.907607497195052,24.056217193603516,8406200,0.0,0.0,24.143526077270508
2023-10-09 00:00:00-04:00,24.019067928999668,24.362727220138282,23.76828837823312,24.223405838012695,7324000,0.0,0.0,24.21968879699707
2023-10-10 00:00:00-04:00,24.409165347528244,24.706384725688007,24.344147058434466,24.548486709594727,9998600,0.0,0.0,24.275416946411134
2023-10-11 00:00:00-04:00,24.706389090733783,25.12435325077781,24.58564258979375,24.920015335083008,11313900,0.0,0.0,24.422169876098632
2023-10-12 00:00:00-04:00,24.92001369983792,24.966453568495144,24.687810813416927,24.8457088470459,7050300,0.0,0.0,24.518766784667967
2023-10-13 00:00:00-04:00,24.817842299201416,24.8828605914193,24.520622906760384,24.61350440979004,6098000,0.0,0.0,24.630224227905273
2023-10-16 00:00:00-04:00,24.799268962248433,25.077911717145298,24.752827322054003,24.966453552246094,6655300,0.0,0.0,24.77883377075195
2023-10-17 00:00:00-04:00,24.808553941755484,25.300824667120512,24.77140240352892,25.170791625976562,7043500,0.0,0.0,24.90329475402832
2023-10-18 00:00:00-04:00,24.96645314633311,25.300825864026944,24.910724950573268,25.11506462097168,9127000,0.0,0.0,24.942304611206055
2023-10-19 00:00:00-04:00,25.07790988920937,25.17079139126064,24.474182783227047,24.56706428527832,7085300,0.0,0.0,24.88657569885254
2023-10-20 00:00:00-04:00,24.576352263894748,24.6599454434237,24.14909980991779,24.158388137817383,6037100,0.0,0.0,24.795552444458007
2023-10-23 00:00:00-04:00,24.093373404155336,24.344151189806855,23.861170504115663,24.037643432617188,4582700,0.0,0.0,24.609790420532228
2023-10-24 00:00:00-04:00,24.214115335270233,24.381301687434846,24.084082293172127,24.29770851135254,6426700,0.0,0.0,24.435173797607423
2023-10-25 00:00:00-04:00,24.14909882359165,24.390590024415648,24.05621731995668,24.176963806152344,4249700,0.0,0.0,24.247553634643555
2023-10-26 00:00:00-04:00,24.149097376597567,24.474181734057517,24.02835266920416,24.306995391845703,9205800,0.0,0.0,24.19553985595703
2023-10-27 00:00:00-04:00,24.390589165526016,24.41845414710547,23.842590262100963,24.00048828125,5463900,0.0,0.0,24.163959884643553
2023-10-30 00:00:00-04:00,24.14909881422118,24.455606536000527,24.056217310622248,24.29770851135254,5454700,0.0,0.0,24.215972900390625
2023-10-31 00:00:00-04:00,24.15838518305748,24.520621069000388,24.11194354923968,24.455604553222656,8402700,0.0,0.0,24.247552108764648
2023-11-01 00:00:00-04:00,24.52991221819649,24.6970985760428,24.353437532517894,24.594928741455078,5966500,0.0,0.0,24.331145095825196
2023-11-02 00:00:00-04:00,24.929302215576172,25.077911922279096,24.77140418075838,24.929302215576172,5276000,0.0,0.0,24.45560646057129
2023-11-03 00:00:00-04:00,25.068622620489627,25.579470017560944,25.040757637227323,25.4680118560791,4662700,0.0,0.0,24.74911117553711
2023-11-06 00:00:00-05:00,25.54231459583715,25.6073311131758,25.310111735874994,25.384416580200195,5944300,0.0,0.0,24.96645278930664
2023-11-07 00:00:00-05:00,25.477298078498503,25.70950093846066,25.291535081901888,25.384416580200195,6699300,0.0,0.0,25.152215194702148
2023-11-08 00:00:00-05:00,25.42157021763696,25.523738272678795,25.161502373344383,25.272958755493164,5493400,0.0,0.0,25.287821197509764
2023-11-09 00:00:00-05:00,25.365839530073927,25.430856046397174,25.08719681109796,25.096485137939453,6569400,0.0,0.0,25.32125778198242
2023-11-10 00:00:00-05:00,25.235808380259215,25.65377426147461,25.10577533791102,25.65377426147461,10387200,0.0,0.0,25.358410263061522
2023-11-13 00:00:00-05:00,25.78380867414393,25.997434904088706,25.653775624884922,25.802385330200195,8606000,0.0,0.0,25.442004013061524
2023-11-14 00:00:00-05:00,26.229635174258714,26.48970301840809,26.155330329011356,26.266788482666016,7056100,0.0,0.0,25.61847839355469
2023-11-15 00:00:00-05:00,26.27607752255343,26.805499780748285,26.248212540492066,26.443262100219727,8460900,0.0,0.0,25.8525390625
2023-11-16 00:00:00-05:00,26.443263902777673,26.554722067053603,25.941706592454526,26.201772689819336,8823200,0.0,0.0,26.073596572875978
2023-11-17 00:00:00-05:00,26.331806249011244,26.368957787612384,26.099603375160296,26.294652938842773,7957400,0.0,0.0,26.20177230834961
2023-11-20 00:00:00-05:00,26.081023968885397,26.23892197731066,25.876686099215647,25.9974308013916,8484000,0.0,0.0,26.240781402587892
2023-11-21 00:00:00-05:00,26.062449697491676,26.108891334547405,25.690925458882393,25.885976791381836,12903100,0.0,0.0,26.164619064331056
2023-11-22 00:00:00-05:00,26.43397461526102,27.204889866087225,25.904552340194595,26.61973762512207,15778600,0.0,0.0,26.199914169311523
2023-11-24 00:00:00-05:00,26.508284120666886,26.77763856554816,26.41540260563048,26.601163864135742,4762100,0.0,0.0,26.279792404174806
2023-11-27 00:00:00-05:00,26.387532401239792,26.62902358395003,26.24821104202121,26.489702224731445,7704900,0.0,0.0,26.318802261352538
2023-11-28 00:00:00-05:00,26.41540260563048,26.638317178777324,26.303944433273283,26.601163864135742,5762100,0.0,0.0,26.439548873901366
2023-11-29 00:00:00-05:00,26.842651294667203,27.22346385799656,26.805499756852466,27.00054931640625,7267100,0.0,0.0,26.66246337890625
2023-11-30 00:00:00-05:00,27.23274895481247,27.28847714070738,26.954106253770856,27.251325607299805,12883100,0.0,0.0,26.788780975341798
2023-12-01 00:00:00-05:00,27.037700791955704,27.47424151818243,26.517565125289227,27.39993667602539,9599700,0.0,0.0,26.948535537719728
2023-12-04 00:00:00-05:00,27.158448004343132,27.372074223828193,26.87980526341195,26.972686767578125,6105400,0.0,0.0,27.045132446289063
2023-12-05 00:00:00-05:00,26.861226312278298,27.084140840282895,26.749768162492405,26.805498123168945,13911900,0.0,0.0,27.085999298095704
2023-12-06 00:00:00-05:00,27.019124988037866,27.06556485150845,26.424686232091666,26.461837768554688,5372400,0.0,0.0,26.97825698852539
2023-12-07 00:00:00-05:00,26.666180200550638,27.418518872499728,26.666180200550638,27.316349029541016,13674100,0.0,0.0,26.991261672973632
2023-12-08 00:00:00-05:00,27.307057146616906,27.48353182378421,27.22346397172541,27.36278533935547,7563300,0.0,0.0,26.98383140563965
2023-12-11 00:00:00-05:00,27.7714652461807,28.384480733094975,27.678583736012712,28.2080078125,14358800,0.0,0.0,27.230895614624025
2023-12-12 00:00:00-05:00,28.326108130405018,28.569814112025686,28.260495325317695,28.335481643676758,8909000,0.276,0.0,27.536892318725585
2023-12-13 00:00:00-05:00,28.33548246004585,28.438589321190726,27.913685077554355,28.260496139526367,10303400,0.0,0.0,27.89662399291992
2023-12-14 00:00:00-05:00,28.5604407148826,29.21657234405341,28.5604407148826,28.991613388061523,12597100,0.0,0.0,28.231676864624024
2023-12-15 00:00:00-05:00,28.991614218990165,29.01036124614718,28.43858943256263,28.851015090942383,28405300,0.0,0.0,28.529322814941406
2023-12-18 00:00:00-05:00,28.757280295984216,28.87913239074372,28.363601684570312,28.363601684570312,15426400,0.0,0.0,28.56044158935547
2023-12-19 00:00:00-05:00,28.55106688856533,28.757280603491633,28.326107935039683,28.382349014282227,7827000,0.0,0.0,28.56981506347656
2023-12-20 00:00:00-05:00,28.27924018678585,28.46670686223837,27.92305564880371,27.92305564880371,8750400,0.0,0.0,28.50232696533203
2023-12-21 00:00:00-05:00,28.1948822297599,28.32610783858263,28.03553608141166,28.251121520996094,6529200,0.0,0.0,28.354228591918947
2023-12-22 00:00:00-05:00,28.32610844610989,28.56981443044675,28.18550932109648,28.288616180419922,4476800,0.0,0.0,28.241748809814453
2023-12-26 00:00:00-05:00,28.251122388977407,28.63542750189256,28.176136069087008,28.504201889038086,4853600,0.0,0.0,28.269868850708008
2023-12-27 00:00:00-05:00,28.494828904773083,28.60730928060508,28.316735721295302,28.34485626220703,5127900,0.0,0.0,28.262370300292968
2023-12-28 00:00:00-05:00,28.26049564029129,28.344855472862314,28.073030736211695,28.288616180419922,5704900,0.0,0.0,28.33548240661621
2023-12-29 00:00:00-05:00,28.279244288582436,28.42921693557153,28.138645155507035,28.20425796508789,5201800,0.0,0.0,28.32610969543457
2024-01-02 00:00:00-05:00,27.951174888160647,28.185507342672814,27.801202260298044,27.960548400878906,8773700,0.0,0.0,28.260496139526367
2024-01-03 00:00:00-05:00,27.80120414415875,28.213629792635007,27.63248447942688,28.02616310119629,8026400,0.0,0.0,28.164888381958008
2024-01-04 00:00:00-05:00,27.95117762638997,28.24174939786271,27.791831470198808,27.8199520111084,7727300,0.0,0.0,28.059907531738283
2024-01-05 00:00:00-05:00,27.744964657983807,28.326108179316304,27.688725366071115,28.073030471801758,6926100,0.0,0.0,28.01679039001465
2024-01-08 00:00:00-05:00,28.25112191487513,29.14158601296813,28.194882622854845,29.057226181030273,11378000,0.0,0.0,28.187384033203124
2024-01-09 00:00:00-05:00,28.776027840709798,28.88850642438918,28.251121824156492,28.269868850708008,8504500,0.0,0.0,28.249248123168947
2024-01-10 00:00:00-05:00,28.269869429282373,28.504201902527626,28.21363013629168,28.438589096069336,8686400,0.0,0.0,28.331733322143556
2024-01-11 00:00:00-05:00,28.55106681457837,28.68229421132273,27.951176273397866,28.119895935058594,8835600,0.0,0.0,28.391722106933592
2024-01-12 00:00:00-05:00,28.1573921298396,28.288617748752003,27.84807153472041,27.941804885864258,6883600,0.0,0.0,28.365476989746092
2024-01-16 00:00:00-05:00,27.651228977693922,27.707468264857045,27.19193759226321,27.266923904418945,6694900,0.0,0.0,28.00741653442383
2024-01-17 00:00:00-05:00,27.00447244971274,27.10757930520581,26.667034919779177,26.85449981689453,8072300,0.0,0.0,27.72434272766113
2024-01-18 00:00:00-05:00,27.098205792177822,27.098205792177822,26.667034919779177,26.85449981689453,8246700,0.0,0.0,27.407524871826173
2024-01-19 00:00:00-05:00,26.938861393109473,27.50125969655236,26.620169080752337,27.295047760009766,9815600,0.0,0.0,27.242555236816408
2024-01-22 00:00:00-05:00,27.463764517843817,27.707470498954027,27.31379188143982,27.351285934448242,8926200,0.0,0.0,27.124451446533204
2024-01-23 00:00:00-05:00,27.34191107876555,27.801202478679404,27.295045302620878,27.716842651367188,7559800,0.0,0.0,27.214435195922853
2024-01-24 00:00:00-05:00,27.90431205977933,28.044911189774474,27.68872660793245,27.70747184753418,6920100,0.0,0.0,27.385029602050782
2024-01-25 00:00:00-05:00,27.801206269466977,28.129272110656824,27.65123361997705,27.848072052001953,8338200,0.0,0.0,27.583744049072266
2024-01-26 00:00:00-05:00,27.782456611737143,28.26986857035372,27.782456611737143,28.119895935058594,9326000,0.0,0.0,27.74871368408203
2024-01-29 00:00:00-05:00,28.1198930397495,28.129266551967174,27.31378886717599,27.407522201538086,8002600,0.0,0.0,27.7599609375
2024-01-30 00:00:00-05:00,27.3700315500506,27.510630665954732,27.266924697407354,27.323163986206055,6618100,0.0,0.0,27.681225204467772
2024-01-31 00:00:00-05:00,27.126325206407323,27.332537121027617,26.89199275386915,26.910737991333008,10409600,0.0,0.0,27.52187843322754
2024-02-01 00:00:00-05:00,26.86387450185965,27.126327514648438,26.601421489070866,27.126327514648438,11987700,0.0,0.0,27.377529525756835
2024-02-02 00:00:00-05:00,26.966981598995865,27.01384737877766,26.66703631763664,26.88262176513672,7193000,0.0,0.0,27.13007469177246
2024-02-05 00:00:00-05:00,26.77951293003096,26.79825995568759,26.404581355972194,26.554553985595703,10526200,0.0,0.0,26.959481048583985
2024-02-06 00:00:00-05:00,26.573302433033295,26.760767336185438,26.38583574206629,26.51706314086914,7926000,0.0,0.0,26.7982608795166
2024-02-07 00:00:00-05:00,26.479566291452418,26.479566291452418,26.114008249264035,26.198368072509766,7358000,0.0,0.0,26.65578689575195
2024-02-08 00:00:00-05:00,26.245236617748468,26.526434866384115,26.179623812254476,26.51706314086914,4639200,0.0,0.0,26.533934020996092
2024-02-09 00:00:00-05:00,26.50769040080896,26.732649363842846,26.42333056619439,26.638916015625,4852200,0.0,0.0,26.48519287109375
2024-02-12 00:00:00-05:00,26.63891498229169,26.995099546325083,26.61079444257267,26.89199447631836,4896400,0.0,0.0,26.55268096923828
2024-02-13 00:00:00-05:00,26.54518260523535,26.620168926071017,26.14213046031304,26.376462936401367,6505900,0.0,0.0,26.524560928344727
2024-02-14 00:00:00-05:00,27.19193914521193,27.257551948618545,26.56392807461103,26.78888702392578,6547400,0.0,0.0,26.64266471862793
2024-02-15 00:00:00-05:00,26.78889034503643,27.2669288420249,26.78889034503643,27.210689544677734,7071800,0.0,0.0,26.78138999938965
2024-02-16 00:00:00-05:00,27.173192119148663,27.27629897468181,26.74202124658243,26.78888702392578,5681500,0.0,0.0,26.811384201049805
2024-02-20 00:00:00-05:00,26.601421918272347,26.948234769774086,26.563929651734675,26.83575439453125,5677700,0.0,0.0,26.800136184692384
2024-02-21 00:00:00-05:00,26.751395585523053,26.85450065642461,26.488942575978935,26.64828872680664,7580000,0.0,0.0,26.85450134277344
2024-02-22 00:00:00-05:00,26.704529436595962,27.27630126482843,26.704529436595962,27.13570213317871,6276200,0.0,0.0,26.923864364624023
2024-02-23 00:00:00-05:00,27.3044205562469,27.491887260682102,27.173194935831255,27.43564796447754,5547400,0.0,0.0,26.968856048583984
2024-02-26 00:00:00-05:00,27.47314041923335,27.641860096807733,26.97635668839212,26.995101928710938,9431100,0.0,0.0,27.010099029541017
2024-02-27 00:00:00-05:00,27.145074074583846,27.16382110236989,26.86387580905305,27.023221969604492,6683700,0.0,0.0,27.047592544555663
2024-02-28 00:00:00-05:00,26.92011260986328,27.2669254405055,26.882620345580634,26.92011260986328,10811300,0.0,0.0,27.101957321166992
2024-02-29 00:00:00-05:00,26.1140096095535,27.24817784455811,25.92654292861673,26.554553985595703,22925500,0.0,0.0,26.98572769165039
2024-03-01 00:00:00-05:00,27.18256653507842,27.773083573167444,27.079459676120468,27.566871643066406,13986500,0.0,0.0,27.011972427368164
2024-03-04 00:00:00-05:00,27.510630367429833,27.7449628206655,27.173191062669762,27.23880386352539,10322000,0.0,0.0,27.060712814331055
2024-03-05 00:00:00-05:00,27.16382133721048,27.604367554916365,27.060716259125794,27.304420471191406,10274400,0.0,0.0,27.11695251464844
2024-03-06 00:00:00-05:00,27.632484238629974,28.588561138569162,27.56687143354265,28.335481643676758,14188000,0.0,0.0,27.400026321411133
2024-03-07 00:00:00-05:00,28.457335285765335,29.010360049378864,28.260495084366784,28.644800186157227,14006800,0.0,0.0,27.818075561523436
2024-03-08 00:00:00-05:00,28.813522338867188,29.104094121673768,28.63542914845638,28.813522338867188,11435700,0.0,0.0,28.067405700683594
2024-03-11 00:00:00-04:00,28.691666233793693,28.991611488799908,28.48545253011586,28.92599868774414,7029000,0.0,0.0,28.404844665527342
2024-03-12 00:00:00-04:00,28.950591131172633,29.120833376671577,28.553359826324655,28.846553802490234,13376800,0.276,0.0,28.71327133178711
2024-03-13 00:00:00-04:00,28.846553027145262,29.27215862945309,28.657394580797643,29.08300018310547,8006400,0.0,0.0,28.86277503967285
2024-03-14 00:00:00-04:00,29.13028867199212,29.243784099730444,28.714142979498394,28.950590133666992,9767200,0.0,0.0,28.923933029174805
2024-03-15 00:00:00-04:00,28.799267408105532,29.28161807055267,28.75197688946936,28.770893096923828,15269700,0.0,0.0,28.915407180786133
2024-03-18 00:00:00-04:00,28.74251549265803,28.81817850985822,28.004801525943332,28.316911697387695,9223700,0.0,0.0,28.793589782714843
2024-03-19 00:00:00-04:00,28.193958721511187,28.26962174019958,27.900764749587253,28.20341682434082,6113600,0.0,0.0,28.664962387084962
2024-03-20 00:00:00-04:00,28.089924889048827,28.15612980889254,27.739982279083637,28.071008682250977,5292800,0.0,0.0,28.462564086914064
2024-03-21 00:00:00-04:00,28.231792688949085,28.742517642259415,28.089924746582255,28.449323654174805,6699300,0.0,0.0,28.362310791015624
2024-03-22 00:00:00-04:00,28.477694734886327,28.60064645660864,28.326368706328758,28.42094612121582,4796900,0.0,0.0,28.292321395874023
2024-03-25 00:00:00-04:00,28.269624271889544,28.430408426495006,28.19396124642514,28.26016616821289,6904700,0.0,0.0,28.280972290039063
2024-03-26 00:00:00-04:00,28.42094931548946,28.506070441613552,28.354744396048222,28.36420249938965,6167100,0.0,0.0,28.313129425048828
2024-03-27 00:00:00-04:00,28.553360833458367,28.562818936758436,28.11829710139898,28.48715591430664,6440800,0.0,0.0,28.39635887145996
2024-03-28 00:00:00-04:00,28.487152475230577,28.723599617341243,28.40203135975485,28.581729888916016,5954100,0.0,0.0,28.422840118408203
2024-04-01 00:00:00-04:00,28.61010529719952,28.903299259602402,28.58173098963204,28.733057022094727,6811800,0.0,0.0,28.485262298583983
2024-04-02 00:00:00-04:00,28.524985450878514,28.704685798924697,27.938597499915357,27.95751190185547,6127600,0.0,0.0,28.4247314453125
2024-04-03 00:00:00-04:00,27.872391247446334,28.45878101220712,27.825102535878777,28.052091598510742,6862800,0.0,0.0,28.36230926513672
2024-04-04 00:00:00-04:00,28.420945776389427,28.751972136323527,27.98588390055209,28.033172607421875,5401900,0.0,0.0,28.271512603759767
2024-04-05 00:00:00-04:00,27.929141273233984,27.995346194343686,27.475161321148235,27.531909942626953,5160800,0.0,0.0,28.06154861450195
2024-04-08 00:00:00-04:00,27.69269111015976,27.834559040664804,27.541365077094564,27.7210636138916,5210300,0.0,0.0,27.859149932861328
2024-04-09 00:00:00-04:00,27.844016708086706,28.354741610713123,27.77781179514889,28.34528350830078,6593700,0.0,0.0,27.936704254150392
2024-04-10 00:00:00-04:00,27.9007658581046,28.231792254498973,27.352208499832017,27.380582809448242,6664800,0.0,0.0,27.80240249633789
2024-04-11 00:00:00-04:00,27.484618759259398,27.692693425079113,27.125219851673428,27.645402908325195,5519900,0.0,0.0,27.724848556518555
2024-04-12 00:00:00-04:00,27.418412665596726,27.59811301366867,26.82256661160374,26.98335075378418,7626000,0.0,0.0,27.61513671875
2024-04-15 00:00:00-04:00,27.21034022138752,27.333291953631914,26.396961395321075,26.444250106811523,6224200,0.0,0.0,27.359774017333983
2024-04-16 00:00:00-04:00,26.463164876177323,26.519913491623168,26.05647548522518,26.283466339111328,7086600,0.0,0.0,26.947410583496094
2024-04-17 00:00:00-04:00,26.434793818341436,26.680697282929472,26.13213993125479,26.188888549804688,6144100,0.0,0.0,26.709071731567384
2024-04-18 00:00:00-04:00,26.188887486415744,26.50099765997222,26.018645245576096,26.122682571411133,4525400,0.0,0.0,26.40452766418457
2024-04-19 00:00:00-04:00,26.160511683543465,26.42533313237928,26.07539056798726,26.302379608154297,4770000,0.0,0.0,26.268333435058594
2024-04-22 00:00:00-04:00,26.482081045375754,26.576660267041817,26.009186740994043,26.198345184326172,5156300,0.0,0.0,26.219152450561523
2024-04-23 00:00:00-04:00,26.188887671613436,26.34021370810799,26.084850345042685,26.169971466064453,6116200,0.0,0.0,26.196453475952147
2024-04-24 00:00:00-04:00,26.302382482620875,27.04009829674672,25.94298358073314,26.576662063598633,14491900,0.0,0.0,26.274008178710936
2024-04-25 00:00:00-04:00,26.453705938647683,26.765816097954268,26.255091202701927,26.605031967163086,5032700,0.0,0.0,26.370478057861327
2024-04-26 00:00:00-04:00,26.605034098481024,26.850939365505056,26.444249954809493,26.48208236694336,5356200,0.0,0.0,26.40641860961914
2024-04-29 00:00:00-04:00,26.59557599596558,26.90768615911117,26.59557599596558,26.737443923950195,5676400,0.0,0.0,26.514238357543945
2024-04-30 00:00:00-04:00,26.52937110954989,26.898229912496696,26.510456707409276,26.567203521728516,5557700,0.0,0.0,26.59368476867676
2024-05-01 00:00:00-04:00,26.48208123284417,26.557744249922923,26.11322425007883,26.245634078979492,6137200,0.0,0.0,26.52747917175293
2024-05-02 00:00:00-04:00,26.463163627635044,26.510454138275396,26.02810175343498,26.42533302307129,4828600,0.0,0.0,26.49153938293457
2024-05-03 00:00:00-04:00,26.746903903122725,26.954976758503676,26.491540532462896,26.652324676513672,6648300,0.0,0.0,26.525587844848634
2024-05-06 00:00:00-04:00,26.79419329688616,26.89823062920076,26.69015596457156,26.879314422607422,4354600,0.0,0.0,26.553961944580077
2024-05-07 00:00:00-04:00,27.021180005026068,27.238710950011246,26.71852794175128,26.869853973388672,3953100,0.0,0.0,26.61449203491211
2024-05-08 00:00:00-04:00,26.84148348628279,27.97643068904712,26.84148348628279,27.84402084350586,8796700,0.0,0.0,26.934169387817384
2024-05-09 00:00:00-04:00,27.796727791649687,28.071007365506432,27.739980977866757,28.042633056640625,6431700,0.0,0.0,27.25762939453125
2024-05-10 00:00:00-04:00,28.22233255578542,28.26016316251963,28.01425970887572,28.108837127685547,4973200,0.0,0.0,27.548931884765626
2024-05-13 00:00:00-04:00,28.222332474900302,28.59118945825765,28.193958166969495,28.316911697387695,5568300,0.0,0.0,27.83645133972168
2024-05-14 00:00:00-04:00,28.50606897560517,29.24378476275853,28.392575349242296,29.092458724975586,8018200,0.0,0.0,28.280972290039063
2024-05-15 00:00:00-04:00,29.31944670833964,29.69776178894785,29.30998860583086,29.659931182861328,6480600,0.0,0.0,28.644154357910157
2024-05-16 00:00:00-04:00,29.565352887510894,29.65047400880674,29.3194476264283,29.385652542114258,5737500,0.0,0.0,28.91275825500488
2024-05-17 00:00:00-04:00,29.536978021718372,29.584268534850697,29.328905175781998,29.499147415161133,4618200,0.0,0.0,29.1908203125
2024-05-20 00:00:00-04:00,29.678847974494158,30.19903283068518,29.56535434314434,30.094995498657227,5591000,0.0,0.0,29.546437072753907
2024-05-21 00:00:00-04:00,30.217947936506107,31.06915555246985,30.16119931894958,30.917829513549805,8201400,0.0,0.0,29.91151123046875
2024-05-22 00:00:00-04:00,30.984036602026418,31.466390865325934,30.974580302386133,31.220483779907227,7717600,0.0,0.0,30.22362174987793
2024-05-23 00:00:00-04:00,31.381269839684606,31.570428304187896,30.823254353743593,30.880002975463867,6822700,0.0,0.0,30.52249183654785
2024-05-24 00:00:00-04:00,31.002949453821007,31.135359281840206,30.76650230153037,30.974576950073242,6503900,0.0,0.0,30.817577743530272
2024-05-28 00:00:00-04:00,31.106986231987314,31.63662914266308,31.06915382238965,31.343433380126953,8019500,0.0,0.0,31.06726531982422
2024-05-29 00:00:00-04:00,31.002949639482363,31.52313626395468,30.653008862207823,31.021865844726562,12481300,0.0,0.0,31.08807258605957
2024-05-30 00:00:00-04:00,32.53513058796269,37.37756740395479,32.53513058796269,36.280452728271484,38253600,0.0,0.0,32.100066375732425
2024-05-31 00:00:00-04:00,35.552199720706845,35.58057222904977,33.017485549001655,34.52128982543945,29952100,0.0,0.0,32.82832374572754
2024-06-03 00:00:00-04:00,34.52128130195662,34.7577284341618,32.951272488430085,33.405250549316406,12390700,0.0,0.0,33.31445846557617
2024-06-04 00:00:00-04:00,33.30121444598725,33.93489465946836,33.25392573940437,33.433624267578125,9633600,0.0,0.0,33.732496643066405
2024-06-05 00:00:00-04:00,33.82139809910555,34.07676144914987,33.32959121149848,33.698448181152344,8143800,0.0,0.0,34.26781311035156
2024-06-06 00:00:00-04:00,33.69844873736652,34.5212838069371,33.65116002907344,34.218631744384766,9319500,0.0,0.0,33.85544891357422
2024-06-07 00:00:00-04:00,34.13351073530719,34.79556347721619,34.08622202686309,34.473995208740234,8718800,0.0,0.0,33.84598999023437
2024-06-10 00:00:00-04:00,34.3321253658676,34.37941407416068,33.56603891098702,34.218631744384766,8790300,0.0,0.0,34.00866622924805
2024-06-11 00:00:00-04:00,34.19026136142445,34.492913442746875,33.934897991327894,34.351043701171875,7708800,0.0,0.0,34.1921501159668
2024-06-12 00:00:00-04:00,34.890457329163574,35.24307769872214,34.53783695960501,34.59501647949219,7372500,0.276,0.0,34.371463775634766
2024-06-13 00:00:00-04:00,34.575958935213635,35.05247437207391,34.404413087102,34.73797607421875,6847500,0.0,0.0,34.47533264160156
2024-06-14 00:00:00-04:00,34.51877573558923,34.90951820680579,33.775409261049425,33.84212112426758,8582400,0.0,0.0,34.34895782470703
2024-06-17 00:00:00-04:00,33.937431520587815,34.39488592427641,33.565750044811104,34.242401123046875,7500300,0.0,0.0,34.353711700439455
2024-06-18 00:00:00-04:00,34.41394465583453,35.07153463508691,34.23286646717469,35.02388381958008,9607500,0.0,0.0,34.48827972412109
2024-06-20 00:00:00-04:00,35.12871218353129,35.433681716688085,34.40440681564122,34.53783416748047,9202400,0.0,0.0,34.47684326171875
2024-06-21 00:00:00-04:00,34.404416735215406,34.91905433412054,34.16615899152132,34.66173553466797,17244200,0.0,0.0,34.461595153808595
2024-06-24 00:00:00-04:00,34.64266729123947,35.16683712703127,34.45206404425034,34.59501647949219,5496100,0.0,0.0,34.61217422485352
2024-06-25 00:00:00-04:00,34.442530309528124,34.747499855022355,34.328167638848726,34.56642532348633,6002900,0.0,0.0,34.676979064941406
2024-06-26 00:00:00-04:00,34.42347317870833,34.45206657627726,33.1368829893553,33.44185256958008,9658300,0.0,0.0,34.360572814941406
2024-06-27 00:00:00-04:00,33.53715098171135,33.641984946514086,33.022517136671084,33.07969665527344,5716700,0.0,0.0,34.0689453125
2024-06-28 00:00:00-04:00,33.260782260204614,33.71823668889517,33.13688721633281,33.375144958496094,14543000,0.0,0.0,33.81162719726562
2024-07-01 00:00:00-04:00,33.54668459136135,33.57527435174163,33.079697903847695,33.32748794555664,4952900,0.0,0.0,33.55812149047851
2024-07-02 00:00:00-04:00,33.117819311817634,33.4799720229583,32.7842599959801,33.165470123291016,5834500,0.0,0.0,33.277930450439456
2024-07-03 00:00:00-04:00,33.260773951784394,33.44184848180787,33.08922812943638,33.21311950683594,3985200,0.0,0.0,33.232183837890624
2024-07-05 00:00:00-04:00,33.251242512783534,33.26077485624192,32.77472713453092,33.003456115722656,4365400,0.0,0.0,33.21693572998047
2024-07-08 00:00:00-04:00,33.21312323217406,33.83259473074955,33.165472417404594,33.661048889160156,6511300,0.0,0.0,33.27411651611328
2024-07-09 00:00:00-04:00,33.613391425520916,33.94695069845191,33.49902876559078,33.756343841552734,5152700,0.0,0.0,33.3598876953125
2024-07-10 00:00:00-04:00,34.042264616706326,34.40441373799411,33.8516577112513,34.375823974609375,5344700,0.0,0.0,33.601958465576175
2024-07-11 00:00:00-04:00,34.49972040496268,34.83327977636753,34.337703256334265,34.404415130615234,6722900,0.0,0.0,33.84021759033203
2024-07-12 00:00:00-04:00,34.528310127457516,35.17637145013303,34.24240157581231,35.004825592041016,6599800,0.0,0.0,34.240491485595705
2024-07-15 00:00:00-04:00,34.71891231446321,35.595698904897056,34.69985126221152,35.5861701965332,5720700,0.0,0.0,34.62551574707031
2024-07-16 00:00:00-04:00,35.83395425032895,36.339063013001194,35.72912392311838,36.21516799926758,8571000,0.0,0.0,35.11728057861328
2024-07-17 00:00:00-04:00,35.83395577713906,36.61544072378933,35.61475913459315,36.320003509521484,8906800,0.0,0.0,35.506116485595705
2024-07-18 00:00:00-04:00,36.281880375266674,36.39624304736291,35.47180569167235,35.624290466308594,5895500,0.0,0.0,35.750091552734375
2024-07-19 00:00:00-04:00,35.65288438580256,35.681474148281815,35.14777919253977,35.40509796142578,4773500,0.0,0.0,35.83014602661133
2024-07-22 00:00:00-04:00,35.85301628213665,36.25329109302466,35.66240940245302,36.234230041503906,4519900,0.0,0.0,35.95975799560547
2024-07-23 00:00:00-04:00,36.00550505233309,36.34859674671291,35.88161365699258,35.93879318237305,4472700,0.0,0.0,35.904483032226565
2024-07-24 00:00:00-04:00,35.814899519838335,36.32953339330589,35.73865531012521,36.04362487792969,6310400,0.0,0.0,35.8492073059082
2024-07-25 00:00:00-04:00,35.84348958798941,36.01503542579052,34.49971628223008,34.547367095947266,8589500,0.0,0.0,35.63382263183594
2024-07-26 00:00:00-04:00,34.82374745737976,35.02388305947957,34.49971682923164,34.633140563964844,7299600,0.0,0.0,35.47943115234375
2024-07-29 00:00:00-04:00,34.69032121409795,34.70937863008965,34.07084976417612,34.43300247192383,4788300,0.0,0.0,35.11918563842774
2024-07-30 00:00:00-04:00,34.43300729576568,34.59502080305911,33.48950510894867,33.85165786743164,6915700,0.0,0.0,34.701758575439456
2024-07-31 00:00:00-04:00,34.28052332449687,34.65220480127391,34.061326649359756,34.3948860168457,8189900,0.0,0.0,34.37201080322266
2024-08-01 00:00:00-04:00,34.29004940318791,34.585490274239795,33.34655090153123,33.51809310913086,5437300,0.0,0.0,34.16615600585938
2024-08-02 00:00:00-04:00,32.79378989871731,32.9367459738691,31.983715167587835,32.136199951171875,6489100,0.0,0.0,33.66676788330078
2024-08-05 00:00:00-04:00,31.049746071810493,31.43095622108854,30.649471234215845,31.211759567260742,7339300,0.0,0.0,33.02251930236817
2024-08-06 00:00:00-04:00,31.307063625432548,31.640626621903177,30.99256531875813,31.18317222595215,6154400,0.0,0.0,32.48882217407227
2024-08-07 00:00:00-04:00,31.36424531116386,31.526262447082186,30.449336562348996,30.516048431396484,7603700,0.0,0.0,31.713054656982422
2024-08-08 00:00:00-04:00,30.773364137522986,31.535788019027628,30.773364137522986,31.46907615661621,5909000,0.0,0.0,31.303251266479492
2024-08-09 00:00:00-04:00,31.316597404361925,32.29821811340303,31.316597404361925,31.964658737182617,6605500,0.0,0.0,31.26894302368164
2024-08-12 00:00:00-04:00,32.050426013407,32.565059869426044,32.00277520171389,32.19337844848633,5609200,0.0,0.0,31.46526679992676
2024-08-13 00:00:00-04:00,32.412580467669656,33.14641472315698,32.37446199330597,33.12735366821289,6477300,0.0,0.0,31.854103088378906
2024-08-14 00:00:00-04:00,33.1273532640369,33.3751433397624,32.91768893325892,33.11782455444336,5158500,0.0,0.0,32.37445831298828
2024-08-15 00:00:00-04:00,33.54668689039559,33.889778580567665,33.499036074654846,33.82306671142578,4847700,0.0,0.0,32.8452564239502
2024-08-16 00:00:00-04:00,33.81353173865316,34.33769794210655,33.74681987469677,34.22333526611328,5580400,0.0,0.0,33.29699172973633
2024-08-19 00:00:00-04:00,32.99392601240392,33.632458553088306,32.669895387770964,32.9748649597168,9622300,0.0,0.0,33.45328903198242
2024-08-20 00:00:00-04:00,32.974863823203066,33.403728405071895,32.96533511494996,33.17500305175781,6885200,0.0,0.0,33.4628189086914
2024-08-21 00:00:00-04:00,33.356080732274776,33.67058266708788,33.18453488338113,33.613399505615234,4677000,0.0,0.0,33.56193389892578
2024-08-22 00:00:00-04:00,33.6515162720139,34.004136622982394,33.356075437918086,33.43231964111328,4955300,0.0,0.0,33.48378448486328
2024-08-23 00:00:00-04:00,33.6705824219946,34.471124863638614,33.66105007738974,33.98508071899414,6319600,0.0,0.0,33.436133575439456
2024-08-26 00:00:00-04:00,34.16615472724079,34.46159560133632,33.68011059039892,33.89930725097656,5415200,0.0,0.0,33.6210220336914
2024-08-27 00:00:00-04:00,33.83259296771244,34.004138800362476,33.68010818708174,33.927894592285156,6473800,0.0,0.0,33.771600341796876
2024-08-28 00:00:00-04:00,33.851659213990416,34.02320507296275,33.012990974072835,33.12735366821289,12074200,0.0,0.0,33.674391174316405
2024-08-29 00:00:00-04:00,32.50788526744902,35.13824900738765,32.212444373418734,33.79447555541992,18740400,0.0,0.0,33.746822357177734
2024-08-30 00:00:00-04:00,33.97555425318327,34.547371359405,33.7944760489776,34.48065948486328,12068600,0.0,0.0,33.84593811035156
2024-09-03 00:00:00-04:00,34.29958057911822,34.471122780874225,33.489502206290474,33.718231201171875,9151700,0.0,0.0,33.809722900390625
2024-09-04 00:00:00-04:00,33.68963923544609,33.9660190556381,33.49903597306117,33.67058181762695,6514200,0.0,0.0,33.758260345458986
2024-09-05 00:00:00-04:00,33.20359588777544,33.38467044554948,32.72708044945233,32.784263610839844,6862100,0.0,0.0,33.689642333984374
2024-09-06 00:00:00-04:00,32.66036713560226,33.012987526431566,32.183851718337316,32.231502532958984,7995900,0.0,0.0,33.37704772949219
2024-09-09 00:00:00-04:00,32.66989804067967,33.19406794332979,32.422111606674086,32.5745964050293,9803500,0.0,0.0,32.99583511352539
2024-09-10 00:00:00-04:00,32.422113610929806,32.574598418711254,31.802642034335097,31.897947311401367,7863000,0.0,0.0,32.63177833557129
2024-09-11 00:00:00-04:00,31.884486068737175,32.124724810264276,31.41361652241305,32.06706619262695,7186800,0.276,0.0,32.31107521057129
2024-09-12 00:00:00-04:00,31.94214825497173,32.095900920096334,31.663470403885675,31.8076114654541,6508000,0.0,0.0,32.11574478149414
2024-09-13 00:00:00-04:00,31.903706507791625,32.2400392891149,31.84604788852804,32.019020080566406,5924200,0.0,0.0,32.073248291015624
2024-09-16 00:00:00-04:00,31.89409703602044,32.52832722728598,31.846050016300083,32.44184112548828,7775900,0.0,0.0,32.04669723510742
2024-09-17 00:00:00-04:00,32.720517978144386,33.546939888944195,32.662863022532086,33.0856819152832,10054200,0.0,0.0,32.28424415588379
2024-09-18 00:00:00-04:00,33.2490406944462,33.61420461163962,32.96075493487343,33.1817741394043,7077800,0.0,0.0,32.507185745239255
2024-09-19 00:00:00-04:00,33.72951926222952,33.84483650235258,33.44123349342676,33.460453033447266,7466700,0.0,0.0,32.83775405883789
2024-09-20 00:00:00-04:00,33.35475067707352,33.556550368509775,33.047245338003194,33.40279769897461,37215900,0.0,0.0,33.11450958251953
2024-09-23 00:00:00-04:00,33.43162660898427,33.86405710868095,33.27787394973128,33.739131927490234,7951700,0.0,0.0,33.37396774291992
2024-09-24 00:00:00-04:00,33.88327238078551,34.47906713232538,33.873664443519864,34.44062805175781,6576900,0.0,0.0,33.64495697021484
2024-09-25 00:00:00-04:00,34.59438233171868,34.988373761644255,34.527115770444986,34.64242935180664,6622000,0.0,0.0,33.93708801269531
2024-09-26 00:00:00-04:00,35.05563771188726,35.48806819197578,34.66164631130714,35.411190032958984,6278200,0.0,0.0,34.32723541259766
2024-09-27 00:00:00-04:00,34.363749011226034,34.671257982144695,33.73913046387372,34.02741622924805,9961700,0.0,0.0,34.45215911865235
2024-09-30 00:00:00-04:00,34.113903386168715,34.584772961331446,34.113903386168715,34.46945571899414,8303700,0.0,0.0,34.59822387695313
2024-10-01 00:00:00-04:00,33.67186761997574,33.81600868567901,32.81661816657685,33.40279769897461,10361100,0.0,0.0,34.39065780639648
2024-10-02 00:00:00-04:00,33.43162840116216,34.094686092406754,33.1145114624673,33.806400299072266,8804100,0.0,0.0,34.22345199584961
2024-10-03 00:00:00-04:00,33.700694069538514,34.21961068801067,33.61420796645982,34.209999084472656,7227100,0.0,0.0,33.98321380615234
2024-10-04 00:00:00-04:00,34.594381954945874,34.70008759743974,34.17156305072303,34.584774017333984,5116900,0.0,0.0,34.09468536376953
2024-10-07 00:00:00-04:00,34.56555504722128,34.8154017525355,34.32531627967764,34.507896423339844,4302100,0.0,0.0,34.10237350463867
2024-10-08 00:00:00-04:00,34.402191488596955,34.74813590751486,33.835227838871006,34.594383239746094,8667100,0.0,0.0,34.34069061279297
2024-10-09 00:00:00-04:00,34.57515823607406,35.382360530781135,34.459844669902246,35.1517333984375,5376400,0.0,0.0,34.60975723266601
2024-10-10 00:00:00-04:00,35.132517670449516,35.42080345002421,34.99798088527893,35.31509780883789,4763400,0.0,0.0,34.83077697753906
2024-10-11 00:00:00-04:00,35.4976786598878,36.0165952729917,35.42080416114239,35.564945220947266,5832200,0.0,0.0,35.02681121826172
2024-10-14 00:00:00-04:00,35.555341895821066,36.00699200645763,35.46885578241732,35.9781608581543,5060100,0.0,0.0,35.32086410522461
2024-10-15 00:00:00-04:00,36.083860337787804,36.48746335316137,35.41119108933353,35.52650833129883,6502100,0.0,0.0,35.50728912353516
2024-10-16 00:00:00-04:00,35.59377270835433,35.83401144909794,35.59377270835433,35.72830581665039,3413800,0.0,0.0,35.62260360717774
2024-10-17 00:00:00-04:00,35.83401214744968,36.39136413064564,35.612992941548484,36.11268997192383,7099600,0.0,0.0,35.78212203979492
2024-10-18 00:00:00-04:00,36.22800486874088,36.33371050711579,35.709088279856346,35.82440185546875,4726600,0.0,0.0,35.83401336669922
2024-10-21 00:00:00-04:00,35.88205644637364,36.08385609747012,35.02680716393918,35.036415100097656,5593900,0.0,0.0,35.64566421508789
2024-10-22 00:00:00-04:00,34.90188526645214,34.9499322832462,34.49828592647918,34.815399169921875,4919200,0.0,0.0,35.5034423828125
2024-10-23 00:00:00-04:00,34.60398993642337,34.86344824130468,34.18117103166455,34.45023727416992,4664800,0.0,0.0,35.24782867431641
2024-10-24 00:00:00-04:00,34.54633488451168,35.10368690899597,34.258049101795486,35.0460319519043,5931100,0.0,0.0,35.0344970703125
2024-10-25 00:00:00-04:00,35.05564182095489,35.805185630464955,35.05564182095489,35.440025329589844,5018400,0.0,0.0,34.95762176513672
2024-10-28 00:00:00-04:00,35.555335438518945,36.17034605958374,35.526507961204175,35.95893478393555,5286100,0.0,0.0,35.1421257019043
2024-10-29 00:00:00-04:00,35.968543633767595,35.968543633767595,35.59377179435158,35.61299133300781,4937600,0.0,0.0,35.30164413452148
2024-10-30 00:00:00-04:00,35.593774007817636,35.80518161467858,35.103684905987144,35.11329650878906,5687600,0.0,0.0,35.43425598144531
2024-10-31 00:00:00-04:00,34.94032772902548,34.98837475047133,34.00820011681436,34.13312530517578,6620900,0.0,0.0,35.25167465209961
2024-11-01 00:00:00-04:00,34.104297370163344,35.151738553011626,34.104297370163344,34.86344909667969,6360400,0.0,0.0,35.13635940551758
2024-11-04 00:00:00-05:00,34.853840259498284,35.03642040014511,34.40219021093454,34.584774017333984,9533900,0.0,0.0,34.86152725219726
2024-11-05 00:00:00-05:00,34.59438190034395,35.22861208855348,34.536723277505764,35.20939254760742,4162800,0.0,0.0,34.78080749511719
2024-11-06 00:00:00-05:00,35.97815803256424,36.064644139175684,34.48867834381404,35.46885299682617,9571100,0.0,0.0,34.85191879272461
2024-11-07 00:00:00-05:00,35.37275601124283,36.13190769977082,35.2862699118216,35.88206100463867,5801700,0.0,0.0,35.20170593261719
2024-11-08 00:00:00-05:00,35.74753014164868,35.862843726233066,35.24783305411268,35.38236618041992,5489400,0.0,0.0,35.30548934936523
2024-11-11 00:00:00-05:00,35.54572694823354,37.160127970532045,35.36314315274116,36.19917297363281,10160600,0.0,0.0,35.628369140625
2024-11-12 00:00:00-05:00,35.98776611210587,36.44902408027695,35.651429656776294,35.661041259765625,6793800,0.0,0.0,35.71869888305664
2024-11-13 00:00:00-05:00,35.68987022053829,35.78596792566316,35.295878793907924,35.37275695800781,6087800,0.0,0.0,35.69947967529297
2024-11-14 00:00:00-05:00,35.41118727339077,35.65142600296806,35.046027043774814,35.06524658203125,6044500,0.0,0.0,35.53611679077149
2024-11-15 00:00:00-05:00,34.95954906167558,35.4976815946412,34.91150203776836,35.28627395629883,7278600,0.0,0.0,35.51689834594727
2024-11-18 00:00:00-05:00,35.47845869263784,36.25683360294477,35.41119213238629,35.96854782104492,7623800,0.0,0.0,35.47077331542969
2024-11-19 00:00:00-05:00,35.62260020363338,35.78596445361933,35.26704789354953,35.4304084777832,4665400,0.0,0.0,35.4246467590332
2024-11-20 00:00:00-05:00,35.430409566258916,35.53611520201156,34.99797908624917,35.24782943725586,4929000,0.0,0.0,35.399661254882815
2024-11-21 00:00:00-05:00,35.33431758643637,36.47785277490767,35.295878504701385,36.429805755615234,5969400,0.0,0.0,35.67257308959961
2024-11-22 00:00:00-05:00,36.47785201697316,37.1409133329905,36.40097752085308,36.64121627807617,6961100,0.0,0.0,35.94356155395508
2024-11-25 00:00:00-05:00,36.98716218810211,38.24601098136761,36.72770387979672,37.765533447265625,14160200,0.0,0.0,36.30295867919922
2024-11-26 00:00:00-05:00,37.717482265559525,38.07303457515544,37.41958490761295,37.57333755493164,12112400,0.0,0.0,36.731544494628906
2024-11-27 00:00:00-05:00,35.13251770905665,36.03581413025067,32.220821434620646,33.30670166015625,27423800,0.0,0.0,36.343318939208984
2024-11-29 00:00:00-05:00,32.912707523082524,34.47906514110264,32.912707523082524,34.046634674072266,8300900,0.0,0.0,35.86668472290039
2024-12-02 00:00:00-05:00,34.35414421585681,35.170954570072595,33.84483919492834,35.02681350708008,11320900,0.0,0.0,35.54380416870117
2024-12-03 00:00:00-05:00,34.9595470743368,35.47846003509039,34.48867746900637,35.353538513183594,7311400,0.0,0.0,35.061405181884766
2024-12-04 00:00:00-05:00,35.449631701219374,35.48807078353484,34.55594319902455,34.94032669067383,8736000,0.0,0.0,34.534803009033205
2024-12-05 00:00:00-05:00,35.15173894135523,35.19017435897175,34.623210709409484,34.75774383544922,8251100,0.0,0.0,34.8250114440918
2024-12-06 00:00:00-05:00,35.0268140921358,35.170955157535914,34.498289520829786,34.78657531738281,6583500,0.0,0.0,34.972999572753906
2024-12-09 00:00:00-05:00,34.863449236785286,35.37275792346649,34.70969657014163,35.02681350708008,6308200,0.0,0.0,34.972999572753906
2024-12-10 00:00:00-05:00,34.7385258924287,34.85383946992215,33.537332101760384,33.575767517089844,8015800,0.0,0.0,34.617445373535155
2024-12-11 00:00:00-05:00,33.768591621339056,33.81704306204383,33.28410678489904,33.477901458740234,8183400,0.289,0.0,34.32496032714844
2024-12-12 00:00:00-05:00,33.4003888162693,34.04959678135406,33.19690235742327,33.894561767578125,5143600,0.0,0.0,34.15232391357422
2024-12-13 00:00:00-05:00,33.9720780618516,33.99145789886831,33.28410678489904,33.477901458740234,5101500,0.0,0.0,33.8905891418457
2024-12-16 00:00:00-05:00,33.332560551390536,33.70076639142191,32.99341892442327,33.12907409667969,8182200,0.0,0.0,33.511041259765626
2024-12-17 00:00:00-05:00,32.47986604537216,33.293800772745584,32.29576312591999,32.78993606567383,8290800,0.0,0.0,33.35387496948242
2024-12-18 00:00:00-05:00,32.925591541890284,33.012798966926695,31.433377245190115,31.481828689575195,10393100,0.0,0.0,32.954660415649414
2024-12-19 00:00:00-05:00,31.55934223074237,32.11165465349118,31.268652065557628,31.452754974365234,7615500,0.0,0.0,32.466299057006836
2024-12-20 00:00:00-05:00,31.288033824610178,32.16010437373122,31.142686884926892,31.917861938476562,17752800,0.0,0.0,32.1542911529541
2024-12-23 00:00:00-05:00,31.820962606432914,32.227928074358644,31.63685970851305,32.19886016845703,5241600,0.0,0.0,31.96824836730957
2024-12-24 00:00:00-05:00,32.29576019346413,32.43141535298785,32.14072150106461,32.40234375,2128100,0.0,0.0,31.890729904174805
2024-12-26 00:00:00-05:00,32.30545461488292,32.60583659597379,32.23762702178605,32.392662048339844,3061100,0.0,0.0,32.072896575927736
2024-12-27 00:00:00-05:00,32.25700622127577,32.35390172482433,31.94693617432853,32.247314453125,4423500,0.0,0.0,32.231808471679685
2024-12-30 00:00:00-05:00,31.82096589402382,31.850033802928596,31.210513932740454,31.617483139038086,4242800,0.0,0.0,32.17173271179199
2024-12-31 00:00:00-05:00,31.811277823164286,31.898481549878607,31.433376525771425,31.617483139038086,4126600,0.0,0.0,32.055457305908206
2025-01-02 00:00:00-05:00,31.675618945888715,31.81127781215843,31.278341506914224,31.462448120117188,4660500,0.0,0.0,31.86747817993164
2025-01-03 00:00:00-05:00,31.811274159971546,32.12134414033723,31.569031756790498,32.11165237426758,5451500,0.0,0.0,31.811276245117188
2025-01-06 00:00:00-05:00,32.48955419938475,33.10969424157273,32.37327886555606,32.81900405883789,7757500,0.0,0.0,31.925614166259766
2025-01-07 00:00:00-05:00,32.96434758533442,33.38100482610114,32.41203518642521,32.625205993652344,5343700,0.0,0.0,32.12715873718262
2025-01-08 00:00:00-05:00,32.46048846142486,32.5089362124005,31.97600355901553,32.41204071044922,4891900,0.0,0.0,32.28607025146484
2025-01-10 00:00:00-05:00,32.0825847614989,32.41203458068475,31.86941026192989,32.16979217529297,6222500,0.0,0.0,32.4275390625
2025-01-13 00:00:00-05:00,32.0632088615013,32.0632088615013,31.462448657353217,31.607791900634766,7062900,0.0,0.0,32.32676696777344
2025-01-14 00:00:00-05:00,31.879102920525696,32.121345332698915,31.365546493216886,31.65623664855957,5518000,0.0,0.0,32.09421348571777
2025-01-15 00:00:00-05:00,32.33451867615873,32.50893352229944,31.685310734888628,31.772518157958984,7227000,0.0,0.0,31.9236759185791
2025-01-16 00:00:00-05:00,31.704691899890847,31.714379971159183,31.336482354146703,31.34617042541504,7973500,0.0,0.0,31.710501861572265
2025-01-17 00:00:00-05:00,31.70468998459279,31.976000319631986,31.49151546630423,31.501203536987305,8455700,0.0,0.0,31.576784133911133
2025-01-21 00:00:00-05:00,31.413996709146353,31.95662108580448,31.220205721214175,31.927553176879883,7758200,0.0,0.0,31.640736389160157
2025-01-22 00:00:00-05:00,32.01476324230983,32.528316056103144,31.820968542056697,32.10197067260742,5184300,0.0,0.0,31.729883193969727
2025-01-23 00:00:00-05:00,32.053517609629374,32.489550992530205,31.743443922814734,32.344207763671875,4623500,0.0,0.0,31.844221115112305
2025-01-24 00:00:00-05:00,32.47017355248944,32.47986531959079,31.617482863876837,31.714378356933594,4048900,0.0,0.0,31.917862701416016
2025-01-27 00:00:00-05:00,31.52058240974361,32.3248290158839,31.30741159430691,32.29576110839844,10177000,0.0,0.0,32.076774215698244
2025-01-28 00:00:00-05:00,32.16010300315172,32.169794770091556,31.28803249119604,31.724069595336914,5955800,0.0,0.0,32.03607749938965
2025-01-29 00:00:00-05:00,32.02444790772802,32.03413967468937,31.549654823751503,31.598102569580078,4039400,0.0,0.0,31.93530387878418
2025-01-30 00:00:00-05:00,31.995380099568795,32.05351961254057,31.67561832271316,31.78220558166504,3611700,0.0,0.0,31.822903442382813
2025-01-31 00:00:00-05:00,31.956617267434755,32.29575884844571,31.413992955612663,31.491512298583984,6178700,0.0,0.0,31.77833023071289
2025-02-03 00:00:00-05:00,30.726030276216534,31.375241939064153,30.086510380934897,31.00703239440918,8205500,0.0,0.0,31.520584487915038
2025-02-04 00:00:00-05:00,30.96827207027567,31.35586144564463,30.79385906915537,31.016719818115234,5050600,0.0,0.0,31.3791145324707
2025-02-05 00:00:00-05:00,31.01671896665729,31.569035105110288,31.01671896665729,31.559343338012695,5517900,0.0,0.0,31.371362686157227
2025-02-06 00:00:00-05:00,31.57872516714302,31.724072112163086,31.384930472558388,31.58841323852539,6197100,0.0,0.0,31.332604217529298
2025-02-07 00:00:00-05:00,31.830654395234365,31.946933425077873,31.142686768794878,31.268653869628906,4382900,0.0,0.0,31.28803253173828
2025-02-10 00:00:00-05:00,31.57871976946109,32.07289264467397,31.37523703827495,31.80158233642578,5424200,0.0,0.0,31.4469425201416
2025-02-11 00:00:00-05:00,31.646552521318693,32.25700451102302,31.510897345012474,32.1213493347168,4384500,0.0,0.0,31.667868423461915
2025-02-12 00:00:00-05:00,31.811276318360534,32.21824180908087,31.50120262063068,32.0147590637207,4312300,0.0,0.0,31.758951568603514
2025-02-13 00:00:00-05:00,32.07289841888502,32.305452793769525,31.888795490332637,32.266693115234375,5393300,0.0,0.0,31.894607543945312
2025-02-14 00:00:00-05:00,32.34421130644082,32.760868594859076,32.30545162930278,32.59614181518555,4183400,0.0,0.0,32.16010513305664
2025-02-18 00:00:00-05:00,32.81900166264427,33.167831334987675,32.557379408386716,33.138763427734375,5309500,0.0,0.0,32.42754135131836
2025-02-19 00:00:00-05:00,33.129073599743954,33.7782852382238,33.03217810567886,33.6038703918457,5666000,0.0,0.0,32.72404556274414
2025-02-20 00:00:00-05:00,33.76859493925791,33.817046384723255,33.31318166175951,33.64263153076172,5006900,0.0,0.0,33.04962005615234
2025-02-21 00:00:00-05:00,33.82673408584281,33.865493763260396,33.41007679441945,33.555423736572266,7214100,0.0,0.0,33.30736618041992
2025-02-24 00:00:00-05:00,33.758904014836176,34.18524934608397,33.59417724609375,33.59417724609375,7142600,0.0,0.0,33.50697326660156
2025-02-25 00:00:00-05:00,33.70076601435745,33.923628608617506,32.95465887896881,33.041866302490234,7036100,0.0,0.0,33.48759384155274
2025-02-26 00:00:00-05:00,32.915901901245796,33.01279739274311,32.54769238016911,32.78024673461914,7037800,0.0,0.0,33.32286911010742
2025-02-27 00:00:00-05:00,32.64459139772444,32.848077865969785,32.082590832949464,32.10197067260742,10360100,0.0,0.0,33.01473693847656
2025-02-28 00:00:00-05:00,30.454716606489832,30.454716606489832,29.04970986497723,29.912094116210938,23233200,0.0,0.0,32.2860710144043
2025-03-03 00:00:00-05:00,30.115578567629854,30.45471833637909,28.98188393094204,29.107851028442383,8299700,0.0,0.0,31.388805770874022
2025-03-04 00:00:00-05:00,28.99157266947563,29.19505541354274,28.27453533374495,28.381122589111328,9602500,0.0,0.0,30.456657028198244
2025-03-05 00:00:00-05:00,28.584606902043305,28.884986999460473,28.27453688559164,28.603986740112305,8940100,0.0,0.0,29.621405029296874
2025-03-06 00:00:00-05:00,28.342364362020508,29.088471491349072,28.33267444302315,29.040021896362305,10136400,0.0,0.0,29.00901527404785
2025-03-07 00:00:00-05:00,28.904367180358392,29.660164240545992,28.710572493696,29.592336654663086,10995500,0.0,0.0,28.94506378173828
2025-03-10 00:00:00-04:00,29.369471155205684,29.553575916103124,28.68150355378515,29.049711227416992,8851100,0.0,0.0,28.9334358215332
2025-03-11 00:00:00-04:00,28.904367007902795,28.9625046742894,27.68346492480559,27.731914520263672,10783600,0.0,0.0,28.803594207763673
2025-03-12 00:00:00-04:00,27.907130294703595,27.985438547124076,27.231720450691952,27.86797523498535,9173400,0.289,0.0,28.656391906738282
2025-03-13 00:00:00-04:00,27.897338684843813,28.23993795437664,27.08488994870268,27.319814682006836,6882700,0.0,0.0,28.312350463867187
2025-03-14 00:00:00-04:00,27.652625756443996,27.93649431524413,27.525375556750877,27.809242248535156,5385800,0.0,0.0,27.9557315826416
2025-03-17 00:00:00-04:00,27.799454036477933,28.347611769682967,27.77987650782378,28.298669815063477,6395200,0.0,0.0,27.805523300170897
2025-03-18 00:00:00-04:00,28.151841756470883,28.259516295799383,27.936494544829756,28.093111038208008,5001500,0.0,0.0,27.877762603759766
2025-03-19 00:00:00-04:00,28.190997217649397,28.396557548655217,27.887552970657588,28.151844024658203,7905700,0.0,0.0,27.934536361694335
2025-03-20 00:00:00-04:00,27.99522630189093,28.27909300654129,27.87776299399068,27.907129287719727,5525100,0.0,0.0,28.051999282836913
2025-03-21 00:00:00-04:00,27.642837713840244,28.07353401184082,27.35897101464652,28.07353401184082,23907600,0.0,0.0,28.104857635498046
2025-03-24 00:00:00-04:00,28.445499063143558,28.562962374317756,28.063746569105394,28.386768341064453,5804700,0.0,0.0,28.122477340698243
2025-03-25 00:00:00-04:00,28.435709431397985,28.514017680788136,27.995226228709374,28.20078468322754,6053700,0.0,0.0,28.14401206970215
2025-03-26 00:00:00-04:00,28.200785332135652,28.39655689362375,27.926707386471485,28.1028995513916,6356500,0.0,0.0,28.134223175048827
2025-03-27 00:00:00-04:00,27.887551971902244,28.171420545740094,27.691782279925476,28.04416847229004,6106400,0.0,0.0,28.16163101196289
2025-03-28 00:00:00-04:00,27.789666344613536,28.044168625891636,27.2023553984505,27.310028076171875,5452100,0.0,0.0,28.008929824829103
2025-03-31 00:00:00-04:00,26.879331447787433,27.202355078196486,26.722714948385676,27.104469299316406,8946600,0.0,0.0,27.752470016479492
2025-04-01 00:00:00-04:00,27.290449576331422,27.368757824169634,26.879330808426836,27.202354431152344,6494500,0.0,0.0,27.552783966064453
2025-04-02 00:00:00-04:00,26.908696673691026,27.476431928245937,26.908696673691026,27.290449142456055,6050300,0.0,0.0,27.390293884277344
2025-04-03 00:00:00-04:00,25.33274114288474,25.391473728166392,22.464700440868597,23.277149200439453,23089300,0.0,0.0,26.436890029907225
2025-04-04 00:00:00-04:00,22.826876748239552,22.963915721402273,21.495634607746904,22.13189125061035,22865100,0.0,0.0,25.40126266479492
2025-04-07 00:00:00-04:00,21.358594977301728,23.551227815509787,21.13345899488667,22.88560676574707,21901400,0.0,0.0,24.557490158081055
2025-04-08 00:00:00-04:00,23.198841927859714,23.316303369323457,21.055151017478927,21.417325973510742,17963500,0.0,0.0,23.400484466552733
2025-04-09 00:00:00-04:00,21.04536186322504,23.825307486612317,20.7614932954139,23.766576766967773,19749500,0.0,0.0,22.69570999145508
2025-04-10 00:00:00-04:00,22.924761565621733,23.159686309890066,21.84802175412994,22.38639259338379,11304400,0.0,0.0,22.517558670043947
2025-04-11 00:00:00-04:00,22.503852806449398,22.973702269398046,21.92632880811076,22.944337844848633,10168100,0.0,0.0,22.6800479888916
2025-04-14 00:00:00-04:00,24.167907214860332,24.57902599390226,23.14989809836948,23.531652450561523,10638400,0.0,0.0,22.809257125854494
2025-04-15 00:00:00-04:00,23.49249742720842,23.75678847134834,23.012859162111493,23.237995147705078,9162400,0.0,0.0,23.17339096069336
2025-04-16 00:00:00-04:00,22.885608272478425,23.286940175271166,22.582164021114206,22.973705291748047,7280500,0.0,0.0,23.014816665649413
2025-04-17 00:00:00-04:00,23.218419122743388,23.49249894927741,23.05201384717203,23.326093673706055,6785900,0.0,0.0,23.202756881713867
2025-04-21 00:00:00-04:00,22.95412819303119,23.326091910118397,22.621317667050874,23.247783660888672,8812500,0.0,0.0,23.263446044921874
2025-04-22 00:00:00-04:00,23.51207513379727,23.737211121088713,23.277150381795423,23.668691635131836,6415600,0.0,0.0,23.290853881835936
2025-04-23 00:00:00-04:00,24.57902609714065,25.039086834208728,23.972135757142627,24.109174728393555,7288000,0.0,0.0,23.465089797973633
2025-04-24 00:00:00-04:00,24.216850393210883,24.813951996174374,24.030867590039033,24.794374465942383,6542700,0.0,0.0,23.8292236328125
2025-04-25 00:00:00-04:00,24.794373857387118,24.98035665599419,24.53008280679012,24.745431900024414,5023200,0.0,0.0,24.113091278076173
2025-04-28 00:00:00-04:00,24.745430962174947,24.99993323825059,24.490928686099302,24.853103637695312,5256000,0.0,0.0,24.4341552734375
2025-04-29 00:00:00-04:00,24.530082375149778,25.088028894137164,24.530082375149778,24.980356216430664,5320900,0.0,0.0,24.696488189697266
2025-04-30 00:00:00-04:00,24.393043997257653,25.12718456475094,24.393043997257653,25.029298782348633,6202800,0.0,0.0,24.880513000488282
2025-05-01 00:00:00-04:00,25.127183442780453,25.33274189633236,24.823739211196997,24.853103637695312,6525800,0.0,0.0,24.892258834838866
2025-05-02 00:00:00-04:00,25.3816847550591,25.528512483023093,25.24464579122816,25.401262283325195,5669300,0.0,0.0,25.023424911499024
2025-05-05 00:00:00-04:00,25.234858276028927,25.64597705488487,25.215280746793894,25.352319717407227,4577300,0.0,0.0,25.123268127441406
2025-05-06 00:00:00-04:00,25.078241056780744,25.391474047492004,24.95098898741936,25.088027954101562,5308400,0.0,0.0,25.144802474975585
2025-05-07 00:00:00-04:00,25.058663642997132,25.352319106381323,24.892258382541847,25.303377151489258,5702100,0.0,0.0,25.19961814880371
2025-05-08 00:00:00-04:00,25.54809170273247,26.086460696582446,25.430628392374963,25.77322769165039,5941800,0.0,0.0,25.383642959594727
2025-05-09 00:00:00-04:00,26.10603677059908,26.35075027543521,25.8515345015276,25.900476455688477,7595500,0.0,0.0,25.483485794067384
2025-05-12 00:00:00-04:00,27.584108206599375,28.445498973434965,27.535164382507816,27.662416458129883,10452800,0.0,0.0,25.945505142211914
2025-05-13 00:00:00-04:00,27.652625845077036,28.337824400433963,27.544951306288297,28.171419143676758,7115600,0.0,0.0,26.562183380126953
2025-05-14 00:00:00-04:00,28.190996208026604,28.328037046127893,27.936495795158404,28.04416847229004,7216600,0.0,0.0,27.11034164428711
2025-05-15 00:00:00-04:00,27.779876045178025,28.357400061746212,27.750511619701722,28.171419143676758,7929200,0.0,0.0,27.589979934692384
2025-05-16 00:00:00-04:00,28.288881982737053,28.748944586187328,28.2693044534379,28.700000762939453,7803100,0.0,0.0,28.14988479614258
2025-05-19 00:00:00-04:00,28.23015119367397,28.514017899762244,28.171420472934315,28.48465347290039,6836400,0.0,0.0,28.31433219909668
2025-05-20 00:00:00-04:00,28.484652712709053,28.856616423487907,28.19099538281595,28.367189407348633,7766800,0.0,0.0,28.353486251831054
2025-05-21 00:00:00-04:00,28.230150398563264,28.621691637492983,27.946281833454282,28.005014419555664,7584800,0.0,0.0,28.34565544128418
2025-05-22 00:00:00-04:00,27.897340774536133,28.14205429010224,27.779877465577382,27.897340774536133,5729400,0.0,0.0,28.290839767456056
2025-05-23 00:00:00-04:00,27.09467882321724,27.53516199982937,26.977215522577843,27.388334274291992,7663100,0.0,0.0,28.028506469726562
2025-05-27 00:00:00-04:00,27.83860843017148,27.86797285543683,27.54495110840704,27.74072265625,10306000,0.0,0.0,27.879720306396486
2025-05-28 00:00:00-04:00,27.554740450181527,27.7505120021288,26.62483024597168,26.62483024597168,17503400,0.0,0.0,27.531248474121092
2025-05-29 00:00:00-04:00,23.316302946308067,25.352319275895425,23.09116696507379,24.422409057617188,26462900,0.0,0.0,26.8147274017334
2025-05-30 00:00:00-04:00,24.236427516408828,24.500718569054023,23.884039446215233,24.37346649169922,16298100,0.0,0.0,26.109952545166017
2025-06-02 00:00:00-04:00,24.412619389788624,24.45177257911203,23.932981151727805,24.38325309753418,9587800,0.0,0.0,25.50893630981445
2025-06-03 00:00:00-04:00,24.295157375812067,24.931412138929726,23.991713141158893,24.84331512451172,8393500,0.0,0.0,24.929454803466797
2025-06-04 00:00:00-04:00,24.921622795313954,25.166336303674928,24.579025377221313,24.647544860839844,12721300,0.0,0.0,24.53399772644043
2025-06-05 00:00:00-04:00,24.64754573261501,24.843315426018556,24.08959921254016,24.177696228027344,12250000,0.0,0.0,24.48505516052246
2025-06-06 00:00:00-04:00,24.471350836097397,24.765006299324206,24.314734340107645,24.647544860839844,12430000,0.0,0.0,24.539870834350587
2025-06-09 00:00:00-04:00,24.970566251749332,25.03908573436507,24.471350477957102,24.58881378173828,11835700,0.0,0.0,24.580982971191407
2025-06-10 00:00:00-04:00,24.657333418014517,25.146760430623686,24.539870113501326,25.019508361816406,9364400,0.0,0.0,24.616221618652343
2025-06-11 00:00:00-04:00,25.20662638628297,25.20662638628297,24.46409023272742,24.572996139526367,6240300,0.289,0.0,24.601311874389648
2025-06-12 00:00:00-04:00,24.50369419665659,24.662101765646412,24.3947882848384,24.493793487548828,5665400,0.0,0.0,24.664531326293947
2025-06-13 00:00:00-04:00,24.15717727760946,24.345286976618823,23.52354699256807,23.602750778198242,7084700,0.0,0.0,24.455572509765624
2025-06-16 00:00:00-04:00,23.810659919247783,24.31558475890978,23.74135684312368,24.275983810424805,8030100,0.0,0.0,24.39300651550293
2025-06-17 00:00:00-04:00,24.117576162449826,24.4640915419597,23.95916859228326,24.04827308654785,5796700,0.0,0.0,24.198759460449217
2025-06-18 00:00:00-04:00,24.038372498255324,24.16707794152522,23.860163508829924,23.939367294311523,8659400,0.0,0.0,24.07203369140625
2025-06-20 00:00:00-04:00,24.216579156656795,24.503694054008896,23.85026236363803,23.87006378173828,19507300,0.0,0.0,23.94728775024414
2025-06-23 00:00:00-04:00,23.74135545549635,23.771057581399457,23.21663111644439,23.67205238342285,9454400,0.0,0.0,23.961148071289063
2025-06-24 00:00:00-04:00,24.008669109067693,24.355186360480236,23.909663910325953,24.29578399658203,7644300,0.0,0.0,23.965108108520507
2025-06-25 00:00:00-04:00,24.305682478608173,24.355186021473543,24.068071137955638,24.2858829498291,8128400,0.0,0.0,24.01263008117676
2025-06-26 00:00:00-04:00,24.56309554590116,24.592797671994628,24.226479003643604,24.46409034729004,6869100,0.0,0.0,24.11757469177246
2025-06-27 00:00:00-04:00,24.493792594218988,24.721503230290967,24.186878176540795,24.523494720458984,13832100,0.0,0.0,24.2482608795166
2025-06-30 00:00:00-04:00,24.66210190783791,24.701704744497288,24.10767541317695,24.21657943725586,11116800,0.0,0.0,24.357166290283203
2025-07-01 00:00:00-04:00,24.068071281661677,25.563044294514626,24.05817057302949,25.24622917175293,13488100,0.0,0.0,24.547255325317384
2025-07-02 00:00:00-04:00,25.325433263369437,25.701650754176086,24.998717427964387,25.59274673461914,8496200,0.0,0.0,24.80862808227539
2025-07-03 00:00:00-04:00,25.820458591927,25.998667581187803,25.721453388074643,25.741254806518555,4740200,0.0,0.0,25.064060974121094
2025-07-07 00:00:00-04:00,25.602647486304427,25.70165079727364,24.969015343572206,25.08782196044922,6716100,0.0,0.0,25.17692642211914
2025-07-08 00:00:00-04:00,25.26603111420793,25.761055225904638,25.00861834952159,25.543243408203125,7986900,0.0,0.0,25.442259216308592
2025-07-09 00:00:00-04:00,25.563044520031532,25.691751845018356,25.028419467746488,25.365036010742188,6354100,0.0,0.0,25.466020584106445
2025-07-10 00:00:00-04:00,25.424438240660283,26.008566833463597,25.33533375102133,25.473939895629883,7606900,0.0,0.0,25.442259216308592
2025-07-11 00:00:00-04:00,25.246230304018013,25.37493574527459,25.058120608304094,25.16702651977539,6169500,0.0,0.0,25.32741355895996
2025-07-14 00:00:00-04:00,24.949215857953064,25.127422951029015,24.414588913623856,24.582897186279297,9451800,0.0,0.0,25.226428604125978
2025-07-15 00:00:00-04:00,24.810608889358733,24.978917169246063,24.246281682785675,24.275983810424805,6753300,0.0,0.0,24.972976684570312
2025-07-16 00:00:00-04:00,24.29578465314953,24.384887257221187,23.87006360891236,24.315584182739258,5919200,0.0,0.0,24.763086318969727
2025-07-17 00:00:00-04:00,24.315584835396624,24.563096901399675,24.068072769393577,24.503694534301758,6758000,0.0,0.0,24.569037246704102
2025-07-18 00:00:00-04:00,24.71160271030047,24.860111454267702,24.473991363666862,24.81060791015625,7173800,0.0,0.0,24.497753524780272
2025-07-21 00:00:00-04:00,24.92941444037781,24.939315149165434,24.553195059916415,24.582897186279297,5068800,0.0,0.0,24.497753524780272
2025-07-22 00:00:00-04:00,24.70170419183215,25.16702618196579,24.582897572879332,25.15712547302246,7841300,0.0,0.0,24.673981857299804
2025-07-23 00:00:00-04:00,25.42443944986637,25.79075624614474,25.24623046211271,25.622447967529297,7220000,0.0,0.0,24.93535461425781
2025-07-24 00:00:00-04:00,25.46403976162061,25.662050162701778,25.30563219610253,25.43433952331543,6055300,0.0,0.0,25.121483612060548
2025-07-25 00:00:00-04:00,25.473940131991405,25.54324320493871,25.176926422683763,25.4244384765625,6327300,0.0,0.0,25.244249725341795
2025-07-28 00:00:00-04:00,25.48384082669509,25.69175193378945,25.236328772952866,25.59274673461914,5896400,0.0,0.0,25.446219635009765
2025-07-29 00:00:00-04:00,25.74125326104975,25.77095538693234,25.335333649156407,25.41453742980957,6551200,0.0,0.0,25.497702026367186
2025-07-30 00:00:00-04:00,25.49374114194253,25.54324279658005,24.681901920337847,24.850210189819336,7181400,0.0,0.0,25.343254470825194
2025-07-31 00:00:00-04:00,24.741305650444858,25.107624335448392,24.51359500514473,24.55319595336914,12646000,0.0,0.0,25.167025756835937
2025-08-01 00:00:00-04:00,24.275983372726124,24.394788104406178,23.870063744146133,24.206680297851562,7929400,0.0,0.0,24.92347412109375
2025-08-04 00:00:00-04:00,24.236380793788488,24.751206338844582,24.206680554736874,24.72150421142578,6201300,0.0,0.0,24.749225616455078
2025-08-05 00:00:00-04:00,24.99871726041683,25.107623167610967,24.67200142720151,24.80070686340332,6281200,0.0,0.0,24.626459503173827
2025-08-06 00:00:00-04:00,24.85021098297406,24.988817131076736,24.543296560017925,24.761106491088867,8133200,0.0,0.0,24.608638763427734
2025-08-07 00:00:00-04:00,25.1769267900644,25.275931990733994,24.78090787575315,25.09772300720215,8419400,0.0,0.0,24.717544174194337
2025-08-08 00:00:00-04:00,25.25613126678476,25.88976154709039,25.06802156918133,25.850160598754883,7075100,0.0,0.0,25.046240234375
2025-08-11 00:00:00-04:00,25.89966118127682,26.107572288602054,25.206626674682177,25.25613021850586,7540200,0.0,0.0,25.153165435791017
2025-08-12 00:00:00-04:00,25.64224876349984,26.434288480031267,25.523444033458766,26.335283279418945,8843800,0.0,0.0,25.460080718994142
2025-08-13 00:00:00-04:00,26.305582078035616,27.05801898544256,26.305582078035616,26.869909286499023,9407500,0.0,0.0,25.881841278076173
2025-08-14 00:00:00-04:00,26.404585986114103,26.741202530494196,26.355084330679958,26.661998748779297,6544500,0.0,0.0,26.1946964263916
2025-08-15 00:00:00-04:00,26.820407574008104,26.8897106502232,26.305582024457113,26.47389030456543,6974200,0.0,0.0,26.319442367553712
2025-08-18 00:00:00-04:00,26.44418738451053,26.751103696219758,26.42438785501892,26.5629940032959,5769800,0.0,0.0,26.58081512451172
2025-08-19 00:00:00-04:00,26.6818006051043,27.087720229114726,26.642197769411993,26.73130226135254,7144300,0.0,0.0,26.660018920898438
2025-08-20 00:00:00-04:00,26.53329122687843,26.632296425381046,26.097671374854265,26.206575393676758,6458900,0.0,0.0,26.527352142333985
2025-08-21 00:00:00-04:00,26.157073624347703,26.32538189455681,26.038267008990122,26.315481185913086,7326200,0.0,0.0,26.458048629760743
2025-08-22 00:00:00-04:00,26.493690944176258,27.473838468334403,26.404586452128505,27.463937759399414,6574200,0.0,0.0,26.65605812072754
2025-08-25 00:00:00-04:00,27.374832843762125,27.513440878340045,27.176824333227707,27.22632598876953,8249700,0.0,0.0,26.788724517822267
2025-08-26 00:00:00-04:00,27.07781986227408,27.246128139358387,26.661999524087392,26.74120330810547,11927900,0.0,0.0,26.79070472717285
2025-08-27 00:00:00-04:00,26.800605218070007,26.988714910050327,26.63229694384912,26.840208053588867,11705200,0.0,0.0,26.917431259155272
2025-08-28 00:00:00-04:00,28.097567516954268,28.63219445958723,26.73130181083744,28.067867279052734,20139900,0.0,0.0,27.2679084777832
2025-08-29 00:00:00-04:00,27.82035587697238,28.46388685426494,27.731251384446175,28.255977630615234,12745700,0.0,0.0,27.426316452026366
2025-09-02 00:00:00-04:00,27.770852394299265,28.68169685121272,27.513441513498798,28.651996612548828,13261900,0.0,0.0,27.711450576782227
2025-09-03 00:00:00-04:00,28.711398554375982,28.90940895492543,28.226275150233686,28.414384841918945,8245400,0.0,0.0,28.046086883544923
2025-09-04 00:00:00-04:00,28.43418412024171,28.671795465782953,28.18667206592369,28.63219451904297,11584200,0.0,0.0,28.40448417663574
2025-09-05 00:00:00-04:00,28.760900697657537,29.156921505466645,28.612393838912702,29.048015594482422,8677800,0.0,0.0,28.60051383972168
2025-09-08 00:00:00-04:00,28.98861356557344,29.09751758945622,28.543091095793763,29.05791664123535,8064900,0.0,0.0,28.760901641845702
2025-09-09 00:00:00-04:00,28.91930774343583,29.255924290977287,28.632194740160543,28.751001358032227,9901500,0.0,0.0,28.780702590942383
2025-09-10 00:00:00-04:00,28.420000076293945,28.56999969482422,27.59000015258789,28.3700008392334,9094800,0.289,0.0,28.771825790405273
2025-09-11 00:00:00-04:00,28.520000457763672,28.799999237060547,28.25,28.34000015258789,8055500,0.0,0.0,28.713386917114256
2025-09-12 00:00:00-04:00,28.239999771118164,28.489999771118164,27.93000030517578,27.969999313354492,8101300,0.0,0.0,28.497783660888672
2025-09-15 00:00:00-04:00,28.040000915527344,28.100000381469727,27.700000762939453,27.75,8790000,0.0,0.0,28.2362003326416
2025-09-16 00:00:00-04:00,27.81999969482422,28.170000076293945,27.6200008392334,27.719999313354492,6606500,0.0,0.0,28.029999923706054
2025-09-17 00:00:00-04:00,27.770000457763672,28.5,27.690000534057617,27.899999618530273,12909300,0.0,0.0,27.93599967956543
2025-09-18 00:00:00-04:00,28.209999084472656,28.299999237060547,27.850000381469727,28.239999771118164,7021500,0.0,0.0,27.915999603271484
2025-09-19 00:00:00-04:00,28.280000686645508,28.299999237060547,27.989999771118164,28.15999984741211,12697900,0.0,0.0,27.953999710083007
2025-09-22 00:00:00-04:00,28.1200008392334,28.3700008392334,27.729999542236328,28.260000228881836,7248500,0.0,0.0,28.055999755859375
2025-09-23 00:00:00-04:00,28.360000610351562,28.860000610351562,28.360000610351562,28.530000686645508,7382800,0.0,0.0,28.21800003051758
2025-09-24 00:00:00-04:00,28.479999542236328,28.739999771118164,27.469999313354492,27.5,10197500,0.0,0.0,28.138000106811525
2025-09-25 00:00:00-04:00,27.06999969482422,27.139999389648438,26.729999542236328,26.850000381469727,10496600,0.0,0.0,27.860000228881837
2025-09-26 00:00:00-04:00,26.760000228881836,26.899999618530273,26.31999969482422,26.709999084472656,7872200,0.0,0.0,27.570000076293944
2025-09-29 00:00:00-04:00,26.889999389648438,27.049999237060547,26.68000030517578,26.889999389648438,9098200,0.0,0.0,27.295999908447264
2025-09-30 00:00:00-04:00,26.899999618530273,27.25,26.850000381469727,27.229999542236328,7986800,0.0,0.0,27.03599967956543
2025-10-01 00:00:00-04:00,27.190000534057617,27.219999313354492,26.399999618530273,26.700000762939453,14390400,0.0,0.0,26.87599983215332
2025-10-02 00:00:00-04:00,26.760000228881836,27.149999618530273,26.420000076293945,26.479999542236328,10975400,0.0,0.0,26.801999664306642
2025-10-03 00:00:00-04:00,26.610000610351562,27.290000915527344,26.510000228881836,26.639999389648438,10520700,0.0,0.0,26.7879997253418
2025-10-06 00:00:00-04:00,26.790000915527344,26.90999984741211,26.440000534057617,26.610000610351562,7705600,0.0,0.0,26.731999969482423
2025-10-07 00:00:00-04:00,26.780000686645508,26.84000015258789,26.200000762939453,26.549999237060547,14472800,0.0,0.0,26.595999908447265
2025-10-08 00:00:00-04:00,26.579999923706055,27.18000030517578,26.440000534057617,27.030000686645508,20463700,0.0,0.0,26.661999893188476
2025-10-09 00:00:00-04:00,27.15999984741211,27.34000015258789,26.729999542236328,26.969999313354492,10128000,0.0,0.0,26.75999984741211
2025-10-10 00:00:00-04:00,27.100000381469727,27.18000030517578,25.459999084472656,25.549999237060547,15792400,0.0,0.0,26.54199981689453
2025-10-13 00:00:00-04:00,26.030000686645508,27.3799991607666,26.010000228881836,27.350000381469727,14137500,0.0,0.0,26.689999771118163
2025-10-14 00:00:00-04:00,27.489999771118164,28.739999771118164,27.399999618530273,28.540000915527344,21557000,0.0,0.0,27.088000106811524
2025-10-15 00:00:00-04:00,28.860000610351562,28.989999771118164,28.389999389648438,28.610000610351562,18360300,0.0,0.0,27.404000091552735
2025-10-16 00:00:00-04:00,28.690000534057617,28.729999542236328,27.09000015258789,27.200000762939453,24747300,0.0,0.0,27.450000381469728
2025-10-17 00:00:00-04:00,27.100000381469727,27.610000610351562,27.0,27.3700008392334,10955800,0.0,0.0,27.8140007019043
2025-10-20 00:00:00-04:00,27.559999465942383,28.09000015258789,27.5,27.65999984741211,7049700,0.0,0.0,27.876000595092773
2025-10-21 00:00:00-04:00,27.729999542236328,28.5,27.670000076293945,28.15999984741211,8330400,0.0,0.0,27.800000381469726
2025-10-22 00:00:00-04:00,27.200000762939453,27.969999313354492,26.969999313354492,27.65999984741211,8976800,0.0,0.0,27.610000228881837
2025-10-23 00:00:00-04:00,27.780000686645508,28.139999389648438,27.670000076293945,27.829999923706055,11798700,0.0,0.0,27.736000061035156
2025-10-24 00:00:00-04:00,28.260000228881836,28.43000030517578,27.639999389648438,27.65999984741211,8626300,0.0,0.0,27.793999862670898
2025-10-27 00:00:00-04:00,27.940000534057617,28.100000381469727,27.709999084472656,27.920000076293945,10867500,0.0,0.0,27.845999908447265
2025-10-28 00:00:00-04:00,27.799999237060547,28.190000534057617,27.510000228881836,28.06999969482422,7421200,0.0,0.0,27.827999877929688
2025-10-29 00:00:00-04:00,27.8799991607666,28.25,27.56999969482422,27.700000762939453,8931500,0.0,0.0,27.836000061035158
2025-10-30 00:00:00-04:00,27.389999389648438,27.829999923706055,27.18000030517578,27.510000228881836,10356400,0.0,0.0,27.772000122070313
2025-10-31 00:00:00-04:00,27.520000457763672,27.8799991607666,27.290000915527344,27.670000076293945,14271800,0.0,0.0,27.77400016784668
2025-11-03 00:00:00-05:00,27.600000381469727,27.799999237060547,26.700000762939453,27.010000228881836,10354400,0.0,0.0,27.592000198364257
2025-11-04 00:00:00-05:00,26.520000457763672,26.719999313354492,25.90999984741211,25.940000534057617,10081500,0.0,0.0,27.166000366210938
2025-11-05 00:00:00-05:00,25.940000534057617,26.709999084472656,25.760000228881836,26.639999389648438,12247700,0.0,0.0,26.954000091552736
2025-11-06 00:00:00-05:00,26.670000076293945,26.690000534057617,26.100000381469727,26.170000076293945,9075400,0.0,0.0,26.686000061035156
2025-11-07 00:00:00-05:00,26.010000228881836,26.329999923706055,25.81999969482422,26.280000686645508,8710800,0.0,0.0,26.408000183105468
2025-11-10 00:00:00-05:00,26.56999969482422,26.579999923706055,25.18000030517578,25.290000915527344,16143200,0.0,0.0,26.06400032043457
2025-11-11 00:00:00-05:00,25.209999084472656,25.270000457763672,24.6299991607666,24.729999542236328,14505700,0.0,0.0,25.822000122070314
2025-11-12 00:00:00-05:00,24.850000381469727,25.31999969482422,24.850000381469727,25.209999084472656,10318200,0.0,0.0,25.536000061035157
2025-11-13 00:00:00-05:00,25.200000762939453,25.440000534057617,24.940000534057617,24.979999542236328,12224900,0.0,0.0,25.297999954223634
2025-11-14 00:00:00-05:00,24.700000762939453,25.0,24.469999313354492,24.530000686645508,9788700,0.0,0.0,24.947999954223633
2025-11-17 00:00:00-05:00,23.559999465942383,23.989999771118164,22.780000686645508,22.8700008392334,19877400,0.0,0.0,24.463999938964843
2025-11-18 00:00:00-05:00,22.709999084472656,23.010000228881836,22.399999618530273,22.709999084472656,11853500,0.0,0.0,24.059999847412108
2025-11-19 00:00:00-05:00,22.65999984741211,22.790000915527344,22.440000534057617,22.469999313354492,9138800,0.0,0.0,23.511999893188477
2025-11-20 00:00:00-05:00,22.68000030517578,22.940000534057617,22.270000457763672,22.610000610351562,15566200,0.0,0.0,23.038000106811523
2025-11-21 00:00:00-05:00,22.799999237060547,24.260000228881836,22.770000457763672,23.959999084472656,19349500,0.0,0.0,22.923999786376953
2025-11-24 00:00:00-05:00,24.049999237060547,24.5,23.969999313354492,24.3799991607666,19135900,0.0,0.0,23.225999450683595
2025-11-25 00:00:00-05:00,24.399999618530273,25.049999237060547,24.200000762939453,24.31999969482422,22657500,0.0,0.0,23.547999572753906
2025-11-26 00:00:00-05:00,24.100000381469727,24.579999923706055,23.5,23.979999542236328,22163300,0.0,0.0,23.849999618530273
2025-11-28 00:00:00-05:00,24.149999618530273,24.43000030517578,23.84000015258789,24.420000076293945,6873100,0.0,0.0,24.21199951171875
