Date,Open,High,Low,Close,Volume,Dividends,Stock Splits,MA5
2021-01-08 00:00:00-05:00,99.93450099907146,100.51745947615503,98.69862729083118,99.90341186523438,4891305,0.0,0.0,99.00799713134765
2021-01-11 00:00:00-05:00,99.45259870703741,100.79729072587412,99.22719005750074,99.9422836303711,5859587,0.0,0.0,99.72930908203125
2021-01-12 00:00:00-05:00,100.3386950747309,100.92942589723249,99.44482655670402,100.43196868896484,3921663,0.0,0.0,100.20655670166016
2021-01-13 00:00:00-05:00,100.38531744532456,100.85168546383419,98.29444294983757,98.65199279785156,8030874,0.0,0.0,99.83812255859375
2021-01-14 00:00:00-05:00,99.5070119299745,101.17038002673591,99.14168975402313,100.24542236328125,7848347,0.0,0.0,99.83501586914062
2021-01-15 00:00:00-05:00,99.70910773565883,100.45529048329567,99.23496735689109,99.79460906982422,5131153,0.0,0.0,99.8132553100586
2021-01-19 00:00:00-05:00,100.48635536902192,100.72731474404773,99.56139789164075,100.28426361083984,5646308,0.0,0.0,99.88165130615235
2021-01-20 00:00:00-05:00,100.8128422713424,101.86993503380782,99.92674597745943,101.10820770263672,5856240,0.0,0.0,100.01689910888672
2021-01-21 00:00:00-05:00,101.1392802838372,102.7871098420578,101.08487429913102,102.3285140991211,13116003,0.0,0.0,100.75220336914063
2021-01-22 00:00:00-05:00,93.81733185098261,93.81733185098261,91.22122782951408,92.19282531738281,39814421,0.0,0.0,99.14168395996094
2021-01-25 00:00:00-05:00,92.30940955783687,92.91568486072569,91.29117843654456,92.16950225830078,14315974,0.0,0.0,97.61666259765624
2021-01-26 00:00:00-05:00,92.63586174862391,95.28637771408431,92.04513102675485,95.20864868164062,11186656,0.0,0.0,96.6015396118164
2021-01-27 00:00:00-05:00,94.88998516018239,96.99640451632997,94.53243526228657,95.19312286376953,12705239,0.0,0.0,95.41852264404297
2021-01-28 00:00:00-05:00,95.44962411328588,95.76053409240572,93.32765404630894,93.3354263305664,8455969,0.0,0.0,93.61990509033203
2021-01-29 00:00:00-05:00,93.44423980745923,94.28370229145557,92.41823630773705,92.58146667480469,12369473,0.0,0.0,93.6976333618164
2021-02-01 00:00:00-05:00,93.19551310024933,94.01165251904442,92.28610007333995,93.6929702758789,6538023,0.0,0.0,94.00232696533203
2021-02-02 00:00:00-05:00,92.77578864636197,94.05052387254293,92.71360417083844,92.83796691894531,6633627,0.0,0.0,93.52819061279297
2021-02-03 00:00:00-05:00,92.52705655257373,93.11778735723709,91.8119630003339,92.58924102783203,7024308,0.0,0.0,93.00741424560547
2021-02-04 00:00:00-05:00,93.20329117867743,94.12824883062261,92.39492399338882,94.06607055664062,4771957,0.0,0.0,93.1535430908203
2021-02-05 00:00:00-05:00,94.05051841626103,94.68011060728308,93.67742399064505,94.66456604003906,4775722,0.0,0.0,93.57016296386719
2021-02-08 00:00:00-05:00,95.30970267293765,96.36680147647914,95.13870002759863,96.07920837402344,6158848,0.0,0.0,94.04741058349609
2021-02-09 00:00:00-05:00,96.01619978496257,96.56756126638577,95.34668357782185,96.1737289428711,4933982,1.558317,0.0,94.71456298828124
2021-02-10 00:00:00-05:00,96.90625729032256,97.20557589982937,95.47271110854003,96.28400421142578,5090673,0.0,0.0,95.453515625
2021-02-11 00:00:00-05:00,96.09495429654469,96.26036587196678,95.01585984226814,95.23640441894531,5629154,0.0,0.0,95.68758239746094
2021-02-12 00:00:00-05:00,95.30731573846234,95.59086951817945,94.59053628701204,95.1497802734375,4049275,0.0,0.0,95.78462524414063
2021-02-16 00:00:00-05:00,94.6377911334451,94.99223646989279,94.01553804429557,94.57477569580078,6945231,0.0,0.0,95.48373870849609
2021-02-17 00:00:00-05:00,93.94464205914724,94.96072744283049,93.74772589729675,94.49600982666016,4141219,0.0,0.0,95.1481948852539
2021-02-18 00:00:00-05:00,94.91346979306917,95.26003896641724,94.28333430888262,95.0946273803711,5646413,0.0,0.0,94.91031951904297
2021-02-19 00:00:00-05:00,95.11038749305955,95.11826363672937,93.2436220125628,93.7240982055664,6881320,0.0,0.0,94.60785827636718
2021-02-22 00:00:00-05:00,93.33814598387704,95.40970385936777,93.29088911985245,95.19702911376953,6149643,0.0,0.0,94.6173080444336
2021-02-23 00:00:00-05:00,95.2442842625129,95.58297728372436,94.3620996357002,95.07887268066406,4739740,0.0,0.0,94.71812744140625
2021-02-24 00:00:00-05:00,95.14977216334479,97.26858690093613,94.92922755977195,97.04804229736328,6087720,0.0,0.0,95.22853393554688
2021-02-25 00:00:00-05:00,97.17406878836391,97.94598120180063,96.36277565417197,96.46517181396484,5953623,0.0,0.0,95.50264282226563
2021-02-26 00:00:00-05:00,96.291877209822,96.291877209822,93.63745338849613,93.67683410644531,9467346,0.0,0.0,95.49319000244141
2021-03-01 00:00:00-05:00,94.79528965406311,96.34699008915501,94.40933986647498,95.10247802734375,5977367,0.0,0.0,95.47427978515626
2021-03-02 00:00:00-05:00,95.1024969949648,96.01619244143421,94.72442327340289,94.77955627441406,4732418,0.0,0.0,95.41441650390625
2021-03-03 00:00:00-05:00,94.91347401463769,96.59119323703253,94.50388938890477,96.37852478027344,7744898,0.0,0.0,95.28051300048828
2021-03-04 00:00:00-05:00,96.09496428544554,97.0559166940648,93.54293653064954,94.60628509521484,8439651,0.0,0.0,94.90873565673829
2021-03-05 00:00:00-05:00,95.0237510627409,97.47338279563951,94.7165625780928,96.74873352050781,7268968,0.0,0.0,95.52311553955079
2021-03-08 00:00:00-05:00,96.87475006110196,99.91513007767222,96.78810619532815,98.30829620361328,7572203,0.0,0.0,96.16427917480469
2021-03-09 00:00:00-05:00,98.7730251846202,99.58431830698707,97.79632046583377,97.81207275390625,5867014,0.0,0.0,96.77078247070312
2021-03-10 00:00:00-05:00,98.49734074155334,101.00998782096035,98.15077154838615,100.71855163574219,7581199,0.0,0.0,97.63878784179687
2021-03-11 00:00:00-05:00,100.891840001653,101.32505935308824,99.86000227390852,100.14356231689453,5383657,0.0,0.0,98.74624328613281
2021-03-12 00:00:00-05:00,100.1829465090339,100.56890272376585,99.72610499547079,100.51376342773438,4194565,0.0,0.0,99.49924926757812
2021-03-15 00:00:00-04:00,100.63978851653776,101.41169461574847,100.45862463606974,101.27779388427734,3577948,0.0,0.0,100.09314880371093
2021-03-16 00:00:00-04:00,101.04149010717256,101.23053011861201,100.30108234806333,101.00997924804688,4867247,0.0,0.0,100.73273010253907
2021-03-17 00:00:00-04:00,101.1832686891686,101.99456175195776,100.41923248712656,101.63224029541016,4488804,0.0,0.0,100.91546783447265
2021-03-18 00:00:00-04:00,101.5613577621744,103.18394403223883,100.65554461140246,102.44354248046875,6104142,0.0,0.0,101.3754638671875
2021-03-19 00:00:00-04:00,102.41203995447076,102.7428631794039,101.23842523509366,101.52986145019531,10297870,0.0,0.0,101.57868347167968
2021-03-22 00:00:00-04:00,101.2147655438574,102.96338240306069,100.73429568625623,102.82947540283203,4356485,0.0,0.0,101.88901977539062
2021-03-23 00:00:00-04:00,102.74284604066374,103.62502439778123,102.23874142838424,102.75859832763672,4556794,0.0,0.0,102.23874359130859
2021-03-24 00:00:00-04:00,103.1445599020481,104.05824916677767,102.84524757640415,102.88462829589844,4189230,0.0,0.0,102.48922119140624
2021-03-25 00:00:00-04:00,102.65620435571945,104.94830673300889,102.2151088819681,104.81439971923828,5809484,0.0,0.0,102.96339263916016
2021-03-26 00:00:00-04:00,104.98769181767518,107.50033889342585,104.85379108416463,107.42157745361328,5823710,0.0,0.0,104.14173583984375
2021-03-29 00:00:00-04:00,107.10650713649483,107.96506340760743,106.73630950986467,107.01199340820312,4835344,0.0,0.0,104.97823944091797
2021-03-30 00:00:00-04:00,107.01198741623759,107.33492816063935,105.56267642364917,106.11404418945312,5010758,0.0,0.0,105.64932861328126
2021-03-31 00:00:00-04:00,105.97225316927344,106.10616645773862,104.53083099889157,104.96405029296875,5172575,0.0,0.0,106.06521301269531
2021-04-01 00:00:00-04:00,105.35789675170844,105.49179120069064,104.18427585714866,104.9404296875,4261404,0.0,0.0,106.09041900634766
2021-04-05 00:00:00-04:00,105.26337951712208,107.66574809226178,105.07433948308451,107.06712341308594,5722980,0.0,0.0,106.01952819824218
2021-04-06 00:00:00-04:00,106.79143325952941,106.83870269401791,105.6178186884551,105.72021484375,3787566,0.0,0.0,105.76117248535157
2021-04-07 00:00:00-04:00,105.42090709366619,106.28733952226114,105.37365022878632,106.27945709228516,3112896,0.0,0.0,105.79425506591797
2021-04-08 00:00:00-04:00,105.9958959682918,106.83081747647262,105.67295522322459,106.42911529541016,4275211,0.0,0.0,106.08726806640625
2021-04-09 00:00:00-04:00,106.23218545635291,106.91745390263321,106.1061671675288,106.90958404541016,3162999,0.0,0.0,106.48109893798828
2021-04-12 00:00:00-04:00,106.35034312356196,106.62602701179082,105.42877773404953,106.01165008544922,3926684,0.0,0.0,106.27000427246094
2021-04-13 00:00:00-04:00,104.7592665413762,105.24761887624655,102.69558490509559,103.32571411132812,8403041,0.0,0.0,105.79110412597656
2021-04-14 00:00:00-04:00,103.4280916667327,104.58596000366798,102.8058387160303,104.46781158447266,6137928,0.0,0.0,105.42877502441407
2021-04-15 00:00:00-04:00,104.97982702073976,105.4445509950109,104.14490538184813,104.42845916748047,4062664,0.0,0.0,105.02864379882813
2021-04-16 00:00:00-04:00,104.75928133967227,105.62571383500597,104.71989433007586,105.2239990234375,5535223,0.0,0.0,104.6915267944336
2021-04-19 00:00:00-04:00,105.23186404890296,105.40515178682529,104.42844708231843,104.85379028320312,8575736,0.0,0.0,104.45995483398437
2021-04-20 00:00:00-04:00,107.96505221631989,110.09173659902274,107.67361606014208,108.8236083984375,16192708,0.0,0.0,105.55953369140624
2021-04-21 00:00:00-04:00,108.74484149110536,113.21089784371024,108.46915760335294,113.0691146850586,12456814,0.0,0.0,107.27979431152343
2021-04-22 00:00:00-04:00,113.18725241614045,114.0064215723313,111.06056809589758,111.28111267089844,7428064,0.0,0.0,108.65032501220703
2021-04-23 00:00:00-04:00,111.30475204596009,113.11637835595526,111.02119828324746,112.18694305419922,4765576,0.0,0.0,110.04291381835938
2021-04-26 00:00:00-04:00,112.1790452796497,113.13212774111331,111.43865011153068,111.50952911376953,4927497,0.0,0.0,111.37406158447266
2021-04-27 00:00:00-04:00,111.60404523186986,112.28931362153561,110.86363755957053,111.85609436035156,4062664,0.0,0.0,111.98055877685547
2021-04-28 00:00:00-04:00,112.57288831156544,112.95096836061809,111.92700679929138,112.63591003417969,3941433,0.0,0.0,111.89391784667968
2021-04-29 00:00:00-04:00,113.52593549470872,117.15706966504709,112.62012255915305,113.61257934570312,4554179,0.0,0.0,112.36021118164062
2021-04-30 00:00:00-04:00,113.1872693827518,113.28966554262469,110.70612682750136,111.75372314453125,9280321,0.0,0.0,112.27356719970703
2021-05-03 00:00:00-04:00,113.27389738108921,114.801969706724,113.06910509004125,114.0143051147461,5997241,0.0,0.0,112.77452239990234
2021-05-04 00:00:00-04:00,113.7465280699528,115.46362819706964,113.68350634035411,114.80199432373047,6642623,0.0,0.0,113.36370239257812
2021-05-05 00:00:00-04:00,114.9516415923522,114.9516415923522,114.18761158986486,114.384521484375,5229895,0.0,0.0,113.71342468261719
2021-05-06 00:00:00-04:00,114.41601964985955,116.9759361366458,114.35301049861279,116.90504455566406,7848661,0.0,0.0,114.37191772460938
2021-05-07 00:00:00-04:00,116.22009778417429,116.39532172038588,115.14486808331928,115.85372161865234,7325661,1.567878,0.0,115.1919174194336
2021-05-10 00:00:00-04:00,116.12448939897949,118.17937858352553,116.12448939897949,116.41918182373047,7304636,0.0,0.0,115.67289276123047
2021-05-11 00:00:00-04:00,115.4793648936126,115.63866050531718,113.81475053993934,114.86608123779297,7454214,0.0,0.0,115.68571014404297
2021-05-12 00:00:00-04:00,114.56344841476566,114.8103433026737,112.41298911047919,112.5404281616211,6233742,0.0,0.0,115.31689147949218
2021-05-13 00:00:00-04:00,112.65988371044932,115.4076854421158,112.52448688480497,114.8262710571289,4807207,0.0,0.0,114.90113677978516
2021-05-14 00:00:00-04:00,115.57495263639417,116.03691125350872,114.659018616572,115.23247528076172,2873780,0.0,0.0,114.77688751220703
2021-05-17 00:00:00-04:00,115.04129122493474,116.12447837169063,114.95367928470024,115.57492065429688,4471755,0.0,0.0,114.60803527832032
2021-05-18 00:00:00-04:00,115.3121218214899,115.72629557952739,114.07760918638674,114.61920928955078,4000009,0.0,0.0,114.55866088867188
2021-05-19 00:00:00-04:00,113.35280548048097,114.05368837979226,112.23774890306208,114.04573059082031,4498532,0.0,0.0,114.85972137451172
2021-05-20 00:00:00-04:00,113.98998555330502,115.41566298445737,113.22537671228753,114.59529876708984,4301675,0.0,0.0,114.8135269165039
2021-05-21 00:00:00-04:00,114.91387193132803,116.04484401117689,114.91387193132803,115.28023529052734,4219041,0.0,0.0,114.82307891845703
2021-05-24 00:00:00-04:00,115.53514203689178,115.79796522679153,114.83424629815839,115.26433563232422,3449290,0.0,0.0,114.7609619140625
2021-05-25 00:00:00-04:00,115.42361863431081,115.48733179917305,114.0536966049055,114.52361297607422,4118311,0.0,0.0,114.7418426513672
2021-05-26 00:00:00-04:00,114.29261917981937,114.68288128984965,113.92624314486227,114.19703674316406,3225655,0.0,0.0,114.77210388183593
2021-05-27 00:00:00-04:00,114.54752349853516,115.30416190118702,114.39619836042982,114.54752349853516,5889294,0.0,0.0,114.762548828125
2021-05-28 00:00:00-04:00,114.85814947455748,114.95371923596164,114.2846927697553,114.48380279541016,2651192,0.0,0.0,114.60326232910157
2021-06-01 00:00:00-04:00,115.487328790644,116.148397351302,114.4917534110495,114.84220123291016,2528705,0.0,0.0,114.51883544921876
2021-06-02 00:00:00-04:00,115.18468413067487,116.0846898090449,114.77848091528149,116.060791015625,2915097,0.0,0.0,114.8262710571289
2021-06-03 00:00:00-04:00,115.4156765969531,116.18824331878297,114.7227513420707,115.92540740966797,4320608,0.0,0.0,115.17194519042968
2021-06-04 00:00:00-04:00,116.28380984987548,117.51833518209413,116.09265762238438,117.414794921875,3261323,0.0,0.0,115.74539947509766
2021-06-07 00:00:00-04:00,117.51831290805478,118.46610336333302,117.21564997517409,117.89264678955078,3621984,0.0,0.0,116.42716827392579
2021-06-08 00:00:00-04:00,117.97231216455252,119.62895617152735,117.97231216455252,118.72895050048828,5313785,0.0,0.0,117.2045181274414
2021-06-09 00:00:00-04:00,118.69707702514643,120.32186421800425,118.52981092062248,120.0032730102539,5547252,0.0,0.0,117.99301452636719
2021-06-10 00:00:00-04:00,120.64045212331754,121.73160993360531,119.27850066380624,119.89974212646484,4977391,0.0,0.0,118.78788146972656
2021-06-11 00:00:00-04:00,119.81213127140501,120.94311617416612,119.76434639971399,120.48912811279297,3596462,0.0,0.0,119.40274810791016
2021-06-14 00:00:00-04:00,120.03513280293376,120.28999814868553,118.40238777782737,119.49354553222656,3498661,0.0,0.0,119.72292785644531
2021-06-15 00:00:00-04:00,119.35019007547199,119.39797494902663,118.35460195973585,118.95991516113281,2628912,0.0,0.0,119.76912078857421
2021-06-16 00:00:00-04:00,119.27850847470253,119.27850847470253,117.25548833795037,117.7413330078125,4057329,0.0,0.0,119.31673278808594
2021-06-17 00:00:00-04:00,117.51832131029146,117.92451180068527,115.71033950901273,115.96521759033203,4568300,0.0,0.0,118.52982788085937
2021-06-18 00:00:00-04:00,115.07316996032279,115.2324655834353,113.92626944058497,113.98998260498047,9577699,0.0,0.0,117.22999877929688
2021-06-21 00:00:00-04:00,114.77848580541912,117.13602560399052,114.7386714308552,116.80150604248047,4482633,0.0,0.0,116.69159088134765
2021-06-22 00:00:00-04:00,116.69796008421864,116.92893937875098,115.7660978285393,116.5705337524414,2549102,0.0,0.0,116.21371459960938
2021-06-23 00:00:00-04:00,116.62628325941296,116.6820386388989,115.1448630807139,115.17671966552734,3349920,0.0,0.0,115.70079193115234
2021-06-24 00:00:00-04:00,116.1245134261139,116.43514691680426,115.24044868106309,115.8377914428711,3775746,0.0,0.0,115.67530670166016
2021-06-25 00:00:00-04:00,115.78996334936245,117.02447550039757,115.44748611293646,116.95280456542969,3759533,0.0,0.0,116.26787109375
2021-06-28 00:00:00-04:00,117.08822176225044,117.31918831853507,115.41564964985913,115.71829986572266,4067789,0.0,0.0,116.05122985839844
2021-06-29 00:00:00-04:00,115.69442808733197,116.87319807090783,115.56700174021606,115.92540740966797,2540211,0.0,0.0,115.92220458984374
2021-06-30 00:00:00-04:00,115.5909041780099,117.0245397707736,115.25639725737905,116.75374603271484,3394375,0.0,0.0,116.23760986328125
2021-07-01 00:00:00-04:00,117.0483742868005,117.47846345720993,116.73775362416477,116.95280456542969,2809661,0.0,0.0,116.46061248779297
2021-07-02 00:00:00-04:00,117.00856772724043,117.0404370187384,111.07491752309416,111.52093505859375,17584515,0.0,0.0,115.37423858642578
2021-07-06 00:00:00-04:00,111.49705168864953,111.83952903248452,109.19526732102389,110.53333282470703,8466010,0.0,0.0,114.33724517822266
2021-07-07 00:00:00-04:00,110.51739828856994,111.76785176014168,110.51739828856994,111.36164855957031,4246446,0.0,0.0,113.42449340820312
2021-07-08 00:00:00-04:00,109.73687387257164,112.54838917124603,109.64130411557498,112.09441375732422,5739820,0.0,0.0,112.492626953125
2021-07-09 00:00:00-04:00,112.65988946063136,113.08202096177256,112.17404479408168,112.71564483642578,4083689,0.0,0.0,111.64519500732422
2021-07-12 00:00:00-04:00,112.64396567721693,113.06608448312706,111.60059263521593,112.23776245117188,3496360,0.0,0.0,111.78856048583984
2021-07-13 00:00:00-04:00,112.23773509926194,112.23773509926194,111.21030331175622,111.7280044555664,3309858,0.0,0.0,112.02749481201172
2021-07-14 00:00:00-04:00,112.07847250264531,112.10235858306947,110.6527951180525,111.36164855957031,4606061,0.0,0.0,112.02749481201172
2021-07-15 00:00:00-04:00,110.9634053891096,111.87138145051205,110.54924443818848,111.86341094970703,3807126,0.0,0.0,111.98129425048828
2021-07-16 00:00:00-04:00,112.30146038421131,112.30146038421131,110.38198091196301,110.62887573242188,4298328,0.0,0.0,111.5639404296875
2021-07-19 00:00:00-04:00,108.67756138066648,110.3023487806324,108.48640917407496,109.84837341308594,8977086,0.0,0.0,111.08606262207032
2021-07-20 00:00:00-04:00,113.89442003297783,115.42362505966591,110.4696211248762,111.48112487792969,14237838,0.0,0.0,111.03668670654297
2021-07-21 00:00:00-04:00,111.481126801855,112.61211183338062,111.22626141169599,112.5404281616211,5024984,0.0,0.0,111.27244262695312
2021-07-22 00:00:00-04:00,112.82714923858688,112.94661778652703,111.83157376837755,112.07051086425781,3466653,0.0,0.0,111.31386260986328
2021-07-23 00:00:00-04:00,112.26962301800026,112.8589952000377,111.76785007903207,112.57227325439453,4680013,0.0,0.0,111.70254211425781
2021-07-26 00:00:00-04:00,112.61208901685569,113.89439892221556,112.40500854578502,113.7112045288086,4441630,0.0,0.0,112.47510833740235
2021-07-27 00:00:00-04:00,113.52004284552773,114.40412002390094,112.77933296962615,113.69526672363281,3281302,0.0,0.0,112.91793670654297
2021-07-28 00:00:00-04:00,113.90235132794982,113.97403498179779,112.81119365607651,112.91473388671875,2660815,0.0,0.0,112.9927978515625
2021-07-29 00:00:00-04:00,113.3607767324479,113.86254970945356,112.77936229564948,113.04219818115234,2793761,0.0,0.0,113.1871353149414
2021-07-30 00:00:00-04:00,112.7156633462691,112.97849926492724,112.13423612400238,112.26964569091797,3698238,0.0,0.0,113.1266098022461
2021-08-02 00:00:00-04:00,112.65990038232108,113.94221058928494,112.32538080724892,112.63600158691406,3064257,0.0,0.0,112.91156921386718
2021-08-03 00:00:00-04:00,113.01830758114424,115.24840845039665,112.8191975611643,114.74663543701172,4272596,0.0,0.0,113.12184295654296
2021-08-04 00:00:00-04:00,114.5315612720251,114.8342114585659,113.47226019488947,113.70323944091797,2960285,0.0,0.0,113.27954406738282
2021-08-05 00:00:00-04:00,113.91828499987926,114.22094791797144,113.2731447968813,113.7112045288086,2884240,0.0,0.0,113.41334533691406
2021-08-06 00:00:00-04:00,113.89440641639031,115.0014797897017,113.80679446424004,114.76254272460938,4002833,0.0,0.0,113.91192474365235
2021-08-09 00:00:00-04:00,114.56114098983923,114.80284176759038,113.57021537742156,113.79579162597656,5129689,1.567878,0.0,114.14388275146484
2021-08-10 00:00:00-04:00,113.76356469866656,114.2469405219802,113.06266203977627,113.90052032470703,5543695,0.0,0.0,113.9746597290039
2021-08-11 00:00:00-04:00,114.22279481721107,115.02036760470557,113.99721854540982,114.50476837158203,4455960,0.0,0.0,114.13496551513671
2021-08-12 00:00:00-04:00,114.60947681342135,115.32649108975608,114.46445893370931,115.26203155517578,2184780,0.0,0.0,114.44513092041015
2021-08-13 00:00:00-04:00,114.91561381219472,115.67291370633868,114.75448426005077,115.35065460205078,1997965,0.0,0.0,114.56275329589843
2021-08-16 00:00:00-04:00,115.39093870557564,115.80180555680592,114.58530381379767,115.68096160888672,2913319,0.0,0.0,114.93978729248047
2021-08-17 00:00:00-04:00,115.2056574511285,115.33455081487236,113.66689648286594,114.7383804321289,3215195,0.0,0.0,115.10735931396485
2021-08-18 00:00:00-04:00,114.13415475745288,114.33555705715429,112.29730869254536,112.36175537109375,3672192,0.0,0.0,114.67875671386719
2021-08-19 00:00:00-04:00,111.73336900062779,112.34565106238055,110.54102821850775,111.19359588623047,4351465,0.0,0.0,113.86506958007813
2021-08-20 00:00:00-04:00,110.96802659292486,112.28926082339456,110.58938302019983,112.07174682617188,2780059,0.0,0.0,113.20928802490235
2021-08-23 00:00:00-04:00,112.48259735107422,112.90958873516166,111.82198033210602,112.48259735107422,3179422,0.0,0.0,112.56961517333984
2021-08-24 00:00:00-04:00,112.61154656527597,112.97407855190286,112.24095231165558,112.65988159179688,2474418,0.0,0.0,112.15391540527344
2021-08-25 00:00:00-04:00,112.72429173691991,113.43325666322681,112.35371046196045,112.67595672607422,2105389,0.0,0.0,112.21675567626953
2021-08-26 00:00:00-04:00,112.76457995265756,113.43325928950345,111.74948040901656,111.80587768554688,2613640,0.0,0.0,112.3392120361328
2021-08-27 00:00:00-04:00,111.74948372106763,112.45844868480135,111.4997463892765,112.31343078613281,2572637,0.0,0.0,112.387548828125
2021-08-30 00:00:00-04:00,112.38592233432672,112.69205689691971,111.8380870252174,111.95893096923828,2087293,0.0,0.0,112.2828155517578
2021-08-31 00:00:00-04:00,112.41814725786027,113.54602837079472,111.94282088015137,113.06265258789062,4429915,0.0,0.0,112.36336975097656
2021-09-01 00:00:00-04:00,112.77263545470772,112.8451443975449,112.13617949733734,112.22480010986328,2588327,0.0,0.0,112.27313842773438
2021-09-02 00:00:00-04:00,112.56318828900768,112.82903730920201,112.00729059415686,112.79681396484375,2840413,0.0,0.0,112.47132568359375
2021-09-03 00:00:00-04:00,112.530941991513,113.16738505896566,112.2247945656002,112.45037078857422,2009575,0.0,0.0,112.49871368408203
2021-09-07 00:00:00-04:00,112.50677616873504,112.61955785911428,110.98412691004758,111.22581481933594,3436110,0.0,0.0,112.35209045410156
2021-09-08 00:00:00-04:00,111.29028603011324,112.05564838952814,110.85524512580753,111.71727752685547,3122728,0.0,0.0,112.08301544189453
2021-09-09 00:00:00-04:00,111.05665346550303,111.95090915845842,110.82301492495434,110.96803283691406,3669682,0.0,0.0,111.83166198730468
2021-09-10 00:00:00-04:00,111.83811819093059,112.28122134813555,110.37186592697003,110.38797760009766,4157955,0.0,0.0,111.34989471435547
2021-09-13 00:00:00-04:00,111.49974739303906,111.97506098343992,110.78272015804588,111.29833221435547,4334729,0.0,0.0,111.11948699951172
2021-09-14 00:00:00-04:00,111.49974178672035,111.63669741493105,109.03448904502356,109.74345397949219,4659198,0.0,0.0,110.82301483154296
2021-09-15 00:00:00-04:00,109.74345097795243,111.0163500609168,109.30034790602863,110.53297424316406,3403579,0.0,0.0,110.58615417480469
2021-09-16 00:00:00-04:00,110.59742682053718,111.137199941403,109.33257707590413,109.91263580322266,2765624,0.0,0.0,110.37507476806641
2021-09-17 00:00:00-04:00,109.36480620810468,109.50176183102113,108.80085918811884,108.94587707519531,5890340,0.0,0.0,110.08665466308594
2021-09-20 00:00:00-04:00,107.87439571795932,108.90560702768892,106.97208421463624,108.20470428466797,4990152,0.0,0.0,109.46792907714844
2021-09-21 00:00:00-04:00,108.84921082160564,109.284251690801,107.10098507943283,107.12515258789062,4261927,0.0,0.0,108.94426879882812
2021-09-22 00:00:00-04:00,107.72937545459627,109.05867195767665,107.52796669869807,108.4625015258789,3767901,0.0,0.0,108.5301742553711
2021-09-23 00:00:00-04:00,108.96200696175994,110.71023272921127,108.78476570536243,110.15433502197266,3151807,0.0,0.0,108.5785140991211
2021-09-24 00:00:00-04:00,110.396020287807,111.56418710402174,110.1704440455468,110.7666015625,3100762,0.0,0.0,108.94265899658203
2021-09-27 00:00:00-04:00,111.14527096894857,112.03952663675959,110.75856512024774,111.62864685058594,3459017,0.0,0.0,109.62744750976563
2021-09-28 00:00:00-04:00,112.12007796737791,112.5390071341232,110.54103132727188,110.75049591064453,4513072,0.0,0.0,110.3525161743164
2021-09-29 00:00:00-04:00,110.95995599039426,112.73235547078924,109.9206953805236,112.12813568115234,3947499,0.0,0.0,111.0856430053711
2021-09-30 00:00:00-04:00,112.78875189346542,113.24795378672502,111.5802994648579,111.92671966552734,6090230,0.0,0.0,111.44011993408203
2021-10-01 00:00:00-04:00,113.59440824704008,115.98713962025232,113.08685838857213,115.4634780883789,6907889,0.0,0.0,112.3794952392578
2021-10-04 00:00:00-04:00,114.99617159476878,117.62254084886011,114.6819747559436,116.09989166259766,7689251,0.0,0.0,113.27374420166015
2021-10-05 00:00:00-04:00,116.61551842549905,116.81692074634357,114.91562780329103,115.32650756835938,7297524,0.0,0.0,114.18894653320312
2021-10-06 00:00:00-04:00,114.78673351458932,115.50374796796136,113.50578478910475,114.6900634765625,5573506,0.0,0.0,114.70133209228516
2021-10-07 00:00:00-04:00,114.98815191371344,115.5279251205742,114.02138721416064,114.24696350097656,3999695,0.0,0.0,115.165380859375
2021-10-08 00:00:00-04:00,114.2469528294009,115.72932951640885,113.6346707199559,115.38289642333984,3902940,0.0,0.0,115.14926452636719
2021-10-11 00:00:00-04:00,115.60847695039432,116.07574111908475,114.72227076678594,114.74644470214844,2921792,0.0,0.0,114.87857513427734
2021-10-12 00:00:00-04:00,114.56920189069011,114.64171083730474,113.030440916683,113.16739654541016,3293436,0.0,0.0,114.4467529296875
2021-10-13 00:00:00-04:00,113.20768621178584,113.92470058067362,112.51483292031888,113.40103912353516,3013003,0.0,0.0,114.18894805908204
2021-10-14 00:00:00-04:00,113.62661579649377,115.94683788756485,113.60244186050726,115.51985931396484,4410668,0.0,0.0,114.44352722167969
2021-10-15 00:00:00-04:00,115.51985274533972,116.6960689659211,115.03646406243185,116.50271606445312,3371049,0.0,0.0,114.66749114990235
2021-10-18 00:00:00-04:00,116.01128683988337,116.76858683336995,114.20667676626283,114.65782928466797,6437189,0.0,0.0,114.64976806640625
2021-10-19 00:00:00-04:00,113.65884210691954,115.15731757377625,113.20768958555159,114.38391876220703,4539117,0.0,0.0,114.89307250976563
2021-10-20 00:00:00-04:00,114.1422243813284,114.56115358304966,113.35270099535889,114.31946563720703,6474008,0.0,0.0,115.0767578125
2021-10-21 00:00:00-04:00,107.56019521144866,107.729374192539,103.20171158505845,103.38700866699219,32913959,0.0,0.0,112.65018768310547
2021-10-22 00:00:00-04:00,103.16142953156435,104.93382265577581,102.0013184867108,103.02446746826172,12114981,0.0,0.0,109.95453796386718
2021-10-25 00:00:00-04:00,102.74250272941465,103.64481419806435,102.26717627318031,102.83112335205078,6667204,0.0,0.0,107.58919677734374
2021-10-26 00:00:00-04:00,102.7344468212323,103.36284058576722,102.12216472821287,102.42024993896484,8912861,0.0,0.0,105.19646301269532
2021-10-27 00:00:00-04:00,102.66998443092318,103.0244604599567,100.7122943631142,100.84119415283203,7294176,0.0,0.0,102.50080871582031
2021-10-28 00:00:00-04:00,100.84118551019121,101.75960848803791,100.39808890456565,101.3809585571289,6802138,0.0,0.0,102.09959869384765
2021-10-29 00:00:00-04:00,101.05065306804742,101.76766735026355,100.6317239529762,100.78479766845703,6188973,0.0,0.0,101.65166473388672
2021-11-01 00:00:00-04:00,100.74451117834533,101.75961061875911,99.76969733971025,101.73544311523438,6177153,0.0,0.0,101.43252868652344
2021-11-02 00:00:00-04:00,101.75157606071966,102.45247881415965,100.63174410830199,101.65489959716797,4722062,0.0,0.0,101.27945861816406
2021-11-03 00:00:00-04:00,101.69517971609851,102.54914974032724,101.25207660323022,102.42024993896484,5670784,0.0,0.0,101.59526977539062
2021-11-04 00:00:00-04:00,103.69337546550695,103.93775077599595,101.03889124901741,101.83944702148438,7208700,0.0,1.046,101.68696746826171
2021-11-05 00:00:00-04:00,102.32822717872953,104.30012601970203,102.32822717872953,104.16529846191406,6790500,0.0,0.0,102.36306762695312
2021-11-08 00:00:00-05:00,104.48551372946604,105.15124203761808,104.09787568216953,104.9489974975586,5625300,0.0,0.0,103.00577850341797
2021-11-09 00:00:00-05:00,104.65864328950133,104.94898560867524,102.69458972168428,103.19841003417969,7236600,1.64,0.0,103.31448059082031
2021-11-10 00:00:00-05:00,103.32651688633383,104.54764871013721,102.4128033199237,102.66044616699219,6270300,0.0,0.0,103.36251983642578
2021-11-11 00:00:00-05:00,103.24112547246824,104.00112991827007,102.54089643762732,102.70314025878906,4643300,0.0,0.0,103.53525848388672
2021-11-12 00:00:00-05:00,102.47256134027478,103.01908114622051,101.43075592424385,101.58446502685547,5418300,0.0,0.0,103.019091796875
2021-11-15 00:00:00-05:00,102.07977405907825,102.6092180928944,101.02942719772584,101.50763702392578,5046300,0.0,0.0,102.33081970214843
2021-11-16 00:00:00-05:00,101.55032726226885,102.38718954907569,101.12335817033362,101.15751647949219,4750800,0.0,0.0,101.92264099121094
2021-11-17 00:00:00-05:00,101.08920081775668,101.90044600912901,100.57683920559231,100.8159408569336,4043300,0.0,0.0,101.55373992919922
2021-11-18 00:00:00-05:00,101.07213001555407,101.07213001555407,99.32155402779568,99.62043762207031,5046900,0.0,0.0,100.93719940185547
2021-11-19 00:00:00-05:00,99.47524615115859,99.53502155678,98.43344064030191,99.09951782226562,5380200,0.0,0.0,100.4402099609375
2021-11-22 00:00:00-05:00,99.05682369319027,101.45638776853437,98.36513588841841,99.45817565917969,6416200,0.0,0.0,100.03031768798829
2021-11-23 00:00:00-05:00,99.73145294189453,100.71348327122259,99.09099922907608,99.73145294189453,4912800,0.0,0.0,99.74510498046875
2021-11-24 00:00:00-05:00,99.19346939052771,100.14133484601217,99.12515276751009,99.68021392822266,3220800,0.0,0.0,99.51795959472656
2021-11-26 00:00:00-05:00,98.20289677200384,99.34717087674068,97.82716186476168,98.89458465576172,3322000,0.0,0.0,99.37278900146484
2021-11-29 00:00:00-05:00,101.29414056763466,102.13953746910471,100.36334464346542,101.19166564941406,8949800,0.0,0.0,99.79121856689453
2021-11-30 00:00:00-05:00,100.33773899925667,101.82358965044111,99.44110127878264,99.99616241455078,9252700,0.0,0.0,99.89881591796875
2021-12-01 00:00:00-05:00,100.97819237506866,101.55887061296418,99.78267758939771,99.84245300292969,5958300,0.0,0.0,99.92101593017578
2021-12-02 00:00:00-05:00,100.22673042054517,100.74763325175732,99.53503603768796,99.82537841796875,5267100,0.0,0.0,99.950048828125
2021-12-03 00:00:00-05:00,100.21817749902226,101.92605372563814,100.21817749902226,101.48200225830078,6630100,0.0,0.0,100.46753234863282
2021-12-06 00:00:00-05:00,101.96021877414739,103.45461057125374,101.96021877414739,102.3957290649414,4785600,0.0,0.0,100.70834503173828
2021-12-07 00:00:00-05:00,102.8824771448617,104.24877696108845,102.53235935584314,103.82180786132812,5194000,0.0,0.0,101.47347412109374
2021-12-08 00:00:00-05:00,104.18046141899673,105.35889380111175,103.7705682123737,105.05147552490234,5483900,0.0,0.0,102.51527862548828
2021-12-09 00:00:00-05:00,104.30852777037403,105.84561225792802,104.00110956985725,105.5211181640625,4601100,0.0,0.0,103.65442657470703
2021-12-10 00:00:00-05:00,106.14453511083747,107.02409053247067,105.3418310103028,105.96520233154297,4966900,0.0,0.0,104.55106658935547
2021-12-13 00:00:00-05:00,105.68339811342778,106.19575975300008,103.14720050525848,104.67575073242188,6847500,0.0,0.0,105.00707092285157
2021-12-14 00:00:00-05:00,104.47931674712642,106.76787092987192,104.43662375461196,105.6833724975586,5716100,0.0,0.0,105.37938385009765
2021-12-15 00:00:00-05:00,105.71753048140633,106.58854440342718,104.3341485305178,105.12831115722656,4990000,0.0,0.0,105.3947509765625
2021-12-16 00:00:00-05:00,105.4699091040131,108.14273332961456,105.44429200037008,107.53643798828125,7280500,0.0,0.0,105.79781494140624
2021-12-17 00:00:00-05:00,107.48519325124478,109.850598971341,106.92159096618579,108.79171752929688,10379000,0.0,0.0,106.36311798095703
2021-12-20 00:00:00-05:00,107.35711445798647,108.62093937984446,106.48609382194633,108.50138854980469,4941400,0.0,0.0,107.1282455444336
2021-12-21 00:00:00-05:00,109.01376631464477,110.44837640170597,109.01376631464477,110.1324234008789,4856000,0.0,0.0,108.01805572509765
2021-12-22 00:00:00-05:00,110.20925016396522,110.83262133455938,108.9625013077462,110.79846954345703,3923200,0.0,0.0,109.15208740234375
2021-12-23 00:00:00-05:00,111.01195682544311,111.83174316291971,110.60207017173569,111.54994201660156,3649000,0.0,0.0,109.95478820800781
2021-12-27 00:00:00-05:00,111.5499343561936,112.42094180674991,110.9692496924285,112.39532470703125,4293900,0.0,0.0,110.67550964355469
2021-12-28 00:00:00-05:00,112.37828002438256,113.76165583345531,112.36973230255722,113.2578353881836,3445200,0.0,0.0,111.62679901123047
2021-12-29 00:00:00-05:00,113.06140610746728,114.60704510776691,112.97602011030857,113.8726577758789,4239900,0.0,0.0,112.37484588623047
2021-12-30 00:00:00-05:00,114.21421974444635,114.74365719158607,113.85556730960384,114.3508529663086,3158100,0.0,0.0,113.08532257080078
2021-12-31 00:00:00-05:00,114.42771836701051,115.27312187263418,114.09468299147322,114.13738250732422,3362100,0.0,0.0,113.60281066894531
2022-01-03 00:00:00-05:00,114.48749262229825,116.38322330441576,114.11175775609159,116.16973876953125,4605900,0.0,0.0,114.35769348144531
2022-01-04 00:00:00-05:00,116.22099772646294,119.50865207727573,116.05019965727723,117.86055755615234,7300000,0.0,0.0,115.27823791503906
2022-01-05 00:00:00-05:00,118.10817759642698,121.42999631432518,117.74099046452916,118.03132629394531,8956900,0.0,0.0,116.10997161865234
2022-01-06 00:00:00-05:00,118.01424690935703,118.19357964980729,113.15533686693172,115.57198333740234,9908100,0.0,0.0,116.3541976928711
2022-01-07 00:00:00-05:00,115.19623586688076,115.84523711360617,114.00926251781128,115.13646697998047,5238100,0.0,0.0,116.55401458740235
2022-01-10 00:00:00-05:00,114.82908575405439,116.3063953840713,113.89829612202472,115.30728912353516,5432800,0.0,0.0,116.38152465820312
2022-01-11 00:00:00-05:00,111.45601403592437,113.7872616007914,109.27846908783295,113.46276092529297,11105300,0.0,0.0,115.50196533203125
2022-01-12 00:00:00-05:00,113.78725510722272,114.82906066167878,112.18184726329469,114.07759094238281,5352000,0.0,0.0,114.71121826171876
2022-01-13 00:00:00-05:00,114.3423109864215,116.17828579345532,114.05197514793454,115.07669830322266,4868300,0.0,0.0,114.6121612548828
2022-01-14 00:00:00-05:00,114.89739153525639,115.40121196410402,113.82996874698767,114.6070556640625,5310300,0.0,0.0,114.50627899169922
2022-01-18 00:00:00-05:00,113.53107955190204,114.33378353387972,112.53197343499238,113.52254486083984,5246700,0.0,0.0,114.14933013916016
2022-01-19 00:00:00-05:00,113.48837474712502,114.34231289580185,112.2928665510023,112.3611831665039,4103700,0.0,0.0,113.92901458740235
2022-01-20 00:00:00-05:00,112.08793350536936,113.47132237402434,111.49872703971829,111.71221160888672,5278200,0.0,0.0,113.45593872070313
2022-01-21 00:00:00-05:00,112.42094881142349,112.6088162411065,110.38858493676626,110.45690155029297,5907000,0.0,0.0,112.53197937011718
2022-01-24 00:00:00-05:00,109.29554907762561,110.28611400800698,106.05058780634157,110.00432586669922,13484000,0.0,0.0,111.61143341064454
2022-01-25 00:00:00-05:00,110.27757025838596,117.27986036100472,109.56026535203371,116.22098541259766,19715700,0.0,0.0,112.1511215209961
2022-01-26 00:00:00-05:00,116.53692808400103,117.04929613199629,113.68477809097723,114.64971923828125,8336000,0.0,0.0,112.60882873535157
2022-01-27 00:00:00-05:00,114.1373836864914,115.06817320337034,112.78815975805026,113.16389465332031,5497300,0.0,0.0,112.89916534423828
2022-01-28 00:00:00-05:00,113.7360335687404,114.88030765594424,112.54051224310055,114.85469055175781,5471500,0.0,0.0,113.77872314453126
2022-01-31 00:00:00-05:00,114.50457775761393,114.50457775761393,112.97603401076259,114.06053924560547,5859000,0.0,0.0,114.5899658203125
2022-02-01 00:00:00-05:00,114.22276348073714,116.10143785497706,113.14680609099612,115.73423767089844,6206400,0.0,0.0,114.49261627197265
2022-02-02 00:00:00-05:00,115.87941891300443,117.46774459283168,115.50368399497118,117.2030258178711,5357200,0.0,0.0,115.00327758789062
2022-02-03 00:00:00-05:00,116.98951559047794,118.49244190286215,115.99040961218115,117.65558624267578,6100800,0.0,0.0,115.90161590576172
2022-02-04 00:00:00-05:00,117.7239089108333,118.54369523345575,116.323450925152,117.11760711669922,4142000,0.0,0.0,116.35419921875
2022-02-07 00:00:00-05:00,117.37381589968211,117.68978192889344,116.36617496723251,117.19449615478516,3759000,0.0,0.0,116.98099060058594
2022-02-08 00:00:00-05:00,117.18593440849564,117.43358378094474,115.94772663643835,117.0066146850586,4181800,0.0,0.0,117.23546600341797
2022-02-09 00:00:00-05:00,117.70684594210263,118.14236279139384,116.8443729953747,117.66414642333984,5393500,0.0,0.0,117.32769012451172
2022-02-10 00:00:00-05:00,117.07647014477207,118.01847149238452,115.0887515635689,115.3912353515625,5978600,1.64,0.0,116.87481994628907
2022-02-11 00:00:00-05:00,115.71963135120825,116.41966412857907,114.40601987743943,114.6739273071289,4176200,0.0,0.0,116.386083984375
2022-02-14 00:00:00-05:00,114.58749196731021,114.63934331321342,111.54543205351958,112.4787826538086,5345300,0.0,0.0,115.44294128417968
2022-02-15 00:00:00-05:00,112.90225658956886,113.80104401601538,112.0121066583807,112.29730224609375,4394000,0.0,0.0,114.50107879638672
2022-02-16 00:00:00-05:00,111.87383192201958,112.72941871811967,110.8454029049845,111.64048767089844,4875600,0.0,0.0,113.29634704589844
2022-02-17 00:00:00-05:00,110.66392580609832,111.0528241091551,107.89840405116617,108.00211334228516,6797000,0.0,0.0,111.81852264404297
2022-02-18 00:00:00-05:00,107.97618144898196,108.40829358016116,106.82676159760338,107.4662857055664,4609200,0.0,0.0,110.37699432373047
2022-02-22 00:00:00-05:00,107.33664725797598,108.02802928278889,106.02302932304063,107.09466552734375,5349700,0.0,0.0,109.3001708984375
2022-02-23 00:00:00-05:00,107.49222875642906,107.7687803013527,105.32303025454715,105.4958724975586,4086400,0.0,0.0,107.93988494873047
2022-02-24 00:00:00-05:00,103.70689363984854,105.52176295984455,102.67846483466455,105.40941619873047,6563200,0.0,0.0,106.69367065429688
2022-02-25 00:00:00-05:00,105.47859369196622,107.38852887969296,104.96005376224097,107.31938934326172,4460900,0.0,0.0,106.55712585449218
2022-02-28 00:00:00-05:00,105.61684398121156,106.63662885203371,104.60570319900448,105.87611389160156,6757300,0.0,0.0,106.23909149169921
2022-03-01 00:00:00-05:00,106.0143794844123,106.63662195429264,104.31185678029729,104.87360382080078,4873300,0.0,0.0,105.79487915039063
2022-03-02 00:00:00-05:00,105.9452552231074,107.71691769977477,105.2625238190441,107.0428237915039,4891400,0.0,0.0,106.1042694091797
2022-03-03 00:00:00-05:00,107.99346561172581,109.47128834442482,107.37122307300876,108.8317642211914,5206600,0.0,0.0,106.78873901367187
2022-03-04 00:00:00-05:00,107.50951378521769,110.05897305919862,107.34530904371421,109.42809295654297,4402400,0.0,0.0,107.21047973632812
2022-03-07 00:00:00-05:00,109.29843452548482,110.54291947084286,108.56384528160271,108.95274353027344,5047400,0.0,0.0,107.8258056640625
2022-03-08 00:00:00-05:00,109.42808032776618,110.92319122812465,107.87247399175783,108.61570739746094,4887600,0.0,0.0,108.57422637939453
2022-03-09 00:00:00-05:00,110.1108111348022,110.70712795706466,108.81447480362822,109.08238220214844,4403500,0.0,0.0,108.98213806152344
2022-03-10 00:00:00-05:00,108.67620099156974,108.91818273006885,106.4119310505279,107.4662857055664,5326800,0.0,0.0,108.70904235839843
2022-03-11 00:00:00-05:00,108.02804368745456,109.55771788492515,107.08604231138405,107.1292495727539,4119600,0.0,0.0,108.24927368164063
2022-03-14 00:00:00-04:00,107.55271100841557,108.16631606091188,106.03168099465952,107.1119613647461,3289200,0.0,0.0,107.88111724853516
2022-03-15 00:00:00-04:00,107.16380378149327,108.84040088606163,106.48970994169993,108.58113098144531,4021200,0.0,0.0,107.87420196533203
2022-03-16 00:00:00-04:00,109.3243718676408,109.99846575383968,107.77740960888565,109.79105377197266,4292800,0.0,0.0,108.01593627929688
2022-03-17 00:00:00-04:00,109.84289489273411,110.87131721081397,109.35028736071895,110.58612823486328,3671900,0.0,0.0,108.63990478515625
2022-03-18 00:00:00-04:00,110.08489203245473,111.42443577873223,109.21203021242181,111.27751922607422,7466000,0.0,0.0,109.46955871582031
2022-03-21 00:00:00-04:00,111.48495002240576,112.12448083962825,110.10219227106222,110.7071533203125,3384600,0.0,0.0,110.1885971069336
2022-03-22 00:00:00-04:00,111.05281783351202,111.74419988155182,110.49107074366816,111.53678131103516,2690200,0.0,0.0,110.77972717285157
2022-03-23 00:00:00-04:00,111.55406055224874,111.76147910614944,110.8367528887337,110.87996673583984,2924500,0.0,0.0,110.997509765625
2022-03-24 00:00:00-04:00,110.90591158533678,111.80469910030179,110.44787373823678,111.70099639892578,2971100,0.0,0.0,111.2204833984375
2022-03-25 00:00:00-04:00,111.9170564037307,113.5590774390943,111.75285166279085,113.51587677001953,3530200,0.0,0.0,111.66815490722657
2022-03-28 00:00:00-04:00,113.05781976864358,113.6454859135624,112.0034651561573,113.61956024169922,2483500,0.0,0.0,112.25063629150391
2022-03-29 00:00:00-04:00,114.11217135417031,114.80355343511468,112.72076969656321,114.0257568359375,5791000,0.0,0.0,112.74843139648438
2022-03-30 00:00:00-04:00,114.0862407857861,115.01096708162012,113.55042595987304,114.18995666503906,2622900,0.0,0.0,113.41042938232422
2022-03-31 00:00:00-04:00,112.97139415231341,113.97389743954204,112.3491516421036,112.36643981933594,4274000,0.0,0.0,113.54351806640625
2022-04-01 00:00:00-04:00,112.05532120425534,112.58249853263074,110.67255710742995,112.4787826538086,4012400,0.0,0.0,113.33609924316406
2022-04-04 00:00:00-04:00,112.5738307032673,112.73803539829323,111.42441102509952,112.58248138427734,2809800,0.0,0.0,113.1286834716797
2022-04-05 00:00:00-04:00,112.21951544920634,113.41213585470241,111.19108656140541,111.38985443115234,3107200,0.0,0.0,112.60150299072265
2022-04-06 00:00:00-04:00,110.43056659699549,111.92567076218252,109.97252882854505,111.82196807861328,3958100,0.0,0.0,112.1279052734375
2022-04-07 00:00:00-04:00,111.37257609473885,111.7009855331727,109.52314330051657,111.09603118896484,3538300,0.0,0.0,111.87382354736329
2022-04-08 00:00:00-04:00,110.62935003814638,111.29480645439831,109.9898258899435,110.38737487792969,3143300,0.0,0.0,111.4555419921875
2022-04-11 00:00:00-04:00,110.57750562787437,110.77627354083201,109.04783139240591,109.2120361328125,3202500,0.0,0.0,110.78145294189453
2022-04-12 00:00:00-04:00,109.25522365335148,110.05030834853135,108.52927847779792,108.87496948242188,2691000,0.0,0.0,110.27847595214844
2022-04-13 00:00:00-04:00,108.58114770910336,109.4712977420414,107.95026762072393,109.01325988769531,3064900,0.0,0.0,109.71673431396485
2022-04-14 00:00:00-04:00,111.42443576049807,112.85041380726898,109.22066769046346,109.37622833251953,6384200,0.0,0.0,109.37277374267578
2022-04-18 00:00:00-04:00,109.41079364886092,110.0935316282681,108.48607392353891,109.03917694091797,4884200,0.0,0.0,109.10313415527344
2022-04-19 00:00:00-04:00,108.96140124647684,111.8306190631227,108.89226172008563,111.61456298828125,7971400,0.0,0.0,109.5836395263672
2022-04-20 00:00:00-04:00,116.67028904769364,120.61115003449298,115.27024979896684,119.53952026367188,17859200,0.0,0.0,111.71654968261718
2022-04-21 00:00:00-04:00,119.46171833146258,122.61614486037598,118.70120993351033,120.86177062988281,9922300,0.0,0.0,114.08625183105468
2022-04-22 00:00:00-04:00,120.73214186426709,121.37167264546046,118.70122250676437,119.47901916503906,6508600,0.0,0.0,116.1068099975586
2022-04-25 00:00:00-04:00,118.90862817609676,120.68892827245656,116.83449495814732,120.21361541748047,5748300,0.0,0.0,118.3416976928711
2022-04-26 00:00:00-04:00,120.12718350029601,120.8790544577546,117.68142703076163,117.69871520996094,4956200,0.0,0.0,119.55852813720703
2022-04-27 00:00:00-04:00,117.34435702180323,118.50241424742549,116.35050449878692,116.72211456298828,4369100,0.0,0.0,118.99504699707032
2022-04-28 00:00:00-04:00,118.26908859640164,118.39007945850835,116.5060638205439,117.30979919433594,4474300,0.0,0.0,118.28465270996094
2022-04-29 00:00:00-04:00,116.78262747342583,117.14560007707516,114.0776013429488,114.25909423828125,5078700,0.0,0.0,117.24066772460938
2022-05-02 00:00:00-04:00,114.94183148373266,115.60728788468724,113.11831768985594,114.97639465332031,4213500,0.0,0.0,116.19322357177734
2022-05-03 00:00:00-04:00,114.94183202874069,115.460371884128,114.0689702320889,114.52700805664062,3688600,0.0,0.0,115.55888214111329
2022-05-04 00:00:00-04:00,114.8294654461477,119.15058645412513,114.19858547134713,118.74440002441406,5932600,0.0,0.0,115.96333923339844
2022-05-05 00:00:00-04:00,117.93202040590783,118.6233891006397,116.46282896207121,117.46533203125,5957400,0.0,0.0,115.99444580078125
2022-05-06 00:00:00-04:00,117.07646194465718,119.25431077942974,117.07646194465718,118.97775268554688,7306400,0.0,0.0,116.93817749023438
2022-05-09 00:00:00-04:00,117.56949347301747,119.26642895518536,116.61606505369089,117.59573364257812,7647900,1.65,0.0,117.46204528808593
2022-05-10 00:00:00-04:00,118.08554965670385,118.44418304782567,112.33871316685985,112.95101928710938,8642400,0.0,0.0,117.14684753417968
2022-05-11 00:00:00-04:00,113.58953744859522,116.3011365378539,113.58953744859522,114.36802673339844,5301100,0.0,0.0,116.27157287597656
2022-05-12 00:00:00-04:00,114.82290017406113,116.8784555590822,114.07065090904953,116.24866485595703,5384800,0.0,0.0,116.02823944091797
2022-05-13 00:00:00-04:00,116.33615470538317,117.03592371887247,114.63047691105439,116.8609848022461,4195100,0.0,0.0,115.60488586425781
2022-05-16 00:00:00-04:00,116.42362138593612,119.40636504178416,115.82007082763505,118.11180114746094,4250400,0.0,0.0,115.70809936523438
2022-05-17 00:00:00-04:00,120.00116117385487,121.03330993652344,118.6453614601447,121.03330993652344,4372900,0.0,0.0,117.32455749511719
2022-05-18 00:00:00-04:00,119.92245652765652,120.37729501861793,115.61013970858856,116.2836685180664,6003000,0.0,0.0,117.70768585205079
2022-05-19 00:00:00-04:00,115.46144031384667,115.74135324237149,112.58365725748469,113.41462707519531,5819700,0.0,0.0,117.14087829589843
2022-05-20 00:00:00-04:00,113.86945450259851,114.03565111939335,110.0382434311957,112.38245391845703,6914500,0.0,0.0,116.24517211914062
2022-05-23 00:00:00-04:00,113.2746673387343,115.4176989162868,113.20468910862458,114.73542785644531,3591500,0.0,0.0,115.5698974609375
2022-05-24 00:00:00-04:00,114.2106015312427,117.53448042610005,114.07938735572051,117.03590393066406,4189700,0.0,0.0,114.77041625976562
2022-05-25 00:00:00-04:00,116.21366967487151,117.92810270030795,116.21366967487151,117.55197143554688,3299300,0.0,0.0,115.02407684326172
2022-05-26 00:00:00-04:00,118.08554948416733,120.31605697715344,117.66569348982286,119.7387466430664,3929300,0.0,0.0,116.28890075683594
2022-05-27 00:00:00-04:00,120.17610926442794,122.23167802141742,120.04490842759132,121.82056427001953,4608000,0.0,0.0,118.17652282714843
2022-05-31 00:00:00-04:00,120.88461503330518,122.31039301530464,119.66877172777234,121.44442749023438,7978100,0.0,0.0,119.51832275390625
2022-06-01 00:00:00-04:00,122.17042965971909,122.87019852807774,121.16452108750298,121.96049499511719,3796500,0.0,0.0,120.50324096679688
2022-06-02 00:00:00-04:00,121.97798590583692,122.71273716941856,119.70375389756322,122.59027862548828,3734800,0.0,0.0,121.51090240478516
2022-06-03 00:00:00-04:00,122.68650429675286,124.71583268473728,122.23166587625792,123.4912338256836,4352200,0.0,0.0,122.26139984130859
2022-06-06 00:00:00-04:00,125.06574190264128,126.596480851233,124.20853182858555,124.97827911376953,4766900,0.0,0.0,122.8929428100586
2022-06-07 00:00:00-04:00,124.73332897196158,125.06570883697253,123.29880881328543,124.8907699584961,2887100,0.0,0.0,123.58221130371093
2022-06-08 00:00:00-04:00,124.26977766232329,124.908310794434,122.59032648000078,123.18513488769531,3005700,0.0,0.0,123.82713928222657
2022-06-09 00:00:00-04:00,122.59030455916776,123.36879404176496,120.6484519896362,120.6747055053711,3591000,0.0,0.0,123.44402465820312
2022-06-10 00:00:00-04:00,120.5347604625944,120.5347604625944,118.30425247844678,119.12648010253906,4659500,0.0,0.0,122.57107391357422
2022-06-13 00:00:00-04:00,117.18461154061167,120.33356513425481,117.00091701973975,118.18177795410156,6486000,0.0,0.0,121.21177368164062
2022-06-14 00:00:00-04:00,118.08557176498947,119.79124957664253,117.96311318740884,118.71536254882812,4607800,0.0,0.0,119.97669219970703
2022-06-15 00:00:00-04:00,118.96901286626938,121.10330220947496,118.59289488785971,119.88745880126953,4606900,0.0,0.0,119.31715698242188
2022-06-16 00:00:00-04:00,118.34797034982537,119.1701978336027,117.55198303280844,118.6716079711914,5386400,0.0,0.0,118.91653747558594
2022-06-17 00:00:00-04:00,118.95151017673675,119.81746229588015,116.204928411421,118.10304260253906,12968500,0.0,0.0,118.71184997558593
2022-06-21 00:00:00-04:00,118.87280762354975,121.14705368126987,118.87280762354975,120.57849884033203,4089300,0.0,0.0,119.19119415283203
2022-06-22 00:00:00-04:00,119.04773547707126,120.86711593369375,118.98649952526159,119.90494537353516,3791500,0.0,0.0,119.42911071777344
2022-06-23 00:00:00-04:00,119.95743582427413,121.25199972464314,119.39762332571054,121.09455871582031,4547900,0.0,0.0,119.6705307006836
2022-06-24 00:00:00-04:00,121.7593364701391,124.53215889919312,121.69811385784219,124.26100158691406,11493000,0.0,0.0,120.78840942382813
2022-06-27 00:00:00-04:00,124.43592972163282,125.80922740617298,124.16477243283371,124.90827941894531,3936000,0.0,0.0,122.14945678710937
2022-06-28 00:00:00-04:00,125.01323240866047,126.09787484422564,123.61370799020163,124.08604431152344,4064800,0.0,0.0,122.85096588134766
2022-06-29 00:00:00-04:00,124.85579490835673,125.5380659176662,122.02173686023781,123.08013916015625,4161500,0.0,0.0,123.48600463867187
2022-06-30 00:00:00-04:00,122.09172740966535,124.6108903734003,121.82931237644578,123.50000762939453,4878000,0.0,0.0,123.96709442138672
2022-07-01 00:00:00-04:00,123.33378294069054,123.91983548494133,121.81178677182879,123.4387435913086,4011900,0.0,0.0,123.80264282226562
2022-07-05 00:00:00-04:00,122.4328653433642,122.4328653433642,118.3217408991269,120.3772964477539,6273400,0.0,0.0,122.89644622802734
2022-07-06 00:00:00-04:00,120.70966198047543,121.70682821947841,119.9486705564148,120.7796401977539,3237000,0.0,0.0,122.23516540527343
2022-07-07 00:00:00-04:00,121.50569705235829,123.61374663225482,121.43571880751273,123.18513488769531,3897100,0.0,0.0,122.25616455078125
2022-07-08 00:00:00-04:00,123.12387578091413,123.61372340278096,122.30166158920649,122.8702163696289,2820800,0.0,0.0,122.13020629882813
2022-07-11 00:00:00-04:00,123.00140042170379,124.09478511709509,122.57280216317835,123.33379364013672,3904700,0.0,0.0,122.10921630859374
2022-07-12 00:00:00-04:00,123.1938393937227,123.81488778445663,121.20826236129435,121.7418212890625,3235400,0.0,0.0,122.38212127685547
2022-07-13 00:00:00-04:00,119.9924087524414,121.496907225605,119.6600288667297,119.9924087524414,4123200,0.0,0.0,122.22467498779297
2022-07-14 00:00:00-04:00,118.61037477574236,121.96049367157558,118.10304268536254,121.63685607910156,5298400,0.0,0.0,121.91501922607422
2022-07-15 00:00:00-04:00,123.05388750625832,123.05388750625832,121.24324929173072,122.38911437988281,4519300,0.0,0.0,121.818798828125
2022-07-18 00:00:00-04:00,122.59031043406365,122.73026690543577,120.51725692142615,120.82341003417969,8231700,0.0,0.0,121.3167221069336
2022-07-19 00:00:00-04:00,115.0940585623409,115.95126850371973,111.71768578444038,114.48176574707031,29690500,0.0,0.0,119.86471099853516
2022-07-20 00:00:00-04:00,114.32431061418458,114.34180850792471,112.01508247883163,112.9947509765625,9882000,0.0,0.0,118.46517944335938
2022-07-21 00:00:00-04:00,112.6186244078819,112.67110473810837,109.4521799055687,111.2190933227539,11975400,0.0,0.0,116.38162689208984
2022-07-22 00:00:00-04:00,111.11413739602577,112.24251799966204,109.9595232980737,112.18128204345703,6467200,0.0,0.0,114.34006042480469
2022-07-25 00:00:00-04:00,112.34748137369839,112.95103194174715,111.87513832133303,112.43494415283203,4702400,0.0,0.0,112.66236724853516
2022-07-26 00:00:00-04:00,112.19001087323028,113.09971440480822,111.63894739484145,112.0325698852539,3645300,0.0,0.0,112.17252807617187
2022-07-27 00:00:00-04:00,111.93636728840035,113.21343330539365,111.59523175268484,112.94227600097656,4175600,0.0,0.0,112.16203308105469
2022-07-28 00:00:00-04:00,112.61864086252189,113.54582909061058,112.496182291774,113.02975463867188,3913700,0.0,0.0,112.52416534423828
2022-07-29 00:00:00-04:00,113.29216862448533,114.58673255281222,113.10847409657545,114.40303802490234,5786800,0.0,0.0,112.96851654052735
2022-08-01 00:00:00-04:00,114.3680469742839,116.07372454656897,114.32430891407515,115.49641418457031,4142100,0.0,0.0,113.580810546875
2022-08-02 00:00:00-04:00,115.63637019331964,116.14370232642779,114.15811185403557,115.29523468017578,4403600,0.0,0.0,114.23334350585938
2022-08-03 00:00:00-04:00,115.30398116325075,116.21367134388643,114.8666272914684,115.75881958007812,3088500,0.0,0.0,114.7966522216797
2022-08-04 00:00:00-04:00,115.59262630854352,115.71508486229669,114.60421560574326,115.14653015136719,3179800,0.0,0.0,115.22000732421876
2022-08-05 00:00:00-04:00,114.80539975483197,116.04748324006546,114.64795875600524,115.88128662109375,2586500,0.0,0.0,115.51565704345703
2022-08-08 00:00:00-04:00,116.42361437665369,116.64229132826499,115.47892834405499,115.99500274658203,3821200,0.0,0.0,115.61537475585938
2022-08-09 00:00:00-04:00,115.07386051472405,115.84444008811305,114.36527491676537,114.67528533935547,3496000,1.65,0.0,115.49138488769532
2022-08-10 00:00:00-04:00,115.80900833361956,116.72130766222537,115.4458563831642,116.47330474853516,3664000,0.0,0.0,115.63428192138672
2022-08-11 00:00:00-04:00,117.23503030583757,118.00560981217697,116.91616749025833,117.39445495605469,3501900,0.0,0.0,116.08386688232422
2022-08-12 00:00:00-04:00,117.4653025355519,118.7673244362837,116.89843686901953,118.69646453857422,2766900,0.0,0.0,116.64690246582032
2022-08-15 00:00:00-04:00,117.76647212717819,119.7416429787871,117.12874649986273,119.51134490966797,2791200,0.0,0.0,117.3501708984375
2022-08-16 00:00:00-04:00,119.21908044587045,121.67253904973674,119.08621304067579,120.9551010131836,4313600,0.0,0.0,118.60613403320312
2022-08-17 00:00:00-04:00,120.8665332359119,122.60255375981555,120.72481341330658,122.04454040527344,3667600,0.0,0.0,119.72038116455079
2022-08-18 00:00:00-04:00,122.0445159645706,123.22253641316728,122.00909277358622,123.17826080322266,3177700,0.0,0.0,120.87714233398438
2022-08-19 00:00:00-04:00,122.89482393780652,123.41740048605169,121.92938315915482,122.55824279785156,3155800,0.0,0.0,121.64949798583984
2022-08-22 00:00:00-04:00,121.92053059055581,122.09768711425444,119.98964882157694,120.06050872802734,3093600,0.0,0.0,121.75933074951172
2022-08-23 00:00:00-04:00,119.9010554559933,120.54764695272372,119.3253373719307,119.34305572509766,4141800,0.0,0.0,121.43692169189453
2022-08-24 00:00:00-04:00,119.47592792461282,119.67078929392846,117.89933212934669,118.005615234375,2855400,0.0,0.0,120.62913665771484
2022-08-25 00:00:00-04:00,118.3776221852908,119.06848941325423,117.86391148974539,118.66991424560547,2706000,0.0,0.0,119.7274673461914
2022-08-26 00:00:00-04:00,118.77620401326935,118.8470504039728,115.44585601411254,115.48129272460938,4185300,0.0,0.0,118.31207733154297
2022-08-29 00:00:00-04:00,115.1358625186644,116.4024478957233,114.76385813837132,115.4192886352539,2783000,0.0,0.0,117.38383331298829
2022-08-30 00:00:00-04:00,115.64070757026555,115.82671649673792,114.51582862241835,114.77269744873047,2407900,0.0,0.0,116.46976165771484
2022-08-31 00:00:00-04:00,115.0738497263314,115.14470963099863,113.72753856794377,113.7718276977539,3490400,0.0,0.0,115.62300415039063
2022-09-01 00:00:00-04:00,113.72754782847292,114.98529434480011,113.1429704612988,114.84357452392578,3396200,0.0,0.0,114.85773620605468
2022-09-02 00:00:00-04:00,115.41042092507236,115.64070545898925,112.70008724504665,113.18724060058594,3040600,0.0,0.0,114.39892578125
2022-09-06 00:00:00-04:00,113.19610561893624,113.42639016473727,111.86751286170728,112.23951721191406,3347100,0.0,0.0,113.76297149658203
2022-09-07 00:00:00-04:00,112.21295388145651,113.25811385677527,111.8498019267568,113.11639404296875,2401500,0.0,0.0,113.43171081542968
2022-09-08 00:00:00-04:00,112.66466415605028,113.85153711989331,112.12436922248823,113.78954315185547,2964600,0.0,0.0,113.43525390625
2022-09-09 00:00:00-04:00,114.17040775644537,114.69299788649649,113.42639899809035,114.42727661132812,3291900,0.0,0.0,113.35199432373047
2022-09-12 00:00:00-04:00,115.43699417425316,116.02157821344215,115.04727148146051,115.72928619384766,3741100,0.0,0.0,113.86040344238282
2022-09-13 00:00:00-04:00,114.38298021497347,115.06499495772253,112.28380119566914,112.70895385742188,4565600,0.0,0.0,113.95429077148438
2022-09-14 00:00:00-04:00,112.9304032411871,114.25899622049518,112.35467826530558,113.09869384765625,3819100,0.0,0.0,113.95075073242188
2022-09-15 00:00:00-04:00,112.83294798666695,112.90380788528914,110.62748601323318,111.15006256103516,5141700,0.0,0.0,113.42285461425782
2022-09-16 00:00:00-04:00,110.14919529626762,112.95695298110397,109.67976027889037,112.7266616821289,9839700,0.0,0.0,113.08273162841797
2022-09-19 00:00:00-04:00,112.03580124095473,113.42639477979822,111.84979905828332,113.13410949707031,3981600,0.0,0.0,112.5636962890625
2022-09-20 00:00:00-04:00,112.39895899381787,112.47867132297887,111.1766492194332,111.86752319335938,2837500,0.0,0.0,112.39541015625
2022-09-21 00:00:00-04:00,112.39008739071564,113.23152675195314,110.64520118676234,110.65406036376953,3389500,0.0,0.0,111.90648345947265
2022-09-22 00:00:00-04:00,110.50348450530743,112.05350930951613,110.19348089598006,110.99063110351562,4046600,0.0,0.0,111.87459716796874
2022-09-23 00:00:00-04:00,110.29976975094954,110.71606322990554,107.82858640874939,108.687744140625,5195600,0.0,0.0,111.06681365966797
2022-09-26 00:00:00-04:00,108.32459583482299,110.06062284515977,107.83744246766918,108.06773376464844,3987800,0.0,0.0,110.0535385131836
2022-09-27 00:00:00-04:00,108.59030979354971,109.78604188449727,107.2440054835168,107.82858276367188,4117200,0.0,0.0,109.2457504272461
2022-09-28 00:00:00-04:00,107.74886603784064,109.14831859434257,106.11912219490344,108.73202514648438,4996400,0.0,0.0,108.86134338378906
2022-09-29 00:00:00-04:00,107.92601674739446,108.6080314789977,106.79228534467819,107.73115539550781,3817700,0.0,0.0,108.2094482421875
2022-09-30 00:00:00-04:00,107.75773000894588,108.43973796450857,105.05625544471208,105.2333984375,5346100,0.0,0.0,107.5185791015625
2022-10-03 00:00:00-04:00,106.42913819488176,108.24487753789225,105.93312564723026,107.62487030029297,4261700,0.0,0.0,107.43000640869141
2022-10-04 00:00:00-04:00,108.76746364539225,111.29178854539032,108.51945398642684,111.15892791748047,4566100,0.0,0.0,108.09607543945313
2022-10-05 00:00:00-04:00,110.45919884714593,112.00922370001736,110.03405295745584,111.37149810791016,3212900,0.0,0.0,108.62397003173828
2022-10-06 00:00:00-04:00,110.6097790138078,110.98179014097505,107.85516267965042,108.26260375976562,5074600,0.0,0.0,108.73025970458984
2022-10-07 00:00:00-04:00,107.61600872609593,107.88172996918914,104.57795981438969,105.24225616455078,4499700,0.0,0.0,108.73203125
2022-10-10 00:00:00-04:00,106.10141975972,106.25199198564702,103.6656663403258,104.2945327758789,5990000,0.0,0.0,108.06596374511719
2022-10-11 00:00:00-04:00,104.0376702031311,105.605413453529,103.57709435024717,104.33882141113281,4043100,0.0,0.0,106.70194244384766
2022-10-12 00:00:00-04:00,104.515957193107,105.23339507582315,103.80737172944704,104.13509368896484,3338800,0.0,0.0,105.2546615600586
2022-10-13 00:00:00-04:00,102.83307423161058,108.1917341894017,102.34592762662992,107.87287139892578,5837500,0.0,0.0,105.17671508789063
2022-10-14 00:00:00-04:00,107.8817294452449,108.5371666154338,106.14569571192528,106.32284545898438,3762400,0.0,0.0,105.39283294677735
2022-10-17 00:00:00-04:00,107.88173004521121,108.8383116543626,107.55400807950825,107.63372039794922,5458600,0.0,0.0,106.0606704711914
2022-10-18 00:00:00-04:00,108.94461341423032,109.77720042713631,107.89945343800227,108.89147186279297,5120300,0.0,0.0,106.97120056152343
2022-10-19 00:00:00-04:00,108.37773660640525,109.77718921697672,108.05001463833817,108.5105972290039,5906600,0.0,0.0,107.84630126953125
2022-10-20 00:00:00-04:00,111.8232232906678,114.22355347588743,110.84892329073878,113.63896942138672,13623100,0.0,0.0,108.99952087402343
2022-10-21 00:00:00-04:00,113.71869179520596,115.89759004770455,113.01010622849081,115.05613708496094,7201300,0.0,0.0,110.74617919921874
2022-10-24 00:00:00-04:00,115.94186675038381,117.89933287631251,115.0118625452027,117.52732849121094,5610900,0.0,0.0,112.72490081787109
2022-10-25 00:00:00-04:00,116.91616240228659,118.06761215927737,116.29615515318213,117.73988342285156,5957600,0.0,0.0,114.49458312988281
2022-10-26 00:00:00-04:00,118.43962284270275,120.335081399985,117.63360661819029,119.58220672607422,5139000,0.0,0.0,116.70890502929687
2022-10-27 00:00:00-04:00,120.06048835357413,120.81334939095066,119.086181699154,119.36962127685547,3993200,0.0,0.0,117.85503540039062
2022-10-28 00:00:00-04:00,120.06936951056062,122.99227665827006,119.76822502353168,122.68226623535156,5965500,0.0,0.0,119.38026123046875
2022-10-31 00:00:00-04:00,122.28368245629957,122.91255567863558,120.99052633114526,122.48739624023438,4915300,0.0,0.0,120.37227478027344
2022-11-01 00:00:00-04:00,122.45196582505942,122.80625182102713,121.07908393918177,122.40767669677734,3590600,0.0,0.0,121.30583343505859
2022-11-02 00:00:00-04:00,122.00912842574196,124.1525902579373,121.16768886376633,121.19425964355469,5360500,0.0,0.0,121.62824401855468
2022-11-03 00:00:00-04:00,120.83109570376965,120.88423725809994,118.66106330602413,119.10392761230469,4442400,0.0,0.0,121.57510528564453
2022-11-04 00:00:00-04:00,120.14907901929331,121.99139612658615,119.52021928263676,121.30939483642578,4178000,0.0,0.0,121.30053100585937
2022-11-07 00:00:00-05:00,121.02594903722407,122.85054769542678,120.91080000039636,122.53168487548828,4043100,0.0,0.0,121.30938873291015
2022-11-08 00:00:00-05:00,123.11624770189268,124.82569702803889,122.86824483089885,124.03739929199219,5042800,0.0,0.0,121.63533325195313
2022-11-09 00:00:00-05:00,123.64306344506245,124.49453525037315,122.73781648855302,123.14114379882812,4720000,1.65,0.0,122.02471008300782
2022-11-10 00:00:00-05:00,125.7135070895788,126.7083885601614,123.94781642848818,126.5829086303711,5389000,0.0,0.0,123.5205062866211
2022-11-11 00:00:00-05:00,126.82489998442894,129.1821445513636,126.34090991724833,128.3217010498047,5871300,0.0,0.0,124.92296752929687
2022-11-14 00:00:00-05:00,127.83767622164753,130.92986985367764,127.4343353196717,129.24484252929688,5293500,0.0,0.0,126.26559906005859
2022-11-15 00:00:00-05:00,129.13727016772788,131.00155219849324,127.2729881369625,129.37030029296875,4727100,0.0,0.0,127.33217926025391
2022-11-16 00:00:00-05:00,129.18212511785774,129.91707491320477,129.07456114866582,129.53167724609375,3445200,0.0,0.0,128.61028594970702
2022-11-17 00:00:00-05:00,128.5367950740423,131.01950549253286,128.3933855670172,130.9388427734375,3954000,0.0,0.0,129.48147277832032
2022-11-18 00:00:00-05:00,131.3601159630253,132.92862174062253,130.8044211496592,132.32810974121094,4661700,0.0,0.0,130.28275451660156
2022-11-21 00:00:00-05:00,132.24743202239617,132.5880125099115,131.26150874628567,131.4676513671875,3476200,0.0,0.0,130.7273162841797
2022-11-22 00:00:00-05:00,132.29225480423366,133.86076047045324,131.77240557084681,133.63668823242188,7062100,0.0,0.0,131.58059387207032
2022-11-23 00:00:00-05:00,133.63667409987886,134.8556274929123,132.91964027875048,133.32296752929688,3658200,0.0,0.0,132.33885192871094
2022-11-25 00:00:00-05:00,132.892755416841,133.98622893919432,132.74038794914034,132.9823760986328,2075200,0.0,0.0,132.74755859375
2022-11-28 00:00:00-05:00,132.63283888381144,132.86588277047198,130.8044153897205,131.01951599121094,3538100,0.0,0.0,132.48583984375
2022-11-29 00:00:00-05:00,130.77751408840297,131.90683315655016,130.58928740557027,131.29736328125,2754700,0.0,0.0,132.4517822265625
2022-11-30 00:00:00-05:00,131.02846246052684,134.12065609943772,130.56238845303258,133.4573974609375,6377600,0.0,0.0,132.41592407226562
2022-12-01 00:00:00-05:00,134.4253946740194,134.45228224477282,132.05919271374358,133.69044494628906,4495900,0.0,0.0,132.48941955566406
2022-12-02 00:00:00-05:00,132.76729170402098,133.69046826432609,132.40876790430542,133.25128173828125,2900000,0.0,0.0,132.54320068359374
2022-12-05 00:00:00-05:00,132.59698025865222,133.48429750481537,131.57521147353975,132.1219482421875,2784600,0.0,0.0,132.76368713378906
2022-12-06 00:00:00-05:00,132.02338164150714,132.47152617275714,131.48560273349284,132.20263671875,2847600,0.0,0.0,132.94474182128906
2022-12-07 00:00:00-05:00,132.05025036759383,132.74039667655256,131.11810221694864,131.99647521972656,3971300,0.0,0.0,132.65255737304688
2022-12-08 00:00:00-05:00,132.56114833473526,133.68150967521234,132.08611622047584,132.45359802246094,2665700,0.0,0.0,132.40518798828126
2022-12-09 00:00:00-05:00,132.11299409398018,132.95550794833653,131.72759638578327,131.79930114746094,3047600,0.0,0.0,132.1147918701172
2022-12-12 00:00:00-05:00,132.48940398819974,133.73524475097656,131.70066554513627,133.73524475097656,4032800,0.0,0.0,132.437451171875
2022-12-13 00:00:00-05:00,134.77492443820643,137.32039468343612,134.3984848337516,134.95419311523438,8811500,0.0,0.0,132.98776245117188
2022-12-14 00:00:00-05:00,134.86460793489914,136.15526629277804,133.05410031196982,134.31787109375,4205900,0.0,0.0,133.45204162597656
2022-12-15 00:00:00-05:00,133.1168227920165,133.5291080010793,126.89657603337743,127.5956802368164,6687000,0.0,0.0,132.48045806884767
2022-12-16 00:00:00-05:00,126.60083027634998,127.20134230801095,124.55729230475318,125.6238784790039,9834400,0.0,0.0,131.24537353515626
2022-12-19 00:00:00-05:00,125.62385645686584,125.87481625666211,122.97083527522659,124.46763610839844,5282900,0.0,0.0,129.39185180664063
2022-12-20 00:00:00-05:00,124.44074609834377,126.76213103914075,123.99260165372891,126.62769317626953,5156500,0.0,0.0,127.72655181884765
2022-12-21 00:00:00-05:00,127.12961675409018,128.24997790077305,126.35880773812103,127.39850616455078,3793700,0.0,0.0,126.34267883300781
2022-12-22 00:00:00-05:00,126.33191340704269,126.77109987651178,124.24355870018066,126.26918029785156,3337100,0.0,0.0,126.07737884521484
2022-12-23 00:00:00-05:00,126.00927871811491,127.14756968127212,125.12196128002525,126.95934295654297,2092500,0.0,0.0,126.34447174072265
2022-12-27 00:00:00-05:00,127.03101832738419,127.91834923641842,126.58287389022641,127.64945983886719,2742400,0.0,0.0,126.9808364868164
2022-12-28 00:00:00-05:00,127.63154096880633,127.99902272049738,125.43563577726304,125.49838256835938,2539500,0.0,0.0,126.75497436523438
2022-12-29 00:00:00-05:00,126.00028902367335,127.50604773720987,125.88376709597733,126.43050384521484,2337200,0.0,0.0,126.56137390136719
2022-12-30 00:00:00-05:00,125.96443824529192,126.28710280212431,124.98748660909624,126.27814483642578,2858000,0.0,0.0,126.56316680908203
2023-01-03 00:00:00-05:00,126.46634748232894,127.18336753782764,125.91063916015229,126.86967468261719,3338600,0.0,0.0,126.54523315429688
2023-01-04 00:00:00-05:00,127.33578183893768,128.7250188156633,126.70836861247317,127.8108139038086,3869200,0.0,0.0,126.57750396728515
2023-01-05 00:00:00-05:00,127.66738470845192,127.7211598507102,125.48939571301509,126.4753189086914,2866600,0.0,0.0,126.77289123535157
2023-01-06 00:00:00-05:00,127.61361296329686,129.28966876428123,126.89657913610668,128.7967071533203,3574000,0.0,0.0,127.24613189697266
2023-01-09 00:00:00-05:00,129.1372939401266,130.38313484432166,128.5278104350445,128.66226196289062,3987700,0.0,0.0,127.72295532226562
2023-01-10 00:00:00-05:00,128.7160222783905,129.82742520301335,128.07965127629092,129.78260803222656,2152100,0.0,0.0,128.3055419921875
2023-01-11 00:00:00-05:00,129.9618703582727,130.43690230754873,128.5726200433246,130.1949005126953,3268700,0.0,0.0,128.78235931396483
2023-01-12 00:00:00-05:00,129.85433733460798,131.4497304471977,129.5316727906975,130.45484924316406,2715900,0.0,0.0,129.57826538085936
2023-01-13 00:00:00-05:00,129.11937224850655,130.94780919953985,129.07455506981088,130.75958251953125,2455700,0.0,0.0,129.97084045410156
2023-01-17 00:00:00-05:00,131.23461840144745,131.915793038376,129.97084777683605,130.13218688964844,2986500,0.0,0.0,130.26482543945312
2023-01-18 00:00:00-05:00,129.4241306490524,129.67509048371326,125.68660702969005,125.84794616699219,6445600,0.0,0.0,129.47789306640624
2023-01-19 00:00:00-05:00,125.48046848889587,127.47918926475185,125.25639622373713,126.03616333007812,4833900,0.0,0.0,128.64614562988282
2023-01-20 00:00:00-05:00,126.97724135603974,127.14753842791453,125.93754299448615,126.55598449707031,7153300,0.0,0.0,127.86637268066406
2023-01-23 00:00:00-05:00,126.73524594616292,128.1603557018958,126.43051100017057,127.14754486083984,5898400,0.0,0.0,127.14396514892579
2023-01-24 00:00:00-05:00,126.60078848217599,127.9452216341991,125.48042752215673,126.81590270996094,4407600,0.0,0.0,126.48070831298828
2023-01-25 00:00:00-05:00,125.90171094305741,126.40363057100781,124.90682965326852,126.16162872314453,7347500,0.0,0.0,126.54344482421875
2023-01-26 00:00:00-05:00,123.26660618925975,123.92986487109923,119.18848912884289,120.50603485107422,17548500,0.0,0.0,125.43741912841797
2023-01-27 00:00:00-05:00,120.49706479352149,121.43817074014031,119.89655295694867,120.4522476196289,8143100,0.0,0.0,124.21667175292968
2023-01-30 00:00:00-05:00,120.38954678562224,121.99389810125817,120.0847981272387,121.26790618896484,5375700,0.0,0.0,123.04074401855469
2023-01-31 00:00:00-05:00,121.44717310905907,121.58161100360992,119.8876251508376,120.75702667236328,7206400,0.0,0.0,121.82896881103515
2023-02-01 00:00:00-05:00,120.5419085904514,121.7070733113102,119.02717804179373,121.07967376708984,5428900,0.0,0.0,120.81257781982421
2023-02-02 00:00:00-05:00,121.85945247223755,122.540627155318,120.8645711840514,122.2448501586914,6107800,0.0,0.0,121.16034088134765
2023-02-03 00:00:00-05:00,122.20898584824974,122.74675093347166,121.47402245261314,122.73779296875,3755700,0.0,0.0,121.61744995117188
2023-02-06 00:00:00-05:00,121.74291721291819,122.1821036767625,120.95417864153497,122.05661010742188,4841300,0.0,0.0,121.77519073486329
2023-02-07 00:00:00-05:00,121.59952460398623,122.25381173179433,120.50605095132909,121.75189208984375,3737600,0.0,0.0,121.97416381835937
2023-02-08 00:00:00-05:00,121.63536933340559,122.55854578123292,121.14240771653591,121.87735748291016,4593700,0.0,0.0,122.13370056152344
2023-02-09 00:00:00-05:00,122.47619771527857,123.14758957070951,120.9791472722106,121.35114288330078,3918800,1.65,0.0,121.95495910644532
2023-02-10 00:00:00-05:00,121.37835084541439,123.18387922886171,121.1243084595578,123.0296401977539,5049600,0.0,0.0,122.0133285522461
2023-02-13 00:00:00-05:00,123.39255824391176,124.65370221925144,123.25646904826338,124.61741638183594,4403000,0.0,0.0,122.5254898071289
2023-02-14 00:00:00-05:00,124.34522449361936,124.517613371437,122.53062804378696,123.40162658691406,3202200,0.0,0.0,122.85543670654297
2023-02-15 00:00:00-05:00,122.66672275527479,123.80084558741356,122.5487833948379,123.75547790527344,2506700,0.0,0.0,123.23106079101562
2023-02-16 00:00:00-05:00,123.00241898011623,123.3653327087199,122.11325680977595,122.4852523803711,2965500,0.0,0.0,123.45788269042968
2023-02-17 00:00:00-05:00,122.03158858544973,123.01147214767127,121.47813621727653,122.50338745117188,3466200,0.0,0.0,123.35263214111328
2023-02-21 00:00:00-05:00,121.57795079026297,121.93179651118021,119.45487646475952,119.500244140625,4257200,0.0,0.0,122.32919769287109
2023-02-22 00:00:00-05:00,119.67263049759241,119.75429785959699,118.21187979964536,118.82884979248047,3200200,0.0,0.0,121.41464233398438
2023-02-23 00:00:00-05:00,119.30972283812324,119.4911797237753,116.91445595240636,118.66553497314453,3725600,0.0,0.0,120.39665374755859
2023-02-24 00:00:00-05:00,117.60399794635647,118.55666390372635,117.24108417415509,118.4659423828125,3015800,0.0,0.0,119.59279174804688
2023-02-27 00:00:00-05:00,119.2371293859426,119.64541081257795,118.06672078368497,118.39334869384766,2761300,0.0,0.0,118.77078399658203
2023-02-28 00:00:00-05:00,118.44777471132866,118.50221038453753,117.16848101383663,117.31365203857422,5143100,0.0,0.0,118.33346557617188
2023-03-01 00:00:00-05:00,116.95073066105674,117.46789727243045,115.89826836459709,116.30655670166016,3760700,0.0,0.0,117.82900695800781
2023-03-02 00:00:00-05:00,116.4880161100633,117.2410752823268,115.87105305312173,116.97795104980469,3340100,0.0,0.0,117.49149017333984
2023-03-03 00:00:00-05:00,117.35902097622736,117.86710572400112,116.83278638909852,117.62213134765625,2860300,0.0,0.0,117.32272796630859
2023-03-06 00:00:00-05:00,117.62212281234683,118.72902758007561,117.57675513938679,118.12113952636719,3131200,0.0,0.0,117.2682861328125
2023-03-07 00:00:00-05:00,118.20281439305593,118.32983559373761,116.30656438135337,116.36100006103516,3530400,0.0,0.0,117.07775573730468
2023-03-08 00:00:00-05:00,116.56966648491135,116.80557287243958,115.72588582135087,116.17953491210938,2778800,0.0,0.0,117.05235137939454
2023-03-09 00:00:00-05:00,116.40635440894417,116.61502910524682,114.301422996001,114.46473693847656,5478300,0.0,0.0,116.54970855712891
2023-03-10 00:00:00-05:00,114.4284516966205,115.48998893135483,113.53022149295059,113.820556640625,5990900,0.0,0.0,115.78939361572266
2023-03-13 00:00:00-04:00,113.54837618915107,116.30656367107679,113.27618394813184,113.93851470947266,8188400,0.0,0.0,114.95286865234375
2023-03-14 00:00:00-04:00,114.76413651098157,114.90023261251967,111.77912488502294,113.09471130371094,8114800,0.0,0.0,114.2996109008789
2023-03-15 00:00:00-04:00,111.58860540456199,111.91523331538136,110.42726479815357,111.85172271728516,5989300,0.0,0.0,113.43404846191406
2023-03-16 00:00:00-04:00,111.56137132974978,113.24894631600557,110.61778049383314,113.14006805419922,6438700,0.0,0.0,113.16911468505859
2023-03-17 00:00:00-04:00,112.57755482713183,112.97676130151879,111.53416058212534,112.22370910644531,37400200,0.0,0.0,112.84974517822266
2023-03-20 00:00:00-04:00,112.78624376364276,114.46475107160879,112.67737240330686,114.26514434814453,4588300,0.0,0.0,112.91507110595703
2023-03-21 00:00:00-04:00,115.13614101928556,115.36296556545352,114.01109320849048,114.83673095703125,3856300,0.0,0.0,113.26347503662109
2023-03-22 00:00:00-04:00,115.22687334073741,115.4264800556411,112.51405361524414,112.55034637451172,3549000,0.0,0.0,113.4031997680664
2023-03-23 00:00:00-04:00,112.3325866232678,113.34876308744374,111.23475664466471,111.93338012695312,4651900,0.0,0.0,113.16186218261718
2023-03-24 00:00:00-04:00,111.92430635042392,113.77519550651127,111.48880016928858,113.6753921508789,3812300,0.0,0.0,113.4521987915039
2023-03-27 00:00:00-04:00,114.74599992516548,118.18465387574189,114.74599992516548,117.32272338867188,6524100,0.0,0.0,114.06371459960937
2023-03-28 00:00:00-04:00,117.20475879480735,117.64027183909623,116.85999494008276,117.34992980957031,2888900,0.0,0.0,114.56635437011718
2023-03-29 00:00:00-04:00,118.05764307429567,118.26633163828338,117.20478050988687,117.68566131591797,3279600,0.0,0.0,115.59341735839844
2023-03-30 00:00:00-04:00,118.09393612491208,119.29156254066504,117.13220225540411,117.24107360839844,3561800,0.0,0.0,116.6549560546875
2023-03-31 00:00:00-04:00,117.46789501978638,119.06473481290554,117.422527342493,118.93771362304688,4524700,0.0,0.0,117.7074203491211
2023-04-03 00:00:00-04:00,118.82885067790161,120.31681922617996,118.6473938001647,119.81780242919922,3840100,0.0,0.0,118.20643615722656
2023-04-04 00:00:00-04:00,119.75428976127878,119.89944694600712,118.75625624224534,119.40044403076172,3382800,0.0,0.0,118.61653900146484
2023-04-05 00:00:00-04:00,119.19176496985202,120.31681976772039,119.19176496985202,119.89038848876953,2898700,0.0,0.0,119.05748443603515
2023-04-06 00:00:00-04:00,119.90853844145919,120.30775188121201,118.23911300637684,118.40242004394531,3050600,0.0,0.0,119.28975372314453
2023-04-10 00:00:00-04:00,117.7945379789313,118.92866083495089,117.2592353135156,118.88329315185547,2614400,0.0,0.0,119.27886962890625
2023-04-11 00:00:00-04:00,118.47498974689132,118.94678864399854,118.11206219362786,118.32981872558594,3132400,0.0,0.0,118.9812728881836
2023-04-12 00:00:00-04:00,118.31168260747921,118.75626372018363,116.28841144887718,116.62410736083984,3957500,0.0,0.0,118.42600555419922
2023-04-13 00:00:00-04:00,116.14324584257454,116.48802361321583,114.31958131505826,116.04344940185547,5621500,0.0,0.0,117.6566177368164
2023-04-14 00:00:00-04:00,116.55154204329024,117.80360424380007,115.50814072454695,116.26119995117188,4180600,0.0,0.0,117.22837371826172
2023-04-17 00:00:00-04:00,116.4063695529227,116.7874331608953,115.04542216261792,115.97086334228516,3662700,0.0,0.0,116.64588775634766
2023-04-18 00:00:00-04:00,116.26117528651942,116.75111015768896,115.5444089734703,115.9345474243164,3193800,0.0,0.0,116.16683349609374
2023-04-19 00:00:00-04:00,114.77322301151506,115.2087291959547,113.68446793361989,114.60990905761719,7014400,0.0,0.0,115.76399383544921
2023-04-20 00:00:00-04:00,118.08486406159307,118.83792328546764,114.17441074096415,114.64620971679688,9749600,0.0,0.0,115.4845458984375
2023-04-21 00:00:00-04:00,114.31958296770637,114.95468899311679,113.65725217937562,114.07461547851562,6725400,0.0,0.0,115.04722900390625
2023-04-24 00:00:00-04:00,113.91128837109794,114.36493745752664,113.01305819603142,113.77519226074219,4043900,0.0,0.0,114.60809478759765
2023-04-25 00:00:00-04:00,113.32154903944743,114.49196457366642,113.19452784244407,114.21977233886719,4275400,0.0,0.0,114.26513977050782
2023-04-26 00:00:00-04:00,114.14717892274943,114.81858454290037,113.52114790144059,114.1834716796875,4070200,0.0,0.0,114.17985229492187
2023-04-27 00:00:00-04:00,114.65527608961328,115.2450143822319,113.82963140452974,115.19965362548828,3204900,0.0,0.0,114.29054107666016
2023-04-28 00:00:00-04:00,114.84579021754682,115.45367825707721,113.99292782516187,114.6915512084961,5061200,0.0,0.0,114.41392822265625
2023-05-01 00:00:00-04:00,114.6371216899509,115.00004234014575,114.37400439161303,114.4012222290039,2725000,0.0,0.0,114.5391342163086
2023-05-02 00:00:00-04:00,114.59176876516338,114.72785796141685,111.84264932452932,113.55744934082031,4445300,0.0,0.0,114.40666961669922
2023-05-03 00:00:00-04:00,113.82962209987431,113.92942544754246,111.83356899078196,112.00595092773438,4554200,0.0,0.0,113.97116546630859
2023-05-04 00:00:00-04:00,111.6248834534383,112.06945758152413,110.47261791921802,111.20752716064453,4468200,0.0,0.0,113.17274017333985
2023-05-05 00:00:00-04:00,111.69748184787167,112.59570512680592,111.42528961928024,112.18742370605469,4971900,0.0,0.0,112.67191467285156
2023-05-08 00:00:00-04:00,112.2872220681759,112.43238617406935,111.18939212671457,111.9605941772461,3663800,0.0,0.0,112.1837890625
2023-05-09 00:00:00-04:00,112.10774813838094,112.17212474263759,110.96735957018151,111.43638610839844,4540000,1.66,0.0,111.75957641601562
2023-05-10 00:00:00-04:00,112.19051253119217,112.65034741313256,111.37200700266014,112.21810150146484,4189200,0.0,0.0,111.80200653076172
2023-05-11 00:00:00-04:00,112.21810551580259,112.42043399373794,110.86619680841618,111.18807983398438,3446500,0.0,0.0,111.7981170654297
2023-05-12 00:00:00-04:00,111.65712307514775,112.99064158947915,111.38121930558468,112.97224426269531,4564800,0.0,0.0,111.95508117675782
2023-05-15 00:00:00-04:00,113.11938066584278,113.75395504657283,112.51239525531433,113.4504623413086,2915700,0.0,0.0,112.25305480957032
2023-05-16 00:00:00-04:00,113.44126282865858,113.91029636813963,112.61355864619892,113.54242706298828,2748400,0.0,0.0,112.67426300048828
2023-05-17 00:00:00-04:00,113.9838742901868,115.74043991386951,113.55162837279475,115.61168670654297,4515100,0.0,0.0,113.35298004150391
2023-05-18 00:00:00-04:00,115.23461668879285,116.34741618836988,115.13345246005647,116.0163345336914,3797900,0.0,0.0,114.31863098144531
2023-05-19 00:00:00-04:00,116.60493972199666,117.9844374638922,116.38422092527625,117.03718566894531,4306700,0.0,0.0,115.13161926269531
2023-05-22 00:00:00-04:00,117.25788879394531,117.89246314329405,116.9360057966391,117.25788879394531,2806800,0.0,0.0,115.89310455322266
2023-05-23 00:00:00-04:00,117.01878540798063,118.72017316405439,116.9176211669119,117.88327026367188,4592300,0.0,0.0,116.76127319335937
2023-05-24 00:00:00-04:00,117.55218383445163,117.62575909633307,115.390961386477,115.58409118652344,3915500,0.0,0.0,116.75575408935546
2023-05-25 00:00:00-04:00,115.51972511947939,117.00959273406912,114.96792463810225,116.57734680175781,4102900,0.0,0.0,116.86795654296876
2023-05-26 00:00:00-04:00,116.85323468976651,119.24438162229207,116.62331725521777,118.5362319946289,5612600,0.0,0.0,117.16776580810547
2023-05-30 00:00:00-04:00,119.15240979718307,119.62145034781162,117.95683632327511,119.0788345336914,3741100,0.0,0.0,117.53195495605469
2023-05-31 00:00:00-04:00,118.18675493597114,119.04205510366138,117.22110590499138,118.26033020019531,11590200,0.0,0.0,117.60736694335938
2023-06-01 00:00:00-04:00,118.12237661240374,119.6950039155905,117.51539125224062,119.39152526855469,4136100,0.0,0.0,118.36885375976563
2023-06-02 00:00:00-04:00,119.90654140222208,122.42642742903324,119.69500726491393,121.78266143798828,5375800,0.0,0.0,119.40991668701172
2023-06-05 00:00:00-04:00,122.42642286710908,122.84947709291518,121.64471206177095,121.9849853515625,3993500,0.0,0.0,120.09966735839843
2023-06-06 00:00:00-04:00,121.79185985190938,122.26090041170293,121.28605270922152,122.0309829711914,3298000,0.0,0.0,120.69009704589844
2023-06-07 00:00:00-04:00,121.85624431116756,123.64040590712425,121.57114892825535,123.5852279663086,5772000,0.0,0.0,121.7550765991211
2023-06-08 00:00:00-04:00,123.87032991247645,125.0566978020135,123.24494713965358,123.61282348632812,4128500,0.0,0.0,122.59933624267578
2023-06-09 00:00:00-04:00,123.56683595508042,125.16706647277944,123.3920964462857,124.43132781982422,3981500,0.0,0.0,123.12906951904297
2023-06-12 00:00:00-04:00,125.07505944071313,125.64525007406003,124.90952565672613,125.46131896972656,4494500,0.0,0.0,123.82433624267578
2023-06-13 00:00:00-04:00,125.54410394131847,127.07075898992294,125.07507745276706,126.54655456542969,3927300,0.0,0.0,124.72745056152344
2023-06-14 00:00:00-04:00,126.73049551759021,127.76971280213874,125.93957896402274,126.1786880493164,4514900,0.0,0.0,125.246142578125
2023-06-15 00:00:00-04:00,126.24307032417217,127.65016391693767,126.16028938167966,127.28228759765625,3812600,0.0,0.0,125.98003540039062
2023-06-16 00:00:00-04:00,128.04561746241993,128.26634325793532,126.42700372778128,126.43619537353516,7473700,0.0,0.0,126.38100891113281
2023-06-20 00:00:00-04:00,125.40619243755475,126.2063007874917,124.97394644704757,125.038330078125,4271300,0.0,0.0,126.2964111328125
2023-06-21 00:00:00-04:00,124.25659016838499,124.51409659581131,122.58278435706607,122.9506607055664,5501300,0.0,0.0,125.57723236083984
2023-06-22 00:00:00-04:00,121.10209839076315,122.27928850774248,120.18242869812474,120.63307189941406,6012800,0.0,0.0,124.46810913085938
2023-06-23 00:00:00-04:00,119.9249329767242,120.12726144974977,118.80293472923587,119.03285217285156,11324700,0.0,0.0,122.81822204589844
2023-06-26 00:00:00-04:00,118.99608291554904,120.85381996655296,118.92250764260301,120.78943634033203,4845600,0.0,0.0,121.68887023925781
2023-06-27 00:00:00-04:00,120.75263325288667,122.27008263004426,120.32038737540866,121.7090835571289,3219900,0.0,0.0,121.0230209350586
2023-06-28 00:00:00-04:00,121.45159344820387,121.55275768911295,120.3939787748296,121.17568969726562,2753800,0.0,0.0,120.66802673339843
2023-06-29 00:00:00-04:00,121.16649669931648,123.5576438033759,121.11131875635392,123.29093170166016,3639800,0.0,0.0,121.19959869384766
2023-06-30 00:00:00-04:00,123.87032617327237,124.18301053372112,122.71153325753704,123.0610122680664,4236700,0.0,0.0,122.00523071289062
2023-07-03 00:00:00-04:00,122.70232592921492,123.55762602118392,122.19650480310912,122.93224334716797,1477100,0.0,0.0,122.43379211425781
2023-07-05 00:00:00-04:00,122.61039495858849,123.52085915730905,121.93902584337286,123.45648956298828,2955100,0.0,0.0,122.78327331542968
2023-07-06 00:00:00-04:00,122.53679352486071,123.14376485008039,120.98254951644438,121.54354858398438,3507700,0.0,0.0,122.85684509277344
2023-07-07 00:00:00-04:00,121.19407460983997,123.0977976665873,121.16648564087664,121.46997833251953,2982700,0.0,0.0,122.4926544189453
2023-07-10 00:00:00-04:00,121.17568286693049,122.36206471917755,121.1205049264626,122.22410583496094,2369200,0.0,0.0,122.32527313232421
2023-07-11 00:00:00-04:00,122.9230624633906,123.75075962726237,122.52759717270749,123.6404037475586,2924000,0.0,0.0,122.46690521240234
2023-07-12 00:00:00-04:00,124.21978824938576,124.45889731012372,121.92061408944048,122.16891479492188,3732200,0.0,0.0,122.20939025878906
2023-07-13 00:00:00-04:00,122.78511005329021,124.21980673030255,122.64716519638878,123.16217803955078,3221400,0.0,0.0,122.53311614990234
2023-07-14 00:00:00-04:00,123.15296230176912,123.16215394608196,122.26088164685893,122.68392181396484,2861500,0.0,0.0,122.77590484619141
2023-07-17 00:00:00-04:00,122.55520297810808,123.79676292751627,122.40806646263977,123.45648956298828,3167400,0.0,0.0,123.02238159179687
2023-07-18 00:00:00-04:00,123.88872384951894,125.02910541039945,123.5024501878139,124.48650360107422,3852100,0.0,0.0,123.1916015625
2023-07-19 00:00:00-04:00,124.64284145818657,125.48893595347545,124.33015710769766,124.59685516357422,5520000,0.0,0.0,123.67718963623047
2023-07-20 00:00:00-04:00,126.16950666877055,129.04807773741646,125.59011018324809,127.263916015625,10896300,0.0,0.0,124.4975372314453
2023-07-21 00:00:00-04:00,127.10755283772612,128.55142694030505,126.69369025466969,127.7789077758789,5858600,0.0,0.0,125.51653442382812
2023-07-24 00:00:00-04:00,128.15599351816226,128.86412916741287,127.63177499108436,128.33071899414062,3475200,0.0,0.0,126.49138031005859
2023-07-25 00:00:00-04:00,128.22034817974054,129.1492095269427,127.87086920237621,129.0572509765625,3770800,0.0,0.0,127.40552978515625
2023-07-26 00:00:00-04:00,129.15841183975203,129.90334203373786,128.64339906529497,129.73780822753906,4046400,0.0,0.0,128.43372039794923
2023-07-27 00:00:00-04:00,130.8690066746168,131.86225167676542,130.5011303591655,131.4851837158203,6331600,0.0,0.0,129.2779739379883
2023-07-28 00:00:00-04:00,131.9174288379588,132.38645535021615,131.37482706304505,131.92662048339844,6686400,0.0,0.0,130.10751647949218
2023-07-31 00:00:00-04:00,132.25771859018872,132.98426562858603,132.0002121554031,132.59799194335938,6138100,0.0,0.0,130.96097106933593
2023-08-01 00:00:00-04:00,132.6623787763054,132.87389891719772,130.7494637623242,131.8162841796875,4797700,0.0,0.0,131.51277770996094
2023-08-02 00:00:00-04:00,131.31043534519588,132.70833718333728,130.87818947440906,132.58877563476562,4957400,0.0,0.0,132.08297119140624
2023-08-03 00:00:00-04:00,132.23012114309367,133.55444788457444,131.79787521960904,132.84629821777344,3951900,0.0,0.0,132.35519409179688
2023-08-04 00:00:00-04:00,133.4348939288065,134.35456377026173,132.42326552303462,132.65318298339844,4223100,0.0,0.0,132.50050659179686
2023-08-07 00:00:00-04:00,133.3521133288212,134.73161794946415,133.2877297106621,134.43731689453125,3438700,0.0,0.0,132.86837158203124
2023-08-08 00:00:00-04:00,133.9958585698424,134.40970708526098,132.53358726660932,134.18899536132812,4654600,0.0,0.0,133.34291381835936
2023-08-09 00:00:00-04:00,134.83089039172688,134.83089039172688,132.37502270617324,132.55177307128906,4072900,1.66,0.0,133.33551330566405
2023-08-10 00:00:00-04:00,133.06339914543818,134.49599688955587,132.73781907234672,133.25875854492188,4735800,0.0,0.0,133.41800537109376
2023-08-11 00:00:00-04:00,133.1378173828125,133.44480260512879,132.29129786076714,133.1378173828125,2526400,0.0,0.0,133.51493225097656
2023-08-14 00:00:00-04:00,133.07271026800507,133.37038388214387,131.9098938801241,132.01222229003906,4226400,0.0,0.0,133.02991333007813
2023-08-15 00:00:00-04:00,131.63078655204487,132.38428913680056,131.3517078405898,131.9749755859375,3656600,0.0,0.0,132.587109375
2023-08-16 00:00:00-04:00,131.81684592820056,132.1796440267507,130.7563580867053,130.83078002929688,3285300,0.0,0.0,132.24291076660157
2023-08-17 00:00:00-04:00,131.17497579858244,132.70990182824013,130.7935828407901,130.84939575195312,3742100,0.0,0.0,131.76103820800782
2023-08-18 00:00:00-04:00,130.23542840174088,131.93779320490788,130.01216255730523,131.54708862304688,3915500,0.0,0.0,131.4428924560547
2023-08-21 00:00:00-04:00,131.55639653174953,132.45874320746262,131.26802033128095,132.35641479492188,2937800,0.0,0.0,131.51173095703126
2023-08-22 00:00:00-04:00,132.709900074203,133.24013691777847,131.44475539126796,131.6215057373047,3557500,0.0,0.0,131.4410369873047
2023-08-23 00:00:00-04:00,131.8354477751286,133.47268783928257,131.70521293132697,133.40757751464844,2559100,0.0,0.0,131.956396484375
2023-08-24 00:00:00-04:00,133.50060846760013,134.39365763030597,133.230841331985,133.53782653808594,2900200,0.0,0.0,132.49408264160155
2023-08-25 00:00:00-04:00,134.12390203575342,135.32393663482196,133.4913366614674,135.21231079101562,3660100,0.0,0.0,133.2271270751953
2023-08-28 00:00:00-04:00,135.2681314850025,136.50537003824846,135.08208366978968,135.83558654785156,3561100,0.0,0.0,133.92296142578124
2023-08-29 00:00:00-04:00,136.09603289679475,136.4960349209082,135.46345340053443,136.23556518554688,2778100,0.0,0.0,134.84577331542968
2023-08-30 00:00:00-04:00,136.20764501963714,136.6727715280478,135.584377201711,136.61695861816406,2245400,0.0,0.0,135.4876495361328
2023-08-31 00:00:00-04:00,136.69137869119933,137.42627231883043,136.3192689728452,136.58905029296875,3885900,0.0,0.0,136.09789428710937
2023-09-01 00:00:00-04:00,136.9890635902039,137.7704869660463,136.6727809493705,137.62164306640625,2727800,0.0,0.0,136.5797607421875
2023-09-05 00:00:00-04:00,137.59372881833468,138.60770121246233,137.27744619541068,137.7983856201172,3731300,0.0,0.0,136.97232055664062
2023-09-06 00:00:00-04:00,137.36115035730043,137.98441811391115,136.8588058286969,137.73324584960938,2932200,0.0,0.0,137.27185668945313
2023-09-07 00:00:00-04:00,137.79839673325196,138.40305557257898,137.1193017477812,137.23094177246094,3332900,0.0,0.0,137.3946533203125
2023-09-08 00:00:00-04:00,137.0727897332878,138.22629440670062,136.98905617268946,137.3797607421875,3722800,0.0,0.0,137.55279541015625
2023-09-11 00:00:00-04:00,138.20771044385415,138.40305564671053,137.2867547610665,138.0309600830078,3273600,0.0,0.0,137.63465881347656
2023-09-12 00:00:00-04:00,137.60302895284525,137.67745089991914,135.63089703625977,136.0960235595703,4457700,0.0,0.0,137.2941864013672
2023-09-13 00:00:00-04:00,135.7704252744977,136.72858474843687,135.74251881949246,136.32858276367188,2627800,0.0,0.0,137.01325378417968
2023-09-14 00:00:00-04:00,137.10070613999727,137.42628620761025,136.2634698349872,137.0727996826172,2723100,0.0,0.0,136.98162536621095
2023-09-15 00:00:00-04:00,136.84951120163825,137.53790349044164,135.37970984632295,135.80763244628906,6234000,0.0,0.0,136.66719970703124
2023-09-18 00:00:00-04:00,135.602992670619,136.2634643949609,134.94250675174183,134.9704132080078,2508100,0.0,0.0,136.05509033203126
2023-09-19 00:00:00-04:00,134.88671609561632,136.4867527600377,134.57043340939148,136.3007049560547,3945400,0.0,0.0,136.0960266113281
2023-09-20 00:00:00-04:00,138.01234860341222,141.33334474400618,137.7983943677973,139.37982177734375,9632400,0.0,0.0,136.7062744140625
2023-09-21 00:00:00-04:00,138.60771350501145,138.84027678270442,137.03558347668118,137.1007080078125,4944600,0.0,0.0,136.71185607910155
2023-09-22 00:00:00-04:00,137.12862451427483,137.77050147886953,136.57977854538896,136.6634979248047,2562000,0.0,0.0,136.88302917480468
2023-09-25 00:00:00-04:00,136.34719181151144,137.14719578111763,136.04950403204762,136.26345825195312,2694200,0.0,0.0,137.14163818359376
2023-09-26 00:00:00-04:00,135.36113036689505,135.9751008508622,133.04480911439376,133.2494659423828,4824700,0.0,0.0,136.53139038085936
2023-09-27 00:00:00-04:00,133.64946800443653,133.7890144932902,131.87268108593693,133.18434143066406,4439800,0.0,0.0,135.29229431152345
2023-09-28 00:00:00-04:00,132.2261854775722,132.35642035404533,130.43080366658288,131.7052459716797,5783200,0.0,0.0,134.21320190429688
2023-09-29 00:00:00-04:00,132.0959385193711,132.2168759630839,129.87263420643916,130.51451110839844,5704000,0.0,0.0,132.98340454101563
2023-10-02 00:00:00-04:00,130.2726281290095,131.58428830853555,130.10518939691752,130.97962951660156,3275300,0.0,0.0,131.9266387939453
2023-10-03 00:00:00-04:00,131.04476892195385,131.76106788873963,130.2354531482135,130.59825134277344,3284400,0.0,0.0,131.39639587402343
2023-10-04 00:00:00-04:00,130.57961595339384,131.3517276874525,130.22612944703735,131.23080444335938,2637600,0.0,0.0,131.0056884765625
2023-10-05 00:00:00-04:00,131.07264752599792,131.81685279615436,130.41217581720358,131.6494140625,3223900,0.0,0.0,130.99452209472656
2023-10-06 00:00:00-04:00,131.5377915559429,132.9703893757462,130.33777122140083,132.1238555908203,3511100,0.0,0.0,131.31639099121094
2023-10-09 00:00:00-04:00,132.3750286752999,132.46804547539884,130.86800889051338,132.28199768066406,2354400,0.0,0.0,131.57686462402344
2023-10-10 00:00:00-04:00,132.65410184823534,133.41690203271284,131.83547455261788,132.19827270507812,3015800,0.0,0.0,131.89686889648436
2023-10-11 00:00:00-04:00,132.57037466049573,133.34248649793278,132.2261855285135,133.2401580810547,2511500,0.0,0.0,132.29873962402343
2023-10-12 00:00:00-04:00,132.57034229641144,132.96104683059957,131.11914997098881,131.38893127441406,3921100,0.0,0.0,132.24664306640625
2023-10-13 00:00:00-04:00,130.0214703885498,130.34705043335805,128.62609083913918,128.80284118652344,4582800,0.0,0.0,131.5824401855469
2023-10-16 00:00:00-04:00,129.56562912386084,130.0307555966474,128.85864199525733,129.50051879882812,3361500,0.0,0.0,131.0261444091797
2023-10-17 00:00:00-04:00,127.55629053000412,130.81217612475976,126.80278784920051,130.53311157226562,4172800,0.0,0.0,130.6931121826172
2023-10-18 00:00:00-04:00,130.23545651108887,130.6354585998517,129.8447518449002,130.20755004882812,3330000,0.0,0.0,130.0865905761719
2023-10-19 00:00:00-04:00,128.97028026316093,129.6865790749058,128.30979436241577,128.38421630859375,5314200,0.0,0.0,129.48564758300782
2023-10-20 00:00:00-04:00,128.51447798974087,129.5563712591649,127.55631829882844,127.59353637695312,4865600,0.0,0.0,129.24378662109376
2023-10-23 00:00:00-04:00,127.10049083585858,128.07724527550346,126.39348936620458,126.86792755126953,3457500,0.0,0.0,128.71726837158204
2023-10-24 00:00:00-04:00,127.20282619549047,128.35633106554252,126.56094922384555,128.17958068847656,3698000,0.0,0.0,128.2465621948242
2023-10-25 00:00:00-04:00,127.90980097231923,128.83075664935282,126.82140655102634,127.51909637451172,6472500,0.0,0.0,127.70887145996093
2023-10-26 00:00:00-04:00,132.2819922032598,134.33785786547455,131.70523980510254,133.73318481445312,11130200,0.0,0.0,128.7786651611328
2023-10-27 00:00:00-04:00,133.6029513330618,134.60762642691822,131.82617862472617,132.57968139648438,5469200,0.0,0.0,129.77589416503906
2023-10-30 00:00:00-04:00,133.20294631117972,134.42157562530758,132.63549134110457,132.6820068359375,4204100,0.0,0.0,130.93871002197267
2023-10-31 00:00:00-04:00,133.0261891205804,134.66342941510865,132.64478195487487,134.5518035888672,6591800,0.0,0.0,132.2131546020508
2023-11-01 00:00:00-04:00,134.8866935168194,136.29137052547912,134.37505149560718,135.2587890625,4750100,0.0,0.0,133.76109313964844
2023-11-02 00:00:00-04:00,135.60299550890883,136.84023380922642,134.73785276294944,136.75650024414062,3902700,0.0,0.0,134.36575622558593
2023-11-03 00:00:00-04:00,137.16580061426353,138.09605360479028,137.0076593092181,137.58441162109375,3510500,0.0,0.0,135.3667022705078
2023-11-06 00:00:00-05:00,137.57512842977647,138.82166415931573,137.53792455190268,138.57980346679688,4597200,0.0,0.0,136.5462615966797
2023-11-07 00:00:00-05:00,138.63563276136028,138.86819606052308,137.7053795647091,138.4495849609375,3549900,0.0,0.0,137.32581787109376
2023-11-08 00:00:00-05:00,138.8402779825042,139.24028001021549,137.2960543985897,137.7053680419922,3618600,0.0,0.0,137.81513366699218
2023-11-09 00:00:00-05:00,137.87471825440295,138.2886739785711,136.67989411519363,137.94056701660156,3412700,1.66,0.0,138.05194702148438
2023-11-10 00:00:00-05:00,138.71201566137796,140.33960105529357,138.15694526049293,140.198486328125,3179000,0.0,0.0,138.57476196289062
2023-11-13 00:00:00-05:00,139.67165176812404,139.6998747161635,138.6273596241109,139.3329620361328,2647200,0.0,0.0,138.72539367675782
2023-11-14 00:00:00-05:00,140.60303295423154,141.8825258584787,140.2267174229013,141.50621032714844,4321900,0.0,0.0,139.33671875
2023-11-15 00:00:00-05:00,141.49680148272626,144.1498735088425,141.49680148272626,143.54776000976562,4632500,0.0,0.0,140.50519714355468
2023-11-16 00:00:00-05:00,143.94289797366946,144.2721848550323,143.12440373582038,143.9993438720703,3519200,0.0,0.0,141.71695251464843
2023-11-17 00:00:00-05:00,144.2157014856955,144.41327645394884,143.43484754228402,143.83938598632812,4426500,0.0,0.0,142.44513244628905
2023-11-20 00:00:00-05:00,143.48190842644186,145.52344989766786,143.3313908062116,145.21299743652344,3658500,0.0,0.0,143.6211395263672
2023-11-21 00:00:00-05:00,145.44818300549167,145.50462890159588,144.42269658936684,144.7990264892578,2859500,0.0,0.0,144.27970275878906
2023-11-22 00:00:00-05:00,145.35409723998188,146.49247545065168,145.03422759105638,145.94680786132812,3044700,0.0,0.0,144.75951232910157
2023-11-24 00:00:00-05:00,145.94680677306462,146.20081330416082,144.80842857088325,145.99383544921875,1799200,0.0,0.0,145.15841064453124
2023-11-27 00:00:00-05:00,145.81509596057245,146.89701391932326,145.58929802021217,146.3607635498047,4053100,0.0,0.0,145.66268615722657
2023-11-28 00:00:00-05:00,146.23845925435185,146.5301059645251,145.69279164751998,146.43601989746094,2666200,0.0,0.0,145.90729064941405
2023-11-29 00:00:00-05:00,146.90641347537934,148.1859063975726,146.78411882151624,147.15103149414062,3568900,0.0,0.0,146.37769165039063
2023-11-30 00:00:00-05:00,147.65908832537517,149.21142252310403,147.60264241918873,149.1737823486328,6740600,0.0,0.0,147.02308654785156
2023-12-01 00:00:00-05:00,149.03262610559943,151.0835700223463,148.64689337998564,151.0459442138672,4871900,0.0,0.0,148.03350830078125
2023-12-04 00:00:00-05:00,150.80135280498368,153.15336102635453,150.80135280498368,151.56341552734375,5779000,0.0,0.0,149.07403869628905
2023-12-05 00:00:00-05:00,151.24353200823427,152.85231195349652,151.205906192994,151.83624267578125,4556700,0.0,0.0,150.15408325195312
2023-12-06 00:00:00-05:00,152.02436562640148,152.73938515178975,150.5378950434554,150.7919158935547,3555900,0.0,0.0,150.88226013183595
2023-12-07 00:00:00-05:00,151.4693295675559,151.91150826193996,150.50030332808075,150.73550415039062,3665500,0.0,0.0,151.1946044921875
2023-12-08 00:00:00-05:00,150.52853198414843,152.44776445051775,150.52853198414843,152.3725128173828,4561300,0.0,0.0,151.4599182128906
2023-12-11 00:00:00-05:00,153.04986583269937,153.96244613372045,152.36308347968463,153.8307342529297,6077200,0.0,0.0,151.91338195800782
2023-12-12 00:00:00-05:00,153.60494263189472,156.493200993815,153.27565576936968,154.95970153808594,5292300,0.0,0.0,152.53807373046874
2023-12-13 00:00:00-05:00,154.63982178038327,155.20430945861582,153.1063222825999,153.93421936035156,4989100,0.0,0.0,153.16653442382812
2023-12-14 00:00:00-05:00,153.2850715987768,153.82133635930228,150.6696396274699,153.26626586914062,6129800,0.0,0.0,153.6726867675781
2023-12-15 00:00:00-05:00,152.69235847435613,154.37638984449552,152.4477404608433,152.62649536132812,11016100,0.0,0.0,153.72348327636718
2023-12-18 00:00:00-05:00,152.62648919505753,153.6613783899922,152.01497289701584,153.10630798339844,3677300,0.0,0.0,153.57859802246094
2023-12-19 00:00:00-05:00,152.22195270939193,152.67353420234647,151.77037121643738,151.99615478515625,3766600,0.0,0.0,152.985888671875
2023-12-20 00:00:00-05:00,151.74216373121251,152.22198262005514,150.53793660969947,150.57557678222656,4865800,0.0,0.0,152.31416015625
2023-12-21 00:00:00-05:00,151.08358944718134,151.54458820454042,150.0863403058299,151.26234436035156,2982900,0.0,0.0,151.9133758544922
2023-12-22 00:00:00-05:00,151.56341052821966,152.79586049868416,151.46932446026057,152.54183959960938,2442700,0.0,0.0,151.89644470214844
2023-12-26 00:00:00-05:00,152.6264949846278,153.64256413578343,152.4571573038605,153.54849243164062,1772400,0.0,0.0,151.98488159179686
2023-12-27 00:00:00-05:00,153.48262750331293,153.95302908501432,153.04985173172014,153.78369140625,3234600,0.0,0.0,152.34238891601564
2023-12-28 00:00:00-05:00,154.2541088144899,154.2541088144899,153.7272469302938,154.05653381347656,2071300,0.0,0.0,153.03858032226563
2023-12-29 00:00:00-05:00,154.05653546845042,154.4610739839171,153.19099818267924,153.86837768554688,2526200,0.0,0.0,153.55978698730468
2024-01-02 00:00:00-05:00,153.19099785231526,153.62375931650828,150.96129870090357,151.93972778320312,3825000,0.0,0.0,153.43936462402343
2024-01-03 00:00:00-05:00,151.46932154336974,152.15610388858653,150.60378428578412,150.6226043701172,4086100,0.0,0.0,152.85418701171875
2024-01-04 00:00:00-05:00,150.7355176408059,152.23139155924875,150.68847460102992,151.33763122558594,3212000,0.0,0.0,152.36497497558594
2024-01-05 00:00:00-05:00,150.4438378487348,151.0459513012678,149.27723675391337,149.7382354736328,4199400,0.0,0.0,151.50131530761718
2024-01-08 00:00:00-05:00,149.29607847947,151.67630968808905,148.54343296581735,151.60104370117188,3321700,0.0,0.0,151.0478485107422
2024-01-09 00:00:00-05:00,150.52850904722837,150.9800905548252,150.067510320285,150.60377502441406,2617200,0.0,0.0,150.78065795898436
2024-01-10 00:00:00-05:00,150.79193927309788,151.78918839153093,150.28391184964786,151.68569946289062,2967800,0.0,0.0,150.99327697753907
2024-01-11 00:00:00-05:00,151.48815374085797,152.62651771246635,150.801356985206,152.5606689453125,3778200,0.0,0.0,151.23788452148438
2024-01-12 00:00:00-05:00,153.32270876161076,156.15452141233698,152.73941533291753,155.9851837158203,4958300,0.0,0.0,152.48727416992188
2024-01-16 00:00:00-05:00,155.98518757089653,157.34934946345197,155.5524117432384,157.07652282714844,4869600,0.0,0.0,153.58236999511718
2024-01-17 00:00:00-05:00,156.91657374411622,157.88561433570325,155.70294382169268,156.2486114501953,4288600,0.0,0.0,154.71133728027343
2024-01-18 00:00:00-05:00,156.63433527018307,157.10473688620266,155.27015909931188,156.96360778808594,3776900,0.0,0.0,155.7669189453125
2024-01-19 00:00:00-05:00,160.4916345956881,161.42303504863085,159.16509847179012,161.32894897460938,6929100,0.0,0.0,157.52057495117188
2024-01-22 00:00:00-05:00,162.5896114184729,164.12311083031432,162.19446145254474,162.59901428222656,4926000,0.0,0.0,158.8433410644531
2024-01-23 00:00:00-05:00,162.66485201437084,163.71856125956526,162.26971643074148,163.64329528808594,3983500,0.0,0.0,160.1566955566406
2024-01-24 00:00:00-05:00,164.41477959473468,164.50886566697363,162.6648848819315,163.6339111328125,9097800,0.0,0.0,161.63375549316407
2024-01-25 00:00:00-05:00,174.01096986296065,185.24414824953325,173.88866085061227,179.1571502685547,29596200,0.0,0.0,166.0724639892578
2024-01-26 00:00:00-05:00,179.98507206223687,181.00114132087657,175.13994094307031,176.32534790039062,9895900,0.0,0.0,169.07174377441407
2024-01-29 00:00:00-05:00,176.36301466734253,178.24462149920973,175.03647840555112,176.06195068359375,6107900,0.0,0.0,171.7643310546875
2024-01-30 00:00:00-05:00,176.5981853922557,177.48252839371972,175.71382803527322,176.7487030029297,4575100,0.0,0.0,174.38541259765626
2024-01-31 00:00:00-05:00,175.97724034491407,176.5417136481194,172.29869641029504,172.7879180908203,8876100,0.0,0.0,176.21621398925782
2024-02-01 00:00:00-05:00,172.75970433279073,176.41001115867334,171.89416707075597,175.83612060546875,4669400,0.0,0.0,175.55200805664063
2024-02-02 00:00:00-05:00,176.0242886205706,176.29711523858805,174.63188951570416,174.7918243408203,4055400,0.0,0.0,175.24530334472655
2024-02-05 00:00:00-05:00,174.5284091749424,174.7824300769877,172.41160182077502,172.5621337890625,4379600,0.0,0.0,174.54533996582032
2024-02-06 00:00:00-05:00,172.6844157201332,173.7475134850473,172.20459694092196,172.55270385742188,3337600,0.0,0.0,173.70614013671874
2024-02-07 00:00:00-05:00,172.4868750195951,173.1266287338168,171.818912710098,172.8632049560547,4841200,0.0,0.0,173.72119750976563
2024-02-08 00:00:00-05:00,173.38534696147957,175.20815558978572,172.30305388572293,175.02777099609375,5161200,1.66,0.0,173.5595275878906
2024-02-09 00:00:00-05:00,175.10372996292716,177.7050230867086,174.54359898232855,176.9075469970703,5064600,0.0,0.0,173.98267211914063
2024-02-12 00:00:00-05:00,176.48983087345158,177.04047330717935,174.71449395681685,176.73667907714844,4724000,0.0,0.0,174.8175811767578
2024-02-13 00:00:00-05:00,174.95181116911036,175.41701275951485,173.12900262057843,174.4011688232422,4290500,0.0,0.0,175.18727416992186
2024-02-14 00:00:00-05:00,175.63537804589754,175.63537804589754,173.03407047487212,174.27777099609375,3173400,0.0,0.0,175.47018737792968
2024-02-15 00:00:00-05:00,174.3252343493151,177.51515325460403,174.3252343493151,177.4107208251953,4714300,0.0,0.0,175.94677734375
2024-02-16 00:00:00-05:00,177.18286989616365,179.38542490626116,176.53728368683474,178.14173889160156,4842800,0.0,0.0,176.19361572265626
2024-02-20 00:00:00-05:00,178.14173742853694,179.21454191468987,173.79357346422296,174.1543426513672,4247200,0.0,0.0,175.6771484375
2024-02-21 00:00:00-05:00,173.31889694691012,173.76510692842496,169.70175966022742,170.60366821289062,4723700,0.0,0.0,174.9176483154297
2024-02-22 00:00:00-05:00,173.2144571428107,175.20816184712064,172.72077526134802,174.8853759765625,5078400,0.0,0.0,175.03916931152344
2024-02-23 00:00:00-05:00,175.5404402826462,177.02148596057768,175.22715748061808,176.31893920898438,3433800,0.0,0.0,174.82081298828126
2024-02-26 00:00:00-05:00,176.20502345242363,176.70819394953924,174.74296939611318,174.80943298339844,4620800,0.0,0.0,174.15435180664062
2024-02-27 00:00:00-05:00,174.83792606935125,175.75882636442094,173.37587190574885,175.51197814941406,3641400,0.0,0.0,174.42587890625
2024-02-28 00:00:00-05:00,175.28411338362636,175.9866456303611,174.25878078110995,175.92019653320312,3216300,0.0,0.0,175.4891845703125
2024-02-29 00:00:00-05:00,176.72716560791588,177.39174351442048,175.34107825831748,175.6638641357422,6458500,0.0,0.0,175.64488220214844
2024-03-01 00:00:00-05:00,176.10057288827872,178.84428162240036,175.80625280025743,178.6733856201172,4018400,0.0,0.0,176.115771484375
2024-03-04 00:00:00-05:00,178.2556796821259,184.08487544517635,178.1037898098982,183.2873992919922,7938300,0.0,0.0,177.81136474609374
2024-03-05 00:00:00-05:00,182.2810382018238,184.12283850981134,180.92343117285293,182.2335662841797,5653600,0.0,0.0,179.1556823730469
2024-03-06 00:00:00-05:00,183.7050982759031,188.10073394523118,183.1924392593793,186.23045349121094,6945800,0.0,0.0,181.21773376464844
2024-03-07 00:00:00-05:00,187.57859610680748,188.67037785918538,186.2114859041245,186.5912322998047,4604500,0.0,0.0,183.40320739746093
2024-03-08 00:00:00-05:00,186.13552984170062,187.7589767950926,184.54057762946638,186.03109741210938,3943100,0.0,0.0,184.87474975585937
2024-03-11 00:00:00-04:00,185.2146072458657,185.48993565713195,181.2177241227032,182.02468872070312,4725100,0.0,0.0,184.62220764160156
2024-03-12 00:00:00-04:00,182.71775185512692,189.09757459556997,182.42343177270752,187.76844787597656,5880100,0.0,0.0,185.72918395996095
2024-03-13 00:00:00-04:00,187.55011273030837,188.0722748804763,185.43299836115048,186.74313354492188,3993300,0.0,0.0,185.83171997070312
2024-03-14 00:00:00-04:00,186.98046437682572,187.73997158392595,182.39495536791287,183.63864135742188,4109600,0.0,0.0,185.24120178222657
2024-03-15 00:00:00-04:00,182.2715606132814,183.28739017747526,181.04685170156802,181.39813232421875,8828200,0.0,0.0,184.31460876464843
2024-03-18 00:00:00-04:00,181.99621344208273,183.44876424456513,180.68607838647583,181.98672485351562,5410600,0.0,0.0,184.30701599121093
2024-03-19 00:00:00-04:00,181.79686230778768,183.78106391394851,180.64810562262343,183.55320739746094,5317300,0.0,0.0,183.4639678955078
2024-03-20 00:00:00-04:00,183.10700996223687,184.1608228826667,181.62597871977258,184.141845703125,3238600,0.0,0.0,182.94371032714844
2024-03-21 00:00:00-04:00,183.23042044445617,183.58168656302956,180.39176778308993,182.18609619140625,6013600,0.0,0.0,182.6532012939453
2024-03-22 00:00:00-04:00,182.28103325447015,183.2209250472907,180.86645127088272,181.17974853515625,3988400,0.0,0.0,182.60952453613282
2024-03-25 00:00:00-04:00,180.62914161900306,181.16080690555842,179.19558217669274,179.23355102539062,3718300,0.0,0.0,182.05888977050782
2024-03-26 00:00:00-04:00,179.4518880430913,180.3822767829389,178.9582061767578,178.9582061767578,4229500,0.0,0.0,181.1398895263672
2024-03-27 00:00:00-04:00,180.00251591330192,181.29367373833517,179.0531355856714,181.1417694091797,3693300,0.0,0.0,180.5398742675781
2024-03-28 00:00:00-04:00,181.27469424906758,182.21457156524684,180.70506021967793,181.29368591308594,3742200,0.0,0.0,180.36139221191405
2024-04-01 00:00:00-04:00,180.38226389047753,180.81898521917321,178.97718504899473,180.2208709716797,2364300,0.0,0.0,180.16961669921875
2024-04-02 00:00:00-04:00,179.56580340876891,180.19239793251768,178.10376400641664,179.3189697265625,2693500,0.0,0.0,180.18670043945312
2024-04-03 00:00:00-04:00,179.05314629963434,181.66394235683984,178.9487138778903,181.23670959472656,2826200,0.0,0.0,180.64240112304688
2024-04-04 00:00:00-04:00,182.2810260687079,183.4962317502544,177.85691018843065,178.42654418945312,2983900,0.0,0.0,180.09935607910157
2024-04-05 00:00:00-04:00,179.04364903157074,180.6860875801241,178.50250972781504,179.56581115722656,2014300,0.0,0.0,179.7537811279297
2024-04-08 00:00:00-04:00,179.66075289091438,180.61013329503515,179.3474556191871,180.21139526367188,2678300,0.0,0.0,179.75188598632812
2024-04-09 00:00:00-04:00,180.8949525769326,181.56901910028677,177.2113661186151,179.7272186279297,2794200,0.0,0.0,179.83353576660156
2024-04-10 00:00:00-04:00,177.93287605180154,178.40756626039766,176.1290590536945,176.6227264404297,3081700,0.0,0.0,178.91073913574218
2024-04-11 00:00:00-04:00,176.62271980286243,177.3442581641059,175.23663255823308,176.48980712890625,2861700,0.0,0.0,178.5233917236328
2024-04-12 00:00:00-04:00,174.68598782427856,175.79676111718513,172.49292149061213,173.04356384277344,3547400,0.0,0.0,177.21894226074218
2024-04-15 00:00:00-04:00,176.17652554183172,177.98983107311972,171.72392920461195,172.0751953125,3528100,0.0,0.0,175.59170227050782
2024-04-16 00:00:00-04:00,176.1954952793107,176.3094307718,173.60369098589177,174.44863891601562,4473700,0.0,0.0,174.535986328125
2024-04-17 00:00:00-04:00,174.83788379349735,175.3220625432171,172.57835398868372,173.83154296875,3003000,0.0,0.0,173.97774963378907
2024-04-18 00:00:00-04:00,173.11953231468178,174.1733452025409,171.04987538327006,172.28407287597656,2886700,0.0,0.0,173.13660278320313
2024-04-19 00:00:00-04:00,173.19546871982038,173.54674933743433,171.4296349879275,172.3885040283203,3038000,0.0,0.0,173.0055908203125
2024-04-22 00:00:00-04:00,173.21443807905553,174.0404088157965,171.3156774216005,172.69227600097656,3076500,0.0,0.0,173.1290069580078
2024-04-23 00:00:00-04:00,173.48027990183806,175.33156882154663,169.93909499527805,172.96762084960938,5950200,0.0,0.0,172.83280334472656
2024-04-24 00:00:00-04:00,173.89802866367035,174.96133021380848,172.21762108172925,174.7809600830078,7616600,0.0,0.0,173.02268676757814
2024-04-25 00:00:00-04:00,159.685796754129,163.7206638677942,157.27437666491778,160.35986328125,16702200,0.0,0.0,170.63784484863282
2024-04-26 00:00:00-04:00,159.02121850826327,159.37248462394842,157.3408111281345,158.66995239257812,8983800,0.0,0.0,167.89413452148438
2024-04-29 00:00:00-04:00,158.92626218052078,159.70476100818098,157.81548892766443,158.95474243164062,5242200,0.0,0.0,165.1466278076172
2024-04-30 00:00:00-04:00,158.06234624757508,158.31866852251068,156.89459793839924,157.78701782226562,6011600,0.0,0.0,162.11050720214843
2024-05-01 00:00:00-04:00,157.30284174168074,157.85348411536617,155.98320355718482,156.1066131591797,4029900,0.0,0.0,158.37563781738282
2024-05-02 00:00:00-04:00,156.03068396984858,156.53385445336406,154.38824534832452,156.3534698486328,3829900,0.0,0.0,157.57435913085936
2024-05-03 00:00:00-04:00,156.64777189552348,158.1762749765053,156.57181972229753,157.32183837890625,3400400,0.0,0.0,157.304736328125
2024-05-06 00:00:00-04:00,158.07184933970737,160.13200323537683,157.95792831817246,160.07504272460938,4222300,0.0,0.0,157.52879638671874
2024-05-07 00:00:00-04:00,160.44528539861344,160.72059933682206,159.43894450624416,159.85667419433594,3155300,0.0,0.0,157.9427276611328
2024-05-08 00:00:00-04:00,159.50539996997617,161.64150592596943,159.4009675437829,161.2997283935547,3522000,0.0,0.0,158.98135070800782
2024-05-09 00:00:00-04:00,160.59979694715938,160.64774011109395,159.04653792103576,159.42047119140625,4266600,1.67,0.0,159.5947509765625
2024-05-10 00:00:00-04:00,160.2450556285855,161.14633450798104,159.46842605852785,160.26422119140625,2255400,0.0,0.0,160.1832275390625
2024-05-13 00:00:00-04:00,160.59982267895384,161.13675108857058,159.89030177755922,160.6573486328125,2414900,0.0,0.0,160.29968872070313
2024-05-14 00:00:00-04:00,160.94496328022228,161.2038446549317,159.62180806526223,160.46556091308594,2601000,0.0,0.0,160.4214660644531
2024-05-15 00:00:00-04:00,161.02166605129315,161.41477949538174,160.44637737066606,161.32847595214844,4468800,0.0,0.0,160.42721557617188
2024-05-16 00:00:00-04:00,161.32848898676758,162.64206149995053,160.87784956424645,162.00924682617188,3492300,0.0,0.0,160.944970703125
2024-05-17 00:00:00-04:00,162.00923126100452,162.14346333373987,160.43679213887646,162.06675720214844,2956400,0.0,0.0,161.30547790527345
2024-05-20 00:00:00-04:00,162.03800634651407,163.15022339244814,161.44355206998367,162.92010498046875,2726300,0.0,0.0,161.75802917480468
2024-05-21 00:00:00-04:00,162.93928806554752,167.7620749803105,162.93928806554752,166.32386779785156,6459800,0.0,0.0,162.9296905517578
2024-05-22 00:00:00-04:00,166.24716093657003,167.78125444327165,165.64310924089878,166.53480529785156,3294900,0.0,0.0,163.97095642089843
2024-05-23 00:00:00-04:00,168.16476555084765,168.2318889062559,163.4186849352177,163.6392059326172,3341300,0.0,0.0,164.2969482421875
2024-05-24 00:00:00-04:00,164.41583472487167,164.92400007285613,163.1981632239577,163.8501434326172,2587400,0.0,0.0,164.65362548828125
2024-05-28 00:00:00-04:00,163.41868869996412,164.041905953572,161.70241995446568,162.6708221435547,2629500,0.0,0.0,164.60376892089843
2024-05-29 00:00:00-04:00,161.0791965391368,161.68324820782234,159.36294248948965,160.1683349609375,4206600,0.0,0.0,163.37266235351564
2024-05-30 00:00:00-04:00,158.73971563275524,159.86151545981485,157.46450353100374,158.8068389892578,3842400,0.0,0.0,161.8270690917969
2024-05-31 00:00:00-04:00,158.87395867613537,160.09164491643446,157.0905810928583,159.97659301757812,4905000,0.0,0.0,161.09454650878905
2024-06-03 00:00:00-04:00,159.67934119408233,159.90945960753484,156.7933440809229,158.47125244140625,2776100,0.0,0.0,160.01876831054688
2024-06-04 00:00:00-04:00,157.81927031972378,159.54510719418957,157.12892971785763,158.9794158935547,2594200,0.0,0.0,159.28048706054688
2024-06-05 00:00:00-04:00,159.55471461801991,160.87785532946396,158.95066289592987,160.48475646972656,3049400,0.0,0.0,159.3437713623047
2024-06-06 00:00:00-04:00,160.48475324230756,161.50108399667377,159.92864469874488,161.27096557617188,2207100,0.0,0.0,159.8365966796875
2024-06-07 00:00:00-04:00,161.25177895056498,164.25284255775918,161.1367270600041,163.0063934326172,3475500,0.0,0.0,160.44255676269532
2024-06-10 00:00:00-04:00,162.56535056903263,163.72549613989565,161.92295313314492,163.3611602783203,3440000,0.0,0.0,161.42053833007813
2024-06-11 00:00:00-04:00,162.97764873204284,162.99682892601993,159.93823903063475,162.3448486328125,2951300,0.0,0.0,162.0936248779297
2024-06-12 00:00:00-04:00,164.29120675399182,165.3650634380129,161.17509118392346,162.0380096435547,3522700,0.0,0.0,162.4042755126953
2024-06-13 00:00:00-04:00,162.04759180129668,162.60370033344003,161.4051943495621,162.15306091308594,3525700,0.0,0.0,162.58069458007813
2024-06-14 00:00:00-04:00,161.35725134443712,162.48864860204566,160.34092060993112,162.23936462402344,2777700,0.0,0.0,162.4272888183594
2024-06-17 00:00:00-04:00,161.8079046661221,162.72836377901908,160.59981579625853,162.51742553710938,3239800,0.0,0.0,162.2585418701172
2024-06-18 00:00:00-04:00,162.9968243288884,163.7159279656335,161.4435651551833,163.524169921875,3386400,0.0,0.0,162.4944061279297
2024-06-20 00:00:00-04:00,166.90872232036045,167.10048033246957,164.16654031962435,166.75531005859375,4723100,0.0,0.0,163.4378662109375
2024-06-21 00:00:00-04:00,166.80325861296828,167.75248055437075,164.33912345557962,165.35546875,10181500,0.0,0.0,164.0783477783203
2024-06-24 00:00:00-04:00,167.79084751629435,171.10831871019062,166.9758575477063,167.80043029785156,4864700,0.0,0.0,165.19056091308593
2024-06-25 00:00:00-04:00,167.92505786585352,168.50992932953096,164.35830314149246,165.4897003173828,4069800,0.0,0.0,165.78501586914064
2024-06-26 00:00:00-04:00,164.22407312436113,165.56639389542886,163.3899176902118,164.78976440429688,2779000,0.0,0.0,166.038134765625
2024-06-27 00:00:00-04:00,164.0706648455754,165.39382008794277,163.45703038813826,163.81179809570312,2894000,0.0,0.0,165.44943237304688
2024-06-28 00:00:00-04:00,163.8118055678316,166.31428667547516,163.5049810100178,165.82528686523438,4193300,0.0,0.0,165.54339599609375
2024-07-01 00:00:00-04:00,166.30468212332764,169.19069380431804,166.2375733980625,167.88671875,3321000,0.0,0.0,165.56065368652344
2024-07-02 00:00:00-04:00,167.6374124606334,170.17825372745946,167.13884454376245,169.99607849121094,2883300,0.0,0.0,166.46192932128906
2024-07-03 00:00:00-04:00,170.5522075922177,170.6480792969569,167.95384006943584,168.4907684326172,1649000,0.0,0.0,167.20213012695314
2024-07-05 00:00:00-04:00,168.50036516519435,168.83593807573004,166.78409633601254,168.76882934570312,2086000,0.0,0.0,168.19353637695312
2024-07-08 00:00:00-04:00,169.14275672283918,171.2329441451097,168.7592260282482,170.32208251953125,2503000,0.0,0.0,169.0928955078125
2024-07-09 00:00:00-04:00,170.28372536876128,170.37959706334266,168.3469357237487,169.20985412597656,2512700,0.0,0.0,169.3575225830078
2024-07-10 00:00:00-04:00,169.32493114973536,170.87819022221746,167.263492080619,170.5138397216797,3462200,0.0,0.0,169.46107482910156
2024-07-11 00:00:00-04:00,170.3316628746502,172.04793161932596,169.34409512421885,170.9644775390625,2806800,0.0,0.0,169.95581665039063
2024-07-12 00:00:00-04:00,171.2041932243794,176.57350628504622,171.146667273691,175.2982940673828,4785600,0.0,0.0,171.26170959472657
2024-07-15 00:00:00-04:00,175.82562431130123,177.2829970354756,175.07775775725915,175.34622192382812,2925700,0.0,0.0,172.26653747558595
2024-07-16 00:00:00-04:00,177.06248069114307,178.91298156316873,176.91866582319815,178.155517578125,3374500,0.0,0.0,174.05567016601563
2024-07-17 00:00:00-04:00,177.80077382587092,180.1977859522331,177.44602071283364,179.72796630859375,4225300,0.0,0.0,175.89849548339845
2024-07-18 00:00:00-04:00,178.9513295689501,181.6647489431782,177.47477659540775,177.58982849121094,3487800,0.0,0.0,177.22356567382812
2024-07-19 00:00:00-04:00,178.65409394802012,179.29649138613254,174.45452438790028,175.7009735107422,3816000,0.0,0.0,177.3041015625
2024-07-22 00:00:00-04:00,175.84480018521333,177.35013079265266,175.32705201366772,176.56390380859375,2488500,0.0,0.0,177.54763793945312
2024-07-23 00:00:00-04:00,176.7652752226813,177.74326033524886,175.47088273163007,176.5159912109375,2180200,0.0,0.0,177.21973266601563
2024-07-24 00:00:00-04:00,176.5543066494496,177.44600267753037,175.6050846770151,176.4392547607422,6962100,0.0,0.0,176.5619903564453
2024-07-25 00:00:00-04:00,179.10473317459892,188.17501806600922,177.66652602592205,184.0713348388672,9532800,0.0,0.0,177.85829162597656
2024-07-26 00:00:00-04:00,182.661876476439,185.59583112124398,181.80854088637244,183.85079956054688,4294900,0.0,0.0,179.4882568359375
2024-07-29 00:00:00-04:00,185.22189950224197,185.32736861275134,181.3866804003735,183.61111450195312,3336800,0.0,0.0,180.89769897460937
2024-07-30 00:00:00-04:00,183.59193564921648,184.8288020115034,181.30039280434218,183.17005920410156,3065000,0.0,0.0,182.2285125732422
2024-07-31 00:00:00-04:00,183.13172502699513,186.53548514594542,182.16333740236342,184.22476196289062,5558400,0.0,0.0,183.78561401367188
2024-08-01 00:00:00-04:00,184.86715312841312,185.66296287656593,180.53335128951113,181.846923828125,4085400,0.0,0.0,183.34073181152343
2024-08-02 00:00:00-04:00,181.0031724706061,181.46339468704164,178.05005187392712,181.32916259765625,4548800,0.0,0.0,182.8364044189453
2024-08-05 00:00:00-04:00,176.94740695906813,177.62815009026133,174.32027686396316,175.75848388671875,4975000,0.0,0.0,181.26587829589843
2024-08-06 00:00:00-04:00,177.0912555196953,181.11823302393165,176.0749247043148,179.10475158691406,3632500,0.0,0.0,180.45281677246095
2024-08-07 00:00:00-04:00,180.33202064286797,182.0482749127688,179.00886524839845,179.10475158691406,3801900,0.0,0.0,179.42881469726564
2024-08-08 00:00:00-04:00,179.77589163621735,184.9342659018964,179.29648925852078,184.67538452148438,3712700,0.0,0.0,179.9945068359375
2024-08-09 00:00:00-04:00,184.90752501313978,186.30996344138936,182.83773734795983,185.16867065429688,2773700,1.67,0.0,180.7624084472656
2024-08-12 00:00:00-04:00,184.97522208311145,185.29439678631235,182.7990429997807,183.26329040527344,2290300,0.0,0.0,182.26336975097655
2024-08-13 00:00:00-04:00,184.04670959443354,185.03324822884517,183.0021566381844,184.7237548828125,2178900,0.0,0.0,183.38717041015624
2024-08-14 00:00:00-04:00,184.87849050704952,186.75484276652912,184.4722721969805,186.01011657714844,1895100,0.0,0.0,184.76824340820312
2024-08-15 00:00:00-04:00,187.16108834534572,187.87681485774158,186.93863859131264,187.58665466308594,2472000,0.0,0.0,185.35049743652343
2024-08-16 00:00:00-04:00,187.22876026398566,187.97350116680192,186.53238184335495,187.4221954345703,2494400,0.0,0.0,185.80120239257812
2024-08-19 00:00:00-04:00,187.48023483460648,189.11478941865425,187.36417667749578,188.34103393554688,2361400,0.0,0.0,186.8167510986328
2024-08-20 00:00:00-04:00,188.20563172511004,189.77249066929994,187.3931950922167,189.598388671875,1790400,0.0,0.0,187.79167785644532
2024-08-21 00:00:00-04:00,189.54037843661646,190.85575848843243,187.7510695894144,190.7397003173828,2579300,0.0,0.0,188.7375946044922
2024-08-22 00:00:00-04:00,190.7783702234039,191.42638623721405,189.15349689172936,189.53070068359375,1969500,0.0,0.0,189.12640380859375
2024-08-23 00:00:00-04:00,190.33345638148938,190.90411012574722,188.0122045435051,189.66610717773438,2322000,0.0,0.0,189.57518615722657
2024-08-26 00:00:00-04:00,189.56938722141516,191.84229138983372,189.47266224303831,191.4844207763672,2567200,0.0,0.0,190.20386352539063
2024-08-27 00:00:00-04:00,190.96213880987963,192.85782436337774,190.50755798918016,192.20980834960938,2617100,0.0,0.0,190.7261474609375
2024-08-28 00:00:00-04:00,192.47096120910868,193.43815196895343,191.0105084746806,191.9486846923828,2645200,0.0,0.0,190.9679443359375
2024-08-29 00:00:00-04:00,192.7611069315751,194.52138630822824,191.76490170430338,192.3742218017578,2989600,0.0,0.0,191.53664855957032
2024-08-30 00:00:00-04:00,192.5773404579713,195.53694163237475,192.20980327014172,195.49826049804688,4751000,0.0,0.0,192.7030792236328
2024-09-03 00:00:00-04:00,195.28546703222705,198.00327038835852,193.64124588434177,194.67613220214844,3874700,0.0,0.0,193.34142150878907
2024-09-04 00:00:00-04:00,194.1731897186979,197.6550819644292,193.92172546245658,197.4132843017578,3142500,0.0,0.0,194.38211669921876
2024-09-05 00:00:00-04:00,197.38428047138424,199.19292236367812,194.36665020014334,195.9431610107422,3229200,0.0,0.0,195.18101196289064
2024-09-06 00:00:00-04:00,195.74006181270659,197.40363102476044,192.79979377170753,194.15386962890625,3304500,0.0,0.0,195.5369415283203
2024-09-09 00:00:00-04:00,195.31449574146652,198.32245946149624,194.82121903060198,196.85232543945312,3705000,0.0,0.0,195.80775451660156
2024-09-10 00:00:00-04:00,197.5003392786484,199.07686485255877,196.21397386826544,198.58360290527344,3070600,0.0,0.0,196.58924865722656
2024-09-11 00:00:00-04:00,200.94354112800767,203.2261118454068,196.37839969320947,203.003662109375,5554300,0.0,0.0,197.70732421875
2024-09-12 00:00:00-04:00,203.11005862169893,205.6731082200898,201.43682274724299,204.667236328125,4615300,0.0,0.0,199.45213928222657
2024-09-13 00:00:00-04:00,205.50868119004429,209.00024029888348,205.1701732910674,207.74288940429688,4572300,0.0,0.0,202.1699432373047
2024-09-16 00:00:00-04:00,208.79713804617276,210.7508526811541,208.4489487954958,210.03514099121094,4176100,0.0,0.0,204.80650634765624
2024-09-17 00:00:00-04:00,210.12219902212064,211.66002883549092,206.01163816668213,207.1045684814453,5635200,0.0,0.0,206.5106994628906
2024-09-18 00:00:00-04:00,207.104532669181,209.7449589356926,206.58224146858717,207.88795471191406,3482800,0.0,0.0,207.48755798339843
2024-09-19 00:00:00-04:00,210.85724228444013,211.3118231007553,203.4679058184665,206.87242126464844,5279600,0.0,0.0,207.92859497070313
2024-09-20 00:00:00-04:00,207.29797576543214,210.70249101823376,206.72733681843977,210.55740356445312,9958800,0.0,0.0,208.4914978027344
2024-09-23 00:00:00-04:00,210.84755687756873,213.38159160000058,210.1415118515014,213.26553344726562,4074800,0.0,0.0,209.1375762939453
2024-09-24 00:00:00-04:00,212.5691792103153,213.93292169281077,211.0023349374155,213.7201385498047,3183900,0.0,0.0,210.4606903076172
2024-09-25 00:00:00-04:00,213.91357431042883,214.57127168822723,212.93671697543832,213.9716033935547,2537800,0.0,0.0,211.67742004394532
2024-09-26 00:00:00-04:00,214.82272696102225,216.65071679364226,214.09733393604355,216.0994110107422,2673200,0.0,0.0,213.52281799316407
2024-09-27 00:00:00-04:00,215.68352632528087,216.79578972817907,213.52669519431254,213.59439086914062,3830300,0.0,0.0,214.13021545410157
2024-09-30 00:00:00-04:00,213.41063837887617,214.05866918463406,211.83412745281206,213.8265380859375,3543400,0.0,0.0,214.24241638183594
2024-10-01 00:00:00-04:00,213.39130808054648,213.84588893113641,208.8164850316868,212.15330505371094,3548400,0.0,0.0,213.92904968261718
2024-10-02 00:00:00-04:00,211.14738877529152,212.97537851636628,208.7197455528757,212.5207977294922,3343400,0.0,0.0,213.63888854980468
2024-10-03 00:00:00-04:00,212.2983493692664,215.51909603044882,212.07589965027537,215.41270446777344,3788300,0.0,0.0,213.50154724121094
2024-10-04 00:00:00-04:00,216.4089191909385,218.66247529360422,215.94467178708155,218.58509826660156,3553800,0.0,0.0,214.49968872070312
2024-10-07 00:00:00-04:00,217.9854478227519,220.2003080640067,217.63725857541937,219.66835021972656,3458000,0.0,0.0,215.66805114746094
2024-10-08 00:00:00-04:00,220.6258634394257,221.82518517835405,219.5909623427591,221.11912536621094,3245100,0.0,0.0,217.46121520996093
2024-10-09 00:00:00-04:00,221.6801142994286,227.24146104547395,221.0030837341506,226.61279296875,5083600,0.0,0.0,220.2796142578125
2024-10-10 00:00:00-04:00,227.38652945652194,228.09257450413503,224.20446392912805,225.37477111816406,3142000,0.0,0.0,222.27202758789062
2024-10-11 00:00:00-04:00,225.5972364818645,225.7810050808187,222.8987808541924,225.60690307617188,3469200,0.0,0.0,223.6763885498047
2024-10-14 00:00:00-04:00,225.90673516516716,228.37305960305173,225.51985003663881,227.54127502441406,2524400,0.0,0.0,225.2509735107422
2024-10-15 00:00:00-04:00,228.64388089062027,229.582057072077,225.07495952152885,225.31675720214844,3350600,0.0,0.0,226.0904998779297
2024-10-16 00:00:00-04:00,224.49463335971726,226.20656502636828,223.53710925637165,226.00344848632812,2846700,0.0,0.0,225.9686309814453
2024-10-17 00:00:00-04:00,224.38824732551853,225.50051075167016,223.09221530102764,225.2393798828125,5040100,0.0,0.0,225.941552734375
2024-10-18 00:00:00-04:00,224.31086807923703,225.0169131664707,222.61828433381672,224.58168029785156,4715700,0.0,0.0,225.73650817871095
2024-10-21 00:00:00-04:00,223.62416212849757,224.79445457894218,222.70531918208428,224.1464385986328,2733300,0.0,0.0,225.0575408935547
2024-10-22 00:00:00-04:00,224.37857113656085,225.3264138705515,223.10187235521303,224.63003540039062,3180800,0.0,0.0,224.92019653320312
2024-10-23 00:00:00-04:00,222.85042464389005,225.68428646248918,222.70533717623746,225.1136474609375,5791000,0.0,0.0,224.742236328125
2024-10-24 00:00:00-04:00,213.5557103598965,214.05865365817874,209.06794608439702,211.2247772216797,11193400,0.0,0.0,221.93931579589844
2024-10-25 00:00:00-04:00,209.68693661026592,211.47623046417394,207.35600359359714,207.62681579589844,8482200,0.0,0.0,218.5483428955078
2024-10-28 00:00:00-04:00,208.42959618068025,209.1549892068311,205.72145926475193,205.92457580566406,4993300,0.0,0.0,214.90397033691406
2024-10-29 00:00:00-04:00,205.03475451783828,206.340453061531,202.9649670837366,203.5259246826172,5258400,0.0,0.0,210.6831481933594
2024-10-30 00:00:00-04:00,202.60710333293494,204.19329548770577,197.55836670752166,198.1773681640625,6956600,0.0,0.0,205.29589233398437
2024-10-31 00:00:00-04:00,197.43263234335114,201.30139494798036,196.8329641040861,199.93765258789062,5925300,0.0,0.0,203.03846740722656
2024-11-01 00:00:00-04:00,200.95320257816647,202.95527952048582,200.60501335887292,201.41744995117188,3334100,0.0,0.0,201.79659423828124
2024-11-04 00:00:00-05:00,200.83714717968905,200.88550966733894,199.04785320191678,199.55079650878906,2593900,0.0,0.0,200.52183837890624
2024-11-05 00:00:00-05:00,199.4057050475389,201.2917239627942,198.8253994818536,200.75978088378906,2441500,0.0,0.0,199.96860961914064
2024-11-06 00:00:00-05:00,206.47587653770185,207.2979945759174,203.46791272419927,206.59194946289062,3934400,0.0,0.0,201.65152587890626
2024-11-07 00:00:00-05:00,206.63060785325578,207.48174033953583,204.97670536435396,206.67897033691406,3675800,0.0,0.0,202.99978942871093
2024-11-08 00:00:00-05:00,207.1335741028623,209.59023210882705,205.79884614820955,206.7080078125,3201000,0.0,0.0,204.05790100097656
2024-11-11 00:00:00-05:00,207.36568254909784,208.3425546124954,206.475868865897,206.56292724609375,3013000,0.0,0.0,205.4603271484375
2024-11-12 00:00:00-05:00,206.56291725528735,207.66446096378078,203.7944512550684,205.5491180419922,2817800,1.67,0.0,206.41819458007814
2024-11-13 00:00:00-05:00,204.22338713288784,206.0852841128983,203.80422455202682,205.6076202392578,3247800,0.0,0.0,206.22132873535156
2024-11-14 00:00:00-05:00,204.7107675034164,205.19817409271027,201.15270535135878,203.72621154785156,6372900,0.0,0.0,205.63077697753906
2024-11-15 00:00:00-05:00,202.2347705940515,203.2388270873618,198.9301541538087,199.8269805908203,3986500,0.0,0.0,204.25457153320312
2024-11-18 00:00:00-05:00,201.78633412590946,203.17056709681273,200.19738383648885,202.848876953125,3405900,0.0,0.0,203.5117614746094
2024-11-19 00:00:00-05:00,201.29893339431527,205.032469876105,200.99674367082974,204.95448303222656,2860700,0.0,0.0,203.39283447265626
2024-11-20 00:00:00-05:00,205.68558235031702,209.5458491136011,204.4865662957802,209.19491577148438,4562900,0.0,0.0,204.11029357910155
2024-11-21 00:00:00-05:00,210.37443132826036,217.02266439771094,209.84803875249276,216.79844665527344,5236400,0.0,0.0,206.72474060058593
2024-11-22 00:00:00-05:00,217.72454451119825,221.4775665847767,215.3264973805302,217.35411071777344,5320700,0.0,0.0,210.23016662597655
2024-11-25 00:00:00-05:00,217.7245298253754,220.7171985549367,217.04214869941626,220.43450927734375,7189300,0.0,0.0,213.7472930908203
2024-11-26 00:00:00-05:00,221.01939933006005,223.21272909614106,219.8301260002719,223.06651306152344,4449500,0.0,0.0,217.36969909667968
2024-11-27 00:00:00-05:00,223.0665172341242,223.41745059824038,218.6213712049658,221.20462036132812,2995100,0.0,0.0,219.77164001464843
2024-11-29 00:00:00-05:00,222.01371442439654,224.55797756448038,221.4678213923351,221.68228149414062,2640300,0.0,0.0,220.74840698242187
2024-12-02 00:00:00-05:00,221.770010812475,222.62785121852494,219.83012712132827,221.66278076171875,2655900,0.0,0.0,221.61014099121093
2024-12-03 00:00:00-05:00,221.51655762808858,223.33945355806236,220.96090696257434,223.2322235107422,3163800,0.0,0.0,222.16968383789063
2024-12-04 00:00:00-05:00,224.20704259527886,227.85284942533283,223.5734199464278,227.60914611816406,4104200,0.0,0.0,223.07821044921874
2024-12-05 00:00:00-05:00,227.66762946001765,230.56282590007504,227.5798998404933,228.83740234375,4791100,0.0,0.0,224.60476684570312
2024-12-06 00:00:00-05:00,228.5254489364602,232.3759729356002,228.32074649631247,232.04452514648438,4028400,0.0,0.0,226.67721557617188
2024-12-09 00:00:00-05:00,232.0055366847826,233.32154042668964,223.14448845438335,224.20703125,4970400,0.0,0.0,227.18606567382812
2024-12-10 00:00:00-05:00,222.64732584958932,228.4864621916059,222.0624468623633,225.8837127685547,4769500,0.0,0.0,227.71636352539062
2024-12-11 00:00:00-05:00,226.8292975786083,227.131487306268,223.35896478766375,224.3240203857422,3872700,0.0,0.0,227.05933837890626
2024-12-12 00:00:00-05:00,224.8504182645611,227.99906076347395,224.57747175611186,226.4101104736328,4515700,0.0,0.0,226.57388000488282
2024-12-13 00:00:00-05:00,226.40038454368408,227.89184767386357,224.46050075941548,225.00640869140625,2757400,0.0,0.0,225.1662567138672
2024-12-16 00:00:00-05:00,224.91864180975406,225.2110887398872,221.16561997552998,223.5539093017578,3610300,0.0,0.0,225.03563232421874
2024-12-17 00:00:00-05:00,223.4564184811456,224.40198844467815,221.88696868466593,223.20297241210938,3651300,0.0,0.0,224.49948425292968
2024-12-18 00:00:00-05:00,223.27122265025847,223.27122265025847,214.48816052756513,214.6246337890625,4152500,0.0,0.0,222.55960693359376
2024-12-19 00:00:00-05:00,218.76757321853398,220.50273949808087,217.36383985205362,218.28016662597656,4427200,0.0,0.0,220.9336181640625
2024-12-20 00:00:00-05:00,217.12014635310095,221.9454688622634,216.09658948764968,217.73428344726562,12423200,0.0,0.0,219.47919311523438
2024-12-23 00:00:00-05:00,217.19814194968401,218.10472602400955,215.51171916022383,216.34030151367188,2988100,0.0,0.0,218.03647155761718
2024-12-24 00:00:00-05:00,216.67174327648414,218.78708622485522,215.9601189008225,218.75784301757812,1186200,0.0,0.0,217.14744567871094
2024-12-26 00:00:00-05:00,217.68554704607033,219.72290319273648,216.94469432213808,219.2257537841797,3286500,0.0,0.0,218.0676696777344
2024-12-27 00:00:00-05:00,217.5198176255689,218.76757733604293,215.83339494843068,217.16888427734375,1810800,0.0,0.0,217.8454132080078
2024-12-30 00:00:00-05:00,214.98529548295875,216.00885231261407,212.16808594435574,214.70260620117188,2095600,0.0,0.0,217.23907775878905
2024-12-31 00:00:00-05:00,215.160780825711,215.48247098179542,212.93820781500926,214.29319763183594,2270200,0.0,0.0,216.82965698242188
2025-01-02 00:00:00-05:00,216.23307474879277,216.886197818685,212.11936178663174,214.40042114257812,2579500,0.0,0.0,215.9581726074219
2025-01-03 00:00:00-05:00,214.99506117280106,218.026730917612,214.99506117280106,217.0421600341797,3872100,0.0,0.0,215.52145385742188
2025-01-06 00:00:00-05:00,217.3833509183678,218.6993547324596,215.19002114452775,217.06166076660156,2846700,0.0,0.0,215.50000915527343
2025-01-07 00:00:00-05:00,217.72454666849487,220.99991980349986,217.217639610544,218.31918334960938,3299300,0.0,0.0,216.22332458496095
2025-01-08 00:00:00-05:00,218.27043173350418,219.2354873019685,215.26800522995777,217.55880737304688,2619800,0.0,0.0,216.87644653320314
2025-01-10 00:00:00-05:00,216.40855517078177,216.82771775501527,211.3395289254594,214.21522521972656,3570300,0.0,0.0,216.83940734863282
2025-01-13 00:00:00-05:00,212.40204125004053,214.05922066597032,209.34112848785117,211.92437744140625,3716800,0.0,0.0,215.81585083007812
2025-01-14 00:00:00-05:00,212.50928252928566,212.63601300805533,209.20466629961177,212.2655792236328,3485500,0.0,0.0,214.85663452148438
2025-01-15 00:00:00-05:00,215.30699874352607,216.09659509968967,212.51903224091112,214.4881591796875,2951600,0.0,0.0,214.0904296875
2025-01-16 00:00:00-05:00,214.15672906544395,217.0714112149066,211.90491279797615,217.0519256591797,3329100,0.0,0.0,213.98905334472656
2025-01-17 00:00:00-05:00,220.2688099804822,220.2688099804822,218.0072360856877,219.12826538085938,5506800,0.0,0.0,214.97166137695314
2025-01-21 00:00:00-05:00,219.32322712851484,221.72125926978123,217.21762704754755,218.61160278320312,3982200,0.0,0.0,216.3091064453125
2025-01-22 00:00:00-05:00,216.38903530713407,218.74808152437,214.80009986659107,217.6367950439453,4759500,0.0,0.0,217.383349609375
2025-01-23 00:00:00-05:00,218.29968754283507,220.34678649902344,217.52957672461383,220.34678649902344,3619700,0.0,0.0,218.5550750732422
2025-01-24 00:00:00-05:00,219.59617915234335,221.09738497265312,218.1632025229948,219.1380157470703,3232900,0.0,0.0,218.9722930908203
2025-01-27 00:00:00-05:00,216.59376888116552,218.65062553320197,214.30295168299557,218.4849090576172,4898400,0.0,0.0,218.84362182617187
2025-01-28 00:00:00-05:00,218.6701179353488,220.08359418947418,216.1843411439035,219.9763641357422,4485400,0.0,0.0,219.1165740966797
2025-01-29 00:00:00-05:00,219.93736925622022,223.69040636442426,218.0949727370676,222.87156677246094,7079800,0.0,0.0,220.1635284423828
2025-01-30 00:00:00-05:00,243.70330477723536,255.20608886314545,240.7886078972907,251.76499938964844,15381900,0.0,0.0,226.44717102050782
2025-01-31 00:00:00-05:00,249.6009108066309,250.7609409077738,245.54569915298566,249.25973510742188,7199800,0.0,0.0,232.4715148925781
2025-02-03 00:00:00-05:00,246.04284483409148,255.45954388166717,245.49695182399475,254.16305541992188,8408500,0.0,0.0,239.60714416503907
2025-02-04 00:00:00-05:00,253.45144403446872,258.5692135774724,251.61879037161995,257.7991027832031,6077700,0.0,0.0,247.17169189453125
2025-02-05 00:00:00-05:00,259.0176078323982,259.02736548408814,254.60170521288555,256.6683044433594,6165100,0.0,0.0,253.93103942871093
2025-02-06 00:00:00-05:00,256.3563819945323,256.74630131858294,246.36453197796,247.05665588378906,6128300,0.0,0.0,252.98937072753907
2025-02-07 00:00:00-05:00,248.85032837062388,250.45876430337648,245.6724424908377,245.984375,3370300,0.0,0.0,252.33429870605468
2025-02-10 00:00:00-05:00,246.17082541890184,247.2404471104799,242.25540269990174,244.6105499267578,3564400,1.67,0.0,250.42379760742188
2025-02-11 00:00:00-05:00,246.4063427842741,251.9507246996304,245.896058642917,249.9390411376953,4801600,0.0,0.0,248.8517852783203
2025-02-12 00:00:00-05:00,247.9960529645549,251.60725767381422,247.30914065285506,251.02828979492188,3075300,0.0,0.0,247.72378234863282
2025-02-13 00:00:00-05:00,250.88110860572556,254.43343738276656,249.65447408618755,254.34512329101562,4531500,0.0,0.0,249.1814758300781
2025-02-14 00:00:00-05:00,254.15867692375616,257.0437237602829,253.08905519753986,256.39605712890625,3925300,0.0,0.0,251.26381225585936
2025-02-18 00:00:00-05:00,257.033913279058,259.0259666703634,254.9731611628822,258.1526184082031,4262800,0.0,0.0,253.97222595214845
2025-02-19 00:00:00-05:00,257.10260103694185,259.4184726869258,255.22829985557388,259.3792419433594,3718700,0.0,0.0,255.86026611328126
2025-02-20 00:00:00-05:00,258.7217600739739,260.1348455083613,257.24979857541484,259.7913818359375,4884800,0.0,0.0,257.6128845214844
2025-02-21 00:00:00-05:00,258.9180098366856,259.8796720947036,256.21941400352296,256.5923156738281,5667900,0.0,0.0,258.06232299804685
2025-02-24 00:00:00-05:00,256.61192709763344,258.91800585447606,254.72780340453878,256.9750061035156,4398100,0.0,0.0,258.17811279296876
2025-02-25 00:00:00-05:00,256.19979398531945,258.5549563572631,251.9703603121899,252.9320526123047,6292200,0.0,0.0,257.1339996337891
2025-02-26 00:00:00-05:00,253.27548868044573,253.50117025437893,249.6544613674732,251.05772399902344,3460100,0.0,0.0,255.46969604492188
2025-02-27 00:00:00-05:00,250.44931314477066,252.81426792482225,248.3198775662958,248.4965057373047,3402200,0.0,0.0,253.21072082519532
2025-02-28 00:00:00-05:00,246.17081521662544,248.08436196481475,241.93155936811516,247.72128295898438,7988800,0.0,0.0,251.43651428222657
2025-03-03 00:00:00-05:00,249.97830402606652,251.20493852906753,243.6096122960016,245.5133514404297,2977700,0.0,0.0,249.14418334960936
2025-03-04 00:00:00-05:00,244.10027480101536,250.70447100805836,243.4624308261377,248.47691345214844,5342100,0.0,0.0,248.25315551757814
2025-03-05 00:00:00-05:00,246.8773689197021,248.0156893344984,242.39278598013863,246.65167236328125,4009800,0.0,0.0,247.3719451904297
2025-03-06 00:00:00-05:00,245.081565463757,247.38764424133055,242.1867111286679,244.0413818359375,3254400,0.0,0.0,246.48092041015624
2025-03-07 00:00:00-05:00,241.3526167515383,257.06334704772837,240.5970056583313,256.6512145996094,6700200,0.0,0.0,248.26690673828125
2025-03-10 00:00:00-04:00,256.67082818011113,261.46943699393086,249.9881254366336,252.09793090820312,8165500,0.0,0.0,249.58382263183594
2025-03-11 00:00:00-04:00,251.20493793768642,251.90167292211967,241.26428715722724,244.29652404785156,5630600,0.0,0.0,248.74774475097655
2025-03-12 00:00:00-04:00,245.6703640822629,248.39839801718404,240.94045425461792,244.9638214111328,3848800,0.0,0.0,248.41017456054686
2025-03-13 00:00:00-04:00,244.14932120682244,244.61053695277715,238.49698014101685,241.2053985595703,3862400,0.0,0.0,247.84297790527344
2025-03-14 00:00:00-04:00,238.2124198644791,244.29652398885872,237.16241354532414,243.70774841308594,4045200,0.0,0.0,245.25428466796876
2025-03-17 00:00:00-04:00,244.59092843671996,249.870368313475,244.34560152755574,248.24139404296875,3233900,0.0,0.0,244.48297729492188
2025-03-18 00:00:00-04:00,247.78997592452805,247.84886695814237,240.53811338174188,242.3339080810547,4171900,0.0,0.0,244.0904541015625
2025-03-19 00:00:00-04:00,243.68812682975238,248.91849832184664,242.02971453060465,247.5740966796875,3853600,0.0,0.0,244.61250915527344
2025-03-20 00:00:00-04:00,239.67457549424495,242.18672057417712,232.78579189561802,238.7717742919922,7026800,0.0,0.0,244.12578430175782
2025-03-21 00:00:00-04:00,237.17223429795905,240.62644121427667,234.04186068381802,239.3114776611328,9580100,0.0,0.0,243.24653015136718
2025-03-24 00:00:00-04:00,242.68718758625852,244.1689716906819,241.37223895567791,243.80587768554688,4753300,0.0,0.0,242.35942687988282
2025-03-25 00:00:00-04:00,243.71755267146966,246.2100673516796,243.5605398640452,245.228759765625,3133800,0.0,0.0,242.9383972167969
2025-03-26 00:00:00-04:00,246.5535312174934,249.56615269669618,244.86568097007944,245.66053771972656,4450100,0.0,0.0,242.5556854248047
2025-03-27 00:00:00-04:00,245.04233426479723,245.62130217139804,241.136719126166,241.60775756835938,2889300,0.0,0.0,243.1228820800781
2025-03-28 00:00:00-04:00,241.66661345891058,242.94231626296371,237.5451247619091,239.4390411376953,3125300,0.0,0.0,243.1483947753906
2025-03-31 00:00:00-04:00,238.20262342211853,246.20027474898853,237.9572965105757,244.011962890625,6795000,0.0,0.0,243.18961181640626
2025-04-01 00:00:00-04:00,243.3937195896765,245.9353026461832,238.93858973335907,245.66053771972656,4412900,0.0,0.0,243.27596740722657
2025-04-02 00:00:00-04:00,243.5801702739142,248.06473815713665,242.60867037297513,245.30726623535156,4080800,0.0,0.0,243.20531311035157
2025-04-03 00:00:00-04:00,238.17319509428847,245.9255198254614,237.9965519245263,238.93861389160156,5309600,0.0,0.0,242.671484375
2025-04-04 00:00:00-04:00,233.55120417860618,235.6708321463198,222.63906867407104,223.22784423828125,7407100,0.0,0.0,239.4292449951172
2025-04-07 00:00:00-04:00,215.14188615620486,227.9479385086451,210.4904826867688,221.55963134765625,7797900,0.0,0.0,234.93877868652345
2025-04-08 00:00:00-04:00,228.21289791186288,228.69374403656894,213.21851866297897,216.89842224121094,6850000,0.0,0.0,229.1863555908203
2025-04-09 00:00:00-04:00,213.06149652650825,231.88298365727303,211.13814205898112,230.91148376464844,7302800,0.0,0.0,226.30719909667968
2025-04-10 00:00:00-04:00,226.68204825260443,228.2227083219789,217.86991048282871,225.2591552734375,5656100,0.0,0.0,223.57130737304686
2025-04-11 00:00:00-04:00,225.42599663852175,233.139075437723,223.25730012361666,231.0783233642578,4325900,0.0,0.0,225.1414031982422
2025-04-14 00:00:00-04:00,235.28813515368142,237.2507504179854,232.30495156674232,234.59140014648438,3321500,0.0,0.0,227.7477569580078
2025-04-15 00:00:00-04:00,235.07224683866028,237.01523176236736,233.8161742643884,236.20074462890625,3363700,0.0,0.0,231.60822143554688
2025-04-16 00:00:00-04:00,235.788592824062,238.7521460176022,231.48065298786085,234.11056518554688,4869900,0.0,0.0,232.24803771972657
2025-04-17 00:00:00-04:00,235.19978685577405,237.2605387042224,232.96240683529211,234.34605407714844,4635200,0.0,0.0,234.06541748046874
2025-04-21 00:00:00-04:00,233.6199142373735,236.30868755561085,228.57597865370516,231.8044891357422,4908900,0.0,0.0,234.2106506347656
2025-04-22 00:00:00-04:00,234.0418557335614,238.10446847942777,233.5708322919789,236.39698791503906,4232700,0.0,0.0,234.57176818847657
2025-04-23 00:00:00-04:00,241.40167208931354,244.67923591345573,239.10541587529048,240.89138793945312,7948300,0.0,0.0,235.50989685058593
2025-04-24 00:00:00-04:00,226.85868400342426,228.4287821543921,220.2446803560125,225.04327392578125,15428100,0.0,0.0,233.69643859863282
2025-04-25 00:00:00-04:00,224.6703584083314,228.99792825569924,222.08952975877648,228.06568908691406,6700100,0.0,0.0,232.44036560058595
2025-04-28 00:00:00-04:00,228.5073024527537,232.2068365259195,227.73207598922696,231.74562072753906,3653500,0.0,0.0,232.4285919189453
2025-04-29 00:00:00-04:00,232.56989763882365,235.49419004944767,231.72597251680344,234.91522216796875,3426500,0.0,0.0,232.13223876953126
2025-04-30 00:00:00-04:00,232.30495269447732,237.93766392085783,229.95962804119122,237.29981994628906,5143000,0.0,0.0,231.41392517089844
2025-05-01 00:00:00-04:00,236.92691742979693,237.83952634164703,233.50214839837227,235.18019104003906,4243300,0.0,0.0,233.44130859375
2025-05-02 00:00:00-04:00,238.5853204241407,241.09746547220456,236.8189637579815,240.9600830078125,3731900,0.0,0.0,236.0201873779297
2025-05-05 00:00:00-04:00,239.18393103894263,245.1306529782408,239.085794284911,244.52223205566406,4137800,0.0,0.0,238.57550964355468
2025-05-06 00:00:00-04:00,243.12875425712383,245.51333940027013,241.50960278199318,244.4633331298828,2900600,0.0,0.0,240.4851318359375
2025-05-07 00:00:00-04:00,244.78717197085123,249.71334019763324,244.17876606494315,248.63389587402344,3399700,0.0,0.0,242.75194702148437
2025-05-08 00:00:00-04:00,250.2334362373966,251.72501299792287,248.5161479494929,249.38951110839844,3637000,0.0,0.0,245.59381103515625
2025-05-09 00:00:00-04:00,249.43889940527478,249.9229453186102,244.62813449075006,246.16915893554688,2901300,1.68,0.0,246.63562622070313
2025-05-12 00:00:00-04:00,249.42902392590614,250.72308892545212,241.67449180625343,250.60455322265625,4609500,0.0,0.0,247.85209045410156
2025-05-13 00:00:00-04:00,251.3355528678734,256.42291127883124,249.8044164055905,255.44496154785156,3521400,0.0,0.0,250.0484161376953
2025-05-14 00:00:00-04:00,254.46700066935375,257.3811038322356,253.10377980321277,254.684326171875,3634700,0.0,0.0,251.2585021972656
2025-05-15 00:00:00-04:00,255.85985558159942,264.1774322395114,255.46469637943667,263.4365539550781,4856300,0.0,0.0,254.06791076660156
2025-05-16 00:00:00-04:00,263.1106078785508,264.72078833935063,261.37200367846,263.515625,3817900,0.0,0.0,257.5372039794922
2025-05-19 00:00:00-04:00,262.22151680333724,265.86664015122733,261.8559915490808,265.1455078125,3198600,0.0,0.0,260.4453948974609
2025-05-20 00:00:00-04:00,264.1478170197581,266.0049568743448,262.3894669727079,263.70330810546875,2437900,0.0,0.0,262.09706420898436
2025-05-21 00:00:00-04:00,261.74737600739354,262.41909845812387,257.2428381726827,257.6972351074219,3753900,0.0,0.0,262.69964599609375
2025-05-22 00:00:00-04:00,257.59841974799974,258.09233858567416,254.7732184667806,255.2276153564453,3091300,0.0,0.0,261.0578582763672
2025-05-23 00:00:00-04:00,255.43505658039288,256.70937564131225,252.67899605788574,255.48446655273438,2722600,0.0,0.0,259.4516265869141
2025-05-27 00:00:00-04:00,257.82564496683733,260.5817206471342,256.4723121136179,260.0285339355469,3284200,0.0,0.0,258.42823181152346
2025-05-28 00:00:00-04:00,259.95935881292235,261.7769764659086,256.77852038359333,257.0748596191406,2318400,0.0,0.0,257.1025421142578
2025-05-29 00:00:00-04:00,257.578690277552,257.9540734415555,253.6470852261669,255.5437469482422,2295000,0.0,0.0,256.6718444824219
2025-05-30 00:00:00-04:00,255.60299819658147,256.9563309867952,253.97307206345116,255.9092254638672,9668900,0.0,0.0,256.80816650390625
2025-06-02 00:00:00-04:00,254.71396249634415,260.7694125520493,254.09161990842583,260.69036865234375,2831900,0.0,0.0,257.84934692382814
2025-06-03 00:00:00-04:00,260.1470730220382,262.3301859710324,259.3864186739014,261.9745788574219,2494700,0.0,0.0,258.2385559082031
2025-06-04 00:00:00-04:00,261.6781948771188,263.75266003023484,261.56954720281556,262.2906494140625,2588600,0.0,0.0,259.2817138671875
2025-06-05 00:00:00-04:00,261.9745956695996,264.2564985676203,261.87580586067395,263.6143798828125,2658400,0.0,0.0,260.8958404541016
2025-06-06 00:00:00-04:00,264.7306429789499,266.88415229913875,264.27624603091033,265.5999450683594,2495200,0.0,0.0,262.833984375
2025-06-09 00:00:00-04:00,264.83929918524916,270.1439829267147,263.46619028197193,268.7708740234375,4331500,0.0,0.0,264.45008544921876
2025-06-10 00:00:00-04:00,269.867386582122,274.09533077781504,269.2450440009909,272.8802795410156,5163500,0.0,0.0,266.6312255859375
2025-06-11 00:00:00-04:00,273.33471434685345,278.3232828685397,271.7640258135324,278.0960693359375,4656000,0.0,0.0,269.7923095703125
2025-06-12 00:00:00-04:00,278.1059488835743,279.6173393718065,276.42661272046536,277.6120300292969,3418000,0.0,0.0,272.5918395996094
2025-06-13 00:00:00-04:00,274.826307793856,276.4364880080402,272.47524933239055,273.8483581542969,3243800,0.0,0.0,274.24152221679685
2025-06-16 00:00:00-04:00,275.9129425904824,281.0398226097333,275.2807421454568,278.40228271484375,3685300,0.0,0.0,276.1678039550781
2025-06-17 00:00:00-04:00,277.7305667685942,281.32631051144756,277.5823971410403,279.6074523925781,3069600,0.0,0.0,277.51323852539065
2025-06-18 00:00:00-04:00,281.53374083063716,283.42051443061564,279.4987976068727,279.7655029296875,3534100,0.0,0.0,277.8471252441406
2025-06-20 00:00:00-04:00,275.88331673708245,280.6644476756708,273.82862754761885,277.5527648925781,7677000,0.0,0.0,277.83527221679685
2025-06-23 00:00:00-04:00,278.22448605322154,286.0580318882552,276.80199733368374,285.66290283203125,3786200,0.0,0.0,280.19818115234375
2025-06-24 00:00:00-04:00,286.92734135583885,290.7601566082804,284.9022860485594,290.21685791015625,4219100,0.0,0.0,282.56109619140625
2025-06-25 00:00:00-04:00,290.908295382981,292.5579974972778,285.97899523289965,287.52001953125,3862300,0.0,0.0,284.14360961914065
2025-06-26 00:00:00-04:00,288.25103184062596,289.3475473753225,286.6408816956371,288.37945556640625,3621100,0.0,0.0,285.86640014648435
2025-06-27 00:00:00-04:00,289.4068237804361,289.5549934120951,285.0109337805897,286.1766052246094,3562500,0.0,0.0,287.59116821289064
2025-06-30 00:00:00-04:00,287.391612556915,291.22442762608136,286.47293073830735,291.1947937011719,3495400,0.0,0.0,288.6975463867187
2025-07-01 00:00:00-04:00,290.96758795304584,291.5207746637448,286.5519521450779,287.6583557128906,3272800,0.0,0.0,288.18584594726565
2025-07-02 00:00:00-04:00,286.472944492805,286.66063607504805,283.4106414706678,284.1515197753906,3257500,0.0,0.0,287.51214599609375
2025-07-03 00:00:00-04:00,284.43799108622886,288.76472505598554,284.3984691370472,288.4189758300781,1853300,0.0,0.0,287.5200500488281
2025-07-07 00:00:00-04:00,288.94253675814986,291.6294565964241,286.82854954030665,288.91290283203125,4488100,0.0,0.0,288.0673095703125
2025-07-08 00:00:00-04:00,289.5352149925097,292.01466694091164,285.9691054768761,286.8878173828125,2925300,0.0,0.0,287.20591430664064
2025-07-09 00:00:00-04:00,287.8460643110971,288.05350180327105,285.1196223997164,286.61126708984375,2971300,0.0,0.0,286.9964965820312
2025-07-10 00:00:00-04:00,285.38632683497354,285.38632683497354,278.7776897162271,283.9342041015625,3487800,0.0,0.0,286.9530334472656
2025-07-11 00:00:00-04:00,281.5436425063615,283.93419294312974,279.47906525772885,280.1408996582031,3790700,0.0,0.0,285.29741821289065
2025-07-14 00:00:00-04:00,279.39012455772666,281.4645897654082,278.28375115267363,280.3384704589844,2857100,0.0,0.0,283.58253173828126
2025-07-15 00:00:00-04:00,280.3187127688014,280.6940959443306,277.31570765739974,279.2617492675781,2864100,0.0,0.0,282.05731811523435
2025-07-16 00:00:00-04:00,279.31113355174386,280.41750704689525,276.4661559091164,278.4912414550781,2804800,0.0,0.0,280.4333129882813
2025-07-17 00:00:00-04:00,278.07630211579885,280.01245549415296,277.48359348875607,278.5702209472656,3337200,0.0,0.0,279.3605163574219
2025-07-18 00:00:00-04:00,279.93345173733655,283.6674770306492,278.787556389863,282.3931579589844,4478200,0.0,0.0,279.81096801757815
2025-07-21 00:00:00-04:00,282.8080538120853,284.23054246269726,280.9212802526429,281.24725341796875,3051800,0.0,0.0,279.992724609375
2025-07-22 00:00:00-04:00,281.2769190157622,281.41523077484163,277.82937482039966,278.5307312011719,4824200,0.0,0.0,279.8465209960938
2025-07-23 00:00:00-04:00,280.8422659480008,284.5762915126852,278.0170643961252,278.58013916015625,8105900,0.0,0.0,279.8643005371094
2025-07-24 00:00:00-04:00,258.0726040345851,258.8628621510533,249.6759834248474,257.34161376953125,22647700,0.0,0.0,275.6185791015625
2025-07-25 00:00:00-04:00,256.8575575242552,257.62806975326527,253.23220991142637,256.56121826171875,7758700,0.0,0.0,270.4521911621094
2025-07-28 00:00:00-04:00,257.13414715436085,260.7891587868332,256.45253671400025,260.0087585449219,5192500,0.0,0.0,266.2044921875
2025-07-29 00:00:00-04:00,261.08550351823766,262.567260133316,257.8453969257896,259.218505859375,4627300,0.0,0.0,262.3420471191406
2025-07-30 00:00:00-04:00,258.4183645105571,258.8134935859853,255.75119049518855,257.09466552734375,3718300,0.0,0.0,258.0449523925781
2025-07-31 00:00:00-04:00,256.4130372105987,256.82791215967245,249.15242413766825,250.07110595703125,6739100,0.0,0.0,256.5908508300781
2025-08-01 00:00:00-04:00,248.35227945326832,248.42142025411118,242.6228177860393,247.00881958007812,9683400,0.0,0.0,254.68037109375
2025-08-04 00:00:00-04:00,247.99666239465796,249.0141340394742,245.09241708879122,248.91534423828125,5280600,0.0,0.0,252.46168823242186
2025-08-05 00:00:00-04:00,248.93510281801537,249.72537600033306,245.97158968922946,247.62127685546875,5823000,0.0,0.0,250.14224243164062
2025-08-06 00:00:00-04:00,248.47082214456654,251.22689784254075,246.24818725990687,249.21170043945312,3692100,0.0,0.0,248.5656494140625
2025-08-07 00:00:00-04:00,249.73525665770802,251.8986237201947,245.8530615743365,247.11749267578125,6251300,0.0,0.0,247.9749267578125
2025-08-08 00:00:00-04:00,247.51529898435518,248.11199984584184,240.32493296124377,240.94154357910156,6828400,1.68,0.0,246.7614715576172
2025-08-11 00:00:00-04:00,240.91170341367055,241.81670197443376,233.41303985224644,235.0042724609375,9382000,0.0,0.0,243.97925720214843
2025-08-12 00:00:00-04:00,235.23300976546798,236.65517639199956,232.08039397009134,233.482666015625,8792800,0.0,0.0,241.1515350341797
2025-08-13 00:00:00-04:00,234.9048266286662,239.51938321742568,234.9048266286662,238.7536163330078,5663600,0.0,0.0,239.05991821289064
2025-08-14 00:00:00-04:00,236.9435780196729,237.68946546359632,234.3279945269434,235.80982971191406,4556700,0.0,0.0,236.7983856201172
2025-08-15 00:00:00-04:00,236.3070869714194,239.3005764368598,235.47169667991776,238.405517578125,4344300,0.0,0.0,236.2911804199219
2025-08-18 00:00:00-04:00,238.25634571756657,240.09619229601992,237.8088011139115,238.13699340820312,3569600,0.0,0.0,236.917724609375
2025-08-19 00:00:00-04:00,238.68399014806363,241.49847401957388,238.17679213204198,239.95697021484375,3328300,0.0,0.0,238.21258544921875
2025-08-20 00:00:00-04:00,240.7824114943881,241.5481935154394,239.0221128863004,241.22000122070312,3240100,0.0,0.0,238.70586242675782
2025-08-21 00:00:00-04:00,240.88186937305986,241.17027250642764,237.34137757390693,238.08726501464844,2991900,0.0,0.0,239.16134948730468
2025-08-22 00:00:00-04:00,239.41993911954913,242.34380526648434,238.902786222591,240.7625274658203,3134900,0.0,0.0,239.63275146484375
2025-08-25 00:00:00-04:00,241.23990801557179,241.23990801557179,238.1171112060547,238.1171112060547,3513300,0.0,0.0,239.62877502441407
2025-08-26 00:00:00-04:00,239.6984034176392,243.63668079090112,239.06191337877266,241.29957580566406,5386600,0.0,0.0,239.8972961425781
2025-08-27 00:00:00-04:00,241.53823764104877,244.6113054154039,240.67301306993454,243.4974365234375,3698400,0.0,0.0,240.352783203125
2025-08-28 00:00:00-04:00,244.08421033398557,244.5317549596295,242.02556879152556,244.382568359375,2820800,0.0,0.0,241.61184387207032
2025-08-29 00:00:00-04:00,243.88531068681337,244.11406043945104,240.3945627533518,242.1548614501953,2967600,0.0,0.0,241.89031066894532
2025-09-02 00:00:00-04:00,239.57904994354524,240.22549485770298,236.94358694578057,240.17576599121094,3469500,0.0,0.0,242.30204162597656
2025-09-03 00:00:00-04:00,238.70387562813397,242.91067654506017,238.09721990263387,242.76150512695312,3163200,0.0,0.0,242.59442749023438
2025-09-04 00:00:00-04:00,244.07427165738468,247.91310648990742,241.51837178689735,245.82461547851562,4765100,0.0,0.0,243.05986328125
2025-09-05 00:00:00-04:00,246.8688477998366,247.66446410335772,244.10409290581785,247.16720581054688,3147500,0.0,0.0,243.61679077148438
2025-09-08 00:00:00-04:00,247.26667492572852,255.73994569933183,245.66550254213925,254.68576049804688,6940300,0.0,0.0,246.1229705810547
2025-09-09 00:00:00-04:00,254.7155835816965,259.23069738785034,253.48239272504387,257.6891784667969,4931100,0.0,0.0,249.6256530761719
2025-09-10 00:00:00-04:00,258.22623567269505,258.6538705374896,253.16414969226824,255.471435546875,5185400,0.0,0.0,252.16763916015626
2025-09-11 00:00:00-04:00,256.14769526118965,257.1322569915436,254.2581197750582,255.60072326660156,3576000,0.0,0.0,254.12286071777345
2025-09-12 00:00:00-04:00,255.54105599442306,255.8393988383958,251.04582147697775,252.05029296875,3433300,0.0,0.0,255.09947814941407
2025-09-15 00:00:00-04:00,252.62711747230148,257.62951970970994,252.607222890757,254.83493041992188,4028400,0.0,0.0,255.12931213378906
2025-09-16 00:00:00-04:00,254.85483984783056,256.58528906198615,253.01497802288097,256.10791015625,2719900,0.0,0.0,254.81305847167968
2025-09-17 00:00:00-04:00,256.08803982504105,259.5290589688948,255.60073637395558,257.65936279296875,3974800,0.0,0.0,255.25064392089843
2025-09-18 00:00:00-04:00,257.44055887445245,263.7756552673209,255.3918570558066,263.5469055175781,4988400,0.0,0.0,256.8398803710937
2025-09-19 00:00:00-04:00,264.59112211376805,266.4011495607343,262.1943638809815,264.939208984375,9858100,0.0,0.0,259.41766357421875
2025-09-22 00:00:00-04:00,265.1580042782061,270.81680601600624,264.5414088579586,269.8819580078125,5030500,0.0,0.0,262.42706909179685
2025-09-23 00:00:00-04:00,271.2046918759026,271.80137756212736,267.79347683504665,270.7471923828125,5394100,0.0,0.0,265.35492553710935
2025-09-24 00:00:00-04:00,271.12510453692653,272.14945539787396,265.83426905988824,266.0630187988281,3159900,0.0,0.0,267.03565673828126
2025-09-25 00:00:00-04:00,271.4433677912188,282.6714688918742,269.66317454925183,279.8967590332031,11506200,0.0,0.0,270.3056274414063
2025-09-26 00:00:00-04:00,278.97185620750815,287.26612086169695,278.57402529440606,282.7510070800781,9063900,0.0,0.0,273.86798706054685
2025-09-29 00:00:00-04:00,284.43176245238305,284.43176245238305,278.12653052116667,278.2657470703125,6022100,0.0,0.0,275.54474487304685
2025-09-30 00:00:00-04:00,279.33984337980786,284.4516432129359,278.9818016012842,280.6128234863281,5926900,0.0,0.0,277.51787109375
2025-10-01 00:00:00-04:00,278.66357946177544,285.0185251185713,278.61383541877615,284.9190673828125,4381300,0.0,0.0,281.28908081054686
2025-10-02 00:00:00-04:00,284.2229034903291,286.9578241006679,281.23935373359586,285.1477966308594,3814200,0.0,0.0,282.33928833007815
2025-10-03 00:00:00-04:00,285.9235327073686,291.71162681005865,285.7246172401722,286.78875732421875,4375100,0.0,0.0,283.14683837890624
2025-10-06 00:00:00-04:00,287.0274214440392,289.85187529709646,286.2218654258165,287.8330078125,2881900,0.0,0.0,285.06029052734374
2025-10-07 00:00:00-04:00,293.9293866614242,299.38930376184527,291.68179964845746,292.25860595703125,7190100,0.0,0.0,287.3894470214844
2025-10-08 00:00:00-04:00,292.54701246910076,292.58680163195237,284.89917723621295,287.8727722167969,5297000,0.0,0.0,287.9801879882813
2025-10-09 00:00:00-04:00,288.2308139156137,288.53911163960544,281.76645588957985,286.6495361328125,4912400,0.0,0.0,288.28053588867186
2025-10-10 00:00:00-04:00,287.3854540104069,288.79768089176616,275.97834775582334,276.2966003417969,4508500,0.0,0.0,286.1821044921875
2025-10-13 00:00:00-04:00,278.2558050556195,280.89126794757027,273.13405069008536,275.69989013671875,4333800,0.0,0.0,283.75548095703124
2025-10-14 00:00:00-04:00,274.00919189817495,276.00817989740506,271.0554764986687,274.6357421875,3058100,0.0,0.0,280.230908203125
2025-10-15 00:00:00-04:00,276.8535412406003,283.8847810206661,275.4811034504049,279.2105407714844,3346800,0.0,0.0,278.4984619140625
2025-10-16 00:00:00-04:00,279.5685563064361,281.0106175652685,274.08879029339886,274.4567565917969,2956900,0.0,0.0,276.0599060058594
2025-10-17 00:00:00-04:00,274.6357651416382,281.8460108098791,273.84016396661775,279.7376403808594,5309600,0.0,0.0,276.74811401367185
2025-10-20 00:00:00-04:00,279.70780117644114,283.9344968386629,279.41938285671677,282.0946350097656,3494300,0.0,0.0,278.0270629882813
2025-10-21 00:00:00-04:00,281.7564880460168,283.74552119326916,280.05587320318244,280.5033874511719,4081000,0.0,0.0,279.2005920410156
2025-10-22 00:00:00-04:00,280.4437207329408,287.58437284481516,279.80724590374894,285.9334716796875,10538500,0.0,0.0,280.54517822265626
2025-10-23 00:00:00-04:00,263.4971800499514,284.01403160417743,262.1147874354336,283.4372253417969,16676400,0.0,0.0,282.3412719726563
2025-10-24 00:00:00-04:00,282.21397668305815,309.0460466206491,280.66253314895914,305.7740783691406,16914200,0.0,0.0,287.5485595703125
2025-10-27 00:00:00-04:00,306.11219813712256,311.7809549119811,301.21919344851284,311.3731994628906,9868200,0.0,0.0,293.4042724609375
2025-10-28 00:00:00-04:00,310.88591338729543,317.5989008293665,309.7024361361556,310.8560791015625,6044800,0.0,0.0,299.4748107910156
2025-10-29 00:00:00-04:00,311.0748616050506,312.6063953454002,305.83373960129563,306.51995849609375,4135900,0.0,0.0,303.59210815429685
2025-10-30 00:00:00-04:00,304.96852731552923,312.02960166223653,303.3474603058352,308.3598327636719,4694300,0.0,0.0,308.5766296386719
2025-10-31 00:00:00-04:00,310.2891929892067,311.78096795550096,299.9760602449307,305.724365234375,7697500,0.0,0.0,308.5666870117187
2025-11-03 00:00:00-05:00,306.31110983814057,310.4284230904427,302.5617932184801,303.0590515136719,4958000,0.0,0.0,306.903857421875
2025-11-04 00:00:00-05:00,298.35497222479484,301.5076031187412,294.3769059284642,299.2003173828125,5677300,0.0,0.0,304.572705078125
2025-11-05 00:00:00-05:00,299.7274311756871,305.5155253307392,298.0665750252654,305.0878601074219,4650400,0.0,0.0,304.2862854003906
2025-11-06 00:00:00-05:00,305.0679563831719,313.7103077630075,299.43898898196255,310.7068786621094,6818500,0.0,0.0,304.7556945800781
2025-11-07 00:00:00-05:00,307.9819049701873,308.30015757819643,300.97057481697243,304.70001220703125,5070800,0.0,0.0,304.5508239746094
2025-11-10 00:00:00-05:00,306.82000732421875,309.94000244140625,304.2300109863281,309.1300048828125,2975200,1.68,0.0,305.7650146484375
2025-11-11 00:00:00-05:00,309.0,317.9100036621094,308.42999267578125,313.7200012207031,4381900,0.0,0.0,308.6689514160156
2025-11-12 00:00:00-05:00,319.8900146484375,324.8999938964844,314.5299987792969,314.9800109863281,6042700,0.0,0.0,310.6473815917969
2025-11-13 00:00:00-05:00,312.2900085449219,314.6000061035156,303.67999267578125,304.8599853515625,5310200,0.0,0.0,309.4780029296875
2025-11-14 00:00:00-05:00,300.0,307.7200012207031,297.5899963378906,305.69000244140625,3592500,0.0,0.0,309.6760009765625
2025-11-17 00:00:00-05:00,305.5899963378906,306.0,296.510009765625,297.1700134277344,3909700,0.0,0.0,307.28400268554685
2025-11-18 00:00:00-05:00,297.0,297.0,289.9200134277344,289.95001220703125,4861900,0.0,0.0,302.5300048828125
2025-11-19 00:00:00-05:00,290.5,291.1099853515625,288.07000732421875,288.5299987792969,3595900,0.0,0.0,297.24000244140626
2025-11-20 00:00:00-05:00,294.6400146484375,300.7099914550781,290.1600036621094,290.3999938964844,5597000,0.0,0.0,294.34800415039064
2025-11-21 00:00:00-05:00,293.4800109863281,300.4800109863281,291.8900146484375,297.44000244140625,5710900,0.0,0.0,292.6980041503906
2025-11-24 00:00:00-05:00,299.17999267578125,307.17999267578125,297.510009765625,304.1199951171875,6050600,0.0,0.0,294.08800048828124
2025-11-25 00:00:00-05:00,304.1300048828125,306.0,297.05999755859375,304.4800109863281,2825300,0.0,0.0,296.99400024414064
2025-11-26 00:00:00-05:00,305.17999267578125,306.6000061035156,301.6400146484375,303.2099914550781,2196400,0.0,0.0,299.92999877929685
2025-11-28 00:00:00-05:00,304.05999755859375,309.17999267578125,303.6000061035156,308.5799865722656,1689000,0.0,0.0,303.5659973144531
