Date,Open,High,Low,Close,Volume,Dividends,Stock Splits,MA5
2021-01-08 00:00:00-05:00,267.4148018591365,272.2662031555022,264.894341405693,268.3244323730469,1051800,0.0,0.0,256.3474914550781
2021-01-11 00:00:00-05:00,266.59037729218613,275.592007039242,263.42559725111096,273.9432678222656,1203900,0.0,0.0,261.80152282714846
2021-01-12 00:00:00-05:00,273.83904465158423,280.75607469724093,271.94396475780167,275.7246398925781,1323500,0.0,0.0,266.57712707519534
2021-01-13 00:00:00-05:00,273.60222368048295,278.12197987467204,270.2005579452391,274.88140869140625,1154500,0.0,0.0,271.2939880371094
2021-01-14 00:00:00-05:00,286.9341168285783,299.29950429120436,286.0718518170774,287.9385070800781,2431200,0.0,0.0,276.162451171875
2021-01-15 00:00:00-05:00,287.5689449579697,288.8197048702463,280.471878633702,288.1753845214844,1606600,0.0,0.0,280.1326416015625
2021-01-19 00:00:00-05:00,291.6907224408852,300.18067310255043,291.6907224408852,297.6033630371094,1275000,0.0,0.0,284.8646606445312
2021-01-20 00:00:00-05:00,300.2943600027993,300.938680199469,286.3939368459686,288.36480712890625,1019600,0.0,0.0,287.3926940917969
2021-01-21 00:00:00-05:00,291.8044612124802,292.69515128120287,284.66948492435455,289.18927001953125,1063100,0.0,0.0,290.2542663574219
2021-01-22 00:00:00-05:00,289.28398211871826,293.13099262675246,288.49753655589404,289.00921630859375,725000,0.0,0.0,290.468408203125
2021-01-25 00:00:00-05:00,293.1688688747846,295.94515412208676,287.38886911791553,292.6950988769531,955700,0.0,0.0,291.3723510742187
2021-01-26 00:00:00-05:00,293.73740766559774,294.4385780305757,286.934077228043,287.6257629394531,832100,0.0,0.0,289.3768310546875
2021-01-27 00:00:00-05:00,281.70359865723304,283.13439314915996,268.2011551803063,269.51824951171875,1657800,0.0,0.0,285.60751953125
2021-01-28 00:00:00-05:00,275.47839421753577,281.1730915998797,273.31800354989264,275.8289794921875,1021200,0.0,0.0,282.9354614257812
2021-01-29 00:00:00-05:00,272.0008595404499,274.02860924000646,265.04591865732493,265.3775634765625,1163800,0.0,0.0,278.209130859375
2021-02-01 00:00:00-05:00,271.0153650911848,278.5956846632754,267.6705502366648,277.2691345214844,1052500,0.0,0.0,275.1239379882812
2021-02-02 00:00:00-05:00,280.4718276217483,283.9019176437057,278.21667789461617,283.1059875488281,1106900,0.0,0.0,274.21998291015626
2021-02-03 00:00:00-05:00,285.7781127298008,285.7781127298008,270.5606203562599,271.2807312011719,1279900,0.0,0.0,274.5724792480469
2021-02-04 00:00:00-05:00,273.30853323474224,282.5375667326826,271.2997523755026,278.7947998046875,1401800,0.0,0.0,275.1656433105469
2021-02-05 00:00:00-05:00,280.50030396190283,282.5090844139549,271.55552280751147,272.91998291015625,890400,0.0,0.0,276.67412719726565
2021-02-08 00:00:00-05:00,274.72980148655114,286.71617895334987,273.51695121553576,286.40350341796875,1018200,0.0,0.0,278.5010009765625
2021-02-09 00:00:00-05:00,284.53681479131086,289.4261250066005,280.96457023239,282.6606750488281,735500,0.0,0.0,278.4119384765625
2021-02-10 00:00:00-05:00,286.2802439652463,288.18480847977986,280.47181956184954,281.9973449707031,546900,0.0,0.0,280.5552612304688
2021-02-11 00:00:00-05:00,283.7029872553695,309.3623606611329,283.7029872553695,307.45782470703125,2285700,0.0,0.0,286.2878662109375
2021-02-12 00:00:00-05:00,304.6625487943593,317.20796970727986,302.1894831627173,314.40325927734375,1503000,0.0,0.0,294.584521484375
2021-02-16 00:00:00-05:00,315.05712633162557,324.2577338640814,315.05712633162557,319.4916076660156,1395900,0.0,0.0,301.2021423339844
2021-02-17 00:00:00-05:00,315.77721256803085,317.14167258037446,306.40602740802035,312.97247314453125,1062800,0.0,0.0,307.264501953125
2021-02-18 00:00:00-05:00,309.8370627599851,311.6423020029483,305.12443118993787,308.9439392089844,1005500,0.9,0.0,312.65382080078126
2021-02-19 00:00:00-05:00,314.13158382794006,321.1435391141717,311.63274040795795,314.1791076660156,1512400,0.0,0.0,313.9980773925781
2021-02-22 00:00:00-05:00,308.79189735916196,310.6731630491935,298.197965756582,300.39276123046875,1123100,0.0,0.0,311.19597778320315
2021-02-23 00:00:00-05:00,292.39261977180115,305.43789828347786,288.5256176964524,302.8820495605469,1745700,0.0,0.0,307.8740661621094
2021-02-24 00:00:00-05:00,298.18846446428967,312.3358983658886,294.61597035434414,312.05084228515625,1170100,0.0,0.0,307.6897399902344
2021-02-25 00:00:00-05:00,306.59711578177826,310.07459124759237,287.3950176590561,289.5898132324219,1528000,0.0,0.0,303.81891479492185
2021-02-26 00:00:00-05:00,295.79412628274656,299.0340692036143,288.05058180405933,295.7086181640625,1316000,0.0,0.0,300.12481689453125
2021-03-01 00:00:00-05:00,300.25978622400527,310.1221308713958,299.30017555489627,309.7325744628906,1294000,0.0,0.0,301.99277954101564
2021-03-02 00:00:00-05:00,309.62802609912166,310.388117658987,294.2074228403518,294.36895751953125,1175900,0.0,0.0,300.2901611328125
2021-03-03 00:00:00-05:00,295.00551502787863,299.3476110914092,288.3926259545624,288.6586608886719,1155200,0.0,0.0,295.6117248535156
2021-03-04 00:00:00-05:00,287.1099681554592,290.9865106305781,268.2499021074041,273.2760925292969,1655300,0.0,0.0,292.34898071289064
2021-03-05 00:00:00-05:00,278.09325136648573,282.4258371627718,264.3068706926535,281.1146545410156,1631100,0.0,0.0,289.43018798828126
2021-03-08 00:00:00-05:00,276.49697707823634,279.17631811909894,259.6131706175273,260.373291015625,2182500,0.0,0.0,279.55833129882814
2021-03-09 00:00:00-05:00,269.48510079976313,281.51373777143516,268.21193138196134,279.4329528808594,1944100,0.0,0.0,276.5711303710938
2021-03-10 00:00:00-05:00,284.81062462793625,285.3996998575858,268.6299319680418,269.31402587890625,1688000,0.0,0.0,272.70220336914065
2021-03-11 00:00:00-05:00,279.3854349319304,286.91046974924933,275.5374238862566,281.5802307128906,1709500,0.0,0.0,274.3630310058594
2021-03-12 00:00:00-05:00,274.4637610756648,280.07902697552214,271.7083927598843,279.5944519042969,1298400,0.0,0.0,274.0589904785156
2021-03-15 00:00:00-04:00,278.83433855648684,284.39259860228435,276.886585846078,284.050537109375,1321900,0.0,0.0,278.7944396972656
2021-03-16 00:00:00-04:00,284.7726812630527,290.70147728220695,283.9745763370617,286.8914794921875,1544200,0.0,0.0,280.28614501953126
2021-03-17 00:00:00-04:00,281.40920305561707,294.45448479359385,276.60155258752496,290.159912109375,1906300,0.0,0.0,284.455322265625
2021-03-18 00:00:00-04:00,283.4234714749209,284.8011701347111,273.4281247496563,274.3402404785156,2041200,0.0,0.0,283.00732421875
2021-03-19 00:00:00-04:00,273.6086365412513,282.4163215224354,270.3021773368842,278.2737731933594,3220700,0.0,0.0,282.7431884765625
2021-03-22 00:00:00-04:00,285.03861069458475,292.7631616837083,283.4328908680218,290.13128662109375,1820000,0.0,0.0,283.95933837890624
2021-03-23 00:00:00-04:00,291.2240618529557,292.1456881832393,281.34269662266803,282.2453308105469,1766300,0.0,0.0,283.0301086425781
2021-03-24 00:00:00-04:00,295.0150480573205,301.1908864224496,282.7108661777707,283.033935546875,1669200,0.0,0.0,281.60491333007815
2021-03-25 00:00:00-04:00,278.4162914177301,285.98882048201284,272.630009459547,284.4781188964844,1188000,0.0,0.0,283.6324890136719
2021-03-26 00:00:00-04:00,283.8130052578684,304.27879057905943,283.8130052578684,303.9842529296875,1650500,0.0,0.0,288.7745849609375
2021-03-29 00:00:00-04:00,301.88452503406785,301.9985358851238,291.57561864839596,298.63507080078125,1428400,0.0,0.0,290.475341796875
2021-03-30 00:00:00-04:00,297.2098869693115,302.62563453811526,296.1457469968571,301.2574462890625,924100,0.0,0.0,294.27776489257815
2021-03-31 00:00:00-04:00,305.70399759036746,316.67797564920346,305.1529355431558,313.922607421875,1811800,0.0,0.0,300.45549926757815
2021-04-01 00:00:00-04:00,320.1934413175256,330.4453403318996,320.1934413175256,329.97027587890625,1885700,0.0,0.0,309.5539306640625
2021-04-05 00:00:00-04:00,331.64248889228134,341.75187454838715,328.81112325965216,337.37176513671875,1496100,0.0,0.0,316.23143310546874
2021-04-06 00:00:00-04:00,335.5095275322214,336.15560825416134,323.57591033421716,329.314697265625,1690400,0.0,0.0,322.3673583984375
2021-04-07 00:00:00-04:00,330.36933305088445,335.1104962853203,326.54031449625313,330.6828918457031,985500,0.0,0.0,328.2524475097656
2021-04-08 00:00:00-04:00,336.3456842289273,336.6022086344012,331.04397687967054,336.3836975097656,1125000,0.0,0.0,332.7446655273437
2021-04-09 00:00:00-04:00,334.3694082350089,337.37179033906733,330.863429928458,335.2530212402344,913800,0.0,0.0,333.80121459960935
2021-04-12 00:00:00-04:00,332.13660419157173,333.2102546096099,326.20777946629596,327.8895263671875,1376100,0.0,0.0,331.90476684570314
2021-04-13 00:00:00-04:00,332.0890137191716,332.0890137191716,322.20767982031464,326.96783447265625,1226400,0.0,0.0,331.4353942871094
2021-04-14 00:00:00-04:00,323.04380419704216,329.38117629039704,318.46417624917973,319.7183532714844,1186100,0.0,0.0,329.24248657226565
2021-04-15 00:00:00-04:00,324.74462728232817,325.0961704036115,318.96782622217665,321.6567077636719,1198100,0.0,0.0,326.2970886230469
2021-04-16 00:00:00-04:00,322.16020302018626,322.91078395088823,316.3739216793804,316.3929138183594,958100,0.0,0.0,322.5250671386719
2021-04-19 00:00:00-04:00,314.4547598257132,316.9821070407848,302.4071282255178,308.2124328613281,1551700,0.0,0.0,318.5896484375
2021-04-20 00:00:00-04:00,306.9961812516244,309.5900439781688,301.9320062090995,303.0151672363281,1477200,0.0,0.0,313.7991149902344
2021-04-21 00:00:00-04:00,306.3690853968177,315.6518346141872,303.6327094362576,315.2432861328125,1697700,0.0,0.0,312.9041015625
2021-04-22 00:00:00-04:00,313.02003890054294,315.3193350505146,306.66367299718473,308.8679504394531,1045400,0.0,0.0,310.3463500976562
2021-04-23 00:00:00-04:00,311.6327054624176,317.43800694237433,310.39754974104494,315.5092468261719,1182000,0.0,0.0,310.16961669921875
2021-04-26 00:00:00-04:00,317.35255428432845,320.73501075399673,314.48314652944333,319.0627746582031,1039400,0.0,0.0,312.3396850585938
2021-04-27 00:00:00-04:00,323.0438849601126,323.0438849601126,312.83950799027093,314.0081481933594,939800,0.0,0.0,314.53828125
2021-04-28 00:00:00-04:00,313.06749707849895,314.2456477282032,308.06032782162055,308.639892578125,983200,0.0,0.0,313.2176025390625
2021-04-29 00:00:00-04:00,309.6659544286915,312.3358137195422,302.7680108823914,310.083984375,1294900,0.0,0.0,313.4608093261719
2021-04-30 00:00:00-04:00,299.31909023700496,305.6089385801088,297.3143322828726,299.6231384277344,1434100,0.0,0.0,310.28358764648436
2021-05-03 00:00:00-04:00,301.7799265556871,302.90107166149863,293.1052453474979,295.7086181640625,1412200,0.0,0.0,305.6127563476563
2021-05-04 00:00:00-04:00,290.5685248832991,292.72530777325784,284.4877036772749,292.5827941894531,1592200,0.0,0.0,301.327685546875
2021-05-05 00:00:00-04:00,297.55194973192795,300.9438886589249,291.11955702229994,296.3642883300781,1157100,0.0,0.0,298.8725646972656
2021-05-06 00:00:00-04:00,294.0744333823978,300.5067962152128,292.3451916592408,300.1362609863281,935200,0.0,0.0,296.8830200195313
2021-05-07 00:00:00-04:00,304.0317420943065,306.89163940576157,300.86782556687064,303.7562255859375,848300,0.0,0.0,297.7096374511719
2021-05-10 00:00:00-04:00,294.4924147563271,298.2264137480498,284.52554455009783,284.943603515625,1576900,0.0,0.0,295.5566345214844
2021-05-11 00:00:00-04:00,276.4970331490445,286.5208819055317,275.27135869305215,285.3047180175781,987700,0.0,0.0,294.10101928710935
2021-05-12 00:00:00-04:00,277.9507373541802,281.0101538012757,271.6323854948146,272.4399719238281,1400300,0.0,0.0,289.3161560058594
2021-05-13 00:00:00-04:00,279.8509484727294,285.67524273099446,279.0813464544742,281.9602355957031,1533300,0.0,0.0,285.6809509277344
2021-05-14 00:00:00-04:00,284.45721080203833,294.568731602988,282.1127623864103,291.3856506347656,1508100,0.9,0.0,283.2068359375
2021-05-17 00:00:00-04:00,284.42853294555897,286.7157727349205,278.4530851858975,283.7328186035156,1352800,0.0,0.0,282.9646789550781
2021-05-18 00:00:00-04:00,288.16447736128487,288.75534474824775,279.69214984139865,280.1114807128906,1087600,0.0,0.0,281.9260314941406
2021-05-19 00:00:00-04:00,274.5172429521811,289.9466302875428,273.1163031870533,289.6607360839844,1301000,0.0,0.0,285.37018432617185
2021-05-20 00:00:00-04:00,291.08065652499835,300.2010575389212,291.08065652499835,298.6380920410156,1449900,0.0,0.0,288.70575561523435
2021-05-21 00:00:00-04:00,300.1724360485627,300.1724360485627,294.2065269976917,295.5693664550781,1049700,0.0,0.0,289.54249877929686
2021-05-24 00:00:00-04:00,299.57210261405055,305.08055336035443,299.06700351579207,302.63128662109375,1209100,0.0,0.0,293.3221923828125
2021-05-25 00:00:00-04:00,305.0900818055196,308.6924936982212,301.66874591165515,302.9839172363281,1258300,0.0,0.0,297.8966796875
2021-05-26 00:00:00-04:00,304.20363001296005,306.87207117223113,300.8775744335006,302.4786682128906,1078100,0.0,0.0,300.46026611328125
2021-05-27 00:00:00-04:00,301.96416534018715,306.4719279307135,301.05878538868586,301.6687316894531,1195100,0.0,0.0,301.06639404296874
2021-05-28 00:00:00-04:00,303.2411715864383,305.2615675704757,301.59243795456325,302.00225830078125,885500,0.0,0.0,302.35297241210935
2021-06-01 00:00:00-04:00,304.8614460284575,309.4931072060744,299.61983836214984,300.8968811035156,1024700,0.0,0.0,302.00609130859374
2021-06-02 00:00:00-04:00,301.2493852971847,303.5175757246052,298.10440437872137,300.7633361816406,881700,0.0,0.0,301.5619750976563
2021-06-03 00:00:00-04:00,297.1323426821281,297.7803887965442,292.8913953563978,294.2732849121094,1243000,0.0,0.0,299.9208984375
2021-06-04 00:00:00-04:00,296.7511706080463,303.12687240240257,296.53196568680784,302.09759521484375,898400,0.0,0.0,300.0066711425781
2021-06-07 00:00:00-04:00,300.56326483908225,304.3276740414912,297.94246147326777,303.5843200683594,1098500,0.0,0.0,300.3230834960938
2021-06-08 00:00:00-04:00,307.44398970099587,308.4446481947966,297.1990336354179,299.0574035644531,615000,0.0,0.0,299.95518798828124
2021-06-09 00:00:00-04:00,306.0430264288554,307.6536310250496,299.11455899912215,299.4004821777344,748000,0.0,0.0,299.6826171875
2021-06-10 00:00:00-04:00,301.2684296096902,305.5379661633172,299.7531325478138,304.3085632324219,690900,0.0,0.0,301.6896728515625
2021-06-11 00:00:00-04:00,305.5856224348591,306.252747555924,302.4883098141892,305.07098388671875,770300,0.0,0.0,302.2843505859375
2021-06-14 00:00:00-04:00,305.8524449531203,310.5984910405005,303.94640655263896,309.9313659667969,634300,0.0,0.0,303.553759765625
2021-06-15 00:00:00-04:00,309.2071118657757,311.2465579673199,304.2895289730385,305.5284423828125,718400,0.0,0.0,304.84796752929685
2021-06-16 00:00:00-04:00,307.70135341748005,308.10163434206856,298.51426199106294,301.0588073730469,856300,0.0,0.0,305.17963256835935
2021-06-17 00:00:00-04:00,300.2677680287021,306.2336484775598,298.4284479423816,303.46038818359375,919700,0.0,0.0,305.00999755859374
2021-06-18 00:00:00-04:00,299.1336675233913,299.9342001516269,288.917300659878,290.17529296875,1925900,0.0,0.0,302.030859375
2021-06-21 00:00:00-04:00,291.6429177211592,295.06425307237356,288.2692507790393,294.3018493652344,882400,0.0,0.0,298.9049560546875
2021-06-22 00:00:00-04:00,293.1868787680234,295.03570949927513,289.91800038329126,294.1208190917969,672300,0.0,0.0,296.62343139648436
2021-06-23 00:00:00-04:00,294.3495156728116,298.2473900530933,294.1208003564715,296.25555419921875,656600,0.0,0.0,295.66278076171875
2021-06-24 00:00:00-04:00,298.76198597598454,301.2970205912877,297.60884086324,301.04925537109375,730700,0.0,0.0,295.18055419921876
2021-06-25 00:00:00-04:00,300.79190923271085,303.3745830695653,299.2098939023013,301.40185546875,3921200,0.0,0.0,297.4258666992188
2021-06-28 00:00:00-04:00,304.25142807886044,310.19825952758947,303.4413558130175,307.1200256347656,861600,0.0,0.0,299.989501953125
2021-06-29 00:00:00-04:00,306.8721715170407,310.7128375934813,306.4337908440622,309.9218444824219,544800,0.0,0.0,303.14970703125
2021-06-30 00:00:00-04:00,309.7312563884209,309.74079588775373,305.79528223074755,308.9783630371094,697600,0.0,0.0,305.69426879882815
2021-07-01 00:00:00-04:00,308.92121172245004,309.06415880597746,296.89411236431164,297.09423828125,1417100,0.0,0.0,304.90326538085935
2021-07-02 00:00:00-04:00,298.9907414592348,299.248046188004,293.5394701551316,297.17047119140625,1053200,0.0,0.0,304.05698852539064
2021-07-06 00:00:00-04:00,298.0186890015491,301.42097524619066,290.9187119082514,296.6272888183594,1071400,0.0,0.0,301.95844116210935
2021-07-07 00:00:00-04:00,299.362314288973,300.14379682471684,291.5094472807433,292.6340026855469,988900,0.0,0.0,298.50087280273436
2021-07-08 00:00:00-04:00,286.88736871153037,290.7947532496447,284.69543618431,288.8505859375,896000,0.0,0.0,294.4753173828125
2021-07-09 00:00:00-04:00,289.44144711480806,295.0356650499362,287.43059060455187,294.25421142578125,726700,0.0,0.0,293.9073120117188
2021-07-12 00:00:00-04:00,295.4549225154447,299.5243320195179,294.3875459516977,299.2669982910156,883300,0.0,0.0,294.3266174316406
2021-07-13 00:00:00-04:00,297.45638607502326,300.20108637529773,295.435989766166,296.9703369140625,568400,0.0,0.0,294.3952270507813
2021-07-14 00:00:00-04:00,299.00977358231273,303.3459993027203,293.96829387788057,294.5972900390625,763100,0.0,0.0,294.7878845214844
2021-07-15 00:00:00-04:00,293.7300412543118,295.4359537760417,287.5449559159577,289.4795837402344,910300,0.0,0.0,294.91368408203124
2021-07-16 00:00:00-04:00,290.937683466068,293.4250785584875,278.5674844919238,279.44427490234375,1794400,0.0,0.0,291.9516967773437
2021-07-19 00:00:00-04:00,276.3088273879018,280.530695123231,273.93581907814456,280.5021057128906,1332200,0.0,0.0,288.19871826171874
2021-07-20 00:00:00-04:00,281.42659868357606,290.5088718050923,278.9296926731546,288.545654296875,1202500,0.0,0.0,286.51378173828124
2021-07-21 00:00:00-04:00,290.04192620548326,303.3460691382695,289.5844664146254,301.9927978515625,1607600,0.0,0.0,287.9928833007813
2021-07-22 00:00:00-04:00,300.2010717848493,303.193566270186,297.332474458743,299.59112548828125,790200,0.0,0.0,290.01519165039065
2021-07-23 00:00:00-04:00,302.0402596224481,306.8720722116129,300.6298103265536,305.6903381347656,705200,0.0,0.0,295.264404296875
2021-07-26 00:00:00-04:00,305.12821088635957,307.1867070400044,300.7824159957711,303.6605529785156,655100,0.0,0.0,299.89609375
2021-07-27 00:00:00-04:00,300.487012440387,300.487012440387,288.31696487877906,294.4830017089844,1081200,0.0,0.0,301.08356323242185
2021-07-28 00:00:00-04:00,296.3889882383978,302.0213355242429,294.9308699419291,300.7442932128906,646800,0.0,0.0,300.8338623046875
2021-07-29 00:00:00-04:00,298.72390640669266,305.10911816353513,295.7885907230238,304.4229431152344,1119100,0.0,0.0,301.80022583007815
2021-07-30 00:00:00-04:00,323.540442765473,339.9514327199101,319.79508470790694,331.8031311035156,2656900,0.0,0.0,307.0227844238281
2021-08-02 00:00:00-04:00,331.8031984248717,339.9419912786621,328.5915280813586,329.6589050292969,1128200,0.0,0.0,312.2224548339844
2021-08-03 00:00:00-04:00,330.9168880485036,333.0992812130676,326.8856061093921,330.5928649902344,925400,0.0,0.0,319.4444274902344
2021-08-04 00:00:00-04:00,330.59285484927887,339.2748460794399,330.59285484927887,337.1781921386719,1161900,0.0,0.0,326.7312072753906
2021-08-05 00:00:00-04:00,338.8364486191832,339.8752360390584,333.0897441064707,337.0924072265625,730400,0.0,0.0,333.2651000976563
2021-08-06 00:00:00-04:00,335.024335885761,338.1311583128837,334.6431340701193,336.7492980957031,908400,0.0,0.0,334.25433349609375
2021-08-09 00:00:00-04:00,336.9113485231407,339.3415650157414,334.79564466414,335.00531005859375,748600,0.0,0.0,335.3236145019531
2021-08-10 00:00:00-04:00,334.7385380029112,335.5009710034056,324.5984263090193,325.9326477050781,1476800,0.0,0.0,334.3915710449219
2021-08-11 00:00:00-04:00,327.69574097057665,328.8202969320896,320.4909163152782,326.5616455078125,832300,0.0,0.0,332.26826171875
2021-08-12 00:00:00-04:00,321.643925802834,323.88352636222777,312.76178137535885,313.0762939453125,1356600,0.0,0.0,327.4650390625
2021-08-13 00:00:00-04:00,312.77044949199507,314.6730297702255,311.4892830704348,313.4779357910156,596500,1.05,0.0,322.8107666015625
2021-08-16 00:00:00-04:00,312.6652513967208,316.977159608305,311.51794955960776,314.7303771972656,1073600,0.0,0.0,318.7557800292969
2021-08-17 00:00:00-04:00,311.54662851259815,312.65567916698444,302.9419523244853,308.28643798828125,1255600,0.0,0.0,315.2265380859375
2021-08-18 00:00:00-04:00,306.44122923554244,312.1394587443851,303.2384004833551,303.6016845703125,1117900,0.0,0.0,310.6345458984375
2021-08-19 00:00:00-04:00,300.96287090865155,309.38588970200124,299.7295259337872,308.1907958984375,729900,0.0,0.0,309.6574462890625
2021-08-20 00:00:00-04:00,310.46627095164007,313.05722624651224,301.60343629470646,305.91534423828125,794300,0.0,0.0,308.1449279785156
2021-08-23 00:00:00-04:00,309.73007699892065,315.13189540477214,309.17556628641165,314.1089172363281,1274700,0.0,0.0,308.0206359863281
2021-08-24 00:00:00-04:00,315.1988506277841,319.61591318297405,312.0342441935819,313.5926513671875,621500,0.0,0.0,309.0818786621094
2021-08-25 00:00:00-04:00,311.39368263081616,320.80145844257083,311.39368263081616,319.34820556640625,839200,0.0,0.0,312.23118286132814
2021-08-26 00:00:00-04:00,319.89315693754327,321.93917161004987,317.502969241865,319.0900573730469,495500,0.0,0.0,314.41103515625
2021-08-27 00:00:00-04:00,320.88748485233253,328.44047217441886,320.1512883649051,327.8668212890625,692600,0.0,0.0,318.80133056640625
2021-08-30 00:00:00-04:00,330.170957653976,331.662432413114,323.9468996779341,327.08282470703125,516000,0.0,0.0,321.3961120605469
2021-08-31 00:00:00-04:00,328.5743114915158,328.5743114915158,319.0709235589058,325.0272521972656,1003200,0.0,0.0,323.6830322265625
2021-09-01 00:00:00-04:00,325.9738059377004,326.5856788088158,320.4190121296464,320.71539306640625,668100,0.0,0.0,323.9564697265625
2021-09-02 00:00:00-04:00,323.04824485113943,324.7404873545689,320.62934672351105,322.8761291503906,470600,0.0,0.0,324.71368408203125
2021-09-03 00:00:00-04:00,321.3463401744618,327.4652432482131,321.3463401744618,326.7386169433594,481800,0.0,0.0,324.4880432128906
2021-09-07 00:00:00-04:00,327.580009075309,328.0102253547186,323.0673335341163,326.7960205078125,570300,0.0,0.0,324.43068237304686
2021-09-08 00:00:00-04:00,326.1745461481053,326.1745461481053,319.8644453969016,321.958251953125,774800,0.0,0.0,323.81688232421874
2021-09-09 00:00:00-04:00,321.1647759105905,333.56507172238895,320.8301437740414,332.5516052246094,1200100,0.0,0.0,326.1841247558594
2021-09-10 00:00:00-04:00,335.5823699510023,343.3265843237526,334.9226757784693,335.1712646484375,1241300,0.0,0.0,328.6431518554688
2021-09-13 00:00:00-04:00,339.03375152679826,342.58081088664534,333.9569954644911,339.98028564453125,974200,0.0,0.0,331.29148559570314
2021-09-14 00:00:00-04:00,344.6841610886197,348.76662016110436,337.9820949341962,340.735595703125,1349300,0.0,0.0,334.07940063476565
2021-09-15 00:00:00-04:00,341.65343954068646,351.39584705033104,338.4983742347158,351.2046203613281,1566300,0.0,0.0,339.9286743164063
2021-09-16 00:00:00-04:00,348.96738002047687,357.3139253943095,347.2464566665559,355.67901611328125,1970700,0.0,0.0,344.5541564941406
2021-09-17 00:00:00-04:00,357.9545437107322,358.1457704187226,350.5067098441238,353.566162109375,2162500,0.0,0.0,348.23313598632814
2021-09-20 00:00:00-04:00,344.5694793353123,345.67853001413914,334.40639578971553,339.5787658691406,1312300,0.0,0.0,348.15283203125
2021-09-21 00:00:00-04:00,343.18315875747413,343.65162620607293,334.28210217152315,340.917236328125,1160400,0.0,0.0,348.18916015625
2021-09-22 00:00:00-04:00,343.35522333436177,350.21983491015146,340.3627038818966,349.4549865722656,762400,0.0,0.0,347.8392333984375
2021-09-23 00:00:00-04:00,350.55447179428813,356.0519031821815,349.70355101793945,354.6847229003906,948300,0.0,0.0,347.6403747558594
2021-09-24 00:00:00-04:00,351.5202064391022,354.3692920629027,350.67885553536723,353.2984924316406,433800,0.0,0.0,347.5868408203125
2021-09-27 00:00:00-04:00,348.49892994149224,353.18369190658245,346.864020579112,349.713134765625,844000,0.0,0.0,349.61371459960935
2021-09-28 00:00:00-04:00,336.86353063181906,341.26148236328294,331.11750937444634,331.7867736816406,1620600,0.0,0.0,347.7876220703125
2021-09-29 00:00:00-04:00,333.3642496000067,334.3776868436716,320.10349299991015,320.57196044921875,1202300,0.0,0.0,342.0110168457031
2021-09-30 00:00:00-04:00,323.4211042788042,327.1976128353928,319.2334904055111,319.81671142578125,962200,0.0,0.0,335.03741455078125
2021-10-01 00:00:00-04:00,321.9296608927064,323.583681586904,314.3384210370919,320.3043212890625,904600,0.0,0.0,328.43858032226564
2021-10-04 00:00:00-04:00,317.53158680288044,318.00962424638163,311.2884189578388,314.6155700683594,1147600,0.0,0.0,321.4190673828125
2021-10-05 00:00:00-04:00,318.33471613432937,319.7497176038739,313.8220410763444,316.68072509765625,774300,0.0,0.0,318.3978576660156
2021-10-06 00:00:00-04:00,312.4358168088905,315.715147679739,310.11253194267823,314.64434814453125,820900,0.0,0.0,317.21233520507815
2021-10-07 00:00:00-04:00,318.84142065359487,321.4037236533183,314.8546045148525,315.600341796875,811900,0.0,0.0,316.3690612792969
2021-10-08 00:00:00-04:00,317.6941998875624,317.77067305685495,310.5523177967876,311.728271484375,643100,0.0,0.0,314.6538513183594
2021-10-11 00:00:00-04:00,310.31328694477844,316.66161012440574,310.28460586027313,310.9156188964844,528700,0.0,0.0,313.9138610839844
2021-10-12 00:00:00-04:00,313.12411037788644,313.8698476579102,304.0222583501087,305.51373291015625,855500,0.0,0.0,311.6804626464844
2021-10-13 00:00:00-04:00,309.63450151737266,311.6805164586428,305.0740332987122,306.3360595703125,690600,0.0,0.0,310.0188049316406
2021-10-14 00:00:00-04:00,316.7572885936309,316.7572885936309,312.2637232499141,315.29449462890625,959000,0.0,0.0,309.9576354980469
2021-10-15 00:00:00-04:00,315.66735559149186,317.7898436620284,313.4875053442192,314.64434814453125,772500,0.0,0.0,310.5408508300781
2021-10-18 00:00:00-04:00,312.33067425292893,313.81260848487307,308.17174083252877,312.4167175292969,1377800,0.0,0.0,310.8410705566406
2021-10-19 00:00:00-04:00,311.3936855170167,318.1053225121874,311.2598209920882,317.5508117675781,820600,0.0,0.0,313.248486328125
2021-10-20 00:00:00-04:00,317.13959536187275,319.2812229678438,313.8029033138237,316.4894714355469,702000,0.0,0.0,315.2791687011719
2021-10-21 00:00:00-04:00,312.5218333325732,321.3655280069007,309.18514057049777,320.77276611328125,870600,0.0,0.0,316.37482299804685
2021-10-22 00:00:00-04:00,327.09240103903807,342.19840477871224,325.5818152536186,327.9624328613281,1856200,0.0,0.0,319.03843994140624
2021-10-25 00:00:00-04:00,332.4368845519219,332.4368845519219,326.6717525243588,328.1536865234375,1057500,0.0,0.0,322.1858337402344
2021-10-26 00:00:00-04:00,333.78490514297215,333.78490514297215,322.6562071213064,326.948974609375,868000,0.0,0.0,324.0654663085937
2021-10-27 00:00:00-04:00,325.98335826769073,330.2570151362488,321.5089337975096,325.6105041503906,1196200,0.0,0.0,325.8896728515625
2021-10-28 00:00:00-04:00,350.3441278652128,371.9036076001309,337.01643993476006,339.731689453125,2350800,0.0,0.0,329.68145751953125
2021-10-29 00:00:00-04:00,336.75831654897854,357.67721358656553,336.519297792736,356.38653564453125,1604200,0.0,0.0,335.36627807617185
2021-11-01 00:00:00-04:00,356.615984369633,363.7769769711091,352.9446597744248,363.5570983886719,2049400,0.0,0.0,342.44696044921875
2021-11-02 00:00:00-04:00,364.3028934125037,371.7411571183724,364.2742123242935,371.6742248535156,1186300,0.0,0.0,351.3920104980469
2021-11-03 00:00:00-04:00,372.8693041950564,376.56931031450245,366.23414039649447,376.37811279296875,1237300,0.0,0.0,361.5455322265625
2021-11-04 00:00:00-04:00,376.7700495333315,391.65614532775584,376.37808443173896,391.1111755371094,1703800,0.0,0.0,371.82142944335936
2021-11-05 00:00:00-04:00,392.29675630089497,400.02183055190505,387.81276158466085,398.4252014160156,1655500,0.0,0.0,380.2291625976562
2021-11-08 00:00:00-05:00,398.44428115483356,400.9109419710915,392.5548552854627,394.7060241699219,1247800,0.0,0.0,386.4589477539063
2021-11-09 00:00:00-05:00,394.7920654214172,399.256948765768,392.3923368740182,398.7884521484375,837700,0.0,0.0,391.8817932128906
2021-11-10 00:00:00-05:00,392.02899725246704,399.63934600683893,385.62328314563496,386.58892822265625,1169800,0.0,0.0,393.9239562988281
2021-11-11 00:00:00-05:00,392.191543639507,396.02541398091773,390.07862591870077,394.6582336425781,620100,0.0,0.0,394.63336791992185
2021-11-12 00:00:00-05:00,395.3578841031589,400.0258380378106,392.79864135534206,396.13427734375,627100,1.05,0.0,394.17518310546876
2021-11-15 00:00:00-05:00,400.65848860189953,401.473230613232,393.4983943460592,395.9234313964844,654200,0.0,0.0,394.4186645507813
2021-11-16 00:00:00-05:00,395.8755698317959,406.42878090561516,394.1119089482153,405.642822265625,1151000,0.0,0.0,395.78953857421874
2021-11-17 00:00:00-05:00,404.2720729818195,406.45748175179364,400.26549511211687,402.4221496582031,1476600,0.0,0.0,398.9561828613281
2021-11-18 00:00:00-05:00,405.2881583877262,407.2147794461224,400.04508956214636,405.68115234375,887700,0.0,0.0,401.1607666015625
2021-11-19 00:00:00-05:00,404.5213870365339,409.13183389972534,403.4095080428102,404.85687255859375,746300,0.0,0.0,402.90528564453126
2021-11-22 00:00:00-05:00,406.32331345692796,409.5151493799333,390.4886867288039,390.9775085449219,1604300,0.0,0.0,401.9161010742188
2021-11-23 00:00:00-05:00,390.24907481001867,395.25248558797654,384.1720754348681,394.8882751464844,1161600,0.0,0.0,399.76519165039065
2021-11-24 00:00:00-05:00,393.3642556799898,396.20144663002645,384.4788193806371,396.15350341796875,730300,0.0,0.0,398.51146240234374
2021-11-26 00:00:00-05:00,389.8368940221423,393.0862677995318,380.5680877913053,382.4084167480469,756300,0.0,0.0,393.85691528320314
2021-11-29 00:00:00-05:00,386.09871229124604,397.4091567179759,386.09871229124604,396.6711120605469,1084500,0.0,0.0,392.2197631835937
2021-11-30 00:00:00-05:00,395.5400925407813,401.07070362054037,388.98386523389854,391.1980285644531,1548600,0.0,0.0,392.2638671875
2021-12-01 00:00:00-05:00,398.0226292865692,410.4545473785964,391.2459335508417,395.0799865722656,1637100,0.0,0.0,392.3022094726563
2021-12-02 00:00:00-05:00,391.7635523781136,398.6169165394041,384.56510822224067,385.8303527832031,1610000,0.0,0.0,390.2375793457031
2021-12-03 00:00:00-05:00,390.7091829678326,393.86269988540687,378.2389156923779,384.0570983886719,1313000,0.0,0.0,390.56731567382815
2021-12-06 00:00:00-05:00,386.2041774747774,386.6834341071165,373.98313335013114,382.9548034667969,1284300,0.0,0.0,387.8240539550781
2021-12-07 00:00:00-05:00,389.69312550599994,403.0356421635998,388.93589188514255,401.76080322265625,1348100,0.0,0.0,389.9366088867188
2021-12-08 00:00:00-05:00,401.2144319260846,404.78969659942163,396.1534835320785,403.80242919921875,952200,0.0,0.0,391.68109741210935
2021-12-09 00:00:00-05:00,400.89819971856764,402.6906149629502,391.8594260495181,392.3865966796875,1091600,0.0,0.0,392.9923461914062
2021-12-10 00:00:00-05:00,397.9459750159059,400.2272120721821,387.3256313942482,393.6518249511719,833800,0.0,0.0,394.9112915039062
2021-12-13 00:00:00-05:00,393.6518174523792,393.72848564336743,380.36680831075915,383.1656799316406,1189400,0.0,0.0,394.953466796875
2021-12-14 00:00:00-05:00,379.369937822595,385.6098387024516,377.8267163996622,382.8876647949219,993300,0.0,0.0,391.1788391113281
2021-12-15 00:00:00-05:00,383.8270530419144,394.4665561022588,376.4752434504389,392.9041748046875,2186900,0.0,0.0,388.9991882324219
2021-12-16 00:00:00-05:00,396.8244294861977,397.773348109272,378.6989429770226,380.82684326171875,2306600,0.0,0.0,386.68723754882814
2021-12-17 00:00:00-05:00,379.89719555671616,380.98991486800605,370.9446839554149,375.305908203125,3228000,0.0,0.0,383.01805419921874
2021-12-20 00:00:00-05:00,369.87110617877636,376.8203274026397,365.79742477168406,369.5068664550781,1850200,0.0,0.0,380.2862915039062
2021-12-21 00:00:00-05:00,386.424545880835,395.09910688495665,384.42125703551915,392.4152526855469,2267000,0.0,0.0,382.1918090820312
2021-12-22 00:00:00-05:00,389.42480079654774,396.2302513991452,386.8080488330804,396.0672912597656,719600,0.0,0.0,382.8244323730469
2021-12-23 00:00:00-05:00,398.0034996159894,406.8793131400158,397.81178524983545,403.3040771484375,878000,0.0,0.0,387.31987915039065
2021-12-27 00:00:00-05:00,404.71308247962804,423.2315372635151,404.5022083828957,421.9088134765625,1302800,0.0,0.0,396.6404602050781
2021-12-28 00:00:00-05:00,423.22195007164686,424.0846061493553,412.4674301990743,414.22149658203125,751900,0.0,0.0,405.58338623046876
2021-12-29 00:00:00-05:00,414.8253082265529,420.7009983511322,413.6271668227316,417.0298767089844,613900,0.0,0.0,410.5063110351563
2021-12-30 00:00:00-05:00,417.38462780885015,417.9117984227725,408.6046424785949,409.3618469238281,615000,0.0,0.0,413.16522216796875
2021-12-31 00:00:00-05:00,410.1477465017202,414.01055309510645,409.53431333319264,412.26605224609375,525000,0.0,0.0,414.9576171875
2022-01-03 00:00:00-05:00,413.25341053307596,417.5667200942756,407.95280425753714,417.0395202636719,1044300,0.0,0.0,413.9837585449219
2022-01-04 00:00:00-05:00,416.3589887995503,418.7169231961121,400.27513768929816,413.3492431640625,964900,0.0,0.0,413.80930786132814
2022-01-05 00:00:00-05:00,414.23111648716554,417.0395534713919,402.26885982104255,403.2848815917969,1174000,0.0,0.0,411.0603088378906
2022-01-06 00:00:00-05:00,403.17940980140645,417.0011536893226,400.4380468535491,414.28857421875,1268500,0.0,0.0,412.045654296875
2022-01-07 00:00:00-05:00,411.9785533595651,417.4612499964645,398.9236083442894,399.6137390136719,1155000,0.0,0.0,409.51519165039065
2022-01-10 00:00:00-05:00,393.1916946019163,402.11545022234486,387.9103067203679,401.3582458496094,1341100,0.0,0.0,406.3789367675781
2022-01-11 00:00:00-05:00,397.6488021459497,408.2020426355232,393.46969831902,407.95281982421875,1018500,0.0,0.0,405.2996520996094
2022-01-12 00:00:00-05:00,411.79647816489296,418.8607164867672,411.79647816489296,415.8605651855469,1213100,0.0,0.0,407.8147888183594
2022-01-13 00:00:00-05:00,427.7365982017162,438.15563401996843,402.9686158350739,403.9942321777344,2290400,0.0,0.0,405.75592041015625
2022-01-14 00:00:00-05:00,401.780007034603,427.03680746673786,401.415767323749,426.53839111328125,1422000,0.0,0.0,411.14085083007814
2022-01-18 00:00:00-05:00,419.0140499998662,420.08758013045093,394.91704276051996,395.8468017578125,1710200,0.0,0.0,410.03856201171874
2022-01-19 00:00:00-05:00,400.43804921309595,404.35836469267446,376.5423221467367,376.8778076171875,1511400,0.0,0.0,403.8235595703125
2022-01-20 00:00:00-05:00,383.40527858238175,390.70914445913587,366.45877228940077,367.3789367675781,1578600,0.0,0.0,394.1272338867187
2022-01-21 00:00:00-05:00,363.2956842697881,372.38240047999557,355.26336774446816,357.55419921875,1934900,0.0,0.0,384.8392272949219
2022-01-24 00:00:00-05:00,352.43565721292475,377.2419790301768,347.8443716234992,374.87445068359375,3310800,0.0,0.0,374.5064392089844
2022-01-25 00:00:00-05:00,362.32761898662517,366.1520776624611,354.31443265213045,354.7553405761719,1782800,0.0,0.0,366.28814697265625
2022-01-26 00:00:00-05:00,367.8581229546947,381.5265278803904,358.6563921797052,364.81005859375,2381800,0.0,0.0,363.8745971679688
2022-01-27 00:00:00-05:00,360.20922289523463,363.1231110036197,344.0678652808966,346.7900390625,3076600,0.0,0.0,359.75681762695314
2022-01-28 00:00:00-05:00,337.92380142444745,351.71681977907883,329.7572798664173,351.4388427734375,2111700,0.0,0.0,358.53374633789065
2022-01-31 00:00:00-05:00,351.12259072027183,373.56139004944913,350.96922508574113,373.1204528808594,2216500,0.0,0.0,358.1829467773438
2022-02-01 00:00:00-05:00,373.64757030856924,375.2578652386593,359.69162241146074,371.93182373046875,1357700,0.0,0.0,361.6182434082031
2022-02-02 00:00:00-05:00,374.9799081219925,380.2900789779135,369.2863378697647,379.0535888671875,1322300,0.0,0.0,364.4669494628906
2022-02-03 00:00:00-05:00,369.58348563555654,373.09164725697866,357.007797851453,358.17718505859375,1868400,0.0,0.0,366.7443786621094
2022-02-04 00:00:00-05:00,357.6116944528131,364.81970335104745,352.83828807715264,361.7237243652344,1129200,0.0,0.0,368.8013549804688
2022-02-07 00:00:00-05:00,362.7876969250587,365.7399343298638,358.58940390554693,360.0176086425781,1084000,0.0,0.0,366.1807861328125
2022-02-08 00:00:00-05:00,359.60541818001604,370.311994483306,357.44876343164583,369.23846435546875,1975200,0.0,0.0,365.6421142578125
2022-02-09 00:00:00-05:00,377.2036839809453,384.5746525467946,373.82013368457825,383.5298767089844,1460800,0.0,0.0,366.53737182617186
2022-02-10 00:00:00-05:00,374.2514949601767,388.9454896151127,371.23215494412653,373.54217529296875,1326400,0.0,0.0,369.61036987304686
2022-02-11 00:00:00-05:00,375.92568119183125,378.5783043959028,350.8793207083135,354.867919921875,1657800,1.05,0.0,368.239208984375
2022-02-14 00:00:00-05:00,355.7714331988199,363.2391913290251,345.34346204599916,350.956298828125,1264100,0.0,0.0,366.42694702148435
2022-02-15 00:00:00-05:00,358.952716267157,374.1669620405282,358.1165321190511,372.4273681640625,1565200,0.0,0.0,367.0647277832031
2022-02-16 00:00:00-05:00,367.0931687517794,372.446488218923,362.8162502287928,370.64923095703125,1600200,0.0,0.0,364.4885986328125
2022-02-17 00:00:00-05:00,364.5366973249134,366.4973259624991,350.86019361801726,351.8116760253906,1821800,0.0,0.0,360.1424987792969
2022-02-18 00:00:00-05:00,355.6081064161528,355.6081064161528,339.50963132839456,344.3631896972656,1368900,0.0,0.0,358.041552734375
2022-02-22 00:00:00-05:00,341.2491670785362,351.11009145980046,335.05966253219265,341.9027099609375,1667000,0.0,0.0,356.2308349609375
2022-02-23 00:00:00-05:00,345.3530656842102,350.0624929977128,328.8893989066092,330.4079284667969,1636800,0.0,0.0,347.8269470214844
2022-02-24 00:00:00-05:00,318.79782999279007,344.3439310739891,316.4527366709004,343.9691162109375,1676400,0.0,0.0,342.4909240722656
2022-02-25 00:00:00-05:00,342.8254037143621,345.87208337164,337.20294608740465,343.7384338378906,1578300,0.0,0.0,340.87627563476565
2022-02-28 00:00:00-05:00,339.67291286521976,342.6042642275638,327.8609530356,334.94427490234375,1883000,0.0,0.0,338.99249267578125
2022-03-01 00:00:00-05:00,333.0989946041255,335.7612681243559,320.1913910748873,323.6898193359375,1427500,0.0,0.0,335.34991455078125
2022-03-02 00:00:00-05:00,328.9950700669976,334.4637468957292,324.15110414078765,332.60882568359375,1289400,0.0,0.0,335.79009399414065
2022-03-03 00:00:00-05:00,335.453711207803,335.9823060188955,325.1603083680041,329.20654296875,1028500,0.0,0.0,332.83757934570315
2022-03-04 00:00:00-05:00,325.56392729351995,327.73602883520533,314.2325472972268,319.1822204589844,1566500,0.0,0.0,327.92633666992185
2022-03-07 00:00:00-05:00,321.49852857607414,324.36259634062276,301.69018328769005,301.9208679199219,1641100,0.0,0.0,321.3216552734375
2022-03-08 00:00:00-05:00,303.94871416896734,319.9126151649288,298.4704173118146,309.30206298828125,1805000,0.0,0.0,318.44410400390626
2022-03-09 00:00:00-05:00,318.2307207284796,328.68752344830875,318.0961815939783,326.35205078125,1521300,0.0,0.0,317.1927490234375
2022-03-10 00:00:00-05:00,317.87510929808155,321.41198965530606,310.17669633282765,316.0009765625,1555800,0.0,0.0,314.5516357421875
2022-03-11 00:00:00-05:00,323.0266752773758,324.8719763329971,310.22477821556055,310.6957092285156,958700,0.0,0.0,312.8543334960938
2022-03-14 00:00:00-04:00,311.61839316740515,318.25961749891286,305.6403321606573,307.55291748046875,1558700,0.0,0.0,313.9807434082031
2022-03-15 00:00:00-04:00,311.0896790432136,321.13321283289497,310.8013599986534,320.25860595703125,1333500,0.0,0.0,316.17205200195315
2022-03-16 00:00:00-04:00,323.90125936109325,337.6353970578279,320.2971239128648,337.27020263671875,1549500,0.0,0.0,318.3556823730469
2022-03-17 00:00:00-04:00,332.95480152930986,340.60520014406,331.59964320180154,338.8944091796875,1014400,0.0,0.0,322.9343688964844
2022-03-18 00:00:00-04:00,336.92412701766386,352.1672295918626,333.36803564531516,350.8504943847656,2996400,0.0,0.0,330.9653259277344
2022-03-21 00:00:00-04:00,346.33338718687753,349.90869064541374,337.16445859747324,342.42169189453125,1333200,0.0,0.0,337.9390808105469
2022-03-22 00:00:00-04:00,342.7196698924614,350.4661567007953,342.7196698924614,346.9869689941406,842500,0.0,0.0,343.2847534179688
2022-03-23 00:00:00-04:00,346.2276790606847,346.2276790606847,334.72327684731226,335.1654052734375,1163300,0.0,0.0,342.8637939453125
2022-03-24 00:00:00-04:00,340.22069275287345,351.8692513242637,336.53968277858667,351.6578369140625,1066900,0.0,0.0,345.4164794921875
2022-03-25 00:00:00-04:00,349.264762621205,354.53161668958097,345.39151938880195,352.1865234375,942200,0.0,0.0,345.6836853027344
2022-03-28 00:00:00-04:00,354.8199218307729,361.03825807032905,348.9764297588772,360.74993896484375,1088700,0.0,0.0,349.3493347167969
2022-03-29 00:00:00-04:00,366.22822957446994,371.87951903020314,362.76828277592676,369.3806457519531,1061900,0.0,0.0,353.82807006835935
2022-03-30 00:00:00-04:00,368.4868012207121,368.5348739581907,357.11696820064407,359.2794494628906,1123000,0.0,0.0,358.65087890625
2022-03-31 00:00:00-04:00,360.2693283968747,364.20985506430327,351.3791290280348,351.82122802734375,1319900,0.0,0.0,358.6835571289063
2022-04-01 00:00:00-04:00,354.83910811641016,355.6560218998952,340.9896154881439,346.2564392089844,1183000,0.0,0.0,357.49754028320314
2022-04-04 00:00:00-04:00,347.67890299924494,354.0029458829908,346.38140848338423,352.7727355957031,904200,0.0,0.0,355.902099609375
2022-04-05 00:00:00-04:00,350.0240008258627,351.2638315432524,329.84084377029325,332.0802001953125,1690000,0.0,0.0,348.4420104980469
2022-04-06 00:00:00-04:00,325.74651546469505,335.8573341558085,320.518114680753,330.8595886230469,1780900,0.0,0.0,342.75803833007814
2022-04-07 00:00:00-04:00,329.9753789919555,342.52740731055775,329.61018460148813,339.34613037109375,1315000,0.0,0.0,340.2630187988281
2022-04-08 00:00:00-04:00,335.9534597508323,336.55895918562595,327.42848291874304,327.9378662109375,1551000,0.0,0.0,336.59930419921875
2022-04-11 00:00:00-04:00,323.80515337637456,325.9772551270968,318.3076440936274,318.5767517089844,1484000,0.0,0.0,329.760107421875
2022-04-12 00:00:00-04:00,326.77495778825227,331.71504034641157,315.43395627957796,317.4042053222656,1164300,0.0,0.0,326.8249084472656
2022-04-13 00:00:00-04:00,318.70165851471506,326.42893237049174,316.741000810602,323.4302673339844,1137800,0.0,0.0,325.33904418945315
2022-04-14 00:00:00-04:00,322.93051213768564,324.26645898976545,308.43709610550957,308.9753112792969,1486300,0.0,0.0,319.26488037109374
2022-04-18 00:00:00-04:00,307.5528861529664,317.17353425870806,306.9762186253238,315.11676025390625,984600,0.0,0.0,316.7006591796875
2022-04-19 00:00:00-04:00,316.6352634276957,325.7657381313142,311.9354576331817,324.6796875,1319700,0.0,0.0,317.92124633789064
2022-04-20 00:00:00-04:00,331.6669400864408,338.19283588508335,331.58044435974944,332.1474914550781,1295200,0.0,0.0,320.8699035644531
2022-04-21 00:00:00-04:00,335.3287382618105,341.16263890061106,321.4312009309657,322.9208984375,1340600,0.0,0.0,320.7680297851563
2022-04-22 00:00:00-04:00,321.6715274395467,323.42074173236114,310.97444761957,311.66644287109375,1420200,0.0,0.0,321.30625610351564
2022-04-25 00:00:00-04:00,309.69618876687315,318.7785933020129,306.9377988886943,318.3268737792969,1259900,0.0,0.0,321.9482788085937
2022-04-26 00:00:00-04:00,312.68508361773524,313.713470331361,302.17061992844265,302.5166320800781,1281100,0.0,0.0,317.5156677246094
2022-04-27 00:00:00-04:00,300.53680808064865,311.3972562100867,299.87364491079626,302.535888671875,1042600,0.0,0.0,311.5933471679688
2022-04-28 00:00:00-04:00,306.93778787807986,324.0454359712314,304.42932355271705,319.81658935546875,1827900,0.0,0.0,310.9724853515625
2022-04-29 00:00:00-04:00,318.8265956176308,328.95659652514934,306.03432157324136,306.8416442871094,2424900,0.0,0.0,310.0075256347656
2022-05-02 00:00:00-04:00,309.15788917209125,314.69382025570553,300.02741438571616,313.9345703125,1564400,0.0,0.0,309.1290649414062
2022-05-03 00:00:00-04:00,313.6366003734439,322.0078251860216,310.9263133169068,321.0082702636719,1326100,0.0,0.0,312.827392578125
2022-05-04 00:00:00-04:00,321.7291029973925,336.8376374017382,313.7327221359955,335.7900390625,1459000,0.0,0.0,319.47822265625
2022-05-05 00:00:00-04:00,329.54287357411624,332.5415090787051,316.51032429308066,320.4316101074219,1863100,0.0,0.0,319.6012268066406
2022-05-06 00:00:00-04:00,318.8938433345783,325.11217857133795,308.51394658360164,318.46136474609375,967800,0.0,0.0,321.9251708984375
2022-05-09 00:00:00-04:00,309.7826127449753,316.72177504128763,304.02558793493887,306.466796875,1822900,0.0,0.0,320.4316162109375
2022-05-10 00:00:00-04:00,315.5396227118488,317.7213152654124,303.89106276854625,310.6476135253906,1450900,0.0,0.0,318.35948486328124
2022-05-11 00:00:00-04:00,305.8997495938559,314.0787425130782,298.9797987969137,299.5084228515625,1320000,0.0,0.0,311.10316162109376
2022-05-12 00:00:00-04:00,296.9806918303884,307.5528200185252,294.5106512052892,303.323974609375,1498100,0.0,0.0,307.6816345214844
2022-05-13 00:00:00-04:00,308.9074342466839,325.65751442982827,306.67022528698226,324.41357421875,1982200,1.05,0.0,308.8720764160156
2022-05-16 00:00:00-04:00,320.1223660521022,325.68643066143204,317.17157635734475,318.743408203125,937200,0.0,0.0,311.3273986816406
2022-05-17 00:00:00-04:00,328.01037766116184,340.5271449169837,325.50316319919415,338.9649658203125,1657400,0.0,0.0,316.990869140625
2022-05-18 00:00:00-04:00,332.7740882070675,338.45389427203645,319.62090112406304,321.93524169921875,1668600,0.0,0.0,321.4762329101562
2022-05-19 00:00:00-04:00,320.86491138116196,334.0663345616928,319.93918083418635,326.4386291503906,1450800,0.0,0.0,326.0991638183594
2022-05-20 00:00:00-04:00,330.4500707748268,334.36517089522476,306.6798116357148,323.5070495605469,1997000,0.0,0.0,325.91785888671876
2022-05-23 00:00:00-04:00,324.77988430177214,333.1404723659418,323.7095133780097,329.0035705566406,1085900,0.0,0.0,327.9698913574219
2022-05-24 00:00:00-04:00,324.99205480208053,326.8628203361928,314.9246464697109,318.30938720703125,1308300,0.0,0.0,323.8387756347656
2022-05-25 00:00:00-04:00,316.8532996171937,327.7307266637496,315.86971297843735,325.9178466796875,1166300,0.0,0.0,324.6352966308594
2022-05-26 00:00:00-04:00,321.3373599782661,341.857896552508,321.21199484172394,340.6717834472656,1434800,0.0,0.0,327.4819274902344
2022-05-27 00:00:00-04:00,345.2619288031818,359.051564736125,345.2619288031818,358.0197448730469,1456000,0.0,0.0,334.38446655273435
2022-05-31 00:00:00-04:00,353.2271519257133,354.5579059815255,345.00157923897933,351.82891845703125,1592600,0.0,0.0,338.9495361328125
2022-06-01 00:00:00-04:00,353.44883123460215,355.86926072469083,338.26093635427884,344.2492980957031,1110100,0.0,0.0,344.13751831054685
2022-06-02 00:00:00-04:00,343.2561082201832,358.714011152654,341.5010847043528,358.5018615722656,1161400,0.0,0.0,350.6543212890625
2022-06-03 00:00:00-04:00,349.95807960458353,353.31389220133997,346.5444107068859,349.5048522949219,799900,0.0,0.0,352.4209350585937
2022-06-06 00:00:00-04:00,356.94933634341993,358.3186413801196,347.23871824370116,349.5337829589844,582300,0.0,0.0,350.72374267578124
2022-06-07 00:00:00-04:00,345.79227965080264,355.55110231000987,342.6196882053147,354.1142883300781,675900,0.0,0.0,351.1808166503906
2022-06-08 00:00:00-04:00,353.0342748589408,354.0564421990435,344.5386970174923,348.57916259765625,891800,0.0,0.0,352.0467895507812
2022-06-09 00:00:00-04:00,344.49044646881345,350.8452523212556,337.02668887058155,337.10382080078125,908800,0.0,0.0,347.7671813964844
2022-06-10 00:00:00-04:00,331.4433594469105,333.46841863957934,321.3952542798166,321.7520446777344,1227000,0.0,0.0,342.21661987304685
2022-06-13 00:00:00-04:00,310.8263271297762,313.6421279758722,301.51110950259533,302.67791748046875,1904100,0.0,0.0,332.84544677734374
2022-06-14 00:00:00-04:00,307.3741345180355,309.18704392586034,300.5178973607886,305.1755065917969,1170300,0.0,0.0,323.0576904296875
2022-06-15 00:00:00-04:00,310.88422347590875,317.72118462793384,304.92475939751364,312.2342529296875,1214700,0.0,0.0,315.78870849609376
2022-06-16 00:00:00-04:00,307.7116300746828,310.1320305481932,295.5902343686253,299.3221130371094,2211400,0.0,0.0,308.23236694335935
2022-06-17 00:00:00-04:00,300.1032107888486,305.1079871116962,294.0666440866462,300.7975158691406,3072000,0.0,0.0,304.0414611816406
2022-06-21 00:00:00-04:00,308.0877349373296,320.7202158646243,306.3905674621618,315.5418701171875,1370300,0.0,0.0,306.6142517089844
2022-06-22 00:00:00-04:00,306.6026547813671,317.57648782985535,304.8379493984467,312.86102294921875,1077100,0.0,0.0,308.15135498046874
2022-06-23 00:00:00-04:00,314.7704137512997,315.9082936835956,304.8862258699549,309.2159729003906,1330300,0.0,0.0,307.5476989746094
2022-06-24 00:00:00-04:00,316.21689679366654,327.45111479428056,312.76464670747845,327.38360595703125,1924300,0.0,0.0,313.1599975585938
2022-06-27 00:00:00-04:00,330.58511931017216,332.6294540157881,323.06347550664987,326.5060729980469,1369800,0.0,0.0,318.301708984375
2022-06-28 00:00:00-04:00,329.30252578018377,332.9186917205914,316.67969940227954,318.30938720703125,1283100,0.0,0.0,318.85521240234374
2022-06-29 00:00:00-04:00,312.03176777883283,313.5939764556357,304.9247997945079,309.12921142578125,1225900,0.0,0.0,318.1088500976563
2022-06-30 00:00:00-04:00,304.4715267692537,313.9796479401508,302.0028931172034,307.69232177734375,1302600,0.0,0.0,317.8041198730469
2022-07-01 00:00:00-04:00,298.5892526221721,302.4947001451755,281.6945061737799,285.686767578125,2323600,0.0,0.0,309.4647521972656
2022-07-05 00:00:00-04:00,276.0629741607851,285.17572561688655,272.7360891711763,285.01177978515625,2222400,0.0,0.0,301.1658935546875
2022-07-06 00:00:00-04:00,284.85743107103804,286.65106462954253,280.44090014256204,282.5430908203125,2201200,0.0,0.0,294.01263427734375
2022-07-07 00:00:00-04:00,290.5854840140028,304.36549695637444,288.59900563441056,302.9576110839844,1887000,0.0,0.0,292.7783142089844
2022-07-08 00:00:00-04:00,298.24209893774173,307.44163393370457,297.43208124535516,305.53228759765625,1006800,0.0,0.0,292.3463073730469
2022-07-11 00:00:00-04:00,301.7426168424244,305.20449046989586,297.00784538618615,301.99334716796875,1383400,0.0,0.0,295.6076232910156
2022-07-12 00:00:00-04:00,303.90261384776176,308.09737269502466,300.37323196247206,302.5815124511719,1078400,0.0,0.0,299.12156982421874
2022-07-13 00:00:00-04:00,296.6509501979472,305.2718915135559,295.4648372633941,301.94500732421875,1056000,0.0,0.0,303.001953125
2022-07-14 00:00:00-04:00,299.93927426298126,309.8138085832659,291.3279554545169,307.70196533203125,1628900,0.0,0.0,303.95082397460936
2022-07-15 00:00:00-04:00,310.76849596498863,314.6257399723021,305.34907284326306,314.5871887207031,1238500,0.0,0.0,305.7618041992188
2022-07-18 00:00:00-04:00,319.6691402710154,328.6854552412706,314.8572371392404,317.7308654785156,1683100,0.0,0.0,308.9093078613281
2022-07-19 00:00:00-04:00,322.2052092451229,333.8347964718828,321.43374285963597,333.2465515136719,2044800,0.0,0.0,315.0423156738281
2022-07-20 00:00:00-04:00,331.39512226529206,344.8376199787891,329.86187130451196,343.7286682128906,1689200,0.0,0.0,323.3990478515625
2022-07-21 00:00:00-04:00,345.3969400113461,348.47309475036246,339.9196600693658,347.6727294921875,1244000,0.0,0.0,331.39320068359376
2022-07-22 00:00:00-04:00,347.60522488723285,347.60522488723285,339.21570650982096,341.3854064941406,1468100,0.0,0.0,336.7528442382812
2022-07-25 00:00:00-04:00,335.9080806462683,339.06136693226637,330.74901105744465,338.0874328613281,986500,0.0,0.0,340.82415771484375
2022-07-26 00:00:00-04:00,337.3738301036912,339.8039126418231,331.88692762413103,333.5648193359375,835900,0.0,0.0,340.8878112792969
2022-07-27 00:00:00-04:00,337.7788491838106,351.49135250818074,337.47991513403184,348.25128173828125,1318200,0.0,0.0,341.792333984375
2022-07-28 00:00:00-04:00,348.25131160109163,358.0679911647825,341.34684085495854,356.77581787109375,1315200,0.0,0.0,343.6129516601562
2022-07-29 00:00:00-04:00,349.1191513321037,374.34552980355136,347.32551762761756,369.8518371582031,1827000,0.0,0.0,349.3062377929688
2022-08-01 00:00:00-04:00,367.5857568848265,376.7563650206385,364.96282947058114,371.876953125,1029300,0.0,0.0,356.06414184570315
2022-08-02 00:00:00-04:00,370.0157521173463,376.1294801036567,365.76313723054665,369.03216552734375,1206000,0.0,0.0,363.15761108398436
2022-08-03 00:00:00-04:00,369.4371483276402,383.6028783226417,369.4371483276402,381.79962158203125,1354600,0.0,0.0,369.8672790527344
2022-08-04 00:00:00-04:00,383.79578610141624,384.721516440995,379.5431709702368,383.2171936035156,1156400,0.0,0.0,375.1555541992187
2022-08-05 00:00:00-04:00,375.2037323110039,383.2846625287143,372.22401509977783,381.61639404296875,1213800,0.0,0.0,377.5084655761719
2022-08-08 00:00:00-04:00,376.90099531395396,382.5325685466735,367.78824374445344,373.8441162109375,1600100,0.0,0.0,377.9018981933594
2022-08-09 00:00:00-04:00,361.163458108486,361.19238626619085,342.9861868300815,345.531982421875,3194600,0.0,0.0,373.2018615722656
2022-08-10 00:00:00-04:00,354.8664302900991,362.0987624291636,350.71025244179145,361.14410400390625,1755100,0.0,0.0,369.0707580566406
2022-08-11 00:00:00-04:00,362.079571072342,371.8576710972608,357.84623088272156,359.4469909667969,1323800,0.0,0.0,364.31671752929685
2022-08-12 00:00:00-04:00,362.282301659454,371.37854446085345,360.45336088250104,368.8819274902344,1137000,1.3,0.0,361.76982421875
2022-08-15 00:00:00-04:00,365.7852798744231,373.18807129892883,362.00162436158,371.90106201171875,1303600,0.0,0.0,361.38121337890624
2022-08-16 00:00:00-04:00,371.54301276457807,373.5170707360729,366.17233830582256,368.42706298828125,872600,0.0,0.0,365.9602294921875
2022-08-17 00:00:00-04:00,364.6820620600371,366.9077571533583,357.2599283967041,362.9692687988281,1198400,0.0,0.0,366.32526245117185
2022-08-18 00:00:00-04:00,364.3337685854908,371.6397858640745,361.5662008796898,369.6753845214844,1119200,0.0,0.0,368.3709411621094
2022-08-19 00:00:00-04:00,364.2369627734088,366.5690893100551,357.28898517678556,359.7952880859375,1257300,0.0,0.0,366.55361328125
2022-08-22 00:00:00-04:00,351.9473689461111,354.5310737270328,346.4992926767826,348.1733703613281,1338700,0.0,0.0,361.8080749511719
2022-08-23 00:00:00-04:00,350.0023117251167,357.2599558961458,349.59587065771,350.7377624511719,860200,0.0,0.0,358.27021484375
2022-08-24 00:00:00-04:00,348.6185568632083,353.75696699934423,346.12191052400215,350.95068359375,938400,0.0,0.0,355.8664978027344
2022-08-25 00:00:00-04:00,352.3731553170215,365.1562776971061,351.01837144142803,364.546630859375,1285300,0.0,0.0,354.8407470703125
2022-08-26 00:00:00-04:00,363.09508400048395,364.8175636236035,347.3992184108055,347.5733947753906,1604400,0.0,0.0,352.3963684082031
2022-08-29 00:00:00-04:00,342.0673077475958,348.1056883464198,339.91904368993806,341.96087646484375,1319700,0.0,0.0,351.15386962890625
2022-08-30 00:00:00-04:00,345.754147752316,345.8509222451019,332.35172214719415,335.9224853515625,1416600,0.0,0.0,348.19081420898436
2022-08-31 00:00:00-04:00,338.5352440465164,338.5352440465164,328.86807100335756,333.009765625,1564800,0.0,0.0,344.6026306152344
2022-09-01 00:00:00-04:00,324.03935058018897,326.96178147804113,318.35903794538626,326.2166442871094,1870400,0.0,0.0,336.93663330078124
2022-09-02 00:00:00-04:00,330.72601934627676,334.1613222171985,322.2200810352089,324.4167175292969,1300700,0.0,0.0,332.3052978515625
2022-09-06 00:00:00-04:00,323.0232190099459,326.16819809823113,316.15264340309847,319.8975830078125,1402800,0.0,0.0,327.89263916015625
2022-09-07 00:00:00-04:00,321.3878045913335,329.83571229398245,318.1170218478501,326.90362548828125,1604900,0.0,0.0,326.0888671875
2022-09-08 00:00:00-04:00,324.9779460956309,340.0738521948586,322.04585897018217,339.7448425292969,2258200,0.0,0.0,327.4358825683594
2022-09-09 00:00:00-04:00,345.32838683474057,351.0087280507365,345.32838683474057,347.0799255371094,1655300,0.0,0.0,331.60853881835936
2022-09-12 00:00:00-04:00,345.4058287945259,347.8057006057354,341.3512222611419,345.918701171875,1141300,0.0,0.0,335.908935546875
2022-09-13 00:00:00-04:00,331.8969294791717,337.0643687794362,328.55840122241864,329.6712341308594,2326500,0.0,0.0,337.86366577148436
2022-09-14 00:00:00-04:00,332.43883356430905,338.45784124652124,326.9036688484116,335.40960693359375,1803000,0.0,0.0,339.5648620605469
2022-09-15 00:00:00-04:00,333.50327768899336,333.50327768899336,323.5748110556354,326.45849609375,1577500,0.0,0.0,336.9075927734375
2022-09-16 00:00:00-04:00,324.097347895076,327.23264050246587,317.64287048051654,324.6876220703125,4219300,0.0,0.0,332.42913208007815
2022-09-19 00:00:00-04:00,322.471690528245,327.2133758083372,319.47188739210134,323.54583740234375,1417400,0.0,0.0,327.9545593261719
2022-09-20 00:00:00-04:00,320.96201197544497,321.7458350936382,317.38159231329183,319.2395324707031,1162500,0.0,0.0,325.86821899414065
2022-09-21 00:00:00-04:00,321.6781675829604,326.6327147846999,312.4174062104222,312.42706298828125,1800700,0.0,0.0,321.27171020507814
2022-09-22 00:00:00-04:00,309.98855845222755,310.74335242098846,302.17932462026226,302.9534912109375,2290400,0.0,0.0,316.5707092285156
2022-09-23 00:00:00-04:00,300.26332575270516,300.9503746092168,292.41537619031106,297.6602478027344,1839900,0.0,0.0,311.165234375
2022-09-26 00:00:00-04:00,298.92778338473795,302.866271142872,293.1313556807763,293.7603454589844,1476300,0.0,0.0,305.2081359863281
2022-09-27 00:00:00-04:00,300.86322213584225,301.51155514137855,292.72498029687495,298.41497802734375,1364500,0.0,0.0,301.04322509765626
2022-09-28 00:00:00-04:00,296.0344887525154,306.52420055008844,293.67333275228134,305.48876953125,1693300,0.0,0.0,299.65556640625
2022-09-29 00:00:00-04:00,300.88256981364225,302.1405792025596,296.2376893059953,300.669677734375,1784800,0.0,0.0,299.1988037109375
2022-09-30 00:00:00-04:00,293.1411240766273,301.8987004296137,292.5701928586166,292.850830078125,1641400,0.0,0.0,298.23692016601564
2022-10-03 00:00:00-04:00,296.2958255007456,310.57888256673135,294.9216981698795,306.30169677734375,1869300,0.0,0.0,300.7451904296875
2022-10-04 00:00:00-04:00,319.0557115759421,320.1492013739883,312.88187077493905,316.71392822265625,1549300,0.0,0.0,304.40498046875
2022-10-05 00:00:00-04:00,309.73684961168095,322.35548037603087,306.13705735040486,318.4169921875,1348800,0.0,0.0,306.990625
2022-10-06 00:00:00-04:00,317.59448784095594,324.06830813348193,316.0752140643076,316.90740966796875,1317700,0.0,0.0,310.23817138671876
2022-10-07 00:00:00-04:00,308.01441354219617,311.35294174645526,300.90194572418136,304.0082092285156,2194400,0.0,0.0,312.4696472167969
2022-10-10 00:00:00-04:00,303.65987708484454,303.65987708484454,286.62862587062193,289.6671447753906,2097000,0.0,0.0,309.1427368164062
2022-10-11 00:00:00-04:00,281.19026104839884,289.30916296254463,267.681369098228,271.8424377441406,3561200,0.0,0.0,300.16843872070314
2022-10-12 00:00:00-04:00,272.10358904027703,272.8293534344885,264.9620626762076,265.92974853515625,2427400,0.0,0.0,289.6709899902344
2022-10-13 00:00:00-04:00,250.93057782972247,274.9872598151132,242.1149604655362,269.5391845703125,4588800,0.0,0.0,280.1973449707031
2022-10-14 00:00:00-04:00,271.63912078363114,271.8326697904988,254.67558688495134,255.17880249023438,2346000,0.0,0.0,270.43146362304685
2022-10-17 00:00:00-04:00,261.92358219338354,263.7331502854495,253.43695708688932,254.7143096923828,2557300,0.0,0.0,263.44089660644534
2022-10-18 00:00:00-04:00,263.2589523963821,265.6878535948853,254.10465152562514,260.0752868652344,1763600,0.0,0.0,261.08746643066405
2022-10-19 00:00:00-04:00,259.45587406196705,265.26198801363785,255.3044943177241,263.1717834472656,1991200,0.0,0.0,260.53587341308594
2022-10-20 00:00:00-04:00,265.5523823216209,273.43901663842894,262.7557558465659,268.0586853027344,1942400,0.0,0.0,260.2397735595703
2022-10-21 00:00:00-04:00,268.4554335259016,282.1094673059286,266.2297382523477,281.2385559082031,2067700,0.0,0.0,265.45172424316405
2022-10-24 00:00:00-04:00,281.9740134136711,287.4220603177373,279.96121016953833,285.8447570800781,1369000,0.0,0.0,271.6778137207031
2022-10-25 00:00:00-04:00,288.06070816514057,297.79562516382623,287.69298282805886,295.01837158203125,1775000,0.0,0.0,278.6664306640625
2022-10-26 00:00:00-04:00,291.27349427770497,301.0955015505501,289.37683793260516,296.4989929199219,1958600,0.0,0.0,285.3318725585938
2022-10-27 00:00:00-04:00,305.57582269109366,305.57582269109366,294.4377496120207,298.9278259277344,2298700,0.0,0.0,291.5057006835938
2022-10-28 00:00:00-04:00,300.68905623321467,312.69804203141814,299.95360548473883,311.11102294921875,2880200,0.0,0.0,297.4801940917969
2022-10-31 00:00:00-04:00,307.58865442148175,309.2530755045389,303.853400677414,306.2242431640625,1364300,0.0,0.0,301.55609130859375
2022-11-01 00:00:00-04:00,313.0269642418938,314.18816930136575,308.7497806812361,310.80126953125,1666900,0.0,0.0,304.7126708984375
2022-11-02 00:00:00-04:00,311.6045363187021,317.0429261808036,299.84712937796604,302.3244323730469,1846600,0.0,0.0,305.8777587890625
2022-11-03 00:00:00-04:00,297.3892256865334,309.62075960485924,297.3698530692122,304.2791442871094,1711700,0.0,0.0,306.9480224609375
2022-11-04 00:00:00-04:00,314.8173198304869,317.7590939732817,308.45964431644194,317.4300842285156,1875800,0.0,0.0,308.2118347167969
2022-11-07 00:00:00-05:00,320.0717582872397,326.97136262893594,317.8170338805193,326.2746276855469,1955500,0.0,0.0,312.22191162109374
2022-11-08 00:00:00-05:00,332.4097825631553,334.4999875855571,324.85215828302955,331.0743713378906,1485500,0.0,0.0,316.2765319824219
2022-11-09 00:00:00-05:00,325.3263633979894,332.5259497044165,323.816775578716,326.6133728027344,1471000,0.0,0.0,321.1343200683594
2022-11-10 00:00:00-05:00,346.0058065302372,357.24065643531515,338.3320635771739,356.3503723144531,2734100,0.0,0.0,331.54856567382814
2022-11-11 00:00:00-05:00,358.55663620070203,370.56562112225697,354.3181674599852,367.923828125,1665300,0.0,0.0,341.647314453125
2022-11-14 00:00:00-05:00,364.94283062753686,374.54609258985266,364.94283062753686,366.95281982421875,1263300,1.3,0.0,349.7829528808594
2022-11-15 00:00:00-05:00,378.79915359818864,381.119872267052,368.8463416472656,374.3713684082031,1742700,0.0,0.0,358.4423522949219
2022-11-16 00:00:00-05:00,361.0102965524173,366.66152844301195,356.9126504158253,359.6800231933594,2455700,0.0,0.0,365.05568237304686
2022-11-17 00:00:00-05:00,351.2807664497494,365.54484438179384,349.5718163489543,365.0884704589844,987500,0.0,0.0,366.8033020019531
2022-11-18 00:00:00-05:00,371.467971387539,371.7398518225039,361.01024973261866,365.4283142089844,1121600,0.0,0.0,366.30419921875
2022-11-21 00:00:00-05:00,360.8451700104687,365.4380381040564,360.0295286958544,361.3209533691406,1082600,0.0,0.0,365.1778259277344
2022-11-22 00:00:00-05:00,365.15650817446584,372.02152759700454,358.3012082942528,371.09906005859375,1380300,0.0,0.0,364.5233642578125
2022-11-23 00:00:00-05:00,369.46777029458883,377.5950854938631,369.07937383449547,374.44903564453125,1401000,0.0,0.0,367.4771667480469
2022-11-25 00:00:00-05:00,370.924250280767,373.3711744577618,368.9822384991923,369.00164794921875,624400,0.0,0.0,368.2598022460937
2022-11-28 00:00:00-05:00,364.33108454519606,369.5065621476354,362.1366315475628,364.0592041015625,1413600,0.0,0.0,367.98598022460936
2022-11-29 00:00:00-05:00,363.971846023947,366.0789418539162,360.1169514365666,363.47662353515625,813200,0.0,0.0,368.4171142578125
2022-11-30 00:00:00-05:00,364.97199522864224,383.3725695087228,361.5637549219565,381.7509765625,2795100,0.0,0.0,370.54749755859376
2022-12-01 00:00:00-05:00,383.5473381726053,384.4406766568853,372.15742806996843,379.4011535644531,1838000,0.0,0.0,371.5379211425781
2022-12-02 00:00:00-05:00,369.62309883084407,380.0128438827029,368.3219545181551,378.2650451660156,921300,0.0,0.0,373.3906005859375
2022-12-05 00:00:00-05:00,375.2549644540109,380.8576879492575,373.42946846200164,377.3038024902344,1236400,0.0,0.0,376.0395202636719
2022-12-06 00:00:00-05:00,379.3331416889838,379.9836990017496,369.15698990709484,372.1282653808594,1171300,0.0,0.0,377.7698486328125
2022-12-07 00:00:00-05:00,368.1665715924207,377.7406747883666,367.46744621419424,376.837646484375,828000,0.0,0.0,376.7871826171875
2022-12-08 00:00:00-05:00,379.7312892270195,385.99425958157326,376.944507000017,384.440673828125,1130000,0.0,0.0,377.7950866699219
2022-12-09 00:00:00-05:00,380.54690918244756,388.92669447421366,376.36187630709173,382.00341796875,1380300,0.0,0.0,378.5427612304687
2022-12-12 00:00:00-05:00,374.2256691828492,389.3830867414833,372.5846668357506,389.2859802246094,1555800,0.0,0.0,380.93919677734374
2022-12-13 00:00:00-05:00,403.60833693713784,407.40497375948877,391.8591590096433,397.1705627441406,2221900,0.0,0.0,385.94765625
2022-12-14 00:00:00-05:00,396.5297190641916,402.0353361723842,390.0822545749242,394.4323425292969,1557000,0.0,0.0,389.4665954589844
2022-12-15 00:00:00-05:00,386.5089424564331,388.0528681372051,372.13806491427954,373.5945739746094,2091600,0.0,0.0,387.29737548828126
2022-12-16 00:00:00-05:00,370.96308231658196,376.5172369501984,369.22497355219804,374.3616027832031,2360900,0.0,0.0,385.7690124511719
2022-12-19 00:00:00-05:00,373.8081788119945,374.63353983370195,368.4191073967154,372.5361633300781,1122800,0.0,0.0,382.41904907226564
2022-12-20 00:00:00-05:00,369.7492805939751,378.43976410652806,367.4868206464742,374.7208251953125,903400,0.0,0.0,377.9291015625
2022-12-21 00:00:00-05:00,377.53680797945236,386.58659023203035,376.34246003450784,385.2757263183594,1125000,0.0,0.0,376.0977783203125
2022-12-22 00:00:00-05:00,374.89563021501704,375.5656265955876,356.4173908070426,363.0105285644531,2075700,0.0,0.0,373.98096923828126
2022-12-23 00:00:00-05:00,361.44720273496733,367.04020583009526,357.0582670261634,366.4479064941406,892000,0.0,0.0,372.3982299804687
2022-12-27 00:00:00-05:00,365.35069559837984,365.35069559837984,358.1652281105997,360.3403015136719,988700,0.0,0.0,369.9590576171875
2022-12-28 00:00:00-05:00,358.60215408922187,364.5932729881732,355.69885619357666,357.09710693359375,610400,0.0,0.0,366.43431396484374
2022-12-29 00:00:00-05:00,362.32115182903146,370.30279179322343,361.93272576703595,368.8462829589844,787200,0.0,0.0,363.14842529296874
2022-12-30 00:00:00-05:00,363.6902528225224,366.56445166027703,359.5731972343182,366.0983581542969,669300,0.0,0.0,363.7659912109375
2023-01-03 00:00:00-05:00,372.8662379374315,373.5847727676446,361.7773383436964,365.6322326660156,764100,0.0,0.0,363.6028564453125
2023-01-04 00:00:00-05:00,371.7495970016088,374.0023376939673,363.2435762410377,369.20556640625,1187600,0.0,0.0,365.37590942382815
2023-01-05 00:00:00-05:00,363.81647987504545,369.7493412739591,362.30171305675856,362.6415710449219,924900,0.0,0.0,366.48480224609375
2023-01-06 00:00:00-05:00,368.972574213277,386.21765089867546,366.7489917259602,386.0622863769531,1423400,0.0,0.0,369.9280029296875
2023-01-09 00:00:00-05:00,390.95612861631855,404.82209233411095,388.51889421039414,396.4908447265625,1955400,0.0,0.0,376.0065002441406
2023-01-10 00:00:00-05:00,395.18968883064827,404.6181776239549,394.5585409109032,404.20062255859375,979000,0.0,0.0,383.7201782226563
2023-01-11 00:00:00-05:00,401.2876117139617,407.35639880202996,399.3553193876007,406.99713134765625,1230800,0.0,0.0,391.2784912109375
2023-01-12 00:00:00-05:00,406.9971010242809,410.4441896131275,395.66547921204364,406.91943359375,1505300,0.0,0.0,400.1340637207031
2023-01-13 00:00:00-05:00,403.73452282509504,408.9390998562643,400.49136690503127,407.8612976074219,1615200,0.0,0.0,404.4938659667969
2023-01-17 00:00:00-05:00,405.61831244293757,408.3371171578853,401.6954402404424,403.8899230957031,1046200,0.0,0.0,405.973681640625
2023-01-18 00:00:00-05:00,409.96841291849523,415.86242613342966,402.7441262963309,403.0257263183594,1183900,0.0,0.0,405.73870239257815
2023-01-19 00:00:00-05:00,399.00577738002073,402.7829751105042,390.1890267736545,390.4414978027344,1409800,0.0,0.0,402.4275756835938
2023-01-20 00:00:00-05:00,393.13112601373166,402.77320680267246,390.9852114246199,401.85076904296875,923300,0.0,0.0,401.4138427734375
2023-01-23 00:00:00-05:00,395.7820244193796,416.1343004882787,395.7820244193796,413.2406921386719,1459400,0.0,0.0,402.4897216796875
2023-01-24 00:00:00-05:00,406.6961167176825,413.9204031462618,405.3464338954535,410.8714599609375,852700,0.0,0.0,403.8860290527344
2023-01-25 00:00:00-05:00,400.7827222536418,410.78407209457527,396.5782793565992,410.3665466308594,1276300,0.0,0.0,405.35419311523435
2023-01-26 00:00:00-05:00,411.71630381254386,417.0082692505013,402.9675294143438,416.3285827636719,1646300,0.0,0.0,410.5316101074219
2023-01-27 00:00:00-05:00,393.2574177652241,398.6076701412509,383.82895809572676,387.7906494140625,2385500,0.0,0.0,407.71958618164064
2023-01-30 00:00:00-05:00,383.81925737166375,385.1883794121248,375.89584471376804,376.4396057128906,1446000,0.0,0.0,400.3593688964844
2023-01-31 00:00:00-05:00,376.7405662304339,381.6635732104975,376.62405026473385,381.10040283203125,1113300,0.0,0.0,394.4051574707031
2023-02-01 00:00:00-05:00,381.168316936894,402.00612284980673,379.44964732966446,397.8890380859375,1727800,0.0,0.0,391.90965576171874
2023-02-02 00:00:00-05:00,401.9964913552439,404.8512514180969,396.7627546957626,402.24896240234375,1343100,0.0,0.0,389.09373168945314
2023-02-03 00:00:00-05:00,397.22878807815596,409.5605744888166,394.4614154201851,396.43255615234375,1080500,0.0,0.0,390.8221130371094
2023-02-06 00:00:00-05:00,392.6456633276698,401.19053329468846,390.41236154088904,393.8302917480469,855500,0.0,0.0,394.3002502441406
2023-02-07 00:00:00-05:00,395.13146187289186,406.385417783045,391.44165095022737,404.7444152832031,1435300,0.0,0.0,399.029052734375
2023-02-08 00:00:00-05:00,401.0060531949026,403.66660005056065,391.9465509674132,392.8107604980469,937700,0.0,0.0,398.0133972167969
2023-02-09 00:00:00-05:00,399.45240418606676,402.2294667828354,388.2372684775256,392.0339050292969,1231800,0.0,0.0,395.9703857421875
2023-02-10 00:00:00-05:00,388.6439169548531,390.3097221778483,380.78260889629615,385.44873046875,910500,1.3,0.0,393.77362060546875
2023-02-13 00:00:00-05:00,385.97477678301914,393.8263636513384,383.26666158189255,392.2872314453125,1250800,0.0,0.0,393.4650085449219
2023-02-14 00:00:00-05:00,387.3288339615639,397.45019008159335,386.04298829317514,391.9267883300781,1353000,0.0,0.0,390.9014831542969
2023-02-15 00:00:00-05:00,388.4685861327787,394.4011110191221,383.0426046978722,394.001708984375,940400,0.0,0.0,391.1396728515625
2023-02-16 00:00:00-05:00,387.0171217150781,389.94927072448235,380.64622078978715,382.67242431640625,1334600,0.0,0.0,389.2673767089844
2023-02-17 00:00:00-05:00,382.6724491274971,384.8837719981631,374.08053343568423,377.8894348144531,991200,0.0,0.0,387.755517578125
2023-02-21 00:00:00-05:00,373.9343547023272,377.6848095631005,368.3233136837001,368.5570983886719,1161000,0.0,0.0,383.0094909667969
2023-02-22 00:00:00-05:00,370.6320298555462,371.5671984115375,364.18321071068607,367.98236083984375,884500,0.0,0.0,378.22060546875
2023-02-23 00:00:00-05:00,375.7073128030454,380.44166132267407,369.3364415701426,378.3277587890625,1121100,0.0,0.0,375.0858154296875
2023-02-24 00:00:00-05:00,372.3270384606751,374.3629929471552,368.0018428961283,370.028076171875,726400,0.0,0.0,372.55694580078125
2023-02-27 00:00:00-05:00,376.70089821254237,376.70089821254237,368.7908365276013,369.28765869140625,756200,0.0,0.0,370.8365905761719
2023-02-28 00:00:00-05:00,368.43043061175337,374.47012606888933,366.13146855639246,369.5701904296875,1189900,0.0,0.0,371.039208984375
2023-03-01 00:00:00-05:00,364.1539846503617,373.4862574416406,363.4526008069743,368.5570983886719,731600,0.0,0.0,371.15415649414064
2023-03-02 00:00:00-05:00,363.2480567014515,371.4113469044602,357.78310113150707,368.52789306640625,864600,0.0,0.0,369.1941833496094
2023-03-03 00:00:00-05:00,369.61890648321514,373.38883345504655,364.3682935141121,371.66461181640625,782800,0.0,0.0,369.5214904785156
2023-03-06 00:00:00-05:00,374.7916023980278,376.02878248659624,367.875213942491,369.85272216796875,773200,0.0,0.0,369.63450317382814
2023-03-07 00:00:00-05:00,369.9209212957983,370.8561196465699,362.73174376479204,365.6931457519531,693400,0.0,0.0,368.8590942382813
2023-03-08 00:00:00-05:00,368.87861137125765,379.11683043557275,366.5990914029265,377.3926086425781,962300,0.0,0.0,370.6261962890625
2023-03-09 00:00:00-05:00,376.96395833293485,384.6986528571716,367.8167451652133,368.6837463378906,959800,0.0,0.0,370.65736694335936
2023-03-10 00:00:00-05:00,374.1584435436976,375.0254447641551,354.2274934259161,358.0071716308594,1142600,0.0,0.0,367.92587890625
2023-03-13 00:00:00-04:00,353.5260724154127,360.92956165791543,350.53544768568463,355.3866882324219,1246400,0.0,0.0,365.0326721191406
2023-03-14 00:00:00-04:00,362.9752253825425,370.3397700880681,360.12099497093004,369.219482421875,1362800,0.0,0.0,365.737939453125
2023-03-15 00:00:00-04:00,363.59869205257354,364.0273171354811,352.1038223197945,360.7347106933594,1013400,0.0,0.0,362.40635986328124
2023-03-16 00:00:00-04:00,358.2117015332854,380.3831955994061,355.56203259440196,379.81817626953125,1355700,0.0,0.0,364.63324584960935
2023-03-17 00:00:00-04:00,379.8181860017261,381.5911326321847,372.87254464967134,377.7237854003906,3033500,0.0,0.0,368.5765686035156
2023-03-20 00:00:00-04:00,379.477247840794,381.3281426118701,374.29483166720206,379.857177734375,876000,0.0,0.0,373.4706665039063
2023-03-21 00:00:00-04:00,382.5944911990715,386.3449460082068,370.52485058705884,375.10333251953125,764200,0.0,0.0,374.6474365234375
2023-03-22 00:00:00-04:00,372.54132184556687,387.1242367570512,371.4405360264698,371.9860534667969,886400,0.0,0.0,376.897705078125
2023-03-23 00:00:00-04:00,378.0258016897801,386.72488858764143,371.9958561914143,378.75640869140625,1219500,0.0,0.0,376.6853515625
2023-03-24 00:00:00-04:00,374.9474509825128,375.65858572622125,360.9198046035351,365.37164306640625,1375700,0.0,0.0,374.2149230957031
2023-03-27 00:00:00-04:00,367.7387813709444,369.99879902969906,362.69273052564057,364.3487548828125,768800,0.0,0.0,371.1132385253906
2023-03-28 00:00:00-04:00,363.9396515367716,364.1539640803805,355.98089406524053,361.4166259765625,926500,0.0,0.0,368.3758972167969
2023-03-29 00:00:00-04:00,368.71296729670826,378.43492096757427,366.36528010660976,375.1910095214844,1284000,0.0,0.0,369.0168884277344
2023-03-30 00:00:00-04:00,380.2467692851855,389.5108737151072,379.47718840766197,385.7896423339844,983700,0.0,0.0,370.42353515625
2023-03-31 00:00:00-04:00,383.5491726741549,389.5401436571354,382.7308964659477,388.8485107421875,1055500,0.0,0.0,375.11890869140626
2023-04-03 00:00:00-04:00,386.9489349929392,390.03698019712215,382.4581220293861,388.67315673828125,787800,0.0,0.0,379.9837890625
2023-04-04 00:00:00-04:00,390.6896274435441,391.0695573259137,380.16889929086085,382.6919250488281,851600,0.0,0.0,384.2388488769531
2023-04-05 00:00:00-04:00,378.2595392128615,378.8537816255002,367.05689991927693,371.7425231933594,985600,0.0,0.0,383.5491516113281
2023-04-06 00:00:00-04:00,364.6410546144858,369.1415885396892,358.2311798440364,364.9722595214844,746800,0.0,0.0,379.38567504882815
2023-04-10 00:00:00-04:00,360.30613337712924,373.5739513728398,358.9423396272901,372.7751770019531,1008900,0.0,0.0,376.17100830078124
2023-04-11 00:00:00-04:00,374.30452336348037,375.47350631319676,367.2809639119989,368.1382141113281,991600,0.0,0.0,372.06401977539065
2023-04-12 00:00:00-04:00,370.9047914508571,372.093246600784,359.80929307186585,360.56915283203125,811700,0.0,0.0,367.63946533203125
2023-04-13 00:00:00-04:00,360.43272862791457,367.0081905690995,357.5395241846544,364.709228515625,816900,0.0,0.0,366.23280639648436
2023-04-14 00:00:00-04:00,363.7448296598168,370.3300429455396,361.4263655868683,365.3424377441406,786700,0.0,0.0,366.3068420410156
2023-04-17 00:00:00-04:00,354.9190824946012,362.5368841428144,352.55192330366503,362.4881591796875,1027000,0.0,0.0,364.2494384765625
2023-04-18 00:00:00-04:00,365.508051269038,367.02771140765753,358.18250932573164,361.6114807128906,881100,0.0,0.0,362.944091796875
2023-04-19 00:00:00-04:00,357.4810770819929,357.783058880969,351.14915078473825,351.9187316894531,1218600,0.0,0.0,361.21400756835936
2023-04-20 00:00:00-04:00,352.6688238105667,369.9208799308253,352.425288174708,365.9950866699219,1665200,0.0,0.0,361.47117919921874
2023-04-21 00:00:00-04:00,365.06970343403674,365.1086477349385,359.7216401521095,362.3518371582031,918200,0.0,0.0,360.87305908203126
2023-04-24 00:00:00-04:00,363.2187645780596,365.41058524106285,361.1535871988074,362.6927490234375,602700,0.0,0.0,360.9139770507812
2023-04-25 00:00:00-04:00,360.6177847641882,361.28019447482023,347.9929073275458,348.49945068359375,1292800,0.0,0.0,358.29157104492185
2023-04-26 00:00:00-04:00,348.74306394584033,351.13944650819934,346.6778863125493,348.1195983886719,1274600,0.0,0.0,357.5317443847656
2023-04-27 00:00:00-04:00,373.82718225984945,375.8339134202176,359.45858046614836,374.6941833496094,2129700,0.0,0.0,359.2715637207031
2023-04-28 00:00:00-04:00,375.9411412992768,379.4383098149479,370.31059802038004,376.54510498046875,1326700,0.0,0.0,362.11021728515624
2023-05-01 00:00:00-04:00,375.8241639720437,379.64281564610246,372.91148741508755,374.4895935058594,691300,0.0,0.0,364.46958618164064
2023-05-02 00:00:00-04:00,375.6780849538664,376.1164610119994,366.84260450266055,368.6642761230469,839900,0.0,0.0,368.50255126953124
2023-05-03 00:00:00-04:00,368.90780438445387,376.3112641584422,367.4563117349374,368.3915100097656,719500,0.0,0.0,372.55693359375
2023-05-04 00:00:00-04:00,368.3915519054238,368.9175675503052,360.10158815109776,363.57928466796875,724500,0.0,0.0,370.3339538574219
2023-05-05 00:00:00-04:00,371.7327587545001,378.14260288959775,369.7649720116303,375.6877746582031,892900,0.0,0.0,370.16248779296876
2023-05-08 00:00:00-04:00,376.3014818952556,377.1976762693067,371.29437561141447,373.60308837890625,687700,0.0,0.0,369.9851867675781
2023-05-09 00:00:00-04:00,369.5312257512898,371.3528675356371,364.8066285096719,366.0340576171875,798900,0.0,0.0,369.4591430664062
2023-05-10 00:00:00-04:00,371.148329265692,378.31800450624945,370.6612579674431,376.38922119140625,881300,0.0,0.0,371.0586853027344
2023-05-11 00:00:00-04:00,375.8924163301159,379.58442526548237,371.9471505233144,376.54510498046875,744300,0.0,0.0,373.6518493652344
2023-05-12 00:00:00-04:00,379.25258892526165,381.89163178499206,374.23836871434213,378.2360534667969,686700,1.3,0.0,374.1615051269531
2023-05-15 00:00:00-04:00,380.1811280512393,395.58543292172067,377.09244596747914,394.97943115234375,1204900,0.0,0.0,378.4367736816406
2023-05-16 00:00:00-04:00,394.4515925914383,403.93267418120695,394.4515925914383,399.5830993652344,1278200,0.0,0.0,385.14658203125
2023-05-17 00:00:00-04:00,402.0559779473173,411.0483442086977,399.553759998354,407.42205810546875,1170600,0.0,0.0,391.3531494140625
2023-05-18 00:00:00-04:00,407.1093530936558,419.7084094857328,407.1093530936558,418.89715576171875,1187900,0.0,0.0,399.8235595703125
2023-05-19 00:00:00-04:00,419.31747119041023,419.7573266231775,412.57321013702307,414.0784606933594,1064600,0.0,0.0,406.992041015625
2023-05-22 00:00:00-04:00,410.33485644714335,416.5317586226821,409.40628608230634,411.3122863769531,685800,0.0,0.0,410.25861206054685
2023-05-23 00:00:00-04:00,408.14544747555385,411.30252724812397,404.9688000127833,405.3304443359375,753100,0.0,0.0,411.4080810546875
2023-05-24 00:00:00-04:00,397.6673014433124,401.2055923807436,395.6635525500233,399.6710205078125,888400,0.0,0.0,409.8578735351563
2023-05-25 00:00:00-04:00,408.7611469788092,426.45260217927813,408.6829358920858,424.4488830566406,1626300,0.0,0.0,410.9682189941406
2023-05-26 00:00:00-04:00,425.1819643423617,454.5048584349384,424.6639277398778,450.7808532714844,2163600,0.0,0.0,418.30869750976564
2023-05-30 00:00:00-04:00,457.2514536819366,463.27242511026265,443.42082733251226,448.37640380859375,1233100,0.0,0.0,425.7215209960938
2023-05-31 00:00:00-04:00,438.719454437972,445.238895729412,432.2390888691727,432.99169921875,1743900,0.0,0.0,431.25377197265624
2023-06-01 00:00:00-04:00,435.3472353167907,445.44410204886316,427.3323287001072,442.3163146972656,1266600,0.0,0.0,439.7828308105469
2023-06-02 00:00:00-04:00,444.25169324863026,448.3178053938074,435.1127173094341,447.7215576171875,1206600,0.0,0.0,444.43736572265624
2023-06-05 00:00:00-04:00,446.0794398113045,450.99591076470756,441.23139610632614,447.71173095703125,1009500,0.0,0.0,443.82354125976565
2023-06-06 00:00:00-04:00,440.85020702080334,454.1823651872337,436.91116571322954,450.5951843261719,1131400,0.0,0.0,444.2672973632813
2023-06-07 00:00:00-04:00,453.51766697254516,462.24613821093834,450.22373314762854,453.2928771972656,1086400,0.0,0.0,448.32753295898436
2023-06-08 00:00:00-04:00,454.1823936008127,464.6310924528741,453.5470402624295,463.1649475097656,950900,0.0,0.0,452.49725952148435
2023-06-09 00:00:00-04:00,465.002492411247,467.1235284249847,454.41693968862876,455.1402282714844,1065500,0.0,0.0,453.9809936523437
2023-06-12 00:00:00-04:00,458.3950583033712,465.54006806620043,455.5702717405453,464.699462890625,1193900,0.0,0.0,457.3785400390625
2023-06-13 00:00:00-04:00,469.1663408592514,471.31669851970673,461.7867572210032,469.058837890625,752800,0.0,0.0,461.07127075195314
2023-06-14 00:00:00-04:00,461.15136561760886,470.29034017193055,460.5160422162475,469.6941223144531,913700,0.0,0.0,464.3515197753906
2023-06-15 00:00:00-04:00,464.55289107426665,466.31225299833176,459.94920450422086,461.913818359375,1038000,0.0,0.0,464.1012939453125
2023-06-16 00:00:00-04:00,462.59792803605603,464.288892158392,452.6477008314733,454.3973083496094,2012100,0.0,0.0,463.9527099609375
2023-06-20 00:00:00-04:00,455.78525963710985,459.5874756432281,449.9597867392306,453.9672546386719,822000,0.0,0.0,461.8062683105469
2023-06-21 00:00:00-04:00,450.5267610085866,454.00640909996145,445.1508965065554,446.1283264160156,876500,0.0,0.0,457.220166015625
2023-06-22 00:00:00-04:00,442.8245604547837,457.3296449851317,442.73659535194133,456.8311462402344,749700,0.0,0.0,454.64757080078124
2023-06-23 00:00:00-04:00,447.1741406291636,449.568855608858,444.3298162863626,446.6365661621094,829400,0.0,0.0,451.5921203613281
2023-06-26 00:00:00-04:00,447.76067489937617,457.7793320846405,447.76067489937617,448.20050048828125,615300,0.0,0.0,450.3527587890625
2023-06-27 00:00:00-04:00,449.8327741854434,467.8272616004295,449.8327741854434,466.1656188964844,863800,0.0,0.0,452.792431640625
2023-06-28 00:00:00-04:00,459.7927885608157,466.78140616304415,458.9228616590082,463.7220458984375,730600,0.0,0.0,456.31117553710936
2023-06-29 00:00:00-04:00,468.3648019900072,468.57983773805,461.91375937751343,466.4588317871094,588800,0.0,0.0,458.23671264648436
2023-06-30 00:00:00-04:00,471.8444896363512,477.2301378079278,470.339269101358,474.0730285644531,909300,0.0,0.0,463.7240051269531
2023-07-03 00:00:00-04:00,474.0926297756009,477.386563923902,466.56640725328384,473.8775939941406,424900,0.0,0.0,468.859423828125
2023-07-05 00:00:00-04:00,464.57240385262753,468.77537017799426,456.4695317319447,457.3492126464844,1118900,0.0,0.0,467.096142578125
2023-07-06 00:00:00-04:00,452.5500250830763,454.55374436413035,443.36219036680257,451.12298583984375,1245000,0.0,0.0,464.5763305664062
2023-07-07 00:00:00-04:00,445.6200506924699,455.4432088460264,443.85090503360084,445.5418395996094,926600,0.0,0.0,460.39293212890624
2023-07-10 00:00:00-04:00,446.07945061421646,459.13789941144034,446.07945061421646,457.1048583984375,935700,0.0,0.0,456.9992980957031
2023-07-11 00:00:00-04:00,457.2514438671142,457.2514438671142,441.3486713589834,449.1094665527344,687100,0.0,0.0,452.04567260742186
2023-07-12 00:00:00-04:00,455.8928571557313,456.89960873765784,449.44181399044226,455.5507507324219,874500,0.0,0.0,451.68598022460935
2023-07-13 00:00:00-04:00,460.59428894717803,466.8009447663077,458.39507173696256,465.0806884765625,803100,0.0,0.0,454.47752075195314
2023-07-14 00:00:00-04:00,467.36787803618677,470.93549115560273,461.1123327293105,464.0739440917969,828400,0.0,0.0,458.18394165039064
2023-07-17 00:00:00-04:00,465.65737603952863,482.39097093216066,465.4325564271559,479.31207275390625,816200,0.0,0.0,462.62538452148436
2023-07-18 00:00:00-04:00,473.5451771753576,475.25567924203676,466.8204557063211,473.1346435546875,859000,0.0,0.0,467.430419921875
2023-07-19 00:00:00-04:00,472.09862776277987,473.78959217822506,458.18003594289615,459.9687194824219,1137300,0.0,0.0,468.314013671875
2023-07-20 00:00:00-04:00,448.3373116722918,449.441812203457,438.8562299549192,439.9411926269531,1813900,0.0,0.0,463.28611450195314
2023-07-21 00:00:00-04:00,446.60729653977387,451.68013043170583,443.2742569005149,448.21026611328125,2613000,0.0,0.0,460.11337890625
2023-07-24 00:00:00-04:00,447.1643721017918,452.1688081563784,445.8350818248886,450.57562255859375,740200,0.0,0.0,454.3660888671875
2023-07-25 00:00:00-04:00,452.7357347735007,459.70481437915805,452.59888027663055,455.5898132324219,788200,0.0,0.0,450.85712280273435
2023-07-26 00:00:00-04:00,449.031300836445,452.6478034844801,442.7757552925518,447.51629638671875,847100,0.0,0.0,448.36663818359375
2023-07-27 00:00:00-04:00,464.2791420407076,484.1112004812022,464.2791420407076,471.4632568359375,1951200,0.0,0.0,454.6710510253906
2023-07-28 00:00:00-04:00,488.7149580263122,501.91026189302266,477.12265353974914,499.4764709472656,2019300,0.0,0.0,464.9242919921875
2023-07-31 00:00:00-04:00,500.4538205021361,505.10639570066587,494.7944938448847,502.35003662109375,1093000,0.0,0.0,475.2791748046875
2023-08-01 00:00:00-04:00,502.3695469239067,505.6244047405708,498.84103979539606,502.672607421875,859700,0.0,0.0,484.69573364257815
2023-08-02 00:00:00-04:00,493.2111182687583,495.22462141425075,483.58342808543233,488.2946472167969,1363500,0.0,0.0,492.8514038085938
2023-08-03 00:00:00-04:00,486.046577475529,492.71265685198506,480.01585142565773,490.99237060546875,870000,0.0,0.0,496.7572265625
2023-08-04 00:00:00-04:00,489.7118811836636,492.16523959463916,481.3841897960141,485.26458740234375,727200,0.0,0.0,493.91484985351565
2023-08-07 00:00:00-04:00,488.7149318114958,495.996796227004,487.72771810402304,495.00958251953125,756800,0.0,0.0,492.44675903320314
2023-08-08 00:00:00-04:00,489.0374490717016,489.7118780342955,480.4947219838999,487.3856201171875,1113000,0.0,0.0,489.3893615722656
2023-08-09 00:00:00-04:00,489.39917075087,490.54274704818073,482.97744904543833,483.29998779296875,825600,0.0,0.0,488.3904296875
2023-08-10 00:00:00-04:00,488.7442315448689,496.85688711675346,481.9608662099388,485.0886535644531,942000,0.0,0.0,487.2096862792969
2023-08-11 00:00:00-04:00,478.95042289343303,479.0579258619298,467.27012394836277,468.16937255859375,868700,0.0,0.0,483.7906433105469
2023-08-14 00:00:00-04:00,465.10166763421324,482.1650370263909,464.50382712943605,481.1163635253906,1207700,1.3,0.0,481.0119995117187
2023-08-15 00:00:00-04:00,477.0587531859227,478.2740550763668,472.37392471569854,473.9028625488281,654900,0.0,0.0,478.31544799804686
2023-08-16 00:00:00-04:00,474.73599141117046,478.3035034010647,464.0921986278064,464.5626525878906,803100,0.0,0.0,474.56798095703124
2023-08-17 00:00:00-04:00,466.5522026062997,470.6391907259483,462.85727438194294,463.5335388183594,843300,0.0,0.0,470.2569580078125
2023-08-18 00:00:00-04:00,460.06402946797056,471.5702759710362,458.8095155216907,468.44378662109375,766300,0.0,0.0,470.3118408203125
2023-08-21 00:00:00-04:00,469.1984826933269,482.66490932680153,469.1984826933269,480.93994140625,843200,0.0,0.0,470.27655639648435
2023-08-22 00:00:00-04:00,485.4385161020952,486.32062094115446,474.2654972103696,477.02935791015625,592300,0.0,0.0,470.90185546875
2023-08-23 00:00:00-04:00,479.28353313365557,487.49669095571625,475.92183208829186,484.47802734375,820300,0.0,0.0,474.8849304199219
2023-08-24 00:00:00-04:00,490.7800206429254,493.27923794032415,465.89552356197817,466.9148254394531,1245700,0.0,0.0,475.5611877441406
2023-08-25 00:00:00-04:00,467.01291217940405,474.19695913711587,460.7403417963451,472.1387939453125,1104600,0.0,0.0,476.30018920898436
2023-08-28 00:00:00-04:00,474.7261691484817,479.57762641456117,472.06032326083294,476.803955078125,598200,0.0,0.0,475.4729919433594
2023-08-29 00:00:00-04:00,473.70683712744244,491.025038781376,472.5699591668061,487.9671630859375,831800,0.0,0.0,477.6605529785156
2023-08-30 00:00:00-04:00,488.4572081211059,490.9858268974052,481.23395035888075,488.3787841796875,658100,0.0,0.0,478.4407043457031
2023-08-31 00:00:00-04:00,485.29157092130555,495.54330422965637,484.0664583874691,491.8777770996094,914900,0.0,0.0,483.43329467773435
2023-09-01 00:00:00-04:00,493.553659245786,498.6011461645317,488.5062022370103,496.9251708984375,657200,0.0,0.0,488.39057006835935
2023-09-05 00:00:00-04:00,496.91538578854437,506.686853299677,493.4164576951875,502.3450622558594,780900,0.0,0.0,493.49879150390626
2023-09-06 00:00:00-04:00,499.20879890761165,509.83296988465395,496.6213472025907,503.2467346191406,714600,0.0,0.0,496.55470581054686
2023-09-07 00:00:00-04:00,493.2596209915836,493.2596209915836,478.4504776404119,487.28106689453125,1269900,0.0,0.0,496.3351623535156
2023-09-08 00:00:00-04:00,485.1543445209327,488.6238414716865,484.17425455315475,487.8201904296875,868900,0.0,0.0,495.5236450195313
2023-09-11 00:00:00-04:00,494.3475273112853,496.3861010121483,475.872827899223,484.3211975097656,901100,0.0,0.0,493.0028503417969
2023-09-12 00:00:00-04:00,478.35253953500535,485.73261613204846,475.17702755601715,476.1277160644531,805500,0.0,0.0,487.75938110351564
2023-09-13 00:00:00-04:00,474.34390499982345,481.47895804122516,472.7757552293021,473.9714660644531,837400,0.0,0.0,481.9043273925781
2023-09-14 00:00:00-04:00,478.86210666606456,480.24403697390005,469.6982603867116,470.3451232910156,899200,0.0,0.0,478.517138671875
2023-09-15 00:00:00-04:00,462.83763081574926,463.259092191588,442.34394803696523,445.1764221191406,2831400,0.0,0.0,469.98838500976564
2023-09-18 00:00:00-04:00,446.3623235901388,451.78221939031465,443.00062250483325,447.42083740234375,1178400,0.0,0.0,462.6083129882812
2023-09-19 00:00:00-04:00,447.4894186484983,449.58682532222906,442.6575827789742,448.20489501953125,663500,0.0,0.0,457.02374877929685
2023-09-20 00:00:00-04:00,450.8413735164541,452.80155340130824,442.91244947141564,443.17706298828125,709800,0.0,0.0,450.8648681640625
2023-09-21 00:00:00-04:00,437.12012414068596,441.47172597560177,435.6989817282577,438.0218200683594,1055100,0.0,0.0,444.40020751953125
2023-09-22 00:00:00-04:00,442.520423775272,449.62607592689557,441.7559548091513,442.8242492675781,800800,0.0,0.0,443.9297729492188
2023-09-25 00:00:00-04:00,440.0505814816148,447.23465763656907,438.11002250358314,446.32318115234375,630500,0.0,0.0,443.7102416992187
2023-09-26 00:00:00-04:00,441.48149779764395,442.6478071460238,433.8759907682027,436.29681396484375,1008200,0.0,0.0,441.32862548828126
2023-09-27 00:00:00-04:00,441.1384900139639,442.62821596205646,431.3865831019236,436.6888732910156,1059600,0.0,0.0,440.03098754882814
2023-09-28 00:00:00-04:00,435.83619183521716,453.79144646820805,434.87569293959785,448.9693908691406,851800,0.0,0.0,442.2205017089844
2023-09-29 00:00:00-04:00,457.3589545327207,459.88760327229244,448.6851527711161,449.5280456542969,815400,0.0,0.0,443.56126098632814
2023-10-02 00:00:00-04:00,449.95929538215285,456.81011446029146,445.8723071906206,451.4588317871094,716500,0.0,0.0,444.58839111328126
2023-10-03 00:00:00-04:00,446.58776158258456,454.29125373905026,439.3840949298023,442.84381103515625,758800,0.0,0.0,445.8977905273438
2023-10-04 00:00:00-04:00,446.19575368845665,452.8309517854145,443.3240674453388,451.8704528808594,748400,0.0,0.0,448.9341064453125
2023-10-05 00:00:00-04:00,452.12524222206565,455.3203446753618,447.08759599180553,451.8998107910156,881900,0.0,0.0,449.5201904296875
2023-10-06 00:00:00-04:00,446.8719851652435,461.7595525825548,440.4033860850409,458.7310485839844,995900,0.0,0.0,451.360791015625
2023-10-09 00:00:00-04:00,453.33083150993764,458.33907699277665,449.8613045769699,457.4765930175781,634600,0.0,0.0,452.56434326171876
2023-10-10 00:00:00-04:00,459.7405468018189,468.09093170457703,457.8195790157722,464.6998291015625,839300,0.0,0.0,456.935546875
2023-10-11 00:00:00-04:00,467.2578492041009,473.56963040943003,466.3953653261102,473.0207824707031,913000,0.0,0.0,461.1656127929688
2023-10-12 00:00:00-04:00,475.34360884150493,496.8271929416977,475.34360884150493,491.1328430175781,1428800,0.0,0.0,469.01221923828126
2023-10-13 00:00:00-04:00,491.1328899066215,494.6024169122385,474.8830107226396,477.11761474609375,1157100,0.0,0.0,472.6895324707031
2023-10-16 00:00:00-04:00,477.1175724838687,485.11510983571094,475.5396420664071,481.4299621582031,806000,0.0,0.0,477.48020629882814
2023-10-17 00:00:00-04:00,474.3046973371829,477.86242837530546,463.70011769257906,476.6667175292969,777400,0.0,0.0,479.873583984375
2023-10-18 00:00:00-04:00,468.9436260901618,473.3834322396128,461.210702250207,469.8551025390625,800400,0.0,0.0,479.2404479980469
2023-10-19 00:00:00-04:00,476.26489463795303,476.26489463795303,452.8799337644214,455.7908020019531,1245400,0.0,0.0,472.1720397949219
2023-10-20 00:00:00-04:00,455.7908391275996,461.4655685599564,452.29194058534404,453.2328186035156,914600,0.0,0.0,467.39508056640625
2023-10-23 00:00:00-04:00,449.86125473587873,459.7405475618487,446.0192892474646,453.3503723144531,620100,0.0,0.0,461.77916259765624
2023-10-24 00:00:00-04:00,458.67224109852765,462.9356379444571,454.3598517238967,460.8970642089844,855500,0.0,0.0,458.62523193359374
2023-10-25 00:00:00-04:00,454.7715568434125,457.9078268034465,443.4417191757226,445.78411865234375,1515100,0.0,0.0,453.81103515625
2023-10-26 00:00:00-04:00,449.50845393778724,468.9142223324764,443.0104530017863,449.11639404296875,1589100,0.0,0.0,452.4761535644531
2023-10-27 00:00:00-04:00,449.51822696003705,454.9871453553557,445.94090480458766,448.81256103515625,746200,0.0,0.0,451.59210205078125
2023-10-30 00:00:00-04:00,449.14583053077945,454.0070984334724,443.03007854284226,450.39056396484375,688000,0.0,0.0,451.00014038085936
2023-10-31 00:00:00-04:00,450.5473968603552,464.9841037991628,444.4708267359187,460.3482971191406,1315300,0.0,0.0,450.8903869628906
2023-11-01 00:00:00-04:00,462.8866344997157,467.7184701865034,456.4964296613983,467.0422058105469,1238900,0.0,0.0,455.1420043945312
2023-11-02 00:00:00-04:00,478.9013430170164,483.5861716443005,474.6869384095619,479.5971984863281,1254800,0.0,0.0,461.2381652832031
2023-11-03 00:00:00-04:00,484.35063483818396,493.45567847353874,483.77238538069236,489.6725158691406,760800,0.0,0.0,469.41015625
2023-11-06 00:00:00-05:00,490.8289890223923,493.64187203979907,485.2424947766356,488.9276123046875,705900,0.0,0.0,477.11756591796876
2023-11-07 00:00:00-05:00,489.3686736852351,497.28781663439435,488.6434167480482,493.1028137207031,611400,0.0,0.0,483.66846923828126
2023-11-08 00:00:00-05:00,495.3570812806294,501.4924240981001,494.6122033390308,500.9827880859375,881200,0.0,0.0,490.4565856933594
2023-11-09 00:00:00-05:00,501.1591971370203,510.6268697507706,495.4354753531949,496.3077697753906,1019800,0.0,0.0,493.7986999511719
2023-11-10 00:00:00-05:00,505.775447647588,525.465482656664,501.82571593594986,523.6130981445312,1295000,0.0,0.0,500.58681640625
2023-11-13 00:00:00-05:00,519.4477014501006,521.3980709843539,513.5965928473407,517.7325439453125,1045200,0.0,0.0,506.347802734375
2023-11-14 00:00:00-05:00,531.4817102232644,536.8477523723243,525.0739755519805,536.0516967773438,1130400,1.45,0.0,514.9375793457032
2023-11-15 00:00:00-05:00,539.4423093214325,541.1916400871514,532.2581342428103,536.0123901367188,881300,0.0,0.0,521.9434997558594
2023-11-16 00:00:00-05:00,535.4226314086688,540.8181253212238,534.4398438840624,536.0025024414062,1193800,0.0,0.0,529.8824462890625
2023-11-17 00:00:00-05:00,522.617017558508,536.8084738879144,520.6416047477212,535.1671752929688,1315600,0.0,0.0,532.19326171875
2023-11-20 00:00:00-05:00,532.8673858579594,549.7909575409883,532.8673858579594,548.1497192382812,817400,0.0,0.0,538.2766967773438
2023-11-21 00:00:00-05:00,545.8107424626637,546.3709385906078,538.1154987892975,541.2113037109375,910300,0.0,0.0,539.3086181640625
2023-11-22 00:00:00-05:00,546.7444873794307,553.1522826939711,540.5135866614472,544.6314697265625,594400,0.0,0.0,541.0324340820313
2023-11-24 00:00:00-05:00,542.9606309910015,547.6288720429538,541.9778434011167,546.0761108398438,306500,0.0,0.0,543.0471557617187
2023-11-27 00:00:00-05:00,545.771475252604,552.3266519957274,543.7763875568812,547.3635864257812,588400,0.0,0.0,545.4864379882813
2023-11-28 00:00:00-05:00,539.7076634963405,545.0540309496236,534.4890632420105,537.7224731445312,965500,0.0,0.0,543.4009887695313
2023-11-29 00:00:00-05:00,546.7934744002899,547.9040290696377,533.2703088565706,534.7052001953125,1277500,0.0,0.0,542.0997680664062
2023-11-30 00:00:00-05:00,534.7543337853095,538.2333799674282,527.5308695989772,535.2457275390625,2208500,0.0,0.0,540.2226196289063
2023-12-01 00:00:00-05:00,533.8894278384297,540.7591022989137,531.2555647539637,539.55029296875,619900,0.0,0.0,538.9174560546875
2023-12-04 00:00:00-05:00,533.8502168745501,536.1106162753093,518.9609612829662,530.3023681640625,889300,0.0,0.0,535.5052124023438
2023-12-05 00:00:00-05:00,523.127997974106,528.120575853804,518.0371653267501,527.9829711914062,578900,0.0,0.0,533.5573120117188
2023-12-06 00:00:00-05:00,535.16715222175,536.1991272166388,518.3615078124279,519.5113525390625,766700,0.0,0.0,530.5185424804688
2023-12-07 00:00:00-05:00,525.8798531462054,533.9583385772057,520.9462401065479,531.9141235351562,679500,0.0,0.0,529.8522216796875
2023-12-08 00:00:00-05:00,526.3122424262748,529.8993809724515,522.8429736020634,525.2311401367188,1038100,0.0,0.0,526.9883911132813
2023-12-11 00:00:00-05:00,536.169581507008,553.9088850565196,533.3588234676986,549.5846557617188,1134700,0.0,0.0,530.8448486328125
2023-12-12 00:00:00-05:00,548.5920845302503,554.7443448874754,548.5527346336555,551.3930053710938,871800,0.0,0.0,535.52685546875
2023-12-13 00:00:00-05:00,552.424822672316,563.6875888723433,549.2307633382741,560.8768310546875,783800,0.0,0.0,543.799951171875
2023-12-14 00:00:00-05:00,565.1518812069619,576.2573668071306,565.1518812069619,572.39501953125,1499100,0.0,0.0,551.8961303710937
2023-12-15 00:00:00-05:00,574.9307655237374,579.9921458294517,571.8939253433895,575.0585327148438,1387700,0.0,0.0,561.8616088867187
2023-12-18 00:00:00-05:00,581.3286056058068,582.7929492872581,565.6531340117032,566.802978515625,928400,0.0,0.0,565.3052734375
2023-12-19 00:00:00-05:00,569.8791799873358,572.9749847943145,567.068421962817,568.1593017578125,877800,0.0,0.0,568.6585327148438
2023-12-20 00:00:00-05:00,562.2035156574926,568.5425063334947,553.0046400636774,553.6041259765625,1036200,0.0,0.0,567.2039916992187
2023-12-21 00:00:00-05:00,565.5942350406037,572.1297962421206,562.6655473365922,570.4590454101562,640400,0.0,0.0,566.816796875
2023-12-22 00:00:00-05:00,569.7219804201702,574.9307426731103,568.5033334007572,572.6212158203125,409600,0.0,0.0,566.3293334960938
2023-12-26 00:00:00-05:00,576.7979481255757,583.6872374014392,576.0804725352142,581.1909790039062,654700,0.0,0.0,569.20693359375
2023-12-27 00:00:00-05:00,583.9429675735647,584.6506059297466,578.311613086971,581.2894287109375,586900,0.0,0.0,571.832958984375
2023-12-28 00:00:00-05:00,586.8224403513966,587.1467770486637,575.89384725447,576.1788940429688,514100,0.0,0.0,576.3479125976562
2023-12-29 00:00:00-05:00,574.714636713908,576.6015723571004,567.0881943425604,571.2944946289062,512900,0.0,0.0,576.5150024414063
2024-01-02 00:00:00-05:00,563.3436047552434,563.3436047552434,544.1202850098193,550.7442626953125,967500,0.0,0.0,572.1396118164063
2024-01-03 00:00:00-05:00,542.4987422179047,548.6411645709154,540.5331670649413,543.07861328125,819100,0.0,0.0,564.517138671875
2024-01-04 00:00:00-05:00,536.9852964482197,545.348827981115,535.4324753449114,537.034423828125,859900,0.0,0.0,555.6661376953125
2024-01-05 00:00:00-05:00,538.6757433132657,541.8599658132631,533.0738415151296,534.941162109375,767000,0.0,0.0,547.4185913085937
2024-01-08 00:00:00-05:00,539.6092972570196,556.1496275215734,539.4028902895161,552.6803588867188,1268100,0.0,0.0,543.6957641601563
2024-01-09 00:00:00-05:00,545.4471372972795,552.0023140255074,541.6142415278382,546.7640991210938,810300,0.0,0.0,542.8997314453125
2024-01-10 00:00:00-05:00,549.3291296636371,549.3291296636371,540.4054016443821,546.5183715820312,793500,0.0,0.0,543.5876831054687
2024-01-11 00:00:00-05:00,547.412751237717,555.6779694367891,540.1696106565533,552.4642944335938,650600,0.0,0.0,546.6736572265625
2024-01-12 00:00:00-05:00,554.2724994760647,554.704928394501,547.5993936515009,550.9605102539062,617400,0.0,0.0,549.8775268554688
2024-01-16 00:00:00-05:00,549.4961940207162,559.7860113080693,548.1497798175116,557.0538330078125,962200,0.0,0.0,550.7522216796875
2024-01-17 00:00:00-05:00,554.2921744791666,554.2921744791666,543.3340693763892,552.8179931640625,741100,0.0,0.0,551.9630004882813
2024-01-18 00:00:00-05:00,569.3287666171916,581.8003419504832,567.0683674440546,579.8446044921875,1445300,0.0,0.0,558.6282470703125
2024-01-19 00:00:00-05:00,585.1713201270654,606.3602163606712,582.8225035756108,602.4389038085938,1335000,0.0,0.0,568.6231689453125
2024-01-22 00:00:00-05:00,607.8837129378668,617.4756706300501,606.9696675782922,612.375,967600,0.0,0.0,580.9060668945312
2024-01-23 00:00:00-05:00,608.1390561639979,612.2471007201264,599.8640022010633,608.6697998046875,895700,0.0,0.0,591.2292602539062
2024-01-24 00:00:00-05:00,624.8170533546124,635.0085559544873,616.5026486750556,627.4607543945312,1083500,0.0,0.0,606.1578125
2024-01-25 00:00:00-05:00,640.2860401948019,647.4407618079996,628.1486388679832,630.6448974609375,1716800,0.0,0.0,616.31787109375
2024-01-26 00:00:00-05:00,613.2594058825194,615.1463411049345,585.9477625899921,589.0533447265625,2195400,0.0,0.0,613.6407592773437
2024-01-29 00:00:00-05:00,586.2229867008707,591.834725690192,584.3262137638048,589.751220703125,1060600,0.0,0.0,609.1160034179687
2024-01-30 00:00:00-05:00,584.7783233639155,591.6479994007119,584.2770920677377,585.1026000976562,1036500,0.0,0.0,604.4025634765625
2024-01-31 00:00:00-05:00,577.6235746264936,591.6282979313434,571.6875591148921,583.8151245117188,1081200,0.0,0.0,595.6734375
2024-02-01 00:00:00-05:00,588.4735856579961,591.6774228346181,584.4048306133373,588.7880249023438,890100,0.0,0.0,587.3020629882812
2024-02-02 00:00:00-05:00,585.0043221115384,597.1712374650996,582.8028874729882,593.918212890625,854300,0.0,0.0,588.2750366210937
2024-02-05 00:00:00-05:00,596.8764736139707,604.5029158015484,590.2033067075397,604.2965087890625,903000,0.0,0.0,591.1840942382812
2024-02-06 00:00:00-05:00,605.7608275131195,605.7608275131195,585.6038429318615,591.2647094726562,1027700,0.0,0.0,592.4165161132812
2024-02-07 00:00:00-05:00,598.9108274265632,601.9574451961655,588.3753124590569,598.41943359375,857700,0.0,0.0,595.3373779296875
2024-02-08 00:00:00-05:00,598.4193997278014,614.0456867361738,597.7019239829707,607.8442993164062,733200,0.0,0.0,599.1486328125
2024-02-09 00:00:00-05:00,618.3208289421749,640.0502479042254,617.7311204043808,638.6153564453125,1246400,0.0,0.0,608.0880615234375
2024-02-12 00:00:00-05:00,634.9790599485515,646.2418277153939,634.1142020405603,636.8955078125,1233200,0.0,0.0,614.607861328125
2024-02-13 00:00:00-05:00,617.3577204935103,638.2910860922411,614.7336941821378,630.0357055664062,1499400,0.0,0.0,622.362060546875
2024-02-14 00:00:00-05:00,638.8119456542184,650.4776297707056,636.6301859555128,642.5858764648438,1175000,0.0,0.0,631.1953491210937
2024-02-15 00:00:00-05:00,645.1566716819817,651.8741880577676,640.7242976017238,642.5760498046875,1025400,1.45,0.0,638.14169921875
2024-02-16 00:00:00-05:00,656.9663271226298,667.2888122838423,647.6780503213178,651.4110717773438,1060400,0.0,0.0,640.7008422851562
2024-02-20 00:00:00-05:00,644.6739720961573,651.0565708120891,635.0114000987987,641.9751586914062,1262800,0.0,0.0,641.7167724609375
2024-02-21 00:00:00-05:00,635.4743034491435,642.2706336015943,629.5644720532433,642.1228637695312,745400,0.0,0.0,644.1342041015625
2024-02-22 00:00:00-05:00,665.5060948089925,677.355335752689,662.7383261443206,673.4942626953125,1077800,0.0,0.0,650.3158813476563
2024-02-23 00:00:00-05:00,672.7358777150502,677.237206980676,657.9908756940613,658.7689819335938,597900,0.0,0.0,653.5544677734375
2024-02-26 00:00:00-05:00,665.4667361487157,676.4491973079915,663.861227079844,673.5435180664062,649800,0.0,0.0,657.98095703125
2024-02-27 00:00:00-05:00,669.7710336626953,674.4102729610747,666.5009197356604,667.3972778320312,717400,0.0,0.0,663.065380859375
2024-02-28 00:00:00-05:00,657.6657691968918,665.4765893818497,657.6657691968918,662.8861083984375,622600,0.0,0.0,667.2180297851562
2024-02-29 00:00:00-05:00,672.1842361800143,673.8192631072817,664.6984736720365,672.0463256835938,998900,0.0,0.0,666.9284423828125
2024-03-01 00:00:00-05:00,677.9365096942383,708.4114835337743,677.9069316797014,706.7863159179688,1124900,0.0,0.0,676.5319091796875
2024-03-04 00:00:00-05:00,713.858412739011,717.0595715405312,705.6634389929693,707.022705078125,751400,0.0,0.0,683.2277465820313
2024-03-05 00:00:00-05:00,701.6250864397448,705.4565816381576,687.323274478569,695.2621459960938,1107300,0.0,0.0,688.8007202148438
2024-03-06 00:00:00-05:00,701.0734591452845,710.6276383534581,695.4295293534183,704.7080078125,1063700,0.0,0.0,697.1651000976562
2024-03-07 00:00:00-05:00,708.4706390596292,718.1923072046836,708.4706390596292,712.3908081054688,1059100,0.0,0.0,705.2339965820313
2024-03-08 00:00:00-05:00,711.9474586852746,713.5824854083783,688.7021484375,688.7021484375,1121900,0.0,0.0,701.6171630859375
2024-03-11 00:00:00-04:00,679.6797573843213,681.0390232353927,664.9642767462103,675.0799560546875,1037600,0.0,0.0,695.22861328125
2024-03-12 00:00:00-04:00,681.324753558844,688.3476082188267,673.0805433263279,687.9044189453125,875600,0.0,0.0,693.7570678710938
2024-03-13 00:00:00-04:00,680.221536460908,685.2054916237718,671.9182309685948,678.3599853515625,1155300,0.0,0.0,688.4874633789062
2024-03-14 00:00:00-04:00,687.9635421506698,690.4653493059899,677.4341894120286,681.9256591796875,934100,0.0,0.0,682.39443359375
2024-03-15 00:00:00-04:00,676.508274940232,681.4922304086755,669.4952797384202,673.622314453125,1669400,0.0,0.0,679.378466796875
2024-03-18 00:00:00-04:00,685.8654646805649,694.5725821626576,678.9115658289751,680.320068359375,797900,0.0,0.0,680.4264892578125
2024-03-19 00:00:00-04:00,667.6139332003532,675.6907146999409,658.6507130729274,670.824951171875,888500,0.0,0.0,677.010595703125
2024-03-20 00:00:00-04:00,669.9384660451217,687.7172570669568,663.4475348417769,685.4912109375,904400,0.0,0.0,678.4368408203125
2024-03-21 00:00:00-04:00,706.1165289129049,716.7049769742665,700.8370938892139,702.4130249023438,758200,0.0,0.0,682.5343139648437
2024-03-22 00:00:00-04:00,695.8137139478854,707.4954666203341,694.6120770487587,699.8816528320312,412700,0.0,0.0,687.786181640625
2024-03-25 00:00:00-04:00,687.3626643930933,697.4586270734868,685.4025797940105,689.2144165039062,493200,0.0,0.0,689.5650512695313
2024-03-26 00:00:00-04:00,694.4445690433281,696.7691484246743,677.2371387496935,678.0743408203125,865100,0.0,0.0,691.0149291992187
2024-03-27 00:00:00-04:00,681.9944828428482,687.2148212404355,671.6620783970034,686.3972778320312,976300,0.0,0.0,691.196142578125
2024-03-28 00:00:00-04:00,686.3973132119752,689.3029921291859,679.6404208978008,688.07177734375,1080900,0.0,0.0,688.3278930664062
2024-04-01 00:00:00-04:00,689.4803992561898,707.3871829827216,689.2341562564554,700.1968994140625,772200,0.0,0.0,688.3909423828125
2024-04-02 00:00:00-04:00,683.7970664793113,686.781560383119,675.7892396125201,683.5015869140625,950800,0.0,0.0,687.2483764648438
2024-04-03 00:00:00-04:00,679.8079057411267,696.5031916419473,676.6658429429948,687.0474853515625,782400,0.0,0.0,689.0430053710937
2024-04-04 00:00:00-04:00,695.6659674997313,697.2123204458717,658.3847458118878,662.6398315429688,1102900,0.0,0.0,684.2915161132812
2024-04-05 00:00:00-04:00,663.940024161407,678.4782192063293,663.940024161407,672.5782470703125,790900,0.0,0.0,681.1928100585938
2024-04-08 00:00:00-04:00,678.0053207919239,682.0141632693766,668.2935131818498,680.438232421875,518300,0.0,0.0,677.2410766601563
2024-04-09 00:00:00-04:00,689.4803765272475,689.4803765272475,672.4502328694749,686.3580322265625,708800,0.0,0.0,677.8123657226563
2024-04-10 00:00:00-04:00,675.592247420987,684.5554676261933,673.9276425122584,676.7938842773438,610000,0.0,0.0,675.7616455078125
2024-04-11 00:00:00-04:00,684.3880096718099,691.085806250769,677.5128652554923,690.0811157226562,831500,0.0,0.0,681.24990234375
2024-04-12 00:00:00-04:00,674.1541650133108,678.9115960906715,667.2396430850398,670.5491943359375,810800,0.0,0.0,680.844091796875
2024-04-15 00:00:00-04:00,679.5123614830981,688.1998201175836,662.4231245163344,668.2935180664062,886100,0.0,0.0,678.4151489257813
2024-04-16 00:00:00-04:00,668.2935782924559,686.4466032898431,668.2935782924559,682.890869140625,922400,0.0,0.0,677.7217163085937
2024-04-17 00:00:00-04:00,671.5242678072979,674.5579377770109,647.9440396508537,649.0767211914062,1193100,0.0,0.0,672.1782836914062
2024-04-18 00:00:00-04:00,645.934706417504,648.515328009079,632.3519654378536,634.53857421875,903100,0.0,0.0,661.069775390625
2024-04-19 00:00:00-04:00,636.4888408580312,637.9761580156469,613.8049096058012,618.7199096679688,1072900,0.0,0.0,650.7039184570312
2024-04-22 00:00:00-04:00,625.8019394346137,629.1311496215061,615.9325608230431,624.11767578125,924300,0.0,0.0,641.86875
2024-04-23 00:00:00-04:00,626.4814172772504,644.1715317487601,626.2746116828822,638.4685668945312,710100,0.0,0.0,632.9842895507812
2024-04-24 00:00:00-04:00,649.8648215286624,658.1385498315601,637.8678102831063,646.6734619140625,873400,0.0,0.0,632.5036376953125
2024-04-25 00:00:00-04:00,647.1068205016998,667.535128116533,640.2415952059896,662.8368530273438,1065800,0.0,0.0,638.1632934570313
2024-04-26 00:00:00-04:00,672.7357849947508,699.5861277014013,668.6087504683243,695.646240234375,1193500,0.0,0.0,653.5485595703125
2024-04-29 00:00:00-04:00,695.7939807656769,705.2201691622448,689.8644907453198,703.2009887695312,931600,0.0,0.0,669.3652221679688
2024-04-30 00:00:00-04:00,700.9453699253985,706.9438147245725,677.9462415455396,678.9312133789062,902200,0.0,0.0,677.4577514648438
2024-05-01 00:00:00-04:00,670.2437764533072,681.3345692775891,652.5438608870514,656.0306396484375,1273100,0.0,0.0,679.3291870117188
2024-05-02 00:00:00-04:00,665.4864660838111,672.7358452440856,654.2085251758283,671.8001098632812,675200,0.0,0.0,681.1218383789062
2024-05-03 00:00:00-04:00,684.5554503045712,693.4792930505877,680.7140359607332,686.12158203125,819900,0.0,0.0,679.2169067382813
2024-05-06 00:00:00-04:00,688.6529155840067,707.8993046621674,687.6088477922617,707.5841064453125,873600,0.0,0.0,680.0935302734375
2024-05-07 00:00:00-04:00,705.8603516071588,712.508911311448,700.8763966631785,703.6441650390625,782700,0.0,0.0,685.0361206054688
2024-05-08 00:00:00-04:00,699.2512319369617,706.8158088880047,695.4197369491544,706.3726196289062,672900,0.0,0.0,695.1045166015625
2024-05-09 00:00:00-04:00,707.9682372708393,709.1797334110182,698.374621051617,699.9899291992188,976000,0.0,0.0,700.74248046875
2024-05-10 00:00:00-04:00,709.179812333916,717.0595880265149,702.3441045158695,707.475830078125,448800,0.0,0.0,705.013330078125
2024-05-13 00:00:00-04:00,709.1797247909814,709.1797247909814,700.8665600567707,703.4176635742188,554100,0.0,0.0,704.1800415039063
2024-05-14 00:00:00-04:00,698.0386064597827,722.1997537946274,695.9955594071716,720.413330078125,884000,1.45,0.0,707.5338745117188
2024-05-15 00:00:00-04:00,728.3290131599339,750.4175390792312,725.3088692529103,749.8253173828125,850300,0.0,0.0,716.2244140625
2024-05-16 00:00:00-04:00,750.1016329681713,753.980440762456,739.3732104842786,739.7186279296875,751200,0.0,0.0,724.1701538085938
2024-05-17 00:00:00-04:00,746.6176352050418,748.6903207531907,730.0167534662158,737.942138671875,585900,0.0,0.0,730.2634155273438
2024-05-20 00:00:00-04:00,742.0874064156254,768.3014825642978,741.2386216428531,762.7349243164062,763600,0.0,0.0,742.1268676757812
2024-05-21 00:00:00-04:00,750.1015518918473,759.9318518110135,748.7691587576002,755.1746215820312,703600,0.0,0.0,749.0791259765625
2024-05-22 00:00:00-04:00,760.3464848969992,762.902718697197,752.7566379537857,761.6591796875,769500,0.0,0.0,751.4458984375
2024-05-23 00:00:00-04:00,778.3094266123703,780.2241621561009,751.6413200757241,755.1351928710938,828900,0.0,0.0,754.5292114257812
2024-05-24 00:00:00-04:00,764.0870648255669,772.9106311944277,759.0337533728197,768.9133911132812,548400,0.0,0.0,760.7234619140625
2024-05-28 00:00:00-04:00,775.2893248810608,781.645452059092,765.8340789328212,775.9012451171875,601100,0.0,0.0,763.3567260742187
2024-05-29 00:00:00-04:00,758.2244440671836,769.9102647308742,755.1352048126182,762.3006591796875,855000,0.0,0.0,764.78193359375
2024-05-30 00:00:00-04:00,758.9252277506151,766.4558584565758,756.1320691717551,760.0997314453125,712100,0.0,0.0,764.4700439453125
2024-05-31 00:00:00-04:00,760.6819576904372,766.1794201110248,727.3024892322895,749.6377563476562,1684800,0.0,0.0,763.370556640625
2024-06-03 00:00:00-04:00,761.4320669769747,761.5900168386839,725.9799132912243,744.3278198242188,515100,0.0,0.0,758.4534423828125
2024-06-04 00:00:00-04:00,740.7056319966923,746.4498387916801,730.5792499271896,740.7846069335938,474500,0.0,0.0,751.4301147460938
2024-06-05 00:00:00-04:00,760.3563345010909,777.2829340723014,752.1742662050606,774.7463989257812,943200,0.0,0.0,753.9192626953125
2024-06-06 00:00:00-04:00,770.1669112723562,777.06586308855,762.1526718839067,769.11083984375,722100,0.0,0.0,755.721484375
2024-06-07 00:00:00-04:00,777.2435264490185,777.6481600650246,754.0199544513654,758.954833984375,736000,0.0,0.0,757.5848999023438
2024-06-10 00:00:00-04:00,751.1872895610544,785.6130117634825,751.1872895610544,784.0338745117188,649900,0.0,0.0,765.5261108398438
2024-06-11 00:00:00-04:00,782.9875975429436,788.2580142348286,771.7360500646386,787.7645263671875,590000,0.0,0.0,774.9220947265625
2024-06-12 00:00:00-04:00,796.3710459205683,820.7098428750619,793.9628225359851,817.0284423828125,807300,0.0,0.0,783.3785034179688
2024-06-13 00:00:00-04:00,805.3920630129359,822.141014492962,804.4544238950281,819.2196044921875,546400,0.0,0.0,793.4002563476563
2024-06-14 00:00:00-04:00,804.3853596285797,815.7750398440777,804.3853596285797,814.0972290039062,474700,0.0,0.0,804.4287353515625
2024-06-17 00:00:00-04:00,815.6465983108668,840.5874946452682,810.2577493009296,837.823974609375,737800,0.0,0.0,815.1867553710938
2024-06-18 00:00:00-04:00,837.9424793617237,865.1336514201754,835.9586483057178,852.0661010742188,878000,0.0,0.0,828.0470703125
2024-06-20 00:00:00-04:00,852.1252894335867,852.9346168163303,815.7848333422928,818.7852783203125,1281900,0.0,0.0,828.3984375
2024-06-21 00:00:00-04:00,819.2195752190197,824.4604144547401,802.6580919141404,805.9151000976562,1919400,0.0,0.0,825.7375366210938
2024-06-24 00:00:00-04:00,803.171265456311,804.888593601712,782.0499605705164,783.6389770507812,894400,0.0,0.0,819.6458862304687
2024-06-25 00:00:00-04:00,790.439263372194,809.556978813278,781.1123304950407,807.3856201171875,934400,0.0,0.0,813.5582153320313
2024-06-26 00:00:00-04:00,803.7733481807381,816.1303043407426,788.8403996680852,802.7073974609375,712600,0.0,0.0,803.686474609375
2024-06-27 00:00:00-04:00,808.79708393011,815.6862164375851,796.2822371790722,804.2570190429688,510300,0.0,0.0,800.7808227539062
2024-06-28 00:00:00-04:00,815.6763405756541,830.4513404372024,807.7410762657474,813.771484375,849400,0.0,0.0,802.352099609375
2024-07-01 00:00:00-04:00,812.4686631531838,818.1437743659968,797.308728353654,817.0087280273438,480700,0.0,0.0,809.0260498046875
2024-07-02 00:00:00-04:00,808.7280789562316,829.030120268083,807.3462885960394,828.1813354492188,536900,0.0,0.0,813.1851928710937
2024-07-03 00:00:00-04:00,829.0005042964967,848.4636392943363,825.0328420718124,842.2161254882812,440800,0.0,0.0,821.0869384765625
2024-07-05 00:00:00-04:00,844.1999059112914,847.8813063624616,836.0375967816316,844.0715942382812,461200,0.0,0.0,829.049853515625
2024-07-08 00:00:00-04:00,845.9567409218621,857.7412350527569,843.420205742976,855.263916015625,438600,0.0,0.0,837.34833984375
2024-07-09 00:00:00-04:00,861.23515623492,868.4302491831348,851.947739413879,863.5052490234375,409400,0.0,0.0,846.6476440429688
2024-07-10 00:00:00-04:00,866.4167549671024,883.1164302837343,859.1625063217061,880.7279052734375,664300,0.0,0.0,857.1569580078125
2024-07-11 00:00:00-04:00,884.6461381681439,884.6461381681439,841.0612539981951,841.8410034179688,875000,0.0,0.0,857.08193359375
2024-07-12 00:00:00-04:00,842.7292367161408,868.0846466449465,833.9945252518985,846.548828125,655200,0.0,0.0,857.5773803710938
2024-07-15 00:00:00-04:00,847.3384789649467,865.429701917853,842.4628161270904,846.9436645507812,637300,0.0,0.0,855.913330078125
2024-07-16 00:00:00-04:00,850.0921985518715,857.484638304713,839.9559369187341,855.8857421875,627400,0.0,0.0,854.3894287109375
2024-07-17 00:00:00-04:00,806.6059377271984,818.2818778043867,769.3377234897066,771.5682983398438,1699600,0.0,0.0,832.5575073242187
2024-07-18 00:00:00-04:00,783.4417130873376,786.7086007160383,758.4415981323457,776.8092041015625,970900,0.0,0.0,819.5511474609375
2024-07-19 00:00:00-04:00,775.1806612517878,785.1787312433149,751.4636633476235,752.618408203125,918800,0.0,0.0,800.7650634765625
2024-07-22 00:00:00-04:00,778.2008467462676,801.1579154584649,765.0445015786795,798.9668579101562,967800,0.0,0.0,791.1697021484375
2024-07-23 00:00:00-04:00,783.6785646562314,802.904834470302,783.6785646562314,797.140869140625,960700,0.0,0.0,779.4207275390625
2024-07-24 00:00:00-04:00,786.915833559026,788.3370811933613,742.1071660902664,745.9267578125,2430100,0.0,0.0,774.2924194335938
2024-07-25 00:00:00-04:00,757.5433762100753,781.4775391188377,739.6199223684275,752.875,1826900,0.0,0.0,769.5055786132813
2024-07-26 00:00:00-04:00,779.0693828918644,788.5937241823983,759.0535434703254,777.1349487304688,1047500,0.0,0.0,774.40888671875
2024-07-29 00:00:00-04:00,782.9283377522298,799.924030050803,767.2946164714016,768.4000244140625,627600,0.0,0.0,768.2955200195313
2024-07-30 00:00:00-04:00,777.727012751765,789.0377765499353,744.525134015116,749.0060424804688,1062900,0.0,0.0,758.6685546875
2024-07-31 00:00:00-04:00,795.009046820958,815.9428262766166,780.0168812565255,812.3502197265625,1793600,0.0,0.0,771.9532470703125
2024-08-01 00:00:00-04:00,810.5441009639089,811.8271576214582,737.3203545019057,746.2919921875,2214200,0.0,0.0,770.6366455078125
2024-08-02 00:00:00-04:00,702.0556746558213,715.6265927055333,678.6643347693634,687.1029663085938,2071300,0.0,0.0,752.6302490234375
2024-08-05 00:00:00-04:00,641.3763540333962,710.7903158232829,639.5602921302925,694.3176879882812,1718900,0.0,0.0,737.8137817382812
2024-08-06 00:00:00-04:00,699.0552545788775,728.5954332992667,694.3671194883738,706.8917846679688,1203900,0.0,0.0,729.3909301757812
2024-08-07 00:00:00-04:00,730.9838535385919,738.790805204682,685.7211601633583,688.6326904296875,903100,0.0,0.0,704.6474243164063
2024-08-08 00:00:00-04:00,710.2080644650956,744.1797547024186,697.7918920087665,742.4920043945312,1037500,0.0,0.0,703.8874267578125
2024-08-09 00:00:00-04:00,737.3597931029153,745.2259614861663,722.209678096439,737.0538330078125,763500,0.0,0.0,713.8776000976562
2024-08-12 00:00:00-04:00,739.0278477209611,758.7870643933453,735.0108485551975,747.6737060546875,787400,0.0,0.0,724.5488037109375
2024-08-13 00:00:00-04:00,757.9875462750883,786.5407493648572,752.0755707836109,783.4910278320312,1158100,0.0,0.0,739.86865234375
2024-08-14 00:00:00-04:00,794.436605560467,803.0331871303478,771.4795370370869,783.55029296875,630700,0.0,0.0,758.8521728515625
2024-08-15 00:00:00-04:00,802.3964234080287,830.428363043101,795.0200895209002,826.8094482421875,1293400,1.45,0.0,775.7156616210938
2024-08-16 00:00:00-04:00,819.2254630981297,819.5418804956552,799.8947318819147,810.3758544921875,673400,0.0,0.0,790.3800659179688
2024-08-19 00:00:00-04:00,809.3278545166033,812.4029516346934,789.7895151951091,811.24609375,971600,0.0,0.0,803.0945434570312
2024-08-20 00:00:00-04:00,810.0199444975916,814.6177435687352,793.9917701022422,802.4656372070312,685400,0.0,0.0,806.8894653320312
2024-08-21 00:00:00-04:00,809.4958464731035,823.9320964228577,803.0984574348489,817.8609619140625,618500,0.0,0.0,813.7515991210937
2024-08-22 00:00:00-04:00,819.096980684856,822.6664685462425,784.9444182341394,789.5620727539062,919900,0.0,0.0,806.3021240234375
2024-08-23 00:00:00-04:00,807.5381184877149,815.0924260207162,791.0254501458302,808.6653442382812,685800,0.0,0.0,805.9600219726562
2024-08-26 00:00:00-04:00,804.2751944873793,804.2751944873793,784.2424642126265,790.0070190429688,778500,0.0,0.0,801.71220703125
2024-08-27 00:00:00-04:00,787.6140694727734,805.0265011326243,774.1567647053606,803.671875,687100,0.0,0.0,801.9534545898438
2024-08-28 00:00:00-04:00,800.1419188187136,810.7515877700126,786.0814716524653,795.2474975585938,648900,0.0,0.0,797.43076171875
2024-08-29 00:00:00-04:00,805.0463615132228,816.3184982130466,783.0953934059329,786.8231201171875,806500,0.0,0.0,796.8829711914062
2024-08-30 00:00:00-04:00,804.4333432783453,810.7516736567634,788.6029365224464,810.2374877929688,1079300,0.0,0.0,797.1973999023437
2024-09-03 00:00:00-04:00,796.55276231518,798.0260375512785,728.9002676398176,733.1124877929688,1661200,0.0,0.0,785.8184936523437
2024-09-04 00:00:00-04:00,726.7546508067493,741.4776268561814,716.5108854509156,736.751220703125,927200,0.0,0.0,772.4343627929687
2024-09-05 00:00:00-04:00,717.6381258359395,734.8824235022652,714.651985312765,719.8925170898438,818300,0.0,0.0,757.3633666992188
2024-09-06 00:00:00-04:00,719.8925335125276,720.0309774599091,688.9733047967293,694.9158935546875,1390600,0.0,0.0,738.9819213867188
2024-09-09 00:00:00-04:00,707.0086835320584,709.4608430981682,688.7557496717915,701.9263305664062,839900,0.0,0.0,717.3196899414063
2024-09-10 00:00:00-04:00,701.9263404896476,708.9565647437933,688.6074179956981,705.456298828125,778900,0.0,0.0,711.7884521484375
2024-09-11 00:00:00-04:00,707.2558958688353,743.1782962769543,696.003553822746,740.4196166992188,1129100,0.0,0.0,712.5221313476562
2024-09-12 00:00:00-04:00,738.4914660885398,738.4914660885398,721.8107217709916,725.053955078125,1070700,0.0,0.0,713.5544189453125
2024-09-13 00:00:00-04:00,733.0531546302283,746.1248813441305,732.5982932783044,743.0695190429688,586700,0.0,0.0,723.1851440429688
2024-09-16 00:00:00-04:00,726.7546583233169,734.655015633235,718.0039631081771,728.1389770507812,863000,0.0,0.0,728.4276733398438
2024-09-17 00:00:00-04:00,740.9337637230745,742.4959954792363,725.2220067941304,731.302978515625,855500,0.0,0.0,733.5970092773438
2024-09-18 00:00:00-04:00,741.1413491181322,743.7122178800515,721.6030120695192,722.8389892578125,817800,0.0,0.0,730.0808837890625
2024-09-19 00:00:00-04:00,750.8017947125225,773.43502433017,746.7181210989243,763.7647094726562,1241100,0.0,0.0,737.8230346679687
2024-09-20 00:00:00-04:00,754.0945778914196,756.7741383501456,740.8547731041174,750.337158203125,1622600,0.0,0.0,739.2765625
2024-09-23 00:00:00-04:00,757.683787207848,761.7476661391547,750.0404624466275,752.72998046875,438800,0.0,0.0,744.1947631835938
2024-09-24 00:00:00-04:00,763.3395323490516,766.9881395226137,743.7616652215883,761.6981811523438,821300,0.0,0.0,750.2738037109375
2024-09-25 00:00:00-04:00,754.341710434214,773.2274199527235,751.1676989151493,763.39892578125,575100,0.0,0.0,758.385791015625
2024-09-26 00:00:00-04:00,804.3146373588398,812.7786068113734,771.2497728867047,795.5243530273438,908000,0.0,0.0,764.7377197265625
2024-09-27 00:00:00-04:00,798.8961858632981,799.3905767762994,769.1734065876753,773.6229248046875,627400,0.0,0.0,769.394873046875
2024-09-30 00:00:00-04:00,764.4074368269672,772.495664560618,752.7496609944196,765.7224731445312,932900,0.0,0.0,771.9933715820313
2024-10-01 00:00:00-04:00,769.7369048551764,778.0822252923288,737.7893687232853,745.2349243164062,1279600,0.0,0.0,768.7007202148437
2024-10-02 00:00:00-04:00,752.1267959179429,778.6064035491704,746.5303170489686,768.6394653320312,701800,0.0,0.0,769.748828125
2024-10-03 00:00:00-04:00,756.279593545306,775.1949932189381,755.429255725848,765.8707885742188,584200,0.0,0.0,763.818115234375
2024-10-04 00:00:00-04:00,791.4802696154455,791.4802696154455,768.491093687322,778.556884765625,757300,0.0,0.0,764.8049072265625
2024-10-07 00:00:00-04:00,769.0052592588047,779.061213738179,763.1813802530427,772.9010620117188,748100,0.0,0.0,766.240625
2024-10-08 00:00:00-04:00,773.1285154966093,784.7664362734513,765.5544130933858,775.1060791015625,653400,0.0,0.0,772.2148559570312
2024-10-09 00:00:00-04:00,773.257011453614,797.7293594664955,771.5958050255576,795.6034545898438,628500,0.0,0.0,777.6076538085938
2024-10-10 00:00:00-04:00,782.4724480537076,790.8474612258989,778.1712713926706,789.028076171875,461900,0.0,0.0,782.239111328125
2024-10-11 00:00:00-04:00,783.8863895799614,797.373326178801,783.777577726,794.7135009765625,570800,0.0,0.0,785.4704345703125
2024-10-14 00:00:00-04:00,800.2903703890056,823.655290603551,800.2903703890056,820.3428955078125,567900,0.0,0.0,794.9588012695312
2024-10-15 00:00:00-04:00,816.259257347196,823.0422867298857,691.1190218920945,699.7807006835938,2870900,0.0,0.0,779.8937255859375
2024-10-16 00:00:00-04:00,712.4864674195197,712.6743383646084,674.3590458435809,674.9325561523438,2280600,0.0,0.0,755.7595458984375
2024-10-17 00:00:00-04:00,693.1162642300995,693.353562211977,662.1674051842208,662.7310180664062,1936500,0.0,0.0,730.5001342773437
2024-10-18 00:00:00-04:00,660.4370380643951,674.25035156142,656.8675501552048,670.9082641601562,1192800,0.0,0.0,705.7390869140625
2024-10-21 00:00:00-04:00,669.8997207066852,672.1244799267444,659.9130479034914,666.0533447265625,739300,0.0,0.0,674.8811767578125
2024-10-22 00:00:00-04:00,662.4838078037519,665.5984946224129,656.2149046204847,662.5629272460938,787400,0.0,0.0,667.4376220703125
2024-10-23 00:00:00-04:00,657.1839087039185,664.7678477348163,647.3059887992416,657.1740112304688,846800,0.0,0.0,663.8859130859375
2024-10-24 00:00:00-04:00,671.1356174866793,676.7123610796266,657.9749347165385,658.6868286132812,884700,0.0,0.0,663.0770751953125
2024-10-25 00:00:00-04:00,662.1575267386038,675.1798271976596,660.5062779418764,665.5194091796875,954800,0.0,0.0,661.9993041992187
2024-10-28 00:00:00-04:00,665.5984832818776,671.5212765230183,662.6914624174747,666.7849731445312,1051800,0.0,0.0,662.1456298828125
2024-10-29 00:00:00-04:00,667.427677506296,692.5427579556012,666.2114952727613,688.4194946289062,1333900,0.0,0.0,667.316943359375
2024-10-30 00:00:00-04:00,674.3492560865983,687.3912917671595,672.3815897608353,684.039306640625,1656800,0.0,0.0,672.6900024414062
2024-10-31 00:00:00-04:00,670.0479734576277,673.4097951794465,648.6408245440067,658.7560424804688,2001200,0.0,0.0,672.7038452148438
2024-11-01 00:00:00-04:00,659.0230920655391,671.0368154834346,655.9974220688738,661.8707885742188,906400,0.0,0.0,671.97412109375
2024-11-04 00:00:00-05:00,659.7647011304251,663.0375666980356,654.9295433139399,655.92822265625,637900,0.0,0.0,669.8027709960937
2024-11-05 00:00:00-05:00,661.5741423812618,673.9042224355456,659.764654792584,662.8101196289062,1016300,0.0,0.0,664.6808959960938
2024-11-06 00:00:00-05:00,667.4277658111421,671.0269463212554,650.1042880441647,662.1476440429688,1715400,0.0,0.0,660.3025634765625
2024-11-07 00:00:00-05:00,675.1896693337397,680.1039465628908,667.5266099145073,678.4526977539062,1122200,0.0,0.0,664.24189453125
2024-11-08 00:00:00-05:00,681.8737571781087,686.5704704151492,673.7361028184953,679.6984252929688,1278100,0.0,0.0,667.807421875
2024-11-11 00:00:00-05:00,676.3267290040282,677.5231766689252,649.37252836455,658.558349609375,1422800,0.0,0.0,668.333447265625
2024-11-12 00:00:00-05:00,655.5722854865269,661.7521722513424,647.5136890050247,657.3224487304688,1111300,0.0,0.0,667.2359130859375
2024-11-13 00:00:00-05:00,646.7225991486071,648.6309407140262,631.159183815235,637.3192749023438,1505200,0.0,0.0,662.2702392578125
2024-11-14 00:00:00-05:00,652.596072174782,652.596072174782,635.5296864494104,637.7643432617188,1169900,0.0,0.0,654.132568359375
2024-11-15 00:00:00-05:00,613.5688073781067,622.9325421788316,605.4805190395135,607.56689453125,1712000,0.0,0.0,639.7062622070313
2024-11-18 00:00:00-05:00,609.0243711998364,618.4835582731,606.5852584720699,615.0032958984375,1223300,1.7,0.0,630.9952514648437
2024-11-19 00:00:00-05:00,611.255257395702,613.1688932106225,604.2353046029647,610.4421997070312,1408900,0.0,0.0,621.6192016601562
2024-11-20 00:00:00-05:00,611.2652718454126,614.6959703242358,604.7212306855919,611.6024169921875,1195100,0.0,0.0,616.475830078125
2024-11-21 00:00:00-05:00,622.4793858119004,632.5533137490979,614.7455028792543,627.7939453125,1386000,0.0,0.0,614.4817504882812
2024-11-22 00:00:00-05:00,624.6608299540759,637.580431406317,624.6608299540759,634.1298828125,981800,0.0,0.0,619.7943481445312
2024-11-25 00:00:00-05:00,641.2093208145876,641.2093208145876,626.752869005607,639.2064208984375,1913000,0.0,0.0,624.6349731445313
2024-11-26 00:00:00-05:00,645.6612664006128,645.6612664006128,618.5727951247275,626.1182861328125,923200,0.0,0.0,627.7701904296875
2024-11-27 00:00:00-05:00,626.1182884583874,628.6169509268989,615.9650817235707,626.7826538085938,942600,0.0,0.0,630.8062377929688
2024-11-29 00:00:00-05:00,639.3452916173603,655.8938478097225,637.8183647633967,641.5465087890625,925700,0.0,0.0,633.5567504882813
2024-12-02 00:00:00-05:00,639.5435617605475,663.3996512810255,639.5336368275026,660.3854370117188,1380200,0.0,0.0,638.807861328125
2024-12-03 00:00:00-05:00,655.5269370077993,661.5256512358162,651.2534666203876,660.0780029296875,1376500,0.0,0.0,642.982177734375
2024-12-04 00:00:00-05:00,664.500313896647,664.817609204947,650.1132743710343,660.5738525390625,1459200,0.0,0.0,649.873291015625
2024-12-05 00:00:00-05:00,654.7832983882363,657.3017501558256,635.9542479171655,637.1638793945312,1028200,0.0,0.0,651.9495361328125
2024-12-06 00:00:00-05:00,635.7162698344372,645.1952462926064,632.771409152765,642.8453369140625,862400,0.0,0.0,652.2093017578125
2024-12-09 00:00:00-05:00,653.4249273237127,660.6928228233821,640.3467096047729,646.8411865234375,1093300,0.0,0.0,649.5004516601563
2024-12-10 00:00:00-05:00,652.2548747328156,652.2548747328156,633.058905709307,636.4301147460938,914800,0.0,0.0,644.7708740234375
2024-12-11 00:00:00-05:00,641.4869180103522,651.550921246902,636.6384066193393,643.3411254882812,1107400,0.0,0.0,641.3243286132813
2024-12-12 00:00:00-05:00,641.3877872744805,644.3822122119415,632.5037012752039,641.1200561523438,698200,0.0,0.0,642.1155639648438
2024-12-13 00:00:00-05:00,642.5082274597702,658.2437250408494,642.0918038869802,648.2194213867188,1463200,0.0,0.0,643.190380859375
2024-12-16 00:00:00-05:00,644.1739872610337,658.8981705651611,639.950080864915,650.5693359375,1014300,0.0,0.0,643.9360107421875
2024-12-17 00:00:00-05:00,654.3767848748998,663.231157188079,646.5636228388599,649.3299560546875,1252400,0.0,0.0,646.5159790039063
2024-12-18 00:00:00-05:00,653.0778421472747,663.4293657625556,620.307952384914,625.4242553710938,1452100,0.0,0.0,642.9326049804688
2024-12-19 00:00:00-05:00,618.8701824453565,629.8959954995524,615.3205667185598,616.906982421875,1115700,0.0,0.0,638.089990234375
2024-12-20 00:00:00-05:00,611.2057361163296,635.6170762807845,608.2014468964392,624.0360717773438,2652200,0.0,0.0,633.2533203125
2024-12-23 00:00:00-05:00,626.2274514790835,644.005489597088,626.2274514790835,642.4983520507812,886400,0.0,0.0,631.6391235351563
2024-12-24 00:00:00-05:00,639.5832470589667,646.4743585365148,635.8253887551407,645.016845703125,349500,0.0,0.0,630.7765014648437
2024-12-26 00:00:00-05:00,638.7602682567658,648.3483595073691,636.6086757435887,643.0535888671875,454100,0.0,0.0,634.3023681640625
2024-12-27 00:00:00-05:00,641.6851992536315,642.2305258847141,632.6028571369972,639.34521484375,729500,0.0,0.0,638.7900146484375
2024-12-30 00:00:00-05:00,628.4385008126142,631.8394245330813,621.2895832872115,628.2699584960938,687800,0.0,0.0,639.6367919921875
2024-12-31 00:00:00-05:00,628.1310834408671,632.5929459120335,621.8547132864192,624.7797241210938,646200,0.0,0.0,636.09306640625
2025-01-02 00:00:00-05:00,629.3110951822272,643.926166101398,626.5348368865048,631.2247314453125,892200,0.0,0.0,633.3346435546875
2025-01-03 00:00:00-05:00,638.4429555983652,653.1274380571402,634.893279242921,651.4418334960938,865100,0.0,0.0,635.0122924804688
2025-01-06 00:00:00-05:00,667.891227146199,690.9640336541318,667.8020237846973,684.44970703125,1676400,0.0,0.0,644.0331909179688
2025-01-07 00:00:00-05:00,688.8917892332788,699.8877679234299,677.469401524587,683.4581909179688,1283400,0.0,0.0,655.0708374023437
2025-01-08 00:00:00-05:00,684.1522433087921,686.1352932893973,673.2156936171707,680.3844604492188,1093400,0.0,0.0,666.1917846679687
2025-01-10 00:00:00-05:00,678.1040258584445,688.6835815082878,665.957843638488,677.2711181640625,1254500,0.0,0.0,675.4010620117188
2025-01-13 00:00:00-05:00,668.4762422004909,686.1055252319769,659.8499625965301,685.1338500976562,1318600,0.0,0.0,682.1394653320312
2025-01-14 00:00:00-05:00,687.1169626684544,695.4457976344247,680.7414635997465,695.31689453125,1039000,0.0,0.0,684.3129028320312
2025-01-15 00:00:00-05:00,708.9404032708878,721.2055631685631,707.492754926721,710.1798095703125,1368300,0.0,0.0,689.6572265625
2025-01-16 00:00:00-05:00,728.7709554632696,772.4674742999284,727.363006752826,740.9270629882812,2019600,0.0,0.0,701.7657470703125
2025-01-17 00:00:00-05:00,756.4840746848604,756.8310842569874,741.2740532735871,751.0504760742188,1402500,0.0,0.0,716.5216186523437
2025-01-21 00:00:00-05:00,755.8394740807001,771.8327767210975,744.8632853780979,760.7376098632812,1370000,0.0,0.0,731.6423706054687
2025-01-22 00:00:00-05:00,766.805765356791,780.4590840772289,765.0408823125543,765.3680419921875,1200300,0.0,0.0,745.6526000976562
2025-01-23 00:00:00-05:00,746.8860112469509,755.4131015275373,735.0075013083854,754.5009155273438,821800,0.0,0.0,754.5168212890625
2025-01-24 00:00:00-05:00,758.5662394162574,759.2999582820194,736.8518767879866,743.46533203125,745400,0.0,0.0,755.0244750976562
2025-01-27 00:00:00-05:00,710.5267521081403,718.8060217181045,679.392905113956,696.7545166015625,2357800,0.0,0.0,744.165283203125
2025-01-28 00:00:00-05:00,691.4202379860233,702.8822661035522,683.3789231632593,696.9628295898438,1387100,0.0,0.0,731.4103271484375
2025-01-29 00:00:00-05:00,714.9689267547046,715.7621347208109,701.7816551997854,706.9276123046875,729200,0.0,0.0,719.7222412109375
2025-01-30 00:00:00-05:00,725.0824713986303,739.7867443940311,715.8810898379995,736.137939453125,1711000,0.0,0.0,716.0496459960938
2025-01-31 00:00:00-05:00,752.4981156331145,763.7221867103353,728.7709279222285,731.9834594726562,1631900,0.0,0.0,713.753271484375
2025-02-03 00:00:00-05:00,721.2254093736118,746.618350983018,720.2140344726923,733.936767578125,1216800,0.0,0.0,721.1897216796875
2025-02-04 00:00:00-05:00,726.6193053794519,749.5929234016617,726.6193053794519,742.9695434570312,999900,0.0,0.0,730.391064453125
2025-02-05 00:00:00-05:00,736.3362347663201,755.4627307279541,734.6605550519685,752.7162475585938,677100,0.0,0.0,739.5487915039063
2025-02-06 00:00:00-05:00,751.2586583815797,757.7630599924117,746.8364350736932,755.3635864257812,579400,0.0,0.0,743.3939208984375
2025-02-07 00:00:00-05:00,755.3438222314844,760.7674960922456,737.9127937248968,741.3633422851562,664500,0.0,0.0,745.2698974609375
2025-02-10 00:00:00-05:00,753.2417374696465,754.7984390494383,737.3773367802659,745.0914306640625,1564500,0.0,0.0,747.500830078125
2025-02-11 00:00:00-05:00,748.1552206139763,755.502455185773,742.8108860256087,752.1907348632812,591800,0.0,0.0,749.345068359375
2025-02-12 00:00:00-05:00,736.2370974565089,748.274165128994,732.2808618169024,744.1890869140625,476600,0.0,0.0,747.6396362304688
2025-02-13 00:00:00-05:00,744.6650884777613,758.5166643986519,743.7231275752576,757.8027954101562,711500,0.0,0.0,748.1274780273437
2025-02-14 00:00:00-05:00,753.7275763516124,762.9983718311133,732.7568579650742,744.3775024414062,998500,0.0,0.0,748.7303100585938
2025-02-18 00:00:00-05:00,751.6156104967279,753.7672633805312,731.6859816395427,751.8238525390625,1354000,0.0,0.0,750.0767944335937
2025-02-19 00:00:00-05:00,754.6794548585419,770.4149523252208,746.7076153622332,768.1840209960938,936700,0.0,0.0,753.2754516601562
2025-02-20 00:00:00-05:00,773.3895212896633,787.2708716717855,764.475720977148,771.0396118164062,883600,0.0,0.0,758.645556640625
2025-02-21 00:00:00-05:00,773.1316857553454,775.7790405327329,744.6947563140161,747.9072875976562,872400,0.0,0.0,756.666455078125
2025-02-24 00:00:00-05:00,757.2388504513002,758.2724046898143,731.4109123149145,732.9711303710938,1110900,1.7,0.0,754.3851806640625
2025-02-25 00:00:00-05:00,731.6989469600346,731.6989469600346,716.9713476762262,720.4495239257812,1068300,0.0,0.0,748.1103149414063
2025-02-26 00:00:00-05:00,728.7575196642955,746.4266253440819,725.4283713656057,733.9151611328125,1247400,0.0,0.0,741.25654296875
2025-02-27 00:00:00-05:00,738.4168866185148,745.3235637737355,694.283820683611,694.800537109375,1324900,0.0,0.0,726.0087280273438
2025-02-28 00:00:00-05:00,701.4389328220578,709.0511440647136,687.615631281642,704.4202270507812,1242400,0.0,0.0,717.3113159179687
2025-03-03 00:00:00-05:00,710.0748023997131,723.5700849165555,682.0804038889289,686.840576171875,1304600,0.0,0.0,708.085205078125
2025-03-04 00:00:00-05:00,689.1459925016748,711.5454881496312,674.3289871878858,694.6415405273438,1182200,0.0,0.0,702.9236083984375
2025-03-05 00:00:00-05:00,696.7383868190786,712.7678170315144,685.3299869394212,711.3467407226562,915700,0.0,0.0,698.4099243164062
2025-03-06 00:00:00-05:00,692.9224188821963,707.2226486153213,679.7152455400566,687.814453125,1135400,0.0,0.0,697.0127075195312
2025-03-07 00:00:00-05:00,683.9089249252696,709.6672907080845,675.978640837809,706.8549194335938,1088100,0.0,0.0,697.4996459960937
2025-03-10 00:00:00-04:00,689.4938740711816,692.8726378673757,666.3987907197039,674.1302490234375,1389200,0.0,0.0,694.9575805664062
2025-03-11 00:00:00-04:00,673.1663563391055,676.0780799414672,649.6637944207579,660.0784301757812,1058700,0.0,0.0,688.0449584960937
2025-03-12 00:00:00-04:00,671.8247307880279,682.4679735878236,667.6310724635114,676.1476440429688,884100,0.0,0.0,681.0051391601562
2025-03-13 00:00:00-04:00,672.4010339973389,689.6726685018112,664.4906455316114,677.2506103515625,930800,0.0,0.0,678.8923706054687
2025-03-14 00:00:00-04:00,685.6678882207392,709.2896975559322,685.6678882207392,708.5543212890625,1142600,0.0,0.0,679.2322509765625
2025-03-17 00:00:00-04:00,701.3395434858567,719.6844630910813,701.1308917017808,713.811279296875,976200,0.0,0.0,687.16845703125
2025-03-18 00:00:00-04:00,707.4611142035836,708.3554660408482,693.7073840673384,705.5729370117188,950700,0.0,0.0,696.2673583984375
2025-03-19 00:00:00-04:00,705.5729820552684,725.5178481364235,700.5544821307225,715.123046875,753300,0.0,0.0,704.0624389648438
2025-03-20 00:00:00-04:00,704.4003593326197,715.1727355918706,703.2674529252015,711.9927368164062,629400,0.0,0.0,711.0108642578125
2025-03-21 00:00:00-04:00,697.9309702219036,704.9568947971213,688.0429981048703,702.0848999023438,2454800,0.0,0.0,709.7169799804688
2025-03-24 00:00:00-04:00,718.2037251457217,730.5562133800939,711.9330721667128,723.1923828125,730200,0.0,0.0,711.5932006835938
2025-03-25 00:00:00-04:00,720.1018078237693,722.6358958037019,714.2485188929795,717.3490600585938,498700,0.0,0.0,713.9484252929688
2025-03-26 00:00:00-04:00,716.9913690891251,719.6546515237615,694.4527902874188,701.1408081054688,734600,0.0,0.0,711.1519775390625
2025-03-27 00:00:00-04:00,695.9831083370426,702.7208623588191,687.6851970563616,695.6353149414062,735100,0.0,0.0,707.8804931640625
2025-03-28 00:00:00-04:00,681.0965327035556,689.8416502551341,663.0199497177588,669.39990234375,989500,0.0,0.0,701.3434936523438
2025-03-31 00:00:00-04:00,668.7937436315268,676.8929507782348,651.3332893238701,675.561279296875,1165400,0.0,0.0,691.8172729492187
2025-04-01 00:00:00-04:00,669.7974403083686,678.5425579618928,658.051133705716,678.2047119140625,669400,0.0,0.0,683.9884033203125
2025-04-02 00:00:00-04:00,663.1292599029812,691.2826323264121,663.1292599029812,681.9114379882812,791100,0.0,0.0,680.142529296875
2025-04-03 00:00:00-04:00,648.1433896368117,652.8239832251393,616.402538147337,616.9490966796875,1525300,0.0,0.0,664.4052856445312
2025-04-04 00:00:00-04:00,588.8453649874541,596.2588721332968,556.2697868136246,572.9352416992188,2072800,0.0,0.0,645.112353515625
2025-04-07 00:00:00-04:00,563.1168182827677,628.8245385176047,547.892335076571,600.8500366210938,2996100,0.0,0.0,630.1701049804688
2025-04-08 00:00:00-04:00,622.0967299955652,640.242883933077,583.1510872362728,595.7719116210938,2719800,0.0,0.0,613.683544921875
2025-04-09 00:00:00-04:00,601.0984783800395,717.3391725151881,593.6253480642487,698.9246826171875,3447900,0.0,0.0,617.0861938476562
2025-04-10 00:00:00-04:00,660.7541762434223,676.4456990908661,624.5711693882259,652.6649169921875,2676100,0.0,0.0,624.2293579101563
2025-04-11 00:00:00-04:00,642.7868967766998,672.5103725544222,631.1201087901,666.0409545898438,1361800,0.0,0.0,642.8505004882812
2025-04-14 00:00:00-04:00,677.2506782038607,680.033207377376,655.3381775623715,665.7925415039062,987000,0.0,0.0,655.8390014648437
2025-04-15 00:00:00-04:00,665.2460116067759,677.8568892724322,660.8535881993226,671.9937133789062,790400,0.0,0.0,671.0833618164063
2025-04-16 00:00:00-04:00,634.2703554512077,654.9406502429462,615.4484485483365,638.185791015625,2020800,0.0,0.0,658.9355834960937
2025-04-17 00:00:00-04:00,644.9831218706486,645.1420975320475,627.6816447583266,630.47412109375,1224100,0.0,0.0,654.4974243164063
2025-04-21 00:00:00-04:00,619.5426830072547,623.2991424653255,603.910784610077,616.9290771484375,1346100,0.0,0.0,644.675048828125
2025-04-22 00:00:00-04:00,622.7824622870984,635.8603803114082,621.9476731706324,632.3921508789062,1372400,0.0,0.0,637.994970703125
2025-04-23 00:00:00-04:00,660.098304041482,668.505575868542,648.8091507614204,653.0127563476562,945100,0.0,0.0,634.198779296875
2025-04-24 00:00:00-04:00,669.9067409615117,686.2641305796262,660.058558978557,685.1212768554688,1304000,0.0,0.0,643.5858764648438
2025-04-25 00:00:00-04:00,675.7600419665586,695.943401970288,674.6867590342682,690.2789306640625,631600,0.0,0.0,655.5468383789063
2025-04-28 00:00:00-04:00,683.41198701229,694.7806574516227,674.8158982125422,689.3944091796875,736000,0.0,0.0,670.0399047851563
2025-04-29 00:00:00-04:00,679.367329841079,691.0142223787501,677.4891001029188,683.660400390625,726100,0.0,0.0,680.2935546875
2025-04-30 00:00:00-04:00,672.7787734651464,700.5942406722132,669.9962441400786,698.30859375,1172300,0.0,0.0,689.3527221679688
2025-05-01 00:00:00-04:00,684.9027216168037,688.7187445341937,670.5527552832257,672.0930786132812,1463500,0.0,0.0,686.7470825195312
2025-05-02 00:00:00-04:00,689.9211692583034,703.4264587338191,688.5894978215551,693.8067626953125,851800,0.0,0.0,687.4526489257812
2025-05-05 00:00:00-04:00,686.7113582785083,697.2352933412333,682.8356513713236,688.9671630859375,811900,0.0,0.0,687.3671997070312
2025-05-06 00:00:00-04:00,676.614617340494,685.6976412321768,673.3848820738207,675.18359375,905400,0.0,0.0,685.6718383789063
2025-05-07 00:00:00-04:00,676.2470031923325,692.1174586859975,671.0595800187392,690.0205688476562,962800,0.0,0.0,684.0142333984375
2025-05-08 00:00:00-04:00,698.9346327258701,706.0698563674013,688.480208124305,698.944580078125,906900,0.0,0.0,689.3845336914062
2025-05-09 00:00:00-04:00,701.7370813339307,706.86488094745,692.3857207205629,696.827880859375,955000,0.0,0.0,689.9887573242188
2025-05-12 00:00:00-04:00,740.3546996919629,758.0436991778474,736.98582281009,755.7282104492188,2110300,0.0,0.0,703.340966796875
2025-05-13 00:00:00-04:00,755.2611996325774,793.044154318401,750.9383472912516,790.9373779296875,1804800,0.0,0.0,726.4917236328125
2025-05-14 00:00:00-04:00,781.844444530795,800.3682346786863,781.844444530795,799.9806518554688,1171400,0.0,0.0,748.483740234375
2025-05-15 00:00:00-04:00,792.2988186283384,805.5556060417046,790.6094064714928,800.974365234375,1129800,0.0,0.0,768.889697265625
2025-05-16 00:00:00-04:00,802.0973854368195,802.0973854368195,779.191118997406,786.2368774414062,1132000,0.0,0.0,786.7714965820312
2025-05-19 00:00:00-04:00,777.6898756418244,786.5357554038515,772.041682004784,783.985595703125,1142000,1.9,0.0,792.4229736328125
2025-05-20 00:00:00-04:00,776.6339223335539,787.8207464995702,774.1933254116873,787.2529296875,949200,0.0,0.0,791.686083984375
2025-05-21 00:00:00-04:00,775.3289207294087,796.6466439718804,772.2009731685881,775.946533203125,1236700,0.0,0.0,786.8792602539063
2025-05-22 00:00:00-04:00,763.5145331266496,778.7557234062499,759.0716509194041,764.5604858398438,682500,0.0,0.0,779.596484375
2025-05-23 00:00:00-04:00,744.8764710543484,758.1751440107039,742.0075337441127,754.26025390625,941900,0.0,0.0,773.2011596679688
2025-05-27 00:00:00-04:00,771.732880058637,789.1357152135673,765.6463140383503,786.0277099609375,1292500,0.0,0.0,773.6095825195313
2025-05-28 00:00:00-04:00,786.0277196511626,793.2398873340135,773.2071826258608,774.5121459960938,905700,0.0,0.0,771.06142578125
2025-05-29 00:00:00-04:00,789.932622334607,791.7456355174095,765.7260174356385,770.9956665039062,932300,0.0,0.0,770.0712524414063
2025-05-30 00:00:00-04:00,769.8102963816348,770.5772959877437,737.5945497075779,753.9713745117188,1717700,0.0,0.0,767.9534301757812
2025-06-02 00:00:00-04:00,749.5086145277347,761.711538810087,749.0703029786303,759.510009765625,864600,0.0,0.0,769.0033813476563
2025-06-03 00:00:00-04:00,759.1214666665514,776.5941002100232,753.4334488318719,772.8086547851562,943200,0.0,0.0,766.3595703125
2025-06-04 00:00:00-04:00,778.6163082377313,783.9059000107819,770.6271088333839,779.0845336914062,839500,0.0,0.0,767.2740478515625
2025-06-05 00:00:00-04:00,785.3801339635992,793.4490423529892,774.432377978085,788.8468017578125,1618900,0.0,0.0,770.8442749023437
2025-06-06 00:00:00-04:00,798.1608660659651,810.8419258729878,796.6965443848236,804.8948974609375,996300,0.0,0.0,781.0289794921875
2025-06-09 00:00:00-04:00,807.8833374659337,831.791105775653,807.8833374659337,826.10302734375,1529800,0.0,0.0,794.3475830078125
2025-06-10 00:00:00-04:00,826.1030218271031,853.8659127273186,823.582776217595,853.2981567382812,1515500,0.0,0.0,810.4454833984375
2025-06-11 00:00:00-04:00,861.7555361925666,870.1730752137549,855.4996408914138,868.64892578125,1650400,0.0,0.0,828.3583618164063
2025-06-12 00:00:00-04:00,863.1700554896763,875.7813765764193,863.1700554896763,871.6373901367188,1091700,0.0,0.0,844.9164794921875
2025-06-13 00:00:00-04:00,855.6989066823393,873.0818593798365,853.646825589607,864.3355712890625,1832200,0.0,0.0,856.8046142578125
2025-06-16 00:00:00-04:00,872.6335654098277,889.877041307991,872.2550208712869,888.9506225585938,1619400,0.0,0.0,869.3741333007813
2025-06-17 00:00:00-04:00,886.5797661827232,911.3143625263488,884.3084989457421,889.5682373046875,1334000,0.0,0.0,876.6281494140625
2025-06-18 00:00:00-04:00,891.4509815176546,894.698463172107,863.9769535336975,867.8121337890625,1431500,0.0,0.0,876.460791015625
2025-06-20 00:00:00-04:00,880.4334681838357,880.4334681838357,831.6416564335806,846.7334594726562,2347800,0.0,0.0,871.4800048828125
2025-06-23 00:00:00-04:00,849.6422460180438,856.316510349977,837.9473720898584,852.9893798828125,1427700,0.0,0.0,869.2107666015625
2025-06-24 00:00:00-04:00,867.8918526779067,887.147585349093,866.2183161412323,885.613525390625,1145100,0.0,0.0,868.5433471679687
2025-06-25 00:00:00-04:00,891.5705205069362,899.4700385239624,884.3284393828719,890.0264892578125,772000,0.0,0.0,868.6349975585938
2025-06-26 00:00:00-04:00,894.0210211640039,903.7734374070059,889.8670633701252,899.4700317382812,864700,0.0,0.0,874.9665771484375
2025-06-27 00:00:00-04:00,901.5221171593518,904.4607925743006,881.2403745079993,886.4502563476562,1175500,0.0,0.0,882.9099365234375
2025-06-30 00:00:00-04:00,887.7353130601225,894.7980934809432,880.9415753066068,892.2977294921875,786700,0.0,0.0,890.7716064453125
2025-07-01 00:00:00-04:00,885.364503831051,901.5121709134271,878.9093647169899,895.395751953125,1079100,0.0,0.0,892.7280517578125
2025-07-02 00:00:00-04:00,884.7966822737818,918.4070116787835,881.658763221198,917.5602416992188,1051000,0.0,0.0,898.2348022460938
2025-07-03 00:00:00-04:00,916.464439387631,924.4536379784843,912.5296070801406,921.02685546875,489400,0.0,0.0,902.5461669921875
2025-07-07 00:00:00-04:00,913.4362024097476,919.9510477137866,902.4286182227177,909.1128540039062,901200,0.0,0.0,907.0786865234375
2025-07-08 00:00:00-04:00,907.4194082326285,923.8161759818731,904.7796283987916,915.6875,862500,0.0,0.0,911.756640625
2025-07-09 00:00:00-04:00,915.6874593556693,928.3785513150124,911.9917555922169,919.6322631835938,601000,0.0,0.0,916.6039428710938
2025-07-10 00:00:00-04:00,919.3434309348336,928.5877371092207,915.8369385235468,925.0513916015625,798200,0.0,0.0,918.1021728515625
2025-07-11 00:00:00-04:00,921.9433028839702,926.6053103447833,917.669811245041,921.02685546875,570500,0.0,0.0,918.1021728515625
2025-07-14 00:00:00-04:00,913.1971050766961,923.1985612462389,902.7773407510493,918.2974853515625,567800,0.0,0.0,919.9390991210937
2025-07-15 00:00:00-04:00,930.4106627768782,938.7186391303832,926.0774040317226,932.9309692382812,746200,0.0,0.0,923.38779296875
2025-07-16 00:00:00-04:00,909.6109343747532,932.7815574359214,893.9314318989566,929.9026489257812,1226900,0.0,0.0,925.4418701171875
2025-07-17 00:00:00-04:00,920.459041483793,939.3461393362591,906.5028721525574,933.4788208007812,1135300,0.0,0.0,927.1273559570312
2025-07-18 00:00:00-04:00,942.235064542532,942.235064542532,921.2659707885113,927.541748046875,682000,0.0,0.0,928.4303344726562
2025-07-21 00:00:00-04:00,924.8920015449004,941.37838865165,922.0928026512504,934.15625,673700,0.0,0.0,931.6020874023437
2025-07-22 00:00:00-04:00,935.0627050698724,935.0627050698724,886.5797593016673,888.7911987304688,1619800,0.0,0.0,922.7741333007813
2025-07-23 00:00:00-04:00,895.9337272398433,896.5413684641021,876.4289546662,893.642578125,1207500,0.0,0.0,915.522119140625
2025-07-24 00:00:00-04:00,898.3443739199411,908.8139940930967,890.7636334705148,900.7052612304688,549700,0.0,0.0,908.9674072265625
2025-07-25 00:00:00-04:00,888.9108206828905,901.522142352933,884.6572105660935,898.6233520507812,808000,0.0,0.0,903.1837280273437
2025-07-28 00:00:00-04:00,913.8346286852612,928.3586156873932,911.483712608819,919.6024169921875,839900,0.0,0.0,900.2729614257812
2025-07-29 00:00:00-04:00,925.0214818999302,933.3692218626852,911.5832725121935,912.5695190429688,1027200,0.0,0.0,905.0286254882812
2025-07-30 00:00:00-04:00,919.1043292786716,924.2544442185579,909.8699339410889,921.435302734375,1058200,0.0,0.0,910.5871704101562
2025-07-31 00:00:00-04:00,861.1279304262138,893.7421008635781,856.6950196180704,875.6519165039062,2284100,0.0,0.0,905.5765014648438
2025-08-01 00:00:00-04:00,852.9097031362604,890.7237869398921,851.9932556478176,883.2327270507812,1474600,0.0,0.0,902.4983764648438
2025-08-04 00:00:00-04:00,893.3038395847673,914.2530516477487,887.5759365152246,912.101318359375,1064500,0.0,0.0,900.9981567382813
2025-08-05 00:00:00-04:00,913.476017855449,918.4468318232073,872.5937542771576,880.0150756835938,1178300,0.0,0.0,894.4872680664063
2025-08-06 00:00:00-04:00,880.0151140804365,885.70319299105,865.8796424456458,884.866455078125,935000,0.0,0.0,887.1734985351562
2025-08-07 00:00:00-04:00,908.8937128235862,914.0040033321127,901.5021837680052,908.5549926757812,717200,0.0,0.0,893.7541137695313
2025-08-08 00:00:00-04:00,909.4914142789308,914.4124326874477,902.1995371553428,911.2844848632812,719500,0.0,0.0,899.3644653320313
2025-08-11 00:00:00-04:00,918.6062829351421,929.7532831808633,904.152033861492,906.6822509765625,814000,0.0,0.0,898.2806518554687
2025-08-12 00:00:00-04:00,910.1687468907858,935.6504607148179,903.9925611513398,931.934814453125,1027900,0.0,0.0,908.664599609375
2025-08-13 00:00:00-04:00,936.3876273762107,948.690142628413,933.94703044261,945.8311767578125,900700,0.0,0.0,920.8575439453125
2025-08-14 00:00:00-04:00,938.0411833960254,955.5735832544722,931.3270948759218,951.7383422851562,1005300,0.0,0.0,929.4942138671875
2025-08-15 00:00:00-04:00,920.6782594513237,920.6782594513237,869.804508927043,871.5776977539062,2064500,0.0,0.0,921.5528564453125
2025-08-18 00:00:00-04:00,871.5776390107825,882.2797147320838,868.9720253758748,881.9103393554688,853800,1.9,0.0,916.5984741210938
2025-08-19 00:00:00-04:00,881.9103018551677,887.7604715022857,872.6658029677378,874.612548828125,986700,0.0,0.0,905.1340209960938
2025-08-20 00:00:00-04:00,877.0585039914537,878.7556077692909,858.7691824189726,876.9686279296875,978500,0.0,0.0,891.3615112304688
2025-08-21 00:00:00-04:00,874.9719760852755,879.8138280210294,865.1684171540205,870.9287719726562,730500,0.0,0.0,875.1995971679687
2025-08-22 00:00:00-04:00,870.9287778260465,892.332868667694,867.7740366440158,868.8223266601562,946300,0.0,0.0,874.6485229492188
2025-08-25 00:00:00-04:00,868.8122970914671,885.2646732112252,864.5694159399051,878.0767211914062,469300,0.0,0.0,873.8817993164063
2025-08-26 00:00:00-04:00,879.7939107362346,891.384449605893,879.7939107362346,886.6124267578125,812300,0.0,0.0,876.2817749023437
2025-08-27 00:00:00-04:00,884.4061480496662,889.1381987959885,878.5160061819867,887.401123046875,528500,0.0,0.0,878.3682739257813
2025-08-28 00:00:00-04:00,891.5142314609066,895.4975385217858,883.5176383408924,892.5025634765625,964200,0.0,0.0,882.6830322265625
2025-08-29 00:00:00-04:00,880.0234548236251,883.5175921938835,863.361408754991,870.5393676757812,954300,0.0,0.0,883.0264404296875
2025-09-02 00:00:00-04:00,844.4232174618617,851.4214243015537,835.3284306973967,844.9323120117188,1241600,0.0,0.0,876.39755859375
2025-09-03 00:00:00-04:00,846.2401621330594,846.2401621330594,830.8460073405755,842.4865112304688,933600,0.0,0.0,867.5723754882813
2025-09-04 00:00:00-04:00,841.7876446152782,875.1915598177624,837.5946674664067,871.8272094726562,813400,0.0,0.0,864.4575927734375
2025-09-05 00:00:00-04:00,878.1565989175881,904.7419977639643,876.8687816411395,903.573974609375,1155600,0.0,0.0,866.671875
2025-09-08 00:00:00-04:00,908.475769516505,922.8017092010957,905.2212201973209,907.4574584960938,886500,0.0,0.0,874.0554931640625
2025-09-09 00:00:00-04:00,909.2244602784979,921.2043598374789,908.7053117990743,916.1927490234375,677800,0.0,0.0,888.3075805664063
2025-09-10 00:00:00-04:00,920.3158307669676,933.663430575123,913.3675280593084,931.0678100585938,712800,0.0,0.0,906.0238403320312
2025-09-11 00:00:00-04:00,938.4254828768421,962.27548131556,935.909684424212,957.6732177734375,1022100,0.0,0.0,923.1930419921875
2025-09-12 00:00:00-04:00,955.8761890256454,966.4684634464192,953.4003625564943,962.4052734375,583900,0.0,0.0,934.9593017578125
2025-09-15 00:00:00-04:00,965.3702732975664,988.3417410897378,965.3702732975664,987.2535400390625,845600,0.0,0.0,950.9185180664062
2025-09-16 00:00:00-04:00,991.8358514332451,1000.3615246873686,973.4267366653505,988.9107666015625,776100,0.0,0.0,965.4621215820313
2025-09-17 00:00:00-04:00,988.7211306032211,998.3250123473689,974.6347793029013,988.2119750976562,723900,0.0,0.0,976.8909545898438
2025-09-18 00:00:00-04:00,1029.103347219817,1074.986448485969,1024.0718719353567,1044.936767578125,1824700,0.0,0.0,994.3436645507812
2025-09-19 00:00:00-04:00,1050.1380262084106,1050.7170108005027,1027.595771123829,1043.0599365234375,1586900,0.0,0.0,1010.4745971679688
2025-09-22 00:00:00-04:00,1037.1499051269739,1071.172778280502,1035.7622187112565,1069.4556884765625,1020700,0.0,0.0,1026.9150268554688
2025-09-23 00:00:00-04:00,1066.061275432992,1073.7184716851907,1059.013164643345,1069.4056396484375,829500,0.0,0.0,1043.0140014648437
2025-09-24 00:00:00-04:00,1064.5338436769468,1074.197683146297,1055.8684510577764,1066.8800048828125,868000,0.0,0.0,1058.747607421875
2025-09-25 00:00:00-04:00,1056.8367582592698,1065.2027261956173,1044.0482790494873,1057.325927734375,710500,0.0,0.0,1061.225439453125
2025-09-26 00:00:00-04:00,1054.77030568013,1066.8699994749254,1044.4076875886087,1062.50732421875,505400,0.0,0.0,1065.1149169921875
2025-09-29 00:00:00-04:00,1075.3757235267306,1083.7815416136634,1061.3991742232895,1062.3475341796875,769700,0.0,0.0,1063.6932861328125
2025-09-30 00:00:00-04:00,1062.01819788376,1078.0612272263506,1055.2993681770104,1076.7933349609375,886300,0.0,0.0,1065.1708251953125
2025-10-01 00:00:00-04:00,1073.3791157880844,1132.3201402970024,1067.9881364718342,1126.9791259765625,1188100,0.0,0.0,1077.1906494140626
2025-10-02 00:00:00-04:00,1153.065309427442,1153.065309427442,1125.3318132567886,1137.3516845703125,924900,0.0,0.0,1093.19580078125
2025-10-03 00:00:00-04:00,1126.1106036437911,1130.5132510304736,1097.3289376723656,1099.7049560546875,953600,0.0,0.0,1100.6353271484375
2025-10-06 00:00:00-04:00,1119.801196875447,1150.1901502198214,1119.801196875447,1137.8009033203125,946000,0.0,0.0,1115.7260009765625
2025-10-07 00:00:00-04:00,1138.8992490215815,1140.1271693240174,1081.1860198802863,1082.923095703125,878400,0.0,0.0,1116.951953125
2025-10-08 00:00:00-04:00,1061.7285614056811,1075.525358386862,1057.236099198035,1060.81005859375,1476000,0.0,0.0,1103.7181396484375
2025-10-09 00:00:00-04:00,1060.81016377152,1064.713648776956,1035.5026485324104,1051.7054443359375,1247700,0.0,0.0,1086.5888916015624
2025-10-10 00:00:00-04:00,1050.527440489961,1052.5041044674222,979.3268341097145,981.1038818359375,1576000,0.0,0.0,1062.8686767578124
2025-10-13 00:00:00-04:00,1014.5477981939549,1032.168259111403,1013.2000837946157,1023.2831420898438,1227000,0.0,0.0,1039.9651245117188
2025-10-14 00:00:00-04:00,996.8774025167652,1040.7138258385958,996.8774025167652,1023.9918823242188,1055700,0.0,0.0,1028.1788818359375
2025-10-15 00:00:00-04:00,1055.3092897383367,1091.0593645397773,1052.17453478491,1085.189208984375,1313700,0.0,0.0,1033.0547119140624
2025-10-16 00:00:00-04:00,1098.3073091475985,1115.1290615761823,1077.9814261048118,1096.9595947265625,1031100,0.0,0.0,1042.1055419921875
2025-10-17 00:00:00-04:00,1096.5102571046418,1107.6216194089184,1082.274132625212,1104.806396484375,879100,0.0,0.0,1066.846044921875
2025-10-20 00:00:00-04:00,1128.167147645608,1159.2350151090345,1124.6130523401248,1150.9588623046875,1078500,0.0,0.0,1092.3811889648437
2025-10-21 00:00:00-04:00,1138.8991503137124,1154.3830582478927,1136.6827762957603,1145.508056640625,744700,0.0,0.0,1116.684423828125
2025-10-22 00:00:00-04:00,1145.5081401189982,1145.5081401189982,1088.5136765459752,1112.4534912109375,1361400,0.0,0.0,1122.1372802734375
2025-10-23 00:00:00-04:00,1104.8064175993204,1161.151824091546,1104.8064175993204,1157.0587158203125,946600,0.0,0.0,1134.1571044921875
2025-10-24 00:00:00-04:00,1164.046971921928,1189.2646716461081,1158.6559924472333,1180.8387451171875,825500,0.0,0.0,1149.36357421875
2025-10-27 00:00:00-04:00,1197.9899430851553,1219.1543833333242,1197.9899430851553,1213.0946044921875,971100,0.0,0.0,1161.79072265625
2025-10-28 00:00:00-04:00,1204.6588400718183,1207.6338290126573,1193.7870664194675,1204.0198974609375,665400,0.0,0.0,1173.4930908203125
2025-10-29 00:00:00-04:00,1223.9364592359918,1257.440304792785,1222.4189857346853,1233.2109375,1463500,0.0,0.0,1197.644580078125
2025-10-30 00:00:00-04:00,1232.1526086724687,1282.3184381481647,1170.845560334232,1212.3758544921875,2037700,0.0,0.0,1208.7080078125
2025-10-31 00:00:00-04:00,1221.700199798061,1238.292356166037,1198.8385332795394,1206.71533203125,885200,0.0,0.0,1213.8833251953124
2025-11-03 00:00:00-05:00,1214.10292552531,1229.017841858976,1205.4474042928473,1217.097900390625,905500,0.0,0.0,1214.683984375
2025-11-04 00:00:00-05:00,1196.1929162830645,1227.4205502263424,1189.4343586827108,1191.4908447265625,1201400,0.0,0.0,1212.178173828125
2025-11-05 00:00:00-05:00,1201.534075560622,1241.0577273021534,1199.5174396072953,1225.0445556640625,901100,0.0,0.0,1210.5448974609376
2025-11-06 00:00:00-05:00,1221.0014076436726,1221.0014076436726,1189.783766222306,1204.3792724609375,1178800,0.0,0.0,1208.9455810546874
2025-11-07 00:00:00-05:00,1197.8801922123373,1206.2960036706627,1158.1767876845977,1191.37109375,1142100,0.0,0.0,1205.8767333984374
2025-11-10 00:00:00-05:00,1218.8948941766503,1224.775043181635,1199.717109496199,1215.909912109375,948100,0.0,0.0,1205.6391357421876
2025-11-11 00:00:00-05:00,1201.0847897584092,1208.672035427132,1183.0151315318096,1188.9052734375,911800,0.0,0.0,1205.122021484375
2025-11-12 00:00:00-05:00,1206.0963678460103,1207.8334435588938,1190.8519259296327,1196.961669921875,824600,0.0,0.0,1199.5054443359375
2025-11-13 00:00:00-05:00,1185.1714983042357,1190.7720867279947,1146.7858303215369,1159.7740478515625,1203500,0.0,0.0,1190.5843994140625
2025-11-14 00:00:00-05:00,1133.6379709516266,1173.2514373598344,1125.1820658710983,1132.419921875,1444600,0.0,0.0,1178.7941650390626
2025-11-17 00:00:00-05:00,1139.9000244140625,1155.8499755859375,1118.1099853515625,1133.699951171875,1326500,1.9,0.0,1162.3521728515625
2025-11-18 00:00:00-05:00,1114.43994140625,1140.43994140625,1097.8900146484375,1123.0899658203125,1151900,0.0,0.0,1149.189111328125
2025-11-19 00:00:00-05:00,1131.9000244140625,1177.3900146484375,1129.489990234375,1167.4599609375,960000,0.0,0.0,1143.28876953125
2025-11-20 00:00:00-05:00,1187.9599609375,1201.489990234375,1097.5799560546875,1102.449951171875,1171900,0.0,0.0,1131.8239501953126
2025-11-21 00:00:00-05:00,1097.0,1110.8299560546875,1071.9599609375,1097.1199951171875,1438400,0.0,0.0,1124.76396484375
2025-11-24 00:00:00-05:00,1104.9000244140625,1147.969970703125,1103.0,1136.72998046875,1579600,0.0,0.0,1125.369970703125
2025-11-25 00:00:00-05:00,1130.18994140625,1148.47998046875,1107.4200439453125,1145.8900146484375,944200,0.0,0.0,1129.92998046875
2025-11-26 00:00:00-05:00,1157.75,1167.27001953125,1144.8699951171875,1159.0699462890625,1125700,0.0,0.0,1128.2519775390624
2025-11-28 00:00:00-05:00,1168.8900146484375,1175.97998046875,1151.0,1175.469970703125,389300,0.0,0.0,1142.8559814453124
