Date,Open,High,Low,Close,Volume,MA5
2021-01-08,48.670036940845335,49.45121652751939,47.16164239945808,47.49873352050781,14419000,47.0631706237793
2021-01-11,46.92019490515601,49.22965769168728,46.73365928849891,48.90487289428711,11892000,47.791516876220705
2021-01-12,49.259957010274256,50.929321142459635,49.136864161701006,50.794864654541016,18790000,48.58481979370117
2021-01-13,50.58654259413285,50.58654259413285,49.54023182306832,49.85365295410156,13613000,49.15314407348633
2021-01-14,51.35921623725469,54.02186243519653,51.35353441695624,52.81647491455078,20034000,49.97371978759766
2021-01-15,52.361015118775605,52.52293433165364,50.87440118593685,51.8449592590332,15264000,50.84296493530273
2021-01-19,53.009633899663925,55.15433469745907,52.901686555397745,54.9213981628418,20351000,52.04626998901367
2021-01-20,55.26417149382566,55.43271889245649,52.98501420120887,53.30979537963867,18510000,52.5492561340332
2021-01-21,53.91579862854472,54.0010186886167,52.239806521856224,53.42247009277344,12402000,53.26301956176758
2021-01-22,53.28800833846167,54.50097000739429,52.753017999553855,53.3902702331543,11998000,53.37777862548828
2021-01-25,54.10043974036031,54.50381636396455,52.330706708454706,53.7605094909668,16753000,53.760888671875
2021-01-26,53.998182643495646,54.094766346938364,52.116716640681595,52.330711364746094,14310000,53.24275131225586
2021-01-27,50.99938749631713,51.60255612579826,48.48161196625975,48.76852035522461,22525000,52.334496307373044
2021-01-28,49.84135260975222,49.99569367352942,47.72316427733224,48.04037094116211,24901000,51.25807647705078
2021-01-29,47.81877926332735,47.90399930802109,45.55003622886763,45.82463455200195,28250000,49.74494934082031
2021-02-01,46.496932739398126,47.81784187412435,46.10586971769091,47.48169708251953,16938000,48.48918685913086
2021-02-02,48.52800936765553,48.99671791016252,47.81784337690935,48.86604690551758,14587000,47.79625396728515
2021-02-03,49.24764818178129,49.379265569059605,47.484543013023604,47.7544059753418,16049000,47.593431091308595
2021-02-04,47.77049735044248,49.28551661135121,47.357653427915324,49.193668365478516,14012000,47.824090576171876
2021-02-05,49.66616698147995,49.71161792144355,48.21364047455593,48.26856231689453,12367000,48.31287612915039
2021-02-08,48.76472526275,50.50226363579285,48.685187028499605,50.44829177856445,14658000,48.906195068359374
2021-02-09,50.71722053789451,51.22664462943762,49.89058618850236,50.003265380859375,9441000,49.13363876342773
2021-02-10,50.46913475900869,50.816643239035024,49.35938107326928,50.421791076660156,8682000,49.66711578369141
2021-02-11,51.13194675090409,54.594717227363205,51.05430124935353,54.1818733215332,29727000,50.664756774902344
2021-02-12,53.98966191153696,56.59928214062514,53.499172449681055,55.50278854370117,20121000,52.111602020263675
2021-02-16,55.866398705121114,57.15416711761448,55.582332993445576,56.035892486572266,14520000,53.229122161865234
2021-02-17,55.26890908074786,55.81242407365975,54.06730717036605,55.47911834716797,14530000,54.324292755126955
2021-02-18,54.79072466777646,55.141075821693825,53.69707020483562,54.70834732055664,11371000,55.18160400390625
2021-02-19,56.28112779884769,57.002657425989625,55.74234830414675,56.662723541259766,16986000,55.677774047851564
2021-02-22,55.80862897700753,56.1154219201613,53.56545187964584,53.76429748535156,16155000,55.33007583618164
2021-02-23,52.69905102592211,53.859937372970535,50.792018632109645,53.27665328979492,17167000,54.778227996826175
2021-02-24,52.662128985714574,56.61159694789205,52.45760153430844,56.51974868774414,15170000,54.98635406494141
2021-02-25,55.866394693457565,56.09932762116123,51.57036481510117,51.8563232421875,26750000,54.41594924926758
2021-02-26,52.735031195515695,54.41386239895414,51.62148860006018,53.706539154052734,17836000,53.82471237182617
2021-03-01,54.59377541879714,56.86062635096854,54.502877142886454,56.70060348510742,17656000,54.411973571777345
2021-03-02,56.246093654189224,56.69586399848954,54.199869400236224,54.290767669677734,14636000,54.6147964477539
2021-03-03,54.043633758347774,55.06911364399993,52.07978678794757,52.195308685302734,16318000,53.749908447265625
2021-03-04,51.942490157891406,53.023838309876375,48.42669723927576,50.0723876953125,25420000,53.393121337890626
2021-03-05,51.38476299650699,52.090197068234566,48.88497956974489,51.86104965209961,22160000,53.0240234375
2021-03-08,51.39801155395586,52.506818451651284,47.50251690824468,47.59152603149414,19138000,51.20220794677734
2021-03-09,49.79683847497828,51.77583447629276,49.5733728563178,51.46430969238281,17266000,50.63691635131836
2021-03-10,51.95195237490186,52.267266217673196,48.83479759442299,49.115074157714844,19725000,50.020869445800784
2021-03-11,50.551507199549455,51.36109595102348,50.09510507623986,50.6954345703125,16127000,50.14547882080078
2021-03-12,49.71161408973981,49.97200970361756,48.93516631101969,49.6945686340332,14337000,49.7121826171875
2021-03-15,49.38968754356385,50.878194439881774,49.261859228016775,50.824222564697266,10670000,50.35872192382813
2021-03-16,51.49433743200445,53.170600378482575,51.1943961997713,51.93760681152344,15265000,50.45338134765625
2021-03-17,51.1497864294317,52.98171751843076,50.30690796088109,52.49098587036133,13585000,51.128563690185544
2021-03-18,51.45827163310235,52.757708032920554,50.62298613044861,51.177310943603516,25177000,51.22493896484375
2021-03-19,51.44023070160806,52.299243614144224,50.55368838773143,51.47534942626953,23792000,51.581095123291014
2021-03-22,52.58496136551543,53.87490398127042,52.20908339957856,53.157318115234375,14442000,52.04771423339844
2021-03-23,53.56450316049754,53.59013160696219,51.59209403575577,51.67467498779297,14295000,51.99512786865235
2021-03-24,54.16724490364612,54.649431252246465,52.35999023572454,52.43782424926758,19697000,51.98449554443359
2021-03-25,51.718339028985774,52.35809070864672,49.834202712820556,52.01828384399414,14463000,52.15269012451172
2021-03-26,52.17870156009574,55.50560260598975,52.11510476425535,55.454345703125,18716000,52.948489379882815
2021-03-29,55.27495177743922,55.29203499831905,53.13073599246599,54.13117980957031,17598000,53.14326171875
2021-03-30,53.629055805803816,54.75384350099281,53.355691708264594,54.346641540527344,9049000,53.67765502929687
2021-03-31,55.432514341468924,57.28247716530599,55.38505210155008,56.49939727783203,23698000,54.489969635009764
2021-04-01,58.01715533779424,60.74796516661688,57.911795527774615,60.681522369384766,24634000,56.22261734008789
2021-04-05,61.668676696745194,63.21584880308624,60.706201196796826,62.72227478027344,23454000,57.67620315551758
2021-04-06,62.646339894852616,63.276601432084156,61.127642194230866,61.932552337646484,23236000,59.23647766113281
2021-04-07,61.932559033469296,63.3506404038339,61.74271727429072,62.53054428100586,14689000,60.87325820922852
2021-04-08,63.31266551765012,63.50060266287981,62.07777103205005,63.40568542480469,12045000,62.25451583862305
2021-04-09,63.13610355565573,63.4910999147752,62.334988273886864,62.836158752441406,12734000,62.68544311523438
2021-04-12,62.51914319244666,62.60836844310426,61.222556407385525,61.7227783203125,15811000,62.48554382324219
2021-04-13,62.22490089912429,62.38341494963277,60.539143910062855,61.22161102294922,13501000,62.34335556030273
2021-04-14,60.83623863974981,61.87749679273183,60.1784513599742,60.78877639770508,8945000,61.99500198364258
2021-04-15,61.509213804461524,61.86610757171252,60.54294002435578,61.649688720703125,10900000,61.643802642822266
2021-04-16,61.774983420353635,61.91546557475098,60.82674517204481,61.10011291503906,11136000,61.296593475341794
2021-04-19,61.10105311032885,61.53957549190783,57.83395093132859,59.013790130615234,24219000,60.75479583740234
2021-04-20,58.54014265506808,59.332712711999555,57.7295370942142,58.18799591064453,13724000,60.14807281494141
2021-04-21,58.80972727669447,60.866615295410156,58.60660059605889,60.866615295410156,20740000,60.16364059448242
2021-04-22,61.11813881931522,61.6914513669083,57.995313309501654,58.33132553100586,24367000,59.49996795654297
2021-04-23,58.92266960697924,59.79876935602143,58.239253941377974,59.560523986816406,14888000,59.19205017089844
2021-04-26,59.507374788299444,61.065938048449084,59.20363527143086,61.04885482788086,12987000,59.599063110351565
2021-04-27,61.44655429758463,61.602222317000475,60.7289686129026,61.21115493774414,9919000,60.203694915771486
2021-04-28,61.12763738590723,61.12763738590723,60.133837868435435,60.562870025634766,7380000,60.14294586181641
2021-04-29,60.934959370374365,61.03272986513514,59.75322251367561,60.84004211425781,8938000,60.6446891784668
2021-04-30,59.83863668250195,60.50971247458553,58.83249732709533,58.892295837402344,13667000,60.511043548583984
2021-05-03,59.72947928054274,59.798771687732255,58.25918904927446,58.587608337402344,11582000,60.018794250488284
2021-05-04,57.74663181335163,57.8576872271829,56.02100933567304,57.54825210571289,15878000,59.28621368408203
2021-05-05,58.5942529513481,58.943553743916254,57.2701368504759,57.99531555175781,9835000,58.77270278930664
2021-05-06,57.82066819097835,58.76890640322758,57.085046912398774,58.60659408569336,11911000,58.32601318359375
2021-05-07,59.41815480737459,60.254389028815844,58.678738787558444,59.85003662109375,10335000,58.51756134033203
2021-05-10,58.98342160752103,59.23590784113673,55.63753998275984,55.66506576538086,17659000,57.93305282592773
2021-05-11,53.966963767592524,56.490851846423595,53.43257185966969,56.23267364501953,19469000,57.66993713378906
2021-05-12,54.57825420699551,54.836432470765665,52.75581684801006,52.933311462402344,24293000,56.657536315917966
2021-05-13,54.384616892434444,56.418722384372685,54.12074303598952,55.501808166503906,29402000,56.03657913208008
2021-05-14,56.571533036237106,57.84629313726371,54.86299748402921,57.235015869140625,15485000,55.51357498168945
2021-05-17,56.03903890532581,56.260197423235184,54.6731563093946,56.19850158691406,16791000,55.620262145996094
2021-05-18,56.75378299031462,57.07745534686933,55.50275390210895,55.51129913330078,11679000,55.47598724365234
2021-05-19,54.01822795746077,57.244512676400994,53.726828323542975,57.160037994384766,15769000,56.32133255004883
2021-05-20,57.6725979356204,60.178454544556814,57.36885839893615,59.48744583129883,19741000,57.11846008300781
2021-05-21,59.17705707458383,59.36974117080096,57.91938373691298,58.28956604003906,14747000,57.3293701171875
2021-05-24,59.357401355354284,60.89318575511041,59.041321950729234,60.23919677734375,14088000,58.137509155273435
2021-05-25,60.84288358187796,61.893635705590775,60.580910670988196,60.78308868408203,15017000,59.19186706542969
2021-05-26,60.91596791309583,61.3725222230707,60.02278126803292,60.561920166015625,12621000,59.87224349975586
2021-05-27,60.261031817600625,61.813903184036455,60.261031817600625,61.28900146484375,22452000,60.23255462646485
2021-05-28,61.9819071083115,62.20211336966645,61.506364995565,61.68291091918945,8414000,60.911223602294925
2021-06-01,62.266658964720264,63.956210481887155,61.459851551005,61.60602569580078,12760000,61.18458938598633
2021-06-02,61.47693642700672,62.2543207479415,60.985259744908625,61.60128402709961,9195000,61.348228454589844
2021-06-03,60.61032965939535,60.994752819850596,59.91267670171583,60.34740447998047,11786000,61.30532531738281
2021-06-04,61.12858941865196,62.2884959821969,60.918818466374965,62.201168060302734,10443000,61.48775863647461
2021-06-07,61.85092017298767,61.93444618826838,61.03272151593237,61.657283782958984,8127000,61.48263320922852
2021-06-08,62.45650045598236,62.48402623860784,60.21071957451278,60.515411376953125,8856000,61.26451034545899
2021-06-09,60.85522271987552,61.072590241970964,60.093976543206004,60.18699645996094,6594000,60.98165283203125
2021-06-10,59.96962888580533,61.412389793562006,59.96962888580533,60.82105255126953,8440000,61.07638244628906
2021-06-11,60.902680704031496,61.02796972444339,60.25723332525042,60.948238372802734,10244000,60.82579650878906
2021-06-14,60.91120925166726,61.80534444341072,60.57614934195975,61.71992111206055,10188000,60.838323974609374
2021-06-15,61.527810085283704,62.20118082513214,61.0418024191066,61.20063400268555,6380000,60.97536849975586
2021-06-16,61.40987628804187,61.9053896270112,60.161097485715324,60.749820709228516,10738000,61.08793334960937
2021-06-17,60.532026984779236,61.535421997288864,59.79493195861329,60.84873962402344,8548000,61.09347076416016
2021-06-18,59.92807627710255,60.068839851252946,57.910819393432234,58.269378662109375,21139000,60.557698822021486
2021-06-21,58.439627535655816,59.34506339003724,57.881340550107176,58.83623123168945,9930000,59.980960845947266
2021-06-22,58.731601652845505,59.55239346900794,57.945051974855744,59.137718200683594,7199000,59.56837768554688
2021-06-23,59.443030954218806,60.22292323008899,59.2851499157054,59.36884689331055,6796000,59.29218292236328
2021-06-24,60.28094643023214,60.6423611103884,60.08977742042324,60.396026611328125,7681000,59.20164031982422
2021-06-25,60.394120093381545,60.52061431312732,59.51150862521709,59.96042251586914,12496000,59.53984909057617
2021-06-28,60.5624598982462,61.776053366214725,60.55485174181332,61.531620025634766,9633000,60.07892684936523
2021-06-29,61.52591276747103,62.26300049464508,61.25104681841262,61.99099349975586,7976000,60.64958190917969
2021-06-30,61.94057455404194,61.994785831138266,61.19397403045504,61.88731384277344,8033000,61.15327529907226
2021-07-01,61.59913259498335,61.76177368206449,60.0345955775467,60.21054458618164,11343000,61.11617889404297
2021-07-02,60.8915388409749,60.98854736754539,59.63324704055618,60.0555305480957,7426000,61.13520050048828
2021-07-06,60.055518572504496,60.651849871843204,58.43961835656077,59.14817810058594,10240000,60.658512115478516
2021-07-07,59.832016236116594,59.86340305083491,57.99451433392368,58.35783004760742,8622000,59.93187942504883
2021-07-08,57.126167397750436,58.349266295329805,56.514619763017734,57.6388053894043,10218000,59.082177734375
2021-07-09,57.80810638711227,58.428216473492746,57.33921974419839,58.28745651245117,8372000,58.6975601196289
2021-07-12,58.73065614400069,59.84913479487429,58.678345994532194,59.482967376708984,17315000,58.583047485351564
2021-07-13,59.228071739435634,59.53812673154917,58.54424118948125,59.4116325378418,10834000,58.635738372802734
2021-07-14,60.11829475076557,60.91721275153274,58.62032984852696,58.765846252441406,11507000,58.717341613769534
2021-07-15,58.4710004655522,59.06257526008887,57.40578270659799,58.086761474609375,12497000,58.806932830810545
2021-07-16,58.282692551507495,58.58704053129755,55.73377549968019,55.96964645385742,13538000,58.343370819091795
2021-07-19,54.97194703628418,56.29490962838578,54.71895867633869,56.25876998901367,14567000,57.69853134155274
2021-07-20,56.67915502385762,58.185678468074954,55.942060176652454,57.73961639404297,15558000,57.36412811279297
2021-07-21,57.84614836881707,60.75362493364594,57.84614836881707,60.60810852050781,16374000,57.73258056640625
2021-07-22,60.11544880785401,60.69751447923285,59.9699323900093,60.482566833496094,12520000,58.2117416381836
2021-07-23,61.033236950233636,61.3119051316952,60.25239787948612,60.89533233642578,10317000,59.196878814697264
2021-07-26,60.986636980691685,61.62671610693415,60.41788657548133,60.90674591064453,8782000,60.12647399902344
2021-07-27,60.39506616910255,60.60906324377754,57.788131695682374,59.21381378173828,14912000,60.4213134765625
2021-07-28,59.45444106378026,60.67944125205074,59.29370470966169,60.39411544799805,12160000,60.37851486206055
2021-07-29,58.070597367499076,59.202394762380514,56.78567905256079,58.93228530883789,29139000,60.068458557128906
2021-07-30,58.11150207424158,60.63188788461243,58.080118884149265,60.623329162597656,16511000,60.01405792236328
2021-08-02,61.45933279586479,62.72332424143226,60.964762782276566,61.04085159301758,13923000,60.04087905883789
2021-08-03,61.39086287301079,61.75798457729634,60.53393475448974,61.39467239379883,6844000,60.47705078125
2021-08-04,61.708514458102194,62.262991852932736,61.012315677158696,61.79981231689453,11120000,60.7581901550293
2021-08-05,61.99099428512608,62.16409162667462,61.127408709367685,61.40797805786133,5961000,61.25332870483398
2021-08-06,61.116926219725,61.66379900052236,61.059855996799925,61.626705169677734,6065000,61.45400390625
2021-08-09,61.8207444954606,61.852127683554855,60.77454873216773,60.917213439941406,7831000,61.42927627563476
2021-08-10,60.94573099941382,60.985676527961516,58.50238528557294,58.698307037353516,16249000,60.8900032043457
2021-08-11,58.96652715333148,59.14913739368721,56.70008416601558,57.87562942504883,17557000,60.105166625976565
2021-08-12,56.908376227994616,56.91788914418742,54.987177133985305,55.49696350097656,25136000,58.92296371459961
2021-08-13,55.47223121539946,55.95633413323582,54.893967847393306,55.20212173461914,17663000,57.63804702758789
2021-08-16,55.150759605094734,56.16366739021842,54.924401564978155,56.00674057006836,12692000,56.65595245361328
2021-08-17,55.346680926081426,55.87358464488403,54.29858051156871,55.06705856323242,12701000,55.92970275878906
2021-08-18,54.972905044033936,55.692878884691204,54.13024289794051,54.16543197631836,8827000,55.18766326904297
2021-08-19,53.77073735201119,55.09084861963582,53.420736764205905,54.89112091064453,11057000,55.06649475097656
2021-08-20,55.494113751619246,55.68623331751532,53.24479138520776,53.828758239746094,16962000,54.791822052001955
2021-08-23,54.46313204877423,55.77182930816054,54.44030757909277,55.57210159301758,13697000,54.7048942565918
2021-08-24,55.8212731484488,56.49464380724554,55.32765738620313,55.693824768066406,9510000,54.830247497558595
2021-08-25,55.84696129133533,56.57073744295042,55.77848063375311,55.997230529785156,9010000,55.196607208251955
2021-08-26,55.92398910298078,56.5222251583451,55.48363767558611,55.67195129394531,8624000,55.35277328491211
2021-08-27,56.0428874067943,58.3197941633269,56.03432868448047,57.97740173339844,14981000,56.18250198364258
2021-08-30,58.47195854446358,58.75823487891118,57.2983144620212,57.825218200683594,9763000,56.63312530517578
2021-08-31,57.908924528282974,57.908924528282974,56.77998225573144,57.52373123168945,10715000,56.99910659790039
2021-09-01,57.82047035392876,57.9203342063986,56.98351512519649,57.04438400268555,7046000,57.20853729248047
2021-09-02,57.32399382878628,57.811902594665696,56.98445678346485,57.2650260925293,8571000,57.52715225219727
2021-09-03,57.257427949974804,58.334060072718756,56.68487155708002,58.08392333984375,10294000,57.54845657348633
2021-09-07,56.984463317661046,57.60171804524952,55.92399813740841,56.4176139831543,23316000,57.26693572998047
2021-09-08,56.25116219431629,56.265427937004695,54.81882285295965,55.49980163574219,17215000,56.86214981079102
2021-09-09,55.25823371548062,56.77236915269394,55.068018940978135,56.457557678222656,15391000,56.74478454589844
2021-09-10,57.26788173108578,58.218019477398194,56.733369838418554,56.88554382324219,15575000,56.668888092041016
2021-09-13,57.34207003399703,58.48622851674907,57.02345629651588,57.89940643310547,13132000,56.63198471069336
2021-09-14,57.123312017276795,58.149534872167635,56.934994773750624,57.39817428588867,11812000,56.82809677124023
2021-09-15,57.15280373021574,58.194246698272124,56.788537421320264,58.1590576171875,11420000,57.359947967529294
2021-09-16,57.43241673022567,58.69736221955189,57.04627295500495,58.57276916503906,13524000,57.782990264892575
2021-09-17,58.48717622617417,58.608917593992025,57.41149482437186,57.919376373291016,20142000,57.98975677490235
2021-09-20,56.580237753098245,56.594503495382924,55.26583390973118,56.10564422607422,13241000,57.631004333496094
2021-09-21,56.339616977868516,56.52127664211706,55.00143795005194,55.75469970703125,16045000,57.30230941772461
2021-09-22,56.4946537800832,57.42006240935658,56.00864608661191,57.169925689697266,10350000,57.10448303222656
2021-09-23,57.12142105107447,58.77156013947045,56.754303017704075,58.2598762512207,11004000,57.04190444946289
2021-09-24,57.50660844858867,58.37780575255399,57.189895844049566,58.252262115478516,7273000,57.10848159790039
2021-09-27,57.48952176499473,59.30198049345895,57.422782421123685,58.79475784301758,10892000,57.646304321289065
2021-09-28,56.82974358511601,57.811771976514066,55.77335266324481,55.867740631103516,20885000,57.66891250610352
2021-09-29,55.88109503219707,56.15663577206774,54.04480294385804,54.10772705078125,16577000,57.05647277832031
2021-09-30,54.658810365393244,55.06306169540726,54.14777607692516,54.264095306396484,10938000,56.25731658935547
2021-10-01,54.45191513372285,54.69313331256784,53.44891552165801,54.31938934326172,11157000,55.47074203491211
2021-10-04,53.96090282940039,54.011435606660115,52.27906405539739,52.45163345336914,16407000,54.202117156982425
2021-10-05,53.07516725960742,53.704426488492885,52.49739370331741,53.00080108642578,12056000,53.628729248046874
2021-10-06,52.4382831518541,53.19148845546586,51.945364919612246,52.60322570800781,15908000,53.32782897949219
2021-10-07,53.77593136415325,53.78642053288661,52.84443571569799,52.99317169189453,10535000,53.0736442565918
2021-10-08,53.260133767209666,53.38693851768261,52.3505692749674,52.45353698730469,8671000,52.70047378540039
2021-10-11,52.26000364674215,53.531870285603325,52.248561575121165,52.670928955078125,8923000,52.74433288574219
2021-10-12,53.18671706963255,53.21818093958186,51.70223779200314,52.13127899169922,12766000,52.570428466796876
2021-10-13,52.72049181700824,53.21722522805928,51.778507026532466,51.90531539916992,12538000,52.4308464050293
2021-10-14,53.25822349839861,54.16206688015392,52.845388873029755,54.14776611328125,15499000,52.66176528930664
2021-10-15,54.011430256878484,54.20306853979643,53.524229447887244,53.8178825378418,13248000,52.934634399414065
2021-10-18,53.391714010524055,54.29174599375658,53.27063027799821,54.22119140625,12474000,53.244686889648435
2021-10-19,54.26313948647828,55.107870474655364,53.947555126586415,54.42426681518555,14995000,53.703284454345706
2021-10-20,54.40233603495246,54.60922799373984,53.77879418577631,53.91608810424805,16933000,54.105438995361325
2021-10-21,51.95108384358075,52.99794592039059,51.0091025551009,52.955039978027344,30650000,53.86689376831055
2021-10-22,53.39170302998951,54.89906643935742,52.84825205796738,53.08088684082031,18770000,53.71949462890625
2021-10-25,53.20578542011764,53.583340944533205,52.38107269830304,52.626102447509766,12826000,53.4004768371582
2021-10-26,53.09423611134937,53.319244066828,52.08456264740437,52.33721923828125,11734000,52.98306732177734
2021-10-27,52.2495059785564,53.44319463262589,52.07503078130766,52.783424377441406,11838000,52.756534576416016
2021-10-28,53.74828861799344,55.29283343126445,53.71682474536766,53.9589958190918,22325000,52.9573257446289
2021-10-29,53.23343927216089,54.07435864246293,53.02940600490901,53.732078552246094,13381000,53.087564086914064
2021-11-01,53.86841515835296,54.623526219270026,53.52137059847517,54.608272552490234,10724000,53.48399810791015
2021-11-02,54.797052458940435,55.10786867342106,54.53581612060861,54.74938201904297,8970000,53.9664306640625
2021-11-03,54.827564205460135,55.63129867179768,54.2879247800262,55.43203353881836,7908000,54.49615249633789
2021-11-04,55.58458329073914,57.119595541088174,55.271861260463815,57.084320068359375,17965000,55.12121734619141
2021-11-05,57.29216702292327,58.444855602028305,56.94607530668611,58.232242584228516,21028000,56.02125015258789
2021-11-08,58.63553085368935,59.11319538618105,57.57437174799721,58.070152282714844,12598000,56.713626098632815
2021-11-09,58.1588207273288,59.40399131209865,58.06633855175476,59.294349670410156,12041000,57.62261962890625
2021-11-10,58.59167179532434,59.32962337890241,57.57723022980842,57.756473541259766,10898000,58.08750762939453
2021-11-11,58.50111114565582,59.04551512623079,58.13499397681615,58.5115966796875,8198000,58.372962951660156
2021-11-12,58.8643580306585,59.86545180036935,58.49251987663208,59.533660888671875,10591000,58.63324661254883
2021-11-15,60.25635336700573,61.43764696128669,59.59658316230266,60.090457916259766,13534000,59.03730773925781
2021-11-16,59.98654083365999,60.82841315637147,59.5346190659772,60.471832275390625,8523000,59.272804260253906
2021-11-17,60.47182792207105,60.904684390869804,59.7109957715301,60.125736236572266,9066000,59.746656799316405
2021-11-18,60.73211686021859,60.758812598353664,59.56893917801063,60.61865997314453,10002000,60.168069458007814
2021-11-19,60.67586098096019,62.63991074031143,60.36409186778327,61.4481315612793,18332000,60.5509635925293
2021-11-22,62.06023948057433,63.02701076233115,61.22122222246934,61.65789031982422,18759000,60.86445007324219
2021-11-23,61.781839109530225,63.14618775950892,61.13922830583086,63.05179977416992,17531000,61.38044357299805
2021-11-24,62.35388363176344,63.0727626860965,61.52249696487757,63.001258850097656,12152000,61.95554809570312
2021-11-26,62.111721232891654,62.362464765938334,60.86749983067335,61.20787048339844,8377000,62.07339019775391
2021-11-29,62.11552180273759,65.05110677749511,61.879071805984935,64.88426208496094,19639000,62.760616302490234
2021-11-30,64.3875383899602,66.07224314716821,63.70203256616848,64.81848907470703,27254000,63.3927360534668
2021-12-01,66.04363027714392,67.86753101144937,65.24942847578845,66.12276458740234,25249000,64.00692901611328
2021-12-02,65.10548555549802,65.30475073457553,62.5340962244672,63.07087707519531,23006000,64.0208526611328
2021-12-03,63.76495478628696,63.973756199817196,62.14890240378311,63.06610107421875,13856000,64.39249877929687
2021-12-06,63.39597389949722,63.95278004933192,61.25077140612648,63.646724700927734,12665000,64.14499130249024
2021-12-07,64.6907193205288,67.65110172898355,64.54675147789285,67.32598114013672,16016000,64.64648971557617
2021-12-08,67.21635215078982,68.48535996449866,67.21635215078982,68.0772933959961,11634000,65.03739547729492
2021-12-09,67.5738895685578,68.63790761844369,66.47935690438611,66.68148803710938,10828000,65.75951766967773
2021-12-10,67.85228051421261,68.08396605827056,66.2200216319519,67.30787658691406,8793000,66.6078727722168
2021-12-13,67.45946635446887,67.50714043147569,65.21415844387936,65.306640625,12440000,66.93985595703126
2021-12-14,64.46100811493127,65.29899446258854,63.84183862861615,64.89958953857422,13892000,66.45457763671875
2021-12-15,64.97508846491087,66.7714559333612,63.578125987477556,66.62908935546875,13627000,66.16493682861328
2021-12-16,67.05523198225677,67.58840849827703,63.69850461945453,64.14186096191406,13775000,65.65701141357422
2021-12-17,63.54179669351478,64.7734578817365,63.12519468866544,63.94024658203125,15633000,64.98348541259766
2021-12-20,62.95416432948028,64.30717513398365,62.4811813554882,63.16724395751953,9110000,64.55560607910157
2021-12-21,64.93207071259602,65.64966247365787,63.55517079010344,65.2684097290039,13405000,64.6293701171875
2021-12-22,64.82984328972773,66.12457056010014,64.29857667511165,66.04717254638672,10424000,64.51298675537109
2021-12-23,66.3586594344874,67.54923422121003,66.25355211325146,66.76380157470703,8674000,65.0373748779297
2021-12-27,67.1527014888249,69.17935281810942,67.1527014888249,69.12201690673828,10143000,66.0737289428711
2021-12-28,69.27489269732388,69.59785457521535,68.28497539425041,68.42448425292969,7816000,67.12517700195312
2021-12-29,68.67197780363281,69.5778050427397,68.42449661066668,69.44212341308594,6902000,67.95991973876953
2021-12-30,69.5615598507566,69.5615598507566,68.52769095581417,68.6375732421875,5216000,68.47799987792969
2021-12-31,68.63566413799255,69.3580310122705,68.53246678737919,68.71592712402344,7138000,68.86842498779296
2022-01-03,68.90511059368974,69.85394146688864,68.01648059906543,69.31884765625,10602000,68.90779113769531
2022-01-04,69.44019684718242,69.92942193130939,67.12021041879377,68.03272247314453,14566000,68.82943878173828
2022-01-05,68.10820239823863,68.30981480965734,65.98886637629684,66.10353088378906,13994000,68.1617202758789
2022-01-06,66.26501155547963,67.42978687132391,65.64010493657024,67.068603515625,11896000,67.84792633056641
2022-01-07,66.68353813913558,67.19378030707763,63.86571716446741,63.951717376708984,15698000,66.89508438110352
2022-01-10,62.93217834430653,63.81125109147085,61.459728212303276,63.47395706176758,16246000,65.72610626220703
2022-01-11,62.37795836565861,64.35874734823007,62.30056038827821,64.32625579833984,9189000,64.9848129272461
2022-01-12,64.8871568859542,65.83694263329947,64.43233339934112,65.5789566040039,9286000,64.87989807128906
2022-01-13,67.36385918686744,69.8157143660444,65.29325676809793,65.62195587158203,29135000,64.59056854248047
2022-01-14,65.31618337409353,69.82430099402312,65.1470552431641,69.73544311523438,19416000,65.74731369018555
2022-01-18,68.47799423346086,68.54870001005247,64.63395174309191,64.88047790527344,20069000,66.02861785888672
2022-01-19,66.01179827928651,66.7599642975647,61.34888449821791,61.41386032104492,18340000,65.44613876342774
2022-01-20,62.556676349932474,62.8719983677126,59.00502077004649,59.21045684814453,19444000,64.17243881225586
2022-01-21,58.87888577213575,60.84056115740313,57.75615537517957,57.884193420410156,22222000,62.62488632202148
2022-01-24,55.89767372908962,59.55156736485182,54.99088799026986,59.4158821105957,24890000,60.56097412109375
2022-01-25,57.34432391344225,57.755195990090314,55.5154653124087,56.20630645751953,18846000,58.82613983154297
2022-01-26,57.66728978720765,58.68969138544473,55.45622340327854,57.012760162353516,23637000,57.945919799804685
2022-01-27,56.84363284189296,57.3787193222247,52.62312000326008,53.05978775024414,30943000,56.71578598022461
2022-01-28,52.89926250119446,53.619722922397244,50.64233476556137,53.6178092956543,20024000,55.862509155273436
2022-01-31,53.849048985796564,56.37256882190413,53.20598651344535,56.36779022216797,19000000,55.25289077758789
2022-02-01,56.37543845366625,56.74331047367235,54.655510551877214,56.32479476928711,11355000,55.276588439941406
2022-02-02,57.13698382145403,58.601790566877284,56.382125402781476,58.45559310913086,16622000,55.565155029296875
2022-02-03,57.042386706832886,57.86221728999145,55.97125134481675,56.25695037841797,20076000,56.20458755493164
2022-02-04,56.040991362923855,56.33242391234166,54.812195327770745,55.3310432434082,14462000,56.54723434448242
2022-02-07,55.52216198820599,56.33817267007168,54.366943592678844,54.595314025878906,10859000,56.19273910522461
2022-02-08,54.1328407172408,55.18773033008768,53.56622123254741,55.065425872802734,12958000,55.94086532592773
2022-02-09,56.28656675085394,58.33423481022004,55.70943516025037,58.041847229003906,12072000,55.858116149902344
2022-02-10,56.25503294791575,58.858811823385466,56.18336854001224,56.840763092041016,15148000,55.97487869262695
2022-02-11,56.85414609664749,57.325215423540556,53.067435718700885,53.507930755615234,15785000,55.61025619506836
2022-02-14,53.57289487707615,54.37265951641515,52.32976667993938,53.34165954589844,13459000,55.35952529907227
2022-02-15,54.408024432271745,57.022311952176366,54.408024432271745,56.74043655395508,14344000,55.69452743530273
2022-02-16,55.847996419469204,56.89141890292357,55.15906879779606,56.515899658203125,8048000,55.38933792114258
2022-02-17,56.10597447485543,56.87420998302482,55.34538618393443,55.47820281982422,12909000,55.116825866699216
2022-02-18,55.49731251636949,55.63394911327871,53.82324629648274,54.463443756103516,12481000,55.307928466796874
2022-02-22,53.60443258573859,55.16670289185161,52.64127325535682,53.48212814331055,12194000,55.336022186279294
2022-02-23,54.15194085616967,54.564722874839205,51.71633157385435,51.82621383666992,12435000,54.35317764282227
2022-02-24,50.17413421658505,53.89969238997715,49.64382628870261,53.78407287597656,15628000,53.80681228637695
2022-02-25,53.91116121625376,54.83514414049197,53.137192064506095,54.77016830444336,10847000,53.66520538330078
2022-02-28,54.1213699137964,54.57332848391705,52.57343532140607,53.63787841796875,14065000,53.500092315673825
2022-03-01,53.32350683658035,53.738202471252066,51.13537509431053,51.65230941772461,16089000,53.13412857055664
2022-03-02,52.29251232980594,53.33975824819263,51.684802787857855,52.93748474121094,12451000,53.35638275146484
2022-03-03,53.55665787606429,53.55665787606429,51.47363321766578,51.9332389831543,10339000,52.98621597290039
2022-03-04,51.47746279911432,51.7908711606225,49.64955900480793,50.239112854003906,14386000,52.0800048828125
2022-03-07,50.413007244362035,50.97963027642542,46.69700670733509,46.739051818847656,21396000,50.70023956298828
2022-03-08,46.77823460466507,48.83832506076386,45.7739850674866,46.855628967285156,21558000,49.74090347290039
2022-03-09,48.673969581181034,49.897987175154476,48.14557169039746,49.42978286743164,14437000,49.039363098144534
2022-03-10,48.23252934887139,48.44560897367987,46.6540167675513,47.495826721191406,11106000,48.15188064575195
2022-03-11,48.87941342329452,48.93865566998973,46.11128454554962,46.188682556152344,10389000,47.34179458618164
2022-03-14,46.65688518412703,46.87569841586595,44.53277371600335,44.813697814941406,15870000,46.95672378540039
2022-03-15,45.54891973985921,46.67813019770213,45.20287172762011,46.4643669128418,12455000,46.87847137451172
2022-03-16,47.57440549136208,49.33148572710732,46.97049806380893,49.31806564331055,16659000,46.8561279296875
2022-03-17,48.903953689571914,50.47794662576754,48.65280798353821,50.452064514160156,13627000,47.44737548828125
2022-03-18,50.34182280419986,52.48042081382659,50.1338115263589,52.20818328857422,22237000,48.651275634765625
2022-03-21,51.57168292605159,52.17367417288591,50.40892604735989,51.462406158447266,10517000,49.9810173034668
2022-03-22,51.571686743390806,52.99518093255131,51.571686743390806,52.41140365600586,10664000,51.17042465209961
2022-03-23,51.79887620570339,52.530274483781604,50.86138272348768,50.89972686767578,9835000,51.48675689697266
2022-03-24,51.50458750504684,53.36423444121439,50.97641031595575,53.3182258605957,12124000,52.05998916625977
2022-03-25,53.21661314966087,53.38628395921036,52.25898963788418,53.18402099609375,7531000,52.255156707763675
2022-03-28,52.68076616278107,53.47542888100651,51.85254958037364,53.422706604003906,7338000,52.647216796875
2022-03-29,54.48578821115316,55.09832190657738,53.504202141478494,54.53659439086914,11139000,53.07225494384765
2022-03-30,53.893381379170435,54.73405649136626,52.27433764993626,52.58395767211914,12981000,53.40910110473633
2022-03-31,52.72102856768592,53.441880858925245,51.48925139013268,51.534305572509766,14703000,53.05231704711914
2022-04-01,51.88035016702507,52.316502853458815,49.56537493816651,50.3686637878418,12084000,52.48924560546875
2022-04-04,50.453028435952056,51.4528284147774,50.26323113769244,51.33684158325195,8777000,52.07207260131836
2022-04-05,50.67157959862876,50.80482237616473,47.93387164500985,48.27799987792969,19670000,50.82035369873047
2022-04-06,47.345300156172165,48.47546862109363,46.7854888828221,47.753658294677734,15845000,49.85429382324219
2022-04-07,47.67409343786041,48.76974992771512,47.231227058850315,48.24924087524414,10095000,49.19728088378906
2022-04-08,47.73831840423543,48.01343376575623,47.05005828633861,47.12770462036133,10449000,48.54908905029297
2022-04-11,46.69635047165417,46.78166491736718,45.55276172177649,45.60548400878906,16953000,47.40281753540039
2022-04-12,46.10969809742337,46.773992319751045,44.55200283414187,44.76576614379883,16778000,46.70037078857422
2022-04-13,45.02074055946471,45.75405485790269,44.85011169842097,45.303524017333984,11396000,46.21034393310547
2022-04-14,45.381171622803244,45.43677172811189,43.695985635865554,43.726661682128906,13648000,45.30582809448242
2022-04-18,43.25886764984198,45.34090767490565,43.23202748281035,45.106056213378906,16631000,44.90149841308594
2022-04-19,44.98431719136655,46.278400846137224,44.67277745027035,45.934268951416016,12144000,44.967255401611325
2022-04-20,47.22548560403397,48.39016253265771,45.981246217637214,46.150917053222656,20233000,45.244285583496094
2022-04-21,46.84301347115743,47.69902478242649,44.90955212325035,45.006370544433594,22794000,45.184854888916014
2022-04-22,44.76577042701165,45.27477566196058,44.13022876804677,44.394798278808594,20282000,45.31848220825195
2022-04-25,44.14076601696087,46.046425250839555,44.01039739764743,45.66874313354492,14124000,45.43101959228515
2022-04-26,44.73125904583153,45.08305543823222,43.779387363094145,43.82827377319336,14974000,45.009820556640626
2022-04-27,43.55891127884494,44.91722132343471,43.08824659866768,43.786094665527344,12413000,44.53685607910156
2022-04-28,44.88654276795022,46.93311290060745,44.344945473585796,46.44232177734375,16784000,44.8240463256836
2022-04-29,45.53262165674457,47.10853062219056,44.56062006556881,44.64689254760742,14050000,44.87446517944336
2022-05-02,44.79260443796816,45.98891540318239,44.01615197669374,45.94673538208008,12866000,44.93006362915039
2022-05-03,45.68600391622457,46.840134914181135,45.36008599024097,46.52859878540039,9578000,45.4701286315918
2022-05-04,46.6992149792812,48.66047414312452,45.76364140547984,48.49655532836914,11962000,46.41222076416015
2022-05-05,47.39227801592916,47.73640995847808,45.348581857145724,46.13845443725586,14578000,46.35144729614258
2022-05-06,45.69750025987301,46.923525412302915,44.568289854240525,45.842247009277344,10680000,46.590518188476565
2022-05-09,44.0909173980564,44.32385275439245,42.42010965232247,42.86297607421875,18487000,45.9737663269043
2022-05-10,44.187733953717355,44.967060492813516,42.802583902542445,44.01039505004883,14134000,45.47012557983398
2022-05-11,43.60588331409672,44.95748337016467,42.76041428061254,42.867774963378906,11793000,44.34436950683594
2022-05-12,42.8275092579122,44.29317985292553,42.65688039068439,44.13597106933594,15558000,43.94387283325195
2022-05-13,44.63156183401674,47.478546777386185,44.57404562003098,47.15454864501953,19093000,44.20633316040039
2022-05-16,46.62732425586546,47.262865783406845,45.91605981401741,46.248687744140625,9689000,44.88347549438477
2022-05-17,47.45170723524182,49.498281082024924,46.975294237717996,49.105262756347656,16356000,45.90244903564453
2022-05-18,47.97892439025936,48.743872827757166,45.49620156023317,45.770355224609375,17105000,46.482965087890626
2022-05-19,45.96398913526795,46.585148880420626,45.15878043301878,45.25751495361328,11193000,46.70727386474609
2022-05-20,46.05217631256406,46.40972829675473,43.18026743549697,45.44826889038086,17158000,46.36601791381836
2022-05-23,45.656288732174005,46.581320206632206,45.249850301557785,46.32825469970703,10578000,46.38193130493164
2022-05-24,45.7713159919112,46.06080586738343,44.644025223024514,45.14632034301758,9431000,45.590142822265626
2022-05-25,44.63251548200199,47.126742111379144,44.60950753600004,46.73851776123047,12887000,45.783775329589844
2022-05-26,46.19308469754569,49.21741192030019,46.102021938478075,48.81193161010742,12922000,46.494658660888675
2022-05-27,49.57976318410504,51.51130473932529,49.3909239334241,50.90260696411133,16526000,47.58552627563476
2022-05-31,50.29581573140245,50.42138675178877,48.928876077972774,49.84911346435547,15011000,48.28969802856445
2022-06-01,50.15490030989967,50.325529163968184,47.88689903655908,48.484092712402344,10261000,48.957252502441406
2022-06-02,48.22241103653877,50.20955269624914,48.12559627354022,50.16258239746094,11600000,49.6420654296875
2022-06-03,49.14552156163923,49.967982565076866,48.811935570684255,49.2691764831543,13304000,49.733514404296876
2022-06-06,50.485615705607344,51.08185502578494,49.242334552739564,49.48773193359375,7852000,49.45053939819336
2022-06-07,48.832070541430824,50.32266538640666,48.72950013414985,50.176002502441406,11502000,49.515917205810545
2022-06-08,50.025500231141216,50.236389361752536,48.69115257186592,49.09184265136719,9009000,49.63746719360351
2022-06-09,48.22432008590739,49.213577694434626,47.27341027428708,47.30120849609375,8652000,49.06519241333008
2022-06-10,46.51037855062323,46.81328848595169,45.41855419302649,45.476070404052734,10987000,48.30657119750977
2022-06-13,43.616416640289806,44.31522264692349,42.675091091985095,42.85626220703125,14833000,46.98027725219727
2022-06-14,43.59878494677156,43.80172514943572,42.810098531084435,43.2592658996582,11689000,45.596929931640624
2022-06-15,43.25926015380393,44.51057169533823,42.74853789609306,43.63147735595703,15659000,44.50485687255859
2022-06-16,42.46961958670865,42.611008506012496,39.69288078067219,40.23245620727539,19042000,43.09110641479492
2022-06-17,40.11895260833539,40.80183567297779,39.56783461982855,40.34401321411133,17917000,42.06469497680664
2022-06-21,41.09326472944389,42.54271004026619,41.06826043938196,41.65015411376953,12126000,41.823473358154295
2022-06-22,40.710467362797225,41.807889727215304,40.445968562201784,40.93745422363281,11078000,41.35911102294922
2022-06-23,41.487608111027285,41.487608111027285,39.95640988606658,40.78837585449219,9030000,40.79049072265625
2022-06-24,41.58283529141839,43.32082271709984,41.473186965248985,43.29966354370117,14217000,41.40393218994141
2022-06-27,43.87000504797685,43.9767658409714,42.920700610000445,43.26118087768555,7695000,41.98736572265625
2022-06-28,43.41411476031621,44.17297944547151,42.00891020992636,42.1522216796875,9379000,42.08777923583985
2022-06-29,41.59340560706173,41.742488412504734,40.87685933544502,41.074031829833984,11751000,42.11509475708008
2022-06-30,40.30170184193045,42.00602595790625,39.91505439803739,40.98747253417969,10663000,42.15491409301758
2022-07-01,39.3475890879544,39.88620321670363,37.174864579230984,37.97509002685547,29500000,41.08999938964844
2022-07-05,36.51698532932825,37.60671388926904,36.151500711791606,37.39223098754883,26882000,39.9162094116211
2022-07-06,37.60960292486534,38.16456617338066,36.900750444562554,37.67308044433594,12516000,39.020381164550784
2022-07-07,38.78204566359593,40.1478158061807,38.66662965700004,39.90351486206055,13753000,38.786277770996094
2022-07-08,39.35528161309837,40.12472772063884,38.98787077570955,39.926597595214844,9213000,38.574102783203124
2022-07-11,39.34373961938337,39.43703516798059,38.323263604221424,38.704139709472656,11137000,38.719912719726565
2022-07-12,38.94363072057685,39.52359823726396,38.643546181744405,39.03692626953125,9538000,39.048851776123044
2022-07-13,38.10012250124429,39.85254006292165,38.0876185199991,39.62747573852539,9220000,39.43973083496094
2022-07-14,39.266795684849804,40.69315572529783,38.58679634218127,40.3305549621582,11114000,39.52513885498047
2022-07-15,40.7960718977349,41.106734181528104,39.62747436018347,41.081729888916016,13375000,39.7561653137207
2022-07-18,42.1127848507597,42.11374613091852,40.366142471197215,40.69989013671875,9080000,40.15531539916992
2022-07-19,41.452982485996436,43.05920454562871,41.35199303649685,42.98706817626953,14888000,40.945343780517575
2022-07-20,42.8937696758113,45.049183403503704,42.74276431755058,44.733707427978516,18505000,41.966590118408206
2022-07-21,45.08670259278576,45.89462199772276,44.39708670732773,45.794593811035156,13812000,43.0593978881836
2022-07-22,45.68975089323201,45.949435950147006,44.339368784630146,44.626949310302734,13265000,43.76844177246094
2022-07-25,43.306397786872765,44.08065405388264,43.02939495477287,43.9979362487793,11483000,44.42805099487305
2022-07-26,43.54876525503799,43.94887794426834,42.8360640687204,43.01496124267578,11291000,44.4336296081543
2022-07-27,43.68823103473479,45.333884090489896,43.66514563309474,44.97993850708008,16886000,44.48287582397461
2022-07-28,44.66735418485169,46.85162138692637,43.603591192570256,46.641944885253906,23813000,44.65234603881836
2022-07-29,45.9657947865973,48.66751330252581,45.83114217071737,48.13948059082031,24772000,45.354852294921876
2022-08-01,47.02570776996277,48.667512029505986,46.82180262195781,48.35973358154297,20002000,46.22721176147461
2022-08-02,47.74609484304412,48.9781734705152,47.087258383477376,48.34530258178711,14588000,47.293280029296874
2022-08-03,48.700208537575705,50.86235501499218,48.55209068029876,50.46512985229492,22118000,48.39031829833984
2022-08-04,50.29008666047745,51.2018830326851,50.18813591426082,51.15379333496094,16144000,49.29268798828125
2022-08-05,50.11695001940833,50.79791055926427,48.942584957740266,50.01115417480469,10452000,49.667022705078125
2022-08-08,49.417728489153205,50.2593110412961,47.95674021001483,49.00799560546875,10173000,49.79667510986328
2022-08-09,46.94106769363213,46.996851299369006,43.95849763601869,45.14729309082031,28792000,49.157073211669925
2022-08-10,46.28895559704955,47.67011336494849,45.2550107486604,47.60470962524414,19799000,48.58498916625977
2022-08-11,47.709543778441954,49.79666623730321,47.32097383207953,47.84611892700195,18041000,47.92345428466797
2022-08-12,48.27990117873458,49.9678761674146,48.039449047487054,49.8784294128418,12588000,47.89690933227539
2022-08-15,49.65623932120661,50.264102161861715,48.973356281349005,49.75338363647461,9659000,48.04598693847656
2022-08-16,49.658176639883784,50.001540796495725,48.802167614390186,49.08686065673828,12301000,48.833900451660156
2022-08-17,48.30491091062413,48.49150200612963,46.72754545885166,47.85574722290039,14021000,48.884107971191405
2022-08-18,47.87498948455989,48.95606296220829,47.33541402607217,48.393402099609375,12763000,48.99356460571289
2022-08-19,47.38541987524402,47.51334352286579,45.797476699455146,45.858070373535156,20104000,48.189492797851564
2022-08-22,44.7731504971512,45.08670030355935,43.84115993823548,44.00947570800781,14652000,47.0407112121582
2022-08-23,44.09507527057164,45.16556718490409,44.07583865935977,44.625030517578125,8103000,46.148345184326175
2022-08-24,44.620219965476686,44.735639631501044,43.95849595677229,44.53269577026367,6849000,45.483734893798825
2022-08-25,44.59233082724171,46.0186946152707,44.59233082724171,45.99272537231445,9490000,45.00359954833984
2022-08-26,45.99272549331065,46.02350480663829,43.44489252621308,43.59974670410156,15863000,44.551934814453126
2022-08-29,43.114027558459725,43.79883326578977,42.67929044405154,42.75623321533203,10082000,44.30128631591797
2022-08-30,43.1861672500823,43.397762639131926,41.82232341145411,42.57734298706055,14187000,43.89174880981445
2022-08-31,42.544638911047834,42.630240543865995,41.62707129950254,42.11855697631836,12324000,43.40892105102539
2022-09-01,40.82781510465902,41.654967430464986,40.24014998299039,41.553977966308594,18830000,42.52117156982422
2022-09-02,41.97621437073641,42.64851617757277,41.1125077206959,41.377967834472656,13680000,42.07681579589844
2022-09-06,41.298133591342186,41.71844417492152,40.57581592774011,41.046138763427734,11633000,41.73479690551758
2022-09-07,41.26159847822335,42.02431214275773,40.59217671453616,41.550140380859375,12013000,41.52935638427734
2022-09-08,40.90957278768533,42.76970904641546,40.78165278464654,42.238792419433594,14205000,41.55340347290039
2022-09-09,43.03132211080096,43.55646736248945,42.83992092066029,43.35641098022461,12933000,41.9138900756836
2022-09-12,43.020732903177446,43.61609187148557,42.52155331820191,43.02169418334961,9988000,42.242635345458986
2022-09-13,41.421328341616224,41.726434627244245,40.378551911254625,40.59869384765625,18942000,42.15314636230469
2022-09-14,40.93953318689089,41.19539863952525,40.03289921495698,40.722286224365234,10615000,41.98757553100586
2022-09-15,40.42296384231187,40.77827964812988,39.36570512263563,39.9189567565918,11987000,41.5236083984375
2022-09-16,39.418813397867204,39.96047769710281,38.93025365835348,39.511505126953125,18613000,40.7546272277832
2022-09-19,38.93218366177241,39.96047769710281,38.93218366177241,39.511505126953125,9364000,40.052589416503906
2022-09-20,38.954394579353135,39.133015664385596,38.567215256138596,38.94956588745117,8927000,39.72276382446289
2022-09-21,39.094393802479544,40.395930575960136,38.470660194915034,38.490936279296875,10621000,39.276493835449216
2022-09-22,38.08541452348438,38.30072777567353,37.25216129821581,37.34967803955078,15202000,38.762638092041016
2022-09-23,36.924844166263135,37.065811764605364,36.0703498775321,36.74428939819336,14622000,38.20919494628906
2022-09-26,36.75588298990098,37.200991949224935,35.83283290801155,35.863731384277344,11251000,37.47964019775391
2022-09-27,36.676707301205916,36.84953839519651,35.66096551072872,36.37159729003906,11831000,36.964046478271484
2022-09-28,36.05489837396004,37.03877654556382,35.94289924455573,36.84953308105469,10841000,36.635765838623044
2022-09-29,36.22290278822924,36.24897256863249,35.16757759884249,35.777793884277344,15439000,36.32138900756836
2022-09-30,34.590185353406085,36.064553160477104,34.56604557962096,35.338470458984375,19091000,36.040225219726565
2022-10-03,35.94676118161813,38.308451974395666,35.794206189843194,37.624855041503906,25300000,36.392449951171876
2022-10-04,38.88970320375084,39.4419862293793,38.38086735624192,38.68211364746094,20566000,36.85455322265625
2022-10-05,37.843072157518975,39.07605728311051,37.173957525977045,38.61260223388672,14070000,37.207167053222655
2022-10-06,38.48708496079842,39.339649463751904,38.15880381533549,38.389564514160156,13586000,37.72952117919922
2022-10-07,37.3342282974511,37.52637044601279,35.89655258038127,36.1920051574707,20796000,37.900228118896486
2022-10-10,35.722753303607504,35.75461308921366,32.86863952942887,33.863136291503906,39506000,37.147884368896484
2022-10-11,33.339825388832665,33.816797790444674,31.120067087169268,31.57773208618164,53132000,35.72700805664063
2022-10-12,31.742832174095142,31.95138672059959,31.202136565829008,31.281307220458984,36663000,34.26074905395508
2022-10-13,29.20445251235506,33.283826468896265,28.92637913267898,32.886993408203125,45293000,33.16023483276367
2022-10-14,32.886990705309344,32.923679187806165,30.34667516806013,30.409435272216797,30398000,32.00372085571289
2022-10-17,31.573865078814286,31.784349630598033,30.193153895568155,30.45481300354004,51439000,31.322056198120116
2022-10-18,31.578694244342906,32.04021552581721,30.48184824151841,31.095928192138672,25077000,31.225695419311524
2022-10-19,31.129721653192355,32.0740126696203,30.76861211593812,31.870283126831055,26915000,31.343490600585938
2022-10-20,32.88794825552112,35.42729821567277,32.25262734391542,34.36038589477539,58751000,31.63816909790039
2022-10-21,34.273494365236054,36.000829014224884,34.273494365236054,35.65613555908203,27665000,32.68750915527344
2022-10-24,35.76620693553994,36.41697540220584,35.19654281636242,36.10704040527344,20117000,33.81795463562012
2022-10-25,36.20938949128613,37.31878805365253,36.20938949128613,36.67670822143555,17499000,34.93411064147949
2022-10-26,36.13504159699836,38.02748381186321,36.089660729408614,37.23092269897461,24178000,36.006238555908205
2022-10-27,37.55533419804686,38.42431450868785,36.83408017189359,37.56981658935547,22885000,36.64812469482422
2022-10-28,37.70499271216918,39.29232845449957,37.609405977318424,39.161014556884766,18155000,37.349100494384764
2022-10-31,39.09150196256454,39.635096329486,38.54307890331223,39.08281326293945,18772000,37.94425506591797
2022-11-01,39.87647237603163,40.259787975792655,39.24598007397733,39.848472595214844,15682000,38.57860794067383
2022-11-02,39.73743415344701,40.6537253085436,38.11630874810862,38.188720703125,21731000,38.77016754150391
2022-11-03,37.53022688867436,38.57010450305984,37.14594631125695,37.985958099365234,16563000,38.85339584350586
2022-11-04,39.57233216147688,40.562000315376785,39.0316328806488,40.507930755615234,24227000,39.122779083251956
2022-11-07,40.890277284543046,42.05953876416276,40.47896193407488,41.997745513916016,18842000,39.70576553344726
2022-11-08,42.77307744432833,43.34757030507117,41.594161932449275,42.952667236328125,22260000,40.32660446166992
2022-11-09,42.08464750802235,42.79238047268833,41.530430840264934,41.782432556152344,17040000,41.04534683227539
2022-11-10,44.37875958642363,46.90362433319987,43.935580641540426,46.86790084838867,37191000,42.82173538208008
2022-11-11,46.53575507179624,48.71592994885227,46.360993975627224,48.35578536987305,26080000,44.39130630493164
2022-11-14,47.856597361936764,48.312328632441265,46.3329885578222,46.41312789916992,23472000,45.274382781982425
2022-11-15,48.38087924217298,48.53729421851934,46.553125658280955,47.38251876831055,22206000,46.160353088378905
2022-11-16,44.315022346807886,44.86248029670709,43.6536352726973,43.9683952331543,30079000,46.5975456237793
2022-11-17,43.0936271091152,44.863447561608865,42.966176905960964,44.5264778137207,15369000,46.1292610168457
2022-11-18,45.448563394769074,45.50166795812848,43.31763321438964,44.09585189819336,17363000,45.27727432250977
2022-11-21,43.55129153860517,43.78688087878869,42.90921546763457,43.46342849731445,9349000,44.68733444213867
2022-11-22,43.68163835800281,44.065918980520436,42.88700365081462,43.991573333740234,14115000,44.00914535522461
2022-11-23,44.13350420627292,45.258349930696305,44.02922877780203,44.54964828491211,8235000,44.125395965576175
2022-11-25,44.06108866671166,44.31212906337747,43.76274108886719,43.76274108886719,3789000,43.97264862060547
2022-11-28,43.08204449771236,43.57832797535451,42.625348192723855,42.795284271240234,11824000,43.71253509521485
2022-11-29,43.163140385324965,43.47790401805875,42.49113095016255,42.68134307861328,9030000,43.55611801147461
2022-11-30,43.24424797294627,45.610767247766866,42.60699696350199,45.60980224609375,22328000,43.879763793945315
2022-12-01,46.27987833350336,46.27987833350336,44.09970767147641,44.717647552490234,13779000,43.91336364746094
2022-12-02,43.520399451020275,44.43668708844683,43.48757097331608,44.189510345458984,11022000,43.9987174987793
2022-12-05,44.00316934203688,44.674213981160754,43.31667362293536,43.699989318847656,10886000,44.17965850830078
2022-12-06,43.726048309105046,43.84480981084921,42.384924363810306,42.78175735473633,9253000,44.19974136352539
2022-12-07,42.59830479909772,43.71928674686134,42.44671851807771,42.89665603637695,11129000,43.65711212158203
2022-12-08,43.24329122374791,44.17502998265407,42.87542293939975,43.93171691894531,12370000,43.499925994873045
2022-12-09,43.39970213765222,44.18660944613833,42.91017740924994,43.46825408935547,9542000,43.355674743652344
2022-12-12,44.417374389947305,44.84317589961687,43.34756678920795,44.82965850830078,12138000,43.581608581542966
2022-12-13,47.05527116137215,47.55049582486748,45.55311617689662,46.12490463256836,15369000,44.250238037109376
2022-12-14,46.01926962656456,46.70056909806377,44.99005037090918,45.3786735534668,12108000,44.74664154052734
2022-12-15,44.1943958349699,44.553942542250994,43.0324043166703,43.2291374206543,15531000,44.60612564086914
2022-12-16,42.921922360986635,43.41617844346928,42.46061347998115,43.0217399597168,17715000,44.516822814941406
2022-12-19,42.86764758938302,42.91804068474854,41.87622231196001,42.5148811340332,10645000,44.05386734008789
2022-12-20,42.00221366137494,42.747477724399204,41.92952796551296,42.385990142822266,9097000,43.30608444213867
2022-12-21,42.76976409765322,43.689472297635405,42.64959111102426,43.404544830322266,9464000,42.911258697509766
2022-12-22,41.856838420201264,41.983795301948746,38.48038279247019,39.64818572998047,31757000,42.195068359375
2022-12-23,39.30996545165433,39.97382275987561,38.81861514473183,39.939903259277344,10546000,41.57870101928711
2022-12-27,39.54060638509796,39.890463286698626,39.226609871365575,39.29444885253906,11120000,40.93461456298828
2022-12-28,39.09772578923182,39.51639411559899,38.69650705976746,39.03667068481445,8731000,40.26475067138672
2022-12-29,39.70633298578329,40.95263684736636,39.55030331514042,40.76268768310547,12309000,39.73637924194336
2022-12-30,39.98447710515728,40.760751140289294,39.81584821930561,40.73264694213867,7321000,39.953271484375
2023-01-03,41.64556734103884,41.68239263588373,39.46986562985996,40.15116500854492,13249000,39.995523834228514
2023-01-04,40.86251256036662,41.50504579516033,40.361468914021906,40.941978454589844,10525000,40.32502975463867
2023-01-05,40.27908788622298,41.14743057473407,39.98640795909373,40.418643951416016,9834000,40.60142440795899
2023-01-06,41.589366251250105,43.35318764523541,40.738465556002886,43.1525764465332,14810000,41.079402160644534
2023-01-09,43.72726549476677,44.909608547614816,43.08957897131028,43.84646987915039,14079000,41.70216674804688
2023-01-10,43.424898292808024,44.4647795216755,43.335738998022386,44.445396423339844,10676000,42.56101303100586
2023-01-11,43.38807358689993,45.011370200982974,43.18164709890415,44.99683380126953,15429000,43.3719841003418
2023-01-12,45.54826914599111,46.085169499883555,43.94047758233422,45.55311584472656,14299000,44.398878479003905
2023-01-13,44.80300983382911,46.01636305998802,44.80300983382911,45.90491485595703,12025000,44.94934616088867
2023-01-17,45.54051545843538,45.90490881854188,44.90864052871638,45.645179748535156,9474000,45.309088134765624
2023-01-18,46.24507789027492,46.85466399410967,45.211984180045,45.247840881347656,11939000,45.46957702636719
2023-01-19,44.80301262764417,45.042390046240236,43.96471475619503,43.987972259521484,10887000,45.26780471801758
2023-01-20,44.491908918214634,45.80702034806988,44.27191466456538,45.7915153503418,12599000,45.315484619140626
2023-01-23,46.01441771941828,48.34421195637084,45.78085565677098,47.56309127807617,16545000,45.64711990356445
2023-01-24,47.02329249910127,47.65419889830697,46.89342979820063,47.24522399902344,9723000,45.96712875366211
2023-01-25,45.76148431910703,47.62221755800178,45.2585034097949,47.33244705200195,17697000,46.38404998779297
2023-01-26,46.97870711767438,48.326773304110986,45.936892401355735,48.238582611083984,24658000,47.23417205810547
2023-01-27,47.292706066089444,48.25602345989012,46.76743632407676,46.79747772216797,17116000,47.4353645324707
2023-01-30,46.16561044708942,46.88567612910234,45.87971435580826,46.38560104370117,15608000,47.199866485595706
2023-01-31,46.58814131210443,48.476013434200084,46.51836512489377,48.4663200378418,18132000,47.444085693359376
2023-02-01,48.32967918458918,51.75459460677415,48.310296086525874,51.38923263549805,24886000,48.2554428100586
2023-02-02,52.24012506456651,53.19084320638623,51.34949341247897,52.43395233154297,20193000,49.09451675415039
2023-02-03,51.296198017374266,52.32832309065815,51.02290112593564,51.291351318359375,12684000,49.99329147338867
2023-02-06,50.57903408635979,51.364032901223105,50.225302722519515,50.486968994140625,10082000,50.81356506347656
2023-02-07,50.57806053385486,52.00171804063685,50.08864753502259,51.67802810668945,12541000,51.45590667724609
2023-02-08,51.267117692586524,51.68190412245797,49.865749038402335,50.19234848022461,11435000,51.216529846191406
2023-02-09,51.169241685795456,51.65477667850746,49.65448740968355,49.960731506347656,10732000,50.721885681152344
2023-02-10,49.5188039833032,49.79888105002465,48.304478637472435,48.941200256347656,10364000,50.25185546875
2023-02-13,49.25617099678615,49.51977447427267,48.68050444848754,49.45387268066406,8892000,50.04523620605469
2023-02-14,48.738654719868634,50.48018710196525,48.36650884400864,50.0275993347168,9487000,49.71515045166016
2023-02-15,49.10692771130999,50.457896064379455,48.83944612182785,50.42300796508789,8541000,49.76128234863281
2023-02-16,49.24647319650381,49.88997868158867,48.489582328872565,48.58552551269531,10906000,49.48624114990234
2023-02-17,48.38200481436928,48.38200481436928,47.24618060349055,48.03602600097656,13841000,49.305206298828125
2023-02-21,47.29367047116618,47.68132499265465,46.233441380919636,46.35264205932617,12458000,48.684960174560544
2023-02-22,46.62498328213473,47.025233415188474,45.966941230843595,46.25089645385742,10418000,47.92961959838867
2023-02-23,47.55824626917212,47.770484328727576,45.88358450171878,47.039756774902344,12271000,47.252969360351564
2023-02-24,46.25283568522536,46.889553714428665,45.90588447169056,46.3836669921875,10353000,46.81259765625
2023-02-27,47.4613328394319,47.57665912196066,46.631756267287564,46.781002044677734,7905000,46.56159286499023
2023-02-28,46.766466679479755,47.822821438858774,46.4427767222387,47.1008186340332,10899000,46.71122817993164
2023-03-01,47.482650361723806,48.20659400581931,47.21807831726662,47.576656341552734,8566000,46.9763801574707
2023-03-02,46.42145789307279,47.883878045731734,45.964027139539844,47.485565185546875,8731000,47.06554183959961
2023-03-03,47.38283936233362,47.797629562619676,46.52515845807718,47.64741516113281,16844000,47.31829147338867
2023-03-06,47.94880870066244,48.39945553101078,46.78778598128406,47.024253845214844,9731000,47.36694183349609
2023-03-07,47.17447217970312,47.41675536264278,46.20049644608827,46.48542022705078,9382000,47.24386215209961
2023-03-08,46.72091562619272,48.0185849263712,46.68505893069762,47.8170051574707,10541000,47.2919319152832
2023-03-09,47.62803372668858,48.825881972590295,47.31888011502447,47.514644622802734,13287000,47.29774780273438
2023-03-10,47.91779233998531,48.074790608026206,45.8913364651003,46.40400695800781,11804000,47.049066162109376
2023-03-13,45.459105341242235,46.87403808184223,45.26139997949425,46.22762680053711,9427000,46.889740753173825
2023-03-14,47.18714499713064,48.6033247325437,47.137541120388384,48.046966552734375,13106000,47.202050018310544
2023-03-15,47.29901080694753,47.56162311058281,46.10264772859617,47.37293243408203,12145000,47.11323547363281
2023-03-16,46.973163603191566,50.18096402236301,46.731949015445146,50.109962463378906,17754000,47.63229904174805
2023-03-17,50.10996687275333,50.56808577216657,49.00309046493801,49.44564437866211,17026000,48.24062652587891
2023-03-20,49.65378312052855,50.14594453864415,49.19080372626217,49.92515182495117,7553000,48.98013153076172
2023-03-21,50.2801762336824,50.730514462448724,48.44770448061635,49.3483772277832,10286000,49.240413665771484
2023-03-22,49.312386681709526,51.064128163879936,49.199558176450665,49.24527359008789,12139000,49.614881896972655
2023-03-23,50.032146690859726,51.799453193228466,49.92904676186024,50.92698669433594,15379000,49.77828674316406
2023-03-24,50.0914862487484,50.325896049656556,48.51384599158927,48.83287811279297,13960000,49.65573348999023
2023-03-27,49.43591755726261,49.58570502983968,48.11505696926027,48.22107696533203,11071000,49.314918518066406
2023-03-28,48.18508896282707,48.29694165143962,46.56756981634373,47.181312561035156,14636000,48.8815055847168
2023-03-29,48.101443065906494,50.69064047081042,47.879681900553,50.16443634033203,20722000,49.065338134765625
2023-03-30,50.9289376760445,51.818913508173296,50.768449500998436,51.682743072509766,20558000,49.21648941040039
2023-03-31,51.320911672259996,51.851004214947054,51.102066875995135,51.562129974365234,11637000,49.76233978271485
2023-04-03,50.97562504347625,51.18182492812085,50.05452666360398,50.72468185424805,11100000,50.26306076049805
2023-04-04,50.86960098747208,50.97756521112053,48.75311558384765,49.049774169921875,12698000,50.63675308227539
2023-04-05,48.622784069585826,48.622784069585826,47.31554050770073,47.99834060668945,16073000,50.20353393554687
2023-04-06,47.27468664476561,48.281379373175255,46.73097335624391,48.02849197387695,9652000,49.47268371582031
2023-04-10,47.29220254435211,49.745225876717804,47.276637557777256,49.35810852050781,13389000,49.03187942504883
2023-04-11,49.63433719033725,49.77634402668799,49.18205471102688,49.36296844482422,9080000,48.75953674316406
2023-04-12,49.93002349435365,49.96212187014968,48.25511978208461,48.3475227355957,9728000,48.61908645629883
2023-04-13,48.58290347919186,48.834818769050095,47.70848897841404,48.47201919555664,12971000,48.71382217407226
2023-04-14,48.34946669835952,49.202479824524474,47.911773382013074,48.714210510253906,9245000,48.850965881347655
2023-04-17,47.65888318492272,48.14909670227395,46.98970017764236,47.9185791015625,12478000,48.5630599975586
2023-04-18,48.12283830572117,48.67530062696753,47.57328862154726,48.182167053222656,8993000,48.326899719238284
2023-04-19,47.26884652427924,48.040157298437755,46.953706632980634,47.759063720703125,17221000,48.209207916259764
2023-04-20,49.698535433699625,52.18268488369286,49.4213302742136,51.211978912353516,40480000,48.75719985961914
2023-04-21,50.9853411953872,50.9989582365801,49.97767643674714,50.30448913574219,14387000,49.0752555847168
2023-04-24,50.127468934540005,50.391057032833665,49.25305815258913,50.03117752075195,10247000,49.49777526855469
2023-04-25,49.755914135442175,50.249047701080116,48.57998053356444,48.60527038574219,13711000,49.58239593505859
2023-04-26,48.94861903982707,49.3824201711651,48.16174320650646,48.37961959838867,12949000,49.7065071105957
2023-04-27,48.977795363433856,50.53014557679283,47.99250033674078,50.46984100341797,19831000,49.55807952880859
2023-04-28,50.505824196142356,51.01257477287136,49.85025828351165,50.97464370727539,11458000,49.69211044311523
2023-05-01,50.954224815427104,51.695381534372174,50.70911433393131,50.95033264160156,8383000,49.87594146728516
2023-05-02,50.9425479108597,51.22850578753329,50.02047382488874,50.76066207885742,9466000,50.307019805908205
2023-05-03,50.821933674395915,51.258654792672736,49.8979154494373,50.047706604003906,13628000,50.64063720703125
2023-05-04,50.097313515777955,50.15469802785503,49.33183915051965,49.82302474975586,7802000,50.51127395629883
2023-05-05,50.48054312275085,51.65647677120069,50.239324822443464,51.52711486816406,14018000,50.621768188476565
2023-05-08,51.550459162702964,51.69830240454189,50.89002886419467,51.23823928833008,7957000,50.67934951782227
2023-05-09,50.536958244532634,50.570028736539854,49.809414841105756,50.166378021240234,10002000,50.56049270629883
2023-05-10,50.978530695044675,51.69342904027438,50.58266440007671,51.28783416748047,10968000,50.80851821899414
2023-05-11,51.39872632488791,51.63021605171374,50.64200462579072,51.30535125732422,7162000,51.104983520507815
2023-05-12,51.550456265591514,51.89088232282177,50.71300445443936,51.26838684082031,9168000,51.05323791503906
2023-05-15,51.55045962241771,53.737950415027726,51.54559533260746,53.716552734375,17454000,51.54890060424805
2023-05-16,53.52786193027763,54.875953004933535,53.42670621560328,54.364341735839844,17385000,52.388493347167966
2023-05-17,54.907065752188615,56.438990255265786,54.479101084845965,55.8408088684082,16672000,53.29908828735351
2023-05-18,55.830114898024355,58.387209767214195,55.830114898024355,58.2364501953125,19223000,54.68530807495117
2023-05-19,57.89797001016295,57.93979325150042,57.2210063809486,57.275474548339844,12253000,55.88672561645508
2023-05-22,56.88057168306149,57.54975461742466,56.58294101985351,56.90683364868164,10423000,56.52478179931641
2023-05-23,56.424399094453484,56.5566773238514,55.64725197425816,55.78050231933594,10667000,56.808013916015625
2023-05-24,54.81273088166407,55.357416343524726,54.41102808993688,55.03936004638672,13255000,56.64772415161133
2023-05-25,56.99729193710066,59.01943372374711,56.40689486549128,58.56325912475586,20554000,56.7130859375
2023-05-26,58.845330649697125,61.56972228489831,58.35706137140396,61.10674285888672,21989000,57.479339599609375
2023-05-30,62.24960980131855,62.697027981277714,60.226495701800076,61.273067474365234,13656000,58.352586364746095
2023-05-31,60.14771392837334,61.309058456904296,59.71002061428978,59.983333587646484,26891000,59.193152618408206
2023-06-01,59.98333588773508,60.837324868469764,58.81323856116431,60.29069519042969,14556000,60.2434196472168
2023-06-02,60.30430463969303,60.49786328095071,59.11280978216791,59.68861770629883,11814000,60.46849136352539
2023-06-05,59.484355489934835,59.71098088413817,58.65273650297742,58.90465545654297,10441000,60.02807388305664
2023-06-06,57.975779643347074,59.888009313245135,57.754014801940066,59.54563903808594,11062000,59.68258819580078
2023-06-07,59.61567192056868,60.423945429765325,59.095304246546675,59.40752410888672,12027000,59.56742630004883
2023-06-08,59.52036313253904,59.9337387709999,58.79671180863732,59.773250579833984,9108000,59.46393737792969
2023-06-09,60.135067267125535,60.412272406323126,58.91925460215964,58.99998474121094,10669000,59.32621078491211
2023-06-12,59.59038608720475,61.135927939319004,59.06418197226251,61.03671646118164,15094000,59.75262298583984
2023-06-13,60.95819554345013,61.41952675061655,60.070644365161215,61.0108642578125,11759000,60.045668029785155
2023-06-14,60.47052463153897,61.51607813986103,59.79266985468769,61.44878005981445,11219000,60.4539192199707
2023-06-15,60.24621207850932,60.97088323086763,60.12136756455008,60.56806945800781,18624000,60.61288299560547
2023-06-16,60.82359661339883,60.85968264316972,59.531282182359284,59.753658294677734,26787000,60.76361770629883
2023-06-20,59.57420719663286,60.34179164252318,59.296237949167136,59.91264724731445,9811000,60.53880386352539
2023-06-21,59.425949446520406,60.060890945318775,58.74516652282812,59.0855598449707,8987000,60.153742980957034
2023-06-22,58.627159615376755,60.90748520420501,58.36576933315273,60.457855224609375,11735000,59.95555801391602
2023-06-23,59.446435735412805,59.626869621228906,58.65349175968727,59.37425994873047,10806000,59.71679611206055
2023-06-26,59.89996518146564,61.77845175014783,59.855098548340855,60.50271987915039,13440000,59.866608428955075
2023-06-27,60.83531011305543,63.41896454142928,60.666577484414,63.31460189819336,13355000,60.54699935913086
2023-06-28,62.420224128352615,63.36434702419618,62.02814055590591,62.63382339477539,11806000,61.2566520690918
2023-06-29,63.16439482460979,63.19170397683264,62.031057566175924,62.45630645751953,14023000,61.656342315673825
2023-06-30,62.84351124142026,63.28631390913814,62.31488193197186,62.70014190673828,10867000,62.32151870727539
2023-07-03,62.700143687754235,63.49503354469947,62.30903120892505,63.49308395385742,6219000,62.9195915222168
2023-07-05,62.81815330728379,63.014198804218935,61.29956342764251,61.307369232177734,11052000,62.51814498901367
2023-07-06,60.22085251340289,60.73777688805469,59.65711191109057,60.56806945800781,12975000,62.104994201660155
2023-07-07,60.65291698910134,61.383440538104104,60.172078714308526,60.26278305053711,7288000,61.666289520263675
2023-07-10,60.47053382787525,61.47317417293007,60.23645270502891,61.2156867980957,12882000,61.369398498535155
2023-07-11,61.30443890044716,61.45951694002045,59.32549265470838,60.413963317871094,12028000,60.75357437133789
2023-07-12,61.34442945371715,61.34833235594612,60.254983966418614,60.724117279052734,13032000,60.63692398071289
2023-07-13,61.15326490690645,62.62406374101719,61.15326490690645,62.25539016723633,10887000,60.974388122558594
2023-07-14,62.6279672116062,63.12148904243464,62.02326288850021,62.2807502746582,9191000,61.37798156738281
2023-07-17,61.933526186273866,64.74540896330564,61.933526186273866,64.3786849975586,13834000,62.01058120727539
2023-07-18,63.81005992351159,64.4684038948119,63.26776867537427,63.97586441040039,10231000,62.72296142578125
2023-07-19,63.6354826658354,63.80713594534479,62.247582410894594,62.431922912597656,9326000,63.06452255249023
2023-07-20,61.41660725150391,61.43318621518527,59.74976657710865,60.03358459472656,16720000,62.62016143798828
2023-07-21,60.42371690138143,61.148387997471616,60.27449134998578,60.82457733154297,25742000,62.32892684936523
2023-07-24,61.39612313917453,62.67380831209885,61.34833212016741,62.32658767700195,11475000,61.9185073852539
2023-07-25,62.326588729991784,63.823725673954954,62.23100669036273,63.41993713378906,9087000,61.80732192993164
2023-07-26,62.61821865596097,63.23462423936314,61.65458869775644,62.65235137939453,13614000,61.85140762329102
2023-07-27,65.83485406765364,69.82786160960848,65.67099914521691,68.46337127685547,33900000,63.5373649597168
2023-07-28,69.27679471627852,70.62079941656627,68.81936268639878,70.34673309326172,18500000,65.44179611206054
2023-07-31,70.36625420704259,70.86074341598766,69.61134577179547,70.07657623291016,11332000,66.99179382324219
2023-08-01,69.13634893283388,70.17409672639853,69.09635999950092,69.8239517211914,9528000,68.27259674072266
2023-08-02,68.7803503868374,68.98029506127139,66.67363894275917,66.89601135253906,14973000,69.12132873535157
2023-08-03,66.44054070530777,67.78649512070845,66.08064026769328,67.62556457519531,12155000,68.95376739501953
2023-08-04,67.6255593293787,68.52969321226666,66.95940946218177,67.34271240234375,6652000,68.35296325683593
2023-08-07,68.07812325278825,68.91300208801728,67.41782210103834,68.79596710205078,6848000,68.09684143066406
2023-08-08,67.84500966629453,68.12005823962535,66.97404112037961,67.88304901123047,8094000,67.70866088867187
2023-08-09,67.95815904154958,68.26831516037385,66.87749032379784,66.91260528564453,8139000,67.71197967529297
2023-08-10,67.45683055346699,68.36876280107317,66.40834509844011,66.94575500488281,9376000,67.57601776123047
2023-08-11,65.42619547957415,65.59005041183474,63.53307571702425,63.58866882324219,16035000,66.82520904541016
2023-08-14,63.49405750966832,65.07994545209945,63.10392355447005,65.0740966796875,13017000,66.0808349609375
2023-08-15,64.48890814811318,64.93853444810064,63.85005989687488,63.965152740478516,6713000,65.29725570678711
2023-08-16,64.31918415718812,64.3591730896329,62.97615429838106,63.034671783447266,8088000,64.52166900634765
2023-08-17,63.414079334853675,64.2948032557269,63.07954592510784,63.256080627441406,8914000,63.78373413085937
2023-08-18,62.677716096257214,64.05292936616151,62.369509558625985,63.68328094482422,9336000,63.80265655517578
2023-08-21,63.88420356086273,65.56762345053981,63.75936275509377,65.27307891845703,9083000,63.84245300292969
2023-08-22,66.06892441114897,66.37615607850822,64.77661372353325,65.03702545166016,6273000,64.05682754516602
2023-08-23,64.99996874544586,66.48832508601392,64.84489442070465,66.13623046875,8713000,64.67713928222656
2023-08-24,67.36223204066168,67.46561245352792,63.67548099226232,63.97490692138672,11349000,64.82090454101562
2023-08-25,64.25090217226705,64.99215578986437,63.05612322730618,64.39817810058594,7601000,64.96388397216796
2023-08-28,65.3237818458606,65.81144745645142,64.53279114242744,64.98827362060547,6092000,64.90692291259765
2023-08-29,64.68201502106665,67.46170744103637,64.55131802152349,66.77604675292969,10398000,65.25472717285156
2023-08-30,66.688262072642,67.22567193422144,65.57151126891098,66.95940399169922,9026000,65.4193618774414
2023-08-31,66.38689702867455,68.70233389337163,66.38689702867455,68.50726318359375,16816000,66.32583312988281
2023-09-01,69.17830018677229,69.43481279628466,68.08787603716294,68.46435546875,6454000,67.13906860351562
2023-09-05,68.10249204999941,69.00175192076466,67.80501576261943,68.34828186035156,5199000,67.81107025146484
2023-09-06,67.99618925663836,69.09733597333711,67.07742601085653,67.90645599365234,9013000,68.03715209960937
2023-09-07,66.42004881368028,66.47954853716392,64.85952048571971,66.00065612792969,12039000,67.84540252685547
2023-09-08,65.6885542318467,66.36738390743423,65.00680016998216,65.23795318603516,9023000,67.19154052734375
2023-09-11,65.70026404493926,65.87094999239481,63.49796289859285,64.73078155517578,9529000,66.4448257446289
2023-09-12,63.99802999938628,65.00957456348623,63.77303001835376,63.852264404296875,8924000,65.54562225341797
2023-09-13,64.32284085318835,65.26101033103404,63.86794456736249,64.43534088134766,8777000,64.85139923095703
2023-09-14,65.27469939782385,65.30013561198979,63.68597346367693,64.21717834472656,10359000,64.49470367431641
2023-09-15,63.2927114355348,63.38564916204111,60.435159965254236,60.95756149291992,31613000,63.63862533569336
2023-09-18,60.72864004852974,62.26649364037776,60.47820005557838,62.18431854248047,12598000,63.1293327331543
2023-09-19,62.18430822134472,62.292897258662784,60.82254541725131,61.1571159362793,10945000,62.59030303955078
2023-09-20,61.38702171121523,61.89963832625639,60.389176448327774,60.54179000854492,8468000,61.81159286499023
2023-09-21,59.69850703423109,60.470370740996486,59.57622213661714,59.71318435668945,11694000,60.91079406738281
2023-09-22,60.65038034712866,61.52789620848188,60.21308716333195,60.566246032714844,12743000,60.8325309753418
2023-09-25,60.19254225357825,60.947773194293546,60.03014754268922,60.711029052734375,7635000,60.537873077392575
2023-09-26,59.86481383421764,60.21503570579061,59.04110372517906,59.283714294433594,10590000,60.16319274902344
2023-09-27,59.869708715565,60.4302607740203,58.95403859861381,60.05851364135742,11951000,60.06653747558594
2023-09-28,59.76991869418391,61.68343388055367,59.44317383084244,61.38896942138672,11734000,60.40169448852539
2023-09-29,62.267474163362806,62.351604743685755,61.14929948660864,61.31560516357422,7707000,60.55156631469727
2023-10-02,61.36256380405314,62.70769775834704,60.94875135734852,61.717681884765625,9882000,60.75289688110352
2023-10-03,61.639413094463116,62.31638359061703,59.95873095096373,60.468414306640625,10197000,60.989836883544925
2023-10-04,61.08375467902193,62.022905589876714,60.85092523390679,61.86442184448242,9588000,61.35101852416992
2023-10-05,61.92311785677206,62.011163135078974,60.68168055219625,61.22364807128906,7537000,61.31795425415039
2023-10-06,60.71885799891115,61.835073460657625,59.598727837963146,61.44669723510742,10649000,61.344172668457034
2023-10-09,60.77461858834311,61.716702697955064,60.14069482033157,61.405609130859375,6921000,61.28175811767578
2023-10-10,61.970080712529885,62.898465312921225,61.4633305164815,62.060081481933594,6741000,61.600091552734376
2023-10-11,62.70281258217779,62.927812640277885,62.01801632958335,62.77911376953125,6615000,61.78302993774414
2023-10-12,63.13324707866264,65.05556198172282,63.11955123058643,64.07337188720703,13285000,62.35297470092773
2023-10-13,64.66426095833728,64.99590206323323,62.80552877487475,63.110755920410156,12292000,62.685786437988284
2023-10-16,63.374869879765654,64.13891153462804,63.01291141526302,63.6566162109375,9990000,63.13598785400391
2023-10-17,62.427912094401364,63.924681904715285,61.2852826315219,63.5832633972168,10340000,63.44062423706055
2023-10-18,62.41420841907455,63.11367815382288,61.267664400593624,62.82899856567383,13346000,63.450601196289064
2023-10-19,61.333214016590034,61.87615926999641,58.717295650269136,58.887516021728516,25078000,62.41343002319336
2023-10-20,59.058710162454155,59.499914260032845,58.5421789001024,58.730987548828125,13013000,61.53747634887695
2023-10-23,58.33478783528977,59.40991568561774,57.658795079180315,58.655662536621094,8106000,60.53728561401367
2023-10-24,59.2074155045936,59.806121921477256,58.593057754357424,59.090023040771484,9659000,59.63863754272461
2023-10-25,58.37294608746709,58.55392910077713,56.84487355768076,57.06694412231445,11332000,58.486226654052736
2023-10-26,57.630422538060145,59.144798937078015,57.0845441052825,57.24204635620117,11976000,58.15713272094727
2023-10-27,57.16085269611327,58.06576018982333,56.81649726096071,57.133460998535156,9497000,57.83762741088867
2023-10-30,56.97595836340828,58.048152992767804,56.46529726255231,57.08258819580078,8657000,57.52301254272461
2023-10-31,57.35944426199793,57.79477821121249,56.19431560557702,57.54433822631836,8179000,57.21387557983398
2023-11-01,57.999244546249344,59.44416425938353,57.59815017622155,59.34829330444336,10439000,57.670145416259764
2023-11-02,60.89788103074924,61.76952667536089,60.4772206704636,60.974185943603516,13560000,58.41657333374023
2023-11-03,61.55332821353551,62.55215496348566,61.3273466934786,62.030731201171875,9832000,59.396027374267575
2023-11-06,62.03072321003797,62.56877597831346,61.447668199184605,62.51692581176758,6929000,60.48289489746094
2023-11-07,62.60986495973943,63.303464511740025,62.28605331050296,62.73312759399414,8192000,61.520652770996094
2023-11-08,63.05987863962037,63.50206425760836,62.71552691614816,63.351409912109375,7304000,62.321276092529295
2023-11-09,63.588161649862116,65.39797706562227,63.44239598765158,63.61359786987305,12196000,62.849158477783206
2023-11-10,64.67208408664526,67.29289494238115,64.20935843541852,67.05419158935547,13734000,63.853850555419925
2023-11-13,66.5229760970646,66.52395383874011,65.59850268367452,65.8802490234375,8158000,64.52651519775391
2023-11-14,67.59909069139444,68.10583710372869,66.90549110234926,67.98257446289062,9555000,65.5764045715332
2023-11-15,68.30345606965778,68.43650359841446,67.65094399731667,68.27410888671875,6295000,66.56094436645508
2023-11-16,68.38172117162665,69.0997792766967,68.07258307716475,68.52259063720703,10047000,67.54274291992188
2023-11-17,67.65386706514515,68.63214615584904,67.30560442589852,68.5127944946289,10265000,67.83446350097657
2023-11-20,68.21834656653498,70.5339303172508,68.21834656653498,70.35295104980469,10264000,68.72900390625
2023-11-21,70.0477181133628,70.0477181133628,68.8199804803433,69.20053100585938,8709000,68.97259521484375
2023-11-22,69.94695563283798,71.24121697111906,69.79042739431132,70.18761444091797,7819000,69.3552963256836
2023-11-24,70.09175403405042,70.64447673312664,69.94696613803558,70.19153594970703,3006000,69.6890853881836
2023-11-27,69.94696058218472,71.51122801803555,69.52434475740715,70.67578125,6819000,70.1216827392578
2023-11-28,69.68576571760055,70.18468274858324,68.9187906851257,69.49597930908203,9053000,69.95028839111328
2023-11-29,70.43610356887548,70.9712194341033,69.75619981213971,69.84815979003906,8125000,70.07981414794922
2023-11-30,70.31870332126663,70.31870332126663,69.1027060275888,70.0369644165039,12922000,70.0496841430664
2023-12-01,69.66130816426465,70.68948209157226,69.27390594371033,70.63958740234375,6919000,70.13929443359375
2023-12-04,70.00565924023435,70.0985969611797,68.68009506457318,69.46369171142578,9036000,69.89687652587891
2023-12-05,68.1214961443521,68.47465499372873,67.22539204278485,68.19975280761719,12201000,69.63763122558593
2023-12-06,69.35902449745626,69.45587319053861,67.84073314869048,67.97769165039062,6348000,69.26353759765625
2023-12-07,68.78867711343797,69.4891208501339,68.20659983726034,69.26509857177734,9009000,69.10916442871094
2023-12-08,68.42672146092616,69.57228416542148,68.38367842664383,68.78966522216797,7944000,68.73917999267579
2023-12-11,69.48130861761578,72.19603507346675,69.30129961998786,71.96124267578125,15849000,69.23869018554687
2023-12-12,71.90336188241726,72.47230500977602,71.32558012055736,71.730712890625,12019000,69.94488220214843
2023-12-13,71.89845699025051,72.6478999007422,70.77429636652612,72.06521606445312,8889000,70.76238708496093
2023-12-14,72.62533986627301,75.65842101158938,72.47034568821199,75.2591781616211,17234000,71.9612030029297
2023-12-15,75.46714337124844,76.48242642431372,75.29450184487287,75.8761978149414,17817000,73.37850952148438
2023-12-18,76.08219507932121,76.41572072373849,74.3076650216047,75.52501678466797,8841000,74.09126434326171
2023-12-19,75.75064242742998,76.69431088105806,75.40829309446599,76.6128921508789,8906000,75.0677001953125
2023-12-20,75.73396638420459,76.56286726530789,74.00455745281172,74.05458068847656,11409000,75.46557312011718
2023-12-21,76.36666424513996,76.44023970447842,74.89524486668243,76.21167755126953,9349000,75.65607299804688
2023-12-22,76.21168289934974,76.91600463307371,75.88796881720653,76.51283264160156,5251000,75.78339996337891
2023-12-26,76.8120284406054,78.46295992959293,76.8120284406054,78.05488586425781,6941000,76.28937377929688
2023-12-27,78.37761340301097,78.60224646077496,77.52418740014564,77.97836303710938,7623000,76.56246795654297
2023-12-28,78.25990780864551,78.35015769745263,77.39765802099767,77.46240234375,6007000,77.24403228759766
2023-12-29,77.2505157826841,77.50360314799774,76.31763921175883,76.83361053466797,5191000,77.36841888427735
2024-01-02,75.41024426688116,75.4720473542831,72.79308034529514,73.50230407714844,11136000,76.76631317138671
2024-01-03,71.80526149872429,72.88430834580245,71.57572642589943,72.28887176513672,9224000,75.6131103515625
2024-01-04,71.19511891750922,73.07166356208783,70.94693365188141,71.71501922607422,10330000,74.36044158935547
2024-01-05,72.05736582031898,72.81073028757218,71.4717408184557,71.84449768066406,8219000,73.23686065673829
2024-01-08,72.23099242846509,74.32628750608993,72.23099242846509,74.27332305908203,10889000,72.7248031616211
2024-01-09,73.21096063754337,74.24193006053119,73.0461549110152,73.76911926269531,5904000,72.77816619873047
2024-01-10,73.94177684881316,74.04575992235632,72.24768497388125,73.54057312011719,8376000,73.02850646972657
2024-01-11,73.53272046770982,74.68631587026833,72.80290060880597,74.57154083251953,7742000,73.59981079101563
2024-01-12,74.62352972131416,74.88053868268224,74.04771619000466,74.5195541381836,4972000,74.13482208251953
2024-01-16,73.99180383305463,75.42496502820552,73.37675154298127,74.66374969482422,6847000,74.21290740966796
2024-01-17,73.8485907831916,73.99279302860596,72.78720597705369,73.85546112060547,9631000,74.23017578125
2024-01-18,76.11161796349094,77.33682040108066,75.70747306716709,77.06804656982422,14863000,74.9356704711914
2024-01-19,78.34621322929233,81.27728715956678,77.95776233695908,81.05755615234375,18628000,76.23287353515624
2024-01-22,81.3331935746981,83.04788859562626,81.18997177849401,81.76578521728516,13652000,77.68211975097657
2024-01-23,81.38028568184068,81.61276947917534,80.5817999328956,81.45680236816406,8243000,79.04073028564453
2024-01-24,83.38043580630499,84.22797185594101,82.24842443054077,83.19994354248047,19276000,80.90962677001953
2024-01-25,86.02899142995048,88.29400216767631,84.82243161711739,84.91071319580078,31073000,82.47816009521485
2024-01-26,83.67472547738303,84.36138491916091,82.06891530708255,82.3053207397461,16751000,82.72771301269532
2024-01-29,81.97768690629431,83.07340081585644,81.81092782146324,82.96844482421875,9904000,82.96824493408204
2024-01-30,82.50641923767316,83.37946090683067,81.61179363505559,81.98651885986328,10696000,83.07418823242188
2024-01-31,80.63379421614067,82.18467179205359,80.01285943163909,80.94475555419922,9969000,82.62315063476562
2024-02-01,81.60002070708398,82.01398468190199,80.83390333485335,81.63533782958984,7633000,81.96807556152343
2024-02-02,81.15269900445648,83.02532953474392,81.15269900445648,82.27196502685547,7629000,81.9614044189453
2024-02-05,82.28079423561337,84.09947254506268,81.66280074814473,83.50992584228516,8651000,82.0697006225586
2024-02-06,83.66490725284368,84.10633007538571,80.81035004939203,81.87173461914062,10546000,82.04674377441407
2024-02-07,82.17583601077979,84.16421456676967,81.73440568829793,83.23721313476562,8570000,82.50523529052734
2024-02-08,83.57662798194748,85.30211528634851,83.00179484433045,84.78907775878906,8627000,83.13598327636718
2024-02-09,86.3232713111975,89.64083529116614,85.81906499091113,89.42109680175781,18363000,84.56580963134766
2024-02-12,88.82469444426941,90.66102013279065,88.67853140335576,89.06993103027344,12542000,85.67781066894531
2024-02-13,85.86222110521939,88.39502495387524,85.5355658356132,87.55828094482422,12595000,86.81511993408203
2024-02-14,89.13173413503472,91.12698329775891,89.03854302707097,89.82526397705078,11849000,88.13273010253906
2024-02-15,90.02635594229415,90.39813246665291,88.92769329730679,89.63691711425781,8529000,89.10229797363282
2024-02-16,92.24916618460651,93.77747911711681,90.58352137651927,90.83856201171875,13280000,89.385791015625
2024-02-20,90.1411038391636,90.777739939586,87.40328271757896,88.32831573486328,10890000,89.23746795654297
2024-02-21,87.79665915011532,88.50294171964096,86.98542058988238,88.47449493408203,7123000,89.42071075439453
2024-02-22,91.22801400720557,93.12418205642466,90.76402678517766,92.63665008544922,12639000,89.98298797607421
2024-02-23,92.90933854660325,93.19479425990902,90.85426247310957,91.08085632324219,6868000,90.27177581787109
2024-02-26,91.87543814135809,92.89071371537254,91.52425767389884,92.08731842041016,6091000,90.52152709960937
2024-02-27,92.24622332454615,92.60426660208405,91.05436976634826,91.29960632324219,6303000,91.11578521728515
2024-02-28,89.97631903622336,90.6492527600757,89.54568815328302,90.50897216796875,6150000,91.5226806640625
2024-02-29,91.86269774411558,92.38750021703997,90.85722610948898,92.03730010986328,13084000,91.4028106689453
2024-03-01,92.69942495633539,96.37307152848408,92.56699511087041,96.28282165527344,11111000,92.44320373535156
2024-03-04,97.22845498756038,97.49233428232544,95.49316367016635,95.88946533203125,9016000,93.20363311767578
2024-03-05,95.15082775337866,96.03466148610806,93.37629743453859,94.4749526977539,13083000,93.83870239257813
2024-03-06,95.80705760476215,97.09896513290714,95.3724976377722,96.315185546875,14329000,94.99994506835938
2024-03-07,97.01657527369024,98.81955213835901,96.90278813222487,97.56198120117188,10974000,96.1048812866211
2024-03-08,97.38050738534542,97.68361794590008,93.75198187394872,93.84223175048828,13313000,95.61676330566407
2024-03-11,92.5140352048759,92.58663026947487,90.30788615976745,91.34573364257812,13267000,94.70801696777343
2024-03-12,91.76548817152607,93.47698900451678,91.22874100193073,93.47207641601562,13512000,94.50744171142578
2024-03-13,92.1134851107681,92.47623663859449,90.53076912930254,91.10093688964844,10080000,93.46459197998047
2024-03-14,91.81267954129463,92.19607898179245,90.0775831316691,90.99969482421875,9964000,92.15213470458984
2024-03-15,89.34814990745826,90.4619574764481,89.0257040975124,89.46710205078125,19745000,91.27710876464843
2024-03-18,90.6782252075558,91.91098493800882,90.43836338210866,90.96036529541016,7510000,91.20003509521484
2024-03-19,89.85049773105364,91.7074937690441,89.37076656694295,91.52759552001953,7029000,90.81113891601562
2024-03-20,91.03115269794462,93.38262532505833,90.7745730467104,93.300048828125,8493000,91.25096130371094
2024-03-21,96.64440398452437,98.72848909262196,95.94643388939218,96.5923080444336,14078000,92.3694839477539
2024-03-22,96.80660900670782,97.37383674017278,95.94839852356694,96.13321685791016,6901000,93.70270690917968
2024-03-25,94.59766836802613,96.5873790904824,94.59766836802613,95.5001220703125,7405000,94.61065826416015
2024-03-26,96.38882600761337,97.26767697289478,95.05088420244871,95.08430480957031,8589000,95.3220001220703
2024-03-27,95.63382140934428,95.89531362987731,93.86235693035626,94.93093872070312,5896000,95.64817810058594
2024-03-28,94.9594556735413,95.74000233766377,94.53379294928952,95.51094818115234,6639000,95.4319061279297
2024-04-01,95.55616270265153,97.80637576987303,95.4549033771313,96.515625,6514000,95.50838775634766
2024-04-02,95.06167825557927,95.64168620881216,94.07862053835451,95.09412384033203,9071000,95.42718811035157
2024-04-03,94.55540862514431,97.1388903089018,94.37649289212015,96.1794204711914,7302000,95.64621124267578
2024-04-04,97.57732514216302,98.48664899834657,92.80064672312722,93.55072021484375,9919000,95.3701675415039
2024-04-05,94.95354573744156,96.11650925129658,94.42270114548862,95.21701049804688,8048000,95.3113800048828
2024-04-08,95.76358934023479,96.0585021658979,94.46693592470768,95.08724212646484,5609000,95.02570343017578
2024-04-09,96.3701340351147,96.53430450189103,94.17890193666771,95.68494415283203,5207000,95.14386749267578
2024-04-10,94.27327492873603,95.84813086818517,93.86727009692017,94.5347671508789,5976000,94.81493682861328
2024-04-11,94.76972315960418,96.8498708723425,94.44039968902344,96.68177032470703,7055000,95.44114685058594
2024-04-12,94.6714082881248,95.282871805466,93.58709125091542,94.08255767822266,9893000,95.2142562866211
2024-04-15,95.93463457719632,96.46057405920392,92.16067903766638,93.01396942138672,7691000,94.79960174560547
2024-04-16,93.27644748675465,94.99384337245976,93.0739363447875,94.6910629272461,5448000,94.60082550048828
2024-04-17,93.3904817308839,93.63526363879878,89.48381138144295,89.680419921875,16686000,93.6299560546875
2024-04-18,89.38255969349879,89.39239237140087,86.94065051217677,87.38597106933594,23074000,91.77079620361329
2024-04-19,87.97778504612967,88.44375352066734,84.73467356387668,85.55061340332031,13545000,90.06440734863281
2024-04-22,86.15517569114913,86.38521233153628,84.34438059898157,85.33628845214844,18563000,88.52887115478515
2024-04-23,86.3124758853199,87.91485736298159,85.3392432852631,87.23851013183594,9823000,87.03836059570312
2024-04-24,89.19675912226468,90.03432170853813,86.73222973087837,86.98979187011719,19491000,86.50023498535157
2024-04-25,89.39237641289685,89.7010594427754,87.15493633044746,88.61969757080078,13093000,86.74698028564453
2024-04-26,88.31790999057408,91.42732382153595,88.26581404679021,90.96922302246094,13971000,87.83070220947266
2024-04-29,90.59269272556794,91.4518856394192,89.95960636804998,91.307373046875,9025000,89.02491912841796
2024-04-30,90.82077147519895,91.86969537547827,87.87847595876272,87.92566680908203,9737000,89.16235046386718
2024-05-01,86.81186261994642,88.46536497834596,84.93127116084689,85.33924102783203,11878000,88.83224029541016
2024-05-02,86.61132240521968,87.01830978221832,84.7484311387023,86.870849609375,7245000,88.482470703125
2024-05-03,88.31791314427834,89.71582601915357,88.0377455586842,89.31375122070312,8752000,88.15137634277343
2024-05-06,89.97730512748196,90.98199321785245,89.5142842903487,90.88761901855469,7545000,88.06742553710937
2024-05-07,91.18942075987526,91.42437000017011,89.78659544209606,89.94093322753906,6746000,88.47047882080078
2024-05-08,88.78682019767872,89.85147182585341,88.37688533254116,89.78069305419922,5539000,89.35876922607422
2024-05-09,90.14835967514969,90.14835967514969,88.56956626554307,89.21641540527344,5767000,89.8278823852539
2024-05-10,90.27025865317819,91.54234163928942,89.6784604595841,89.99107360839844,5100000,89.96334686279297
2024-05-13,90.50619306923251,90.50619306923251,88.7160458177486,88.84777069091797,7394000,89.55537719726563
2024-05-14,88.37688277195053,89.84458409903598,88.13308339876723,89.70793914794922,5751000,89.50877838134765
2024-05-15,90.87386484586588,93.23713512180977,90.15819439200298,93.16930389404297,7133000,90.1865005493164
2024-05-16,93.39539517582567,93.88889656708695,92.653189303733,92.69251251220703,8124000,90.88171997070313
2024-05-17,93.62937548209287,93.86727980287398,89.04734726401207,89.66175842285156,9106000,90.81585693359375
2024-05-20,89.88981721333097,93.39048279138453,89.80526818985274,92.60797119140625,6650000,91.56789703369141
2024-05-21,95.51978282207061,95.72327648168844,92.58732008483585,94.76676177978516,14234000,92.5796615600586
2024-05-22,95.47751253635552,95.63971795425414,93.32657884340344,94.94076538085938,8938000,92.93395385742187
2024-05-23,97.44264865012107,97.5842062013275,93.6313349611118,94.18971252441406,10576000,93.23339385986328
2024-05-24,94.774629279815,96.58935455662586,94.48069897096839,95.41263580322266,7196000,94.3835693359375
2024-05-28,95.84812523845295,95.91890401245035,94.2349287013832,95.48046112060547,9942000,94.95806732177735
2024-05-29,94.13072460792405,94.45611797452779,93.58906484219575,93.70899200439453,8802000,94.74651336669922
2024-05-30,93.58709198378152,94.48953825111266,92.55193832429121,93.45929718017578,10577000,94.4502197265625
2024-05-31,93.26563685401057,93.36295860900833,88.78486105243127,91.66423797607422,15598000,93.94512481689453
2024-06-03,93.09261924778983,93.62543637330074,89.58408586501781,91.97783660888672,6806000,93.25816497802734
2024-06-04,91.62295543432765,92.109564239604,89.48381922626226,90.7096939086914,6672000,92.30401153564453
2024-06-05,93.27645748017373,95.60826466529204,93.11621708123756,95.52568817138672,11660000,92.66735076904297
2024-06-06,94.57212636797561,95.77833566353543,93.80927258361386,94.58883666992188,8045000,92.89325866699218
2024-06-07,95.57877743344353,95.57877743344353,93.92723999815074,94.64094543457031,5813000,93.48860015869141
2024-06-10,93.90658724459671,99.1413664386263,93.8839743377026,98.6075668334961,10591000,94.81454620361328
2024-06-11,98.2114079583079,98.40408645134431,96.29543072387474,98.28120422363281,7123000,96.32884826660157
2024-06-12,99.42252855418656,102.3264759405729,98.89167647776583,102.00502014160156,15063000,97.62471466064453
2024-06-13,100.9767379994649,102.70986916009414,100.46259625551347,102.09053802490234,9582000,99.12505493164062
2024-06-14,100.76342974270844,102.44151021463179,100.57173376173995,101.84282684326172,6205000,100.5654312133789
2024-06-17,101.25494493978994,105.52042931753817,101.25494493978994,105.35429382324219,10497000,101.91477661132812
2024-06-18,105.48331748947297,108.51679819748097,105.2508820327727,107.31227111816406,11927000,103.72098999023437
2024-06-20,107.54274772000377,107.68752301999449,103.43573387685616,104.5279769897461,14615000,104.22558135986328
2024-06-21,104.39599216409101,104.84904328885389,102.30210442628895,103.44852447509766,16514000,104.49717864990234
2024-06-24,103.20920277501719,104.10743028923257,100.66324797743006,100.89469909667969,10415000,104.30755310058593
2024-06-25,100.92620816214354,103.85923215315167,99.71577492785505,103.69967651367188,8646000,103.97662963867188
2024-06-26,103.76862041820671,105.29718059881779,102.65273030877198,103.98135375976562,8787000,103.3104461669922
2024-06-27,105.99939994652783,106.83754414522737,103.22199436696214,103.98824310302734,9148000,103.20249938964844
2024-06-28,104.89632730073063,107.03059637650678,103.7065729619284,104.87663269042969,12237000,103.48812103271484
2024-07-01,104.62153100755425,105.57294364213325,102.47840296423,104.46099853515625,6145000,104.20138092041016
2024-07-02,103.30768271923152,105.72068180105794,103.07327855403341,105.66158294677734,5504000,104.59376220703125
2024-07-03,105.3838515356522,107.47084900049816,104.48858461184662,106.63861083984375,4308000,105.12521362304688
2024-07-05,107.38910812839013,107.79389587873804,105.88418737353255,107.13697052001953,5599000,105.75495910644531
2024-07-08,107.19506255244436,108.91567700394664,106.88482550926135,108.49710083007812,7275000,106.479052734375
2024-07-09,108.9393228594829,110.17831742293781,108.36217537494888,109.57457733154297,6242000,107.50176849365235
2024-07-10,109.92126654991334,111.24397636471969,109.00334445601446,111.02730560302734,7749000,108.57491302490234
2024-07-11,111.2705647189779,111.2932199061301,104.34871749849395,104.3930435180664,13516000,108.12579956054688
2024-07-12,104.1025009861696,107.68850553058415,103.66225393650475,105.36612701416016,9459000,107.771630859375
2024-07-15,105.36612274280218,106.5568613822067,104.65404351342067,105.29619598388672,7911000,107.13144989013672
2024-07-16,105.93735699035996,106.59921158691873,104.67669158722128,105.97380065917969,6284000,106.41129455566406
2024-07-17,100.37565839574154,100.37565839574154,95.25814055667144,95.306396484375,21142000,103.2671127319336
2024-07-18,96.93147268656534,96.93147268656534,92.12321524935724,93.82117462158203,16199000,101.15273895263672
2024-07-19,94.50469171472596,95.23941861416314,90.16721137479594,90.32577514648438,14103000,98.14466857910156
2024-07-22,92.7771758706295,96.6409259533602,91.67212873944501,96.230224609375,13319000,96.33147430419922
2024-07-23,94.92031287398385,96.25188935171283,94.15701715997277,94.51946258544922,6710000,94.04060668945313
2024-07-24,93.5650961675849,93.78571185357832,89.5063386213324,89.61270904541016,13159000,92.90186920166016
2024-07-25,89.71612769672443,90.3799434737195,86.86386589927046,87.07660675048828,19318000,91.5529556274414
2024-07-26,89.43837936709667,89.49353328785065,87.56116983787038,88.11270904541016,11679000,91.11034240722657
2024-07-29,89.54573155474762,91.72629509921593,87.73352706000786,87.88618469238281,8251000,89.44153442382813
2024-07-30,88.64061282192728,89.13995866784643,84.06183067797478,84.19479370117188,13399000,87.37660064697266
2024-07-31,88.00043347054324,91.07724832445376,86.72007350824481,90.73253631591797,19419000,87.60056610107422
2024-08-01,84.18397136073229,86.65606205068741,80.02770966727948,81.77885437011719,28880000,86.541015625
2024-08-02,78.79165594251816,79.32645358586885,74.6550970111991,75.14754486083984,27073000,83.94798278808594
2024-08-05,72.94926301143953,78.18595531082748,70.91249771234037,75.8753890991211,23639000,81.54582366943359
2024-08-06,76.33336541430833,78.29725097554812,75.42923174986869,75.85372161865234,12832000,79.87760925292969
2024-08-07,78.59369762637242,79.11273058087744,73.21320728305292,73.67512512207031,12823000,76.46612701416015
2024-08-08,76.841565393405,78.9078763175472,74.85207922548372,78.70597839355469,14911000,75.85155181884765
2024-08-09,79.57957609765116,80.40097875626263,77.96040280707923,79.5697250366211,12528000,76.73598785400391
2024-08-12,79.52442929883121,81.00866347441004,78.6163507473338,79.86421203613281,7256000,77.53375244140625
2024-08-13,80.26899601443156,82.95185082124898,80.04641163988657,82.80608367919922,15018000,78.92422485351562
2024-08-14,83.59400895671206,84.37503054474189,81.47549729187871,83.25618743896484,8602000,80.84043731689454
2024-08-15,85.16098394040823,88.158020996851,84.57004047700103,87.66557312011719,12064000,82.63235626220703
2024-08-16,85.8376068772763,86.80969853947914,84.70103779875753,85.79821014404297,11232000,83.8780532836914
2024-08-19,85.19348910360414,86.86387158594566,83.52901275011271,86.7968978881836,10306000,85.26459045410157
2024-08-20,86.73484833384485,86.87273314042358,84.3326846068084,84.98271942138672,9951000,85.69991760253906
2024-08-21,85.6366900943352,86.37437761789516,84.744376208539,86.01390838623047,8452000,86.25146179199218
2024-08-22,86.1773872536104,86.37534773770811,81.74634106841286,82.30970001220703,13665000,85.18028717041015
2024-08-23,83.81462366580615,84.90490544418823,82.26735334241029,83.45710754394531,10671000,84.71206665039062
2024-08-26,82.82974074528454,83.0661136489246,80.27295041844864,80.65410614013672,11154000,83.48350830078125
2024-08-27,79.84254610696593,81.63308738479542,78.7325696645854,80.8047866821289,8911000,82.64792175292969
2024-08-28,80.75455500181161,80.91411064103069,78.73552318532634,79.2949447631836,11739000,81.30412902832032
2024-08-29,80.60386436560343,81.44693789064227,78.17511560017418,78.5277099609375,12437000,80.5477310180664
2024-08-30,81.11503005609075,81.13275595536487,79.09106899327446,80.86092376708984,12427000,80.02849426269532
2024-09-03,79.33926961735015,79.44662440683462,75.00080461320485,75.41544342041016,16690000,78.98076171875
2024-09-04,74.11635502508632,76.11470775359345,73.155098858785,75.28936767578125,9434000,77.87767791748047
2024-09-05,73.89181145782267,75.73849114680112,73.63868950143055,74.45024871826172,8197000,76.90873870849609
2024-09-06,74.11537060429308,74.49652626453528,71.91511245439024,72.27460479736328,15530000,75.65811767578126
2024-09-09,73.16692644543024,73.2920071315582,71.20797023763673,72.32188415527344,11506000,73.95030975341797
2024-09-10,72.73848834207253,72.90691068804682,70.57960301149667,72.05103302001953,13518000,73.27742767333984
2024-09-11,72.0943635889196,75.74833331703306,71.14984895555267,75.52672576904297,22202000,73.32489929199218
2024-09-12,75.37800262102515,75.39376732391386,73.22600796434885,73.64852905273438,15067000,73.16455535888672
2024-09-13,74.4374372981099,76.0881175048492,74.26114011948994,75.80939483642578,8713000,73.87151336669922
2024-09-16,74.01098470663639,74.91610269978044,73.37473834215602,74.7013931274414,12521000,74.34741516113282
2024-09-17,76.3205353686934,76.66037176166915,74.78337657886397,75.67642974853516,11458000,75.07249450683594
2024-09-18,77.02589370339294,77.055529239486,74.35562035361151,74.67174530029297,11523000,74.90149841308593
2024-09-19,78.61640843327916,79.0955364201663,77.36276933957262,77.95155334472656,15943000,75.76210327148438
2024-09-20,76.685076535697,77.05553584263272,75.22793810248588,76.38278198242188,29262000,75.8767807006836
2024-09-23,76.76014768880135,77.63542105485791,76.3837643136689,77.45858764648438,7389000,76.42821960449218
2024-09-24,78.63616170179978,78.83275717469618,77.193841019741,78.14814758300781,9895000,76.92256317138671
2024-09-25,77.9446407222344,80.2977944724986,77.87252657233505,79.40177917480469,11680000,77.86856994628906
2024-09-26,85.21354416630761,85.27380259044381,81.50104488946695,83.72380065917969,20680000,79.02301940917968
2024-09-27,84.34715300731882,84.34715300731882,81.08415383856655,81.7104721069336,13895000,80.08855743408203
2024-09-30,81.16416562224425,82.09278594398144,79.44029996426968,80.61984252929688,10983000,80.72080841064454
2024-10-01,80.76112535028786,81.18986843392274,77.73422254457127,78.77249908447266,14368000,80.8456787109375
2024-10-02,79.42647827874494,82.03154919489862,79.02835812397832,80.42325592041016,14324000,81.04997406005859
2024-10-03,78.96217158519603,81.12565648310765,78.91277399308282,80.12788391113281,6725800,80.33079071044922
2024-10-04,81.9653584780011,82.08390063361371,79.51538425614962,80.55267333984375,7574100,80.09923095703125
2024-10-07,79.60429848206606,80.43412372016276,79.09059068389898,79.6339340209961,7542700,79.9020492553711
2024-10-08,79.7228469976681,80.62183194766993,78.83375061078377,80.02909851074219,6913500,80.153369140625
2024-10-09,79.78211883181255,82.44942283964085,79.7426022677763,81.856689453125,9078600,80.44005584716797
2024-10-10,80.55267545822531,81.94559858240245,80.03896764701457,81.06637573242188,7159500,80.62775421142578
2024-10-11,80.50327247844136,82.72602825000611,80.29581617753695,81.88632202148438,6530300,80.89448394775391
2024-10-14,82.75566172034318,85.25503336768938,82.74578823269938,84.66229248046875,8155000,81.90015563964843
2024-10-15,84.7611008762774,85.5118930530618,74.99085371874959,75.4354019165039,25611300,80.98141632080078
2024-10-16,76.21582679508975,76.56158729482496,72.97554404840515,73.24227142333984,20469200,79.25853271484375
2024-10-17,75.53418652539528,75.67249073854946,72.14571822908944,72.25438690185547,20940600,77.49613494873047
2024-10-18,73.3311916029236,73.3311916029236,71.57273834807825,71.95801544189453,18493400,75.5104736328125
2024-10-21,71.74068563634282,72.21486935011013,71.2072233055939,71.95801544189453,12374900,72.96961822509766
2024-10-22,71.79007522605379,72.52112038031999,70.56509184689908,72.11608123779297,13307000,72.30575408935547
2024-10-23,71.49371084720616,72.58038999404225,70.69351360391524,71.97777557373047,20569100,72.0528549194336
2024-10-24,75.25756810589382,76.54182995695194,73.54851264597924,75.6428451538086,23196200,72.73054656982421
2024-10-25,76.53195409421474,78.63616023143916,76.14667702031468,76.73941040039062,14591100,73.68682556152343
2024-10-28,76.23558198391589,77.08516924052229,74.26968009340283,74.53640747070312,10175800,74.20250396728515
2024-10-29,74.93156615834344,77.78657189096582,74.52653457669466,77.36177825927734,12540800,75.25164337158203
2024-10-30,75.9293387407341,76.2652182216774,74.93156624890848,75.52429962158203,11076800,75.96094818115235
2024-10-31,75.17854781578716,75.17854781578716,72.5606336184177,73.44973754882812,13044900,75.52232666015625
2024-11-01,73.45959726911971,74.55615720908227,73.16322686593594,73.89427185058594,10317500,74.95329895019532
2024-11-04,73.52877318066419,74.07211658353344,72.8668876077252,73.27191925048828,7773000,74.70040130615234
2024-11-05,73.6176736469671,75.86019164529286,73.6176736469671,75.47491455078125,8004900,74.32302856445312
2024-11-06,76.73940745439079,77.14443902603834,74.31907643824061,75.85030364990234,15034800,74.38822937011719
2024-11-07,77.11480827447066,78.50773891078343,76.41340621212674,78.25088500976562,11523600,75.34845886230468
2024-11-08,77.87548926574851,78.3990705582677,76.53195621395652,77.25311279296875,7527100,76.02022705078124
2024-11-11,76.49244135922298,76.94687055792684,73.94367940661006,75.24769592285156,10306200,76.4153823852539
2024-11-12,75.49465393810726,75.74162677161613,73.75597061685401,74.78337097167969,9672300,76.27707366943359
2024-11-13,73.5979109611932,74.16100877042246,72.61990056348203,72.95578002929688,11618100,75.6981689453125
2024-11-14,74.53640382502482,74.7241056046566,73.5979100008926,73.8843994140625,9993900,74.82487182617187
2024-11-15,70.78243006501496,71.82959268137792,69.1425264974137,69.2018051147461,14577400,73.21461029052735
2024-11-18,69.0437333851214,69.94271822951774,68.79676052066267,69.71549987792969,11514900,72.10817108154296
2024-11-19,69.201800864223,69.6661035265536,68.7177286146435,69.32034301757812,7445900,71.01556549072265
2024-11-20,69.16228854886259,69.36974486699029,68.03609280073262,69.2018051147461,8816900,70.2647705078125
2024-11-21,70.3279949139009,72.56062416985604,69.97235338804698,72.24449920654297,14509000,69.9367904663086
2024-11-22,71.73080909927513,72.38281363075835,70.73303648097442,71.76044464111328,8666500,70.44851837158203
2024-11-25,73.1138524612012,73.13360697503279,70.77254687891946,72.8174819946289,16714200,71.06891479492188
2024-11-26,73.21264149748006,73.56828304932834,71.12818977743034,71.8098373413086,7385200,71.56681365966797
2024-11-27,71.84934199584505,71.98764618341252,69.56730782695588,70.70338439941406,7846700,71.86712951660157
2024-11-29,72.95579231470803,74.85254235604053,72.76809803803373,72.98542785644531,10736500,72.01531524658203
2024-12-02,72.9854146386447,77.90511717546126,72.96566012673566,77.55935668945312,20059300,73.17509765625
2024-12-03,76.75916091687482,77.74705234456697,76.107156493845,77.39141082763672,9884600,74.08988342285156
2024-12-04,78.57689313997805,78.86338258789858,76.67026218706945,77.31239318847656,9380400,75.19039459228516
2024-12-05,76.93699271725474,76.93699271725474,73.74610716858415,74.29932403564453,12921600,75.90958251953126
2024-12-06,74.2301656459267,75.76140046384347,73.78561749208707,75.66260528564453,8330000,76.4450180053711
2024-12-09,75.54406234707479,77.30250796776761,74.75374615176811,76.51219177246094,10742200,76.23558502197265
2024-12-10,77.19383894659082,77.30250761136982,73.51888146828144,74.22028350830078,10620100,75.60135955810547
2024-12-11,75.62739494751317,78.00561643595726,74.74547231107279,77.52006530761719,14116900,75.6428939819336
2024-12-12,76.54897012766062,76.65797250223441,74.26983919041095,74.89412689208984,8641500,75.76185455322266
2024-12-13,75.68684591530189,76.61831779931715,74.7553815914441,75.56793975830078,10818700,75.7429214477539
2024-12-16,75.57784721641052,77.42096834055916,74.63647148059775,77.12369537353516,12749600,75.86522216796875
2024-12-17,77.18315002342355,78.02543478734522,76.71741404944763,77.10387420654297,14167900,76.44194030761719
2024-12-18,77.33179401994514,78.59026554295217,73.942832066501,74.51756286621094,15804700,75.84143981933593
2024-12-19,72.08979964080454,72.24835128263629,69.52330730995983,70.56377410888672,17426400,74.97536926269531
2024-12-20,69.89986281719904,72.80327388507523,69.6620428918208,71.13851928710938,29404500,74.08948516845703
2024-12-23,71.69342604914463,73.31854253072215,71.34660379273934,73.1302719116211,10406700,73.29080047607422
2024-12-24,73.39782357483884,73.49691457512955,72.56545010020636,73.16000366210938,5611700,72.5020263671875
2024-12-26,72.5852676119252,73.88337714587054,72.3375363231473,73.31855010986328,6297400,72.26222381591796
2024-12-27,72.63481098212453,73.09063560915803,71.98079680410363,72.73390197753906,5444100,72.69624938964844
2024-12-30,71.34659899786874,71.93124111078114,70.62322043155986,71.4952392578125,10381700,72.76759338378906
2024-12-31,71.74297173246644,72.13934324571588,70.89077562503539,71.57451629638672,7195200,72.4564422607422
2025-01-02,72.05016210841808,73.24918055546837,71.08896356520495,71.7826156616211,8075100,72.18096466064453
2025-01-03,72.5158897459694,74.59683067492563,72.30779640908953,74.42837524414062,8980100,72.4029296875
2025-01-06,76.47959580167034,79.42264441519322,76.30122898993689,77.2723388671875,15164600,73.31061706542968
2025-01-07,78.14434114982026,79.41272385976914,76.19221781397565,76.81649780273438,10896600,74.37486877441407
2025-01-08,76.71741488290377,77.04442196097027,75.54812303176503,76.34086608886719,8690800,75.32813873291016
2025-01-10,75.33011178898089,75.53821268256985,73.64554238873097,73.97254943847656,11957600,75.76612548828125
2025-01-13,72.50598540875947,73.90319338346993,71.9015205124865,73.77436828613281,8321800,75.63532409667968
2025-01-14,74.3590224093865,74.44820204190682,72.92217643968061,74.37883758544922,9033100,75.05662384033204
2025-01-15,75.1715770480882,76.56877747727273,74.76529413709059,75.45894622802734,11085800,74.78511352539063
2025-01-16,78.17407629432101,82.07832339582015,77.5993379530546,78.50108337402344,19156600,75.21715698242187
2025-01-17,80.67121653534089,81.0675805297467,78.87763695197265,79.5712890625,10351000,76.33690490722657
2025-01-21,80.0865619017791,81.68195183038215,79.1947278484982,80.76039123535156,10978300,77.7341094970703
2025-01-22,81.6819561868186,84.41691157602713,81.67204481898737,82.49451446533203,14716600,79.35724487304688
2025-01-23,80.01720387069422,80.65139534609507,78.72899818369694,80.49285125732422,11383300,80.36402587890625
2025-01-24,80.95858229967389,80.95858229967389,78.26327222327271,78.95691680908203,9091900,80.45519256591797
2025-01-27,76.09313357929773,76.13277148751789,72.74380971635209,74.94365692138672,19881300,79.52966613769532
2025-01-28,74.42837764802555,74.98329323096117,72.93207877528666,73.83382415771484,13597700,78.14435272216797
2025-01-29,76.74714061291529,76.78677852136704,73.79418825476135,74.468017578125,14558900,76.53905334472657
2025-01-30,79.02628077285868,81.34504199675342,76.8858788183476,79.99739074707031,24878500,76.43996124267578
2025-01-31,80.35411399426208,83.4557144445582,80.11629408336506,80.31448364257812,18832500,76.711474609375
2025-02-03,78.2533505317994,80.81984272088522,77.78761455984132,79.4622802734375,14537700,77.61519927978516
2025-02-04,78.28307668424294,79.84874003236571,78.25335014322863,79.18482208251953,9538800,78.68539886474609
2025-02-05,78.3821649789685,81.36485130741707,77.90652521877968,81.19639587402344,10738000,80.03107452392578
2025-02-06,80.41356898478162,82.3062318911205,80.19556426506384,82.07832336425781,9903200,80.44726104736328
2025-02-07,82.43505901929304,82.75215473938957,81.04776240881132,81.5828628540039,9833600,80.70093688964843
2025-02-10,82.79178700568842,83.90161817029241,81.81076580963024,82.97015380859375,13613100,81.40251159667969
2025-02-11,82.30623549488058,83.73317004266909,82.22696723346002,82.50442504882812,8903400,82.06643218994141
2025-02-12,80.5423885127936,81.3945846781535,79.75955679995562,80.82975769042969,7973000,81.99310455322265
2025-02-13,80.83966745646384,82.90079337650874,80.71084236136218,82.54405975341797,7845900,82.08625183105468
2025-02-14,81.89996295477745,82.85125016594964,80.97840228767959,81.99905395507812,9149500,82.16949005126953
2025-02-18,84.13944569350372,86.02219715241779,82.61342028057842,85.7942886352539,16205500,82.73431701660157
2025-02-19,85.5168356383223,88.9850733457372,84.97182383166523,86.86449432373047,15588000,83.60633087158203
2025-02-20,89.16344533882683,90.88765292526648,87.75632592720774,88.21215057373047,16888400,85.08280944824219
2025-02-21,88.82651582255518,89.40125413328792,84.94209166203451,85.23936462402344,12860900,85.62187042236329
2025-02-24,85.66547213325737,85.9231147768907,82.46478828414517,82.58369445800781,11728700,85.73879852294922
2025-02-25,82.30623772413509,82.94042919362732,79.20464483239469,79.5613784790039,19088100,84.49221649169922
2025-02-26,80.94867791605768,82.17742298511158,79.91811485292382,80.56221771240234,12427500,83.2317611694336
2025-02-27,80.90903240361811,81.42431010670913,75.3499422298918,75.478759765625,14830200,80.6850830078125
2025-02-28,76.0534980983679,77.47052123179267,74.6860242418392,76.04358673095703,22608300,78.84592742919922
2025-03-03,77.23269434312641,79.0262661140507,73.87345930998751,75.09229278564453,14787100,77.34764709472657
2025-03-04,75.34003209361893,77.75789169108762,73.40773122525393,75.7463150024414,15417700,76.58463439941406
2025-03-05,76.29297795759744,78.92685631057957,75.06051692158331,78.56904602050781,15404800,76.18600006103516
2025-03-06,76.66071060403983,78.09195155257835,75.39844107740763,76.00473022460938,13195500,76.29119415283203
2025-03-07,76.18363995649828,79.0063569059635,74.88160523247876,78.52928161621094,14160300,76.78833312988282
2025-03-10,76.4321196251253,76.90919491951874,72.25766909281974,73.36091613769531,16652700,76.44205780029297
2025-03-11,73.62927097259555,74.93129800865191,72.00918365838406,72.91365051269531,12617500,75.87552490234376
2025-03-12,74.85178215256741,77.18748990213541,74.7126345738239,76.12399291992188,12702100,75.38651428222656
2025-03-13,75.64692800239811,76.79986632411864,74.09642186585226,74.8021011352539,9746200,75.14598846435547
2025-03-14,76.29296984805431,78.59885392620464,76.05442462471213,78.21122741699219,11862000,75.08237762451172
2025-03-17,76.64083846149107,78.6584860725615,76.64083846149107,77.83353424072266,9555200,75.97690124511719
2025-03-18,77.0085853480613,77.36638799387457,75.70655073326064,76.88931274414062,8094700,76.77203369140625
2025-03-19,76.89925834356531,78.99642102006105,76.39235922714398,77.45584869384766,8907200,77.03840484619141
2025-03-20,76.22339506518506,77.62481221501604,75.9749161479904,77.07816314697266,10689100,77.49361724853516
2025-03-21,75.5375854333283,75.90533693438759,74.81202371042058,75.37855529785156,20062000,76.92708282470703
2025-03-24,77.2669935220743,78.30066661457708,76.90918331378587,77.51547241210938,7954800,76.86347045898438
2025-03-25,77.37633860765592,77.89317903735407,76.99865335747288,77.19743347167969,6437300,76.92509460449219
2025-03-26,77.27693968389417,77.38627100905596,74.67287802191015,75.6767349243164,7325600,76.56927185058593
2025-03-27,75.42825861043784,75.60716373203425,73.89762758855181,74.35482788085938,8441800,76.02460479736328
2025-03-28,74.17591908191763,74.84184830221913,71.79052768952323,72.168212890625,9541500,75.38253631591797
2025-03-31,71.16436180043503,72.4067564114167,70.011423544591,72.2576675415039,11778100,74.33097534179687
2025-04-01,71.6016846899463,72.40675394387458,70.31953258515055,72.38687896728516,9066200,73.36886444091797
2025-04-02,71.28362909487696,74.3448910078657,71.12459895670771,73.33109283447266,7641400,72.89973602294921
2025-04-03,69.79275949787178,70.12075348859058,64.71384982210415,64.82318115234375,19479400,70.9934066772461
2025-04-04,62.129666109638904,62.686260243021316,57.61729190411704,58.73047637939453,26250900,68.305859375
2025-04-07,57.56759084794371,65.69782091685445,55.9773273737138,61.82155227661133,28191400,66.21863632202148
2025-04-08,64.25664949557151,65.70776546186056,58.38260804544057,59.883419036865234,19560800,63.7179443359375
2025-04-09,60.320741821342544,71.4327233230132,59.55542628556929,70.6773452758789,29544700,63.18719482421875
2025-04-10,67.58626516044986,67.58626516044986,62.88504452412058,66.02581787109375,20011800,63.42772216796875
2025-04-11,65.29032509746408,67.54651041163203,64.18707805811619,67.0694351196289,14706200,65.09551391601562
2025-04-14,68.22236598970099,68.93798643300839,66.50289625289635,67.44711303710938,9945000,66.22062606811524
2025-04-15,67.6757135410686,69.1168957955428,67.53656595552968,68.02359008789062,10674200,67.84866027832031
2025-04-16,64.84305765519365,66.41344626925103,62.56699360090873,64.74366760253906,17845300,66.66192474365235
2025-04-17,64.94244750066544,64.98220503819543,63.093767503370465,63.37206268310547,13847700,66.13117370605468
2025-04-21,61.980582607527744,62.28869404275057,60.768004260815495,62.010398864746094,14302900,65.11936645507812
2025-04-22,62.58686994352078,63.63047683040038,62.179364677054174,63.09376525878906,10857300,64.24869689941406
2025-04-23,66.40350498989827,67.59620837069266,65.93636340114358,66.3239974975586,18214700,63.90877838134766
2025-04-24,69.24610072818545,70.77673172173753,67.1390044272491,70.46862030029297,18159400,65.05376892089843
2025-04-25,69.9020863741604,71.85016005152502,69.86232883997243,70.9854507446289,9751500,66.57644653320312
2025-04-28,70.51831392578053,71.50229590122895,69.61385460701533,71.1345443725586,10255000,68.40127563476562
2025-04-29,70.45867902067312,71.22399830893642,69.79275736265924,70.46862030029297,8583800,69.87624664306641
2025-04-30,68.47084821382376,71.40289633494314,68.1130379747955,71.23393249511719,11233900,70.85823364257813
2025-05-01,71.74083814970898,73.08262287712371,70.96558508866826,71.2935791015625,14147600,71.02322540283203
2025-05-02,73.79823547207904,75.03068872912066,73.24164514624887,74.06658935546875,13339400,71.639453125
2025-05-05,73.43048804941111,74.44428629418333,73.33109799754469,73.46031188964844,6960800,72.10460662841797
2025-05-06,72.14833505438189,73.43048718235141,72.14833505438189,72.71487426757812,6892700,72.553857421875
2025-05-07,72.99317105874157,74.84185485786149,72.46639695372971,74.60330963134766,9984700,73.2277328491211
2025-05-08,75.63697825980579,75.95503095948875,74.36476746107391,74.44428253173828,10469400,73.85787353515624
2025-05-09,75.22948326529139,75.83577246106445,74.19581000664513,74.9014892578125,7037000,74.024853515625
2025-05-12,80.17916903882302,82.0477352061006,80.17916903882302,81.74955749511719,17456900,75.68270263671874
2025-05-13,81.85889240150829,85.25808205729203,81.74956107489174,84.73130798339844,11920200,78.08598937988282
2025-05-14,84.62198203745493,85.51650768348009,83.81691274751978,84.45301818847656,8654500,80.0559310913086
2025-05-15,83.71751854918304,84.74125045556819,82.99195678806002,84.27410888671875,9058000,82.02189636230469
2025-05-16,83.89642293627708,83.94611416856581,82.0278566772105,83.91629791259766,10100400,83.82485809326172
2025-05-19,82.19682451491359,83.93617697209837,82.03780194768936,83.31001281738281,9222300,84.13694915771484
2025-05-20,83.0217825407752,83.83679316380984,82.54470722059543,83.77716064453125,6913300,83.94611968994141
2025-05-21,82.70372052508431,84.26416779601139,81.7296874322118,82.2862777709961,8082700,83.51277160644531
2025-05-22,82.13719329901329,83.310014134867,81.55078667257396,82.05767822265625,6241600,83.06948547363281
2025-05-23,79.63252739128245,80.89479697439397,79.29459211532372,80.56680297851562,8276700,82.3995864868164
2025-05-27,82.53476507678066,83.60819591042512,81.80920324025003,83.42929077148438,9530200,82.42344207763672
2025-05-28,83.46903951328117,84.51264639461823,83.07147173721127,83.4889144897461,9464100,82.36579284667968
2025-05-29,85.32765381808859,85.73516285904871,83.10128496928074,83.64794158935547,8238500,82.63812561035157
2025-05-30,83.16092101101354,83.30006859603722,79.00635327093973,80.29844665527344,19191600,82.286279296875
2025-06-02,80.08972345524974,82.02785590467231,79.9406345938385,81.97816467285156,8246300,82.56855163574218
2025-06-03,81.57066339834707,83.49886233496653,81.45139078125531,83.15099334716797,8920700,82.51289215087891
2025-06-04,83.69763634467411,84.52258815771644,82.98201586025063,84.25422668457031,7992200,82.66595458984375
2025-06-05,84.97978578932556,85.8146712730421,83.82684002650817,84.39337921142578,10907700,82.8150421142578
2025-06-06,85.73517433064272,87.04714281139258,85.33760651584497,85.82462310791016,7877800,83.92027740478515
2025-06-09,86.5700529985808,88.78648827043806,86.49053792538083,87.76275634765625,14496200,85.07719573974609
2025-06-10,88.24977445862817,90.81407874228323,87.80250785121397,90.44632720947266,11118900,86.53626251220703
2025-06-11,90.83394699909104,91.43029484854758,89.32319860826952,90.39662170410156,10646500,87.76474151611328
2025-06-12,90.06864455952729,91.34085545772733,89.93943066385144,91.1023178100586,5989700,89.10652923583984
2025-06-13,88.22988979315804,90.6749289895393,87.64348319364261,88.97532653808594,10979000,89.736669921875
2025-06-16,90.39662793298655,93.01063102073634,90.30717916174294,92.84166717529297,11642100,90.75245208740235
2025-06-17,92.77208492866194,94.44186355633343,91.98689822296635,92.09622955322266,10229500,91.08243255615234
2025-06-18,92.71398627211533,93.26199558287648,91.46850019968952,91.90690612792969,9373900,91.38448944091797
2025-06-20,92.7139916906535,93.09261674213542,87.4331273941979,90.1632308959961,22925200,91.19667205810546
2025-06-23,91.04005124049121,92.42503112288023,89.96394946656716,91.27918243408203,12551300,91.65744323730469
2025-06-24,92.89333324732351,95.42415416632922,92.89333324732351,95.28466033935547,12838800,92.14604187011719
2025-06-25,95.90242870524435,97.01838697593277,94.97578675238225,95.67325592041016,8690500,92.86144714355468
2025-06-26,95.93232007040983,96.57997436224056,95.49390653098399,96.49029541015625,9477500,93.778125
2025-06-27,96.68957313394021,97.66602993190872,96.04191887300972,96.84899139404297,10781000,95.11527709960937
2025-06-30,97.19773559227859,97.31729738938655,96.50025883449297,96.98848724365234,8218300,96.25713806152343
2025-07-01,96.24119667611886,96.96856389128163,94.14878158314764,96.46040344238281,9760300,96.4922866821289
2025-07-02,95.50387183122119,98.59267581309477,94.85621754425323,98.47311401367188,11023000,97.05225830078125
2025-07-03,98.47311043950462,99.14068913486479,98.3037261619076,98.45317840576172,5028900,97.44483489990235
2025-07-07,98.00481315934897,98.56278851273562,97.35715885168572,97.78560638427734,7239600,97.63215789794921
2025-07-08,98.47311641407927,99.9278432899878,97.86531857938436,99.4695053100586,9570200,98.12836151123047
2025-07-09,99.4396112868741,100.72494622688606,98.55282580945986,99.44956970214844,7323000,98.7261947631836
2025-07-10,100.55556689084163,101.28293413936049,99.81824122655863,100.69506072998047,6569800,99.17058410644532
2025-07-11,99.9676944797724,101.66155247276427,99.90790597991655,101.36264038085938,6203800,99.75247650146484
2025-07-14,100.20682791730245,100.63527543361833,98.42329093551508,99.26026153564453,12938100,100.04740753173829
2025-07-15,101.1733287134195,101.82098301171598,100.24668674246456,100.70502471923828,9190600,100.29451141357421
2025-07-16,97.367121088393,100.05736798272166,95.84264734148385,100.00755310058594,15369700,100.40610809326172
2025-07-17,99.10083402618156,101.01389879214462,97.90517044791557,100.42603302001953,9745900,100.35230255126953
2025-07-18,100.87440856482328,101.36264459168444,99.99758908289624,100.2965087890625,8115500,100.13907623291016
2025-07-21,100.51570174464963,102.21952572004783,100.366249502649,101.37259674072266,7026700,100.56154327392578
2025-07-22,100.63527933782886,100.75484874301291,96.68958018888378,97.33723449707031,14170100,99.88798522949219
2025-07-23,97.90517388536159,98.02473568627981,96.05188995269003,96.74935913085938,12013900,99.23634643554688
2025-07-24,97.21766201991882,98.26387337714904,96.67961111635846,97.4269027709961,9076600,98.63652038574219
2025-07-25,96.35080004825456,96.97852989736491,95.97217501683333,96.60986328125,8914400,97.8991912841797
2025-07-28,98.62257083017688,99.17058013163845,97.56639348942913,98.26387023925781,8156100,97.27744598388672
2025-07-29,99.03108984929537,99.8580944414175,97.67600036880535,98.58271789550781,7283700,97.52654266357422
2025-07-30,99.16061762586885,100.28654192128272,97.59628739413104,98.73217010498047,12529400,97.92310485839843
2025-07-31,90.69131511983645,95.28466859682628,90.61160978454654,94.49752044677734,27661800,97.33722839355468
2025-08-01,92.37520872987017,96.31094922114848,92.1360775360468,96.0219955444336,16601000,97.2196548461914
2025-08-04,97.07816963941328,98.45318356787075,96.29102150585445,98.05463409423828,11876700,97.1778076171875
2025-08-05,98.42328658714571,98.9912279114174,95.27470186366298,96.33087158203125,12100100,96.7274383544922
2025-08-06,95.95225224089965,96.12163652615627,93.9295764277669,95.59355163574219,10631900,96.09971466064454
2025-08-07,98.2439371431476,99.8281993362177,97.61621491674823,98.79195404052734,9572300,96.95860137939454
2025-08-08,98.79195879635925,101.86083836573421,98.63253292695822,101.382568359375,8765100,98.03071594238281
2025-08-11,103.52480075509554,103.77389796210885,101.34270678906914,101.63166046142578,8637000,98.74612121582031
2025-08-12,102.27932588268973,105.25852667519953,101.02387369380777,104.89982604980469,11885800,100.459912109375
2025-08-13,106.11541439356712,107.10183724392064,105.06920304190712,106.35454559326172,12118600,102.6121109008789
2025-08-14,105.81649411500739,107.62992153996807,105.20869630097472,106.99223327636719,11163800,104.25216674804688
2025-08-15,104.30199426480742,105.5076239667673,98.90156804886817,99.15066528320312,23155700,103.8057861328125
2025-08-18,98.64249572871947,99.43960984605262,98.0446639416414,98.5229263305664,15119300,103.18403930664063
2025-08-19,98.47311383867411,100.26660924342453,97.84538398544423,99.96769714355469,11622900,102.19761352539062
2025-08-20,100.62530583931863,100.65519628793143,96.96856065671132,98.79195404052734,14287700,100.68509521484376
2025-08-21,98.40336868458867,99.48942892337185,96.78921594973897,98.05463409423828,10706500,98.89757537841797
2025-08-22,98.69232566913418,102.17968689275243,98.23398007583575,99.7186050415039,9689700,99.01116333007812
2025-08-25,99.61895992867441,101.38256483704825,99.53924699674336,100.91426086425781,5438500,99.4894302368164
2025-08-26,100.93419517117475,103.61447605158413,100.73491283685934,103.25577545166016,11781100,100.1470458984375
2025-08-27,102.79743697812744,103.40523479156298,102.00033045033132,103.2956314086914,7214700,101.04778137207032
2025-08-28,103.62443998087264,104.5211914626143,102.58819466884269,103.714111328125,7375200,102.17967681884765
2025-08-29,101.54199961349552,102.31918176342943,98.45318784572542,99.7883529663086,12178800,102.1936264038086
2025-09-02,95.42415909658241,96.91874240724432,93.77015751907537,96.67961120605469,14695200,101.34669647216796
2025-09-03,96.679611622757,97.50661621599693,96.09174583358123,97.38704681396484,11023300,100.1729507446289
2025-09-04,97.30734511406021,100.74488383100076,96.80915065642569,100.057373046875,8822400,99.52529907226562
2025-09-05,101.33274571569706,102.63802031337691,100.31643240631402,102.57823181152344,8142000,99.29812316894531
2025-09-08,104.63080137349165,105.98589089672504,104.10271646846648,104.69058227539062,7972700,100.27856903076172
2025-09-09,104.53116139884892,105.43787132971877,104.08278184024488,105.18877410888672,7264300,101.98040161132812
2025-09-10,106.31468502177589,107.39078678162146,104.23223601788987,106.97230529785156,12279400,103.89745330810547
2025-09-11,107.95873325170191,115.48147231024411,107.89895235170013,115.16262817382812,20296100,106.91850433349609
2025-09-12,115.50139051528272,117.07568667975936,115.46153405014924,116.53763580322266,11060500,109.71038513183593
2025-09-15,117.37461375185461,118.89908753036443,116.60739005299214,118.7795181274414,9785700,112.52817230224609
2025-09-16,119.54673710902661,120.5331599382248,118.24146255128218,120.03496551513672,9897200,115.49741058349609
2025-09-17,120.38369895208221,122.83481457826642,119.07843200852942,121.45980072021484,10996100,118.39490966796875
2025-09-18,126.09301861751881,128.23524867583086,124.58846924664026,125.86384582519531,13763900,120.53515319824218
2025-09-19,125.90370219903139,127.33850464975121,124.54861268487245,126.46167755126953,24271900,122.51996154785157
2025-09-22,129.3312831781452,132.15106560958984,128.69359488576933,131.7226104736328,13403700,125.10858001708985
2025-09-23,129.2814472117346,133.08765973762613,128.89285618664445,131.4535675048828,12051100,127.39230041503906
2025-09-24,129.78633177875707,130.01594948492695,126.81122636041252,128.10910034179688,12435900,128.72216033935547
2025-09-25,126.23218594823203,128.84787484755435,124.8145140681111,127.9194107055664,9621700,129.13327331542968
2025-09-26,127.72972120030568,128.54836553284557,126.16230194535996,128.11907958984375,8789000,129.46475372314453
2025-09-29,132.86127703868732,133.1408156235596,130.8146432872427,130.87454223632812,11015500,129.2951400756836
2025-09-30,131.13411973898997,133.9894196633452,130.59499875003428,133.67991638183594,10328800,129.74040985107422
2025-10-01,132.19236920022757,142.85480780611522,131.7231404926271,142.5552978515625,15549100,132.62964935302733
2025-10-02,146.728441692449,147.1078220001818,143.47380530447163,146.7484130859375,16417100,136.39544982910155
2025-10-03,145.58033633106797,147.66689753336112,144.36234031465455,145.57034301757812,8970300,139.88570251464844
2025-10-06,149.65361346739465,153.44737071247764,148.87489671906346,148.90484619140625,11217100,143.49176330566405
2025-10-07,148.9847180072174,149.1145092111302,139.27071471577776,140.11932373046875,16549800,144.77964477539064
2025-10-08,137.68333021891988,142.64516258124118,137.3838202621001,142.3057098388672,13695700,144.72972717285157
2025-10-09,141.51701679635556,142.6251929869664,140.34894166036727,140.76824951171875,8102500,143.5336944580078
2025-10-10,140.36892434437652,141.56694904942012,130.804667631242,131.15408325195312,18749000,140.65044250488282
2025-10-13,137.86303467324433,138.6717009377608,136.35552195999205,137.58349609375,10048100,138.38617248535155
2025-10-14,133.87960017945917,140.6883829489543,133.8196859987644,138.08267211914062,10509700,137.97884216308594
2025-10-15,143.76332119276978,144.9813172160164,140.86809373445482,144.5420379638672,9722700,138.42610778808594
2025-10-16,147.33744534576587,147.33744534576587,140.1392887055247,142.13600158691406,11650300,138.699658203125
2025-10-17,142.02617206451438,142.41553044043224,139.59019531198507,141.27740478515625,6389800,140.7243225097656
2025-10-20,143.25417051378838,146.23924650843753,143.19425633130004,143.81324768066406,8919400,141.97027282714845
2025-10-21,143.74334988040414,145.20095692392908,142.23583720396022,144.80160522460938,8855600,143.31405944824218
2025-10-22,144.6618321881984,145.51044119775824,136.63505366132225,141.01783752441406,16927800,142.60921936035157
2025-10-23,137.77318699484474,148.21600192931544,137.14421757073322,147.29750061035156,13336600,143.64151916503906
2025-10-24,149.6636146837047,152.95819391876722,147.75675026407123,151.43069458007812,10966400,145.67217712402345
2025-10-27,155.8833749461289,157.98990765757836,155.48403846101573,156.64212036132812,13313100,148.23795166015626
2025-10-28,155.26438554025052,155.8733835298563,154.02641816837883,155.3642120361328,7939700,150.35047302246093
2025-10-29,157.98989374689745,162.8219348663838,157.83015307343285,160.40591430664062,12783300,154.22808837890625
2025-10-30,162.10312666553176,164.94844854943213,160.03653680244273,160.745361328125,10440600,156.91766052246095
2025-10-31,162.28283271375705,163.79034536433215,156.34261529591117,157.20120239257812,9652100,158.07176208496094
2025-11-03,159.72704534918736,161.9733472411579,158.73866703258486,160.97499084472656,7302400,158.93833618164064
2025-11-04,155.3742089346946,160.82522626108835,154.9049802154635,155.52395629882812,11211100,158.97028503417968
2025-11-05,157.3110304470193,166.64565395457348,156.74195996807532,164.7787322998047,11130200,159.8448486328125
2025-11-06,163.12145606261558,164.93847207265418,159.92671854169566,161.92343139648438,9640100,160.08046264648436
2025-11-07,159.56731107212283,159.68710896971427,152.9482030234118,159.08810424804688,11609300,160.4578430175781
2025-11-10,164.2895197883262,166.87525909872008,163.43093271134222,166.09654235839844,10030600,161.4821533203125
2025-11-11,163.90016943121236,164.34942676740678,157.45079557593647,158.91836547851562,9144600,162.16103515625
2025-11-12,161.04487378652584,161.89348284814787,158.2195232527978,161.15469360351562,8950000,161.43622741699218
2025-11-13,158.62884557167507,160.04650981183468,151.48061019139743,153.06800842285156,13693700,159.66514282226564
2025-11-14,147.26754435934006,152.69860551240373,145.13106231215642,148.0163116455078,15076100,157.4507843017578
2025-11-17,147.06787351360333,153.5571898782865,145.7001301699878,147.21763610839844,10487800,153.6750030517578
2025-11-18,145.01126853646124,147.197671511513,142.2657884092649,143.00457763671875,12706700,150.49224548339845
2025-11-19,146.5287729098994,150.15279627843742,145.27083409790086,148.55543518066406,9818300,147.97239379882814
2025-11-20,153.2077787096926,154.1162714493302,138.072692141938,139.36056518554688,13695500,145.23090515136718
2025-11-21,139.57022088428303,144.17264427067764,135.27728552923344,142.41552734375,14654600,144.11074829101562
2025-11-24,145.36070055810933,152.3092526966946,144.19261014335382,150.13284301757812,23096000,144.69378967285155
2025-11-25,149.30420468753644,152.54886303145207,145.26085816606883,151.68028259277344,9691500,146.4289306640625
2025-11-26,152.7185782269453,156.71200378772843,152.24934950485653,154.885009765625,8398100,147.6948455810547
2025-11-28,155.9432595327604,155.9432595327604,153.57715984728213,155.74359130859375,4919200,150.97145080566406
