Date,Open,High,Low,Close,Volume,Dividends,Stock Splits,MA5
2021-01-08 00:00:00-05:00,80.56656687765368,82.14783726990942,75.22734693240989,75.56897735595703,51272100,0.0,0.0,75.14925231933594
2021-01-11 00:00:00-05:00,74.75879924860561,77.88229462989226,74.59286558112316,76.78907012939453,19920800,0.0,0.0,76.05115966796875
2021-01-12 00:00:00-05:00,77.29665460928472,77.71637406939777,75.95940715567241,77.56019592285156,18231000,0.0,0.0,76.48063812255859
2021-01-13 00:00:00-05:00,77.06238904871381,78.46796260995785,76.67195856790966,77.99944305419922,15067700,0.0,0.0,77.02724914550781
2021-01-14 00:00:00-05:00,78.09702787325821,80.24442467866528,77.64802699383608,79.35618591308594,17639300,0.0,0.0,77.45477447509765
2021-01-15 00:00:00-05:00,78.98528480839212,79.92233130886977,77.62851886475413,78.79006958007812,14322600,0.0,0.0,78.09899291992187
2021-01-19 00:00:00-05:00,79.33667484101191,83.63147670618525,79.02432602065294,83.45578002929688,26602500,0.0,0.0,79.43233489990234
2021-01-20 00:00:00-05:00,83.87550257701248,85.16394243982738,81.2400597725677,81.50360107421875,21191700,0.0,0.0,80.22101593017578
2021-01-21 00:00:00-05:00,81.99163934692528,83.06533789659558,80.53726592461717,82.97749328613281,14696200,0.0,0.0,81.2166259765625
2021-01-22 00:00:00-05:00,82.0697338237977,82.91892823555628,80.26396694654875,80.3127670288086,14229500,0.0,0.0,81.40794219970704
2021-01-25 00:00:00-05:00,81.20103841502932,81.5036243379191,77.00384280565957,79.33670043945312,19283400,0.0,0.0,81.51726837158203
2021-01-26 00:00:00-05:00,79.83449540140498,80.01995510142832,77.12096321804057,77.6090087890625,13678000,0.0,0.0,80.34791412353516
2021-01-27 00:00:00-05:00,75.48111146442511,75.73488973787578,72.5528387496773,73.29466247558594,23513400,0.0,0.0,78.7061264038086
2021-01-28 00:00:00-05:00,75.35421933002762,78.26297367509765,74.88569983831438,76.5157699584961,18351400,0.0,0.0,77.41378173828124
2021-01-29 00:00:00-05:00,76.4865108372491,77.47236508350636,75.1102186021487,76.3986587524414,17934400,0.0,0.0,76.6309600830078
2021-02-01 00:00:00-05:00,77.68708342625153,79.15122000749547,76.60362920735606,78.50700378417969,14900200,0.0,0.0,76.46502075195312
2021-02-02 00:00:00-05:00,79.31716283066004,79.78568237629592,78.00919691787675,79.6685562133789,11386200,0.0,0.0,76.8769302368164
2021-02-03 00:00:00-05:00,79.89304650818384,80.55678868313531,77.08190712149818,77.21855926513672,17456000,0.0,0.0,77.66170959472656
2021-02-04 00:00:00-05:00,77.25761370018411,79.39524819077208,77.07215400419842,79.30740356445312,11519700,0.0,0.0,78.22003631591797
2021-02-05 00:00:00-05:00,79.81494403581954,80.05896674375794,78.79005313066749,79.16096496582031,10958000,0.0,0.0,78.77249755859376
2021-02-08 00:00:00-05:00,79.79545099746544,82.05021915637715,79.6880803758997,82.00141906738281,12394800,0.0,0.0,79.47138061523438
2021-02-09 00:00:00-05:00,81.35720055101739,81.99166132447279,80.42991688387981,81.32791900634766,10362500,0.0,0.0,79.80325317382812
2021-02-10 00:00:00-05:00,81.9916709430497,82.42115350721541,79.35622735581741,80.38111877441406,9869200,0.0,0.0,80.43576507568359
2021-02-11 00:00:00-05:00,82.3820749890115,84.56851656071817,81.9916371323182,84.41234588623047,18750400,0.0,0.0,81.45675354003906
2021-02-12 00:00:00-05:00,84.05120992367942,86.20837048184369,83.4167491837524,85.9057846069336,14273900,0.0,0.0,82.80571746826172
2021-02-16 00:00:00-05:00,87.08684521248145,87.08684521248145,84.9687294081246,85.64222717285156,10312800,0.0,0.0,83.53387908935547
2021-02-17 00:00:00-05:00,84.6173429951917,85.23227773019218,82.8701389674463,83.99264526367188,10033500,0.0,0.0,84.06682434082032
2021-02-18 00:00:00-05:00,84.45140267665,86.60857066269216,83.90479401791595,86.42311096191406,19168100,0.0,0.0,85.27522277832031
2021-02-19 00:00:00-05:00,88.09222399788497,89.30257490727095,86.68665039538237,88.78524780273438,21886500,0.0,0.0,86.1498031616211
2021-02-22 00:00:00-05:00,87.38943632101692,88.35576443956299,83.86574680064912,84.2171401977539,16077000,0.0,0.0,85.81207427978515
2021-02-23 00:00:00-05:00,83.20200377710391,87.06732366261348,80.46895314892735,86.12052154541016,23203200,0.0,0.0,85.90773315429688
2021-02-24 00:00:00-05:00,86.18883250412225,90.3860190547198,85.6324609692786,90.30792999267578,21281700,0.0,0.0,87.17079010009766
2021-02-25 00:00:00-05:00,89.33184903757822,90.87407467381101,85.48605538957183,86.01314544677734,22546200,0.0,0.0,87.08879699707032
2021-02-26 00:00:00-05:00,87.59440239362361,90.71789799544503,86.12051037676912,89.34160614013672,22787600,0.0,0.0,87.20006866455078
2021-03-01 00:00:00-05:00,92.27963594353936,93.46070505635777,90.35673565060151,92.49437713623047,19908900,0.0,0.0,88.85551605224609
2021-03-02 00:00:00-05:00,91.33284140084656,92.63104431518592,88.72668002326647,88.9121322631836,18679600,0.0,0.0,89.41383819580078
2021-03-03 00:00:00-05:00,88.40455350626127,91.0985665056201,86.27667502252542,86.97946166992188,26424100,0.0,0.0,88.74814453125
2021-03-04 00:00:00-05:00,86.68665859031015,87.60418671723616,79.89306461428858,82.31377410888672,31971100,0.0,0.0,88.00827026367188
2021-03-05 00:00:00-05:00,85.4372430982974,87.18444686270848,81.3083823840437,86.80377197265625,30329100,0.0,0.0,87.50070343017578
2021-03-08 00:00:00-05:00,86.45236954268117,87.57487555185462,82.84083624045266,83.01653289794922,22708300,0.0,0.0,85.60513458251953
2021-03-09 00:00:00-05:00,85.89601092891506,88.02388967935163,84.23665915112718,87.16493225097656,22301400,0.0,0.0,85.25569458007813
2021-03-10 00:00:00-05:00,87.85794421306026,87.85794421306026,83.27031250344027,83.36792755126953,23407800,0.0,0.0,84.53338775634765
2021-03-11 00:00:00-05:00,85.49581991315125,88.06294439348846,84.77351455018609,87.17469787597656,20716500,0.0,0.0,85.50557250976563
2021-03-12 00:00:00-05:00,85.47627833245267,86.41332468656078,84.36353532151286,85.67149353027344,21916400,0.0,0.0,85.27911682128907
2021-03-15 00:00:00-04:00,85.67150503704903,86.78425564442787,84.08047936486558,86.7256851196289,16144400,0.0,0.0,86.020947265625
2021-03-16 00:00:00-04:00,88.5802686693403,92.41630704843739,87.9555709516183,89.24401092529297,28539000,0.0,0.0,86.43676300048828
2021-03-17 00:00:00-04:00,89.14638500186753,93.20691933345167,87.9457899004503,92.49437713623047,24616700,0.0,0.0,88.26205291748047
2021-03-18 00:00:00-04:00,90.74718110838904,91.24498960160723,87.27229954494567,87.67249298095703,27081000,0.0,0.0,88.36161193847656
2021-03-19 00:00:00-04:00,88.1995855283834,90.46411640628637,86.76473053152121,88.34600067138672,24963400,0.0,0.0,88.89651336669922
2021-03-22 00:00:00-04:00,89.63443295271775,90.21032303369913,87.50655440219046,89.09757995605469,19365800,0.0,0.0,89.37089233398437
2021-03-23 00:00:00-04:00,88.84380412167776,89.08782688425289,82.93845773555003,83.3581771850586,32043800,0.0,0.0,88.1937255859375
2021-03-24 00:00:00-04:00,84.97848357557015,85.06633564161841,80.93746726495824,81.01555633544922,24232800,0.0,0.0,85.89796142578125
2021-03-25 00:00:00-04:00,79.20003248037625,82.41137314256852,78.56557176618908,82.07949829101562,23630200,0.0,0.0,84.77936248779297
2021-03-26 00:00:00-04:00,82.14782282578925,86.03266086816775,82.02092622865213,85.88624572753906,23949100,0.0,0.0,84.28741149902343
2021-03-29 00:00:00-04:00,85.66173872891214,86.14002118062396,83.7193124928701,84.51970672607422,21772800,0.0,0.0,83.37183685302735
2021-03-30 00:00:00-04:00,84.19760485254301,85.1346512421962,83.21175093809197,84.47090911865234,13897000,0.0,0.0,83.5943832397461
2021-03-31 00:00:00-04:00,85.34939590367973,86.95018448191306,84.63684622638881,86.10098266601562,25372300,0.0,0.0,84.61146850585938
2021-04-01 00:00:00-04:00,90.77645924445468,92.12346208781334,89.06830006512354,90.20056915283203,39700600,0.0,0.0,86.23568267822266
2021-04-05 00:00:00-04:00,91.68423398196138,92.40653928450122,90.25914192149789,91.50853729248047,19795100,0.0,0.0,87.36014099121094
2021-04-06 00:00:00-04:00,91.59637584392148,93.80234358855837,90.44459561329617,91.25474548339844,22847000,0.0,0.0,88.70714874267578
2021-04-07 00:00:00-04:00,91.99658353988157,92.79697792107599,90.32746870032922,91.71351623535156,17621500,0.0,0.0,90.15567016601562
2021-04-08 00:00:00-04:00,92.72864384050699,94.08540971778312,91.53781164388,93.01171112060547,17815600,0.0,0.0,91.53781585693359
2021-04-09 00:00:00-04:00,92.0844001598652,93.09953545973357,91.07902785290389,93.02145385742188,14080200,0.0,0.0,92.10199279785157
2021-04-12 00:00:00-04:00,92.91411206801644,94.64178999884868,92.4846296107995,93.3045425415039,18818300,0.0,0.0,92.46119384765625
2021-04-13 00:00:00-04:00,93.98781696437996,94.50514407816408,89.2147318753747,89.9468002319336,27102100,0.0,0.0,92.19960479736328
2021-04-14 00:00:00-04:00,89.46851759868757,90.31771212566791,87.36992015520067,88.50218200683594,19117400,0.0,0.0,91.55733795166016
2021-04-15 00:00:00-04:00,89.55635045908639,89.76132867821576,87.31133814998348,88.11173248291016,16017000,0.0,0.0,90.5773422241211
2021-04-16 00:00:00-04:00,88.2776675527713,89.1463878990855,87.92627421639895,88.4924087524414,12358700,0.0,0.0,89.671533203125
2021-04-19 00:00:00-04:00,88.50217160112769,88.51193459654979,84.45139235103973,86.29621124267578,21361600,0.0,0.0,88.26986694335938
2021-04-20 00:00:00-04:00,86.26692663355053,86.82329824910458,84.46115963197923,85.3884506225586,17396900,0.0,0.0,87.35819702148437
2021-04-21 00:00:00-04:00,84.97848598058233,87.4187136501096,84.26594367139134,87.35038757324219,14781300,0.0,0.0,87.12783813476562
2021-04-22 00:00:00-04:00,86.09122507273703,86.2474032106479,81.89403815065977,82.6846694946289,34044100,0.0,0.0,86.04242553710938
2021-04-23 00:00:00-04:00,83.20200117057315,84.39283347391589,82.54802193742064,83.97311401367188,18118600,0.0,0.0,85.13856658935546
2021-04-26 00:00:00-04:00,84.40259762119689,86.18884610057799,84.05120423354867,85.73983764648438,14757700,0.0,0.0,85.02729187011718
2021-04-27 00:00:00-04:00,87.19421679924001,88.03365571258843,85.92529543339225,87.32110595703125,17681000,0.0,0.0,85.41382293701172
2021-04-28 00:00:00-04:00,85.56414723242621,85.6617548505561,83.3093717846112,83.97311401367188,19433500,0.0,0.0,84.73836822509766
2021-04-29 00:00:00-04:00,85.62269960603098,85.98384849264507,83.5045840248676,85.9545669555664,16463300,0.0,0.0,85.39234771728516
2021-04-30 00:00:00-04:00,84.85158479114152,86.36452871051391,83.51433753694151,84.01214599609375,14548100,0.0,0.0,85.40015411376953
2021-05-03 00:00:00-04:00,84.89064875681898,84.92969329657201,81.86476767231184,82.98726654052734,16300400,0.0,0.0,84.84963989257812
2021-05-04 00:00:00-04:00,82.12829696019594,83.39721825159616,80.06874433397537,82.391845703125,17850500,0.0,0.0,83.86378784179688
2021-05-05 00:00:00-04:00,83.44601836986477,83.89501934088122,82.02092638872995,83.11415100097656,13172100,0.0,0.0,83.6919952392578
2021-05-06 00:00:00-04:00,82.84085568228024,83.08487846124031,81.28886693566237,82.77252960205078,13716900,0.0,0.0,83.05558776855469
2021-05-07 00:00:00-04:00,83.85597508047685,84.25616848796001,82.95796576827952,83.92430114746094,12746100,0.0,0.0,83.03801879882812
2021-05-10 00:00:00-04:00,82.91893357512258,82.96774110750879,78.86816158451956,78.91696166992188,24862900,0.0,0.0,82.22395782470703
2021-05-11 00:00:00-04:00,75.42254114057874,78.82910376934304,74.9833032110275,78.75101470947266,23227800,0.0,0.0,81.49579162597657
2021-05-12 00:00:00-04:00,77.24783237017834,78.05798959543401,74.58310841315712,74.96378326416016,23472600,0.0,0.0,79.86571807861328
2021-05-13 00:00:00-04:00,76.10582466300949,76.97454515086788,74.70025108850413,75.34447479248047,20153800,0.0,0.0,78.38010711669922
2021-05-14 00:00:00-04:00,76.90621746717252,78.23370193829622,75.2371026057561,77.7944564819336,18241100,0.0,0.0,77.15413818359374
2021-05-17 00:00:00-04:00,77.20879072590668,78.4972304498251,75.8617879294865,78.46794891357422,15011500,0.0,0.0,77.06433563232422
2021-05-18 00:00:00-04:00,78.62415773170508,78.98530674910509,76.91599794501863,76.99407958984375,20893800,0.0,0.0,76.71294860839843
2021-05-19 00:00:00-04:00,75.36397542020866,78.35081110893147,74.33908447161866,78.0189437866211,27300000,0.0,0.0,77.32398071289063
2021-05-20 00:00:00-04:00,78.57534988904793,79.54167819383179,77.6187771354641,79.1902847290039,17123000,0.0,0.0,78.09314270019532
2021-05-21 00:00:00-04:00,79.81496069920199,80.02970191853755,78.44843920703684,78.79006958007812,13076900,0.0,0.0,78.29226531982422
2021-05-24 00:00:00-04:00,79.47334288308551,81.62074796875115,79.41477979473495,80.91796112060547,15730400,0.0,0.0,78.78226776123047
2021-05-25 00:00:00-04:00,81.57192944575966,81.7085815981655,77.80421736489332,79.28787994384766,26272100,0.0,0.0,79.24102783203125
2021-05-26 00:00:00-04:00,79.62952632031697,80.46896539485019,79.08291015390924,80.27374267578125,12609800,0.0,0.0,79.69198760986328
2021-05-27 00:00:00-04:00,80.48846201107875,82.72371126818753,80.36157286349875,81.9233169555664,22286500,0.0,0.0,80.23859405517578
2021-05-28 00:00:00-04:00,82.20638496547978,82.70419345914522,81.23029396840116,82.1282958984375,11330300,0.0,0.0,80.90623931884765
2021-06-01 00:00:00-04:00,82.88964063937381,83.70956089944485,81.6207268885969,82.13805389404297,11067200,0.0,0.0,81.15025787353515
2021-06-02 00:00:00-04:00,82.37230910990995,82.79202848793426,81.45478129586088,82.32350158691406,10314200,0.0,0.0,81.75738220214843
2021-06-03 00:00:00-04:00,81.6793002127962,82.0599751305033,79.93209632145619,80.0687484741211,14742100,0.0,0.0,81.71638336181641
2021-06-04 00:00:00-04:00,80.98628001819021,82.35280905196865,80.86914640490036,81.75739288330078,12591100,0.0,0.0,81.68319854736328
2021-06-07 00:00:00-04:00,81.20102470010318,82.21616038409773,80.67393458839535,82.03070068359375,9006400,0.0,0.0,81.66367950439454
2021-06-08 00:00:00-04:00,82.93845302884381,82.94821602394822,78.0970425877385,78.60460662841797,29666500,0.0,0.0,80.95699005126953
2021-06-09 00:00:00-04:00,78.25321177543192,78.63388666039494,76.64266017528978,76.7793197631836,21434900,0.0,0.0,79.84815368652343
2021-06-10 00:00:00-04:00,77.50163984608228,78.90720605711547,76.6524378531991,77.38450622558594,22683300,0.0,0.0,79.31130523681641
2021-06-11 00:00:00-04:00,78.15560388596005,78.8291090401555,77.31616505368208,77.44305419921875,12675700,0.0,0.0,78.4484375
2021-06-14 00:00:00-04:00,77.59923142070818,79.0048047879669,77.47234227665739,78.56555938720703,14303000,0.0,0.0,77.75540924072266
2021-06-15 00:00:00-04:00,78.71198304774043,80.92771394015881,78.00919628797749,80.21516418457031,22308600,0.0,0.0,78.07752075195313
2021-06-16 00:00:00-04:00,80.75200850227237,81.12292038663986,78.20441049760747,78.56555938720703,18116400,0.0,0.0,78.43476867675781
2021-06-17 00:00:00-04:00,77.79445474476694,79.492858556269,77.46258735788868,78.71198272705078,16003900,0.0,0.0,78.70026397705078
2021-06-18 00:00:00-04:00,77.01359652567996,77.38450849766515,74.30981975396791,75.11021423339844,39881500,0.0,0.0,78.23369598388672
2021-06-21 00:00:00-04:00,75.01259185733967,75.44207428035565,73.89984871314675,75.22733306884766,19810100,0.0,0.0,77.56605072021485
2021-06-22 00:00:00-04:00,75.7544380060402,76.40841731739661,75.20782932156139,75.8032455444336,16771800,0.0,0.0,76.6836669921875
2021-06-23 00:00:00-04:00,76.23269732262116,77.96038237509875,76.20341578732197,77.13069915771484,16662200,0.0,0.0,76.39669494628906
2021-06-24 00:00:00-04:00,78.50700434605986,78.9657683363171,78.00919581971861,78.6534194946289,15721000,0.0,0.0,76.38498229980469
2021-06-25 00:00:00-04:00,79.61974748008154,80.85937984982293,79.1512204945277,80.0687484741211,19603800,0.0,0.0,77.37668914794922
2021-06-28 00:00:00-04:00,80.65440627203131,81.60121584651328,80.19564970276268,81.386474609375,18365500,0.0,0.0,78.60851745605468
2021-06-29 00:00:00-04:00,81.54263590231932,81.83545870852046,79.91256586215324,80.94721984863281,18530800,0.0,0.0,79.63731231689454
2021-06-30 00:00:00-04:00,82.82133793434403,83.3581910802925,81.43529019914885,82.94823455810547,40670800,0.0,0.0,80.80081939697266
2021-07-01 00:00:00-04:00,80.27371984222538,80.2834828371481,77.99943352612036,78.19464874267578,53299000,0.0,0.0,80.70906524658203
2021-07-02 00:00:00-04:00,78.68269760423449,78.9560018979221,77.0038198607437,78.40939331054688,22685500,0.0,0.0,80.37719421386718
2021-07-06 00:00:00-04:00,78.85839693485936,79.5904652233965,77.85302434345242,79.14146423339844,21126500,0.0,0.0,79.92819213867188
2021-07-07 00:00:00-04:00,79.7368831438519,79.85400930802206,76.08629712287964,76.34984588623047,23026900,0.0,0.0,79.0087173461914
2021-07-08 00:00:00-04:00,74.42694896844372,76.01797483596954,74.14388164594202,75.26638793945312,23114500,0.0,0.0,77.47234802246093
2021-07-09 00:00:00-04:00,75.5592186896683,77.06239249127975,74.89547641687251,76.85741424560547,15441100,0.0,0.0,77.20490112304688
2021-07-12 00:00:00-04:00,76.8671674280079,77.82373989934027,75.8520318788127,77.65779876708984,12639300,0.0,0.0,77.05458221435546
2021-07-13 00:00:00-04:00,77.38449047877849,77.59923168249891,76.23270284271867,76.57433319091797,14263400,0.0,0.0,76.54115600585938
2021-07-14 00:00:00-04:00,77.45281928709085,78.82911117033657,76.4474467495624,76.6133804321289,15952300,0.0,0.0,76.59386291503907
2021-07-15 00:00:00-04:00,76.46695701028138,76.58409059839677,74.51477522358662,75.0809097290039,16616800,0.0,0.0,76.55676727294922
2021-07-16 00:00:00-04:00,75.31518025539603,75.75441819814746,73.05064213299597,73.21658325195312,19132100,0.0,0.0,75.82860107421875
2021-07-19 00:00:00-04:00,72.0745546806512,72.89447497960428,71.44985704667896,72.79686737060547,23436900,0.0,0.0,74.85641479492188
2021-07-20 00:00:00-04:00,72.87497436142989,74.10484394189191,72.00624632080745,73.58751678466797,14855800,0.0,0.0,74.25905151367188
2021-07-21 00:00:00-04:00,73.54846328650318,75.39327487954937,73.53870029029574,75.34447479248047,15945800,0.0,0.0,74.0052703857422
2021-07-22 00:00:00-04:00,74.40741207545629,74.42693061665065,72.67972702394646,73.7241439819336,19042200,0.0,0.0,73.73391723632812
2021-07-23 00:00:00-04:00,74.11458850649674,74.22195911019624,73.1092159872953,74.12435150146484,12345200,0.0,0.0,73.91547088623047
2021-07-26 00:00:00-04:00,73.9974410429578,75.62751833597628,73.7046182716297,74.4757308959961,12023900,0.0,0.0,74.2512435913086
2021-07-27 00:00:00-04:00,73.00185195823771,73.00185195823771,70.77636551200561,72.44548034667969,23940500,0.0,0.0,74.02283630371093
2021-07-28 00:00:00-04:00,72.76759932577323,74.19269153296123,72.60165816802355,73.74369049072266,14348300,0.0,0.0,73.70267944335937
2021-07-29 00:00:00-04:00,74.26100012935741,75.27613559549489,74.13410354172595,75.23709106445312,14529400,0.0,0.0,74.00526885986328
2021-07-30 00:00:00-04:00,74.3098144663609,76.24247816535902,74.24148838567322,75.72515106201172,12528900,0.0,0.0,74.32542877197265
2021-08-02 00:00:00-04:00,77.15023559087467,77.58947357379377,75.61777297789038,75.78370666503906,14904200,0.0,0.0,74.58702392578125
2021-08-03 00:00:00-04:00,76.98428575748996,79.13168258557516,76.07652099579406,78.92670440673828,25807600,0.0,0.0,75.88326873779297
2021-08-04 00:00:00-04:00,78.52652524293866,81.10340512580484,77.63828622311708,80.01995086669922,29176900,0.0,0.0,77.13852081298828
2021-08-05 00:00:00-04:00,80.17610946713121,81.08387434205567,79.21954451324353,79.5416488647461,14821000,0.0,0.0,77.99943237304687
2021-08-06 00:00:00-04:00,79.25858347676127,80.89841659785897,79.11217578941752,80.03945922851562,14612600,0.0,0.0,78.86229400634765
2021-08-09 00:00:00-04:00,79.77590617762073,80.07849194947813,78.165354831543,78.29224395751953,13363300,0.0,0.0,79.36400146484375
2021-08-10 00:00:00-04:00,77.91156570085275,77.91156570085275,73.95839506614848,74.09505462646484,40705000,0.0,0.0,78.39767150878906
2021-08-11 00:00:00-04:00,74.22196087221103,74.2317238674109,71.95743003976041,73.2361068725586,31624900,0.0,0.0,77.04090270996093
2021-08-12 00:00:00-04:00,70.45424461313871,70.47376315533995,67.16481545200287,68.57038879394531,72492400,0.0,0.0,74.84665069580078
2021-08-13 00:00:00-04:00,68.37518598422012,69.53672935391049,68.20924483399214,69.22438049316406,25301400,0.0,0.0,72.68363494873047
2021-08-16 00:00:00-04:00,68.5215811945749,70.04428812904257,68.24827692215281,69.234130859375,18135900,0.0,0.0,70.87201232910157
2021-08-17 00:00:00-04:00,68.49231421043685,69.7417096909597,67.94570554945422,69.08773040771484,17545800,0.0,0.0,69.87054748535157
2021-08-18 00:00:00-04:00,69.54649141855201,70.16142613544385,68.8925121637169,68.93155670166016,14004300,0.0,0.0,69.00963745117187
2021-08-19 00:00:00-04:00,68.46302588783723,69.12676810201036,67.38932721852346,68.59967803955078,18022600,0.0,0.0,69.01549530029297
2021-08-20 00:00:00-04:00,68.46302836171927,69.33174883485356,67.91641973511362,68.5508804321289,14603100,0.0,0.0,68.88079528808593
2021-08-23 00:00:00-04:00,69.14629670817304,70.16143244503589,67.25268485303057,70.0247802734375,22265000,0.0,0.0,69.03892517089844
2021-08-24 00:00:00-04:00,70.41521918283614,70.95207232628533,69.9759811178213,70.25904846191406,18092700,0.0,0.0,69.27318878173828
2021-08-25 00:00:00-04:00,71.0496541930985,75.1882773310471,70.45423817609152,72.26976776123047,36552100,0.0,0.0,69.94083099365234
2021-08-26 00:00:00-04:00,71.47915218239415,71.48890773124523,69.98572659296958,71.03014373779297,20315100,0.0,0.0,70.42692413330079
2021-08-27 00:00:00-04:00,70.72754723753157,72.37714327695132,70.42496143507526,72.23072814941406,14994200,0.0,0.0,71.16289367675782
2021-08-30 00:00:00-04:00,72.3478741884016,72.96280889347923,71.08871579011351,71.41082763671875,12810700,0.0,0.0,71.44010314941406
2021-08-31 00:00:00-04:00,71.91839344173455,72.8359214701987,71.56700004559868,71.93791198730469,14807400,0.0,0.0,71.77587585449218
2021-09-01 00:00:00-04:00,72.54308876650354,72.54308876650354,71.27416738373125,71.95743560791016,14007100,0.0,0.0,71.71340942382812
2021-09-02 00:00:00-04:00,71.45962792326335,72.24050377534643,70.58114445141591,72.22097778320312,14803300,0.0,0.0,71.95157623291016
2021-09-03 00:00:00-04:00,72.23072484728806,72.93351146975183,71.8402870073657,72.0452651977539,9222500,0.0,0.0,71.91448364257812
2021-09-07 00:00:00-04:00,71.99647472718651,72.70901699164646,71.41082161266212,71.87934112548828,12028400,0.0,0.0,72.00818634033203
2021-09-08 00:00:00-04:00,71.44987172789878,71.48891626891765,69.40984472680955,70.54210662841797,17375500,0.0,0.0,71.7290252685547
2021-09-09 00:00:00-04:00,69.9174110025982,71.51819999836476,69.712432741224,71.12776947021484,14638100,0.0,0.0,71.56309204101562
2021-09-10 00:00:00-04:00,72.00623234269703,73.82176226273425,71.7036465050187,71.74269104003906,18240600,0.0,0.0,71.46743469238281
2021-09-13 00:00:00-04:00,72.7773430247521,73.42156666326791,71.76220748486814,72.5723648071289,15796700,0.0,0.0,71.5728546142578
2021-09-14 00:00:00-04:00,72.0257556934658,72.34786751033853,71.16679829545515,71.73292541503906,13945100,0.0,0.0,71.54357147216797
2021-09-15 00:00:00-04:00,71.20582904843795,72.16240141882774,70.04428592715784,72.0550308227539,15258800,0.0,0.0,71.84615631103516
2021-09-16 00:00:00-04:00,71.54747716658702,73.167784442201,71.0399056486956,72.84567260742188,12867700,0.0,0.0,72.18973693847656
2021-09-17 00:00:00-04:00,72.63094545047989,72.718790078707,71.56700223327226,72.52357482910156,20449600,0.0,0.0,72.34591369628906
2021-09-20 00:00:00-04:00,70.86420623591054,71.02038437294262,69.4879217764868,70.63970947265625,23228300,0.0,0.0,71.95938262939453
2021-09-21 00:00:00-04:00,71.17656443944345,71.3815426860633,69.94669495972444,70.41521453857422,16026800,0.0,0.0,71.69584045410156
2021-09-22 00:00:00-04:00,71.2936892133312,72.79687028238445,70.90325131473574,72.20145416259766,16996100,0.0,0.0,71.72512512207031
2021-09-23 00:00:00-04:00,71.85004839591377,73.00183590210965,71.4986550925332,72.26976776123047,17304500,0.0,0.0,71.60994415283203
2021-09-24 00:00:00-04:00,71.54746521870072,72.71877130795532,71.3229610373193,72.27953338623047,14804300,0.0,0.0,71.5611358642578
2021-09-27 00:00:00-04:00,71.8891120002324,74.0657910130735,71.75245984009817,73.38253021240234,18435200,0.0,0.0,72.10970001220703
2021-09-28 00:00:00-04:00,72.71877023133348,73.19705267521671,71.31319698745186,71.35224151611328,27311500,0.0,0.0,72.29710540771484
2021-09-29 00:00:00-04:00,69.45862748054158,71.56697981436355,68.54109971145292,69.9271469116211,38169200,0.0,0.0,71.84224395751953
2021-09-30 00:00:00-04:00,70.57228840744625,70.96327212269462,69.26250153736741,69.37979888916016,16923300,0.1,0.0,71.26425018310547
2021-10-01 00:00:00-04:00,69.73168011793109,69.95649819103247,68.51963724125702,69.38957214355469,17813800,0.0,0.0,70.6862579345703
2021-10-04 00:00:00-04:00,69.00834741232272,69.95648031140763,68.77376021233441,69.02790069580078,19525700,0.0,0.0,69.81533203125
2021-10-05 00:00:00-04:00,69.60459883028149,69.60459883028149,68.04067166623038,68.91060638427734,14512100,0.0,0.0,69.3270050048828
2021-10-06 00:00:00-04:00,68.2263923093976,68.793310793775,67.47374744871074,68.36323547363281,17899300,0.0,0.0,69.01422271728515
2021-10-07 00:00:00-04:00,68.81286386743471,70.05422898415709,68.53917753980416,68.94970703125,15236100,0.0,0.0,68.92820434570312
2021-10-08 00:00:00-04:00,69.33092888218252,69.3407055266585,68.12865516305797,68.53919219970703,13666200,0.0,0.0,68.7581283569336
2021-10-11 00:00:00-04:00,68.32413963002992,68.77376825651227,67.62037049035544,67.65946960449219,12700200,0.0,0.0,68.48444213867188
2021-10-12 00:00:00-04:00,67.82563216859289,67.86473128095533,64.18949675021204,65.21582794189453,36911700,0.0,0.0,67.74548645019532
2021-10-13 00:00:00-04:00,65.23538375323014,65.90005385032849,64.7368867734521,64.88349914550781,17532400,0.0,0.0,67.0495391845703
2021-10-14 00:00:00-04:00,65.7632033504251,66.54517071558949,65.30379808269554,66.271484375,15541600,0.0,0.0,66.5138946533203
2021-10-15 00:00:00-04:00,66.55495062548354,66.9166118951928,65.95870954877644,66.1541976928711,11786100,0.0,0.0,66.03689575195312
2021-10-18 00:00:00-04:00,65.4992960945946,66.10531374066643,64.79552693118778,65.74365997314453,11849300,0.0,0.0,65.65373382568359
2021-10-19 00:00:00-04:00,65.85118849265584,66.35946213911714,65.1376426013408,66.04667663574219,16930300,0.0,0.0,65.81990356445313
2021-10-20 00:00:00-04:00,65.68500369709366,67.63991461019042,65.49929223137693,66.73088073730469,19457800,0.0,0.0,66.1893798828125
2021-10-21 00:00:00-04:00,66.4180827725945,67.15117422685003,66.14439648952181,67.092529296875,11140700,0.0,0.0,66.3535888671875
2021-10-22 00:00:00-04:00,66.96546185033232,67.53238023266509,65.56770053233097,65.98800659179688,17892100,0.0,0.0,66.32035064697266
2021-10-25 00:00:00-04:00,68.0504511512432,69.51663432705291,66.99479747488581,67.2098388671875,23341300,0.0,0.0,66.61358642578125
2021-10-26 00:00:00-04:00,67.80608647143514,68.24593843591981,66.92637508507259,67.38578033447266,14267900,0.0,0.0,66.88140716552735
2021-10-27 00:00:00-04:00,66.97525498057935,67.14142810156329,65.92937777828901,66.70156860351562,13541900,0.0,0.0,66.87554473876953
2021-10-28 00:00:00-04:00,67.72787436623949,68.76397453261819,67.62035369342,68.01133728027344,16966000,0.0,0.0,67.05930633544922
2021-10-29 00:00:00-04:00,66.84816766302886,67.98201939554039,66.50605979800976,67.54216003417969,11440900,0.0,0.0,67.37013702392578
2021-11-01 00:00:00-04:00,67.41510812341451,69.37001915517415,67.38578565112111,69.1061019897461,11988400,0.0,0.0,67.7493896484375
2021-11-02 00:00:00-04:00,68.90082439981566,69.25270891661756,68.46097248250948,69.16474151611328,9761100,0.0,0.0,68.10518188476563
2021-11-03 00:00:00-04:00,69.1256343140708,69.72188259453856,68.67600580800178,69.64368438720703,10266900,0.0,0.0,68.6936050415039
2021-11-04 00:00:00-04:00,70.73844787230762,70.84596855969136,69.43843043931699,70.61137390136719,15936600,0.0,0.0,69.21361236572265
2021-11-05 00:00:00-04:00,71.35423733778904,72.0775521761571,70.72866653854227,71.27603912353516,13019300,0.0,0.0,69.96038818359375
2021-11-08 00:00:00-05:00,71.6670239553211,73.33847166209367,71.47153587375642,72.87906646728516,18742300,0.0,0.0,70.71498107910156
2021-11-09 00:00:00-05:00,73.4068903683337,74.550511261329,72.8790636198608,73.8858413696289,20127300,0.0,0.0,71.6592010498047
2021-11-10 00:00:00-05:00,72.48808102210758,73.45575957950908,71.54971747005551,71.75498962402344,15228300,0.0,0.0,72.08146209716797
2021-11-11 00:00:00-05:00,72.35125080694576,73.27006133763625,71.9602745837862,72.86930847167969,12192600,0.0,0.0,72.53304901123047
2021-11-12 00:00:00-05:00,73.32869983621833,76.26106599660774,73.26027825743829,75.55730438232422,26553200,0.0,0.0,73.38930206298828
2021-11-15 00:00:00-05:00,76.00695154248629,76.51522518659655,74.87309943712512,75.04904174804688,12650700,0.0,0.0,73.82329711914062
2021-11-16 00:00:00-05:00,74.83398240450882,75.41068496347398,74.07156839214201,75.0783462524414,11807600,0.0,0.0,74.06179809570312
2021-11-17 00:00:00-05:00,74.75580555314684,74.84377297522511,73.49488696826552,73.75879669189453,11600500,0.0,0.0,74.46255950927734
2021-11-18 00:00:00-05:00,75.1663176140976,75.75278933033785,74.0422424744915,75.28360748291016,16848200,0.0,0.0,74.94541931152344
2021-11-19 00:00:00-05:00,77.15055362558654,81.96940895876816,77.15055362558654,81.15811920166016,47216100,0.0,0.0,76.06558227539062
2021-11-22 00:00:00-05:00,81.7739104299728,85.69350064360796,81.7739104299728,81.96939849853516,34775200,0.0,0.0,77.44965362548828
2021-11-23 00:00:00-05:00,83.12280538194636,85.7326094244916,82.42881296561744,83.48446655273438,31823300,0.0,0.0,79.13087768554688
2021-11-24 00:00:00-05:00,82.83934964919918,85.19502087068979,82.70250648235834,84.26643371582031,21666100,0.0,0.0,81.23240509033204
2021-11-26 00:00:00-05:00,81.25587416435982,82.1551389045293,80.13180628958705,81.53933715820312,16487200,0.0,0.0,82.48355102539062
2021-11-29 00:00:00-05:00,82.47769706969892,84.32508747258288,82.26266311174876,84.1980209350586,18889800,0.0,0.0,83.0915313720703
2021-11-30 00:00:00-05:00,83.65062814489994,84.96041469524027,82.05737119924466,82.10624694824219,27301000,0.0,0.0,83.11890106201172
2021-12-01 00:00:00-05:00,84.59877827027836,87.04241707118307,83.08371923075993,83.23033905029297,31633400,0.0,0.0,83.06807556152344
2021-12-02 00:00:00-05:00,80.76714887048553,81.70550529730879,79.51600696805453,81.01151275634766,22994500,0.0,0.0,82.4170913696289
2021-12-03 00:00:00-05:00,81.82279312446039,82.52656222702007,78.8220052536079,79.77991485595703,19167200,0.0,0.0,82.0652069091797
2021-12-06 00:00:00-05:00,79.98518415405589,81.35362332499193,78.7144890401738,80.59120178222656,15094900,0.0,0.0,81.34384307861328
2021-12-07 00:00:00-05:00,82.51678098448795,85.07771675216954,82.42881358026857,83.8949966430664,21716900,0.0,0.0,81.70159301757812
2021-12-08 00:00:00-05:00,83.51380047064463,84.39350445646015,82.13558463338461,84.08071899414062,12908500,0.0,0.0,81.87166900634766
2021-12-09 00:00:00-05:00,83.37696582278495,84.58900868103791,82.7220649019098,83.01530456542969,11964300,0.0,0.0,82.27242736816406
2021-12-10 00:00:00-05:00,82.43859071032124,83.74838491717252,82.23332595663277,83.61154174804688,11955900,0.0,0.0,83.03875274658203
2021-12-13 00:00:00-05:00,84.65742345762264,85.41006092920384,82.30175206725401,82.44837188720703,13054400,0.0,0.0,83.41018676757812
2021-12-14 00:00:00-05:00,81.34384800549483,82.85889955796424,81.04083918647969,81.41226959228516,12082500,0.0,0.0,82.91364135742188
2021-12-15 00:00:00-05:00,81.59797547983283,83.85589494036135,80.20998322234891,83.72882843017578,13971500,0.0,0.0,82.8432632446289
2021-12-16 00:00:00-05:00,83.94386809855042,84.37395086619952,80.27841030352197,80.82579040527344,16503200,0.0,0.0,82.40536041259766
2021-12-17 00:00:00-05:00,79.7799136505465,81.41226240369093,79.11524367010423,81.12879943847656,23165900,0.0,0.0,81.9088119506836
2021-12-20 00:00:00-05:00,80.28819239109917,81.3731685686054,79.08592632892861,80.18067169189453,22346800,0.0,0.0,81.4552719116211
2021-12-21 00:00:00-05:00,86.98375620904369,89.08528686490926,85.38072990814928,88.63565826416016,58363600,0.0,0.0,82.89994964599609
2021-12-22 00:00:00-05:00,87.97098296400216,88.44016482106294,86.9153293786599,88.30331420898438,18593900,0.0,0.0,83.81484680175781
2021-12-23 00:00:00-05:00,88.65521547613737,92.85827732760777,88.31310752483026,92.29135131835938,36400100,0.0,0.0,86.107958984375
2021-12-27 00:00:00-05:00,91.60713962407446,92.7898600000085,90.63946067238194,92.30113220214844,17110100,0.0,0.0,88.34242553710938
2021-12-28 00:00:00-05:00,91.63644013067986,91.7732832846836,89.9845381835585,90.8447036743164,13683800,0.0,0.0,90.47523193359375
2021-12-29 00:00:00-05:00,91.880830394201,94.56883341105262,91.79286296592623,94.00190734863281,32234600,0.0,0.0,91.54848175048828
2021-12-30 00:00:00-05:00,92.27178924333023,93.35676531030889,91.32365633278197,91.77328491210938,19327800,0.0,0.0,92.24247589111329
2021-12-31 00:00:00-05:00,91.97877038078254,92.3897375631418,91.02962655580241,91.14704895019531,13660600,0.1,0.0,92.01361541748047
2022-01-03 00:00:00-05:00,91.89069985266649,93.77919277964116,91.46994564716532,93.69113159179688,18705500,0.0,0.0,92.29161529541015
2022-01-04 00:00:00-05:00,93.54436936932676,94.51307990616188,91.52866669572087,94.2684555053711,19725000,0.0,0.0,92.97636566162109
2022-01-05 00:00:00-05:00,93.32910172421371,96.33308916458121,92.32125035477608,92.37017822265625,28613100,0.0,0.0,92.65001983642578
2022-01-06 00:00:00-05:00,93.05513835377027,94.63052039319993,92.09621469998002,93.59331512451172,22320300,0.0,0.0,93.01402587890625
2022-01-07 00:00:00-05:00,94.02382564985857,95.1001789231696,91.92006189738152,92.4190902709961,14857900,0.0,0.0,93.2684341430664
2022-01-10 00:00:00-05:00,92.23317100878123,93.61284852055485,89.0824080498714,91.87112426757812,20290000,0.0,0.0,92.90443267822266
2022-01-11 00:00:00-05:00,90.47188529626622,92.24296352608545,89.67930464585547,92.17446899414062,14924900,0.0,0.0,92.48563537597656
2022-01-12 00:00:00-05:00,93.1138387566788,94.16083093006424,91.76350723927054,93.06491088867188,13339200,0.0,0.0,92.62458190917968
2022-01-13 00:00:00-05:00,94.42502484420261,96.00040668494488,93.25083063020536,93.56394958496094,23679800,0.0,0.0,92.61870880126953
2022-01-14 00:00:00-05:00,92.4093215187393,95.33502743562396,92.37018071644736,95.26653289794922,18385000,0.0,0.0,93.18819732666016
2022-01-18 00:00:00-05:00,93.47587720086976,93.88684441291404,90.55017138368142,90.87307739257812,19900500,0.0,0.0,92.98858795166015
2022-01-19 00:00:00-05:00,91.70480128397338,92.74200640781265,87.83973107329415,88.06478881835938,19043800,0.0,0.0,92.16665191650391
2022-01-20 00:00:00-05:00,88.3387710658303,88.38769893691529,83.10380986957134,83.24079895019531,24701300,0.0,0.0,90.20182952880859
2022-01-21 00:00:00-05:00,82.40905688251631,83.3092727497394,79.76710927391402,80.16829681396484,29716300,0.0,0.0,87.52269897460937
2022-01-24 00:00:00-05:00,78.54400768170993,81.2544505115756,75.9705613989863,81.1663818359375,29757100,0.0,0.0,84.70266876220703
2022-01-25 00:00:00-05:00,79.18002576184881,80.64777219450202,77.93733706695397,78.98432922363281,22128400,0.0,0.0,82.32491912841797
2022-01-26 00:00:00-05:00,81.4599188735786,82.96680595639054,78.87668600742774,80.20744323730469,21018700,0.0,0.0,80.75345001220703
2022-01-27 00:00:00-05:00,81.7143488485988,81.90025834388085,76.70443770217726,77.02734375,22694000,0.0,0.0,79.51075897216796
2022-01-28 00:00:00-05:00,75.70635895899322,77.57528541795409,73.89613249942043,77.56549835205078,24434600,0.0,0.0,78.99019927978516
2022-01-31 00:00:00-05:00,77.26217457504679,80.54014025304517,76.34238438291162,80.5009994506836,21898200,0.0,0.0,78.85712280273438
2022-02-01 00:00:00-05:00,80.43251992967856,80.61843690927064,78.6907949588036,79.69864654541016,15237400,0.0,0.0,78.99998626708984
2022-02-02 00:00:00-05:00,81.13703287732856,82.87875770447049,80.76520641417488,82.6928482055664,19862800,0.0,0.0,79.49706726074218
2022-02-03 00:00:00-05:00,80.8923885179721,83.34841939352576,79.95303179076666,80.20744323730469,19598200,0.0,0.0,80.13308715820312
2022-02-04 00:00:00-05:00,79.47359523621486,80.42273932922362,78.12326344808032,79.42466735839844,15657500,0.0,0.0,80.50492095947266
2022-02-07 00:00:00-05:00,79.61056524882027,80.27594391472856,78.74949004925715,79.131103515625,11799800,0.0,0.0,80.23094177246094
2022-02-08 00:00:00-05:00,79.40507928486525,82.58519638681642,79.25830315632177,82.31121826171875,18315700,0.0,0.0,80.75345611572266
2022-02-09 00:00:00-05:00,82.78091097798624,86.87103201098554,81.76327238746512,86.22522735595703,22386900,0.0,0.0,81.45993194580078
2022-02-10 00:00:00-05:00,87.27220596382905,92.60501505845488,86.57747354272686,89.06285095214844,33820700,0.0,0.0,83.23101348876953
2022-02-11 00:00:00-05:00,89.31726152232837,92.54630665313512,87.0373602769855,87.82994842529297,31000000,0.0,0.0,84.91206970214844
2022-02-14 00:00:00-05:00,90.01200043217516,91.16662800523744,86.80252920273962,87.92780303955078,23499100,0.0,0.0,86.6714096069336
2022-02-15 00:00:00-05:00,89.05307450310525,94.42502458890279,89.05307450310525,93.93577575683594,27069700,0.0,0.0,88.99632110595704
2022-02-16 00:00:00-05:00,92.40932999826518,94.41524590871462,91.55803426732557,93.99449157714844,15573600,0.0,0.0,90.55017395019532
2022-02-17 00:00:00-05:00,92.99641383190132,93.93577064248485,91.47973954893182,91.71458435058594,17943300,0.0,0.0,91.08052062988281
2022-02-18 00:00:00-05:00,92.49737955634787,92.64415569357861,86.98844059966346,88.84758758544922,19530500,0.0,0.0,91.28404846191407
2022-02-22 00:00:00-05:00,87.90821396953264,91.94941352132261,86.7633736581776,88.62252044677734,24825700,0.0,0.0,91.42299194335938
2022-02-23 00:00:00-05:00,89.50316251381675,89.89456298499562,85.19777226153538,85.43260955810547,19135400,0.0,0.0,89.72235870361328
2022-02-24 00:00:00-05:00,82.32100872813857,87.02758773669414,81.98832309384905,86.91995239257812,24472300,0.0,0.0,88.30745086669921
2022-02-25 00:00:00-05:00,86.06864400427251,88.5344620223854,85.4032653685501,88.16262817382812,15008700,0.0,0.0,87.59705963134766
2022-02-28 00:00:00-05:00,86.54812264352731,87.82017269940616,85.28586712075005,86.94931030273438,17269800,0.0,0.0,87.21740417480468
2022-03-01 00:00:00-05:00,86.65575259874205,87.90822844114545,82.8396175993395,84.40521240234375,20794800,0.0,0.0,86.37394256591797
2022-03-02 00:00:00-05:00,85.29562855901287,92.0472630613715,85.15863950097942,91.2938232421875,28398700,0.0,0.0,87.54618530273437
2022-03-03 00:00:00-05:00,89.64994163097992,90.20768489488277,86.48939149196818,87.26240539550781,22099800,0.0,0.0,87.61467590332032
2022-03-04 00:00:00-05:00,85.54026726485053,85.54026726485053,78.78863163211005,80.14875030517578,28211500,0.0,0.0,86.01190032958985
2022-03-07 00:00:00-05:00,80.00194970044095,81.18593066135466,74.00375584666527,74.07225036621094,26715500,0.0,0.0,83.43648834228516
2022-03-08 00:00:00-05:00,74.6104409930236,78.5244313401986,72.34032689027586,75.5008773803711,28343200,0.0,0.0,81.65562133789062
2022-03-09 00:00:00-05:00,78.25044450989927,78.75925991370681,75.87269533975208,77.73184204101562,19647900,0.0,0.0,78.94322509765625
2022-03-10 00:00:00-05:00,76.06841243650554,76.06841243650554,72.22291600861037,74.09185028076172,21692000,0.0,0.0,76.30911407470703
2022-03-11 00:00:00-05:00,75.01163892973673,75.05077226910143,71.07807390786492,71.25420379638672,22786500,0.0,0.0,74.53020477294922
2022-03-14 00:00:00-04:00,70.20720569363893,70.92151225583103,67.47719638127838,67.9077377319336,24893400,0.0,0.0,73.29730224609375
2022-03-15 00:00:00-04:00,68.54375613374539,71.94892341573208,66.87051875935475,71.53795623779297,22851000,0.0,0.0,72.50471801757813
2022-03-16 00:00:00-04:00,74.82571955746116,77.99604998313345,74.51260059523852,77.9569091796875,35742800,0.0,0.0,72.5497314453125
2022-03-17 00:00:00-04:00,76.51852819048537,78.8473578302041,75.54003034935208,78.78864288330078,21612200,0.0,0.0,73.48908996582031
2022-03-18 00:00:00-04:00,77.39916765139736,79.45401135685401,76.38152913342897,77.70250701904297,28601200,0.0,0.0,74.77875061035157
2022-03-21 00:00:00-04:00,77.29152874312062,78.17217813782365,73.90592770601323,76.66529083251953,30878200,0.0,0.0,76.53026123046875
2022-03-22 00:00:00-04:00,76.0292594437145,78.01561581412223,75.84334997881425,77.41873168945312,16768000,0.0,0.0,77.70641632080078
2022-03-23 00:00:00-04:00,76.18582477705253,76.53808451510639,73.46560260623774,74.02334594726562,28059800,0.0,0.0,76.91970367431641
2022-03-24 00:00:00-04:00,74.26797773103121,76.85121108990664,73.70044726717424,76.52830505371094,23348000,0.0,0.0,76.46763610839844
2022-03-25 00:00:00-04:00,76.5869970824562,76.61635827874426,73.51451548787287,76.420654296875,22491000,0.0,0.0,76.21126556396484
2022-03-28 00:00:00-04:00,76.90013358810266,78.45594887232976,75.60851687352984,78.14282989501953,26605300,0.0,0.0,76.50677337646485
2022-03-29 00:00:00-04:00,80.33465648783535,80.77498491456235,77.55572671351788,80.28573608398438,41290700,0.0,0.0,77.08017425537109
2022-03-30 00:00:00-04:00,82.4873554726303,84.38563585080796,76.90991434842934,77.45787811279297,70087000,0.0,0.0,77.76708068847657
2022-03-31 00:00:00-04:00,75.9999087713214,78.24066922927526,75.17797434937034,76.21517944335938,34588600,0.0,0.0,77.70445556640625
2022-04-01 00:00:00-04:00,76.74357383468993,77.21325600886304,72.46753625805889,74.54195404052734,33536100,0.0,0.0,77.32871551513672
2022-04-04 00:00:00-04:00,75.24646856368975,76.49894432437632,74.86485508864757,75.99990844726562,24305700,0.0,0.0,76.90013122558594
2022-04-05 00:00:00-04:00,75.06055026118636,76.34237973273386,72.70237491896468,73.00570678710938,21171400,0.0,0.0,75.44412536621094
2022-04-06 00:00:00-04:00,71.60646062348661,73.27969076283972,69.9332304841335,72.19355773925781,28080100,0.0,0.0,74.39126129150391
2022-04-07 00:00:00-04:00,72.08592104752653,73.0742057775353,70.57903375053975,71.70430755615234,22658600,0.0,0.0,73.4890869140625
2022-04-08 00:00:00-04:00,71.03801329464841,71.38095393268594,69.40169119633701,70.68527221679688,20562600,0.1,0.0,72.7177505493164
2022-04-11 00:00:00-04:00,69.12734060051764,71.43975107468185,68.67661006313278,70.5774917602539,21127900,0.0,0.0,71.63326721191406
2022-04-12 00:00:00-04:00,71.32216809149553,72.10603135936987,70.12676857177583,70.50890350341797,18658500,0.0,0.0,71.13390655517578
2022-04-13 00:00:00-04:00,70.90086252149248,72.26283259887144,70.41094501234758,70.92045593261719,18892000,0.0,0.0,70.87928619384766
2022-04-14 00:00:00-04:00,71.09679578808503,71.34175443672153,68.6766031434692,68.7157974243164,18543500,0.0,0.0,70.28158416748047
2022-04-18 00:00:00-04:00,68.83338021952711,70.64607272308187,68.63741629097053,69.7152328491211,17476700,0.0,0.0,70.08757629394532
2022-04-19 00:00:00-04:00,69.52907777360087,71.92967756252416,69.34290676604516,71.26338958740234,15139000,0.0,0.0,70.224755859375
2022-04-20 00:00:00-04:00,72.32160732258787,74.69281332252008,71.42016106174572,71.72390747070312,19042600,0.0,0.0,70.46775665283204
2022-04-21 00:00:00-04:00,72.4783666897075,72.98787739339308,69.22531611082177,69.4898681640625,17645300,0.0,0.0,70.1816390991211
2022-04-22 00:00:00-04:00,69.21552269639491,69.54867038209463,67.91234074963654,68.01033020019531,18682400,0.0,0.0,70.04054565429688
2022-04-25 00:00:00-04:00,67.04031528488535,68.7550266980435,66.56019818235465,68.70603942871094,20072100,0.0,0.0,69.83870697021484
2022-04-26 00:00:00-04:00,67.30486019177488,67.76538378072614,65.68813114725016,65.72732543945312,18628700,0.0,0.0,68.731494140625
2022-04-27 00:00:00-04:00,64.79646808777538,67.09908568669955,64.53191599957225,65.1296157836914,17123600,0.0,0.0,67.41263580322266
2022-04-28 00:00:00-04:00,66.2858277314642,69.382101906366,65.70772129459466,68.76480865478516,21058400,0.0,0.0,67.26762390136719
2022-04-29 00:00:00-04:00,67.70657950916481,69.8916142837817,66.64835618848365,66.81493377685547,16843500,0.0,0.0,67.02854461669922
2022-05-02 00:00:00-04:00,66.78554627002485,69.3135144753311,66.2172402688012,69.17633819580078,15342800,0.0,0.0,67.12260437011719
2022-05-03 00:00:00-04:00,69.04895819064991,70.5089099207111,68.78439861356033,69.82302856445312,13539100,0.0,0.0,67.94174499511719
2022-05-04 00:00:00-04:00,70.32272930546615,72.40978188731708,68.74520240175715,72.13542938232422,17201900,0.0,0.0,69.34290771484375
2022-05-05 00:00:00-04:00,70.85184510169938,71.09680377786407,68.94117041783305,69.8524169921875,16603600,0.0,0.0,69.56042938232422
2022-05-06 00:00:00-04:00,69.127345032738,70.45992089907122,67.50081574935786,68.9313735961914,15159800,0.0,0.0,69.98371734619141
2022-05-09 00:00:00-04:00,67.8045520716489,69.96019270056115,66.11924282066708,66.56016540527344,21770900,0.0,0.0,69.46048278808594
2022-05-10 00:00:00-04:00,68.16709560548489,69.16652364904077,66.24662060815855,67.5204086303711,17662700,0.0,0.0,68.99995880126953
2022-05-11 00:00:00-04:00,67.2754571321876,69.45068398508438,65.47255731538405,65.60973358154297,17237300,0.0,0.0,67.69481964111328
2022-05-12 00:00:00-04:00,64.66910297992594,67.51062566657754,64.54172713495026,66.34461975097656,27022900,0.0,0.0,66.99326019287109
2022-05-13 00:00:00-04:00,67.7065850211873,71.16540076290778,66.64836161435571,70.46971893310547,22872000,0.0,0.0,67.30092926025391
2022-05-16 00:00:00-04:00,70.06798688827979,70.58729812320091,68.90198111327466,69.04895782470703,13394700,0.0,0.0,67.79868774414062
2022-05-17 00:00:00-04:00,70.79304640849443,73.2230393876034,70.69506444836664,72.97808074951172,17671500,0.0,0.0,68.89022216796874
2022-05-18 00:00:00-04:00,71.7043013165822,72.72333026855694,68.67660830461621,69.61725616455078,20635100,0.0,0.0,69.69172668457031
2022-05-19 00:00:00-04:00,69.33310993354287,70.25414952753121,67.6575933856244,68.00053405761719,17558000,0.0,0.0,70.02290954589844
2022-05-20 00:00:00-04:00,69.17634412686392,69.26453315729263,64.77688741204744,67.51062774658203,20313300,0.0,0.0,69.43109130859375
2022-05-23 00:00:00-04:00,67.38322715159636,68.78439103256372,67.13826848342406,68.18669128417969,12356200,0.0,0.0,69.25863800048828
2022-05-24 00:00:00-04:00,66.98149867345964,67.03049339720279,64.67888869289246,65.2765884399414,18764500,0.0,0.0,67.71833953857421
2022-05-25 00:00:00-04:00,64.60049929197999,67.46161469881135,64.57110544833131,66.50138092041016,16241200,0.0,0.0,67.0951644897461
2022-05-26 00:00:00-04:00,65.05123441724695,69.6074679174941,65.01204012658877,69.17633819580078,14902500,0.0,0.0,67.33032531738282
2022-05-27 00:00:00-04:00,70.31293677431793,71.95905928995565,70.19535392479197,71.84147644042969,13078700,0.0,0.0,68.19649505615234
2022-05-31 00:00:00-04:00,71.98844865141943,72.97808368223203,70.4795024830704,72.35098266601562,15453000,0.0,0.0,69.02935333251953
2022-06-01 00:00:00-04:00,72.99768877590078,73.86974110417324,71.087014006213,72.06684875488281,13595400,0.0,0.0,70.38740539550781
2022-06-02 00:00:00-04:00,71.65530093733653,73.88933008392183,71.65530093733653,73.85013580322266,11373200,0.0,0.0,71.8571563720703
2022-06-03 00:00:00-04:00,70.24436653550556,70.24436653550556,67.71639069353228,68.52965545654297,30306600,0.0,0.0,71.72781982421876
2022-06-06 00:00:00-04:00,69.31351089609487,70.68528109610864,68.59823568627193,69.02935791015625,13198700,0.0,0.0,71.16539611816407
2022-06-07 00:00:00-04:00,67.2656477320849,69.44088177079533,66.74633658286112,69.33309936523438,14328000,0.0,0.0,70.56181945800782
2022-06-08 00:00:00-04:00,68.43164472466917,68.98035718282826,66.39359444258235,67.2166519165039,16363000,0.0,0.0,69.59178009033204
2022-06-09 00:00:00-04:00,66.56997868234512,67.30485478210414,64.66909677879366,64.68869018554688,15073700,0.0,0.0,67.75949096679688
2022-06-10 00:00:00-04:00,63.53247683917929,64.23795900238186,61.024102459388196,61.35724639892578,26626900,0.0,0.0,66.32500915527343
2022-06-13 00:00:00-04:00,58.80968590781319,59.73072928616892,57.39872512309891,57.653480529785156,24278600,0.0,0.0,64.04983367919922
2022-06-14 00:00:00-04:00,58.16299098273216,58.662705057387534,56.556062601144944,57.516300201416016,17036000,0.0,0.0,61.68647384643555
2022-06-15 00:00:00-04:00,58.13360553844511,58.86848170241334,56.38949690094121,57.92783737182617,19726200,0.0,0.0,59.8287109375
2022-06-16 00:00:00-04:00,55.85058792177076,55.85058792177076,53.156042013264276,53.90071487426758,22706200,0.0,0.0,57.67111587524414
2022-06-17 00:00:00-04:00,54.77275870628957,55.184287467233794,52.51913600970809,54.62578201293945,24139800,0.0,0.0,56.324822998046876
2022-06-21 00:00:00-04:00,55.67420682252109,56.75202348710396,55.20388661955187,55.65460968017578,15502800,0.0,0.0,55.925048828125
2022-06-22 00:00:00-04:00,54.83155349050324,55.98775883200777,54.478812371024155,55.20389175415039,13513800,0.0,0.0,55.46256713867187
2022-06-23 00:00:00-04:00,55.468446298251635,55.68401114129263,53.85171745099012,55.08631134033203,13366600,0.0,0.0,54.89426193237305
2022-06-24 00:00:00-04:00,55.997551785764294,57.81024439455224,55.97795464421648,57.26153564453125,15647600,0.0,0.0,55.56642608642578
2022-06-27 00:00:00-04:00,58.37855538005033,58.839075164403404,57.192952508477504,57.59468460083008,16159900,0.0,0.0,56.1602066040039
2022-06-28 00:00:00-04:00,57.79064725224524,59.368181637983874,56.64424250500764,56.693233489990234,19393600,0.0,0.0,56.3679313659668
2022-06-29 00:00:00-04:00,56.075941853524675,56.36009482585833,54.20445764523497,54.890342712402344,17351400,0.0,0.0,56.30522155761719
2022-06-30 00:00:00-04:00,53.881111096346956,55.27247455810717,53.12663793863384,54.165260314941406,29572400,0.0,0.0,56.121011352539064
2022-07-01 00:00:00-04:00,52.21538942094897,52.871876842637285,50.363502529592324,52.56813049316406,43681700,0.0,0.0,55.18233032226563
2022-07-05 00:00:00-04:00,51.12777433875936,55.74279482396995,51.03958906729413,55.586021423339844,33745900,0.0,0.0,54.78059768676758
2022-07-06 00:00:00-04:00,55.703604979729455,56.94799558170188,55.321470018842845,56.21311950683594,23565000,0.0,0.0,54.684574890136716
2022-07-07 00:00:00-04:00,57.90822388045237,58.113991988991344,56.67363391808057,57.663265228271484,22945500,0.0,0.0,55.239159393310544
2022-07-08 00:00:00-04:00,57.15767519416536,59.32734896952027,57.03986210815147,58.06088638305664,19283000,0.115,0.0,56.01828460693359
2022-07-11 00:00:00-04:00,57.04968270052483,57.540559331924854,56.656979897368224,56.755157470703125,13941800,0.0,0.0,56.855690002441406
2022-07-12 00:00:00-04:00,57.354020344875295,58.98373425780381,57.03985961939519,58.100154876708984,21523100,0.0,0.0,57.358516693115234
2022-07-13 00:00:00-04:00,56.333001158283544,58.33577489311733,56.31336564435196,57.78599548339844,13987600,0.0,0.0,57.673091888427734
2022-07-14 00:00:00-04:00,56.88277609210336,58.571392706434786,56.27409018848501,58.26704788208008,14803800,0.0,0.0,57.79384841918945
2022-07-15 00:00:00-04:00,60.35818542858322,60.574172327942115,58.31614074905882,60.40727233886719,20317800,0.0,0.0,58.263125610351565
2022-07-18 00:00:00-04:00,60.95705176180507,61.19267415995723,59.042632416500794,59.34697723388672,13233000,0.0,0.0,58.781489562988284
2022-07-19 00:00:00-04:00,60.34836382464267,61.61482246833321,60.26000589646976,61.26139450073242,19103700,0.0,0.0,59.41373748779297
2022-07-20 00:00:00-04:00,61.08469354730965,62.360972130556554,60.72144211781424,62.14498519897461,15176200,0.0,0.0,60.285535430908205
2022-07-21 00:00:00-04:00,61.457750765306564,62.51804605247774,60.799977898151056,62.47877502441406,12924700,0.0,0.0,61.127880859375
2022-07-22 00:00:00-04:00,60.17165756225586,61.77191266251702,59.89676410572647,60.17165756225586,22201700,0.0,0.0,61.08075790405273
2022-07-25 00:00:00-04:00,60.230556734536634,60.70180156162089,58.610666217390126,59.05245590209961,14479400,0.0,0.0,61.021853637695315
2022-07-26 00:00:00-04:00,59.2095369532783,59.58260047352487,58.46340242260265,58.57139587402344,11044800,0.0,0.0,60.48385391235352
2022-07-27 00:00:00-04:00,59.38625182812756,61.25158063318966,58.52230797641634,60.760704040527344,14589800,0.0,0.0,60.20699768066406
2022-07-28 00:00:00-04:00,61.1141434157784,61.16323033215427,59.091730253304384,60.93742752075195,10120300,0.0,0.0,59.89872817993164
2022-07-29 00:00:00-04:00,60.230562123170486,60.95706119692264,59.661147169227704,60.731258392333984,14199700,0.0,0.0,60.01064834594727
2022-08-01 00:00:00-04:00,61.359582270526815,62.82239635969651,60.8687056123626,61.39885330200195,13347200,0.0,0.0,60.47992782592773
2022-08-02 00:00:00-04:00,60.623264166223336,62.144980979272184,59.76913987355965,61.33012771606445,11535800,0.0,0.0,61.031674194335935
2022-08-03 00:00:00-04:00,61.359576214148376,63.35253405115469,61.30066967274992,63.07764434814453,12290100,0.0,0.0,61.495062255859374
2022-08-04 00:00:00-04:00,62.95000012823539,63.8041203776522,62.488575055930475,63.66667556762695,11338400,0.0,0.0,62.04091186523438
2022-08-05 00:00:00-04:00,61.7130076543892,62.066439410776304,60.67234789892622,61.32030487060547,15047100,0.0,0.0,62.158721160888675
2022-08-08 00:00:00-04:00,60.85888683066856,61.477388694053964,59.86731393111602,60.328739166259766,11454300,0.0,0.0,61.944698333740234
2022-08-09 00:00:00-04:00,57.92344093036562,59.43534181279371,56.68643350070989,58.07070541381836,33107200,0.0,0.0,61.29281387329102
2022-08-10 00:00:00-04:00,58.90519558026949,60.436732013589435,58.30632549265545,60.2796516418457,17418400,0.0,0.0,60.73321533203125
2022-08-11 00:00:00-04:00,60.868704387526236,62.9303848122929,60.868704387526236,61.182865142822266,18298500,0.0,0.0,60.236453247070315
2022-08-12 00:00:00-04:00,61.51665583993373,64.22629304513659,61.09450166104799,63.85322952270508,16194000,0.0,0.0,60.743038177490234
2022-08-15 00:00:00-04:00,63.519439697265625,63.93178180296142,62.72422186875187,63.519439697265625,9689100,0.0,0.0,61.381178283691405
2022-08-16 00:00:00-04:00,62.95001729577671,63.38198360644045,62.06643792594703,62.694759368896484,9275400,0.0,0.0,62.30598907470703
2022-08-17 00:00:00-04:00,61.663917008134874,61.663917008134874,59.65132004449635,60.495628356933594,14728400,0.0,0.0,62.34918441772461
2022-08-18 00:00:00-04:00,60.62326588906524,62.26279209198384,60.132389242190214,61.8308219909668,11303900,0.0,0.0,62.47877578735351
2022-08-19 00:00:00-04:00,60.71161732742815,61.114135984914704,59.180081005115525,59.4058837890625,14050300,0.0,0.0,61.589306640625
2022-08-22 00:00:00-04:00,58.473232056551886,58.52231897602605,56.9122440486853,57.24604034423828,13096800,0.0,0.0,60.33462677001953
2022-08-23 00:00:00-04:00,57.28529430780091,58.20814465765809,56.70605980451922,56.804237365722656,12769100,0.0,0.0,59.15652236938477
2022-08-24 00:00:00-04:00,56.82388609559504,57.501294572559075,56.31337389386156,57.24604034423828,9961300,0.0,0.0,58.506604766845705
2022-08-25 00:00:00-04:00,57.530729808716245,60.15201251706842,57.51109804251675,60.083290100097656,12171600,0.0,0.0,58.157098388671876
2022-08-26 00:00:00-04:00,59.955671497825975,60.10293598537649,56.55880610519355,56.57844161987305,15754000,0.0,0.0,57.591609954833984
2022-08-29 00:00:00-04:00,56.26428224766648,56.94169066772192,55.48869625181863,55.96975326538086,11607600,0.0,0.0,57.3363525390625
2022-08-30 00:00:00-04:00,56.43117806236515,56.74533881223187,54.56584907816791,55.272708892822266,12743700,0.0,0.0,57.03004684448242
2022-08-31 00:00:00-04:00,54.96836833790036,56.11701788920032,54.791652446147815,55.498512268066406,14172200,0.0,0.0,56.68054122924805
2022-09-01 00:00:00-04:00,54.251673957394594,56.352628710133025,53.790252553016536,56.2642707824707,17594500,0.0,0.0,55.91673736572265
2022-09-02 00:00:00-04:00,57.2362135192628,57.727090142489914,54.97818180143638,55.302162170410156,12809700,0.0,0.0,55.66148147583008
2022-09-06 00:00:00-04:00,55.3021636659629,55.65559169836748,54.124058989339716,54.222232818603516,12133300,0.0,0.0,55.31197738647461
2022-09-07 00:00:00-04:00,54.30077046680195,54.703289126230146,53.02448831950605,53.99642562866211,17030600,0.0,0.0,55.05672073364258
2022-09-08 00:00:00-04:00,53.495734951256495,54.899638619442584,52.75942003149943,54.379310607910156,18415300,0.0,0.0,54.83288040161133
2022-09-09 00:00:00-04:00,55.14507216956385,56.62752151072588,55.14507216956385,56.39189910888672,13925600,0.0,0.0,54.85840606689453
2022-09-12 00:00:00-04:00,56.41153330543092,57.07912572579858,55.98937916475458,56.882774353027344,10711500,0.0,0.0,55.17452850341797
2022-09-13 00:00:00-04:00,54.68365382470513,55.213801449934046,52.1703642920242,52.641605377197266,22361800,0.0,0.0,54.858403015136716
2022-09-14 00:00:00-04:00,52.90668898340814,53.24048528199808,51.502781352140914,52.14092254638672,19984900,0.0,0.0,54.48730239868164
2022-09-15 00:00:00-04:00,51.73839247434669,52.47470734709805,51.03152899807623,51.728572845458984,15620800,0.0,0.0,53.95715484619141
2022-09-16 00:00:00-04:00,50.94317603390531,52.0427386358693,50.55047697717819,51.885658264160156,24901700,0.0,0.0,53.05590667724609
2022-09-19 00:00:00-04:00,51.02171636032104,51.80711819220547,50.93335842016583,51.14934158325195,19251400,0.0,0.0,51.909220123291014
2022-09-20 00:00:00-04:00,50.589741525016876,50.648648065631,49.666894859276525,49.87306213378906,19373800,0.0,0.0,51.35551147460937
2022-09-21 00:00:00-04:00,48.83240497724099,51.55185799885951,48.81276946416724,49.18583297729492,31117300,0.0,0.0,50.76449356079102
2022-09-22 00:00:00-04:00,48.891301487695735,49.45090043055689,48.449511863044634,48.75385665893555,21317000,0.0,0.0,50.16955032348633
2022-09-23 00:00:00-04:00,48.38079566672713,49.23492363252488,47.56594247216806,49.18583297729492,24591700,0.0,0.0,49.62958526611328
2022-09-26 00:00:00-04:00,49.018942166759565,49.5392702130647,47.91937952839922,47.988101959228516,19266800,0.0,0.0,48.997337341308594
2022-09-27 00:00:00-04:00,48.910939515664246,49.725796392526576,48.49860500816107,49.657073974609375,17297500,0.0,0.0,48.954139709472656
2022-09-28 00:00:00-04:00,49.19565249956213,50.25594398760415,49.18583287050099,50.06941223144531,17784300,0.0,0.0,49.130855560302734
2022-09-29 00:00:00-04:00,49.12693210253553,49.38218629228459,48.321894760515235,49.097476959228516,25582100,0.0,0.0,49.19957962036133
2022-09-30 00:00:00-04:00,49.61780677473503,51.1100720625193,48.90112740045352,49.18583297729492,38917700,0.0,0.0,49.19957962036133
2022-10-03 00:00:00-04:00,50.07923931814233,52.121288189090635,49.7159916085361,50.77628707885742,24632400,0.0,0.0,49.75721664428711
2022-10-04 00:00:00-04:00,52.582703791236874,53.80989531576553,51.69912439553971,52.97540283203125,24275500,0.0,0.0,50.42088241577149
2022-10-05 00:00:00-04:00,51.915108098873354,54.1927751282482,51.21806050968287,53.73134994506836,20418300,0.0,0.0,51.1532699584961
2022-10-06 00:00:00-04:00,53.407376519032375,54.10442040449184,52.327445732950096,53.62335968017578,17149400,0.0,0.0,52.05844650268555
2022-10-07 00:00:00-04:00,52.69364085994965,53.76600970059719,51.660622146496664,52.05415344238281,21977700,0.115,0.0,52.632110595703125
2022-10-10 00:00:00-04:00,52.21157043139617,52.27060125758006,49.94877463624835,50.54890823364258,17227400,0.0,0.0,52.58663482666016
2022-10-11 00:00:00-04:00,49.82087949160225,53.893912927087314,49.51589625314377,52.84122085571289,32813700,0.0,0.0,52.55979843139649
2022-10-12 00:00:00-04:00,52.7330047492654,52.900256907213446,51.54257771037452,51.89675521850586,18131900,0.0,0.0,52.19287948608398
2022-10-13 00:00:00-04:00,50.519395229399954,55.015473664483366,49.919265334092216,53.97262191772461,27605000,0.0,0.0,52.26273193359375
2022-10-14 00:00:00-04:00,54.346471678737565,54.54323359316949,51.74917162411649,51.86723327636719,20403000,0.0,0.0,52.225347900390624
2022-10-17 00:00:00-04:00,53.71682242606712,54.10051717806176,51.99512935147531,52.63461685180664,18261700,0.0,0.0,52.64248962402344
2022-10-18 00:00:00-04:00,54.120197277707476,54.248095544702245,50.824385901023916,51.699989318847656,19774800,0.0,0.0,52.41424331665039
2022-10-19 00:00:00-04:00,51.247428279437614,52.56575351485752,51.21791473967981,52.17222213745117,14786100,0.0,0.0,52.469336700439456
2022-10-20 00:00:00-04:00,52.634624678192644,54.20874279353927,52.30996070584349,52.831390380859375,15711800,0.0,0.0,52.24109039306641
2022-10-21 00:00:00-04:00,52.62477920750271,55.369646973694266,52.477204017140664,55.143367767333984,20199200,0.0,0.0,52.89631729125976
2022-10-24 00:00:00-04:00,55.32046284338895,55.8910829750832,54.17922633299388,55.33030319213867,15293600,0.0,0.0,53.435454559326175
2022-10-25 00:00:00-04:00,55.76318507476984,56.107522223379895,54.44485980824447,54.966285705566406,17313000,0.0,0.0,54.088713836669925
2022-10-26 00:00:00-04:00,55.17289213731941,56.51089060493328,54.07100574799955,54.55308151245117,23511300,0.0,0.0,54.56488571166992
2022-10-27 00:00:00-04:00,54.47436796855896,55.320457739286745,51.27693796471138,51.365482330322266,27335800,0.0,0.0,54.2717041015625
2022-10-28 00:00:00-04:00,50.99163065243488,53.55940969751106,50.627612849472094,53.1658821105957,19171100,0.0,0.0,53.876206970214845
2022-10-31 00:00:00-04:00,53.037985408324474,54.04148697665087,52.309953534168535,53.224910736083984,15932500,0.0,0.0,53.4551284790039
2022-11-01 00:00:00-04:00,54.19890114113441,54.543238273933376,53.23475341630401,53.97262191772461,11729700,0.0,0.0,53.256395721435545
2022-11-02 00:00:00-04:00,53.85456488918353,55.35981545574367,52.555912852688635,52.58543014526367,17302700,0.0,0.0,52.86286544799805
2022-11-03 00:00:00-04:00,51.85739898933442,53.49054783973617,51.070339980645635,52.61494445800781,12769200,0.0,0.0,53.11275787353516
2022-11-04 00:00:00-04:00,54.36614706604202,55.98945919669352,53.9332655825984,55.251590728759766,18882700,0.0,0.0,53.52989959716797
2022-11-07 00:00:00-05:00,55.5172242750986,55.90091528103819,54.5629131812538,55.64512252807617,11411300,0.0,0.0,54.01394195556641
2022-11-08 00:00:00-05:00,56.45186016861126,56.933932151419334,55.5664164714224,56.560081481933594,14190100,0.0,0.0,54.5314338684082
2022-11-09 00:00:00-05:00,55.310619078304015,55.733663947865026,54.61210077435888,55.06466293334961,19952500,0.0,0.0,55.02728042602539
2022-11-10 00:00:00-05:00,57.652119769844475,59.40333010110248,57.12085734078191,59.295108795166016,24982500,0.0,0.0,56.36331329345703
2022-11-11 00:00:00-05:00,59.668961867456915,62.158036836765255,58.91141649571244,61.50871276855469,17579400,0.0,0.0,57.61473770141602
2022-11-14 00:00:00-05:00,60.938093393457606,61.73499265772644,60.003463040874436,60.78068161010742,13988200,0.0,0.0,58.641849517822266
2022-11-15 00:00:00-05:00,62.472861783539685,63.39765930477059,61.410329419485365,62.07933044433594,16325000,0.0,0.0,59.74569931030273
2022-11-16 00:00:00-05:00,59.550903868546214,60.38715705886974,57.17988665178167,57.917755126953125,25901900,0.0,0.0,60.31631774902344
2022-11-17 00:00:00-05:00,56.37314991844432,58.03581592648001,55.595927568711254,57.789859771728516,14212300,0.0,0.0,60.01526794433594
2022-11-18 00:00:00-05:00,58.59659781550841,58.694978779832326,57.160210966623936,57.632450103759766,9703700,0.0,0.0,59.24001541137695
2022-11-21 00:00:00-05:00,57.08150620533989,57.08150620533989,55.9009158838006,56.235416412353516,9968400,0.0,0.0,58.330962371826175
2022-11-22 00:00:00-05:00,56.61910290810744,57.73082571627538,56.058323206861864,57.67179489135742,8955700,0.0,0.0,57.44945526123047
2022-11-23 00:00:00-05:00,57.297953672226306,58.1046896470065,56.81587790534864,57.97679138183594,8996800,0.0,0.0,57.46126251220703
2022-11-25 00:00:00-05:00,57.72099511003634,58.17355733813002,57.44552538658294,57.46520233154297,4360500,0.0,0.0,57.396331024169925
2022-11-28 00:00:00-05:00,56.39282905148507,56.82571054958334,54.572754936829426,54.84822463989258,15512600,0.0,0.0,56.83948593139648
2022-11-29 00:00:00-05:00,54.808873166308835,55.60577252482304,53.884079298879804,54.228416442871094,12874200,0.0,0.0,56.4380859375
2022-11-30 00:00:00-05:00,52.71332877054511,56.74700850438592,51.7590176188587,56.71749496459961,31461400,0.0,0.0,56.24722595214844
2022-12-01 00:00:00-05:00,56.89458386386325,56.983124483462696,54.20873914621224,54.59243392944336,21764200,0.0,0.0,55.57035446166992
2022-12-02 00:00:00-05:00,53.46103548602029,54.523564233079306,52.51656465463596,53.795536041259766,15946500,0.0,0.0,54.836421203613284
2022-12-05 00:00:00-05:00,53.49054227597605,54.37598591427335,52.8313815975715,53.1658821105957,13806900,0.0,0.0,54.499952697753905
2022-12-06 00:00:00-05:00,52.98879527695804,53.74634069391374,52.378825055991115,52.81170654296875,17988000,0.0,0.0,54.216610717773435
2022-12-07 00:00:00-05:00,52.26076202754186,53.36264828857835,51.59176099512436,52.949440002441406,11367300,0.0,0.0,53.462999725341795
2022-12-08 00:00:00-05:00,53.67747410311691,54.79903360046287,53.175721431361175,54.30712127685547,13609100,0.0,0.0,53.40593719482422
2022-12-09 00:00:00-05:00,53.79553848228697,54.95645200591373,53.638126669913525,53.98246383666992,9932200,0.0,0.0,53.44332275390625
2022-12-12 00:00:00-05:00,52.65430306096307,54.48421776562225,52.47721429902872,54.4547004699707,13250600,0.0,0.0,53.70108642578125
2022-12-13 00:00:00-05:00,56.26493265100169,56.95361068436755,53.76602079152141,54.34647750854492,14210500,0.0,0.0,54.00804061889649
2022-12-14 00:00:00-05:00,54.34647296970608,55.192558979643316,53.18555963261473,53.70698547363281,11235300,0.0,0.0,54.159549713134766
2022-12-15 00:00:00-05:00,52.693648443499775,52.85106023391007,51.01130547681048,51.19823455810547,17785000,0.0,0.0,53.53777236938477
2022-12-16 00:00:00-05:00,50.90308869015218,51.6901476541084,50.785027030813865,51.22774887084961,22951400,0.0,0.0,52.986829376220705
2022-12-19 00:00:00-05:00,51.326133339447324,51.44419500684902,50.27344119957282,50.88341522216797,16470000,0.0,0.0,52.27257232666015
2022-12-20 00:00:00-05:00,50.50954969368832,51.12936017601141,49.633946494132545,49.860225677490234,16942000,0.0,0.0,51.37532196044922
2022-12-21 00:00:00-05:00,50.106187690932046,50.91292357094722,49.92909896088061,50.36198043823242,20400800,0.0,0.0,50.70632095336914
2022-12-22 00:00:00-05:00,48.69931862546186,49.161717397206864,47.64662658369638,48.63045120239258,40959600,0.0,0.0,50.19276428222656
2022-12-23 00:00:00-05:00,48.20741010251885,49.73233763067332,48.19757350687624,49.38800048828125,17425700,0.0,0.0,49.82481460571289
2022-12-27 00:00:00-05:00,48.80754282964248,49.496220854186205,47.73517378152258,49.21091079711914,15159100,0.0,0.0,49.49031372070313
2022-12-28 00:00:00-05:00,49.033813369583704,50.2635939980815,48.04015227307425,48.32545852661133,12518700,0.0,0.0,49.18336029052735
2022-12-29 00:00:00-05:00,48.60093820704923,50.1061886894913,48.54190737819132,49.830718994140625,13204300,0.0,0.0,49.077108001708986
2022-12-30 00:00:00-05:00,48.760838652324246,49.32289452133098,48.445298647321636,49.283451080322266,11989800,0.115,0.0,49.20770797729492
2023-01-03 00:00:00-05:00,49.855372816838305,50.249795967059526,48.85944655734708,49.66801834106445,12422800,0.0,0.0,49.263711547851564
2023-01-04 00:00:00-05:00,52.31067034583686,53.760184961672316,51.99513031214306,53.444644927978516,25077300,0.0,0.0,50.11045837402344
2023-01-05 00:00:00-05:00,53.13896089265136,54.618056128163424,53.13896089265136,53.947532653808594,18030900,0.0,0.0,51.23487319946289
2023-01-06 00:00:00-05:00,54.65749194295932,56.49157038088956,53.27700174451867,55.978816986083984,21069800,0.0,0.0,52.46449279785156
2023-01-09 00:00:00-05:00,56.02811979787502,56.7183649019796,54.87442747254871,55.57453155517578,15715900,0.0,0.0,53.72270889282227
2023-01-10 00:00:00-05:00,55.377323336272035,56.481713349729624,55.081505052859015,56.412689208984375,10571300,0.0,0.0,55.07164306640625
2023-01-11 00:00:00-05:00,56.55073893494136,57.655132738141866,56.126731338656704,57.25084686279297,12143000,0.0,0.0,55.83288345336914
2023-01-12 00:00:00-05:00,57.300152496335166,57.428341808836436,55.6435654602078,56.471858978271484,14888100,0.0,0.0,56.33774871826172
2023-01-13 00:00:00-05:00,55.93937942143438,56.17603630600812,55.337880111279134,56.136592864990234,12520600,0.0,0.0,56.36930389404297
2023-01-17 00:00:00-05:00,56.36338978085799,57.78331987354104,55.761890441117124,56.057708740234375,10962700,0.0,0.0,56.465939331054685
2023-01-18 00:00:00-05:00,56.70851381875117,57.240989045217226,55.574542978907516,55.722450256347656,10035300,0.0,0.0,56.32789154052735
2023-01-19 00:00:00-05:00,54.933588866750135,56.29435735638107,54.50958132115161,55.57453155517578,12034200,0.0,0.0,55.992628479003905
2023-01-20 00:00:00-05:00,56.669070542829395,57.75373888810371,55.96896259913617,57.64527130126953,13826400,0.0,0.0,56.22731094360351
2023-01-23 00:00:00-05:00,58.098860790202984,61.047192369942834,58.03969938638733,60.95844650268555,20175400,0.0,0.0,57.191681671142575
2023-01-24 00:00:00-05:00,60.34708859577042,60.85984208111855,60.02168582637236,60.40625,10183200,0.0,0.0,58.0613899230957
2023-01-25 00:00:00-05:00,59.82447218466307,60.810535708483734,59.577956303707914,60.682350158691406,10787200,0.0,0.0,59.05336990356445
2023-01-26 00:00:00-05:00,61.707850405545166,62.17129765342319,60.43582769558616,61.924781799316406,12219500,0.0,0.0,60.32341995239258
2023-01-27 00:00:00-05:00,61.273980570261166,63.44331709400245,61.09648885300474,62.9798698425293,15895800,0.0,0.0,61.39033966064453
2023-01-30 00:00:00-05:00,61.88534147296218,62.39809492668177,60.83025386523287,60.8499755859375,16169000,0.0,0.0,61.36864547729492
2023-01-31 00:00:00-05:00,58.27634461381829,59.4990648676553,57.83261909930053,59.45962142944336,23856300,0.0,0.0,61.17931976318359
2023-02-01 00:00:00-05:00,59.775168122504645,62.348794450985906,59.548373969625764,61.72757339477539,20902200,0.0,0.0,61.38836441040039
2023-02-02 00:00:00-05:00,62.674187308480874,63.02916695155513,60.997878876464384,62.28961944580078,15877600,0.0,0.0,61.46133193969727
2023-02-03 00:00:00-05:00,61.13592870886403,62.90098303725888,61.03732387685012,61.54021453857422,12187100,0.0,0.0,61.17340087890625
2023-02-06 00:00:00-05:00,60.090708809815595,60.32736570675708,58.907435609709474,59.14408874511719,11484300,0.0,0.0,60.83222351074219
2023-02-07 00:00:00-05:00,59.252555397106725,61.520500676873276,58.86799123699186,61.26412582397461,12713100,0.0,0.0,61.19312438964844
2023-02-08 00:00:00-05:00,60.593601013567586,61.4613379208232,59.39060237588597,59.41032409667969,9510500,0.0,0.0,60.7296745300293
2023-02-09 00:00:00-05:00,60.34708617274684,60.95844448161991,58.858128200522216,59.34130096435547,10094700,0.0,0.0,60.140010833740234
2023-02-10 00:00:00-05:00,59.65683242765626,59.913207242518716,58.42425324526667,58.98630905151367,11429700,0.0,0.0,59.62922973632813
2023-02-13 00:00:00-05:00,58.986316719841845,59.439905015160555,58.0199749666062,59.282135009765625,11466200,0.0,0.0,59.656838989257814
2023-02-14 00:00:00-05:00,58.690506065018134,61.44162441842542,58.20733324477711,61.2049674987793,12496200,0.0,0.0,59.64500732421875
2023-02-15 00:00:00-05:00,60.47527396203988,61.07676951449037,59.61739604134113,60.97816467285156,10457400,0.0,0.0,59.95857543945313
2023-02-16 00:00:00-05:00,59.93293391335825,60.49498976605054,59.01589462495851,59.21310806274414,12683400,0.0,0.0,59.93293685913086
2023-02-17 00:00:00-05:00,59.00603747243648,59.34129919859086,57.69457126786582,58.18760299682617,10874900,0.0,0.0,59.77319564819336
2023-02-21 00:00:00-05:00,57.526945119610644,58.87785107028477,56.68879264370003,56.79725646972656,12667500,0.0,0.0,59.27621994018555
2023-02-22 00:00:00-05:00,56.92544158787898,57.75373502281946,56.037986754285704,56.18589401245117,12260300,0.0,0.0,58.27240524291992
2023-02-23 00:00:00-05:00,58.315792787657614,58.91729210386885,56.63948414285588,57.93122863769531,16094600,0.0,0.0,57.66301803588867
2023-02-24 00:00:00-05:00,56.89586492679197,57.55652566886244,56.55074044351002,57.36917495727539,9867400,0.0,0.0,57.29423141479492
2023-02-27 00:00:00-05:00,58.34536816145208,58.72993603783979,57.024046848478655,57.09307098388672,8514000,0.0,0.0,57.07532501220703
2023-02-28 00:00:00-05:00,56.83669514193683,57.92136716495961,56.60004202670042,57.01418685913086,10493300,0.0,0.0,57.11871109008789
2023-03-01 00:00:00-05:00,57.05363174057907,57.73401416599364,56.422551735290156,56.54087829589844,9141400,0.0,0.0,57.18970794677735
2023-03-02 00:00:00-05:00,54.72652298221579,55.909799907110965,53.95739467372407,55.64356231689453,16625500,0.0,0.0,56.732174682617185
2023-03-03 00:00:00-05:00,55.673149374808496,56.07743529614675,54.66736406187414,55.98868942260742,13769200,0.0,0.0,56.456077575683594
2023-03-06 00:00:00-05:00,56.481712291409586,57.83262190418799,55.75202745676543,56.037986755371094,14472200,0.0,0.0,56.245060729980466
2023-03-07 00:00:00-05:00,55.71258477934456,55.9393789208676,54.539170631064415,54.78568649291992,13278300,0.0,0.0,55.79936065673828
2023-03-08 00:00:00-05:00,55.061779283979895,56.12672577827271,54.578606572755106,56.097145080566406,11515700,0.0,0.0,55.71061401367187
2023-03-09 00:00:00-05:00,55.85062965888649,56.757809931265754,54.76596143739097,54.82512283325195,10200000,0.0,0.0,55.54692611694336
2023-03-10 00:00:00-05:00,54.884296607011265,55.72244911324664,53.77004375112378,54.16447067260742,14180700,0.0,0.0,55.18208236694336
2023-03-13 00:00:00-04:00,53.21784310707027,53.78975792528008,52.02470352970033,53.14881896972656,17365200,0.0,0.0,54.60424880981445
2023-03-14 00:00:00-04:00,54.20390555368965,54.64763106833966,52.95160460158711,53.5136604309082,14657000,0.0,0.0,54.34984359741211
2023-03-15 00:00:00-04:00,52.58676793810061,53.51366626826519,52.143038613514584,53.37561798095703,14643600,0.0,0.0,53.805538177490234
2023-03-16 00:00:00-04:00,52.94174481695595,55.91965686149971,52.86286169763789,55.78160858154297,14791800,0.0,0.0,53.99683532714844
2023-03-17 00:00:00-04:00,56.00840580097423,56.915586172975615,55.43649092949108,55.870357513427734,26655200,0.0,0.0,54.3380126953125
2023-03-20 00:00:00-04:00,55.90979083144636,57.06348310690862,55.29843262807831,56.83668899536133,10610200,0.0,0.0,55.07558670043945
2023-03-21 00:00:00-04:00,57.56638468320102,58.69049640300978,56.7972526421212,57.81290054321289,14613700,0.0,0.0,55.93543472290039
2023-03-22 00:00:00-04:00,57.58610805802354,59.56809397439317,57.28042702867354,57.359310150146484,16949300,0.0,0.0,56.732173156738284
2023-03-23 00:00:00-04:00,58.35523715450517,60.919000702600634,58.30593473272135,60.48513412475586,23903100,0.0,0.0,57.67287826538086
2023-03-24 00:00:00-04:00,59.66670110671981,60.54430078695019,59.6568421267324,60.30764389038086,18735600,0.0,0.0,58.56033554077148
2023-03-27 00:00:00-04:00,60.337220256212895,60.56401439496425,58.34537166537901,58.95673370361328,15901000,0.0,0.0,58.984344482421875
2023-03-28 00:00:00-04:00,58.966591778299694,59.035615916794114,57.014186657600085,58.45383834838867,20496300,0.0,0.0,59.11253204345703
2023-03-29 00:00:00-04:00,60.06111711755748,63.522197741431306,60.02167368169611,62.65446472167969,51939800,0.0,0.0,60.17156295776367
2023-03-30 00:00:00-04:00,63.13764510693947,63.20666925146022,61.60924742442697,62.21074676513672,23038300,0.0,0.0,60.516685485839844
2023-03-31 00:00:00-04:00,59.50892437804433,60.80066877952493,59.06519885956269,59.49906539916992,35416500,0.0,0.0,60.35496978759765
2023-04-03 00:00:00-04:00,58.976460741097505,58.976460741097505,57.063495096620485,58.77924728393555,23610800,0.0,0.0,60.31947250366211
2023-04-04 00:00:00-04:00,58.848271942002526,59.26241682026744,56.15631894867902,56.471858978271484,21303200,0.0,0.0,59.92307662963867
2023-04-05 00:00:00-04:00,56.02812073991567,56.31408002180797,55.22940805096822,56.22533416748047,19456200,0.0,0.0,58.63725051879883
2023-04-06 00:00:00-04:00,56.26979429962772,58.44351842133461,56.12158438052744,57.860565185546875,21496500,0.115,0.0,57.76721420288086
2023-04-10 00:00:00-04:00,60.44927893908762,63.00834466146585,60.27142852061073,62.51431655883789,43280100,0.0,0.0,58.37026443481445
2023-04-11 00:00:00-04:00,62.87989742924583,63.52213548185598,62.28706520309444,62.810733795166016,23090200,0.0,0.0,59.176561737060545
2023-04-12 00:00:00-04:00,63.591303494585034,63.591303494585034,61.101401188860564,61.219966888427734,16694100,0.0,0.0,60.126183319091794
2023-04-13 00:00:00-04:00,60.775337873857346,62.613123089665486,60.06393994161276,62.24754333496094,23286500,0.0,0.0,61.33062515258789
2023-04-14 00:00:00-04:00,62.425391987123284,62.46491514032962,61.03223287425011,61.881961822509766,14953000,0.0,0.0,62.13490447998047
2023-04-17 00:00:00-04:00,61.476859723066156,62.02028989473439,61.23972456988499,61.79303741455078,11546800,0.0,0.0,61.990648651123045
2023-04-18 00:00:00-04:00,62.573607012227654,62.692172712346775,60.74570060380755,61.19032669067383,12175200,0.0,0.0,61.66656723022461
2023-04-19 00:00:00-04:00,60.25167000768263,60.47892249414982,59.658837762040875,59.92561340332031,11652600,0.0,0.0,61.40769653320312
2023-04-20 00:00:00-04:00,59.16480995739421,61.2100861159037,59.15492728406943,60.72593688964844,14382200,0.0,0.0,61.10337524414062
2023-04-21 00:00:00-04:00,60.419641032809565,60.716057153186014,60.00465544897416,60.399879455566406,9606200,0.0,0.0,60.806958770751955
2023-04-24 00:00:00-04:00,59.38218203512205,60.152868511002275,58.64113981121053,58.79922866821289,13402600,0.0,0.0,60.208197021484374
2023-04-25 00:00:00-04:00,58.42376057996281,58.631251464651086,57.33689656510675,57.44558334350586,15987300,0.0,0.0,59.45924835205078
2023-04-26 00:00:00-04:00,58.86839149869976,60.44927994578249,58.63125634706966,60.29119110107422,25385000,0.0,0.0,59.53236389160156
2023-04-27 00:00:00-04:00,60.02442023998205,61.2199674586879,59.411826389187134,61.16068649291992,13524600,0.0,0.0,59.61931381225586
2023-04-28 00:00:00-04:00,61.68434839668345,63.67034345423976,61.55590003630604,63.5912971496582,18094700,0.0,0.0,60.25759735107422
2023-05-01 00:00:00-04:00,63.126912223853616,63.33440312852159,61.565785333177544,61.60530471801758,12823400,0.0,0.0,60.81881256103516
2023-05-02 00:00:00-04:00,61.48674311205076,61.83256507861848,60.518448390105355,61.16068649291992,12237600,0.0,0.0,61.561833190917966
2023-05-03 00:00:00-04:00,60.75558100045919,61.43733846201255,60.09358134723882,60.1825065612793,10818100,0.0,0.0,61.540096282958984
2023-05-04 00:00:00-04:00,59.826804190313226,60.23190709532151,59.18456989995812,59.78728103637695,13357900,0.0,0.0,61.26541519165039
2023-05-05 00:00:00-04:00,59.886086331763835,61.00259088280614,59.392058236328246,60.498680114746094,12312700,0.0,0.0,60.64689178466797
2023-05-08 00:00:00-04:00,60.51844491077575,60.6172490274657,59.58967339882975,60.142982482910156,11510400,0.0,0.0,60.354427337646484
2023-05-09 00:00:00-04:00,59.16480840031235,60.65677165657014,58.838748033615076,60.202266693115234,11895200,0.0,0.0,60.162743377685544
2023-05-10 00:00:00-04:00,61.1804318962559,61.5657769412879,59.07587511725866,59.27348709106445,14548700,0.0,0.0,59.98093948364258
2023-05-11 00:00:00-04:00,59.86632393986373,61.071753682423704,59.3525342753158,60.874141693115234,15536600,0.0,0.0,60.19831161499023
2023-05-12 00:00:00-04:00,61.249606430222755,61.44721465792723,59.43158284374,60.1923828125,12131400,0.0,0.0,60.13705215454102
2023-05-15 00:00:00-04:00,61.48674255749518,64.09521433269411,61.061878050690176,63.867958068847656,22227200,0.0,0.0,60.88204727172852
2023-05-16 00:00:00-04:00,63.77902818387038,64.44102400230653,62.54395421394976,62.96881866455078,15259000,0.0,0.0,61.435357666015626
2023-05-17 00:00:00-04:00,63.80867204986815,64.5398315368313,62.68228480088368,64.14460754394531,15947700,0.0,0.0,62.4095817565918
2023-05-18 00:00:00-04:00,65.19194157937577,67.7707609379724,64.30268962558239,66.76294708251953,30688000,0.0,0.0,63.58734283447266
2023-05-19 00:00:00-04:00,66.76295697363483,67.57316275417645,65.63657351137623,67.35578918457031,16812100,0.0,0.0,65.02002410888672
2023-05-22 00:00:00-04:00,64.9646794070522,65.95273536761573,63.98650611680955,65.43894958496094,37491000,0.0,0.0,65.33422241210937
2023-05-23 00:00:00-04:00,65.06348792255487,66.75306282548962,64.9251606817253,65.2215805053711,15896200,0.0,0.0,65.78477478027344
2023-05-24 00:00:00-04:00,64.17424392456272,65.93299020363762,64.10508029559635,65.7353744506836,15806600,0.0,0.0,66.1029281616211
2023-05-25 00:00:00-04:00,68.91692224023835,69.0453668367294,66.70367838940388,68.77859497070312,29021500,0.0,0.0,66.50605773925781
2023-05-26 00:00:00-04:00,69.0453591293227,73.69910256189402,68.96632036860468,73.04698944091797,33410000,0.0,0.0,67.64429779052735
2023-05-30 00:00:00-04:00,73.50149645564673,73.87695507917701,70.72506108411889,70.83374786376953,24454700,0.0,0.0,68.72325744628907
2023-05-31 00:00:00-04:00,68.07708094844871,69.01573142325272,67.1087824523353,67.38543701171875,30403600,0.0,0.0,69.1560287475586
2023-06-01 00:00:00-04:00,68.11658339646787,68.95642949305815,67.28661243237377,68.26478576660156,18153000,0.0,0.0,69.66191101074219
2023-06-02 00:00:00-04:00,69.15404728787804,69.70736385358187,67.47435486129999,68.34384155273438,13468200,0.0,0.0,69.57496032714843
2023-06-05 00:00:00-04:00,68.66991198332859,68.66991198332859,66.70368208186001,66.9605712890625,12441100,0.0,0.0,68.35767669677735
2023-06-06 00:00:00-04:00,66.22941890116017,68.01779856252469,66.0219279629581,66.73332977294922,12476600,0.0,0.0,67.53759307861328
2023-06-07 00:00:00-04:00,67.59293818783408,67.84982741000893,66.1404941543884,66.2590560913086,14610800,0.0,0.0,67.31231689453125
2023-06-08 00:00:00-04:00,65.7057397294882,65.72549753737971,63.24548181123524,64.53983306884766,25856800,0.0,0.0,66.56732635498047
2023-06-09 00:00:00-04:00,65.14255724126565,65.60694494460857,63.69999583534695,64.64852905273438,14649300,0.0,0.0,65.82826385498046
2023-06-12 00:00:00-04:00,65.05362268674268,66.73332290713395,65.00422439507521,66.64439392089844,14731100,0.0,0.0,65.76502838134766
2023-06-13 00:00:00-04:00,67.741133255739,68.05731095032478,66.79260017198165,67.05937957763672,11911900,0.0,0.0,65.83023834228516
2023-06-14 00:00:00-04:00,66.73332566589532,68.38337793357385,66.7135603177942,68.2944564819336,11085800,0.0,0.0,66.23731842041016
2023-06-15 00:00:00-04:00,67.7707753592223,68.68966798396586,67.5435266405047,67.99803161621094,11842600,0.0,0.0,66.92895812988282
2023-06-16 00:00:00-04:00,69.31214855514861,69.6579667405325,65.27099450803094,66.85189056396484,32259700,0.0,0.0,67.3696304321289
2023-06-20 00:00:00-04:00,66.5159492404603,66.81236914321083,64.98445897336798,66.10096740722656,13261600,0.0,0.0,67.26094512939453
2023-06-21 00:00:00-04:00,65.95275720856004,66.39737952274746,64.559594224436,65.01410675048828,10427200,0.0,0.0,66.85189056396484
2023-06-22 00:00:00-04:00,64.74732328670908,65.863831646635,64.72756547902728,65.45872497558594,8639500,0.0,0.0,66.28474426269531
2023-06-23 00:00:00-04:00,64.66826526520339,65.17217595992281,64.06555047343119,64.50029754638672,12663600,0.0,0.0,65.58519744873047
2023-06-26 00:00:00-04:00,64.84613198997917,65.90335192512391,64.62876593701618,64.66828155517578,13815900,0.0,0.0,65.14847564697266
2023-06-27 00:00:00-04:00,64.49042184798583,66.04166970807253,63.02810296165033,65.99227142333984,18305200,0.0,0.0,65.12673645019531
2023-06-28 00:00:00-04:00,64.86589054370108,66.92104923323602,64.6089938229416,66.26892852783203,27100100,0.0,0.0,65.37770080566406
2023-06-29 00:00:00-04:00,67.02973279809405,67.13841958933101,62.790974323801066,63.56166076660156,51141900,0.0,0.0,64.99828796386718
2023-06-30 00:00:00-04:00,63.72962540047974,64.32245761748125,62.14873697571887,62.35622787475586,31549600,0.0,0.0,64.56947402954101
2023-07-03 00:00:00-04:00,62.682282523203995,63.551773014477384,62.50443210978137,63.13679122924805,12921300,0.0,0.0,64.26317596435547
2023-07-05 00:00:00-04:00,62.74157098523867,62.98858504423567,61.27924820827266,61.31877136230469,16553000,0.0,0.0,63.32847595214844
2023-07-06 00:00:00-04:00,60.26154873965275,61.051992938522645,59.777399547706366,60.498680114746094,15607300,0.0,0.0,62.17442626953125
2023-07-07 00:00:00-04:00,60.810500999184576,60.86989728035565,60.0185694647073,60.038368225097656,15028100,0.115,0.0,61.46976776123047
2023-07-10 00:00:00-04:00,60.216556385076046,62.196387211066074,59.96907753182729,61.84991455078125,16953100,0.0,0.0,61.36850509643555
2023-07-11 00:00:00-04:00,61.96870276037455,63.027911940222445,61.68163016323801,62.9586181640625,13454500,0.0,0.0,61.33287048339844
2023-07-12 00:00:00-04:00,63.81984456062359,64.04752086438076,62.49335782524086,63.14670181274414,13953600,0.0,0.0,61.698456573486325
2023-07-13 00:00:00-04:00,63.53277684489591,63.99803833647855,62.90912902497867,63.87924575805664,11384700,0.0,0.0,62.374569702148435
2023-07-14 00:00:00-04:00,63.65156326664665,64.87905624845413,63.03781299951533,63.433780670166016,13860200,0.0,0.0,63.05365219116211
2023-07-17 00:00:00-04:00,63.15661714699408,65.00775833850886,62.701256858382486,64.5029067993164,11333600,0.0,0.0,63.58425064086914
2023-07-18 00:00:00-04:00,63.720858980344474,64.46329555322151,63.10710869454885,64.28511047363281,10393100,0.0,0.0,63.8495491027832
2023-07-19 00:00:00-04:00,64.96813489608748,65.0968287116776,64.14651098151967,64.30489349365234,9463900,0.0,0.0,64.08118743896485
2023-07-20 00:00:00-04:00,63.75055180811875,64.88895600249595,63.602062991033904,64.03762817382812,12745100,0.0,0.0,64.11286392211915
2023-07-21 00:00:00-04:00,64.63158300677097,65.49281219873538,63.69115876331323,64.98795318603516,24540200,0.0,0.0,64.42369842529297
2023-07-24 00:00:00-04:00,64.70087143405614,65.96796194326156,64.56228388164025,64.81966400146484,10272700,0.0,0.0,64.48704986572265
2023-07-25 00:00:00-04:00,64.74046407621866,65.33441176357844,64.42369147279646,65.01763916015625,8610900,0.0,0.0,64.63355560302735
2023-07-26 00:00:00-04:00,64.34448970977162,67.19544284264428,64.34448970977162,66.70048522949219,14920600,0.0,0.0,65.11267395019532
2023-07-27 00:00:00-04:00,69.76923271987678,71.61046820462172,69.25447254149084,70.35327911376953,25068300,0.0,0.0,66.3758041381836
2023-07-28 00:00:00-04:00,70.85813674700941,71.40258561332865,69.94741651238317,70.48196411132812,11932900,0.0,0.0,67.47460632324218
2023-07-31 00:00:00-04:00,70.40280057252272,71.04623967404534,70.1553216711812,70.67007446289062,11193800,0.0,0.0,68.64468841552734
2023-08-01 00:00:00-04:00,70.2840024777202,70.36319753253808,69.18519563760441,70.04642486572266,13141100,0.0,0.0,69.65044555664062
2023-08-02 00:00:00-04:00,69.04659677736694,69.14558680347434,66.66089712016775,67.48252868652344,14004400,0.0,0.0,69.80685424804688
2023-08-03 00:00:00-04:00,66.88858868340735,68.69023455496045,66.48272726387277,68.48235321044922,11075200,0.0,0.0,69.43266906738282
2023-08-04 00:00:00-04:00,68.79912523337805,70.2147046589832,68.43285379022997,69.20499420166016,11255500,0.0,0.0,69.17727508544922
2023-08-07 00:00:00-04:00,69.14559750092045,69.5217702317627,68.13588699448586,68.68033599853516,10537500,0.0,0.0,68.77932739257812
2023-08-08 00:00:00-04:00,68.00718774804837,68.0665878101539,66.2847369960967,66.96778106689453,14767800,0.0,0.0,68.1635986328125
2023-08-09 00:00:00-04:00,67.09646953190546,67.28455588850622,65.94817151083858,66.02735900878906,10043200,0.0,0.0,67.87256469726563
2023-08-10 00:00:00-04:00,66.38372558924694,66.77969326738507,64.27520846541016,64.78006744384766,12775300,0.0,0.0,67.13210754394531
2023-08-11 00:00:00-04:00,64.24551350186728,64.6513749045822,63.42388187490444,63.72085952758789,11823100,0.0,0.0,66.03528060913087
2023-08-14 00:00:00-04:00,63.72086489858481,67.78941830002488,63.552573519902765,67.5914306640625,21954000,0.0,0.0,65.81749954223633
2023-08-15 00:00:00-04:00,66.90837639970563,66.9479739208988,64.6612718272911,64.67117309570312,13808500,0.0,0.0,65.35817794799804
2023-08-16 00:00:00-04:00,64.34449756957099,64.57218142251264,63.44367097841873,63.572364807128906,9895400,0.0,0.0,64.86717910766602
2023-08-17 00:00:00-04:00,63.83964328712299,64.05742588779988,62.76063910507601,62.91902542114258,9933300,0.0,0.0,64.494970703125
2023-08-18 00:00:00-04:00,61.68162107365798,63.21598896801994,61.12726716984197,62.94871139526367,9576500,0.0,0.0,64.34054107666016
2023-08-21 00:00:00-04:00,63.037819678923654,63.54267870130888,62.226089266684625,63.31499481201172,11311900,0.0,0.0,63.48525390625
2023-08-22 00:00:00-04:00,63.651558513276605,64.4236912595338,62.65174191885032,62.770530700683594,8876000,0.0,0.0,63.105125427246094
2023-08-23 00:00:00-04:00,62.928919531798925,64.95824905363803,62.53295187479923,64.53258514404297,10747400,0.0,0.0,63.2971694946289
2023-08-24 00:00:00-04:00,65.47300786354522,65.57199789896843,62.730941588570786,63.04771423339844,12661600,0.0,0.0,63.322907257080075
2023-08-25 00:00:00-04:00,62.820035327341984,63.740657023976645,61.998407444243654,63.077415466308594,9409000,0.0,0.0,63.34864807128906
2023-08-28 00:00:00-04:00,65.0572437715144,65.443310188006,64.00793582437882,64.65137481689453,9904900,0.0,0.0,63.61592407226563
2023-08-29 00:00:00-04:00,64.245505059109,66.35402194821549,64.21580880823424,66.00755310058594,9955000,0.0,0.0,64.2633285522461
2023-08-30 00:00:00-04:00,66.5124102298505,68.00717686825145,65.84916125089086,67.40332794189453,16892200,0.0,0.0,64.83747711181641
2023-08-31 00:00:00-04:00,67.28455319364983,69.8286355545222,67.28455319364983,69.23468780517578,18420900,0.0,0.0,66.07487182617187
2023-09-01 00:00:00-04:00,69.5019601873697,69.90782913156833,68.84861994256526,69.68014526367188,10772000,0.0,0.0,67.39541778564453
2023-09-05 00:00:00-04:00,69.20499632737922,70.44239070411717,68.8288236032791,69.58116149902344,11144300,0.0,0.0,68.38137512207031
2023-09-06 00:00:00-04:00,69.4227684989801,69.94743003690374,68.93771203821133,69.699951171875,9192800,0.0,0.0,69.11985473632812
2023-09-07 00:00:00-04:00,68.74962740054745,69.5811603350827,68.40315849134767,69.16539764404297,12043200,0.0,0.0,69.4722686767578
2023-09-08 00:00:00-04:00,69.06639818788318,69.89793109995598,68.90801564186563,69.4722671508789,9805000,0.0,0.0,69.51978454589843
2023-09-11 00:00:00-04:00,70.1157116088497,70.14540786330997,68.611035928249,69.32377624511719,9310400,0.0,0.0,69.4485107421875
2023-09-12 00:00:00-04:00,69.2544756636181,70.96703250965336,69.08619186990524,69.60094451904297,11062100,0.0,0.0,69.45246734619141
2023-09-13 00:00:00-04:00,70.33349329083869,71.13532236059184,69.65044923737179,70.13550567626953,14525500,0.0,0.0,69.53957824707031
2023-09-14 00:00:00-04:00,70.94723221788952,71.50158995655963,70.56116583071034,71.06602478027344,11170300,0.0,0.0,69.91970367431641
2023-09-15 00:00:00-04:00,70.57106967664208,70.90763728700742,68.93770775836492,69.17528533935547,16416100,0.0,0.0,69.86030731201171
2023-09-18 00:00:00-04:00,69.93752844063053,70.33349613331634,69.20499311825789,69.7890396118164,12735700,0.0,0.0,69.95335998535157
2023-09-19 00:00:00-04:00,69.90782896290085,70.34338660756787,69.26438243600354,69.99691772460938,10399000,0.0,0.0,70.03255462646484
2023-09-20 00:00:00-04:00,70.23450727163775,71.5807930625568,68.94762155109746,68.9773178100586,15522100,0.0,0.0,69.80091705322266
2023-09-21 00:00:00-04:00,68.30416889658845,68.59124529534708,67.14596958440961,67.21526336669922,14978600,0.0,0.0,69.03076477050782
2023-09-22 00:00:00-04:00,67.89830261815378,69.0466082588199,67.10637472515354,68.18537902832031,15487200,0.0,0.0,68.83278350830078
2023-09-25 00:00:00-04:00,67.60131325890465,68.49223849347437,66.92817058750242,67.88838958740234,14900000,0.0,0.0,68.45265350341796
2023-09-26 00:00:00-04:00,67.28455618023355,68.35366670798533,66.90838346540104,67.2548599243164,12752500,0.0,0.0,67.90424194335938
2023-09-27 00:00:00-04:00,67.43304410697974,68.15567816611471,66.07685720280958,67.52213287353516,20852300,0.0,0.0,67.61320495605469
2023-09-28 00:00:00-04:00,65.30472726865067,66.41342780399637,63.186308685808314,64.54248809814453,46749800,0.0,0.0,67.07864990234376
2023-09-29 00:00:00-04:00,65.69079133830056,68.03689372625975,65.69079133830056,67.34394836425781,24315500,0.0,0.0,66.91036376953124
2023-10-02 00:00:00-04:00,67.55182568102931,68.58133861703593,66.38372519137329,67.27465057373047,14880500,0.0,0.0,66.78761596679688
2023-10-03 00:00:00-04:00,66.49261776576604,68.94761136060941,66.43322525662201,67.14596557617188,12481500,0.0,0.0,66.76583709716797
2023-10-04 00:00:00-04:00,67.621113895467,67.80920022528613,66.44311978634651,67.42313385009766,12912800,0.0,0.0,66.74603729248047
2023-10-05 00:00:00-04:00,67.91809539585594,68.83871700907851,67.65081401163854,68.3536605834961,14045000,0.0,0.0,67.50827178955078
2023-10-06 00:00:00-04:00,68.13055940557875,69.7369004743294,67.42654782870329,69.3700180053711,15113400,0.115,0.0,67.91348571777344
2023-10-09 00:00:00-04:00,69.02295153254127,69.36008054483403,68.0016391464096,68.89405059814453,8588700,0.0,0.0,68.23736572265625
2023-10-10 00:00:00-04:00,68.90396687354844,69.51874094212373,68.3090283751178,68.48751068115234,9007600,0.0,0.0,68.50567474365235
2023-10-11 00:00:00-04:00,69.13204662166102,69.67740388664667,68.34870784990017,69.61791229248047,11165300,0.0,0.0,68.9446304321289
2023-10-12 00:00:00-04:00,69.79638343040521,70.12360227587683,68.7155792963404,69.16178131103516,11408700,0.0,0.0,69.10625457763672
2023-10-13 00:00:00-04:00,69.28078054466705,69.46917310740032,68.50735202456259,68.6263427734375,10287900,0.0,0.0,68.95751953125
2023-10-16 00:00:00-04:00,68.4280195282101,69.43941422535377,67.56535378281293,68.49742889404297,11294100,0.0,0.0,68.8781951904297
2023-10-17 00:00:00-04:00,67.4959486945637,69.04279041118697,67.04974668093897,68.41810607910156,11843000,0.0,0.0,68.86431427001953
2023-10-18 00:00:00-04:00,67.43645523429419,68.96346890197069,67.40670944288715,68.55692291259766,11201000,0.0,0.0,68.65211639404296
2023-10-19 00:00:00-04:00,69.09238056076113,69.1915357358359,66.61346335861707,66.96051025390625,18111000,0.0,0.0,68.21186218261718
2023-10-20 00:00:00-04:00,66.99025869923463,67.94216203469695,66.57380240841772,66.65312957763672,11506100,0.0,0.0,67.81721954345703
2023-10-23 00:00:00-04:00,66.25650266707812,67.58520630128663,65.67148180336142,66.31599426269531,9762000,0.0,0.0,67.3809326171875
2023-10-24 00:00:00-04:00,66.72252793208145,67.7735862728295,66.56387361986454,67.4959487915039,8450700,0.0,0.0,67.19650115966797
2023-10-25 00:00:00-04:00,67.91240958502355,68.61642112150523,65.34425514483216,65.93919372558594,11924300,0.0,0.0,66.67295532226562
2023-10-26 00:00:00-04:00,65.88963162611334,66.87128851472414,63.34130823109363,63.98582458496094,16697900,0.0,0.0,66.07801818847656
2023-10-27 00:00:00-04:00,64.37251219010729,65.71112580198438,64.33284861193376,65.09635925292969,9980300,0.0,0.0,65.76666412353515
2023-10-30 00:00:00-04:00,65.8003726591489,66.98033955772686,64.62040576057095,65.5128173828125,10667700,0.0,0.0,65.6060287475586
2023-10-31 00:00:00-04:00,65.52275243185794,66.50440169242673,64.70966775405279,66.30609130859375,8268400,0.0,0.0,65.36805725097656
2023-11-01 00:00:00-04:00,66.43497364945704,69.07254489124354,66.43497364945704,68.81473541259766,16777500,0.0,0.0,65.9431655883789
2023-11-02 00:00:00-04:00,69.72698702679786,70.43099864748771,69.16179417271978,69.84597778320312,11926000,0.0,0.0,67.11519622802734
2023-11-03 00:00:00-04:00,70.69872162835225,72.57278242789405,70.54998508321854,71.96792602539062,14457900,0.0,0.0,68.48950958251953
2023-11-06 00:00:00-05:00,71.96791701549745,72.37445545190846,71.41263448751955,72.30504608154297,10073900,0.0,0.0,69.84795532226562
2023-11-07 00:00:00-05:00,71.86877219801299,72.5132846305868,71.10526144903483,72.18607330322266,8248400,0.0,0.0,71.02395172119141
2023-11-08 00:00:00-05:00,72.00758495474099,72.16623171159033,71.11517330666828,71.67044830322266,9917600,0.0,0.0,71.5950942993164
2023-11-09 00:00:00-05:00,72.92974169462862,75.45823251392295,72.88016032824751,72.94956970214844,22435900,0.0,0.0,72.21581268310547
2023-11-10 00:00:00-05:00,73.81223997359614,75.17068173925962,72.94957407619846,74.72447967529297,12306000,0.0,0.0,72.76712341308594
2023-11-13 00:00:00-05:00,73.52468389023157,74.56582455006698,72.77109096140683,74.14936828613281,9116000,0.0,0.0,73.1359878540039
2023-11-14 00:00:00-05:00,75.35907192076266,76.7968406616504,75.26983454576654,76.51920318603516,12972700,0.0,0.0,74.0026138305664
2023-11-15 00:00:00-05:00,76.84643613116704,76.84643613116704,75.66646907814177,76.48947143554688,9954000,0.0,0.0,74.96641845703125
2023-11-16 00:00:00-05:00,76.2415757917351,76.82660417704227,75.8350373101293,76.02342987060547,12989000,0.0,0.0,75.58119049072266
2023-11-17 00:00:00-05:00,75.95401867439124,77.2827221780776,75.82511770819784,76.90592193603516,9376900,0.0,0.0,76.0174789428711
2023-11-20 00:00:00-05:00,76.68778110495826,78.24454841442193,76.47955296189083,77.95699310302734,11424100,0.0,0.0,76.77900390625
2023-11-21 00:00:00-05:00,77.19348074021747,77.27280790689372,75.6664668244472,76.06309509277344,12016700,0.0,0.0,76.68778228759766
2023-11-22 00:00:00-05:00,76.54894611144631,77.78840448478614,76.20189927992188,76.44979095458984,8579500,0.0,0.0,76.67984619140626
2023-11-24 00:00:00-05:00,76.03333300403993,76.36055182267144,75.72594975535459,76.22173309326172,4349600,0.0,0.0,76.7195068359375
2023-11-27 00:00:00-05:00,76.22175153887544,77.62977474365958,76.01352339436978,76.85635375976562,11005600,0.0,0.0,76.7095932006836
2023-11-28 00:00:00-05:00,74.44684266406355,75.5970563032798,73.36603083832225,75.47807312011719,19225700,0.0,0.0,76.21380920410157
2023-11-29 00:00:00-05:00,76.79685167684451,78.35361137273811,75.7358754199623,76.04326629638672,14062900,0.0,0.0,76.20984344482422
2023-11-30 00:00:00-05:00,76.17216690541537,76.35064924521417,74.33776970279457,75.47807312011719,21701600,0.0,0.0,76.01549987792968
2023-12-01 00:00:00-05:00,75.36899237945836,75.8945215576625,74.4567452007271,75.28966522216797,14354700,0.0,0.0,75.82908630371094
2023-12-04 00:00:00-05:00,74.78397342238559,74.9624557661286,72.71160224258817,73.66350555419922,11659300,0.0,0.0,75.19051666259766
2023-12-05 00:00:00-05:00,72.85041944595528,73.3462028829741,72.42404538751688,73.06856536865234,8800500,0.0,0.0,74.70861511230468
2023-12-06 00:00:00-05:00,74.66498864200977,74.76414381640383,72.3149724270908,72.5132827758789,8883900,0.0,0.0,74.00261840820312
2023-12-07 00:00:00-05:00,73.39577504000734,73.58417516266273,72.37446239308443,73.02890014648438,10641300,0.0,0.0,73.51278381347656
2023-12-08 00:00:00-05:00,72.86034311556115,74.7145684780842,72.81076174183418,74.3278579711914,12007100,0.0,0.0,73.32042236328125
2023-12-11 00:00:00-05:00,76.53904882006997,77.84791678080516,76.32090289910496,77.13398742675781,18547600,0.0,0.0,74.01451873779297
2023-12-12 00:00:00-05:00,76.76708971017624,77.60000964609209,76.44978867864955,77.5008544921875,10262100,0.0,0.0,74.9009765625
2023-12-13 00:00:00-05:00,77.63968636647078,79.59306668079917,77.37195908403865,79.11711883544922,11629900,0.0,0.0,76.22174377441407
2023-12-14 00:00:00-05:00,80.12852002198461,81.70511535148286,80.10869201229859,81.49688720703125,17342800,0.0,0.0,77.91534118652343
2023-12-15 00:00:00-05:00,82.19097197339781,82.29012714102224,80.42598426849813,80.72345733642578,19547800,0.0,0.0,79.19446105957032
2023-12-18 00:00:00-05:00,80.90193817882977,81.16966547309501,80.12851722216116,80.8721923828125,12416600,0.0,0.0,79.94210205078124
2023-12-19 00:00:00-05:00,80.98125216273066,81.57619068139626,80.48546880300039,81.47703552246094,14316400,0.0,0.0,80.73733825683594
2023-12-20 00:00:00-05:00,80.77303454594703,80.93168887288407,77.96689854994939,78.02639770507812,29085000,0.0,0.0,80.51919403076172
2023-12-21 00:00:00-05:00,84.28317699828678,85.29457179364236,82.4091163737645,84.7591323852539,53969700,0.0,0.0,81.17164306640625
2023-12-22 00:00:00-05:00,85.42349859767205,86.75219474698436,84.89796929786775,85.76062774658203,22531800,0.0,0.0,82.1790771484375
2023-12-26 00:00:00-05:00,85.96884100061604,87.1289799393443,85.70112128555847,86.3258056640625,11203900,0.0,0.0,83.2697998046875
2023-12-27 00:00:00-05:00,86.74227614857725,86.75218637078419,85.49289973048595,85.92919158935547,9186300,0.0,0.0,84.16023101806641
2023-12-28 00:00:00-05:00,86.01842489907908,86.01842489907908,85.11609542741289,85.27474975585938,9606200,0.0,0.0,85.60990142822266
2023-12-29 00:00:00-05:00,85.23007465326741,85.52794608370036,84.42583239635766,84.73362731933594,8549200,0.115,0.0,85.60480041503907
2024-01-02 00:00:00-05:00,83.40314485991526,83.4825782444928,81.16913205116754,81.75493621826172,13597100,0.0,0.0,84.803662109375
2024-01-03 00:00:00-05:00,80.62303323329274,82.00315603129377,80.00744346954745,81.67550659179688,12915600,0.0,0.0,83.87360229492188
2024-01-04 00:00:00-05:00,82.87690879820838,83.66129639697628,82.02301888436911,82.12230682373047,19134200,0.0,0.0,83.11222534179687
2024-01-05 00:00:00-05:00,80.90105211384987,82.9364814175436,80.43439045843597,82.85704803466797,15483700,0.0,0.0,82.6286849975586
2024-01-08 00:00:00-05:00,83.29391642766224,84.90240819507352,83.23434518356007,84.34638214111328,16219800,0.0,0.0,82.55123596191406
2024-01-09 00:00:00-05:00,82.53931633689787,83.59178964882885,82.31095484599572,82.73789978027344,12138700,0.0,0.0,82.74782867431641
2024-01-10 00:00:00-05:00,82.37053553522978,82.43010678748041,81.07977709362979,81.7946548461914,10748600,0.0,0.0,82.77165832519532
2024-01-11 00:00:00-05:00,82.21166598557963,82.85704133752299,81.2386260619626,82.79747009277344,10579300,0.0,0.0,82.90669097900391
2024-01-12 00:00:00-05:00,82.16201566678909,82.45988703160612,81.12940453065576,81.80457305908203,10187500,0.0,0.0,82.69619598388672
2024-01-16 00:00:00-05:00,81.95351300757714,84.61447057281042,81.7450060714248,84.00880432128906,13713500,0.0,0.0,82.62868041992188
2024-01-17 00:00:00-05:00,83.0953457037605,83.37335496034518,82.04287235002468,82.6882553100586,10245400,0.0,0.0,82.6187515258789
2024-01-18 00:00:00-05:00,84.61447501002431,85.21021022672645,83.44285913459692,84.21731567382812,15077700,0.0,0.0,83.10328369140625
2024-01-19 00:00:00-05:00,85.44850480137237,87.16621575123247,85.01163633898176,86.8882064819336,18156800,0.0,0.0,83.92143096923829
2024-01-22 00:00:00-05:00,87.64280228876704,89.31086550606813,87.38465514902114,88.60591125488281,14371200,0.0,0.0,85.28169860839844
2024-01-23 00:00:00-05:00,88.3676143572429,88.54633567805143,86.2626751982962,86.9080581665039,16850900,0.0,0.0,85.8615493774414
2024-01-24 00:00:00-05:00,87.78181199225024,87.94067118330918,85.994598747935,87.45415496826172,19752800,0.0,0.0,86.81472930908203
2024-01-25 00:00:00-05:00,88.5165448184381,89.40022030373049,87.87116188840179,88.5661849975586,15892400,0.0,0.0,87.68450317382812
2024-01-26 00:00:00-05:00,86.62012006016663,87.87116933789335,85.67687324989012,87.42436981201172,14934500,0.0,0.0,87.79173583984375
2024-01-29 00:00:00-05:00,87.8711689316869,88.93356581237336,87.39457620778984,88.43711853027344,12108100,0.0,0.0,87.75797729492187
2024-01-30 00:00:00-05:00,87.45415387675868,88.15910809900005,85.1506388212713,85.54779815673828,12980400,0.0,0.0,87.48592529296874
2024-01-31 00:00:00-05:00,84.35631374909566,86.30238601250666,84.18752350626546,85.14070129394531,11396700,0.0,0.0,87.02323455810547
2024-02-01 00:00:00-05:00,85.45843192995001,85.57758200066628,84.01873789091957,85.00170135498047,10459000,0.0,0.0,86.31033782958984
2024-02-02 00:00:00-05:00,84.46553933592149,85.9945978568391,84.33646577107457,85.86552429199219,10450000,0.0,0.0,85.99856872558594
2024-02-05 00:00:00-05:00,86.12366124600611,86.60025390830269,85.00169326054301,86.3619613647461,8409300,0.0,0.0,85.58353729248047
2024-02-06 00:00:00-05:00,86.2130288561318,86.57047147220881,83.12512644096759,83.99887084960938,12990300,0.0,0.0,85.27375183105468
2024-02-07 00:00:00-05:00,83.54213925421789,84.67403833254674,81.88400732414466,84.5648193359375,16374800,0.0,0.0,85.15857543945313
2024-02-08 00:00:00-05:00,84.90240670979797,85.41870849174644,83.92936681377755,84.2768783569336,12524500,0.0,0.0,85.01361083984375
2024-02-09 00:00:00-05:00,84.4556096003522,85.01163571002063,83.36342708967956,84.95205688476562,12161500,0.0,0.0,84.83091735839844
2024-02-12 00:00:00-05:00,84.92227418864722,86.2924735890036,84.78326955023203,85.091064453125,10366000,0.0,0.0,84.57673797607421
2024-02-13 00:00:00-05:00,81.88401452159407,82.95634245064021,80.1960892462027,80.95069122314453,21207900,0.0,0.0,83.96710205078125
2024-02-14 00:00:00-05:00,81.596069601366,82.58896409270645,80.91096997828227,81.2485580444336,12870900,0.0,0.0,83.30384979248046
2024-02-15 00:00:00-05:00,81.655654137281,82.12231583619554,80.93084528273357,81.04998779296875,11527600,0.0,0.0,82.6584716796875
2024-02-16 00:00:00-05:00,80.38475258572029,80.76204983800146,78.6869035876772,78.93512725830078,15553100,0.0,0.0,81.45508575439453
2024-02-20 00:00:00-05:00,78.76632109785798,80.19608400122607,78.587599788039,80.13651275634766,12627200,0.0,0.0,80.46417541503907
2024-02-21 00:00:00-05:00,80.2159570227289,80.92091129183189,79.37199811324982,80.91098022460938,9913300,0.0,0.0,80.45623321533203
2024-02-22 00:00:00-05:00,84.39604566304773,85.69673523685431,83.28400092253861,85.2995834350586,17510900,0.0,0.0,81.26643829345703
2024-02-23 00:00:00-05:00,85.93503398501157,86.20311220430263,84.44569202738701,85.3889389038086,10232800,0.0,0.0,82.134228515625
2024-02-26 00:00:00-05:00,89.04277882175008,91.6938053115231,88.26832232587785,88.8243408203125,28920100,0.0,0.0,84.11207122802735
2024-02-27 00:00:00-05:00,91.23707386626336,92.0909637316769,89.8470200684843,91.19735717773438,21422700,0.0,0.0,86.3242401123047
2024-02-28 00:00:00-05:00,89.81724172690267,90.14489875244034,88.66548796693075,89.07257080078125,14190700,0.0,0.0,87.95655822753906
2024-02-29 00:00:00-05:00,90.00589558643914,90.18461691462967,88.18889667903285,89.96617889404297,17027000,0.0,0.0,88.88987731933594
2024-03-01 00:00:00-05:00,91.26686983758078,95.37745287663007,91.26686983758078,94.47392272949219,23446200,0.0,0.0,90.70687408447266
2024-03-04 00:00:00-05:00,96.24126937480152,96.68806889380762,93.94768538025072,95.08950805664062,20913200,0.0,0.0,91.95990753173828
2024-03-05 00:00:00-05:00,93.58032142387582,94.69236616680176,92.61721239453946,93.79875946044922,12887500,0.0,0.0,92.48018798828124
2024-03-06 00:00:00-05:00,94.37463354813174,95.74482535146953,93.88810974624667,94.8810043334961,14232400,0.0,0.0,93.64187469482422
2024-03-07 00:00:00-05:00,98.22706275034719,98.98166476485868,96.7774375482492,98.2767105102539,24843300,0.0,0.0,95.30398101806641
2024-03-08 00:00:00-05:00,99.17030494260075,101.12630841843924,96.62849731825816,96.9263687133789,22379000,0.0,0.0,95.79447021484376
2024-03-11 00:00:00-04:00,95.21859334243872,95.77461189255426,92.86543042109759,93.83847045898438,15673300,0.0,0.0,95.5442626953125
2024-03-12 00:00:00-04:00,94.65263727347487,96.8072165834941,92.97464309530207,96.727783203125,14993700,0.0,0.0,96.13006744384765
2024-03-13 00:00:00-04:00,94.64271296432769,94.66256752324547,92.43848574040679,93.49095916748047,16732600,0.0,0.0,95.85205841064453
2024-03-14 00:00:00-04:00,92.6370730672146,92.78600120326783,89.65838914319079,90.78035736083984,16718900,0.0,0.0,94.35278778076172
2024-03-15 00:00:00-04:00,91.82289212539008,94.02711168263886,91.3661539622073,92.58741760253906,29579500,0.0,0.0,93.48499755859375
2024-03-18 00:00:00-04:00,96.13206348322245,96.39021822340696,93.02430583380807,93.11366271972656,23140300,0.0,0.0,93.34003601074218
2024-03-19 00:00:00-04:00,91.92216874465119,93.49094377228732,90.35339371701504,93.33207702636719,21054700,0.0,0.0,92.66089477539063
2024-03-20 00:00:00-04:00,94.31504428231327,95.99303837309157,92.92499049898818,95.56609344482422,39807400,0.0,0.0,93.07592163085937
2024-03-21 00:00:00-04:00,112.56445872205853,112.69353228748004,108.00706876358353,109.06946563720703,89554100,0.0,0.0,96.7337432861328
2024-03-22 00:00:00-04:00,108.53329619914037,110.54887083749145,106.28936006614965,109.4269027709961,37281400,0.0,0.0,100.10164031982421
2024-03-25 00:00:00-04:00,109.45669420708805,120.54733220284679,109.37726839940365,116.29773712158203,55766100,0.0,0.0,104.73845520019532
2024-03-26 00:00:00-04:00,118.15444745524378,121.58986157307164,117.33034318856221,117.95587158203125,44295100,0.0,0.0,109.66321411132813
2024-03-27 00:00:00-04:00,118.45231957016591,119.25656170937168,116.24809251807775,118.40267181396484,29320700,0.0,0.0,114.23052978515625
2024-03-28 00:00:00-04:00,118.70579642510883,118.89462332577433,116.6286398578195,117.16532135009766,21047800,0.115,0.0,115.84970092773438
2024-04-01 00:00:00-04:00,118.46727793801507,126.59699601264795,118.26851036535776,123.53593444824219,44309400,0.0,0.0,118.6715072631836
2024-04-02 00:00:00-04:00,121.95569785189475,122.91973645242155,120.17670011383437,121.99545288085938,25026400,0.0,0.0,119.81105041503906
2024-04-03 00:00:00-04:00,121.44883793193462,127.49146620890896,120.58419064365661,127.2231216430664,40130100,0.0,0.0,121.6645004272461
2024-04-04 00:00:00-04:00,129.37977832921553,129.73756602153526,122.88992693115748,123.32721710205078,36009900,0.0,0.0,122.64940948486328
2024-04-05 00:00:00-04:00,123.63531745109277,124.9173887593495,120.45498323125145,122.82035827636719,23326500,0.0,0.0,123.7804168701172
2024-04-08 00:00:00-04:00,128.266663842716,128.90272914664033,121.85631512121446,122.19422149658203,27955800,0.0,0.0,123.51207427978515
2024-04-09 00:00:00-04:00,124.12230784989647,125.36462417282561,120.52455704899474,121.8761978149414,19212900,0.0,0.0,123.48822326660157
2024-04-10 00:00:00-04:00,119.2623561543805,123.71482078710912,119.19278674992363,121.4488296508789,22242300,0.0,0.0,122.33336486816407
2024-04-11 00:00:00-04:00,122.14453341985521,126.77588438883365,121.32957427514243,126.7261962890625,21745300,0.0,0.0,123.0131607055664
2024-04-12 00:00:00-04:00,124.48009067036239,125.21553978156324,121.08111516407268,121.7668685913086,24808200,0.0,0.0,122.80246276855469
2024-04-15 00:00:00-04:00,122.87004180076977,124.0129742499718,119.86860912249236,120.62393951416016,17732600,0.0,0.0,122.48840637207032
2024-04-16 00:00:00-04:00,118.79524065465337,121.79668077837918,117.63243453514528,121.02146911621094,17452400,0.0,0.0,122.31746063232421
2024-04-17 00:00:00-04:00,121.26993999644498,123.65518871830888,115.48571582673577,115.61492156982422,25546500,0.0,0.0,121.15067901611329
2024-04-18 00:00:00-04:00,115.28694764168688,116.89699222638163,110.79473543194725,111.2419662475586,32146900,0.0,0.0,118.0538330078125
2024-04-19 00:00:00-04:00,108.98592002980625,110.19841428057178,105.07013691238589,106.11367797851562,33787500,0.0,0.0,114.9231948852539
2024-04-22 00:00:00-04:00,106.93858083827493,109.55241907019038,105.97454221908912,108.4492416381836,19820900,0.0,0.0,112.48825531005859
2024-04-23 00:00:00-04:00,109.03561897298378,112.19607202651217,108.2405410695944,111.76871490478516,17887500,0.0,0.0,110.63770446777343
2024-04-24 00:00:00-04:00,112.02711213113756,113.24954708321002,108.55856726076959,111.09288787841797,20505900,0.0,0.0,109.7332977294922
2024-04-25 00:00:00-04:00,108.69770504847948,112.36501745255642,107.40569311894232,110.89411926269531,18342800,0.0,0.0,109.66372833251953
2024-04-26 00:00:00-04:00,111.31153999771995,114.35272786054436,110.913997266943,114.13407897949219,20630700,0.0,0.0,111.26780853271484
2024-04-29 00:00:00-04:00,113.11040602240163,114.04463025656675,111.42085897752519,113.65702819824219,14419100,0.0,0.0,112.30936584472656
2024-04-30 00:00:00-04:00,113.47813448811397,115.56522424669006,112.23581825295004,112.26563262939453,14845600,0.0,0.0,112.40874938964843
2024-05-01 00:00:00-04:00,109.8406320830935,113.0309069396958,108.08151557961354,109.02567291259766,16686200,0.0,0.0,111.99530639648438
2024-05-02 00:00:00-04:00,111.05313388605319,111.71902116947861,108.75733584546504,111.63951110839844,15439200,0.0,0.0,112.144384765625
2024-05-03 00:00:00-04:00,114.32291503746447,114.77015345910733,112.75262539991287,113.99494171142578,15564400,0.0,0.0,112.11655731201172
2024-05-06 00:00:00-04:00,119.04371636671559,120.6239466491704,117.29453288662319,119.39156341552734,22538700,0.0,0.0,113.26346435546876
2024-05-07 00:00:00-04:00,119.4114275220916,120.66368429993074,118.44738899532234,118.47720336914062,12508300,0.0,0.0,114.50577850341797
2024-05-08 00:00:00-04:00,117.57282105780796,119.7294803970436,117.49331099251427,118.5865478515625,10867900,0.0,0.0,116.41795349121094
2024-05-09 00:00:00-04:00,118.58653553057013,118.89462752345138,116.71809468527992,117.0858154296875,11524800,0.0,0.0,117.50721435546875
2024-05-10 00:00:00-04:00,119.30211514957574,121.10098665498133,118.4474009621186,120.49473571777344,13922400,0.0,0.0,118.80717315673829
2024-05-13 00:00:00-04:00,122.17434996564643,123.34709681252043,120.90221933496886,122.2439193725586,16643200,0.0,0.0,119.37764434814453
2024-05-14 00:00:00-04:00,122.23397355868686,124.27137516187534,120.9220879533766,124.04278564453125,13887700,0.0,0.0,120.49076080322266
2024-05-15 00:00:00-04:00,125.4540710064805,127.16349184460383,124.66892620480046,127.02435302734375,14265100,0.0,0.0,122.1783218383789
2024-05-16 00:00:00-04:00,127.14360634568013,129.33008735334428,126.26901849211215,127.10385131835938,15874700,0.0,0.0,124.18192901611329
2024-05-17 00:00:00-04:00,127.57096466453389,128.23684431808175,124.092479356005,124.51983642578125,13774700,0.0,0.0,124.98694915771485
2024-05-20 00:00:00-04:00,126.34853853124947,130.2146339638848,125.86155264823005,128.20704650878906,19123200,0.0,0.0,126.17957458496093
2024-05-21 00:00:00-04:00,123.43652988290232,128.02814069486718,122.52218701443545,126.71624755859375,15717800,0.0,0.0,126.71426696777344
2024-05-22 00:00:00-04:00,127.0044737917155,127.08398385027,124.47014564839033,125.50375366210938,11190100,0.0,0.0,126.41014709472657
2024-05-23 00:00:00-04:00,130.96000357673003,131.1388898232187,123.89370870557784,125.49380493164062,20747400,0.0,0.0,126.08813781738282
2024-05-24 00:00:00-04:00,127.03429048473542,129.59842546865923,125.82178860840496,128.69403076171875,14048900,0.0,0.0,126.92297668457032
2024-05-28 00:00:00-04:00,130.95006705061743,132.48060917739005,128.4753827629684,131.85447692871094,14143000,0.0,0.0,127.65246276855468
2024-05-29 00:00:00-04:00,129.2008745681866,132.2818245661938,129.10148321406064,130.7711639404297,11242500,0.0,0.0,128.46344604492188
2024-05-30 00:00:00-04:00,129.49904736812337,130.86062110887218,124.92731755737115,125.5136947631836,12639700,0.0,0.0,128.4654342651367
2024-05-31 00:00:00-04:00,125.57332077659154,126.5373593671103,120.26614957610192,124.23162078857422,24153800,0.0,0.0,128.21299743652344
2024-06-03 00:00:00-04:00,127.34238603764027,128.0480131547131,124.38070084751502,127.38213348388672,16134300,0.0,0.0,127.95061798095703
2024-06-04 00:00:00-04:00,126.56717645937123,127.07404360616633,124.64903988992742,125.86154174804688,12995500,0.0,0.0,126.75203094482421
2024-06-05 00:00:00-04:00,128.0082554458349,133.04708171945757,126.8653231042211,132.88807678222656,22301800,0.0,0.0,127.1754135131836
2024-06-06 00:00:00-04:00,133.0172767837765,133.30550263512924,128.385918341631,129.2704620361328,15505000,0.0,0.0,127.92676696777343
2024-06-07 00:00:00-04:00,129.40960812035252,131.72527230663252,128.82322331445533,130.13511657714844,12139500,0.0,0.0,129.1074661254883
2024-06-10 00:00:00-04:00,128.91268241350068,134.83603794404607,128.91268241350068,133.99127197265625,14652100,0.0,0.0,130.42929382324218
2024-06-11 00:00:00-04:00,134.48817879579315,135.0149196081909,130.96993111356085,134.23971557617188,14125000,0.0,0.0,132.10492858886718
2024-06-12 00:00:00-04:00,137.6585601797397,140.8389016023637,135.9888945813547,139.88479614257812,16973600,0.0,0.0,133.5042724609375
2024-06-13 00:00:00-04:00,141.912261964174,143.33347962762002,139.3978151092242,142.26011657714844,16312900,0.0,0.0,136.10220336914062
2024-06-14 00:00:00-04:00,140.92834078244996,141.61410169296087,138.79154800107628,140.4910430908203,14028500,0.0,0.0,138.173388671875
2024-06-17 00:00:00-04:00,144.68511082316573,147.83562277957682,141.26625433046954,146.92127990722656,23909000,0.0,0.0,140.75939025878907
2024-06-18 00:00:00-04:00,150.80724910750973,156.57158397142376,150.57865201473967,152.50672912597656,42192600,0.0,0.0,144.41279296875
2024-06-20 00:00:00-04:00,156.04485261661725,156.44240291190894,142.03153454618567,143.3036651611328,41285000,0.0,0.0,145.09656677246093
2024-06-21 00:00:00-04:00,136.8038692773223,141.7234541150892,134.8658588201688,138.6822509765625,49893500,0.0,0.0,144.38099365234376
2024-06-24 00:00:00-04:00,141.56442605061892,141.95202812032812,137.04239179401588,138.15550231933594,32410100,0.0,0.0,143.91388549804688
2024-06-25 00:00:00-04:00,139.20898427747906,140.2624659348826,136.90323824882898,140.2525177001953,31160600,0.0,0.0,142.58013305664062
2024-06-26 00:00:00-04:00,142.16072179630976,143.1844043046116,138.68223641011588,141.4849090576172,55490300,0.0,0.0,140.37576904296876
2024-06-27 00:00:00-04:00,134.95528947520205,136.54546030912383,130.27425043202015,131.41717529296875,68172700,0.0,0.0,137.99847106933595
2024-06-28 00:00:00-04:00,132.00357556903674,134.5875845211887,129.9462923798862,130.72149658203125,38140600,0.0,0.0,136.40632019042968
2024-07-01 00:00:00-04:00,129.6978135682791,131.26810309258306,126.48766511454353,130.7115478515625,24749000,0.0,0.0,134.917529296875
2024-07-02 00:00:00-04:00,129.11144466361168,131.8942360490638,128.6244512425348,131.77496337890625,20776000,0.0,0.0,133.22201843261718
2024-07-03 00:00:00-04:00,131.84454131013612,135.97897338867188,131.61594420361135,135.97897338867188,14507100,0.0,0.0,132.12083129882814
2024-07-05 00:00:00-04:00,135.97897529580246,136.28706730066463,130.10530040216122,130.7910614013672,30104600,0.0,0.0,131.9956085205078
2024-07-08 00:00:00-04:00,130.59706834170774,132.56662918657176,129.40340476128634,130.000244140625,20500700,0.115,0.0,131.85135803222656
2024-07-09 00:00:00-04:00,131.0546571595358,134.49640284193092,130.18925365431014,130.4478759765625,21850900,0.0,0.0,131.79862365722656
2024-07-10 00:00:00-04:00,132.39752162628332,135.7795707983091,131.999623667174,135.67015075683594,22460200,0.0,0.0,132.5776611328125
2024-07-11 00:00:00-04:00,135.64033129274006,135.70995395994638,129.38353480299733,129.5426788330078,25401500,0.0,0.0,131.2904022216797
2024-07-12 00:00:00-04:00,131.0546658530931,133.72051438905706,130.0301030762442,132.8451690673828,20726900,0.0,0.0,131.70122375488282
2024-07-15 00:00:00-04:00,133.2032547898433,134.63565720082843,129.3437277578285,130.17929077148438,20416000,0.0,0.0,131.73703308105468
2024-07-16 00:00:00-04:00,129.7316751942394,130.27877547232754,126.56845810713104,126.817138671875,21312600,0.0,0.0,131.0108856201172
2024-07-17 00:00:00-04:00,121.93305481267531,122.38067678800515,118.60073680430747,118.86930847167969,31414100,0.0,0.0,127.65071716308594
2024-07-18 00:00:00-04:00,119.86402193757914,120.99800460853056,113.48784916102278,116.83011627197266,30404900,0.0,0.0,125.1082046508789
2024-07-19 00:00:00-04:00,116.07413475851705,116.59138695800667,113.24911979308409,113.6569595336914,18038900,0.0,0.0,121.27056274414062
2024-07-22 00:00:00-04:00,114.7511494187104,114.96998950899848,113.04022608277936,114.67156982421875,23837800,0.0,0.0,118.1690185546875
2024-07-23 00:00:00-04:00,114.5223712910841,115.72598431739932,113.2292369039713,113.64701843261719,14707700,0.0,0.0,115.53499450683594
2024-07-24 00:00:00-04:00,110.88168942467355,113.43812528062004,109.41944651606198,109.69796752929688,25261000,0.0,0.0,113.70072631835937
2024-07-25 00:00:00-04:00,106.23634065351654,110.11575140533795,104.4856273468429,106.88290405273438,29068400,0.0,0.0,111.71128387451172
2024-07-26 00:00:00-04:00,109.41944779391194,110.046120081009,107.2111631787197,108.83256530761719,18547900,0.0,0.0,110.74640502929688
2024-07-29 00:00:00-04:00,109.95658967500576,110.44400141376003,106.57453277633475,107.2807846069336,13517700,0.0,0.0,109.26824798583985
2024-07-30 00:00:00-04:00,108.42472883512472,108.6734094058475,101.63077382158794,102.01871490478516,23915100,0.0,0.0,106.94258728027344
2024-07-31 00:00:00-04:00,109.270227413336,110.75236130210286,107.18131240175383,109.24038696289062,26503600,0.0,0.0,106.85107116699218
2024-08-01 00:00:00-04:00,106.61432374253624,107.29073512968506,99.42247902933448,100.97425079345703,31643700,0.0,0.0,105.66934051513672
2024-08-02 00:00:00-04:00,96.64721454509618,97.17441610747447,90.58935227850354,92.21074676513672,36039400,0.0,0.0,102.34497680664063
2024-08-05 00:00:00-04:00,87.16751108511698,91.7631307729888,84.46187284532358,89.94278717041016,36977600,0.0,0.0,98.87737731933593
2024-08-06 00:00:00-04:00,88.72921483653985,90.38045728725663,86.69003893443373,88.5302734375,26460000,0.0,0.0,96.1796890258789
2024-08-07 00:00:00-04:00,92.88716282489024,93.08611183233396,86.12305594350514,86.3418960571289,29483800,0.0,0.0,91.59999084472656
2024-08-08 00:00:00-04:00,88.01301941281837,92.35995036320926,87.56538989061295,91.58406829833984,24760700,0.0,0.0,89.72195434570312
2024-08-09 00:00:00-04:00,91.30555255574461,94.03108928586482,90.96734305803815,92.5887451171875,21627200,0.0,0.0,89.79755401611328
2024-08-12 00:00:00-04:00,92.6086374252678,96.02053495305216,92.14111676628919,94.14051055908203,18886600,0.0,0.0,90.63709869384766
2024-08-13 00:00:00-04:00,96.11006355740123,97.2639373854011,94.40908947315471,96.92573547363281,23565500,0.0,0.0,92.31619110107422
2024-08-14 00:00:00-04:00,100.46693306101236,101.41191602940062,97.55239697656839,99.88005065917969,22459000,0.0,0.0,95.02382202148438
2024-08-15 00:00:00-04:00,102.96370437239952,107.47974439239255,102.20771332165799,106.38554382324219,29128000,0.0,0.0,97.98411712646484
2024-08-16 00:00:00-04:00,106.26617773337335,108.8922438154468,104.79398549263358,107.42005157470703,18383300,0.0,0.0,100.95037841796875
2024-08-19 00:00:00-04:00,106.68395722229351,108.14620008799245,104.20710103971085,108.05667114257812,15744600,0.0,0.0,103.73361053466797
2024-08-20 00:00:00-04:00,107.75826107951183,108.61372280509482,105.59971566015564,107.42005157470703,16075500,0.0,0.0,105.83247375488281
2024-08-21 00:00:00-04:00,107.5891692914213,107.82790052219441,105.6494562226439,107.75827026367188,13658900,0.0,0.0,107.40811767578126
2024-08-22 00:00:00-04:00,108.37497371430744,110.41415712937487,103.4113123791228,103.70973205566406,17967000,0.0,0.0,106.87295532226562
2024-08-23 00:00:00-04:00,102.49618196880381,103.85895418894917,99.78058687600966,102.30718231201172,25465100,0.0,0.0,105.85038146972656
2024-08-26 00:00:00-04:00,100.13868322848299,101.65066524014911,97.09483568926174,98.38797760009766,26752300,0.0,0.0,103.91664276123046
2024-08-27 00:00:00-04:00,96.5775731575288,97.97018573231632,96.15979166183094,97.34351348876953,17234600,0.0,0.0,101.90133514404297
2024-08-28 00:00:00-04:00,96.84615770702742,97.16446851964928,92.21074843477247,94.3593521118164,25564300,0.0,0.0,99.22155151367187
2024-08-29 00:00:00-04:00,96.05037035805059,97.46288160794323,94.48865685388043,95.06559753417969,18984300,0.0,0.0,97.492724609375
2024-08-30 00:00:00-04:00,96.40848238261485,97.89062405669233,94.48866806219321,95.73207092285156,18819400,0.0,0.0,96.17770233154297
2024-09-03 00:00:00-04:00,93.13583804302174,93.38451859619676,87.84391617502247,88.11249542236328,28897200,0.0,0.0,94.12260589599609
2024-09-04 00:00:00-04:00,87.89365650033548,90.25115090814482,87.34655624036023,88.8187484741211,16356500,0.0,0.0,92.4176528930664
2024-09-05 00:00:00-04:00,87.63502791837409,90.2213042272694,87.29682599919991,88.91822052001953,13890700,0.0,0.0,91.32942657470703
2024-09-06 00:00:00-04:00,88.89831979694348,89.17684078004415,84.81001122140592,85.9240951538086,23587100,0.0,0.0,89.50112609863281
2024-09-09 00:00:00-04:00,87.38635269445004,87.49577275477728,84.56134500014751,85.81468963623047,20526400,0.0,0.0,87.5176498413086
2024-09-10 00:00:00-04:00,86.51099385077465,86.72983395637742,84.42207867851548,86.3916244506836,17019000,0.0,0.0,87.17347564697266
2024-09-11 00:00:00-04:00,87.73450328024984,90.35062777006803,85.62569687437039,90.17157745361328,20879600,0.0,0.0,87.4440414428711
2024-09-12 00:00:00-04:00,86.64029766887101,87.56538957110004,83.67602991446158,86.74971771240234,30900000,0.0,0.0,87.01034088134766
2024-09-13 00:00:00-04:00,87.62507808340524,90.98724409647546,87.40624556646061,90.73856353759766,21267200,0.0,0.0,87.97323455810547
2024-09-16 00:00:00-04:00,86.77956005211529,87.77428222287492,85.46652709027767,86.71987915039062,26494300,0.0,0.0,88.1542724609375
2024-09-17 00:00:00-04:00,87.5952414261965,89.09727419185914,87.07798918053403,88.26171112060547,17744800,0.0,0.0,88.52828979492188
2024-09-18 00:00:00-04:00,87.52560629590437,88.7292192753015,86.2523630644472,86.88898468017578,20130600,0.0,0.0,87.87177124023438
2024-09-19 00:00:00-04:00,88.87843952717127,89.91295167107099,87.1177843252617,88.77896881103516,25208900,0.0,0.0,88.27762145996094
2024-09-20 00:00:00-04:00,87.9334370072671,90.48987255446971,87.86380676236772,90.42024230957031,28711000,0.0,0.0,88.21395721435547
2024-09-23 00:00:00-04:00,92.1908544590086,94.29966827017913,92.09138375612271,93.07615661621094,23394100,0.0,0.0,89.48521270751954
2024-09-24 00:00:00-04:00,94.23004156897622,94.49861323579829,92.27043753287859,93.50389099121094,23043200,0.0,0.0,90.53364868164063
2024-09-25 00:00:00-04:00,93.6630533692763,95.67238903226357,93.43426390604635,95.2645492553711,54762900,0.0,0.0,92.2087615966797
2024-09-26 00:00:00-04:00,112.50307838855808,114.1941106683024,106.9624760831174,109.3000717163086,107965900,0.0,0.0,96.31298217773437
2024-09-27 00:00:00-04:00,109.91680677547012,110.38432743936387,106.46511941178984,106.9326400756836,42960200,0.0,0.0,99.61546173095704
2024-09-30 00:00:00-04:00,105.52013789253732,106.18659997732736,101.72029920862339,103.16264343261719,39544700,0.0,0.0,101.63275909423828
2024-10-01 00:00:00-04:00,102.85427407013687,103.65004725400877,98.41781409511357,99.78057861328125,34309800,0.0,0.0,102.88809661865234
2024-10-02 00:00:00-04:00,100.059105632079,101.58103702126769,98.80576108445776,99.32301330566406,26334900,0.0,0.0,103.69978942871094
2024-10-03 00:00:00-04:00,98.94501997341465,101.98886752381199,98.87538972190647,101.2826156616211,22176700,0.0,0.0,102.09629821777344
2024-10-04 00:00:00-04:00,103.10295497023667,103.68983741078303,100.86483007619012,101.71034240722656,21911200,0.0,0.0,101.05183868408203
2024-10-07 00:00:00-04:00,101.73524267948979,104.15513192888378,100.3908496329291,102.48212432861328,21749300,0.115,0.0,100.91573486328124
2024-10-08 00:00:00-04:00,101.75515891071433,102.51200112948163,100.83898588664893,102.11366271972656,18858300,0.0,0.0,101.38235168457031
2024-10-09 00:00:00-04:00,101.82486161688256,101.86469621529938,99.90288592988925,101.27714538574219,18442700,0.0,0.0,101.77317810058594
2024-10-10 00:00:00-04:00,100.9485338915907,106.1368712192404,100.43069165522887,105.25057220458984,27605600,0.0,0.0,102.56676940917968
2024-10-11 00:00:00-04:00,104.60326796522317,107.20241677381426,104.55347281502789,106.47544860839844,19133900,0.0,0.0,103.51979064941406
2024-10-14 00:00:00-04:00,107.36174646912303,108.25800597966351,106.35595130509668,107.88954162597656,15021900,0.0,0.0,104.60127410888671
2024-10-15 00:00:00-04:00,107.41155127567481,109.03477149238145,102.28296190207475,103.88626861572266,23419100,0.0,0.0,104.95579528808594
2024-10-16 00:00:00-04:00,105.57919150306171,109.17418261638583,105.17090013328145,108.78580474853516,20450900,0.0,0.0,106.45752716064453
2024-10-17 00:00:00-04:00,110.87706705516693,113.66542825811023,110.54844490294185,111.58412170410156,26584800,0.0,0.0,107.72423706054687
2024-10-18 00:00:00-04:00,111.28537003386656,112.43059012645666,109.40322881291972,110.6878662109375,16700400,0.0,0.0,108.56672058105468
2024-10-21 00:00:00-04:00,110.63807043849611,110.67790503949072,107.2422523786932,108.62647247314453,14829400,0.0,0.0,108.71410675048828
2024-10-22 00:00:00-04:00,107.78996365500791,108.06879827104184,105.92774349892132,107.37171173095703,13758100,0.0,0.0,109.41119537353515
2024-10-23 00:00:00-04:00,106.11695185934002,106.65470760699293,103.10951149025189,104.61323547363281,15174700,0.0,0.0,108.5766815185547
2024-10-24 00:00:00-04:00,106.3360301796347,107.08291183861998,105.11114851359582,106.4057388305664,13206300,0.0,0.0,107.54100494384765
2024-10-25 00:00:00-04:00,107.8895467356823,109.42314472686732,107.2721293973701,107.46134185791016,12265000,0.0,0.0,106.89570007324218
2024-10-28 00:00:00-04:00,106.33604024513699,107.73022099341375,105.87795369598548,105.94766235351562,12381000,0.0,0.0,106.35993804931641
2024-10-29 00:00:00-04:00,106.14682382125014,108.297846769486,105.16094210214548,107.73021697998047,15164600,0.0,0.0,106.4316390991211
2024-10-30 00:00:00-04:00,105.81819896894933,106.35595469240046,103.20908955465089,103.64726257324219,14321800,0.0,0.0,106.23844451904297
2024-10-31 00:00:00-04:00,101.77508057610733,102.06387575640355,98.65809689526694,99.23568725585938,19830300,0.0,0.0,104.80443420410157
2024-11-01 00:00:00-04:00,99.58421981468368,100.19168416336709,98.95684196501345,99.31534576416016,13623400,0.0,0.0,103.17523498535157
2024-11-04 00:00:00-05:00,101.0779826765577,103.35846221221261,100.58006157962885,101.3070297241211,15765800,0.0,0.0,102.24710845947266
2024-11-05 00:00:00-05:00,101.57591920319872,105.18087122772984,101.36679322244244,105.05140686035156,12071900,0.0,0.0,101.71134643554687
2024-11-06 00:00:00-05:00,107.92938322650619,111.85300422842953,106.55512361965815,111.36504364013672,20304500,0.0,0.0,103.25490264892578
2024-11-07 00:00:00-05:00,112.09200454680466,113.3866025491957,110.90695740064373,112.9384765625,13569800,0.0,0.0,105.9954605102539
2024-11-08 00:00:00-05:00,111.67375343946394,113.82477642594175,110.11028135301753,111.43475341796875,13045700,0.0,0.0,108.41934204101562
2024-11-11 00:00:00-05:00,110.48869775756853,111.04637459993178,106.32607672964224,108.1982650756836,14479700,0.0,0.0,109.79758911132812
2024-11-12 00:00:00-05:00,104.56344252064645,104.65306468163783,101.6456242492586,103.66718292236328,21859700,0.0,0.0,109.52074432373047
2024-11-13 00:00:00-05:00,102.37258526083885,102.91033338422245,99.40497204411868,99.50455474853516,18416200,0.0,0.0,107.14864654541016
2024-11-14 00:00:00-05:00,100.86886701123176,101.8647093066164,98.1502142018552,98.76763916015625,18459700,0.0,0.0,104.31447906494141
2024-11-15 00:00:00-05:00,97.14440593874596,97.79169726588496,95.24234376251007,95.9394302368164,18518300,0.0,0.0,101.21541442871094
2024-11-18 00:00:00-05:00,96.14856850011009,97.66224531768059,95.13280519030944,97.10457611083984,14236400,0.0,0.0,98.99667663574219
2024-11-19 00:00:00-05:00,96.59670122572273,97.77179542082918,96.10874063553935,97.32366943359375,14160300,0.0,0.0,97.72797393798828
2024-11-20 00:00:00-05:00,97.57262828972299,98.12033697586996,96.1286524495024,97.96100616455078,10490600,0.0,0.0,97.41926422119141
2024-11-21 00:00:00-05:00,99.68380446725321,102.86054357281284,97.65228543152597,102.33274841308594,18915200,0.0,0.0,98.13228607177734
2024-11-22 00:00:00-05:00,101.93440698011254,103.27879241449162,101.2273599382935,102.21324157714844,12063700,0.0,0.0,99.38704833984374
2024-11-25 00:00:00-05:00,103.41821541551536,105.95761617422242,103.37838081407475,104.04560089111328,22837900,0.0,0.0,100.77525329589844
2024-11-26 00:00:00-05:00,103.56758931375172,104.28459691693615,99.89292914626803,101.37673950195312,19275700,0.0,0.0,101.58586730957032
2024-11-27 00:00:00-05:00,100.52032324652868,100.61990595605603,96.23819835778934,97.79170989990234,17046400,0.0,0.0,101.55200805664063
2024-11-29 00:00:00-05:00,96.83569282210907,97.79170041667666,95.70043332870549,97.54273986816406,13729400,0.0,0.0,100.59400634765625
2024-12-02 00:00:00-05:00,97.19420407355837,99.67384919955815,97.12449541853584,98.1402587890625,16525600,0.0,0.0,99.77940979003907
2024-12-03 00:00:00-05:00,100.69957309875389,103.24892687923483,99.21576264581665,99.42488861083984,23479700,0.0,0.0,98.85526733398437
2024-12-04 00:00:00-05:00,100.35101531651259,102.98004571870732,99.38505476296497,102.77091217041016,16306200,0.0,0.0,99.13410186767578
2024-12-05 00:00:00-05:00,103.4480947637621,103.81655914769826,100.19169380541507,100.45061492919922,13448900,0.0,0.0,99.66588287353515
2024-12-06 00:00:00-05:00,100.46056396514284,101.76512248581733,99.61409956779352,100.74935913085938,12381000,0.0,0.0,100.30720672607421
2024-12-09 00:00:00-05:00,100.23152592999851,104.06551714747607,99.9526913102072,102.39250183105469,14141900,0.0,0.0,101.15765533447265
2024-12-10 00:00:00-05:00,104.52361003332625,104.56344463824264,96.86558008523164,97.69213104248047,23548500,0.0,0.0,100.81110382080078
2024-12-11 00:00:00-05:00,99.08630451885027,102.23316969618145,97.89129685015463,101.63565826416016,15248400,0.0,0.0,100.58405303955078
2024-12-12 00:00:00-05:00,100.97840032983363,101.5559906277325,97.35353533932906,97.83153533935547,19334900,0.0,0.0,100.06023712158203
2024-12-13 00:00:00-05:00,100.3510192318439,102.77091618015703,99.25559428683255,102.0738296508789,23926000,0.0,0.0,100.32513122558593
2024-12-16 00:00:00-05:00,105.17089965998882,110.6679454862958,104.10534876622671,107.80988311767578,42741200,0.0,0.0,101.40860748291016
2024-12-17 00:00:00-05:00,109.2936804269988,110.0306015207527,107.2322873962006,108.1484603881836,35811500,0.0,0.0,103.49987335205078
2024-12-18 00:00:00-05:00,109.79160663444502,111.57416515048017,102.30287635482694,103.46800994873047,63024300,0.0,0.0,103.86634368896485
2024-12-19 00:00:00-05:00,89.70547143288738,90.62164447668255,84.25821312618872,86.72789764404297,91396800,0.0,0.0,101.64561614990234
2024-12-20 00:00:00-05:00,85.05488452140867,89.87475704163379,83.19265690350011,89.74530029296875,49578400,0.0,0.0,99.1799102783203
2024-12-23 00:00:00-05:00,89.62580422422869,90.72122920076788,88.03245811311044,89.34696960449219,26041500,0.0,0.0,95.4873275756836
2024-12-24 00:00:00-05:00,89.20755394311107,89.32705015510716,87.86316837443914,88.90879821777344,13021300,0.0,0.0,91.63939514160157
2024-12-26 00:00:00-05:00,88.13203702711154,90.25317823395761,87.73369861705886,89.44654846191406,14468200,0.0,0.0,88.83510284423828
2024-12-27 00:00:00-05:00,88.62996953320896,89.11793015946998,87.21587521353665,88.26150512695312,19422600,0.0,0.0,89.1418243408203
2024-12-30 00:00:00-05:00,86.7408626932176,86.80069602923312,84.33776877324426,85.065673828125,22022900,0.115,0.0,88.20589904785156
2024-12-31 00:00:00-05:00,85.19530879049012,86.1525585107991,83.84916900149683,83.91897583007812,18691500,0.0,0.0,87.12030029296875
2025-01-02 00:00:00-05:00,84.73662677114156,87.3989782583646,84.49730863635818,87.07989501953125,18860000,0.0,0.0,86.75451965332032
2025-01-03 00:00:00-05:00,87.69811053894263,89.94166659987965,87.25937586015608,89.61261749267578,17484600,0.0,0.0,86.78773345947266
2025-01-06 00:00:00-05:00,95.29629627191717,101.22925299272167,95.2065576750102,98.9757308959961,42903300,0.0,0.0,88.93057861328126
2025-01-07 00:00:00-05:00,103.1138452885745,106.43430264049363,100.87028911718735,101.6181411743164,53570000,0.0,0.0,92.24107208251954
2025-01-08 00:00:00-05:00,102.525527492296,103.18364093136867,98.01847593161489,99.12529754638672,33516900,0.0,0.0,95.28233642578125
2025-01-10 00:00:00-05:00,97.83898903222469,100.49136688980292,96.59256900708317,99.05548858642578,20512600,0.0,0.0,97.67745513916016
2025-01-13 00:00:00-05:00,95.56551514400982,95.7250605632365,92.61399335621535,94.78775024414062,22699100,0.0,0.0,98.71248168945313
2025-01-14 00:00:00-05:00,96.77205937876133,97.13102897531819,95.10683634735523,97.08116912841797,18613400,0.0,0.0,98.3335693359375
2025-01-15 00:00:00-05:00,99.15521742378242,103.6323564370957,99.06547121776819,102.89447784423828,27568100,0.0,0.0,98.58883666992188
2025-01-16 00:00:00-05:00,104.02123524269868,104.49986390695233,101.57825489719893,102.30615997314453,16243800,0.0,0.0,99.22500915527344
2025-01-17 00:00:00-05:00,104.34032186480067,105.57676851017573,102.2064511995789,105.4471435546875,18908900,0.0,0.0,100.50334014892579
2025-01-21 00:00:00-05:00,105.12805010741134,109.92427189336107,104.92862594791903,109.06673431396484,23533600,0.0,0.0,103.35913696289063
2025-01-22 00:00:00-05:00,108.85734195617712,110.35304604771308,107.4513840660564,108.91717529296875,20004300,0.0,0.0,105.72633819580078
2025-01-23 00:00:00-05:00,104.48989690309227,105.87591552749144,103.05401842873256,104.53974914550781,22677600,0.0,0.0,106.05539245605469
2025-01-24 00:00:00-05:00,105.19785982882475,105.41723099069866,102.42582265433397,102.89447784423828,19743800,0.0,0.0,106.17305603027344
2025-01-27 00:00:00-05:00,94.58832793985627,95.82477453302818,88.10694350328508,90.84906768798828,50696200,0.0,0.0,103.2534408569336
2025-01-28 00:00:00-05:00,92.34476705662716,93.18235765850282,87.78785576749983,87.99725341796875,34793600,0.0,0.0,99.03954467773437
2025-01-29 00:00:00-05:00,89.62258466396342,90.1909519032701,87.5086611249849,88.75508117675781,25342800,0.0,0.0,95.00712585449219
2025-01-30 00:00:00-05:00,90.40035785512899,92.89319797766119,90.04138826888081,92.2350845336914,22497100,0.0,0.0,92.5461929321289
2025-01-31 00:00:00-05:00,91.38752053332665,94.00001211633638,90.87897901755109,90.97869110107422,20492100,0.0,0.0,90.1630355834961
2025-02-03 00:00:00-05:00,88.39611609614727,91.13824034973165,87.76791548922482,89.6624755859375,18607900,0.0,0.0,89.92571716308593
2025-02-04 00:00:00-05:00,88.79497041990987,91.18809091112908,88.54568640144583,90.40036010742188,12827500,0.0,0.0,90.40633850097656
2025-02-05 00:00:00-05:00,90.13112628396114,93.38179191301988,89.96161498252609,93.3319320678711,15660000,0.0,0.0,91.32170867919922
2025-02-06 00:00:00-05:00,94.60827158893643,96.33332041040073,93.3119992075743,94.26924896240234,16141100,0.0,0.0,91.72854156494141
2025-02-07 00:00:00-05:00,95.31623067609024,95.65526088655267,91.3276865050384,92.03565979003906,15602800,0.0,0.0,91.93993530273437
2025-02-10 00:00:00-05:00,92.92311504047564,95.98432254495815,92.9031680583693,95.65526580810547,16217900,0.0,0.0,93.13849334716797
2025-02-11 00:00:00-05:00,93.98006579460612,95.56550834578006,93.29203953633771,93.81055450439453,12124000,0.0,0.0,93.8205322265625
2025-02-12 00:00:00-05:00,89.34338239623025,92.3746766920588,87.09982643847452,91.41742706298828,22874700,0.0,0.0,93.43763122558593
2025-02-13 00:00:00-05:00,91.79634380992354,95.79486156506091,91.75645745437457,95.38603973388672,16579900,0.0,0.0,93.6609893798828
2025-02-14 00:00:00-05:00,98.1281636902896,100.41159858175506,97.71933425250981,99.23497772216797,21284500,0.0,0.0,95.1008529663086
2025-02-18 00:00:00-05:00,102.3460451824805,107.57103603702588,101.75773855529494,106.48416137695312,29641900,0.0,0.0,97.26663208007812
2025-02-19 00:00:00-05:00,105.45711107502915,106.88301593484559,103.32324053062474,104.06111907958984,17875900,0.0,0.0,99.31674499511719
2025-02-20 00:00:00-05:00,103.6822104842713,104.54971398444798,102.04690035295309,102.8844985961914,14488000,0.0,0.0,101.61015930175782
2025-02-21 00:00:00-05:00,103.34318696551749,103.36313394816139,97.47005582179018,98.55693054199219,18650800,0.0,0.0,102.24433746337891
2025-02-24 00:00:00-05:00,99.93297899992491,100.41160005735817,95.00712433794506,95.13675689697266,14883700,0.0,0.0,101.42469329833985
2025-02-25 00:00:00-05:00,95.22649484406146,95.65526365917944,92.49434413781027,92.9530258178711,18608200,0.0,0.0,98.71846618652344
2025-02-26 00:00:00-05:00,95.72506632091947,99.43441385806226,95.22649826716467,97.43016815185547,21335200,0.0,0.0,97.39227600097657
2025-02-27 00:00:00-05:00,97.55978526126154,99.60391716028298,91.22797300929525,91.5570297241211,22386300,0.0,0.0,95.1267822265625
2025-02-28 00:00:00-05:00,90.73938181449871,94.18947168267212,89.6126208010127,93.36184692382812,23359100,0.0,0.0,94.08776550292968
2025-03-03 00:00:00-05:00,95.53560442476024,95.92448688342606,89.13399268167518,90.28070068359375,20281800,0.0,0.0,93.1165542602539
2025-03-04 00:00:00-05:00,89.94167612319625,93.32196700432065,86.55141935817758,90.93881225585938,23611500,0.0,0.0,92.71371154785156
2025-03-05 00:00:00-05:00,91.88608623803727,94.77778223244823,90.17101105759168,94.06980895996094,14010300,0.0,0.0,92.04163970947266
2025-03-06 00:00:00-05:00,90.66958519753598,93.02282698449689,88.77502510023089,89.01433563232422,18708100,0.0,0.0,91.53310089111328
2025-03-07 00:00:00-05:00,90.0314123788119,93.07267268272062,89.23370051784403,92.69376373291016,19133900,0.0,0.0,91.39948425292968
2025-03-10 00:00:00-04:00,89.33341828069707,91.10832690386775,85.514392853582,86.83061218261719,21897900,0.0,0.0,90.70946655273437
2025-03-11 00:00:00-04:00,87.64825968067696,90.83909197451179,85.82349889660378,88.79496765136719,21962100,0.0,0.0,90.28069763183593
2025-03-12 00:00:00-04:00,92.20517686878091,96.71222871714754,91.97583221725594,95.36609649658203,23584700,0.0,0.0,90.53995513916016
2025-03-13 00:00:00-04:00,93.98007574474046,97.83899512146336,93.73079172419737,94.60826873779297,18824700,0.0,0.0,91.6587417602539
2025-03-14 00:00:00-04:00,98.46718433106015,102.48564137060418,98.46718433106015,100.5013427734375,24623600,0.0,0.0,93.22025756835937
2025-03-17 00:00:00-04:00,100.77056534910432,104.15085590204963,100.67085326702764,102.814697265625,17095100,0.0,0.0,96.41707458496094
2025-03-18 00:00:00-04:00,101.60816521357175,103.01412309087547,100.00277556135465,101.42868041992188,18434100,0.0,0.0,98.94381713867188
2025-03-19 00:00:00-04:00,100.5312611921181,103.30329832999969,100.20220445365295,101.76770782470703,16633100,0.0,0.0,100.22413940429688
2025-03-20 00:00:00-04:00,101.28908567033817,104.39017951340206,101.05974102272081,102.70501708984375,29204400,0.0,0.0,101.84348907470704
2025-03-21 00:00:00-04:00,97.91875184818785,98.21789569026205,93.43163986233832,94.44872283935547,63239600,0.0,0.0,100.63296508789062
2025-03-24 00:00:00-04:00,95.82477055682823,98.13812583235728,95.05697916429,96.66236877441406,35406600,0.0,0.0,99.40249938964844
2025-03-25 00:00:00-04:00,95.90454273140674,96.10396689243798,92.98293388778893,93.91027069091797,22191700,0.0,0.0,97.89881744384766
2025-03-26 00:00:00-04:00,95.72505360575234,96.36322002118717,90.70946086840793,91.86613464355469,27107200,0.0,0.0,95.91850280761719
2025-03-27 00:00:00-04:00,90.8291189546521,91.9459140670537,89.35336186393516,90.89892578125,15658700,0.0,0.0,93.55728454589844
2025-03-28 00:00:00-04:00,90.21089912462743,90.6296944373281,87.34911593941767,88.18671417236328,17118000,0.0,0.0,92.3048828125
2025-03-31 00:00:00-04:00,85.86535369781978,86.95364347784661,83.96832691821525,86.75395965576172,21089500,0.115,0.0,90.32320098876953
2025-04-01 00:00:00-04:00,88.39139509200741,88.75083208084413,86.11496590767477,88.57111358642578,15337100,0.0,0.0,89.2553695678711
2025-04-02 00:00:00-04:00,86.99358112711121,89.78920032047343,86.56425405707594,88.4612808227539,14520400,0.0,0.0,88.57439880371093
2025-04-03 00:00:00-04:00,82.79017893736237,83.2195060357071,74.09381619410055,74.2236099243164,44839500,0.0,0.0,85.23933563232421
2025-04-04 00:00:00-04:00,70.53939149611752,71.22830604846833,63.76002104325296,64.6186752319336,50737700,0.0,0.0,80.52572784423828
2025-04-07 00:00:00-04:00,63.839893857201304,72.34655536125294,61.443653593984266,68.2629623413086,50181800,0.0,0.0,76.82752838134766
2025-04-08 00:00:00-04:00,71.48790337192942,72.85576127771321,63.42055519108392,65.43739318847656,40822100,0.0,0.0,72.2007843017578
2025-04-09 00:00:00-04:00,66.0963504513576,78.43699953869087,63.60026840289438,77.74808502197266,63132600,0.0,0.0,70.05814514160156
2025-04-10 00:00:00-04:00,72.38649165929141,72.9356336085142,67.39431982071959,69.9403305053711,44882300,0.0,0.0,69.2014892578125
2025-04-11 00:00:00-04:00,68.93191265050463,70.0601407926685,66.72537351625756,69.44111633300781,30807800,0.0,0.0,70.16597747802734
2025-04-14 00:00:00-04:00,74.55309283356678,74.66292122403672,69.86045432556814,70.90880584716797,32634700,0.0,0.0,70.69514617919921
2025-04-15 00:00:00-04:00,71.00864854302708,72.68601843356942,70.43954130967069,70.92877197265625,19132700,0.0,0.0,71.79342193603516
2025-04-16 00:00:00-04:00,67.8236487585379,70.33970008231522,67.06483648543526,69.2214584350586,28475000,0.0,0.0,70.08809661865234
2025-04-17 00:00:00-04:00,70.32971529069553,70.36965357722164,66.89509882394219,68.6922836303711,20694100,0.0,0.0,69.83848724365234
2025-04-21 00:00:00-04:00,67.65391296819256,67.89353507675406,65.54721590273849,66.63550567626953,19826100,0.0,0.0,69.2773651123047
2025-04-22 00:00:00-04:00,67.43425688294612,70.28977973206545,67.33441497148065,70.1000747680664,20351200,0.0,0.0,69.11561889648438
2025-04-23 00:00:00-04:00,73.57462333053351,75.28194500738745,72.38648411913238,72.81581115722656,26385500,0.0,0.0,69.49302673339844
2025-04-24 00:00:00-04:00,74.45324609242829,77.46851435291799,73.48476359423165,77.29878234863281,23875600,0.0,0.0,71.10849151611328
2025-04-25 00:00:00-04:00,77.42859343838008,80.17428813311058,76.7796095324992,79.65509796142578,19746200,0.0,0.0,73.30105438232422
2025-04-28 00:00:00-04:00,78.64667439942973,79.48536325717667,76.79957228143756,78.43700408935547,16882400,0.0,0.0,75.6613540649414
2025-04-29 00:00:00-04:00,77.81797386208649,78.06758244376631,76.3502741830172,76.75962829589844,17098000,0.0,0.0,76.9932647705078
2025-04-30 00:00:00-04:00,73.50474053995966,77.02921262225168,73.38492567412817,76.82952117919922,19779300,0.0,0.0,77.79600677490234
2025-05-01 00:00:00-04:00,79.27568427682924,79.76491494682934,77.51843779072085,77.64823150634766,15349200,0.0,0.0,77.86589660644532
2025-05-02 00:00:00-04:00,79.45540577399875,81.54212986638835,78.97615394413566,80.59362030029297,18899700,0.0,0.0,78.05360107421875
2025-05-05 00:00:00-04:00,79.28567704105883,81.02295071335296,78.92624005817731,80.2940902709961,12513600,0.0,0.0,78.42501831054688
2025-05-06 00:00:00-04:00,78.91625709988772,81.092844429953,78.41703989223467,80.38395690917969,13173800,0.0,0.0,79.14988403320312
2025-05-07 00:00:00-04:00,80.86320102240688,82.74026259509252,80.07443692159005,82.49065399169922,14889700,0.0,0.0,80.28211059570313
2025-05-08 00:00:00-04:00,84.11809305728694,86.07502344755244,83.22948710500948,85.01668548583984,17580500,0.0,0.0,81.75580139160157
2025-05-09 00:00:00-04:00,85.43603141762402,86.13493245157925,84.54742540983098,85.72557830810547,13017600,0.0,0.0,82.78219299316406
2025-05-12 00:00:00-04:00,92.6646903269742,94.05251347517692,91.80603616971139,92.1455078125,27765300,0.0,0.0,85.15247650146485
2025-05-13 00:00:00-04:00,92.40510420985451,97.25749586897034,92.40510420985451,96.77824401855469,28009100,0.0,0.0,88.43133392333985
2025-05-14 00:00:00-04:00,96.14923011455413,97.49711495182463,94.17232676709445,95.17076110839844,28044400,0.0,0.0,90.96735534667968
2025-05-15 00:00:00-04:00,93.8628121336995,95.46030551502085,92.02568903209297,95.30055236816406,24196100,0.0,0.0,93.02412872314453
2025-05-16 00:00:00-04:00,95.74985465764517,98.03627020862352,95.55016321932531,97.84656524658203,22609300,0.0,0.0,95.44832611083984
2025-05-19 00:00:00-04:00,95.56015257942236,98.86496790449166,95.55016610284262,98.49555206298828,14380100,0.0,0.0,96.7183349609375
2025-05-20 00:00:00-04:00,97.76669263975433,98.4755801353033,96.81818302594436,97.9464111328125,12331300,0.0,0.0,96.95196838378907
2025-05-21 00:00:00-04:00,97.00788201911264,98.66527902636076,95.11085529091714,95.68994140625,15764300,0.0,0.0,97.05580444335938
2025-05-22 00:00:00-04:00,95.26062758041245,97.06779136547297,94.22225491408079,94.68153381347656,13245200,0.0,0.0,96.93200073242187
2025-05-23 00:00:00-04:00,92.11556074354037,93.69308132112026,90.78764115085887,93.22382354736328,16545000,0.0,0.0,96.00745239257813
2025-05-27 00:00:00-04:00,95.03098487579467,96.54860178623134,94.04253696954021,96.2291030883789,17612600,0.0,0.0,95.55416259765624
2025-05-28 00:00:00-04:00,96.54859380044155,97.05779742652469,95.45031759350572,96.02941131591797,10500300,0.0,0.0,95.17076263427734
2025-05-29 00:00:00-04:00,98.43563585710857,99.47400846299702,95.95952301167783,96.64844512939453,14628700,0.0,0.0,95.36246337890626
2025-05-30 00:00:00-04:00,95.88963129714428,96.45873854469889,92.07561256744769,94.31210327148438,23758200,0.0,0.0,95.28857727050782
2025-06-02 00:00:00-04:00,94.43192118351413,99.08462122112746,94.25220269860935,98.02628326416016,16850300,0.0,0.0,96.24906921386719
2025-06-03 00:00:00-04:00,98.20600339761323,102.7688480780937,96.80819378238374,102.08991241455078,22757600,0.0,0.0,97.42123107910156
2025-06-04 00:00:00-04:00,102.21970774713435,103.74731872724166,101.54077207290322,103.08834838867188,14595900,0.0,0.0,98.83301849365235
2025-06-05 00:00:00-04:00,106.13357503845278,108.85929656324282,105.3647763189328,106.12358856201172,28833700,0.0,0.0,100.72804718017578
2025-06-06 00:00:00-04:00,107.91079328371573,110.87614471182415,107.87085499306528,108.3900375366211,20710100,0.0,0.0,103.54363403320312
2025-06-09 00:00:00-04:00,109.33855057297555,112.35381903473086,108.41000629924018,110.77629089355469,20159700,0.0,0.0,106.09363555908203
2025-06-10 00:00:00-04:00,111.35538181906,114.74007365562761,111.05585608457721,113.96129608154297,22949400,0.0,0.0,108.46791229248046
2025-06-11 00:00:00-04:00,115.4190081951608,117.07641285614694,114.55037519441822,115.84833526611328,21614100,0.0,0.0,111.01990966796875
2025-06-12 00:00:00-04:00,113.93134902443164,116.29764127458876,113.34226877236767,115.99810791015625,17076500,0.0,0.0,112.99481353759765
2025-06-13 00:00:00-04:00,113.62182913466512,116.91665783387354,113.48204893868079,115.41900634765625,17453000,0.0,0.0,114.40060729980469
2025-06-16 00:00:00-04:00,117.62554616390177,120.77061583181641,117.13631547432155,119.6523666381836,21374100,0.0,0.0,116.17582244873047
2025-06-17 00:00:00-04:00,119.412741556483,123.31662335201159,119.16313297981081,120.15158081054688,20837700,0.0,0.0,117.41387939453125
2025-06-18 00:00:00-04:00,120.27140113276576,122.78745996568087,119.9918407329862,121.6292724609375,20180000,0.0,0.0,118.5700668334961
2025-06-20 00:00:00-04:00,122.5777841565958,123.96561493785553,120.19152662357283,123.40648651123047,29290400,0.0,0.0,120.05174255371094
2025-06-23 00:00:00-04:00,123.4763772379737,124.31506607343566,119.62241994388955,121.88887023925781,23399200,0.0,0.0,121.34571533203125
2025-06-24 00:00:00-04:00,124.91412049485066,127.8994446466472,124.76435382083069,127.7097396850586,26420600,0.0,0.0,122.95718994140626
2025-06-25 00:00:00-04:00,126.4117762330098,127.30038221318033,125.42332833929926,127.05077362060547,39407000,0.0,0.0,124.33702850341797
2025-06-26 00:00:00-04:00,129.327198744369,129.6467050456808,123.59618776995505,125.80272674560547,62678100,0.0,0.0,125.17171936035156
2025-06-27 00:00:00-04:00,124.94407669650072,127.34032071267208,123.19681654558718,124.5646743774414,36888600,0.0,0.0,125.40335693359376
2025-06-30 00:00:00-04:00,124.70445560425347,124.8841740973785,121.65922769781535,123.05703735351562,22799700,0.0,0.0,125.63699035644531
2025-07-01 00:00:00-04:00,122.15844262402794,123.79587436773315,118.8935656131199,120.70072937011719,24825800,0.0,0.0,124.23518829345703
2025-07-02 00:00:00-04:00,120.31134382066975,122.80742979205294,117.8751614750158,121.54940032958984,29303800,0.0,0.0,123.13491363525391
2025-07-03 00:00:00-04:00,122.13847191717456,123.4364319597654,121.63925475830516,122.0985336303711,13247900,0.0,0.0,122.39407501220703
2025-07-07 00:00:00-04:00,121.10416139540291,121.43395669915088,118.83558539988697,119.8449478149414,19148400,0.115,0.0,121.45012969970703
2025-07-08 00:00:00-04:00,122.3733642308781,125.3714867449016,121.87367714520752,124.34213256835938,26238200,0.0,0.0,121.70714874267578
2025-07-09 00:00:00-04:00,124.74188514537137,126.07105463790612,121.20409962463056,122.16349792480469,20464000,0.0,0.0,121.99970245361328
2025-07-10 00:00:00-04:00,124.20221727238443,124.2721731574098,121.94362957430577,123.03295135498047,15378400,0.0,0.0,122.29641265869141
2025-07-11 00:00:00-04:00,122.05356497460646,124.73188806259444,121.16412257081754,124.45206451416016,15820600,0.0,0.0,122.76711883544922
2025-07-14 00:00:00-04:00,120.30465546328094,120.36462309604092,116.94675776426533,118.5357666015625,32117700,0.0,0.0,122.50528259277344
2025-07-15 00:00:00-04:00,120.86431054952253,121.3140258612535,119.04544992545529,120.03482818603516,24958900,0.0,0.0,121.6438217163086
2025-07-16 00:00:00-04:00,118.95550320898236,119.01546321777867,114.73814309893108,116.35713195800781,30614800,0.0,0.0,120.48254852294922
2025-07-17 00:00:00-04:00,113.85869627671708,114.12852394016207,110.8805579794131,113.18911743164062,34702400,0.0,0.0,118.51378173828125
2025-07-18 00:00:00-04:00,114.16849750821441,114.7281522010101,113.20909926650398,114.31840515136719,19349900,0.0,0.0,116.48704986572265
2025-07-21 00:00:00-04:00,113.51890922999124,115.84745289486132,112.59948681605263,113.15914154052734,22189800,0.0,0.0,115.41172485351562
2025-07-22 00:00:00-04:00,112.78937089084475,112.92928266647965,108.06232765094607,109.15164947509766,27917600,0.0,0.0,113.23508911132812
2025-07-23 00:00:00-04:00,109.37151329337442,110.22097982606623,108.81185856479188,109.76126861572266,17810000,0.0,0.0,111.9159164428711
2025-07-24 00:00:00-04:00,110.99049346392285,112.65945413130952,110.1810028218448,111.66007995605469,20293100,0.0,0.0,111.6101089477539
2025-07-25 00:00:00-04:00,110.92053336548226,111.4302163104054,108.76188919368825,111.19036865234375,16372300,0.0,0.0,110.98450164794922
2025-07-28 00:00:00-04:00,111.65008121576955,111.92990475772471,109.79124468750206,111.18037414550781,12932300,0.0,0.0,110.58874816894532
2025-07-29 00:00:00-04:00,111.97987836485177,113.46894373749375,110.60073713583401,111.88993072509766,16653300,0.0,0.0,111.13640441894532
2025-07-30 00:00:00-04:00,112.52952989100697,114.81809765269743,112.33965398366118,114.6681900024414,16378800,0.0,0.0,112.11778869628907
2025-07-31 00:00:00-04:00,112.11978760817864,112.19973174495416,106.87307335438082,109.07169342041016,29224300,0.0,0.0,111.60011138916016
2025-08-01 00:00:00-04:00,105.423980433889,106.43335049365196,103.31530029770715,104.81436157226562,24003300,0.0,0.0,110.32490997314453
2025-08-04 00:00:00-04:00,105.95364046237376,107.81247692878551,105.39399339708656,107.70254516601562,14780600,0.0,0.0,109.6293441772461
2025-08-05 00:00:00-04:00,109.23160028664431,110.57075802021477,106.7631448565049,108.99174499511719,17836000,0.0,0.0,109.04970703125
2025-08-06 00:00:00-04:00,107.83247516150108,108.89180934863636,106.68319333368494,108.71192169189453,13021900,0.0,0.0,107.85845336914062
2025-08-07 00:00:00-04:00,114.06856373606408,115.20784964575877,110.72066189179917,111.79998779296875,18986500,0.0,0.0,108.40411224365235
2025-08-08 00:00:00-04:00,112.09979451999489,119.25531696260009,111.60010745415775,118.81558990478516,28962200,0.0,0.0,111.20435791015625
2025-08-11 00:00:00-04:00,124.89178817742395,127.20034001354622,121.57386631949885,123.64257049560547,35065800,0.0,0.0,114.39236297607422
2025-08-12 00:00:00-04:00,124.62195727395608,128.46955396905415,122.9630000989227,127.67005157470703,25961200,0.0,0.0,118.12802429199219
2025-08-13 00:00:00-04:00,127.50015622523392,128.51952213072585,123.27280020468386,124.19222259521484,18438200,0.0,0.0,121.22408447265624
2025-08-14 00:00:00-04:00,123.12289009643007,125.66130130839372,121.32402123237631,125.21158599853516,12235900,0.0,0.0,123.90640411376953
2025-08-15 00:00:00-04:00,123.09291328990723,123.30278094826747,119.36525194796323,120.79435729980469,18986700,0.0,0.0,124.30215759277344
2025-08-18 00:00:00-04:00,121.27405143597886,123.60259503266882,120.58448845802536,123.4726791381836,12208800,0.0,0.0,124.26817932128907
2025-08-19 00:00:00-04:00,122.86305993356879,124.16224174843259,121.23407519603839,121.97361755371094,11491200,0.0,0.0,123.12889251708984
2025-08-20 00:00:00-04:00,118.62570779512079,118.83558307494144,113.3889894175658,117.13664245605469,25795000,0.0,0.0,121.71777648925782
2025-08-21 00:00:00-04:00,116.92677876607542,117.65632527047428,115.53764926933694,115.71753692626953,13174900,0.0,0.0,119.81896667480468
2025-08-22 00:00:00-04:00,117.57637375431695,120.62446042731082,116.43708779954784,117.60635375976562,17038300,0.0,0.0,119.18136596679688
2025-08-25 00:00:00-04:00,117.60635102305356,118.00610221051343,116.02733802612794,116.34713745117188,8674800,0.0,0.0,117.75625762939453
2025-08-26 00:00:00-04:00,116.01733882429255,118.28592236394707,115.73751528847707,116.42708587646484,12584300,0.0,0.0,116.6469512939453
2025-08-27 00:00:00-04:00,116.77686940671356,118.65569771267029,116.36712996473817,117.67630767822266,15349300,0.0,0.0,116.7548843383789
2025-08-28 00:00:00-04:00,118.8055949594146,122.49328797406395,118.65569493818464,121.92364501953125,17295500,0.0,0.0,117.99610595703125
2025-08-29 00:00:00-04:00,122.52326579447771,122.69315756525663,117.98610636704309,118.93551635742188,16774000,0.0,0.0,118.2619384765625
2025-09-02 00:00:00-04:00,115.78749023980808,118.48579740919517,114.17849723985024,118.40585327148438,13771900,0.0,0.0,118.673681640625
2025-09-03 00:00:00-04:00,119.28529738390274,119.36524914462507,117.22658910533008,118.64569854736328,14101300,0.0,0.0,119.11740417480469
2025-09-04 00:00:00-04:00,118.77561708961952,124.33214258985831,118.44582178774782,124.13226318359375,18589100,0.0,0.0,120.40859527587891
2025-09-05 00:00:00-04:00,127.6900352491965,131.32776426837574,125.58136275023247,131.28778076171875,28416000,0.0,0.0,122.2814224243164
2025-09-08 00:00:00-04:00,130.46829719485368,132.17721843688034,128.3196336415433,131.3777313232422,19492600,0.0,0.0,124.76986541748047
2025-09-09 00:00:00-04:00,131.6775319828187,137.91363214337574,131.47766020347325,135.15536499023438,20705000,0.0,0.0,128.11976776123046
2025-09-10 00:00:00-04:00,139.93237578642356,142.15098766746067,138.25341924842047,139.91238403320312,25791300,0.0,0.0,132.37310485839845
2025-09-11 00:00:00-04:00,147.62754669228357,156.16219499435567,147.51761492876705,150.47576904296875,52446400,0.0,0.0,137.64180603027344
2025-09-12 00:00:00-04:00,153.45390228050323,158.18093769395298,153.11411873264612,157.131591796875,32288300,0.0,0.0,142.8105682373047
2025-09-15 00:00:00-04:00,156.86177402305177,160.23964829627567,156.45202695982906,157.6712646484375,20101400,0.0,0.0,148.06927490234375
2025-09-16 00:00:00-04:00,157.8811256875898,159.4601386919045,157.0716350570448,158.72061157226562,16911600,0.0,0.0,152.78232421875
2025-09-17 00:00:00-04:00,157.31149015709147,160.48949266568428,155.16282656393466,159.88987731933594,18843600,0.0,0.0,156.77782287597657
2025-09-18 00:00:00-04:00,162.888000296552,170.34332301201755,162.49824498300075,168.7843017578125,28212800,0.0,0.0,160.4395294189453
2025-09-19 00:00:00-04:00,162.64815032303383,163.59755275894238,159.28026416384364,162.62815856933594,37309900,0.0,0.0,161.5388427734375
2025-09-22 00:00:00-04:00,164.27712773683376,167.155314920754,161.48886531740058,164.5169677734375,25851200,0.0,0.0,162.9079833984375
2025-09-23 00:00:00-04:00,165.57630828944275,168.884249663906,165.12659295430714,166.3058624267578,43316500,0.0,0.0,164.42503356933594
2025-09-24 00:00:00-04:00,164.9766810604717,165.89610341818187,158.20092576730673,161.60879516601562,57096400,0.0,0.0,164.76881713867186
2025-09-25 00:00:00-04:00,157.29150441079756,158.85052571977482,154.55321361859382,156.7318572998047,32209200,0.0,0.0,162.35832824707032
2025-09-26 00:00:00-04:00,158.42078745595424,158.8205309984141,155.08286635453564,157.17156982421875,24045000,0.0,0.0,161.2670104980469
2025-09-29 00:00:00-04:00,159.8998710590382,165.69624443477633,159.86989105315382,163.79742431640625,26506500,0.0,0.0,161.12310180664062
2025-09-30 00:00:00-04:00,164.00728859744007,168.84425571246493,163.85738857808062,167.2152862548828,20092500,0.0,0.0,161.30498657226562
2025-10-01 00:00:00-04:00,165.49636548569848,182.2758507693362,165.39642197091456,182.03599548339844,41674800,0.0,0.0,165.3904266357422
2025-10-02 00:00:00-04:00,184.8442439014168,186.06346629823045,181.0965909522977,183.63499450683594,25122200,0.0,0.0,170.77105407714845
2025-10-03 00:00:00-04:00,185.2100067138672,191.85000610351562,184.9199981689453,187.8300018310547,29399300,0.115,0.0,176.90274047851562
2025-10-06 00:00:00-04:00,195.00999450683594,201.0,189.42999267578125,190.9600067138672,36392300,0.0,0.0,182.33525695800782
2025-10-07 00:00:00-04:00,194.85000610351562,195.3000030517578,183.24000549316406,185.69000244140625,27828200,0.0,0.0,186.0302001953125
2025-10-08 00:00:00-04:00,188.99000549316406,196.9499969482422,188.8000030517578,196.5399932861328,26833900,0.0,0.0,188.93099975585938
2025-10-09 00:00:00-04:00,192.97000122070312,196.6199951171875,189.5,192.3300018310547,19721500,0.0,0.0,190.6700012207031
2025-10-10 00:00:00-04:00,192.9600067138672,193.44000244140625,179.61000061035156,181.60000610351562,26990300,0.0,0.0,189.42400207519532
2025-10-13 00:00:00-04:00,190.7899932861328,193.39999389648438,187.99000549316406,192.77000427246094,20928400,0.0,0.0,189.78600158691407
2025-10-14 00:00:00-04:00,186.9600067138672,192.4600067138672,186.25,187.05999755859375,15912400,0.0,0.0,190.06000061035155
2025-10-15 00:00:00-04:00,192.47999572753906,192.8800048828125,187.4199981689453,191.94000244140625,17793100,0.0,0.0,189.14000244140624
2025-10-16 00:00:00-04:00,199.9600067138672,206.33999633789062,195.1999969482422,202.52999877929688,42041300,0.0,0.0,191.18000183105468
2025-10-17 00:00:00-04:00,199.27999877929688,203.38999938964844,195.5500030517578,202.3800048828125,23283100,0.0,0.0,195.33600158691405
2025-10-20 00:00:00-04:00,209.66000366210938,214.75,205.5,206.77000427246094,23268400,0.0,0.0,198.13600158691406
2025-10-21 00:00:00-04:00,204.3000030517578,205.8699951171875,200.83999633789062,202.2899932861328,13717300,0.0,0.0,201.18200073242187
2025-10-22 00:00:00-04:00,202.25,205.5800018310547,192.39999389648438,198.47000122070312,21949800,0.0,0.0,202.48800048828124
2025-10-23 00:00:00-04:00,196.6999969482422,209.0,195.1999969482422,206.7100067138672,19397900,0.0,0.0,203.32400207519532
2025-10-24 00:00:00-04:00,212.38999938964844,219.82000732421875,209.97999572753906,219.02000427246094,25821800,0.0,0.0,206.652001953125
2025-10-27 00:00:00-04:00,224.80999755859375,224.97999572753906,215.74000549316406,220.10000610351562,23873100,0.0,0.0,209.31800231933593
2025-10-28 00:00:00-04:00,218.92999267578125,222.89999389648438,217.55999755859375,221.91000366210938,14957500,0.0,0.0,213.24200439453125
2025-10-29 00:00:00-04:00,229.05999755859375,232.39999389648438,226.10000610351562,226.6300048828125,23217300,0.0,0.0,218.87400512695314
2025-10-30 00:00:00-04:00,226.10000610351562,227.39999389648438,220.74000549316406,224.00999450683594,14795100,0.0,0.0,222.33400268554686
2025-10-31 00:00:00-04:00,227.75,231.25,218.82000732421875,223.77000427246094,16320000,0.0,0.0,223.28400268554688
2025-11-03 00:00:00-05:00,233.8800048828125,237.6199951171875,231.8000030517578,234.6999969482422,21199300,0.0,0.0,226.2040008544922
2025-11-04 00:00:00-05:00,222.13999938964844,228.6699981689453,217.39999389648438,218.02999877929688,23696200,0.0,0.0,225.4279998779297
2025-11-05 00:00:00-05:00,225.6699981689453,239.8800048828125,224.72999572753906,237.5,28617400,0.0,0.0,227.60199890136718
2025-11-06 00:00:00-05:00,237.83999633789062,246.41000366210938,234.8800048828125,238.3300018310547,32016800,0.0,0.0,230.46600036621095
2025-11-07 00:00:00-05:00,234.02999877929688,242.5500030517578,226.39999389648438,237.9199981689453,30613800,0.0,0.0,233.2959991455078
2025-11-10 00:00:00-05:00,247.9600067138672,257.07000732421875,247.80999755859375,253.3000030517578,27870600,0.0,0.0,237.01600036621093
2025-11-11 00:00:00-05:00,248.33999633789062,249.99000549316406,238.7899932861328,241.11000061035156,22622500,0.0,0.0,241.6320007324219
2025-11-12 00:00:00-05:00,244.89999389648438,249.19000244140625,240.83999633789062,244.89999389648438,17263100,0.0,0.0,243.11199951171875
2025-11-13 00:00:00-05:00,243.60000610351562,249.5,230.16000366210938,236.9499969482422,32324600,0.0,0.0,242.83599853515625
2025-11-14 00:00:00-05:00,231.4499969482422,255.1699981689453,231.22999572753906,246.8300018310547,36171100,0.0,0.0,244.6179992675781
2025-11-17 00:00:00-05:00,246.9199981689453,260.5799865722656,239.4600067138672,241.9499969482422,30304400,0.0,0.0,242.347998046875
2025-11-18 00:00:00-05:00,235.47999572753906,238.92999267578125,225.52000427246094,228.5,33843900,0.0,0.0,239.82599792480468
2025-11-19 00:00:00-05:00,226.91000366210938,234.35000610351562,216.36000061035156,225.9199981689453,35256600,0.0,0.0,236.02999877929688
2025-11-20 00:00:00-05:00,230.24000549316406,230.60000610351562,199.60000610351562,201.3699951171875,47420700,0.0,0.0,228.91399841308595
2025-11-21 00:00:00-05:00,204.52999877929688,212.0,192.58999633789062,207.3699951171875,36679700,0.0,0.0,221.0219970703125
2025-11-24 00:00:00-05:00,213.41000366210938,226.11000061035156,212.36000061035156,223.92999267578125,33052800,0.0,0.0,217.41799621582032
2025-11-25 00:00:00-05:00,219.22000122070312,226.19000244140625,216.0,224.52999877929688,17441600,0.0,0.0,216.62399597167968
2025-11-26 00:00:00-05:00,229.6199951171875,233.8300018310547,226.0,230.25999450683594,17817600,0.0,0.0,217.49199523925782
2025-11-28 00:00:00-05:00,235.6199951171875,238.10000610351562,233.47000122070312,236.47999572753906,12914700,0.0,0.0,224.5139953613281
