Date,Open,High,Low,Close,Volume,MA5
2021-01-08,521.6400146484375,531.6099853515625,518.1599731445312,529.6400146484375,1594900,521.4200012207032
2021-01-11,525.0,526.9600219726562,515.0800170898438,523.0599975585938,1286500,520.6659973144531
2021-01-12,520.0,522.510009765625,507.30999755859375,513.2100219726562,1173000,516.9140075683594
2021-01-13,518.2100219726562,523.7000122070312,511.0,521.7100219726562,1076700,519.8060119628906
2021-01-14,527.2000122070312,528.0,512.7899780273438,514.3400268554688,1448700,520.3920166015625
2021-01-15,518.4099731445312,526.5599975585938,513.0,513.760009765625,1083700,517.216015625
2021-01-19,515.5999755859375,522.9500122070312,509.69000244140625,519.4199829101562,978100,516.4880126953125
2021-01-20,527.989990234375,543.469970703125,527.010009765625,542.1900024414062,1538900,522.2840087890625
2021-01-21,543.5,546.4000244140625,537.8699951171875,544.3300170898438,1012400,526.8080078125
2021-01-22,549.75,554.3400268554688,540.2999877929688,541.0900268554688,1029700,532.1580078125
2021-01-25,547.72998046875,552.8200073242188,525.0599975585938,537.8800048828125,1712100,536.9820068359375
2021-01-26,540.0,540.780029296875,530.6099853515625,532.4600219726562,1417700,539.5900146484375
2021-01-27,524.8800048828125,533.0700073242188,508.2200012207031,516.5,2241300,534.4520141601563
2021-01-28,545.0,563.8800048828125,542.8599853515625,554.239990234375,3282700,536.4340087890625
2021-01-29,549.0800170898438,552.0,529.3400268554688,543.1599731445312,2380200,536.847998046875
2021-02-01,546.010009765625,564.72998046875,546.010009765625,558.5599975585938,1716900,540.9839965820313
2021-02-02,562.8800048828125,588.8200073242188,560.0999755859375,583.510009765625,2251600,551.193994140625
2021-02-03,583.0,587.4299926757812,574.5599975585938,576.6500244140625,1491500,563.2239990234375
2021-02-04,579.8900146484375,589.0,572.1300048828125,588.97998046875,1253300,570.1719970703125
2021-02-05,588.6799926757812,592.5399780273438,582.3200073242188,589.72998046875,972000,579.4859985351562
2021-02-08,591.3099975585938,598.3699951171875,584.0,587.9099731445312,1031700,585.3559936523437
2021-02-09,587.1400146484375,588.5999755859375,576.010009765625,581.780029296875,1635000,585.0099975585938
2021-02-10,585.760009765625,593.780029296875,579.010009765625,589.3599853515625,966700,587.5519897460938
2021-02-11,594.0,595.0,588.0,594.469970703125,731300,588.6499877929688
2021-02-12,591.3200073242188,593.7100219726562,585.530029296875,591.2899780273438,823000,588.9619873046875
2021-02-16,591.8200073242188,594.6599731445312,581.1500244140625,585.739990234375,891500,588.5279907226562
2021-02-17,580.0,583.1400146484375,570.75,580.9400024414062,887000,588.3599853515625
2021-02-18,569.9600219726562,579.3099975585938,565.9000244140625,575.7999877929688,973600,585.6479858398437
2021-02-19,577.1599731445312,582.1099853515625,559.0800170898438,570.72998046875,1958000,580.8999877929688
2021-02-22,566.030029296875,566.030029296875,549.780029296875,550.260009765625,1038800,572.693994140625
2021-02-23,539.3400268554688,553.7999877929688,524.4099731445312,551.75,1571200,565.89599609375
2021-02-24,545.5,554.2000122070312,538.9299926757812,551.8300170898438,1113500,560.0739990234375
2021-02-25,550.0,556.489990234375,526.8900146484375,528.7899780273438,1761700,550.6719970703125
2021-02-26,532.5,540.3200073242188,521.1500244140625,533.4600219726562,1799000,543.2180053710938
2021-03-01,544.8200073242188,556.6400146484375,540.0399780273438,556.469970703125,1232100,544.4599975585937
2021-03-02,559.5599975585938,562.4299926757812,548.3099975585938,549.2999877929688,1121400,543.9699951171875
2021-03-03,544.2899780273438,545.7899780273438,513.6699829101562,516.0,1806000,536.8039916992187
2021-03-04,510.94000244140625,517.75,484.8999938964844,490.6300048828125,2831300,529.1719970703125
2021-03-05,496.239990234375,496.239990234375,467.1499938964844,486.9599914550781,3232900,519.8719909667968
2021-03-08,490.7799987792969,497.260009765625,462.510009765625,464.04998779296875,1969800,501.38799438476565
2021-03-09,480.7099914550781,493.55999755859375,478.7799987792969,488.95001220703125,2448200,489.3179992675781
2021-03-10,497.1099853515625,499.0,473.9599914550781,474.0,1927000,480.9179992675781
2021-03-11,494.489990234375,511.7099914550781,490.2200012207031,502.8699951171875,1923300,483.3659973144531
2021-03-12,489.0,494.8800048828125,482.739990234375,489.2200012207031,1504700,483.8179992675781
2021-03-15,490.0,497.2099914550781,486.4700012207031,496.7699890136719,967000,490.36199951171875
2021-03-16,504.2799987792969,509.1499938964844,495.30999755859375,498.989990234375,1138500,492.3699951171875
2021-03-17,491.4599914550781,492.7300109863281,476.3699951171875,485.0,2486000,494.5699951171875
2021-03-18,479.69000244140625,479.79998779296875,464.6700134277344,466.17999267578125,1870000,487.23199462890625
2021-03-19,468.489990234375,475.57000732421875,463.8500061035156,470.8399963378906,1893900,483.5559936523438
2021-03-22,471.6300048828125,484.44000244140625,471.32000732421875,476.6499938964844,1188300,479.53199462890626
2021-03-23,480.1099853515625,486.44000244140625,476.9800109863281,478.1700134277344,1140900,475.3679992675781
2021-03-24,480.6300048828125,481.5,470.0,472.32000732421875,1476400,472.8320007324219
2021-03-25,467.8800048828125,474.0,463.79998779296875,472.17999267578125,1903800,474.03200073242186
2021-03-26,473.489990234375,495.45001220703125,471.0,495.0,2440200,478.86400146484374
2021-03-29,489.4599914550781,492.94000244140625,482.04998779296875,485.3900146484375,1720300,480.61200561523435
2021-03-30,480.0,490.989990234375,473.2099914550781,487.57000732421875,1254000,482.49200439453125
2021-03-31,493.44000244140625,506.8900146484375,490.5199890136719,500.1099853515625,1568400,488.05
2021-04-01,508.0,512.9099731445312,502.5,507.010009765625,1063600,495.01600341796876
2021-04-05,511.9700012207031,516.0700073242188,509.17999267578125,514.02001953125,1588800,498.82000732421875
2021-04-06,511.3999938964844,515.1400146484375,506.6199951171875,509.0799865722656,972900,503.55800170898436
2021-04-07,511.05999755859375,512.8900146484375,506.8299865722656,510.7300109863281,646700,508.19000244140625
2021-04-08,520.0,528.8200073242188,517.47998046875,524.0399780273438,1260000,512.9760009765625
2021-04-09,518.0900268554688,530.6099853515625,510.0,530.0,1453000,517.5739990234375
2021-04-12,529.1799926757812,541.219970703125,524.72998046875,537.0,1329000,522.1699951171875
2021-04-13,539.0,551.280029296875,539.0,548.9299926757812,1364400,530.1399963378906
2021-04-14,551.0,560.1900024414062,542.8400268554688,544.8400268554688,1341100,536.9619995117188
2021-04-15,553.4600219726562,560.1699829101562,552.9199829101562,559.3499755859375,885200,544.0239990234375
2021-04-16,560.5599975585938,560.7899780273438,550.260009765625,556.9099731445312,879700,549.4059936523438
2021-04-19,553.4199829101562,556.8800048828125,546.0,549.3699951171875,895400,551.8799926757813
2021-04-20,548.9600219726562,552.9199829101562,536.5,540.780029296875,794800,550.25
2021-04-21,545.1599731445312,549.0700073242188,537.1300048828125,546.469970703125,1032500,550.5759887695312
2021-04-22,547.0,558.0,543.8499755859375,548.489990234375,900400,548.4039916992188
2021-04-23,553.280029296875,555.8900146484375,549.3300170898438,552.7000122070312,780500,547.5619995117188
2021-04-26,554.0,559.3900146484375,549.25,559.2100219726562,671900,549.5300048828125
2021-04-27,557.9500122070312,565.2899780273438,553.5900268554688,562.6300048828125,961200,553.9
2021-04-28,559.25,559.7899780273438,552.4400024414062,557.239990234375,1715600,556.05400390625
2021-04-29,521.0,530.7999877929688,503.5,505.0,8692900,547.356005859375
2021-04-30,500.2799987792969,519.8200073242188,500.2799987792969,506.3699951171875,3440600,538.0900024414062
2021-05-03,507.4599914550781,508.2200012207031,488.7799987792969,490.32000732421875,2419100,524.3119995117188
2021-05-04,485.5199890136719,489.67999267578125,473.7300109863281,483.29998779296875,2469300,508.44599609375
2021-05-05,489.17999267578125,489.54998779296875,477.0,479.9700012207031,1444800,492.99199829101565
2021-05-06,477.1000061035156,486.6000061035156,473.1000061035156,485.8399963378906,2188300,489.1599975585938
2021-05-07,493.3999938964844,494.5299987792969,474.45001220703125,483.510009765625,1997100,484.58800048828124
2021-05-10,482.5,482.5,464.70001220703125,466.79998779296875,2053800,479.8839965820313
2021-05-11,453.79998779296875,486.010009765625,452.4599914550781,481.5,2588100,479.5239990234375
2021-05-12,473.2300109863281,475.0,460.010009765625,464.7099914550781,1779000,476.4719970703125
2021-05-13,470.0,471.32000732421875,451.0400085449219,454.9800109863281,1700500,470.3
2021-05-14,461.9100036621094,464.9100036621094,458.7799987792969,460.3299865722656,1789700,465.66399536132815
2021-05-17,459.4700012207031,459.4700012207031,448.2699890136719,454.3999938964844,1862500,463.1839965820312
2021-05-18,455.4599914550781,463.0,451.0,457.2200012207031,1364100,458.3279968261719
2021-05-19,450.25,460.7200012207031,448.2699890136719,459.760009765625,1172100,457.33800048828124
2021-05-20,464.6700134277344,475.5799865722656,463.2900085449219,471.1300048828125,1286400,460.5679992675781
2021-05-21,473.8900146484375,478.6199951171875,468.92999267578125,469.4700012207031,1372600,462.3960021972656
2021-05-24,475.0,479.79998779296875,473.5199890136719,476.3599853515625,928900,466.7880004882812
2021-05-25,478.75,483.70001220703125,476.3699951171875,479.8999938964844,1367500,471.3239990234375
2021-05-26,478.80999755859375,487.2699890136719,478.0400085449219,485.4100036621094,1542200,476.45399780273436
2021-05-27,480.9700012207031,482.6099853515625,472.6300048828125,479.2200012207031,1727800,478.0719970703125
2021-05-28,480.0,482.07000732421875,470.54998779296875,473.8800048828125,1895600,478.95399780273436
2021-06-01,477.6000061035156,477.6400146484375,467.0400085449219,469.1700134277344,1693200,477.51600341796876
2021-06-02,464.57000732421875,472.6000061035156,461.9100036621094,467.010009765625,1032200,474.93800659179686
2021-06-03,464.30999755859375,465.17999267578125,456.0,459.20001220703125,973200,469.6960083007813
2021-06-04,460.0,465.30999755859375,458.7200012207031,460.6499938964844,1575400,465.9820068359375
2021-06-07,460.0199890136719,462.739990234375,457.0,459.4599914550781,1210900,463.09800415039064
2021-06-08,463.9700012207031,471.1000061035156,459.4200134277344,460.760009765625,1074400,461.41600341796874
2021-06-09,464.9599914550781,467.6099853515625,460.7200012207031,464.7099914550781,1027700,460.95599975585935
2021-06-10,485.7099914550781,490.7900085449219,479.010009765625,489.1300048828125,3041800,466.94199829101564
2021-06-11,490.0,499.510009765625,488.0,498.010009765625,2080800,474.41400146484375
2021-06-14,500.0,511.1199951171875,498.2200012207031,509.3399963378906,1827700,484.39000244140624
2021-06-15,510.5199890136719,512.5499877929688,504.1199951171875,505.42999267578125,1565100,493.3239990234375
2021-06-16,507.70001220703125,521.5,502.1499938964844,510.0799865722656,2057600,502.397998046875
2021-06-17,505.79998779296875,531.0,505.79998779296875,530.4000244140625,1909400,510.652001953125
2021-06-18,528.8200073242188,537.719970703125,525.280029296875,533.739990234375,2246200,517.797998046875
2021-06-21,531.3200073242188,538.0,525.02001953125,534.75,1123300,522.8799987792969
2021-06-22,536.0,547.0,535.0,546.030029296875,1283300,531.0000061035156
2021-06-23,545.0,551.0,542.72998046875,550.2000122070312,889900,539.0240112304688
2021-06-24,552.0,558.75,550.8099975585938,552.0700073242188,997000,543.3580078125
2021-06-25,555.260009765625,555.260009765625,541.989990234375,544.989990234375,1512000,545.6080078125
2021-06-28,548.0,552.7100219726562,546.75,552.1699829101562,815500,549.0920043945313
2021-06-29,555.239990234375,561.8900146484375,552.530029296875,558.5900268554688,1048800,551.60400390625
2021-06-30,556.8900146484375,557.9600219726562,547.6099853515625,549.5499877929688,842300,551.4739990234375
2021-07-01,545.0,550.1300048828125,539.75,545.1699829101562,1165800,550.093994140625
2021-07-02,548.25,554.739990234375,547.2000122070312,551.8300170898438,681100,551.4619995117188
2021-07-06,554.2899780273438,563.7899780273438,552.1900024414062,558.489990234375,795000,552.7260009765625
2021-07-07,560.9000244140625,563.260009765625,553.0700073242188,561.780029296875,1093500,553.3640014648438
2021-07-08,552.75,562.2899780273438,546.9500122070312,560.469970703125,942000,555.547998046875
2021-07-09,559.719970703125,567.3300170898438,555.8699951171875,566.3699951171875,976600,559.7880004882812
2021-07-12,570.0,573.6699829101562,561.25,561.9299926757812,1279200,561.8079956054687
2021-07-13,561.0,566.3499755859375,555.0,559.3300170898438,868400,561.9760009765625
2021-07-14,563.9600219726562,567.2999877929688,558.780029296875,562.9400024414062,1133400,562.2079956054688
2021-07-15,563.3800048828125,566.719970703125,554.5499877929688,558.280029296875,823600,561.7700073242188
2021-07-16,561.52001953125,564.6300048828125,554.9600219726562,556.3599853515625,941000,559.7680053710938
2021-07-19,551.739990234375,555.3900146484375,545.0,555.0900268554688,1108000,558.4000122070313
2021-07-20,560.0,569.1599731445312,554.6099853515625,565.25,870600,559.5840087890625
2021-07-21,562.489990234375,567.1300048828125,558.5399780273438,567.1300048828125,754200,560.4220092773437
2021-07-22,572.0800170898438,579.4000244140625,570.4500122070312,576.7000122070312,938500,564.106005859375
2021-07-23,580.0,588.47998046875,577.8200073242188,586.1799926757812,890900,570.0700073242188
2021-07-26,584.7999877929688,584.8499755859375,575.010009765625,584.2000122070312,1044200,575.8920043945312
2021-07-27,584.0,586.8699951171875,574.6699829101562,582.2899780273438,1462400,579.3
2021-07-28,582.0,587.0,576.010009765625,583.3499755859375,1229200,582.543994140625
2021-07-29,584.5999755859375,608.780029296875,584.5999755859375,586.4299926757812,2539600,584.489990234375
2021-07-30,579.7100219726562,595.8900146484375,575.9400024414062,587.8900146484375,1566000,584.8319946289063
2021-08-02,587.8900146484375,591.719970703125,579.010009765625,584.6699829101562,901100,584.9259887695313
2021-08-03,584.8900146484375,590.8099975585938,577.3400268554688,584.6599731445312,804600,585.3999877929688
2021-08-04,585.0,594.6900024414062,583.1699829101562,593.469970703125,769700,587.4239868164062
2021-08-05,595.0,597.0,589.3800048828125,595.5,476100,589.23798828125
2021-08-06,594.0,595.5999755859375,589.4299926757812,590.6799926757812,709200,589.7959838867188
2021-08-09,589.9500122070312,592.2999877929688,585.2999877929688,587.9600219726562,800900,590.4539916992187
2021-08-10,588.0,589.4400024414062,572.780029296875,575.7999877929688,829500,588.6819946289063
2021-08-11,578.4400024414062,581.1400146484375,566.5900268554688,570.2000122070312,908200,584.0280029296875
2021-08-12,569.27001953125,581.989990234375,566.989990234375,581.5700073242188,866300,581.2420043945312
2021-08-13,579.0399780273438,587.97998046875,577.5399780273438,587.8300170898438,638800,580.6720092773437
2021-08-16,586.0,591.6799926757812,576.3200073242188,580.219970703125,812900,579.1239990234375
2021-08-17,579.4500122070312,584.0999755859375,574.3800048828125,582.239990234375,709800,580.4119995117187
2021-08-18,580.469970703125,588.5999755859375,578.47998046875,581.9500122070312,741800,582.7619995117187
2021-08-19,579.5,591.2999877929688,577.75,586.9199829101562,768000,583.8319946289063
2021-08-20,591.0499877929688,601.4099731445312,588.5700073242188,600.52001953125,1003500,586.3699951171875
2021-08-23,602.0,621.0,602.0,619.4299926757812,1576600,594.2119995117188
2021-08-24,620.0,626.530029296875,620.0,621.8499755859375,1016100,602.1339965820313
2021-08-25,623.0,627.77001953125,616.6599731445312,621.0700073242188,909500,609.9579956054688
2021-08-26,622.6199951171875,630.22998046875,621.0999755859375,624.030029296875,1096300,617.3800048828125
2021-08-27,625.0,635.6199951171875,624.0399780273438,632.4000244140625,821200,623.756005859375
2021-08-30,634.0,643.280029296875,633.489990234375,641.6500244140625,797500,628.2000122070312
2021-08-31,645.0,647.7000122070312,639.5599975585938,643.6400146484375,1246600,632.5580200195312
2021-09-01,643.5999755859375,652.5599975585938,642.5,650.8499755859375,936700,638.514013671875
2021-09-02,654.0,661.780029296875,652.3900146484375,660.3099975585938,1354000,645.7700073242188
2021-09-03,660.0,681.0999755859375,659.0499877929688,678.6300048828125,1145900,655.0160034179687
2021-09-07,678.6300048828125,679.0,660.2100219726562,661.0900268554688,1515800,658.90400390625
2021-09-08,660.3099975585938,660.3099975585938,650.6300048828125,653.7999877929688,1113000,660.9359985351563
2021-09-09,655.780029296875,656.3699951171875,649.0,650.1900024414062,802300,660.80400390625
2021-09-10,653.1099853515625,655.760009765625,646.739990234375,647.97998046875,754300,658.3380004882813
2021-09-13,649.0,649.0800170898438,630.6699829101562,639.0800170898438,1262200,650.4280029296875
2021-09-14,641.989990234375,648.5399780273438,640.5900268554688,645.4199829101562,749400,647.293994140625
2021-09-15,644.0900268554688,654.1199951171875,637.6699829101562,652.1500244140625,803200,646.9640014648437
2021-09-16,650.2999877929688,657.1199951171875,644.6799926757812,656.3499755859375,622300,648.19599609375
2021-09-17,653.3900146484375,657.4600219726562,648.260009765625,651.030029296875,1298100,648.806005859375
2021-09-20,644.3599853515625,650.5800170898438,640.1199951171875,648.72998046875,957800,650.7359985351562
2021-09-21,650.0,657.1799926757812,645.6300048828125,654.2000122070312,755200,652.4920043945312
2021-09-22,658.0,665.5,650.6799926757812,662.6500244140625,816100,654.5920043945313
2021-09-23,668.0,670.489990234375,663.010009765625,664.219970703125,871500,656.1660034179688
2021-09-24,662.0999755859375,667.0,655.0,666.3099975585938,499800,659.2219970703125
2021-09-27,659.8800048828125,660.0,646.2100219726562,649.5599975585938,902500,659.3880004882812
2021-09-28,633.6699829101562,636.8400268554688,610.0,612.52001953125,1988800,651.052001953125
2021-09-29,620.0,623.8400268554688,607.1799926757812,618.02001953125,1228600,642.1260009765625
2021-09-30,620.2000122070312,626.989990234375,618.239990234375,622.27001953125,948400,633.7360107421875
2021-10-01,623.780029296875,635.4099731445312,614.3300170898438,632.7999877929688,1048900,627.0340087890625
2021-10-04,635.4000244140625,638.0499877929688,609.469970703125,617.969970703125,1173700,620.7160034179688
2021-10-05,622.469970703125,639.5399780273438,622.0,633.4199829101562,1066200,624.89599609375
2021-10-06,627.3400268554688,635.760009765625,621.4000244140625,629.3599853515625,1038300,627.1639892578125
2021-10-07,636.4299926757812,648.3599853515625,635.4299926757812,637.9199829101562,1021400,630.2939819335937
2021-10-08,640.0,643.6599731445312,616.9199829101562,617.5800170898438,1715600,627.2499877929688
2021-10-11,618.02001953125,627.3099975585938,612.1400146484375,615.8499755859375,915100,626.8259887695312
2021-10-12,622.3599853515625,633.0,620.239990234375,629.1300048828125,796000,625.9679931640625
2021-10-13,630.0,641.0800170898438,630.0,639.4099731445312,1110800,627.9779907226563
2021-10-14,650.0,662.760009765625,648.5999755859375,653.030029296875,1326000,631.0
2021-10-15,656.8599853515625,665.6099853515625,654.9000244140625,663.1799926757812,919300,640.1199951171875
2021-10-18,663.5,666.2999877929688,657.3300170898438,666.219970703125,1134700,650.193994140625
2021-10-19,672.4000244140625,687.6900024414062,672.2899780273438,680.25,1472500,660.4179931640625
2021-10-20,684.22998046875,686.72998046875,671.1799926757812,681.1099853515625,872400,668.7579956054688
2021-10-21,680.0,687.2899780273438,676.8699951171875,686.3400268554688,649500,675.4199951171875
2021-10-22,686.0,692.969970703125,683.4199829101562,686.6500244140625,928500,680.1140014648438
2021-10-25,686.6500244140625,693.469970703125,684.5,688.8499755859375,586100,684.6400024414063
2021-10-26,692.6900024414062,693.0,675.5499877929688,676.7100219726562,1108500,683.9320068359375
2021-10-27,675.7000122070312,684.8300170898438,663.6099853515625,664.760009765625,1500500,680.66201171875
2021-10-28,671.510009765625,694.0,671.2999877929688,687.7000122070312,2113300,680.9340087890625
2021-10-29,686.3499755859375,698.4299926757812,682.1500244140625,697.760009765625,1107100,683.156005859375
2021-11-01,700.0,704.8200073242188,676.6599731445312,681.97998046875,1163500,681.7820068359375
2021-11-02,685.989990234375,687.5,680.5,686.5900268554688,682600,683.7580078125
2021-11-03,689.0999755859375,689.0999755859375,672.219970703125,687.6699829101562,662500,688.3400024414062
2021-11-04,690.0,707.5999755859375,689.1400146484375,701.72998046875,833500,691.14599609375
2021-11-05,702.0,702.739990234375,686.9000244140625,692.010009765625,596100,689.99599609375
2021-11-08,693.719970703125,696.5900268554688,689.1500244140625,692.280029296875,798100,692.056005859375
2021-11-09,695.3099975585938,697.280029296875,685.5999755859375,691.27001953125,499800,692.9920043945312
2021-11-10,686.7899780273438,687.9299926757812,663.8200073242188,670.9099731445312,1279800,689.6400024414063
2021-11-11,679.6900024414062,681.3400268554688,673.8900146484375,679.25,1015000,685.1440063476563
2021-11-12,685.0,691.739990234375,681.4400024414062,691.4000244140625,991700,685.0220092773437
2021-11-15,689.4600219726562,689.9000244140625,678.7100219726562,682.5700073242188,812000,683.0800048828125
2021-11-16,684.989990234375,692.5599975585938,682.1099853515625,692.5499877929688,926700,683.3359985351562
2021-11-17,694.3300170898438,695.6099853515625,683.9000244140625,684.9299926757812,691500,686.1400024414063
2021-11-18,682.469970703125,684.5599975585938,674.1400146484375,675.8400268554688,751400,685.4580078125
2021-11-19,680.3099975585938,687.260009765625,674.1799926757812,675.969970703125,1051300,682.3719970703125
2021-11-22,675.7100219726562,683.9600219726562,651.3599853515625,656.3800048828125,1194200,677.1339965820313
2021-11-23,650.0,654.4299926757812,627.4099731445312,636.9099731445312,1844700,666.0059936523437
2021-11-24,629.9600219726562,649.4199829101562,624.1400146484375,649.3099975585938,837000,658.8819946289062
2021-11-26,644.52001953125,661.0700073242188,644.52001953125,649.5499877929688,729500,653.6239868164063
2021-11-29,659.6300048828125,676.5,651.1099853515625,672.8200073242188,1081400,652.993994140625
2021-11-30,674.6300048828125,679.6199951171875,642.6500244140625,647.7000122070312,2146400,651.2579956054688
2021-12-01,650.3599853515625,657.9600219726562,599.3400268554688,599.5700073242188,2318100,643.7900024414063
2021-12-02,599.5700073242188,625.7999877929688,598.6400146484375,623.3699951171875,1460000,638.602001953125
2021-12-03,627.6900024414062,628.760009765625,593.1599731445312,613.1099853515625,1854800,631.3140014648437
2021-12-06,601.5800170898438,619.6599731445312,594.0499877929688,616.5399780273438,1440300,620.0579956054687
2021-12-07,630.989990234375,668.1599731445312,630.0,663.3900146484375,1850000,623.19599609375
2021-12-08,660.0,672.969970703125,651.0499877929688,665.8099975585938,930200,636.443994140625
2021-12-09,666.0,669.1099853515625,641.25,642.1500244140625,1089100,640.2
2021-12-10,647.1900024414062,658.1799926757812,640.2000122070312,647.0,850300,646.9780029296875
2021-12-13,644.6500244140625,661.1699829101562,642.6699829101562,655.9400024414062,999500,654.8580078125
2021-12-14,642.0900268554688,646.9000244140625,607.1900024414062,624.6900024414062,1659700,647.1180053710938
2021-12-15,626.6599731445312,648.0700073242188,624.5800170898438,647.0399780273438,1581500,643.3640014648438
2021-12-16,639.3900146484375,643.7999877929688,606.6900024414062,608.97998046875,1588300,636.7299926757812
2021-12-17,596.7000122070312,620.6500244140625,587.02001953125,615.6300048828125,3418700,630.4559936523438
2021-12-20,605.0,614.0599975585938,601.219970703125,605.3699951171875,996700,620.3419921875
2021-12-21,612.5,635.3400268554688,605.0,631.3200073242188,1129100,621.6679931640625
2021-12-22,631.4600219726562,648.8900146484375,625.5999755859375,643.9299926757812,1010700,621.04599609375
2021-12-23,645.9600219726562,651.6900024414062,641.030029296875,648.5700073242188,664700,628.9640014648437
2021-12-27,655.97998046875,664.9500122070312,651.969970703125,663.280029296875,680900,638.4940063476563
2021-12-28,667.6400146484375,667.6400146484375,653.0,654.0,482200,648.2200073242187
2021-12-29,655.1799926757812,658.8599853515625,646.02001953125,654.5800170898438,441800,652.8720092773438
2021-12-30,656.2000122070312,663.1699829101562,653.8400268554688,654.5399780273438,490900,654.9940063476563
2021-12-31,652.02001953125,658.5900268554688,648.8699951171875,649.1099853515625,464600,655.102001953125
2022-01-03,648.1599731445312,651.4099731445312,625.4199829101562,630.1400146484375,1043700,648.4739990234375
2022-01-04,628.3900146484375,628.8200073242188,576.969970703125,603.9400024414062,2980600,638.4619995117188
2022-01-05,589.0,607.5,571.47998046875,572.760009765625,2096100,622.097998046875
2022-01-06,567.4000244140625,589.4500122070312,555.0,574.0399780273438,1674500,605.997998046875
2022-01-07,570.6900024414062,585.5800170898438,558.3300170898438,566.3900146484375,1190500,589.45400390625
2022-01-10,550.0999755859375,573.0999755859375,535.8099975585938,572.0,1967600,577.8260009765625
2022-01-11,569.8800048828125,580.239990234375,561.75,578.4400024414062,1340000,572.7260009765625
2022-01-12,587.3200073242188,591.52001953125,569.6199951171875,573.3900146484375,1717200,572.852001953125
2022-01-13,575.02001953125,575.8400268554688,520.0,521.260009765625,3904900,562.2960083007813
2022-01-14,521.260009765625,538.5399780273438,514.6599731445312,531.02001953125,3237600,555.2220092773438
2022-01-18,524.7000122070312,544.4600219726562,517.5900268554688,522.3400268554688,2386600,545.2900146484375
2022-01-19,525.4199829101562,543.72998046875,520.6400146484375,521.2899780273438,2570500,533.860009765625
2022-01-20,532.2100219726562,542.7999877929688,513.719970703125,515.0,1885600,522.1820068359375
2022-01-21,510.0,528.8800048828125,507.1300048828125,507.739990234375,2605600,519.4780029296875
2022-01-24,500.2900085449219,527.6199951171875,484.42999267578125,525.8400268554688,3420500,518.4420043945313
2022-01-25,515.4500122070312,517.5999755859375,484.44000244140625,495.0799865722656,2878700,512.9899963378906
2022-01-26,514.280029296875,520.989990234375,479.3500061035156,484.4200134277344,3475300,505.6160034179687
2022-01-27,553.530029296875,556.989990234375,518.1400146484375,528.6900024414062,5506100,508.35400390625
2022-01-28,528.6900024414062,563.5,507.79998779296875,561.0800170898438,3807800,519.0220092773437
2022-01-31,567.27001953125,588.4000244140625,564.9600219726562,585.780029296875,2654100,531.010009765625
2022-02-01,584.9000244140625,590.7100219726562,576.9600219726562,586.5399780273438,1841700,549.3020080566406
2022-02-02,594.8499755859375,594.8499755859375,573.0800170898438,581.1500244140625,1313200,568.6480102539062
2022-02-03,568.2100219726562,582.0399780273438,559.2999877929688,560.8499755859375,1355800,575.0800048828125
2022-02-04,559.989990234375,587.3699951171875,554.780029296875,577.52001953125,1250400,578.3680053710938
2022-02-07,577.989990234375,588.4400024414062,570.469970703125,573.2000122070312,988500,575.852001953125
2022-02-08,564.2000122070312,592.0,563.969970703125,591.27001953125,1396400,576.7980102539062
2022-02-09,598.8499755859375,614.3300170898438,598.0,613.969970703125,1665400,583.3619995117188
2022-02-10,600.469970703125,621.4099731445312,599.9600219726562,610.4600219726562,1981300,593.2840087890625
2022-02-11,603.4500122070312,610.0,577.6199951171875,583.719970703125,2140000,594.5239990234375
2022-02-14,578.8699951171875,589.3300170898438,574.1799926757812,579.5800170898438,1240000,595.8
2022-02-15,587.8099975585938,593.8800048828125,581.219970703125,591.6599731445312,987000,595.8779907226562
2022-02-16,585.8400268554688,593.030029296875,576.47998046875,590.8900146484375,1100400,591.2619995117187
2022-02-17,584.0800170898438,587.1599731445312,564.5900268554688,565.75,1069300,582.3199951171875
2022-02-18,565.9600219726562,569.0,551.52001953125,556.010009765625,1276700,576.7780029296875
2022-02-22,544.0700073242188,561.9500122070312,539.4000244140625,550.1500244140625,1162000,570.8920043945312
2022-02-23,550.1500244140625,553.4199829101562,522.6599731445312,524.7000122070312,1863900,557.5000122070312
2022-02-24,508.25,575.969970703125,502.4599914550781,573.9500122070312,2367600,554.11201171875
2022-02-25,568.9600219726562,580.2999877929688,564.0499877929688,580.22998046875,1053900,557.0080078125
2022-02-28,578.2000122070312,585.5399780273438,570.9199829101562,579.9199829101562,1496100,561.7900024414063
2022-03-01,583.8200073242188,599.5800170898438,566.7899780273438,571.0700073242188,1588500,565.9739990234375
2022-03-02,578.3200073242188,590.760009765625,560.02001953125,587.0599975585938,1090100,578.44599609375
2022-03-03,592.02001953125,593.3300170898438,556.7000122070312,562.3099975585938,1468600,576.1179931640625
2022-03-04,555.489990234375,569.0999755859375,542.4099731445312,547.0700073242188,1381400,569.4859985351562
2022-03-07,553.3699951171875,563.0999755859375,518.6799926757812,519.6199951171875,2145600,557.4260009765625
2022-03-08,510.0,535.9000244140625,504.4599914550781,518.2000122070312,1479500,546.852001953125
2022-03-09,536.4600219726562,565.780029296875,533.1099853515625,559.5800170898438,1647700,541.356005859375
2022-03-10,548.5800170898438,551.9199829101562,530.9199829101562,533.5900268554688,1764300,535.61201171875
2022-03-11,542.6400146484375,544.5499877929688,511.3599853515625,512.1500244140625,1228900,528.6280151367188
2022-03-14,514.9600219726562,526.3200073242188,492.04998779296875,495.1000061035156,1637600,523.7240173339844
2022-03-15,500.17999267578125,517.5999755859375,491.30999755859375,514.219970703125,1331600,522.9280090332031
2022-03-16,528.510009765625,548.760009765625,517.3900146484375,547.4000244140625,1825400,520.4920104980469
2022-03-17,540.3800048828125,567.969970703125,540.3800048828125,566.6799926757812,1284800,527.1100036621094
2022-03-18,577.5999755859375,583.8599853515625,566.75,579.8800048828125,2308500,540.6559997558594
2022-03-21,575.0,580.6099853515625,555.3699951171875,569.7999877929688,1416300,555.59599609375
2022-03-22,570.7100219726562,597.739990234375,570.0999755859375,588.6599731445312,1351000,570.4839965820313
2022-03-23,573.6400146484375,579.8300170898438,562.469970703125,567.9600219726562,1112900,574.59599609375
2022-03-24,570.0,582.72998046875,562.3099975585938,581.0900268554688,985500,577.4780029296875
2022-03-25,581.0399780273438,583.6099853515625,556.7999877929688,561.8699951171875,1357100,573.8760009765625
2022-03-28,567.3300170898438,583.8800048828125,561.97998046875,582.760009765625,1306300,576.4680053710938
2022-03-29,590.219970703125,601.6199951171875,577.6400146484375,597.75,1317900,578.2860107421875
2022-03-30,590.1199951171875,591.0499877929688,570.719970703125,573.989990234375,1514800,579.4920043945312
2022-03-31,573.989990234375,576.989990234375,556.3900146484375,556.8900146484375,2039400,574.652001953125
2022-04-01,556.0999755859375,561.52001953125,544.030029296875,548.6900024414062,1931800,572.0160034179687
2022-04-04,548.0,575.8099975585938,546.52001953125,574.8200073242188,1532700,570.4280029296875
2022-04-05,570.0,571.47998046875,550.7899780273438,553.219970703125,1155700,561.5219970703125
2022-04-06,542.8200073242188,542.8200073242188,519.6799926757812,527.9500122070312,1624900,552.3140014648437
2022-04-07,525.6300048828125,541.9000244140625,519.9400024414062,529.780029296875,1155500,546.8920043945312
2022-04-08,525.0,529.3800048828125,514.219970703125,515.5999755859375,1241000,540.2739990234375
2022-04-11,507.8699951171875,519.77001953125,499.57000732421875,511.4200134277344,1422800,527.5940002441406
2022-04-12,522.5900268554688,534.1300048828125,508.95001220703125,510.2099914550781,1724400,518.9920043945312
2022-04-13,514.0700073242188,529.6199951171875,510.80999755859375,526.0700073242188,1389300,518.6160034179687
2022-04-14,524.9000244140625,525.9099731445312,506.7200012207031,507.3299865722656,1208800,514.1259948730469
2022-04-18,506.6700134277344,506.6700134277344,493.3999938964844,497.5299987792969,1309900,510.5119995117187
2022-04-19,498.7799987792969,520.719970703125,492.07000732421875,514.4000244140625,1509500,511.1080017089844
2022-04-20,520.3599853515625,522.0999755859375,502.9800109863281,505.2200012207031,1189400,510.11000366210936
2022-04-21,511.54998779296875,521.6900024414062,488.8399963378906,491.6700134277344,1414300,503.2300048828125
2022-04-22,493.45001220703125,497.7300109863281,469.1000061035156,471.3999938964844,1761000,496.04400634765625
2022-04-25,464.75,477.3800048828125,464.260009765625,472.2699890136719,1815100,490.99200439453125
2022-04-26,471.9200134277344,472.1600036621094,453.9200134277344,456.0,1894200,479.31199951171874
2022-04-27,462.739990234375,474.4100036621094,459.42999267578125,466.2900085449219,2680100,471.5260009765625
2022-04-28,508.0,514.0,484.760009765625,504.0199890136719,3763400,473.99599609375
2022-04-29,489.17999267578125,508.989990234375,477.0799865722656,478.1000061035156,1455200,475.33599853515625
2022-05-02,474.69000244140625,485.30999755859375,469.0199890136719,484.5,1411000,477.78200073242186
2022-05-03,481.9800109863281,488.3900146484375,469.6199951171875,481.8599853515625,1304900,482.95399780273436
2022-05-04,485.239990234375,501.1099853515625,460.0899963378906,499.4599914550781,1849500,489.58799438476564
2022-05-05,494.8900146484375,495.4800109863281,461.9800109863281,469.3299865722656,1917900,482.6499938964844
2022-05-06,462.55999755859375,468.4700012207031,438.1199951171875,456.739990234375,1965300,478.37799072265625
2022-05-09,443.0,450.30999755859375,422.6099853515625,425.8699951171875,2847900,466.65198974609376
2022-05-10,441.0,444.4100036621094,416.55999755859375,432.32000732421875,1895500,456.743994140625
2022-05-11,426.1700134277344,447.9800109863281,418.7099914550781,420.3599853515625,1894700,440.9239929199219
2022-05-12,418.5899963378906,443.1099853515625,406.4700012207031,432.94000244140625,2701900,433.64599609375
2022-05-13,437.739990234375,459.69000244140625,436.3399963378906,452.6499938964844,2093500,432.8279968261719
2022-05-16,446.25,451.7900085449219,430.7799987792969,432.92999267578125,1662800,434.2399963378906
2022-05-17,445.9200134277344,451.4800109863281,417.05999755859375,432.8500061035156,2137600,434.34599609375
2022-05-18,428.5,434.6199951171875,408.2200012207031,412.25,1778700,432.7239990234375
2022-05-19,414.4800109863281,435.7200012207031,410.32000732421875,426.760009765625,2044700,431.4880004882813
2022-05-20,437.6700134277344,446.67999267578125,419.8699951171875,433.0299987792969,1725300,427.5640014648437
2022-05-23,430.9200134277344,438.92999267578125,424.30999755859375,430.1199951171875,1952700,427.002001953125
2022-05-24,426.5,430.1099853515625,411.0400085449219,419.6499938964844,1732500,424.36199951171875
2022-05-25,423.45001220703125,457.6000061035156,421.8699951171875,452.2900085449219,3258400,432.3700012207031
2022-05-26,450.1400146484375,460.75,444.0,454.8699951171875,1789900,437.99199829101565
2022-05-27,463.19000244140625,479.9700012207031,462.8900146484375,476.2900085449219,1950200,446.6440002441406
2022-05-31,472.04998779296875,476.3800048828125,462.6499938964844,467.4700012207031,2411800,454.11400146484374
2022-06-01,491.0400085449219,496.9800109863281,470.7300109863281,475.1300048828125,1669900,465.2100036621094
2022-06-02,469.6600036621094,510.7300109863281,469.6600036621094,504.79998779296875,2004700,475.7119995117188
2022-06-03,495.8399963378906,505.6600036621094,484.70001220703125,492.4800109863281,1128900,483.2340026855469
2022-06-06,497.0199890136719,501.010009765625,487.3999938964844,492.5400085449219,944300,486.4840026855469
2022-06-07,487.70001220703125,510.45001220703125,485.20001220703125,506.42999267578125,1297000,494.2760009765625
2022-06-08,501.9200134277344,509.3599853515625,500.5299987792969,505.4200134277344,1115400,500.33400268554686
2022-06-09,500.6300048828125,507.7799987792969,491.94000244140625,492.2200012207031,953200,497.81800537109376
2022-06-10,482.7300109863281,487.8999938964844,468.79998779296875,473.1499938964844,1243600,493.952001953125
2022-06-13,450.0,458.8500061035156,439.0,440.3699951171875,1493300,483.51799926757815
2022-06-14,441.8999938964844,451.5199890136719,437.8699951171875,444.75,1078800,471.1820007324219
2022-06-15,449.5199890136719,475.4599914550781,449.07000732421875,465.95001220703125,1950800,463.2880004882812
2022-06-16,447.69000244140625,455.6199951171875,424.1700134277344,428.0799865722656,3030900,450.4599975585937
2022-06-17,430.1300048828125,451.04998779296875,429.0299987792969,443.7900085449219,2362400,444.58800048828124
2022-06-21,449.8599853515625,461.5400085449219,449.8500061035156,455.2699890136719,1136200,447.5679992675781
2022-06-22,450.2099914550781,466.1000061035156,448.3299865722656,458.6499938964844,983800,450.347998046875
2022-06-23,466.2900085449219,486.75,466.2900085449219,485.5299987792969,1439400,454.2639953613281
2022-06-24,495.1600036621094,506.3800048828125,493.989990234375,504.0899963378906,1700200,469.46599731445315
2022-06-27,506.3699951171875,509.70001220703125,489.2300109863281,496.70001220703125,1127200,480.047998046875
2022-06-28,496.70001220703125,500.260009765625,471.0199890136719,473.44000244140625,1254400,483.6820007324219
2022-06-29,473.6099853515625,483.4599914550781,467.5,477.7900085449219,978500,487.5100036621094
2022-06-30,472.739990234375,479.9200134277344,459.6400146484375,475.5199890136719,1774100,485.50800170898435
2022-07-01,474.92999267578125,485.45001220703125,469.0899963378906,484.3599853515625,1505800,481.56199951171874
2022-07-05,480.2099914550781,497.5,474.010009765625,495.92999267578125,1463600,481.4079956054687
2022-07-06,500.3699951171875,506.45001220703125,487.8999938964844,493.30999755859375,1053500,485.3819946289062
2022-07-07,490.1700134277344,501.9100036621094,490.1700134277344,497.04998779296875,1251900,489.23399047851564
2022-07-08,489.2799987792969,499.4200134277344,485.8299865722656,494.1499938964844,1486200,492.9599914550781
2022-07-11,488.9700012207031,495.5400085449219,480.6000061035156,490.3999938964844,959100,494.1679931640625
2022-07-12,461.25,466.7300109863281,424.7900085449219,427.94000244140625,6864300,480.5699951171875
2022-07-13,416.010009765625,434.7099914550781,411.6600036621094,422.7699890136719,3186400,466.4619934082031
2022-07-14,416.5,430.42999267578125,407.5,420.9700012207031,2165300,451.24599609375
2022-07-15,431.3500061035156,440.760009765625,427.5899963378906,435.6199951171875,2157400,439.5399963378906
2022-07-18,437.5899963378906,442.4800109863281,426.010009765625,426.739990234375,1811300,426.80799560546876
2022-07-19,432.2200012207031,436.9100036621094,420.260009765625,435.94000244140625,1422800,428.4079956054687
2022-07-20,442.8999938964844,458.2900085449219,440.989990234375,456.8500061035156,1463600,435.2239990234375
2022-07-21,449.3999938964844,460.8299865722656,440.010009765625,460.2900085449219,2047900,443.08800048828124
2022-07-22,460.6099853515625,465.8800048828125,443.8399963378906,446.7699890136719,1251300,445.3179992675781
2022-07-25,445.42999267578125,445.69000244140625,436.6600036621094,440.0,1031300,447.9700012207031
2022-07-26,443.6000061035156,443.6000061035156,417.7799987792969,422.82000732421875,1834500,445.34600219726565
2022-07-27,432.04998779296875,450.1300048828125,428.6300048828125,448.6000061035156,2255200,443.6960021972656
2022-07-28,431.2300109863281,446.30999755859375,423.69000244140625,436.5,3914200,438.93800048828126
2022-07-29,429.2300109863281,448.7699890136719,426.42999267578125,446.6600036621094,2019600,438.91600341796874
2022-08-01,438.989990234375,455.57000732421875,435.70001220703125,453.7699890136719,1729500,441.6700012207031
2022-08-02,444.6600036621094,461.07000732421875,442.25,454.44000244140625,1112900,447.99400024414064
2022-08-03,460.75,472.9100036621094,457.1600036621094,471.45001220703125,1400500,452.5640014648437
2022-08-04,467.7900085449219,495.4800109863281,463.6300048828125,493.0,3326500,463.86400146484374
2022-08-05,478.0799865722656,503.2699890136719,475.260009765625,494.8500061035156,2977700,473.502001953125
2022-08-08,495.1000061035156,503.4800109863281,491.989990234375,494.95001220703125,1636900,481.7380065917969
2022-08-09,492.2799987792969,497.7699890136719,483.489990234375,487.4599914550781,983300,488.3420043945313
2022-08-10,501.9599914550781,516.6199951171875,500.9800109863281,516.2000122070312,1831900,497.29200439453126
2022-08-11,520.0,521.5800170898438,497.4200134277344,499.45001220703125,1481800,498.5820068359375
2022-08-12,504.44000244140625,508.0,492.989990234375,506.510009765625,1662200,500.91400756835935
2022-08-15,502.0,511.0,498.55999755859375,504.07000732421875,992900,502.7380065917969
2022-08-16,499.0,500.3999938964844,491.54998779296875,496.739990234375,1432400,504.59400634765626
2022-08-17,489.0,493.6600036621094,485.4800109863281,488.760009765625,875400,499.106005859375
2022-08-18,486.3599853515625,490.4599914550781,480.2200012207031,489.6000061035156,981600,497.13600463867186
2022-08-19,484.1700134277344,484.69000244140625,473.32000732421875,476.260009765625,981400,491.08600463867185
2022-08-22,466.57000732421875,469.239990234375,455.7699890136719,459.7099914550781,1019300,482.21400146484376
2022-08-23,459.989990234375,464.07000732421875,456.3800048828125,459.989990234375,790200,474.86400146484374
2022-08-24,460.2900085449219,463.4200134277344,455.1600036621094,457.5199890136719,835300,468.6159973144531
2022-08-25,456.3999938964844,466.3299865722656,453.29998779296875,466.0299987792969,1056700,463.90199584960936
2022-08-26,467.2900085449219,467.5,444.6700134277344,444.69000244140625,898000,457.58799438476564
2022-08-29,440.0,447.5799865722656,435.510009765625,435.7799987792969,859900,452.8019958496094
2022-08-30,442.5,444.0799865722656,429.510009765625,436.8399963378906,960500,448.1719970703125
2022-08-31,440.0,446.0,433.8399963378906,434.6199951171875,1396000,443.5919982910156
2022-09-01,429.80999755859375,431.70001220703125,416.67999267578125,430.55999755859375,1579400,436.497998046875
2022-09-02,438.3699951171875,447.489990234375,431.2799987792969,434.510009765625,1557700,434.4619995117188
2022-09-06,430.1099853515625,437.760009765625,424.3500061035156,430.4700012207031,959800,433.4
2022-09-07,430.989990234375,446.3900146484375,430.20001220703125,444.1600036621094,881800,434.86400146484374
2022-09-08,439.0400085449219,453.25,438.0799865722656,450.7699890136719,1211300,438.0940002441406
2022-09-09,458.0799865722656,471.9200134277344,457.510009765625,470.0299987792969,1392000,445.9880004882813
2022-09-12,475.20001220703125,482.69000244140625,469.260009765625,476.2900085449219,1175000,454.3440002441406
2022-09-13,450.0,458.3800048828125,449.3999938964844,452.3800048828125,1449600,458.7260009765625
2022-09-14,454.3699951171875,460.57000732421875,448.2099914550781,457.489990234375,1031500,461.3919982910156
2022-09-15,444.9200134277344,457.80999755859375,434.2099914550781,435.54998779296875,1965000,458.347998046875
2022-09-16,431.4700012207031,434.010009765625,421.1099853515625,425.79998779296875,2138100,449.5019958496094
2022-09-19,422.79998779296875,426.5,418.8399963378906,425.04998779296875,885600,439.2539916992188
2022-09-20,421.5,421.5,411.010009765625,411.20001220703125,1658100,431.0179931640625
2022-09-21,415.19000244140625,418.94000244140625,401.3900146484375,401.42999267578125,2521900,419.8059936523438
2022-09-22,399.8699951171875,404.4599914550781,386.70001220703125,386.9700012207031,2417900,410.0899963378906
2022-09-23,382.92999267578125,387.3299865722656,374.3599853515625,377.0400085449219,2212200,400.33800048828124
2022-09-26,376.4800109863281,382.6099853515625,367.7099914550781,370.1000061035156,2377200,389.34800415039064
2022-09-27,376.760009765625,379.29998779296875,371.20001220703125,378.95001220703125,2127400,382.89800415039065
2022-09-28,378.44000244140625,390.3900146484375,376.4200134277344,388.8500061035156,1538800,380.3820068359375
2022-09-29,382.8800048828125,386.30999755859375,377.739990234375,385.5,1497400,380.0880065917969
2022-09-30,385.0,396.0799865722656,377.17999267578125,377.6099853515625,1825700,380.202001953125
2022-10-03,380.0799865722656,394.0199890136719,374.7300109863281,391.7099914550781,2327600,384.5239990234375
2022-10-04,402.1300048828125,413.6600036621094,400.8299865722656,411.54998779296875,1978800,391.043994140625
2022-10-05,402.75,425.75,402.010009765625,420.5799865722656,1771800,397.389990234375
2022-10-06,422.1199951171875,433.3900146484375,416.5400085449219,418.42999267578125,1743600,403.9759887695312
2022-10-07,410.0,412.42999267578125,398.9599914550781,401.2099914550781,1235500,408.69598999023435
2022-10-10,401.3900146484375,402.2099914550781,377.1499938964844,381.7799987792969,1790300,406.7099914550781
2022-10-11,381.6499938964844,381.7200012207031,366.8800048828125,371.29998779296875,2042800,398.6599914550781
2022-10-12,372.489990234375,376.30999755859375,365.94000244140625,369.1300048828125,1836600,388.3699951171875
2022-10-13,347.75,366.57000732421875,337.0,361.8999938964844,2740000,377.0639953613281
2022-10-14,366.0199890136719,366.8500061035156,340.8999938964844,341.760009765625,3201100,365.1739990234375
2022-10-17,351.42999267578125,358.8800048828125,347.510009765625,348.6099853515625,2571600,358.5399963378906
2022-10-18,362.3399963378906,367.4700012207031,351.04998779296875,356.7900085449219,2099400,355.63800048828125
2022-10-19,350.7099914550781,359.8599853515625,350.5199890136719,355.44000244140625,1384200,352.9
2022-10-20,356.1300048828125,366.4700012207031,351.0400085449219,356.260009765625,1655700,351.7720031738281
2022-10-21,353.30999755859375,361.6400146484375,347.2900085449219,360.6700134277344,1451300,355.55400390625
2022-10-24,368.0,370.8999938964844,359.25,366.55999755859375,1665700,359.1440063476563
2022-10-25,368.5799865722656,377.5,365.0,376.6600036621094,2132500,363.1180053710938
2022-10-26,353.79998779296875,382.5799865722656,351.0,366.4100036621094,3600000,365.3120056152344
2022-10-27,426.9599914550781,427.6300048828125,408.6099853515625,415.6700134277344,5625800,377.1940063476562
2022-10-28,416.2300109863281,421.44000244140625,403.7699890136719,420.3999938964844,3122200,389.14000244140624
2022-10-31,418.0,428.2300109863281,414.9100036621094,420.739990234375,1898500,399.9760009765625
2022-11-01,427.0799865722656,430.239990234375,416.6000061035156,418.55999755859375,1359900,408.3559997558594
2022-11-02,419.3299865722656,419.3299865722656,392.3399963378906,392.67999267578125,1771700,413.60999755859376
2022-11-03,390.6199951171875,395.6199951171875,384.8599853515625,385.55999755859375,1379100,407.58799438476564
2022-11-04,388.510009765625,389.92999267578125,354.17999267578125,361.75,2838300,395.8579956054688
2022-11-07,365.0,365.0799865722656,351.25,363.20001220703125,1718400,384.35
2022-11-08,365.0,375.2900085449219,359.1000061035156,371.1400146484375,1572300,374.8660034179687
2022-11-09,365.0,368.8299865722656,361.20001220703125,361.2699890136719,1152600,368.58400268554686
2022-11-10,393.260009765625,410.54998779296875,390.6400146484375,404.05999755859375,2913500,372.28400268554685
2022-11-11,406.989990234375,424.4599914550781,404.7200012207031,409.9100036621094,2144300,381.91600341796874
2022-11-14,401.510009765625,406.6000061035156,391.2200012207031,400.3999938964844,1558900,389.3559997558594
2022-11-15,414.2099914550781,425.3900146484375,414.2099914550781,419.4800109863281,1847600,399.0239990234375
2022-11-16,415.3999938964844,417.5,405.4200134277344,412.20001220703125,1168300,409.2100036621094
2022-11-17,402.8500061035156,408.7699890136719,397.8500061035156,400.5799865722656,1525600,408.5140014648438
2022-11-18,407.9100036621094,410.0,394.2799987792969,399.3800048828125,1205300,406.4080017089844
2022-11-21,394.20001220703125,395.9700012207031,382.5,387.3800048828125,1335200,403.80400390625
2022-11-22,389.489990234375,401.92999267578125,384.04998779296875,400.2799987792969,1375500,399.96400146484376
2022-11-23,399.8399963378906,410.6000061035156,396.75,409.3699951171875,1040800,399.397998046875
2022-11-25,406.67999267578125,409.6099853515625,403.9800109863281,407.2099914550781,401400,400.7239990234375
2022-11-28,403.94000244140625,406.2200012207031,397.4800109863281,401.92999267578125,1046300,401.23399658203124
2022-11-29,400.8699951171875,402.1700134277344,394.67999267578125,396.8500061035156,1019600,403.12799682617185
2022-11-30,394.1099853515625,417.2699890136719,393.010009765625,416.29998779296875,2088200,406.3319946289063
2022-12-01,416.1600036621094,431.4200134277344,414.7200012207031,425.6000061035156,1779800,409.5779968261719
2022-12-02,417.2300109863281,421.6000061035156,409.7300109863281,412.8699951171875,1244900,410.7099975585937
2022-12-05,406.0,409.8699951171875,385.1700134277344,392.260009765625,1716800,408.7760009765625
2022-12-06,392.239990234375,394.82000732421875,381.55999755859375,389.1499938964844,1473600,407.2359985351562
2022-12-07,389.2699890136719,395.79998779296875,385.04998779296875,388.5199890136719,1012300,401.67999877929685
2022-12-08,392.0899963378906,398.0400085449219,385.2200012207031,396.2300109863281,1032400,395.8059997558594
2022-12-09,394.07000732421875,403.2699890136719,393.04998779296875,393.5799865722656,838500,391.947998046875
2022-12-12,395.55999755859375,407.05999755859375,394.7099914550781,401.6400146484375,1475900,393.8239990234375
2022-12-13,424.42999267578125,432.1700134277344,410.1000061035156,416.1700134277344,1945000,399.2280029296875
2022-12-14,416.510009765625,429.2300109863281,411.54998779296875,418.3900146484375,1495700,405.20200805664064
2022-12-15,408.25,413.8699951171875,399.7099914550781,400.6400146484375,1162200,406.0840087890625
2022-12-16,399.8299865722656,404.3599853515625,392.1400146484375,394.3699951171875,1872500,406.24201049804685
2022-12-19,394.29998779296875,397.989990234375,381.010009765625,382.29998779296875,1396800,402.37400512695314
2022-12-20,376.5,388.3699951171875,375.82000732421875,386.4700012207031,954800,396.4340026855469
2022-12-21,387.1300048828125,395.3599853515625,381.1499938964844,391.9100036621094,963200,391.13800048828125
2022-12-22,383.9700012207031,386.7699890136719,373.6499938964844,379.94000244140625,1283000,386.997998046875
2022-12-23,375.0,381.8999938964844,371.4700012207031,381.8599853515625,856600,384.49599609375
2022-12-27,380.1499938964844,383.8299865722656,374.1099853515625,380.6400146484375,828900,384.16400146484375
2022-12-28,380.42999267578125,385.6199951171875,372.739990234375,376.04998779296875,772100,382.0799987792969
2022-12-29,380.95001220703125,392.1199951171875,379.010009765625,389.8500061035156,920500,381.6679992675781
2022-12-30,383.79998779296875,389.6700134277344,382.2900085449219,388.2699890136719,699300,383.33399658203126
2023-01-03,395.0799865722656,398.6499938964844,380.6499938964844,385.5,1088000,384.06199951171874
2023-01-04,390.95001220703125,397.05999755859375,384.739990234375,393.8500061035156,1404900,386.70399780273436
2023-01-05,388.45001220703125,389.70001220703125,365.25,366.32000732421875,1790000,384.75800170898435
2023-01-06,371.5899963378906,371.5899963378906,353.6199951171875,366.5299987792969,2676700,380.0940002441406
2023-01-09,373.8800048828125,392.989990234375,373.19000244140625,378.55999755859375,2087800,378.152001953125
2023-01-10,374.3699951171875,383.7699890136719,374.3699951171875,380.8399963378906,1064600,377.2200012207031
2023-01-11,384.82000732421875,393.9200134277344,383.2099914550781,393.7799987792969,1258400,377.20599975585935
2023-01-12,409.8299865722656,420.8399963378906,395.8500061035156,413.260009765625,2314000,386.5940002441406
2023-01-13,408.6700134277344,417.3500061035156,408.05999755859375,414.8900146484375,1118100,396.26600341796876
2023-01-17,415.0,419.4200134277344,407.95001220703125,418.239990234375,1348700,404.202001953125
2023-01-18,420.7900085449219,431.5,414.6400146484375,416.20001220703125,1726700,411.2740051269531
2023-01-19,416.0199890136719,434.2699890136719,415.29998779296875,428.42999267578125,2678900,418.20400390625
2023-01-20,429.20001220703125,443.239990234375,428.5799865722656,441.8299865722656,1522700,423.9179992675781
2023-01-23,441.0,450.7799987792969,436.7799987792969,442.44000244140625,1806300,429.42799682617186
2023-01-24,440.0,445.9599914550781,437.0,443.4100036621094,1415400,434.4619995117188
2023-01-25,428.739990234375,449.2900085449219,427.2799987792969,448.7699890136719,3448100,440.9759948730469
2023-01-26,461.8599853515625,477.7300109863281,444.6600036621094,463.07000732421875,6350900,447.90399780273435
2023-01-27,457.4800109863281,467.1300048828125,451.6499938964844,458.8599853515625,2351300,451.30999755859375
2023-01-30,451.989990234375,453.17999267578125,440.1199951171875,442.57000732421875,2319200,451.33599853515625
2023-01-31,444.5199890136719,455.3900146484375,442.30999755859375,455.1300048828125,2036200,453.67999877929685
2023-02-01,456.19000244140625,477.510009765625,453.260009765625,473.80999755859375,2261500,458.68800048828126
2023-02-02,484.79998779296875,494.6199951171875,479.4599914550781,491.2699890136719,2299700,464.3279968261719
2023-02-03,478.1300048828125,484.70001220703125,468.8999938964844,472.2200012207031,1750700,467.0
2023-02-06,455.510009765625,465.1700134277344,452.75,455.2200012207031,2459700,469.5299987792969
2023-02-07,454.8299865722656,466.239990234375,450.510009765625,463.260009765625,1342600,471.1559997558594
2023-02-08,464.5899963378906,472.2200012207031,460.9700012207031,463.9800109863281,1565900,469.19000244140625
2023-02-09,470.25,474.42999267578125,461.05999755859375,463.29998779296875,1522700,463.59600219726565
2023-02-10,458.6099853515625,460.989990234375,454.3699951171875,458.3599853515625,1655600,460.8239990234375
2023-02-13,459.2799987792969,463.79998779296875,452.0199890136719,461.0400085449219,1178400,461.9880004882813
2023-02-14,456.6400146484375,469.4800109863281,455.6000061035156,461.3500061035156,977900,461.6059997558594
2023-02-15,458.9800109863281,464.5,456.5199890136719,463.9100036621094,1055900,461.5919982910156
2023-02-16,450.0,460.989990234375,449.260009765625,453.69000244140625,1150500,459.6700012207031
2023-02-17,450.0,452.9700012207031,434.3900146484375,439.010009765625,1964100,455.8000061035156
2023-02-21,431.82000732421875,437.1000061035156,428.54998779296875,431.8599853515625,1098500,449.96400146484376
2023-02-22,437.6499938964844,447.07000732421875,435.2900085449219,439.8399963378906,1237100,445.66199951171876
2023-02-23,440.4100036621094,442.7799987792969,433.7799987792969,441.7099914550781,946800,441.2219970703125
2023-02-24,432.32000732421875,434.5799865722656,423.760009765625,425.5899963378906,1086000,435.60199584960935
2023-02-27,431.239990234375,437.6400146484375,427.6600036621094,428.57000732421875,1482100,433.5139953613281
2023-02-28,425.6600036621094,434.2200012207031,425.6600036621094,432.1700134277344,1468700,433.5760009765625
2023-03-01,431.94000244140625,435.4200134277344,426.0400085449219,428.94000244140625,917500,431.3960021972656
2023-03-02,428.7099914550781,436.4200134277344,425.5799865722656,436.0400085449219,1156600,430.2620056152344
2023-03-03,439.82000732421875,445.3800048828125,439.1300048828125,443.9800109863281,991500,433.94000854492185
2023-03-06,445.5,454.8900146484375,444.3699951171875,446.0199890136719,1094000,437.4300048828125
2023-03-07,445.6000061035156,454.5400085449219,443.760009765625,444.80999755859375,1215200,439.9580017089844
2023-03-08,444.3299865722656,450.5199890136719,441.5,446.9700012207031,817600,443.5640014648437
2023-03-09,444.2300109863281,450.79998779296875,428.0899963378906,428.5,1469400,442.0559997558594
2023-03-10,428.0,429.2300109863281,409.30999755859375,415.0799865722656,1884200,436.2759948730469
2023-03-13,412.95001220703125,425.92999267578125,405.3699951171875,414.92999267578125,1684500,430.05799560546876
2023-03-14,422.79998779296875,425.9800109863281,416.92999267578125,424.5400085449219,1136400,426.0039978027344
2023-03-15,418.7200012207031,422.6700134277344,414.79998779296875,422.260009765625,1186800,421.06199951171874
2023-03-16,422.8399963378906,442.8999938964844,421.5,442.3900146484375,2074300,423.8400024414062
2023-03-17,443.6499938964844,443.6600036621094,434.6000061035156,441.0,2917400,429.0240051269531
2023-03-20,438.0400085449219,439.489990234375,425.8500061035156,435.1499938964844,1379100,433.06800537109376
2023-03-21,436.1000061035156,447.8699951171875,436.1000061035156,445.4599914550781,1282000,437.252001953125
2023-03-22,447.17999267578125,448.760009765625,433.4700012207031,433.510009765625,931500,439.502001953125
2023-03-23,440.4700012207031,451.9700012207031,437.6700134277344,440.4700012207031,1165500,439.1179992675781
2023-03-24,438.8299865722656,439.2200012207031,427.1099853515625,432.8999938964844,922700,437.497998046875
2023-03-27,433.5,437.739990234375,430.1300048828125,431.30999755859375,935200,436.72999877929686
2023-03-28,429.0199890136719,431.9100036621094,427.010009765625,429.0799865722656,1089100,433.45399780273436
2023-03-29,433.54998779296875,438.989990234375,431.2900085449219,438.44000244140625,1304500,434.43999633789065
2023-03-30,443.5400085449219,443.8399963378906,438.0799865722656,439.6300048828125,1078700,434.2719970703125
2023-03-31,443.1000061035156,465.4100036621094,441.6199951171875,464.7200012207031,2453900,440.63599853515626
2023-04-03,461.5299987792969,465.8900146484375,457.4100036621094,464.489990234375,1358600,447.2719970703125
2023-04-04,475.44000244140625,482.3299865722656,472.3800048828125,476.04998779296875,2247200,456.66599731445314
2023-04-05,475.75,476.0,460.2900085449219,467.3299865722656,1345800,462.443994140625
2023-04-06,463.95001220703125,473.6499938964844,457.4599914550781,473.1300048828125,1691500,469.143994140625
2023-04-10,466.1499938964844,473.0299987792969,456.3800048828125,472.6400146484375,1242600,470.7279968261719
2023-04-11,466.010009765625,473.8900146484375,464.3299865722656,469.82000732421875,977900,471.79400024414065
2023-04-12,474.5899963378906,480.8299865722656,469.4800109863281,471.42999267578125,1622500,470.8700012207031
2023-04-13,475.32000732421875,485.5799865722656,472.95001220703125,483.5,1600200,474.10400390625
2023-04-14,466.7799987792969,469.82000732421875,454.69000244140625,463.0299987792969,3075200,472.08400268554686
2023-04-17,465.010009765625,471.69000244140625,463.57000732421875,470.54998779296875,1070800,471.66599731445314
2023-04-18,478.1300048828125,478.1300048828125,470.010009765625,475.989990234375,1181000,472.8999938964844
2023-04-19,475.0,478.3500061035156,473.1700134277344,475.5899963378906,1018600,473.73199462890625
2023-04-20,473.32000732421875,473.7799987792969,465.3999938964844,467.69000244140625,1038600,470.5699951171875
2023-04-21,470.19000244140625,474.1600036621094,465.1099853515625,473.30999755859375,1091900,472.62599487304686
2023-04-24,474.0,476.6000061035156,465.25,473.0,1223300,473.1159973144531
2023-04-25,466.75,468.25,441.9800109863281,442.2799987792969,2058600,466.3739990234375
2023-04-26,450.0,454.5,445.8800048828125,454.0299987792969,2891100,462.06199951171874
2023-04-27,440.2300109863281,458.6499938964844,427.67999267578125,454.3399963378906,4855300,459.3919982910156
2023-04-28,454.239990234375,461.67999267578125,449.20001220703125,459.4200134277344,2360100,456.61400146484374
2023-05-01,456.30999755859375,456.30999755859375,449.29998779296875,450.4100036621094,1424100,452.09600219726565
2023-05-02,450.5299987792969,451.0,439.3900146484375,443.67999267578125,1284300,452.3760009765625
2023-05-03,443.5299987792969,446.8999938964844,436.45001220703125,437.0799865722656,1192000,448.9859985351562
2023-05-04,439.05999755859375,442.5400085449219,428.9700012207031,430.510009765625,1658800,444.2200012207031
2023-05-05,433.0,439.6700134277344,431.54998779296875,434.79998779296875,1302600,439.29599609375
2023-05-08,436.8999938964844,439.57000732421875,429.04998779296875,438.989990234375,1446600,437.0119934082031
2023-05-09,437.2200012207031,445.8399963378906,435.07000732421875,441.3900146484375,1171500,436.5539978027344
2023-05-10,449.17999267578125,459.989990234375,446.25,454.1400146484375,1537700,439.96600341796875
2023-05-11,453.989990234375,455.4599914550781,447.45001220703125,452.57000732421875,2018800,444.3780029296875
2023-05-12,453.0,457.4700012207031,446.6499938964844,455.20001220703125,1221300,448.4580078125
2023-05-15,453.29998779296875,464.6499938964844,452.239990234375,463.1400146484375,1501200,453.2880126953125
2023-05-16,462.8999938964844,478.0,461.7699890136719,468.239990234375,1628500,458.6580078125
2023-05-17,479.489990234375,494.94000244140625,477.1600036621094,492.9200134277344,3217600,466.41400756835935
2023-05-18,500.0,512.6099853515625,495.82000732421875,510.1700134277344,2860100,477.9340087890625
2023-05-19,510.0,511.7300109863281,502.75,510.29998779296875,1702200,488.95400390625
2023-05-22,506.6000061035156,517.0900268554688,506.1700134277344,511.3900146484375,1360900,498.60400390625
2023-05-23,507.5,511.7799987792969,499.8500061035156,500.1400146484375,1124000,504.9840087890625
2023-05-24,496.7200012207031,506.260009765625,494.1300048828125,502.54998779296875,1099000,506.9100036621094
2023-05-25,523.2899780273438,539.7999877929688,517.7999877929688,531.780029296875,3163300,511.2320068359375
2023-05-26,534.6400146484375,549.5599975585938,531.8099975585938,537.4600219726562,2134300,516.664013671875
2023-05-30,548.0,556.5800170898438,544.3699951171875,549.1199951171875,1937300,524.210009765625
2023-05-31,539.3300170898438,548.260009765625,533.7899780273438,544.780029296875,2385800,533.1380126953125
2023-06-01,534.7999877929688,550.6199951171875,532.02001953125,542.9600219726562,1479700,541.22001953125
2023-06-02,546.0,554.4400024414062,541.280029296875,548.1799926757812,1278200,544.5000122070312
2023-06-05,548.0800170898438,559.8599853515625,542.3699951171875,556.7100219726562,1316200,548.3500122070312
2023-06-06,556.5,563.6300048828125,555.1799926757812,555.7999877929688,1388200,549.6860107421875
2023-06-07,555.5499877929688,557.8200073242188,527.239990234375,528.3200073242188,2406600,546.3940063476563
2023-06-08,529.5900268554688,541.4500122070312,526.1099853515625,535.3400268554688,1458300,544.8700073242187
2023-06-09,538.239990234375,545.0,531.5399780273438,534.030029296875,1369800,542.0400146484375
2023-06-12,539.02001953125,546.9000244140625,532.1300048828125,546.3499755859375,1295600,539.9680053710938
2023-06-13,556.0,559.5900268554688,549.27001953125,554.719970703125,1345400,539.752001953125
2023-06-14,554.9500122070312,567.97998046875,554.0,567.3099975585938,1283700,547.55
2023-06-15,563.0499877929688,576.6799926757812,562.1099853515625,574.3699951171875,1319100,555.3559936523437
2023-06-16,574.3699951171875,574.6500244140625,564.9500122070312,565.47998046875,2088500,561.6459838867188
2023-06-20,558.2999877929688,569.6300048828125,555.4400024414062,559.489990234375,1118100,564.2739868164062
2023-06-21,557.7899780273438,559.6500244140625,545.5900268554688,546.7999877929688,1129000,562.689990234375
2023-06-22,543.219970703125,550.22998046875,539.010009765625,549.8699951171875,1238000,559.2019897460938
2023-06-23,541.22998046875,551.6400146484375,536.8800048828125,542.989990234375,1368500,552.9259887695313
2023-06-26,541.3300170898438,551.1300048828125,536.6400146484375,537.969970703125,966500,547.4239868164062
2023-06-27,541.1400146484375,545.0800170898438,535.010009765625,539.9600219726562,854100,543.5179931640625
2023-06-28,538.9299926757812,549.1799926757812,537.2999877929688,548.6699829101562,961000,543.8919921875
2023-06-29,549.969970703125,550.739990234375,542.6799926757812,548.0800170898438,710200,543.5339965820312
2023-06-30,555.7899780273438,566.6300048828125,554.030029296875,561.969970703125,1325900,547.3299926757812
2023-07-03,560.8499755859375,564.5599975585938,555.9400024414062,562.8699951171875,473400,552.3099975585938
2023-07-05,556.4000244140625,567.22998046875,556.1599731445312,565.760009765625,1116200,557.4699951171875
2023-07-06,557.0,560.530029296875,548.4299926757812,555.8300170898438,1017900,558.902001953125
2023-07-07,555.280029296875,563.2999877929688,552.780029296875,552.97998046875,856000,559.8819946289062
2023-07-10,553.0,565.8499755859375,553.0,565.5999755859375,1177100,560.6079956054688
2023-07-11,567.2100219726562,571.27001953125,557.5399780273438,561.4400024414062,1134300,560.3219970703125
2023-07-12,570.8599853515625,570.8599853515625,557.239990234375,561.3400268554688,1168100,559.4380004882812
2023-07-13,566.6199951171875,579.4400024414062,565.0,577.4500122070312,1314100,563.7619995117187
2023-07-14,577.0,584.260009765625,576.0,580.3800048828125,916500,569.2420043945312
2023-07-17,582.6699829101562,594.989990234375,582.0,592.3800048828125,1043200,574.5980102539063
2023-07-18,589.8099975585938,602.0,583.9199829101562,597.1300048828125,1264000,581.7360107421875
2023-07-19,610.9000244140625,614.3599853515625,599.5399780273438,603.25,1737200,590.1180053710938
2023-07-20,597.6199951171875,600.8800048828125,575.780029296875,578.8800048828125,1551200,590.40400390625
2023-07-21,590.6500244140625,593.010009765625,581.0,582.02001953125,810000,590.7320068359375
2023-07-24,586.5,587.219970703125,576.0499877929688,578.0399780273438,975300,587.8640014648438
2023-07-25,579.0,587.6400146484375,579.0,582.3800048828125,1079100,584.9140014648438
2023-07-26,573.9199829101562,585.0900268554688,571.2100219726562,577.27001953125,1825100,579.7180053710938
2023-07-27,598.0,600.6599731445312,556.7100219726562,559.8900146484375,3074400,575.9200073242188
2023-07-28,567.5399780273438,569.6799926757812,559.3699951171875,569.5399780273438,2041900,573.4239990234375
2023-07-31,573.8200073242188,583.6500244140625,573.0,583.0,1669800,574.4160034179688
2023-08-01,578.239990234375,591.5,575.2100219726562,590.3900146484375,1102600,576.0180053710938
2023-08-02,579.8900146484375,582.8599853515625,561.0499877929688,563.1699829101562,1745500,573.197998046875
2023-08-03,557.969970703125,562.510009765625,556.0,560.4000244140625,863700,573.3
2023-08-04,564.4000244140625,564.97998046875,550.010009765625,551.6300048828125,1634100,569.7180053710938
2023-08-07,555.3599853515625,556.9099731445312,549.0599975585938,554.8900146484375,1227200,564.0960083007812
2023-08-08,546.989990234375,553.760009765625,541.75,552.8300170898438,1085100,556.5840087890625
2023-08-09,551.52001953125,555.0,545.0999755859375,550.3300170898438,939200,554.016015625
2023-08-10,557.8300170898438,566.0700073242188,550.1400146484375,555.0,1129500,552.9360107421875
2023-08-11,550.77001953125,558.5700073242188,550.010009765625,557.4400024414062,801700,554.0980102539063
2023-08-14,551.9299926757812,566.75,550.760009765625,566.2100219726562,770900,556.36201171875
2023-08-15,567.489990234375,573.97998046875,558.469970703125,559.5999755859375,830700,557.7160034179688
2023-08-16,557.0,560.97998046875,548.27001953125,549.5,989200,557.55
2023-08-17,550.4500122070312,552.0499877929688,540.7100219726562,543.6400146484375,990300,555.2780029296875
2023-08-18,533.9600219726562,543.4000244140625,532.5399780273438,541.5,837800,552.0900024414062
2023-08-21,542.8599853515625,555.3099975585938,542.5499877929688,554.7000122070312,847500,549.7880004882812
2023-08-22,559.6199951171875,564.25,556.2999877929688,561.8200073242188,889700,550.2320068359375
2023-08-23,564.469970703125,576.969970703125,562.0,568.0,1138000,553.9320068359375
2023-08-24,574.5999755859375,575.8699951171875,549.469970703125,549.5399780273438,911400,555.1119995117188
2023-08-25,554.4400024414062,567.0700073242188,551.4000244140625,563.6500244140625,680400,559.5420043945312
2023-08-28,566.6199951171875,572.0,562.3400268554688,568.3099975585938,588100,562.2640014648438
2023-08-29,565.1599731445312,580.9000244140625,563.0,578.8699951171875,784200,565.6739990234375
2023-08-30,578.4199829101562,588.7000122070312,576.5599975585938,588.239990234375,855600,569.7219970703125
2023-08-31,590.0,596.4600219726562,584.510009765625,588.8300170898438,1331300,577.5800048828125
2023-09-01,593.510009765625,596.6199951171875,587.5,590.8800048828125,726700,583.0260009765625
2023-09-05,590.8800048828125,599.6300048828125,584.5,597.1599731445312,718300,588.79599609375
2023-09-06,593.1400146484375,599.3800048828125,591.6099853515625,598.510009765625,669000,592.7239990234375
2023-09-07,591.27001953125,601.469970703125,589.3599853515625,599.3200073242188,1040000,594.9400024414062
2023-09-08,600.0,604.5800170898438,597.0999755859375,600.0700073242188,728100,597.1880004882812
2023-09-11,603.5,607.9000244140625,600.7899780273438,605.9400024414062,960400,600.2
2023-09-12,598.0,603.510009765625,588.6900024414062,588.8400268554688,929400,598.5360107421875
2023-09-13,586.0499877929688,592.8400268554688,583.5499877929688,591.3800048828125,638700,597.110009765625
2023-09-14,593.4500122070312,594.97998046875,585.4199829101562,590.1099853515625,668100,595.2680053710938
2023-09-15,588.5800170898438,589.2999877929688,576.5,579.5800170898438,1710400,591.1700073242188
2023-09-18,577.239990234375,584.4000244140625,576.6699829101562,578.510009765625,661000,585.6840087890625
2023-09-19,579.3499755859375,579.3499755859375,566.5499877929688,572.3300170898438,829700,582.3820068359375
2023-09-20,575.0,583.4400024414062,569.77001953125,570.5499877929688,776800,578.2160034179688
2023-09-21,563.1199951171875,564.9000244140625,549.02001953125,549.530029296875,1070100,570.1000122070312
2023-09-22,551.780029296875,558.9199829101562,550.6099853515625,554.0900268554688,1107100,565.0020141601562
2023-09-25,552.6199951171875,559.6400146484375,551.2999877929688,559.47998046875,801400,561.1960083007813
2023-09-26,553.5599975585938,554.75,538.6300048828125,544.6300048828125,1509200,555.656005859375
2023-09-27,549.5599975585938,551.780029296875,540.4000244140625,546.3800048828125,1016200,550.8220092773438
2023-09-28,534.010009765625,556.1500244140625,528.0,553.52001953125,1158000,551.6200073242187
2023-09-29,560.8699951171875,566.1699829101562,558.510009765625,558.9600219726562,1337000,552.5940063476562
2023-10-02,554.75,560.1699829101562,549.7899780273438,555.22998046875,994000,551.7440063476563
2023-10-03,552.0,556.3499755859375,536.9099731445312,541.239990234375,1372000,551.0660034179688
2023-10-04,544.5800170898438,550.5700073242188,541.6400146484375,548.6400146484375,705000,551.5180053710938
2023-10-05,544.8300170898438,548.510009765625,536.0499877929688,547.1699829101562,662900,550.247998046875
2023-10-06,542.8900146484375,565.5800170898438,539.02001953125,560.719970703125,1181500,550.5999877929687
2023-10-09,554.8900146484375,565.6500244140625,553.4500122070312,564.4299926757812,808200,552.439990234375
2023-10-10,556.0599975585938,564.6799926757812,547.0,558.2999877929688,1408100,555.8519897460938
2023-10-11,560.0,565.2000122070312,551.6400146484375,558.6699829101562,878800,557.8579833984375
2023-10-12,560.760009765625,569.8900146484375,554.5,560.1500244140625,824600,560.4539916992187
2023-10-13,558.760009765625,563.7899780273438,549.0599975585938,549.6599731445312,777000,558.2419921875
2023-10-16,549.6599731445312,557.7000122070312,546.5,551.6300048828125,831500,555.6819946289063
2023-10-17,549.6599731445312,574.25,548.7999877929688,568.469970703125,1397300,557.7159912109375
2023-10-18,562.7999877929688,568.0,549.8599853515625,550.6799926757812,872300,556.1179931640625
2023-10-19,558.4400024414062,568.4099731445312,556.6300048828125,559.97998046875,1072900,556.083984375
2023-10-20,556.5999755859375,557.4199829101562,536.1699829101562,542.510009765625,1418400,554.6539916992188
2023-10-23,537.0,545.3400268554688,530.5399780273438,541.3800048828125,943000,552.6039916992188
2023-10-24,545.7100219726562,556.9400024414062,544.260009765625,554.3900146484375,1327100,549.7880004882812
2023-10-25,549.3699951171875,552.0999755859375,527.239990234375,530.1699829101562,2008900,545.6859985351563
2023-10-26,560.0,579.0,548.8599853515625,550.9500122070312,3548000,543.8800048828125
2023-10-27,556.4600219726562,564.0,548.4400024414062,554.010009765625,1755800,546.1800048828125
2023-10-30,559.5999755859375,572.1699829101562,558.0900268554688,568.5399780273438,1448200,551.6119995117188
2023-10-31,570.8699951171875,584.8400268554688,564.9000244140625,581.8499755859375,1615500,557.1039916992188
2023-11-01,581.0,595.0900268554688,580.4400024414062,593.47998046875,1769400,569.7659912109375
2023-11-02,601.2100219726562,610.8699951171875,598.4000244140625,599.4299926757812,1758400,579.4619873046875
2023-11-03,600.5800170898438,611.7899780273438,592.47998046875,606.760009765625,1478200,590.0119873046875
2023-11-06,608.5,610.97998046875,602.4500122070312,609.25,884900,598.1539916992188
2023-11-07,610.3800048828125,625.8699951171875,610.3800048828125,613.9099731445312,1657900,604.5659912109375
2023-11-08,616.0800170898438,626.1900024414062,616.0,625.3300170898438,1702300,610.9359985351563
2023-11-09,625.0999755859375,632.489990234375,619.3200073242188,619.760009765625,1215100,615.002001953125
2023-11-10,619.760009765625,636.4299926757812,615.5399780273438,634.760009765625,1023600,620.602001953125
2023-11-13,633.780029296875,639.760009765625,632.25,638.4099731445312,996700,626.4339965820312
2023-11-14,647.47998046875,656.8400268554688,646.5,654.1699829101562,1351200,634.4859985351562
2023-11-15,654.469970703125,659.9400024414062,648.969970703125,650.9000244140625,1233500,639.6
2023-11-16,650.0,656.7999877929688,648.030029296875,652.280029296875,1047700,646.10400390625
2023-11-17,651.9500122070312,654.6799926757812,648.2899780273438,654.3599853515625,792600,650.0239990234375
2023-11-20,654.0,668.5399780273438,652.5900268554688,666.9199829101562,1079400,655.7260009765625
2023-11-21,664.760009765625,670.6400146484375,661.510009765625,668.4000244140625,926200,658.5720092773438
2023-11-22,672.6799926757812,678.030029296875,667.280029296875,669.6599731445312,888100,662.3239990234375
2023-11-24,670.530029296875,674.469970703125,668.7999877929688,673.9000244140625,450000,666.647998046875
2023-11-27,672.0,677.6099853515625,669.5700073242188,670.5499877929688,1010000,669.8859985351562
2023-11-28,667.6300048828125,672.5999755859375,661.3900146484375,665.239990234375,1520600,669.55
2023-11-29,671.0,682.2899780273438,671.0,678.9299926757812,1465300,671.6559936523438
2023-11-30,682.0,688.8900146484375,678.8200073242188,685.739990234375,1832900,674.8719970703125
2023-12-01,685.4500122070312,694.77001953125,683.280029296875,690.7899780273438,1453300,678.2499877929688
2023-12-04,684.0,693.989990234375,680.7100219726562,687.6199951171875,1166100,681.6639892578125
2023-12-05,679.4299926757812,689.6400146484375,677.239990234375,688.219970703125,915000,686.2599853515625
2023-12-06,690.0,695.3900146484375,685.72998046875,686.22998046875,800900,687.7199829101562
2023-12-07,685.5999755859375,689.25,680.2999877929688,687.6799926757812,651200,688.1079833984375
2023-12-08,689.4500122070312,701.1099853515625,688.5599975585938,699.0800170898438,1083700,689.7659912109375
2023-12-11,699.1099853515625,708.8699951171875,698.2000122070312,705.1199951171875,1058700,693.2659912109375
2023-12-12,705.1199951171875,717.8699951171875,704.47998046875,716.47998046875,903500,698.9179931640625
2023-12-13,717.0,720.6799926757812,710.0499877929688,715.6400146484375,1211700,704.8
2023-12-14,710.0,712.0999755859375,678.0,680.3900146484375,3023200,703.3420043945313
2023-12-15,675.260009765625,699.8099975585938,674.02001953125,698.239990234375,2182600,703.1739990234375
2023-12-18,702.02001953125,709.2999877929688,695.9400024414062,703.719970703125,1123300,702.893994140625
2023-12-19,705.7000122070312,708.489990234375,700.0,707.7100219726562,905300,701.1400024414063
2023-12-20,704.0700073242188,707.8599853515625,693.5999755859375,693.7999877929688,941100,696.7719970703125
2023-12-21,700.75,703.5499877929688,690.969970703125,700.760009765625,787100,700.84599609375
2023-12-22,703.8499755859375,703.8499755859375,694.4199829101562,697.5499877929688,493000,700.7079956054688
2023-12-26,700.1699829101562,704.5599975585938,698.7100219726562,701.22998046875,463900,700.2099975585937
2023-12-27,701.3099975585938,704.510009765625,699.0999755859375,703.760009765625,389700,699.4199951171875
2023-12-28,706.6400146484375,707.530029296875,701.3300170898438,702.4600219726562,502100,701.152001953125
2023-12-29,707.0,711.5900268554688,700.5599975585938,706.489990234375,925700,702.297998046875
2024-01-02,697.0499877929688,699.3599853515625,675.4299926757812,687.52001953125,1130900,700.2920043945312
2024-01-03,675.760009765625,687.4400024414062,674.030029296875,675.2999877929688,883000,695.106005859375
2024-01-04,674.77001953125,679.1900024414062,671.219970703125,671.8699951171875,914300,688.7280029296875
2024-01-05,672.1300048828125,680.780029296875,672.1300048828125,676.1599731445312,723600,683.4679931640625
2024-01-08,684.239990234375,697.8200073242188,682.4600219726562,696.260009765625,1198200,681.4219970703125
2024-01-09,693.8599853515625,701.2000122070312,691.0,698.6699829101562,984100,683.6519897460937
2024-01-10,707.5,716.9199829101562,701.25,714.2999877929688,1011900,691.4519897460938
2024-01-11,722.5599975585938,734.2999877929688,718.4099731445312,726.4600219726562,1230700,702.3699951171875
2024-01-12,724.7999877929688,731.0,718.760009765625,729.1799926757812,832900,712.9739990234375
2024-01-16,730.0,734.0,725.010009765625,727.5599975585938,935100,719.2339965820313
2024-01-17,726.0,728.989990234375,714.3099975585938,727.5399780273438,673800,725.0079956054688
2024-01-18,742.4199829101562,747.47998046875,735.469970703125,745.9600219726562,1298200,731.3400024414062
2024-01-19,750.4400024414062,753.1599731445312,744.8200073242188,749.1099853515625,1358000,735.8699951171875
2024-01-22,760.1900024414062,766.8099975585938,752.0599975585938,752.4500122070312,1625000,740.5239990234375
2024-01-23,752.1500244140625,754.3699951171875,743.0499877929688,753.4199829101562,1144600,745.69599609375
2024-01-24,770.9000244140625,775.9600219726562,761.27001953125,763.4199829101562,2817100,752.8719970703125
2024-01-25,780.0,783.8800048828125,757.2899780273438,766.6900024414062,3127600,757.0179931640625
2024-01-26,767.0999755859375,783.8300170898438,764.52001953125,769.4400024414062,1799900,761.0839965820312
2024-01-29,769.3200073242188,788.0499877929688,769.0,787.239990234375,1330600,768.0419921875
2024-01-30,787.3300170898438,789.9199829101562,778.9600219726562,785.72998046875,1081200,774.5039916992188
2024-01-31,777.8900146484375,777.8900146484375,757.530029296875,765.4000244140625,1364400,774.9
2024-02-01,769.0900268554688,772.9299926757812,764.0599975585938,771.0,886300,775.7619995117187
2024-02-02,773.969970703125,787.0,772.0999755859375,781.2999877929688,974800,778.1339965820313
2024-02-05,782.0,786.4500122070312,771.1199951171875,784.8400268554688,1080500,777.65400390625
2024-02-06,788.8800048828125,789.0999755859375,765.8800048828125,777.4500122070312,1097500,775.9980102539063
2024-02-07,782.8099975585938,793.469970703125,782.5999755859375,790.3900146484375,911700,780.9960083007812
2024-02-08,792.0,800.2999877929688,790.8400268554688,799.4099731445312,893000,786.6780029296875
2024-02-09,802.3499755859375,815.3200073242188,802.3499755859375,812.9400024414062,909500,793.006005859375
2024-02-12,814.0999755859375,815.0,782.8499755859375,787.3499755859375,1241200,793.5079956054688
2024-02-13,765.0,780.47998046875,750.22998046875,773.760009765625,1785900,792.7699951171875
2024-02-14,785.0,792.280029296875,776.2899780273438,792.0,774100,793.0919921875
2024-02-15,795.0,798.4500122070312,779.8699951171875,780.0,1056600,789.2099975585937
2024-02-16,774.27001953125,779.5,764.6699829101562,765.0,1141700,779.6219970703125
2024-02-20,753.0800170898438,759.280029296875,737.739990234375,752.8400268554688,1485500,772.7200073242187
2024-02-21,736.989990234375,748.5800170898438,730.52001953125,747.9400024414062,875200,767.556005859375
2024-02-22,775.0,791.8699951171875,767.6300048828125,769.2100219726562,2146200,762.9980102539063
2024-02-23,775.3499755859375,784.969970703125,766.5800170898438,770.969970703125,1297200,761.1920043945313
2024-02-26,774.6900024414062,790.5900268554688,774.5,779.6599731445312,1120800,764.1239990234375
2024-02-27,782.260009765625,783.989990234375,756.9600219726562,767.1400146484375,1414000,766.9839965820313
2024-02-28,763.510009765625,763.72998046875,754.0,759.7899780273438,1266700,769.3539916992188
2024-02-29,767.0499877929688,773.3200073242188,762.97998046875,771.3400268554688,1486200,769.7799926757813
2024-03-01,772.0,778.2999877929688,768.3699951171875,773.6300048828125,912600,770.3119995117188
2024-03-04,773.0,777.8800048828125,764.739990234375,776.0900268554688,986700,769.5980102539063
2024-03-05,766.22998046875,767.219970703125,730.1500244140625,740.1500244140625,1957500,764.2000122070312
2024-03-06,750.510009765625,752.3900146484375,732.6500244140625,741.0599975585938,1347000,760.4540161132812
2024-03-07,748.469970703125,768.9299926757812,735.27001953125,768.0800170898438,1586900,759.8020141601562
2024-03-08,769.0999755859375,777.5700073242188,750.22998046875,757.6799926757812,1026900,756.61201171875
2024-03-11,752.0,759.2000122070312,744.47998046875,756.739990234375,912100,752.7420043945312
2024-03-12,764.3200073242188,793.0,762.97998046875,789.5599975585938,1530300,762.6239990234375
2024-03-13,795.0599975585938,807.77001953125,775.0,776.8800048828125,1225400,769.7880004882812
2024-03-14,788.1300048828125,790.0,773.1199951171875,779.489990234375,886100,772.0699951171875
2024-03-15,761.5599975585938,762.0,736.0,743.9099731445312,2539100,769.3159912109375
2024-03-18,750.0,759.6900024414062,748.1199951171875,755.7999877929688,944700,769.1279907226562
2024-03-19,750.0,758.3200073242188,742.7999877929688,756.9400024414062,1224300,762.6039916992188
2024-03-20,760.6199951171875,768.1799926757812,755.0499877929688,767.5599975585938,703500,760.739990234375
2024-03-21,780.0,785.8800048828125,771.5800170898438,773.1799926757812,1262500,759.4779907226563
2024-03-22,774.739990234375,779.8900146484375,769.3200073242188,774.1500244140625,885100,765.5260009765625
2024-03-25,768.0499877929688,775.9099731445312,759.260009765625,774.6400146484375,720800,769.2940063476562
2024-03-26,778.989990234375,788.7999877929688,776.510009765625,778.5700073242188,910100,773.6200073242187
2024-03-27,783.8300170898438,786.3300170898438,753.5,759.0,1401500,771.9080078125
2024-03-28,759.6500244140625,768.760009765625,755.75,762.4000244140625,1083700,769.7520141601562
2024-04-01,763.989990234375,773.0900268554688,759.0700073242188,768.3699951171875,716400,768.5960083007812
2024-04-02,755.0900268554688,759.6599731445312,748.22998046875,757.0,769000,765.0680053710937
2024-04-03,752.5,764.7000122070312,751.5,759.1599731445312,564200,761.1859985351563
2024-04-04,768.4000244140625,782.25,757.4199829101562,757.5499877929688,1022000,760.89599609375
2024-04-05,758.4299926757812,791.8800048828125,758.4299926757812,783.5,1286400,765.1159912109375
2024-04-08,783.3400268554688,789.989990234375,772.4099731445312,785.5999755859375,999200,768.5619873046875
2024-04-09,793.27001953125,795.4400024414062,771.530029296875,782.219970703125,790200,773.6059814453125
2024-04-10,769.0,774.9500122070312,764.0999755859375,769.1900024414062,860800,775.6119873046875
2024-04-11,770.0,775.97998046875,761.4000244140625,771.3400268554688,748300,778.3699951171875
2024-04-12,762.2000122070312,774.9600219726562,760.9500122070312,768.7100219726562,959900,775.4119995117187
2024-04-15,769.0,771.6300048828125,735.4600219726562,735.8099975585938,1171600,765.45400390625
2024-04-16,738.0,749.0,735.3400268554688,744.780029296875,1085800,757.966015625
2024-04-17,746.780029296875,748.989990234375,734.9500122070312,736.4500122070312,721500,751.418017578125
2024-04-18,736.9000244140625,739.8900146484375,727.3499755859375,731.3599853515625,788700,743.4220092773437
2024-04-19,725.0,726.030029296875,708.530029296875,713.9099731445312,1540600,732.4619995117188
2024-04-22,723.25,724.989990234375,710.6199951171875,721.9500122070312,1464200,729.6900024414062
2024-04-23,727.2000122070312,743.6699829101562,727.2000122070312,740.9500122070312,1164900,728.9239990234375
2024-04-24,753.969970703125,757.25,739.1300048828125,746.2899780273438,1705600,730.8919921875
2024-04-25,714.8900146484375,717.030029296875,689.0,716.25,3386500,727.8699951171875
2024-04-26,723.760009765625,734.7100219726562,719.8499755859375,723.5499877929688,1445900,729.797998046875
2024-04-29,723.260009765625,728.2999877929688,713.52001953125,721.1599731445312,709200,729.639990234375
2024-04-30,716.6500244140625,717.469970703125,692.1900024414062,693.3300170898438,1995500,720.1159912109375
2024-05-01,693.7100219726562,700.7000122070312,683.8900146484375,685.6099853515625,1333000,707.9799926757812
2024-05-02,693.0,696.0700073242188,685.0,695.719970703125,1159200,703.8739868164063
2024-05-03,709.97998046875,724.6500244140625,705.0,716.6500244140625,1437100,702.493994140625
2024-05-06,719.989990234375,726.6400146484375,718.4099731445312,726.5599975585938,1190900,703.5739990234375
2024-05-07,730.0,730.0,699.5499877929688,713.3300170898438,1552500,707.5739990234375
2024-05-08,716.3499755859375,721.9500122070312,714.77001953125,721.030029296875,1147900,714.6580078125
2024-05-09,720.5800170898438,729.0,717.989990234375,722.9400024414062,1050300,720.1020141601563
2024-05-10,725.0,733.5499877929688,725.0,729.7899780273438,820700,722.7300048828125
2024-05-13,732.8499755859375,732.8499755859375,722.9500122070312,730.1199951171875,870000,723.4420043945313
2024-05-14,730.0,737.0,717.77001953125,721.6199951171875,1099200,725.1
2024-05-15,730.0,761.3099975585938,727.5599975585938,760.5700073242188,1506100,733.0079956054688
2024-05-16,763.4500122070312,769.1099853515625,757.4199829101562,758.010009765625,1094100,740.0219970703125
2024-05-17,765.0,765.97998046875,757.5399780273438,765.0499877929688,887800,747.0739990234375
2024-05-20,763.530029296875,774.8400268554688,762.239990234375,774.1799926757812,734800,755.8859985351562
2024-05-21,775.0,777.9299926757812,763.9099731445312,777.0499877929688,784100,766.9719970703125
2024-05-22,780.0,784.3300170898438,769.469970703125,770.8300170898438,845700,769.0239990234375
2024-05-23,781.6799926757812,781.6799926757812,756.030029296875,758.1500244140625,861500,769.052001953125
2024-05-24,749.3599853515625,749.719970703125,736.3699951171875,738.510009765625,1356700,763.7440063476563
2024-05-28,738.8800048828125,738.97998046875,718.3099975585938,728.8599853515625,1547000,754.6800048828125
2024-05-29,722.0,737.8599853515625,721.4400024414062,731.1199951171875,877700,745.4940063476563
2024-05-30,690.989990234375,692.5700073242188,640.1699829101562,643.2899780273438,5094300,719.9859985351562
2024-05-31,651.7899780273438,657.5399780273438,637.989990234375,656.9299926757812,4301800,699.7419921875
2024-06-03,659.7999877929688,664.3699951171875,645.4500122070312,660.1099853515625,1907700,684.0619873046875
2024-06-04,658.5999755859375,674.5999755859375,656.02001953125,672.0,2491200,672.689990234375
2024-06-05,683.4500122070312,705.719970703125,676.1900024414062,704.1099853515625,2797900,667.28798828125
2024-06-06,706.22998046875,712.3599853515625,699.72998046875,703.1599731445312,1410900,679.2619873046875
2024-06-07,700.510009765625,703.989990234375,688.510009765625,698.8099975585938,1122500,687.63798828125
2024-06-10,697.3200073242188,710.6400146484375,693.5599975585938,709.1500244140625,930400,697.44599609375
2024-06-11,711.72998046875,719.0,706.8699951171875,712.0399780273438,1061000,705.4539916992187
2024-06-12,722.260009765625,729.5,720.8300170898438,721.5,1296100,708.9319946289063
2024-06-13,722.0,727.8200073242188,709.1699829101562,709.760009765625,1119300,710.252001953125
2024-06-14,715.5999755859375,730.5,715.5999755859375,728.5800170898438,958000,716.206005859375
2024-06-17,723.4199829101562,729.3300170898438,719.0499877929688,725.5,1074900,719.4760009765625
2024-06-18,722.8599853515625,734.52001953125,720.77001953125,730.1699829101562,1186400,723.102001953125
2024-06-20,742.0,742.260009765625,729.4199829101562,734.3099975585938,1184000,725.6640014648438
2024-06-21,739.9400024414062,750.5399780273438,733.6199951171875,749.3300170898438,1722300,733.5780029296875
2024-06-24,742.0,748.1799926757812,737.6900024414062,739.5900268554688,1214100,735.7800048828125
2024-06-25,745.0,756.4099731445312,742.3800048828125,754.8099975585938,1030800,741.6420043945312
2024-06-26,754.0,761.3699951171875,750.7899780273438,753.9099731445312,986000,746.3900024414063
2024-06-27,758.2100219726562,780.0,756.6699829101562,774.1300048828125,1181400,754.35400390625
2024-06-28,775.4299926757812,789.969970703125,770.8800048828125,786.6699829101562,1721800,761.8219970703125
2024-07-01,784.0,790.47998046875,770.780029296875,788.9600219726562,1121300,771.69599609375
2024-07-02,784.97998046875,794.1500244140625,781.6199951171875,794.1099853515625,875600,779.5559936523438
2024-07-03,793.6699829101562,795.9500122070312,785.1900024414062,785.9199829101562,577500,785.9579956054688
2024-07-05,788.4199829101562,806.52001953125,785.9199829101562,806.469970703125,1193200,792.4259887695313
2024-07-08,763.5,776.6500244140625,761.4400024414062,766.2000122070312,2121300,788.3319946289063
2024-07-09,750.9600219726562,760.02001953125,737.010009765625,744.010009765625,2433300,779.3419921875
2024-07-10,740.5599975585938,743.3800048828125,731.5499877929688,743.1500244140625,1498800,769.15
2024-07-11,746.0,756.5,741.3300170898438,749.1400146484375,1281600,761.7940063476562
2024-07-12,749.0,762.5999755859375,744.0,758.489990234375,909500,752.1980102539062
2024-07-15,766.9500122070312,776.47998046875,759.25,767.8499755859375,910900,752.5280029296875
2024-07-16,767.8499755859375,770.0399780273438,754.510009765625,760.7899780273438,996600,755.8839965820313
2024-07-17,740.0,746.3699951171875,730.2000122070312,736.0700073242188,1455700,754.4679931640625
2024-07-18,738.3400268554688,750.5800170898438,730.0999755859375,738.77001953125,1517900,752.393994140625
2024-07-19,744.6900024414062,755.8800048828125,738.0,751.2000122070312,1187000,750.9359985351563
2024-07-22,754.8099975585938,764.4400024414062,753.77001953125,756.5,1051600,748.6660034179688
2024-07-23,763.469970703125,775.969970703125,760.6599731445312,765.52001953125,1007300,749.61201171875
2024-07-24,755.0,757.47998046875,729.22998046875,730.8699951171875,2094700,748.5720092773438
2024-07-25,789.3300170898438,850.3300170898438,783.0399780273438,828.7899780273438,6549800,766.5760009765625
2024-07-26,825.8499755859375,846.8599853515625,818.0700073242188,827.6099853515625,2410100,781.8579956054688
2024-07-29,829.0,830.5,798.5499877929688,799.0599975585938,1977500,790.3699951171875
2024-07-30,805.739990234375,805.739990234375,784.5900268554688,798.7999877929688,1191100,797.0259887695313
2024-07-31,816.1599731445312,821.4600219726562,805.0,814.3900146484375,1313700,813.7299926757812
2024-08-01,818.8599853515625,838.5900268554688,802.1199951171875,811.3800048828125,1338300,810.247998046875
2024-08-02,790.8599853515625,793.1300048828125,765.4600219726562,790.6400146484375,1568900,802.85400390625
2024-08-05,757.0399780273438,790.9500122070312,746.0999755859375,781.27001953125,2019700,799.2960083007813
2024-08-06,787.0,814.2899780273438,781.280029296875,792.9500122070312,1545800,798.1260131835937
2024-08-07,805.6400146484375,816.5399780273438,774.9299926757812,776.280029296875,1062400,790.5040161132813
2024-08-08,792.0,802.7000122070312,786.77001953125,796.1400146484375,1449100,787.4560180664063
2024-08-09,796.1400146484375,816.010009765625,796.1400146484375,811.0800170898438,799500,791.5440185546875
2024-08-12,811.0800170898438,814.8300170898438,800.0700073242188,806.6199951171875,539600,796.614013671875
2024-08-13,812.0,822.8699951171875,810.5999755859375,818.7999877929688,765800,801.7840087890625
2024-08-14,822.0,827.0499877929688,815.5,819.02001953125,832900,810.3320068359375
2024-08-15,825.0,835.0,823.6799926757812,832.1099853515625,1165600,817.5260009765625
2024-08-16,829.25,831.0399780273438,823.8499755859375,827.5599975585938,835500,820.8219970703125
2024-08-19,825.9199829101562,833.719970703125,821.1900024414062,832.8800048828125,641500,826.0739990234375
2024-08-20,835.0,843.260009765625,832.0800170898438,838.219970703125,784700,829.9579956054688
2024-08-21,833.530029296875,840.4199829101562,830.0,839.1799926757812,609900,833.989990234375
2024-08-22,840.0,842.5499877929688,819.52001953125,820.9299926757812,706500,831.7539916992188
2024-08-23,830.0,834.5,815.0,828.27001953125,702100,831.89599609375
2024-08-26,829.6799926757812,836.760009765625,825.489990234375,827.8599853515625,536300,830.8919921875
2024-08-27,823.1699829101562,835.7100219726562,823.1699829101562,831.739990234375,481500,829.59599609375
2024-08-28,831.6900024414062,832.6799926757812,808.9600219726562,814.1099853515625,864600,824.5819946289063
2024-08-29,822.2999877929688,849.0,822.2999877929688,831.27001953125,1245600,826.65
2024-08-30,836.760009765625,857.25,835.8400268554688,855.0,1921000,831.99599609375
2024-09-03,856.4000244140625,863.8499755859375,830.8699951171875,835.8599853515625,1261500,833.59599609375
2024-09-04,829.719970703125,836.4000244140625,821.239990234375,834.8300170898438,708900,834.2140014648437
2024-09-05,826.6500244140625,840.3599853515625,825.0499877929688,835.4000244140625,788900,838.4720092773438
2024-09-06,839.010009765625,848.4199829101562,818.97998046875,825.0399780273438,1070800,837.2260009765625
2024-09-09,833.489990234375,857.0,826.969970703125,855.5800170898438,1129100,837.3420043945313
2024-09-10,860.7100219726562,866.4500122070312,847.489990234375,860.1500244140625,883900,842.2000122070312
2024-09-11,858.27001953125,877.6199951171875,841.8499755859375,875.9600219726562,1002400,850.4260131835938
2024-09-12,880.030029296875,889.52001953125,871.280029296875,886.1300048828125,941700,860.5720092773438
2024-09-13,881.77001953125,884.5,872.8800048828125,878.9500122070312,912900,871.3540161132812
2024-09-16,885.0,897.989990234375,879.72998046875,892.4600219726562,1082300,878.7300170898437
2024-09-17,890.6500244140625,899.6099853515625,882.7999877929688,885.8300170898438,1033900,883.866015625
2024-09-18,887.760009765625,899.7100219726562,882.2999877929688,890.3900146484375,981200,886.7520141601562
2024-09-19,908.0,921.969970703125,902.8599853515625,919.25,1484300,893.3760131835937
2024-09-20,920.4199829101562,940.1199951171875,917.3099975585938,937.3599853515625,3609200,905.0580078125
2024-09-23,936.8800048828125,945.4600219726562,922.9199829101562,925.5499877929688,1213000,911.6760009765625
2024-09-24,925.5499877929688,926.9199829101562,907.489990234375,923.5999755859375,1001300,919.2299926757812
2024-09-25,898.469970703125,901.0,886.510009765625,890.030029296875,2288800,919.1579956054687
2024-09-26,893.6500244140625,894.219970703125,871.4299926757812,884.8599853515625,1599500,912.2799926757813
2024-09-27,884.0399780273438,886.1900024414062,876.3699951171875,881.7899780273438,906600,901.1659912109375
2024-09-30,879.260009765625,894.7999877929688,876.219970703125,894.3900146484375,843500,894.9339965820312
2024-10-01,898.5900268554688,898.5900268554688,866.6300048828125,867.1799926757812,1313100,883.65
2024-10-02,869.0,884.5900268554688,863.239990234375,880.4099731445312,933200,881.7259887695312
2024-10-03,878.0,892.2100219726562,877.1199951171875,890.6400146484375,1193800,882.8819946289062
2024-10-04,899.7899780273438,918.2899780273438,896.3900146484375,917.6799926757812,1183200,890.0599975585938
2024-10-07,919.1199951171875,922.5499877929688,899.9299926757812,905.9400024414062,1123600,892.3699951171875
2024-10-08,925.969970703125,943.0,919.27001953125,922.0,1180800,903.3339965820312
2024-10-09,921.9600219726562,943.4000244140625,915.9600219726562,938.6500244140625,1132300,914.9820068359375
2024-10-10,933.2100219726562,949.0,932.9299926757812,944.6300048828125,1110500,925.7800048828125
2024-10-11,942.8200073242188,946.77001953125,937.0900268554688,938.5900268554688,854100,929.96201171875
2024-10-14,947.3900146484375,949.5900268554688,935.9099731445312,944.6900024414062,567400,937.71201171875
2024-10-15,945.280029296875,947.25,926.6699829101562,927.9600219726562,1081600,938.9040161132813
2024-10-16,924.9600219726562,927.0,912.030029296875,918.8699951171875,1011200,934.9480102539062
2024-10-17,932.780029296875,933.0999755859375,915.1099853515625,917.1199951171875,715500,929.4460083007813
2024-10-18,921.0,928.1599731445312,917.1199951171875,921.75,1422600,926.0780029296875
2024-10-21,902.0,918.6300048828125,899.77001953125,918.3400268554688,1417200,920.8080078125
2024-10-22,916.489990234375,924.4000244140625,914.3599853515625,917.9500122070312,1144300,918.806005859375
2024-10-23,916.469970703125,920.1099853515625,901.3699951171875,907.6799926757812,1849900,916.5680053710937
2024-10-24,948.3900146484375,979.780029296875,940.4099731445312,956.5800170898438,3401000,924.460009765625
2024-10-25,957.260009765625,964.9400024414062,947.1699829101562,950.8499755859375,1494800,930.2800048828125
2024-10-28,959.010009765625,960.0,945.0,945.0,1238500,935.6119995117188
2024-10-29,950.0,957.8200073242188,939.4299926757812,953.0800170898438,1641100,942.6380004882812
2024-10-30,951.030029296875,963.5,949.47998046875,950.0,950800,951.102001953125
2024-10-31,940.7999877929688,954.3599853515625,928.3499755859375,932.989990234375,1333300,946.3839965820313
2024-11-01,937.3599853515625,951.1599731445312,930.5499877929688,943.4099731445312,985300,944.89599609375
2024-11-04,944.030029296875,960.3699951171875,941.5999755859375,954.5900268554688,948400,946.8140014648437
2024-11-05,961.4600219726562,973.8599853515625,958.3300170898438,971.0399780273438,827000,950.4059936523438
2024-11-06,994.0,997.030029296875,982.0999755859375,994.47998046875,1246600,959.3019897460938
2024-11-07,996.7999877929688,1024.43994140625,995.0,1015.280029296875,1260800,975.7599975585938
2024-11-08,1010.9400024414062,1019.9600219726562,1005.02001953125,1008.0800170898438,1095000,988.6940063476562
2024-11-11,1013.0,1038.0,1013.0,1036.010009765625,1307100,1004.9780029296875
2024-11-12,1030.780029296875,1053.260009765625,1027.1199951171875,1048.2900390625,1291700,1020.4280151367187
2024-11-13,1048.2900390625,1061.6600341796875,1043.5,1045.550048828125,1313700,1030.6420288085938
2024-11-14,1049.0,1054.0,1032.0,1039.800048828125,1157700,1035.5460327148437
2024-11-15,1023.969970703125,1029.719970703125,1003.010009765625,1011.3900146484375,1498500,1036.2080322265624
2024-11-18,1016.5399780273438,1021.1799926757812,1003.75,1005.3400268554688,1750700,1030.0740356445312
2024-11-19,997.6699829101562,1025.8299560546875,993.4199829101562,1022.0999755859375,1830200,1024.8360229492187
2024-11-20,1028.0,1031.68994140625,1006.3099975585938,1022.97998046875,1141900,1020.3220092773438
2024-11-21,1033.6300048828125,1053.260009765625,1030.989990234375,1047.050048828125,1111300,1021.7720092773437
2024-11-22,1051.0,1064.5899658203125,1050.0,1060.5999755859375,1436900,1031.6140014648438
2024-11-25,1064.5999755859375,1068.8800048828125,1049.1500244140625,1052.7099609375,1930200,1041.08798828125
2024-11-26,1060.0,1072.8399658203125,1054.47998046875,1070.0699462890625,744400,1050.681982421875
2024-11-27,1063.68994140625,1065.199951171875,1038.4100341796875,1041.4000244140625,976900,1054.3659912109374
2024-11-29,1042.3499755859375,1052.0,1038.3699951171875,1049.43994140625,583100,1054.8439697265626
2024-12-02,1048.4000244140625,1055.3199462890625,1045.489990234375,1048.4300537109375,1056600,1052.4099853515625
2024-12-03,1040.0899658203125,1057.6500244140625,1036.9100341796875,1057.3199462890625,1284200,1053.331982421875
2024-12-04,1083.6700439453125,1126.6300048828125,1080.0,1123.1300048828125,2063000,1063.943994140625
2024-12-05,1115.0999755859375,1130.5999755859375,1113.1099853515625,1123.719970703125,1075500,1080.4079833984374
2024-12-06,1135.6199951171875,1137.0,1120.0,1124.3399658203125,904400,1095.38798828125
2024-12-09,1124.199951171875,1134.02001953125,1105.7099609375,1120.47998046875,1223400,1109.7979736328125
2024-12-10,1114.02001953125,1147.3699951171875,1114.02001953125,1127.8399658203125,1599200,1123.9019775390625
2024-12-11,1136.0400390625,1157.9000244140625,1136.0400390625,1147.1800537109375,1244800,1128.7119873046875
2024-12-12,1140.93994140625,1154.6800537109375,1137.0,1148.4200439453125,687400,1133.652001953125
2024-12-13,1130.0,1141.760009765625,1114.5999755859375,1121.0999755859375,1347100,1133.00400390625
2024-12-16,1117.800048828125,1134.530029296875,1110.0,1129.9300537109375,1186500,1134.8940185546876
2024-12-17,1130.0,1132.3399658203125,1110.6700439453125,1114.719970703125,1223100,1132.27001953125
2024-12-18,1117.489990234375,1118.8599853515625,1056.989990234375,1060.989990234375,1588500,1115.0320068359374
2024-12-19,1070.239990234375,1080.8199462890625,1062.52001953125,1074.8699951171875,1971800,1100.3219970703126
2024-12-20,1060.0,1102.8699951171875,1055.0,1091.25,2026000,1094.352001953125
2024-12-23,1086.0,1092.0,1073.77001953125,1088.260009765625,786700,1086.0179931640625
2024-12-24,1097.0799560546875,1106.550048828125,1090.0,1105.56005859375,418700,1084.1860107421876
2024-12-26,1100.0,1106.0799560546875,1093.5999755859375,1099.1099853515625,436300,1091.810009765625
2024-12-27,1092.0,1094.5699462890625,1062.0,1081.4599609375,1016500,1093.1280029296875
2024-12-30,1065.969970703125,1073.5799560546875,1055.22998046875,1067.699951171875,720000,1088.4179931640624
2024-12-31,1073.5,1073.5,1052.9300537109375,1060.1199951171875,840900,1082.789990234375
2025-01-02,1073.52001953125,1073.7099609375,1041.0,1054.3399658203125,1024600,1072.5459716796875
2025-01-03,1059.300048828125,1074.1400146484375,1056.719970703125,1073.77001953125,898300,1067.477978515625
2025-01-06,1083.969970703125,1084.550048828125,1068.5899658203125,1077.050048828125,850900,1066.59599609375
2025-01-07,1074.0999755859375,1085.0,1044.469970703125,1054.1500244140625,1133400,1063.8860107421874
2025-01-08,1061.8800048828125,1063.0,1042.300048828125,1049.0799560546875,1421700,1061.6780029296874
2025-01-10,1039.1300048828125,1041.530029296875,1016.75,1024.5699462890625,1577300,1055.7239990234375
2025-01-13,1011.1300048828125,1020.1500244140625,999.1300048828125,1015.739990234375,1712600,1044.1179931640625
2025-01-14,1034.4000244140625,1037.06005859375,1020.5900268554688,1031.2900390625,1272300,1034.9659912109375
2025-01-15,1053.31005859375,1059.56005859375,1040.97998046875,1054.1300048828125,1287500,1034.9619873046875
2025-01-16,1058.5400390625,1064.75,1052.5799560546875,1057.1600341796875,632900,1036.5780029296875
2025-01-17,1072.5799560546875,1080.0,1062.0,1071.47998046875,1081900,1045.960009765625
2025-01-21,1088.719970703125,1104.8699951171875,1086.219970703125,1096.8499755859375,1439400,1062.1820068359375
2025-01-22,1115.0,1130.699951171875,1110.8599853515625,1125.1700439453125,1636800,1080.9580078125
2025-01-23,1117.6500244140625,1134.199951171875,1114.75,1134.199951171875,1073900,1096.9719970703125
2025-01-24,1141.1199951171875,1145.0,1118.81005859375,1124.97998046875,917700,1110.535986328125
2025-01-27,1117.4200439453125,1165.97998046875,1111.0,1140.6199951171875,2241300,1124.3639892578126
2025-01-28,1150.0,1198.0899658203125,1131.969970703125,1170.3900146484375,2437700,1139.0719970703126
2025-01-29,1160.9100341796875,1170.3900146484375,1135.199951171875,1143.6300048828125,2619400,1142.7639892578125
2025-01-30,1027.1199951171875,1031.0,990.0,1012.75,6207500,1118.4739990234375
2025-01-31,1032.010009765625,1035.75,1011.4199829101562,1018.3800048828125,2866700,1097.15400390625
2025-02-03,1006.5,1030.989990234375,998.0499877929688,1020.9400024414062,2016000,1073.2180053710938
2025-02-04,1039.9100341796875,1043.449951171875,998.3300170898438,1010.1300048828125,1918800,1041.1660034179688
2025-02-05,1015.3599853515625,1028.8499755859375,1012.0800170898438,1027.06005859375,1339200,1017.8520141601563
2025-02-06,1022.9199829101562,1035.280029296875,1018.2899780273438,1023.2999877929688,1261700,1019.96201171875
2025-02-07,1025.0,1042.3499755859375,1003.9600219726562,1008.2899780273438,1387200,1017.9440063476562
2025-02-10,1017.5499877929688,1033.0999755859375,1011.25,1021.8099975585938,1174900,1018.1180053710938
2025-02-11,1015.0,1021.3699951171875,1003.9400024414062,1009.0499877929688,1016000,1017.902001953125
2025-02-12,996.25,998.4199829101562,980.0,982.4000244140625,1677600,1008.9699951171875
2025-02-13,982.4000244140625,992.0,970.47998046875,989.47998046875,1563400,1002.2059936523438
2025-02-14,979.0999755859375,989.0,966.5999755859375,986.6300048828125,1503400,997.8739990234375
2025-02-18,988.0,997.5399780273438,974.0,997.47998046875,1672700,993.0079956054688
2025-02-19,997.3200073242188,1002.8499755859375,975.6699829101562,987.1400146484375,1737200,988.6260009765625
2025-02-20,980.0800170898438,980.5800170898438,958.8699951171875,967.97998046875,1351200,985.7419921875
2025-02-21,964.7000122070312,967.0,933.010009765625,938.4099731445312,2004200,975.5279907226562
2025-02-24,944.0399780273438,944.5,913.530029296875,927.5800170898438,1692800,963.7179931640625
2025-02-25,923.719970703125,926.6400146484375,898.2100219726562,922.2899780273438,2144300,948.6799926757812
2025-02-26,929.2999877929688,952.5999755859375,926.0,941.9600219726562,2002500,939.643994140625
2025-02-27,948.1599731445312,953.3499755859375,919.6400146484375,920.9600219726562,1455100,930.2400024414062
2025-02-28,920.969970703125,929.97998046875,907.4500122070312,929.760009765625,1567900,928.510009765625
2025-03-03,936.010009765625,939.0,902.6799926757812,910.3099975585938,1545900,925.056005859375
2025-03-04,900.0,917.3400268554688,876.9400024414062,906.0900268554688,2459100,921.816015625
2025-03-05,905.0,924.0,898.3800048828125,915.7899780273438,1540300,916.5820068359375
2025-03-06,890.0,907.9000244140625,858.25,867.0900268554688,2164200,905.8080078125
2025-03-07,856.5,870.0,832.719970703125,850.6300048828125,2528100,889.9820068359375
2025-03-10,823.4000244140625,832.0,777.9099731445312,783.8300170898438,3898500,864.6860107421875
2025-03-11,800.0,827.97998046875,794.0,808.4000244140625,2999100,845.1480102539062
2025-03-12,834.7899780273438,849.25,823.4299926757812,843.1400146484375,2741800,830.618017578125
2025-03-13,830.0,835.0,805.97998046875,811.6199951171875,1963600,819.5240112304688
2025-03-14,822.760009765625,849.0599975585938,822.760009765625,844.3300170898438,1853200,818.264013671875
2025-03-17,839.0,855.6799926757812,835.0,842.9299926757812,1656800,830.0840087890625
2025-03-18,837.4299926757812,837.469970703125,820.3499755859375,830.0,1768000,834.40400390625
2025-03-19,835.72998046875,854.0,830.02001953125,844.1199951171875,1561800,834.6
2025-03-20,827.239990234375,828.260009765625,809.1799926757812,824.1199951171875,2593000,837.1
2025-03-21,816.1400146484375,828.9000244140625,808.7999877929688,827.75,2907300,833.7839965820312
2025-03-24,846.0,853.47998046875,841.219970703125,849.72998046875,1599500,835.143994140625
2025-03-25,858.22998046875,870.989990234375,855.0,861.3800048828125,1643200,841.4199951171875
2025-03-26,856.3400268554688,860.510009765625,834.030029296875,838.5499877929688,1348600,840.3059936523438
2025-03-27,835.0399780273438,839.9500122070312,822.1699829101562,827.739990234375,1480000,841.0299926757813
2025-03-28,820.0,821.010009765625,789.530029296875,797.760009765625,1758500,835.0319946289062
2025-03-31,781.52001953125,799.0,757.8400268554688,796.1400146484375,2984200,824.3140014648437
2025-04-01,798.219970703125,812.9600219726562,792.72998046875,811.5599975585938,1543000,814.35
2025-04-02,794.6799926757812,827.1599731445312,794.6799926757812,824.030029296875,1626400,811.4460083007813
2025-04-03,782.75,788.0599975585938,757.25,774.0700073242188,2087800,800.71201171875
2025-04-04,756.3400268554688,758.77001953125,718.4500122070312,721.6500244140625,2900400,785.4900146484375
2025-04-07,688.0,758.6500244140625,678.6599731445312,735.5,2878200,773.36201171875
2025-04-08,768.010009765625,775.8800048828125,713.1900024414062,727.5999755859375,2123200,756.5700073242188
2025-04-09,725.0,831.6400146484375,723.2000122070312,825.9500122070312,3092000,756.95400390625
2025-04-10,807.0900268554688,809.989990234375,761.0800170898438,783.489990234375,2046400,758.8380004882813
2025-04-11,771.3099975585938,786.8800048828125,755.0,785.6699829101562,2103000,771.6419921875
2025-04-14,802.219970703125,812.1300048828125,786.7999877929688,799.8200073242188,1717000,784.5059936523437
2025-04-15,800.9600219726562,824.9000244140625,799.2100219726562,816.5,1735200,802.2859985351563
2025-04-16,804.6099853515625,821.1699829101562,790.739990234375,796.6599731445312,1869500,796.4279907226562
2025-04-17,800.0599975585938,800.0599975585938,769.02001953125,772.1599731445312,1803900,794.1619873046875
2025-04-21,759.3599853515625,765.5499877929688,742.4099731445312,755.989990234375,1668700,788.2259887695312
2025-04-22,762.7999877929688,776.6300048828125,752.4400024414062,766.8300170898438,1582800,781.6279907226562
2025-04-23,821.0399780273438,833.9600219726562,807.0,812.7000122070312,3019200,780.8679931640625
2025-04-24,900.3099975585938,943.97998046875,898.3300170898438,938.5700073242188,6083100,809.25
2025-04-25,944.0,960.0,929.1699829101562,945.260009765625,2887800,843.8700073242187
2025-04-28,959.8499755859375,961.030029296875,927.1300048828125,937.4099731445312,2052400,880.15400390625
2025-04-29,940.0,947.22998046875,930.5499877929688,942.8599853515625,1245300,915.3599975585937
2025-04-30,930.5599975585938,957.6599731445312,920.4000244140625,955.010009765625,1947900,943.8219970703125
2025-05-01,973.8599853515625,978.6199951171875,957.52001953125,957.9500122070312,1807700,947.697998046875
2025-05-02,978.9199829101562,985.5,969.0599975585938,977.3599853515625,1669400,954.1179931640625
2025-05-05,973.0,992.0,971.3400268554688,978.0499877929688,1274200,962.24599609375
2025-05-06,969.0399780273438,978.6799926757812,964.1900024414062,965.260009765625,1280500,966.7260009765625
2025-05-07,971.219970703125,987.3099975585938,967.2899780273438,983.2899780273438,1729700,972.3819946289062
2025-05-08,985.0,992.0,972.8099975585938,974.489990234375,1468800,975.689990234375
2025-05-09,980.0,986.780029296875,971.6199951171875,980.0599975585938,920100,976.2299926757812
2025-05-12,1008.52001953125,1017.0,995.6699829101562,1015.5999755859375,1432100,983.739990234375
2025-05-13,1023.0,1039.97998046875,1017.0,1036.719970703125,1483100,998.031982421875
2025-05-14,1037.0,1046.0,1026.6500244140625,1026.8199462890625,1414600,1006.7379760742188
2025-05-15,1034.4200439453125,1040.6500244140625,1021.9600219726562,1035.1800537109375,988000,1018.8759887695312
2025-05-16,1038.3900146484375,1043.739990234375,1033.1300048828125,1040.1800537109375,1160900,1030.9
2025-05-19,1028.949951171875,1034.68994140625,1016.0499877929688,1025.75,2071200,1032.9300048828125
2025-05-20,1015.0,1024.6600341796875,1013.3200073242188,1021.8400268554688,1075000,1029.9540161132813
2025-05-21,1008.9000244140625,1030.739990234375,1005.5800170898438,1014.760009765625,1259600,1027.5420288085938
2025-05-22,1014.760009765625,1027.489990234375,1011.7899780273438,1015.77001953125,856400,1023.6600219726563
2025-05-23,1000.0,1014.2899780273438,994.5999755859375,1004.3699951171875,1388100,1016.4980102539063
2025-05-27,1013.6099853515625,1029.8299560546875,1012.97998046875,1027.3900146484375,1102500,1016.8260131835938
2025-05-28,1027.3900146484375,1037.6700439453125,1018.1799926757812,1021.2999877929688,993300,1016.7180053710938
2025-05-29,1023.1699829101562,1024.5799560546875,1004.7000122070312,1015.22998046875,1265900,1016.8119995117188
2025-05-30,1020.0,1020.0,1002.5900268554688,1011.0900268554688,2663900,1015.8760009765625
2025-06-02,1009.1400146484375,1017.9500122070312,1000.2999877929688,1012.1099853515625,1002600,1017.4239990234375
2025-06-03,1011.8200073242188,1016.25,1005.5,1010.8800048828125,1023700,1014.1219970703125
2025-06-04,1011.5599975585938,1017.5499877929688,1002.9600219726562,1012.739990234375,717800,1012.4099975585938
2025-06-05,1027.31005859375,1031.43994140625,1014.1699829101562,1017.5999755859375,902400,1012.8839965820313
2025-06-06,1026.22998046875,1034.5999755859375,1016.3400268554688,1030.2099609375,959700,1016.7079833984375
2025-06-09,1031.0,1034.47998046875,1018.0599975585938,1026.8599853515625,907800,1019.6579833984375
2025-06-10,1021.1400146484375,1026.8599853515625,999.1199951171875,1009.7899780273438,1189200,1019.4399780273437
2025-06-11,1010.239990234375,1017.719970703125,1001.4000244140625,1004.3300170898438,742800,1017.7579833984375
2025-06-12,1002.5999755859375,1016.0399780273438,1002.5999755859375,1007.3699951171875,848200,1015.7119873046875
2025-06-13,998.030029296875,1001.0,978.1900024414062,988.6599731445312,1332200,1007.4019897460937
2025-06-16,992.0,1016.969970703125,991.3800048828125,1005.1300048828125,1230900,1003.0559936523438
2025-06-17,1003.8499755859375,1012.0,999.3400268554688,1004.9099731445312,819800,1002.0799926757812
2025-06-18,1004.4400024414062,1007.0399780273438,979.2000122070312,982.0800170898438,1209500,997.6299926757813
2025-06-20,985.5900268554688,986.010009765625,965.4500122070312,971.4099731445312,2007700,990.43798828125
2025-06-23,971.4099731445312,981.3300170898438,956.8300170898438,980.4000244140625,1099900,988.7859985351563
2025-06-24,990.0,999.5,985.0,996.3200073242188,1514000,987.0239990234375
2025-06-25,998.280029296875,1014.0,998.1500244140625,1005.1599731445312,1193700,987.0739990234375
2025-06-26,1007.1799926757812,1013.5599975585938,994.5,1011.4400024414062,1204400,992.94599609375
2025-06-27,1012.780029296875,1033.030029296875,1012.0700073242188,1022.4199829101562,1514300,1003.147998046875
2025-06-30,1029.739990234375,1036.3699951171875,1018.4500122070312,1028.0799560546875,1009300,1012.683984375
2025-07-01,1027.260009765625,1031.93994140625,994.72998046875,1011.8900146484375,1244100,1015.7979858398437
2025-07-02,1000.3699951171875,1011.0399780273438,992.0,1009.760009765625,871400,1016.7179931640625
2025-07-03,1017.72998046875,1057.3900146484375,1015.0,1044.68994140625,1205900,1023.3679809570312
2025-07-07,1043.22998046875,1049.0,1027.6199951171875,1035.010009765625,1133600,1025.885986328125
2025-07-08,1037.1800537109375,1038.77001953125,1011.25,1022.97998046875,1460200,1024.8659912109374
2025-07-09,1024.5,1028.010009765625,1009.0,1013.7100219726562,1153400,1025.2299926757812
2025-07-10,1013.7000122070312,1013.7000122070312,965.3099975585938,968.0900268554688,2003300,1016.89599609375
2025-07-11,960.0,966.0,934.1699829101562,938.780029296875,2154700,995.714013671875
2025-07-14,938.7000122070312,964.3400268554688,935.1400146484375,961.780029296875,1812500,981.068017578125
2025-07-15,965.27001953125,974.3400268554688,956.0,956.9199829101562,1264300,967.8560180664062
2025-07-16,965.0599975585938,969.0900268554688,953.3800048828125,966.969970703125,985100,958.5080078125
2025-07-17,968.489990234375,975.0,955.0,959.1500244140625,1275600,956.7200073242187
2025-07-18,958.0499877929688,963.52001953125,949.72998046875,963.4000244140625,1155600,961.6440063476563
2025-07-21,959.530029296875,969.0999755859375,958.0,959.9099731445312,1112800,961.2699951171875
2025-07-22,963.780029296875,973.9600219726562,956.8400268554688,962.3699951171875,1175700,962.3599975585937
2025-07-23,947.8599853515625,966.8499755859375,947.8599853515625,956.4299926757812,1984000,960.252001953125
2025-07-24,1034.6600341796875,1051.0,982.0,996.1799926757812,4070100,967.6579956054687
2025-07-25,1000.1199951171875,1001.0,964.0800170898438,968.7899780273438,1999600,968.735986328125
2025-07-28,976.0,996.0399780273438,975.97998046875,985.75,1474600,973.9039916992188
2025-07-29,991.530029296875,1005.75,982.280029296875,993.2000122070312,1207700,980.0699951171875
2025-07-30,991.5900268554688,993.030029296875,973.0,977.47998046875,1094200,984.2799926757813
2025-07-31,982.0,982.0,940.0599975585938,943.1199951171875,2131900,973.6679931640625
2025-08-01,937.2899780273438,937.2899780273438,909.489990234375,914.3699951171875,1811100,962.7839965820312
2025-08-04,918.52001953125,929.5800170898438,915.260009765625,923.0,1285500,950.2339965820313
2025-08-05,922.0,925.5,904.4500122070312,905.1199951171875,1448500,932.6179931640625
2025-08-06,911.5999755859375,913.0499877929688,902.8300170898438,912.3099975585938,1068600,919.5839965820312
2025-08-07,922.0,922.8900146484375,862.0,874.1199951171875,2798700,905.7839965820312
2025-08-08,878.3900146484375,882.0,862.1400146484375,872.510009765625,1902800,897.4119995117187
2025-08-11,867.9199829101562,879.97998046875,850.9000244140625,856.3699951171875,2369800,884.0859985351562
2025-08-12,857.8099975585938,859.72998046875,840.030029296875,853.4299926757812,2865800,873.747998046875
2025-08-13,860.5700073242188,864.4000244140625,842.7000122070312,863.2999877929688,2453600,863.94599609375
2025-08-14,856.1599731445312,862.97998046875,846.3400268554688,850.8599853515625,1787900,859.293994140625
2025-08-15,851.77001953125,867.9400024414062,848.6199951171875,867.239990234375,1758800,858.239990234375
2025-08-18,866.4500122070312,892.239990234375,865.3699951171875,892.0499877929688,2577400,865.3759887695312
2025-08-19,893.4000244140625,900.9099731445312,880.9600219726562,886.780029296875,2184200,872.04599609375
2025-08-20,884.260009765625,898.8900146484375,880.0,890.25,1971900,877.4359985351563
2025-08-21,885.9299926757812,888.3800048828125,873.0700073242188,876.969970703125,1127000,882.6579956054687
2025-08-22,878.3400268554688,896.3800048828125,873.0,886.75,1084300,886.5599975585938
2025-08-25,889.7100219726562,890.1699829101562,878.6900024414062,879.9400024414062,861200,884.1380004882812
2025-08-26,879.0,880.0,855.0800170898438,864.6599731445312,2683700,879.7139892578125
2025-08-27,871.6699829101562,889.6099853515625,868.2000122070312,887.97998046875,1202200,879.2599853515625
2025-08-28,890.5,935.780029296875,889.739990234375,928.5999755859375,3043600,889.585986328125
2025-08-29,929.260009765625,933.989990234375,909.7100219726562,917.4600219726562,1881800,895.7279907226563
2025-09-02,901.77001953125,914.25,894.6400146484375,911.4199829101562,1247800,902.0239868164062
2025-09-03,908.989990234375,921.3400268554688,894.510009765625,919.3800048828125,1338100,912.9679931640625
2025-09-04,909.47998046875,910.22998046875,878.1900024414062,898.5599975585938,1703900,915.0839965820312
2025-09-05,904.1500244140625,916.2000122070312,901.3499755859375,913.7999877929688,1283900,912.1239990234375
2025-09-08,915.1400146484375,944.8200073242188,912.5599975585938,939.3300170898438,1636100,916.497998046875
2025-09-09,945.0,945.0,927.7999877929688,933.6699829101562,1197600,920.947998046875
2025-09-10,936.0,944.9199829101562,919.3300170898438,923.5700073242188,1648600,921.7859985351563
2025-09-11,927.719970703125,942.6699829101562,923.6500244140625,938.280029296875,1173000,929.7300048828125
2025-09-12,941.72998046875,941.8499755859375,926.9299926757812,928.9600219726562,711100,932.76201171875
2025-09-15,930.4500122070312,956.1699829101562,929.72998046875,947.4199829101562,1546100,934.3800048828125
2025-09-16,940.7100219726562,946.4400024414062,928.469970703125,932.010009765625,1300300,934.0480102539062
2025-09-17,936.75,953.77001953125,933.25,950.3699951171875,1284600,939.4080078125
2025-09-18,956.5499877929688,962.0399780273438,940.510009765625,947.739990234375,1491100,941.3
2025-09-19,951.8499755859375,965.739990234375,950.0,961.1500244140625,2807200,947.7380004882813
2025-09-22,953.8900146484375,956.75,930.9099731445312,947.780029296875,1207900,947.810009765625
2025-09-23,947.5599975585938,950.5,926.4500122070312,927.6699829101562,1407000,946.9420043945313
2025-09-24,962.6400146484375,973.6300048828125,931.0999755859375,933.3699951171875,2021900,943.5420043945312
2025-09-25,927.4500122070312,928.1900024414062,910.4600219726562,918.6099853515625,1189000,937.7160034179688
2025-09-26,919.6900024414062,938.1400146484375,916.7000122070312,936.0,891400,932.6859985351563
2025-09-29,942.0599975585938,954.5599975585938,939.239990234375,940.8499755859375,1023000,931.2999877929688
2025-09-30,939.0999755859375,941.6500244140625,904.5,920.280029296875,1415400,929.8219970703125
2025-10-01,920.9400024414062,935.0,892.25,912.4299926757812,1829900,925.6339965820313
2025-10-02,911.6699829101562,915.0499877929688,895.5399780273438,910.0999755859375,1511800,923.9319946289063
2025-10-03,913.6500244140625,919.7000122070312,908.3300170898438,912.3599853515625,1166400,919.2039916992187
2025-10-06,904.02001953125,929.760009765625,895.5399780273438,912.8400268554688,1287800,913.602001953125
2025-10-07,914.0,915.7999877929688,893.3599853515625,904.239990234375,1194900,910.393994140625
2025-10-08,910.0,920.3400268554688,907.3300170898438,914.3200073242188,1090600,910.7719970703125
2025-10-09,903.9000244140625,919.6500244140625,893.72998046875,917.9500122070312,1039400,912.3420043945313
2025-10-10,920.0,928.0,887.3099975585938,888.7100219726562,1403900,907.61201171875
2025-10-13,897.0399780273438,925.760009765625,892.6599731445312,923.7000122070312,1185200,909.7840087890625
2025-10-14,907.3499755859375,924.27001953125,897.3699951171875,911.260009765625,879000,911.1880126953125
2025-10-15,918.0,922.0999755859375,899.7000122070312,903.0499877929688,763400,908.9340087890625
2025-10-16,913.969970703125,929.0,888.0700073242188,894.489990234375,1078400,904.2420043945312
2025-10-17,890.0,906.530029296875,887.9500122070312,903.5999755859375,840100,907.2199951171875
2025-10-20,906.6400146484375,922.02001953125,906.3499755859375,917.5499877929688,1071600,905.989990234375
2025-10-21,917.5,944.4400024414062,910.280029296875,941.5,1259800,912.03798828125
2025-10-22,941.7899780273438,948.0,927.9000244140625,935.6500244140625,1214600,918.5579956054687
2025-10-23,931.1900024414062,944.5800170898438,928.0,939.1699829101562,844700,927.493994140625
2025-10-24,945.75,950.0,928.8800048828125,930.1699829101562,1071000,932.8079956054687
2025-10-27,944.0700073242188,951.6900024414062,937.010009765625,946.2899780273438,1147000,938.5559936523438
2025-10-28,949.3099975585938,951.0,937.9099731445312,937.9099731445312,944900,937.83798828125
2025-10-29,934.5399780273438,934.5399780273438,910.0999755859375,911.7000122070312,2686800,933.0479858398437
2025-10-30,926.72998046875,964.8300170898438,896.9299926757812,934.6799926757812,3040600,932.1499877929688
2025-10-31,943.2100219726562,947.6500244140625,903.3200073242188,919.280029296875,2374400,929.9719970703125
2025-11-03,922.1400146484375,922.1400146484375,886.02001953125,913.8400268554688,1746600,923.4820068359375
2025-11-04,900.0,908.6300048828125,876.5499877929688,887.5700073242188,1944900,913.414013671875
2025-11-05,891.6699829101562,892.6199951171875,872.2999877929688,879.6300048828125,1520800,907.0000122070312
2025-11-06,874.75,879.0,850.010009765625,858.77001953125,2046200,891.818017578125
2025-11-07,851.3400268554688,863.0999755859375,840.5499877929688,861.8699951171875,1632500,880.3360107421875
2025-11-10,863.8599853515625,868.5999755859375,851.1699829101562,866.2999877929688,1408900,870.8280029296875
2025-11-11,863.4299926757812,870.6500244140625,859.3300170898438,860.6699829101562,1035400,865.447998046875
2025-11-12,868.7100219726562,870.0,849.1699829101562,864.0399780273438,1520700,862.3299926757812
2025-11-13,852.3800048828125,863.0,843.97998046875,849.6900024414062,1629400,860.5139892578125
2025-11-14,841.989990234375,865.3200073242188,839.0499877929688,850.4299926757812,1183500,858.2259887695312
2025-11-17,846.9199829101562,853.47998046875,828.2100219726562,835.7899780273438,1140200,852.1239868164063
2025-11-18,827.0800170898438,835.0,811.6099853515625,817.969970703125,1528100,843.583984375
2025-11-19,816.6599731445312,821.1400146484375,807.5700073242188,816.4500122070312,1915400,834.0659912109375
2025-11-20,830.5,831.6900024414062,797.280029296875,800.4600219726562,1619100,824.2199951171875
2025-11-21,802.2999877929688,819.6099853515625,795.0,813.4299926757812,1470800,816.8199951171875
2025-11-24,813.4000244140625,819.489990234375,803.8099975585938,815.8400268554688,1789400,812.8300048828125
2025-11-25,812.3699951171875,830.9000244140625,811.0,825.3099975585938,1456000,814.2980102539062
2025-11-26,817.25,822.02001953125,799.8400268554688,802.719970703125,2007100,811.552001953125
2025-11-28,808.0,814.0,805.010009765625,812.4099731445312,904100,813.9419921875
