Date,Open,High,Low,Close,Volume,Dividends,Stock Splits,MA5
2021-01-08 00:00:00-05:00,13.325028278582424,13.38336356753175,13.005426670817448,13.239518165588379,292528000,0.0,0.0,13.113821601867675
2021-01-11 00:00:00-05:00,13.381119906111909,13.921849917900058,13.32502802714216,13.583301544189453,518344000,0.0,0.0,13.21513671875
2021-01-12 00:00:00-05:00,13.7139336394329,13.71592883730901,13.307577070665623,13.446934700012207,291476000,0.0,0.0,13.231091499328613
2021-01-13 00:00:00-05:00,13.45216824681422,13.586789879363465,13.34746316660913,13.49380111694336,210028000,0.0,0.0,13.414026641845703
2021-01-14 00:00:00-05:00,13.53693302640676,13.561613379423017,13.143539497208097,13.163233757019043,283120000,0.0,0.0,13.385357856750488
2021-01-15 00:00:00-05:00,13.190906014849554,13.287883293274248,12.81247076358303,12.823439598083496,277780000,0.0,0.0,13.302142143249512
2021-01-19 00:00:00-05:00,12.979748217546279,13.057280388815155,12.807981463243154,12.988723754882812,226188000,0.0,0.0,13.183226585388184
2021-01-20 00:00:00-05:00,13.07497782342554,13.392834271304542,13.020132717285442,13.328266143798828,258572000,0.0,0.0,13.159492874145508
2021-01-21 00:00:00-05:00,13.380869233947863,13.959991048301735,13.215833672489648,13.82861042022705,337780000,0.0,0.0,13.226454734802246
2021-01-22 00:00:00-05:00,13.701466685293624,13.802931705716695,13.589032833311224,13.674043655395508,246820000,0.0,0.0,13.328616714477539
2021-01-25 00:00:00-05:00,13.743101253478759,13.789720219870421,13.199380371226189,13.614961624145508,251112000,0.0,0.0,13.486921119689942
2021-01-26 00:00:00-05:00,13.542416475351589,13.606486294408791,13.349957856187535,13.397574424743652,163980000,0.0,0.0,13.56869125366211
2021-01-27 00:00:00-05:00,13.19289858121172,13.19564126498745,12.75787222578399,12.881525039672852,371272000,0.0,0.0,13.479343032836914
2021-01-28 00:00:00-05:00,12.959803578675862,13.302340407127636,12.924153447665297,13.014399528503418,228316000,0.0,0.0,13.316500854492187
2021-01-29 00:00:00-05:00,13.038330363059282,13.297352247264891,12.87528907380365,12.953319549560547,271552000,0.0,0.0,13.172356033325196
2021-02-01 00:00:00-05:00,13.016646669284185,13.233536494186444,12.866568401432255,13.199881553649902,217204000,0.0,0.0,13.089340019226075
2021-02-02 00:00:00-05:00,13.361176112515281,13.533939513350386,13.248242969774687,13.518733024597168,220440000,0.0,0.0,13.113571739196777
2021-02-03 00:00:00-05:00,13.597759985933012,13.89268122482267,13.478595893291107,13.49255657196045,245408000,0.0,0.0,13.235778045654296
2021-02-04 00:00:00-05:00,13.493052343584033,13.635152625160268,13.30034461140428,13.62592887878418,201340000,0.0,0.0,13.358083915710449
2021-02-05 00:00:00-05:00,13.686512931697463,13.698728527166663,13.50776486683177,13.552887916564941,169152000,0.0,0.0,13.477997589111329
2021-02-08 00:00:00-05:00,13.688756093800874,14.433162770962314,13.688756093800874,14.398261070251465,434624000,0.0,0.0,13.71767349243164
2021-02-09 00:00:00-05:00,14.300535315470242,14.542355599688753,14.182617019413179,14.22325325012207,287560000,0.0,0.0,13.858577537536622
2021-02-10 00:00:00-05:00,14.422692359371814,14.863203179355986,14.301283892068875,14.722847938537598,485352000,0.0,0.0,14.10463581085205
2021-02-11 00:00:00-05:00,14.938241392149193,15.229422356874197,14.883146161796272,15.207982063293457,450828000,0.0,0.0,14.421046447753906
2021-02-12 00:00:00-05:00,15.007796320212169,15.248369834422629,14.733566916671759,14.919295310974121,374756000,0.0,0.0,14.694327926635742
2021-02-16 00:00:00-05:00,15.02200431508525,15.329390295174722,14.908074531360281,15.28725814819336,321960000,0.0,0.0,14.872127342224122
2021-02-17 00:00:00-05:00,15.128454926659813,15.180808421709868,14.738551627972099,14.864198684692383,274756000,0.0,0.0,15.000316429138184
2021-02-18 00:00:00-05:00,14.687694606829579,14.831539993564954,14.534126197463962,14.78741455078125,233868000,0.0,0.0,15.013229751586914
2021-02-19 00:00:00-05:00,14.982367357934063,15.134439861142546,14.80511617951891,14.884642601013184,271724000,0.0,0.0,14.948561859130859
2021-02-22 00:00:00-05:00,14.733314367609095,15.090809443306608,14.28482573264183,14.315489768981934,325884000,0.0,0.0,14.827800750732422
2021-02-23 00:00:00-05:00,14.03578021297403,14.198822514035365,13.351953168163426,14.102343559265137,391780000,0.0,0.0,14.590817832946778
2021-02-24 00:00:00-05:00,14.083145503096832,14.466068467380678,13.717423274073871,14.45833969116211,448320000,0.0,0.0,14.509646034240722
2021-02-25 00:00:00-05:00,14.006109985240899,14.334436956835148,13.179186186601912,13.270179748535156,824436000,0.0,0.0,14.206199073791504
2021-02-26 00:00:00-05:00,13.71393515359349,13.815649363507847,13.323533467731098,13.676042556762695,500932000,0.0,0.0,13.964479064941406
2021-03-01 00:00:00-05:00,13.836091261293221,13.885951239822205,13.515243835324203,13.802934646606445,353184000,0.0,0.0,13.861968040466309
2021-03-02 00:00:00-05:00,13.861020214199105,13.881462909178813,13.358433857283094,13.36865520477295,264116000,0.0,0.0,13.715230369567871
2021-03-03 00:00:00-05:00,13.388598869860433,13.413777543276217,12.762858052083374,12.768841743469238,377592000,0.0,0.0,13.377330780029297
2021-03-04 00:00:00-05:00,12.764851636975537,12.938613575131294,12.049862368433251,12.335558891296387,573344000,0.0,0.0,13.190406608581544
2021-03-05 00:00:00-05:00,12.514805563806275,12.514805563806275,11.646497027872458,12.426553726196289,542840000,0.0,0.0,12.940508842468262
2021-03-08 00:00:00-05:00,12.415087507609316,12.436277690098503,11.53406492027041,11.56074047088623,543112000,0.0,0.0,12.49207000732422
2021-03-09 00:00:00-05:00,12.100407665853615,12.585710586701868,12.029582238014875,12.489448547363281,521824000,0.004,0.0,12.316228675842286
2021-03-10 00:00:00-05:00,12.808911083089319,12.948067565563633,12.42685387625009,12.437577247619629,384376000,0.0,0.0,12.249975776672363
2021-03-11 00:00:00-05:00,12.918142518050555,13.014156273626458,12.703172774674462,12.961535453796387,299916000,0.0,0.0,12.375171089172364
2021-03-12 00:00:00-05:00,12.617134944070317,12.857043763325269,12.559028764148305,12.824374198913574,243964000,0.0,0.0,12.45473518371582
2021-03-15 00:00:00-04:00,12.83310149724649,13.174260154911902,12.735841507996014,13.158798217773438,221988000,0.0,0.0,12.774346733093262
2021-03-16 00:00:00-04:00,13.323639558080519,13.479255898576616,13.0844794904959,13.258550643920898,272128000,0.0,0.0,12.928167152404786
2021-03-17 00:00:00-04:00,13.007671116067991,13.420153700648893,12.957544682409727,13.308429718017578,243864000,0.0,0.0,13.102337646484376
2021-03-18 00:00:00-04:00,13.104183238028991,13.151566040742917,12.685714900401814,12.691201210021973,293896000,0.0,0.0,13.048270797729492
2021-03-19 00:00:00-04:00,12.718633648966629,12.88971194628079,12.58147210380223,12.81414794921875,299208000,0.0,0.0,13.046225547790527
2021-03-22 00:00:00-04:00,12.880982909051182,13.361547266325193,12.874997152443814,13.153809547424316,297804000,0.0,0.0,13.045227813720704
2021-03-23 00:00:00-04:00,13.2216411794173,13.311669159623857,12.98921460896582,13.038593292236328,222048000,0.0,0.0,13.00123634338379
2021-03-24 00:00:00-04:00,13.118895409337917,13.126876100797682,12.605661508156414,12.611895561218262,245840000,0.0,0.0,12.861929512023925
2021-03-25 00:00:00-04:00,12.468749258322461,12.6834697198719,12.241808987248234,12.504410743713379,295144000,0.0,0.0,12.824571418762208
2021-03-26 00:00:00-04:00,12.523614443030619,12.82462229390924,12.343059962632033,12.807663917541504,363968000,0.0,0.0,12.823274612426758
2021-03-29 00:00:00-04:00,12.788709827744805,13.030364297959583,12.668755911865413,12.91639518737793,273520000,0.0,0.0,12.77579174041748
2021-03-30 00:00:00-04:00,12.810408344776906,12.943330782149033,12.673745284717413,12.84008502960205,200204000,0.0,0.0,12.736090087890625
2021-03-31 00:00:00-04:00,12.983481725827332,13.437362342286544,12.950562913977166,13.315413475036621,314776000,0.0,0.0,12.876793670654298
2021-04-01 00:00:00-04:00,13.538862038226707,13.835879080768066,13.47801127894021,13.777772903442383,308276000,0.0,0.0,13.131466102600097
2021-04-05 00:00:00-04:00,13.833384093236818,13.979523315095443,13.699214481896792,13.953088760375977,255672000,0.0,0.0,13.360551071166991
2021-04-06 00:00:00-04:00,13.96531045972212,14.019676015663661,13.739617343870526,13.827400207519531,191744000,0.0,0.0,13.542752075195313
2021-04-07 00:00:00-04:00,13.846602230892788,14.208459897547266,13.677769060228261,14.1087064743042,251284000,0.0,0.0,13.796476364135742
2021-04-08 00:00:00-04:00,14.217688306990038,14.435900177020958,14.213946732959487,14.281780242919922,244416000,0.0,0.0,13.989749717712403
2021-04-09 00:00:00-04:00,14.179033078443032,14.372556078838363,14.14012946049153,14.364575386047363,195172000,0.0,0.0,14.107110214233398
2021-04-12 00:00:00-04:00,14.254594239039143,15.314729508363083,14.104464204609696,15.171582221984863,869324000,0.0,0.0,14.350808906555176
2021-04-13 00:00:00-04:00,15.194029461631905,15.661377066442782,15.088539527921586,15.6409273147583,676212000,0.0,0.0,14.71351432800293
2021-04-14 00:00:00-04:00,15.58656052594978,15.68182557627376,15.190038388116491,15.23941707611084,385500000,0.0,0.0,14.939656448364257
2021-04-15 00:00:00-04:00,15.623968769706602,16.174361581809492,15.593044896398382,16.097551345825195,598480000,0.0,0.0,15.302810668945312
2021-04-16 00:00:00-04:00,16.013507430530804,16.12598105828335,15.82621945225456,15.873353958129883,335208000,0.0,0.0,15.604566383361817
2021-04-19 00:00:00-04:00,15.498278823834138,15.768612048726274,15.195525285421995,15.323958396911621,404420000,0.0,0.0,15.635041618347168
2021-04-20 00:00:00-04:00,15.28555384611717,15.458876336209281,14.926190558835732,15.133928298950195,334132000,0.0,0.0,15.533641815185547
2021-04-21 00:00:00-04:00,15.0815550200728,15.32470592597656,15.06509609224263,15.322710990905762,216776000,0.0,0.0,15.550300598144531
2021-04-22 00:00:00-04:00,15.337175698398932,15.400519884321316,14.747130576116172,14.813716888427734,277788000,0.0,0.0,15.29353370666504
2021-04-23 00:00:00-04:00,14.89750944608486,15.29727370248584,14.863593646617081,15.22769546508789,227500000,0.0,0.0,15.16440200805664
2021-04-26 00:00:00-04:00,15.147644806930623,15.44092122976747,15.087791990367876,15.439923286437988,197796000,0.0,0.0,15.187594985961914
2021-04-27 00:00:00-04:00,15.540173958472135,15.63194762998392,15.316725060501184,15.343908309936523,164572000,0.0,0.0,15.22959098815918
2021-04-28 00:00:00-04:00,15.32670177309296,15.494039448295446,15.178068161200418,15.239167213439941,209416000,0.0,0.0,15.212882232666015
2021-04-29 00:00:00-04:00,15.362113842578646,15.39852402553531,15.034422195968673,15.287049293518066,173196000,0.0,0.0,15.307548713684081
2021-04-30 00:00:00-04:00,15.137169225880765,15.327199878603071,14.960105175895864,14.972574234008789,201912000,0.0,0.0,15.256524467468262
2021-05-03 00:00:00-04:00,15.08779089742156,15.209241257751458,14.751121563712845,14.800250053405762,203912000,0.0,0.0,15.128589820861816
2021-05-04 00:00:00-04:00,14.601240371190695,14.601489619166298,13.975783018917165,14.315943717956543,405324000,0.0,0.0,14.92299690246582
2021-05-05 00:00:00-04:00,14.672811280696902,14.77705494943164,14.352102437848046,14.422927856445312,292024000,0.0,0.0,14.759749031066894
2021-05-06 00:00:00-04:00,14.459588610408613,14.53540184870253,14.18302136153679,14.48727035522461,193380000,0.0,0.0,14.599793243408204
2021-05-07 00:00:00-04:00,14.771823231628737,14.93392292290746,14.635658653785661,14.775813102722168,229328000,0.0,0.0,14.560441017150879
2021-05-10 00:00:00-04:00,14.750872395980661,14.769576460567666,14.214944484231708,14.230655670166016,268904000,0.0,0.0,14.44652214050293
2021-05-11 00:00:00-04:00,13.790985634858949,14.319432141345235,13.716170350485529,14.271051406860352,285584000,0.0,0.0,14.437543678283692
2021-05-12 00:00:00-04:00,13.975035218815083,14.225168896948256,13.675524752489777,13.724653244018555,303408000,0.0,0.0,14.29788875579834
2021-05-13 00:00:00-04:00,13.999225058319066,14.046110316134385,13.42588905794775,13.631631851196289,285404000,0.0,0.0,14.126761054992675
2021-05-14 00:00:00-04:00,13.855829803441582,14.292752013541277,13.714677433186372,14.207961082458496,258616000,0.0,0.0,14.013190650939942
2021-05-17 00:00:00-04:00,14.122172285711322,14.134392096499555,13.819419695219413,14.130651473999023,216980000,0.0,0.0,13.993189811706543
2021-05-18 00:00:00-04:00,14.231902003595811,14.368814302100715,13.96954852184947,13.981269836425781,186256000,0.0,0.0,13.93523349761963
2021-05-19 00:00:00-04:00,13.533123876129947,14.044862298330735,13.509931447897435,14.031146049499512,344000000,0.0,0.0,13.99653205871582
2021-05-20 00:00:00-04:00,14.267313661284234,14.647626114558799,14.23539279664413,14.57655143737793,321592000,0.0,0.0,14.185515975952148
2021-05-21 00:00:00-04:00,15.126445108164015,15.184552232588912,14.832919461611446,14.95486831665039,672992000,0.0,0.0,14.334897422790528
2021-05-24 00:00:00-04:00,15.175074181777035,15.706264404068651,15.138664001057602,15.573592185974121,554816000,0.0,0.0,14.623485565185547
2021-05-25 00:00:00-04:00,15.727216706047216,15.779587331962556,15.444414374776022,15.609257698059082,435408000,0.0,0.0,14.949083137512208
2021-05-26 00:00:00-04:00,15.69554295501756,15.754896323009897,15.547907279022002,15.661376953125,370440000,0.0,0.0,15.275129318237305
2021-05-27 00:00:00-04:00,15.661128802147099,15.711255241190996,15.421968674803152,15.449899673461914,581476000,0.0,0.0,15.449798965454102
2021-05-28 00:00:00-04:00,15.462868522430515,16.237458110287374,15.462868522430515,16.204538345336914,644536000,0.0,0.0,15.699732971191406
2021-06-01 00:00:00-04:00,16.229976473614617,16.347935473642835,15.864127958324758,16.224489212036133,472804000,0.0,0.0,15.829912376403808
2021-06-02 00:00:00-04:00,16.21226777374694,16.877128178251017,16.195558646312733,16.73697280883789,594168000,0.0,0.0,16.05545539855957
2021-06-03 00:00:00-04:00,16.659662203794827,17.21653919121197,16.542201731687715,16.92799949645996,580008000,0.0,0.0,16.308779907226562
2021-06-04 00:00:00-04:00,17.070399745238127,17.61755040818045,17.053443272743788,17.535005569458008,617120000,0.0,0.0,16.725801086425783
2021-06-07 00:00:00-04:00,17.528020079725916,17.768675615133215,17.15045132468314,17.575651168823242,575756000,0.0,0.0,17.000023651123048
2021-06-08 00:00:00-04:00,17.4841296925654,17.578147544430767,17.20855848653228,17.414052963256836,323848000,0.0,0.0,17.237936401367186
2021-06-09 00:00:00-04:00,17.476668838830243,17.53578651537841,17.21724873586014,17.31951904296875,381656000,0.004,0.0,17.35444564819336
2021-06-10 00:00:00-04:00,17.311284529275444,17.452967859710565,17.137673016665815,17.38611602783203,287772000,0.0,0.0,17.446068954467773
2021-06-11 00:00:00-04:00,17.44049548819086,17.89922071360538,17.40482582522779,17.78547477722168,416308000,0.0,0.0,17.496162796020506
2021-06-14 00:00:00-04:00,17.866044815690444,17.99924607215233,17.623337708587435,17.97854232788086,321376000,0.0,0.0,17.576741027832032
2021-06-15 00:00:00-04:00,17.875022883618865,17.97604663575129,17.68843990745718,17.748804092407227,243032000,0.0,0.0,17.64369125366211
2021-06-16 00:00:00-04:00,17.751050591544338,17.91468418538893,17.545259694850984,17.770505905151367,307124000,0.0,0.0,17.733888626098633
2021-06-17 00:00:00-04:00,17.73483795778775,18.79297075616805,17.71662916794355,18.615617752075195,809656000,0.0,0.0,17.979788970947265
2021-06-18 00:00:00-04:00,18.742082709800528,19.331763460015086,18.542528261234434,18.597156524658203,968856000,0.0,0.0,18.14212532043457
2021-06-21 00:00:00-04:00,18.394110948679845,18.495136607237573,17.782978507688828,18.38612937927246,672384000,0.0,0.0,18.22364273071289
2021-06-22 00:00:00-04:00,18.430282227083815,18.921434238935472,18.344972300218704,18.8446044921875,580144000,0.0,0.0,18.442802810668944
2021-06-23 00:00:00-04:00,18.965333770522275,19.110010659811476,18.865556539871367,19.01472282409668,332356000,0.0,0.0,18.69164619445801
2021-06-24 00:00:00-04:00,19.184844909364667,19.37666521172069,19.045654629248613,19.162643432617188,320924000,0.0,0.0,18.801051330566406
2021-06-25 00:00:00-04:00,19.237476542149953,19.302332029426786,18.852338209521378,18.98853302001953,278364000,0.0,0.0,18.879326629638673
2021-06-28 00:00:00-04:00,19.31804423186524,20.0339437763487,19.275888834778623,19.94040298461914,495436000,0.0,0.0,19.19018135070801
2021-06-29 00:00:00-04:00,19.838128621240415,20.053895490873828,19.61313175506694,19.982057571411133,367632000,0.0,0.0,19.417671966552735
2021-06-30 00:00:00-04:00,19.954621891960947,20.117507567563237,19.819424307190975,19.95786476135254,326568000,0.0,0.0,19.606300354003906
2021-07-01 00:00:00-04:00,20.080096764537657,20.41035760760576,19.974332375244707,20.166902542114258,480136000,0.0,0.0,19.80715217590332
2021-07-02 00:00:00-04:00,20.39463938213588,20.45949487196704,20.242479523162306,20.4412841796875,342764000,0.0,0.0,20.097702407836913
2021-07-06 00:00:00-04:00,20.691221944768234,20.795488562446426,20.30483712715848,20.65230941772461,446708000,0.0,0.0,20.240083694458008
2021-07-07 00:00:00-04:00,20.806967540702345,20.828419199873718,20.286631589318432,20.326292037963867,418428000,0.0,0.0,20.308930587768554
2021-07-08 00:00:00-04:00,19.812189314423424,20.088071080613446,19.656786608504444,19.858335494995117,503300000,0.0,0.0,20.28902473449707
2021-07-09 00:00:00-04:00,19.917949051250865,20.03543643453273,19.71016375978145,20.005502700805664,296624000,0.0,0.0,20.25674476623535
2021-07-12 00:00:00-04:00,20.194833408061367,20.48692953104882,20.142700097359224,20.466726303100586,321984000,0.0,0.0,20.26183319091797
2021-07-13 00:00:00-04:00,20.35497267160728,20.41558805833223,20.069113012281623,20.204809188842773,290708000,0.0,0.0,20.1723331451416
2021-07-14 00:00:00-04:00,20.312322668503903,20.372188248728314,19.70867315158552,19.797224044799805,380100000,0.0,0.0,20.06651954650879
2021-07-15 00:00:00-04:00,19.76753957121302,19.802710619931563,18.816415909806356,18.923925399780273,550564000,0.0,0.0,19.87963752746582
2021-07-16 00:00:00-04:00,18.988032725090143,19.114249610724638,18.032668986212673,18.120471954345703,688224000,0.0,0.0,19.502631378173827
2021-07-19 00:00:00-04:00,17.875271703441314,18.999506326648362,17.825631445000248,18.737842559814453,749060000,0.0,0.0,19.1568546295166
2021-07-20 00:00:00-04:00,18.68820179026465,18.795960580206206,18.12346488761401,18.570465087890625,434687000,0.0,4.0,18.82998580932617
2021-07-21 00:00:00-04:00,18.83986423648893,19.48342535694125,18.700177259556888,19.36668586730957,371017000,0.0,0.0,18.743878173828126
2021-07-22 00:00:00-04:00,19.59816711341448,19.84261930571644,19.232982752333722,19.550273895263672,323826000,0.0,0.0,18.869147872924806
2021-07-23 00:00:00-04:00,19.612139415403593,19.65604185729442,19.207045233457105,19.514358520507812,195672000,0.0,0.0,19.147925186157227
2021-07-26 00:00:00-04:00,19.267910216356587,19.398616517231275,18.87179481933325,19.250947952270508,203943000,0.0,0.0,19.250546264648438
2021-07-27 00:00:00-04:00,19.222010259561046,19.578213977499203,18.69917937861263,19.165138244628906,248863000,0.0,0.0,19.369480895996094
2021-07-28 00:00:00-04:00,19.27588707854818,19.60215699543012,18.95261072554939,19.459476470947266,202191000,0.0,0.0,19.38803901672363
2021-07-29 00:00:00-04:00,19.475443459730137,19.808699693651445,19.284869681606036,19.618125915527344,190781000,0.0,0.0,19.401609420776367
2021-07-30 00:00:00-04:00,19.374663880076007,19.586190650498583,19.22001101345894,19.45548439025879,183497000,0.0,0.0,19.389834594726562
2021-08-02 00:00:00-04:00,19.656037331339196,19.916454551964733,19.31779315905893,19.70592498779297,217444000,0.0,0.0,19.480830001831055
2021-08-03 00:00:00-04:00,19.695947175204367,20.176871874335998,19.177107171863515,19.770780563354492,301811000,0.0,0.0,19.60195846557617
2021-08-04 00:00:00-04:00,19.945391220735015,20.272660294584725,19.78375207608851,20.228757858276367,231309000,0.0,0.0,19.75581474304199
2021-08-05 00:00:00-04:00,20.454256579946396,20.686736469006593,20.29660819505483,20.59095001220703,211435000,0.0,0.0,19.95037956237793
2021-08-06 00:00:00-04:00,20.47820503972447,20.524101928122093,20.16490458584402,20.320556640625,178497000,0.0,0.0,20.123394012451172
2021-08-09 00:00:00-04:00,20.400372185145788,20.46223410099579,20.098048857451968,20.249710083007812,146443000,0.0,0.0,20.23215103149414
2021-08-10 00:00:00-04:00,20.276646316515208,20.384405086604808,19.790731776342344,19.891508102416992,179238000,0.0,0.0,20.25629653930664
2021-08-11 00:00:00-04:00,19.998272961888595,20.004260090424093,19.386641917461688,19.655040740966797,185925000,0.0,0.0,20.141553115844726
2021-08-12 00:00:00-04:00,19.825662510999912,19.984306207882916,19.576220366137818,19.860584259033203,151652000,0.0,0.0,19.99547996520996
2021-08-13 00:00:00-04:00,19.86058065307714,20.16889110337351,19.806700306984172,20.142948150634766,183063000,0.0,0.0,19.959958267211913
2021-08-16 00:00:00-04:00,20.09006989391872,20.241731139141816,19.40959063441719,19.90548324584961,210876000,0.0,0.0,19.891112899780275
2021-08-17 00:00:00-04:00,19.64107405193435,19.725885371220297,19.224007514423867,19.414581298828125,204585000,0.0,0.0,19.7957275390625
2021-08-18 00:00:00-04:00,19.456483452348944,19.590185192021558,18.957599261263073,18.99751091003418,285913000,0.0,0.0,19.664221572875977
2021-08-19 00:00:00-04:00,19.45049795314663,20.449265542336242,18.720131086069024,19.753820419311523,766555000,0.0,0.0,19.64286880493164
2021-08-20 00:00:00-04:00,19.946392332251655,20.818442681603692,19.888523090251827,20.76955223083496,675741000,0.0,0.0,19.76818962097168
2021-08-23 00:00:00-04:00,20.924201575683597,21.947911015070833,20.903248530842916,21.908998489379883,575807000,0.0,0.0,20.168892669677735
2021-08-24 00:00:00-04:00,21.70445785017865,21.909997531385216,21.48694391201485,21.744367599487305,297299000,0.0,0.0,20.63484992980957
2021-08-25 00:00:00-04:00,21.68849539272734,22.419859572593847,21.673529472839984,22.163433074951172,347701000,0.0,0.0,21.268034362792967
2021-08-26 00:00:00-04:00,22.15046036413365,22.29014733822545,21.741375451642853,22.018754959106445,237940000,0.0,0.0,21.721021270751955
2021-08-27 00:00:00-04:00,22.134496340275508,22.671295897934026,22.1175340779144,22.585487365722656,304722000,0.0,0.0,22.084208297729493
2021-08-30 00:00:00-04:00,22.779060143567747,22.991584229455466,22.500683336395806,22.63737678527832,262580000,0.0,0.0,22.22988395690918
2021-08-31 00:00:00-04:00,22.648349605435055,22.648349605435055,22.07453267310366,22.338987350463867,259850000,0.004,0.0,22.348807907104494
2021-09-01 00:00:00-04:00,22.4387809369474,22.650345047811708,22.311043792069864,22.39487075805664,201767000,0.0,0.0,22.395095443725587
2021-09-02 00:00:00-04:00,22.47171310768264,22.546559703912333,22.2491719184046,22.349964141845703,187834000,0.0,0.0,22.461337280273437
2021-09-03 00:00:00-04:00,22.279112296634487,22.93875292763135,22.15436923092753,22.79604721069336,280532000,0.0,0.0,22.50344924926758
2021-09-07 00:00:00-04:00,22.786067428844145,22.85193175199729,22.475705860557778,22.615419387817383,198107000,0.0,0.0,22.49905776977539
2021-09-08 00:00:00-04:00,22.466723400904264,22.563524132265776,21.931823984385463,22.293081283569336,254434000,0.0,0.0,22.489876556396485
2021-09-09 00:00:00-04:00,22.266137144440457,22.491672425697235,22.08550944017978,22.13141441345215,196856000,0.0,0.0,22.437185287475586
2021-09-10 00:00:00-04:00,22.30206317714799,22.579491625302524,22.224224389626503,22.43179702758789,248376000,0.0,0.0,22.453551864624025
2021-09-13 00:00:00-04:00,22.63737624576519,22.91680143040649,21.81307375933028,22.106470108032227,297500000,0.0,0.0,22.315636444091798
2021-09-14 00:00:00-04:00,22.229214551396048,22.36393729454732,22.04060385304118,22.1962833404541,199755000,0.0,0.0,22.231809234619142
2021-09-15 00:00:00-04:00,22.263146368487078,22.321027719408647,21.920850955366735,22.295080184936523,166538000,0.0,0.0,22.23220901489258
2021-09-16 00:00:00-04:00,22.137404596562575,22.231211247556853,21.881930273101137,22.1962833404541,156033000,0.0,0.0,22.24518280029297
2021-09-17 00:00:00-04:00,22.25416170484627,22.275118448091163,21.78512847263095,21.854984283447266,294503000,0.0,0.0,22.129820251464842
2021-09-20 00:00:00-04:00,21.102528444288115,21.38893909101519,20.619524186589103,21.069597244262695,349440000,0.0,0.0,21.922445678710936
2021-09-21 00:00:00-04:00,21.37297767708859,21.380960654634446,20.90693852871404,21.202329635620117,204688000,0.0,0.0,21.72365493774414
2021-09-22 00:00:00-04:00,21.32208000784405,21.91485886480449,21.152429377866472,21.895898818969727,268726000,0.0,0.0,21.643818664550782
2021-09-23 00:00:00-04:00,22.094489243871266,22.488677753626337,21.845003134420406,22.435787200927734,248555000,0.0,0.0,21.691719436645506
2021-09-24 00:00:00-04:00,22.02463694288499,22.103475038068282,21.81606688764935,22.035614013671875,217655000,0.0,0.0,21.72784538269043
2021-09-27 00:00:00-04:00,21.665374981095614,21.754192745335704,21.281168009429962,21.615478515625,245215000,0.0,0.0,21.83702163696289
2021-09-28 00:00:00-04:00,21.17039292521659,21.374971448404203,20.608548606029547,20.656450271606445,343069000,0.0,0.0,21.727845764160158
2021-09-29 00:00:00-04:00,20.896953763641275,20.973795138225515,20.424924641972414,20.474822998046875,218394000,0.0,0.0,21.443630599975585
2021-09-30 00:00:00-04:00,20.725311205175426,21.02269900375307,20.645475720621462,20.673418045043945,221009000,0.0,0.0,21.09115676879883
2021-10-01 00:00:00-04:00,20.70734477711829,20.8161199625749,20.16146834727318,20.69936180114746,240978000,0.0,0.0,20.823906326293944
2021-10-04 00:00:00-04:00,20.461851089635363,20.499773082317855,19.514802475612257,19.691438674926758,345635000,0.0,0.0,20.439098358154297
2021-10-05 00:00:00-04:00,19.9089926262976,20.605557809774158,19.813189288670248,20.40896224975586,279282000,0.0,0.0,20.38960075378418
2021-10-06 00:00:00-04:00,20.07864390366975,20.677409072761147,20.038725210568696,20.657451629638672,297202000,0.0,0.0,20.42612648010254
2021-10-07 00:00:00-04:00,21.048642502901718,21.27817116327567,20.928890239898514,21.031679153442383,256919000,0.0,0.0,20.497778701782227
2021-10-08 00:00:00-04:00,21.057624845328608,21.162408551642596,20.73229475421555,20.788179397583008,151258000,0.0,0.0,20.515542221069335
2021-10-11 00:00:00-04:00,20.532705933838944,21.019701745235178,20.468836413759362,20.65245819091797,163388000,0.0,0.0,20.70774612426758
2021-10-12 00:00:00-04:00,20.785188312861532,21.013717707370695,20.48580570766781,20.628511428833008,162134000,0.0,0.0,20.751655960083006
2021-10-13 00:00:00-04:00,20.87500311019732,20.946855619421928,20.670424556091195,20.895959854125977,180652000,0.0,0.0,20.799357604980468
2021-10-14 00:00:00-04:00,21.24424280701027,21.710281948455567,21.078583653114016,21.70130157470703,243589000,0.0,0.0,20.933282089233398
2021-10-15 00:00:00-04:00,21.765169217756938,21.885920792719308,21.6174746181001,21.817062377929688,226994000,0.0,0.0,21.139058685302736
2021-10-18 00:00:00-04:00,21.70429374523038,22.245179438302365,21.599508134493956,22.176321029663086,189494000,0.0,0.0,21.44383125305176
2021-10-19 00:00:00-04:00,22.23021142807593,22.333000354248618,21.991704268986588,22.244184494018555,161473000,0.0,0.0,21.766965866088867
2021-10-20 00:00:00-04:00,22.259152047447255,22.38688920042201,21.936816024402503,22.057567596435547,146276000,0.0,0.0,21.999287414550782
2021-10-21 00:00:00-04:00,22.05157523880334,22.66431335655304,22.037604079563785,22.64535140991211,187590000,0.0,0.0,22.188097381591795
2021-10-22 00:00:00-04:00,22.776087696887597,23.082455872198555,22.51462710104004,22.67928695678711,249384000,0.0,0.0,22.36054229736328
2021-10-25 00:00:00-04:00,22.92577932097551,23.306994101972588,22.72319746404904,23.118383407592773,230235000,0.0,0.0,22.54895477294922
2021-10-26 00:00:00-04:00,23.939690683779567,25.207080642552555,23.874823758987613,24.66619300842285,485898000,0.0,0.0,23.03335647583008
2021-10-27 00:00:00-04:00,24.423691198422762,25.03842414765746,24.232084541266754,24.400737762451172,245990000,0.0,0.0,23.501990509033202
2021-10-28 00:00:00-04:00,24.826864037496623,24.89871654547079,24.47259418957567,24.889734268188477,234204000,0.0,0.0,23.950867080688475
2021-10-29 00:00:00-04:00,24.94960969141113,25.656154574337645,24.94861229510661,25.514446258544922,292503000,0.0,0.0,24.517898941040038
2021-11-01 00:00:00-04:00,25.59627881018903,25.84077414831852,25.17514534532995,25.77391242980957,265740000,0.0,0.0,25.049004745483398
2021-11-02 00:00:00-04:00,25.76892649663861,26.623166086895225,25.74697045110816,26.34673500061035,294112000,0.0,0.0,25.385113143920897
2021-11-03 00:00:00-04:00,26.61517983790427,26.728945830452645,26.18107451423238,26.54332733154297,239910000,0.0,0.0,25.813631057739258
2021-11-04 00:00:00-04:00,27.17302698343725,31.30052452350246,27.06225509891964,29.7397403717041,1153631000,0.0,0.0,26.783632278442383
2021-11-05 00:00:00-04:00,30.12495081284974,31.335456833245594,29.34954751211164,29.690845489501953,851260000,0.0,0.0,27.618912124633788
2021-11-08 00:00:00-05:00,30.087024548981766,31.036069844483087,29.845521436248426,30.740678787231445,503101000,0.0,0.0,28.612265396118165
2021-11-09 00:00:00-05:00,32.215644336725056,32.243586659600666,29.9024083019337,30.593982696533203,646746000,0.0,0.0,29.461714935302734
2021-11-10 00:00:00-05:00,29.295656214442552,30.78658460535375,28.718843340660385,29.3984432220459,636206000,0.0,0.0,30.03273811340332
2021-11-11 00:00:00-05:00,30.40536867893391,30.527117630014917,29.715789152575233,30.32752799987793,332172000,0.0,0.0,30.150295639038085
2021-11-12 00:00:00-05:00,29.948309986730987,30.61693277323378,29.569090070156268,30.32752799987793,413054000,0.0,0.0,30.27763214111328
2021-11-15 00:00:00-05:00,30.4892007220748,30.581010672915156,29.186882831682748,29.96328353881836,384909000,0.0,0.0,30.122153091430665
2021-11-16 00:00:00-05:00,29.697829247202147,30.3275308006158,29.644936791171745,30.140914916992188,264484000,0.0,0.0,30.031539535522462
2021-11-17 00:00:00-05:00,30.355474709419386,30.446289165355424,28.740800497149056,29.20085334777832,428508000,0.0,0.0,29.992021560668945
2021-11-18 00:00:00-05:00,32.300470838936384,32.69266078141231,31.25661944023778,31.609891891479492,781711000,0.0,0.0,30.248494338989257
2021-11-19 00:00:00-05:00,32.17672282311157,33.01998709870693,31.839418254930216,32.917198181152344,533867000,0.0,0.0,30.76642837524414
2021-11-22 00:00:00-05:00,33.44810439942293,34.57578276040281,31.834429453313092,31.89031410217285,754335000,0.0,0.0,31.15183448791504
2021-11-23 00:00:00-05:00,31.470179349441892,32.29348431531338,30.816525023059096,31.68074607849121,532163000,0.0,0.0,31.459800720214844
2021-11-24 00:00:00-05:00,31.396324862137504,32.787458264671194,30.864419626497114,32.60683059692383,435162000,0.0,0.0,32.14099617004395
2021-11-26 00:00:00-05:00,32.53298515826952,32.64275964880542,31.28555659079967,31.438241958618164,283069000,0.0,0.0,32.10666618347168
2021-11-29 00:00:00-05:00,32.29946994005568,33.34331741870342,31.97014645706555,33.30739212036133,454964000,0.0,0.0,32.18470497131348
2021-11-30 00:00:00-05:00,33.100816111812016,33.284439797778,31.798500284928068,32.608829498291016,622066000,0.0,0.0,32.32840805053711
2021-12-01 00:00:00-05:00,33.154776861217016,33.22464122012574,31.319329740346443,31.374223709106445,484368000,0.004,0.0,32.267103576660155
2021-12-02 00:00:00-05:00,31.153649310235703,32.41520534090074,30.965013655135916,32.06388473510742,472890000,0.0,0.0,32.158514404296874
2021-12-03 00:00:00-05:00,31.938133623399295,32.06688583887325,30.07174810217101,30.6336612701416,544325000,0.0,0.0,31.997598266601564
2021-12-06 00:00:00-05:00,29.822225866298243,30.182527929896484,27.98378833699991,29.978923797607422,658938000,0.0,0.0,31.33190460205078
2021-12-07 00:00:00-05:00,30.8971555680558,32.38627185620061,30.59174545827344,32.36431121826172,593053000,0.0,0.0,31.283000946044922
2021-12-08 00:00:00-05:00,31.937131175325288,32.227568898635525,31.360247705435075,31.76446533203125,475551000,0.0,0.0,31.361049270629884
2021-12-09 00:00:00-05:00,31.672647606673255,32.14273959159787,30.369172752689572,30.431053161621094,488507000,0.0,0.0,31.034482955932617
2021-12-10 00:00:00-05:00,31.08977904315852,31.24448007552964,29.803271437379514,30.139619827270508,488825000,0.0,0.0,30.9356746673584
2021-12-13 00:00:00-05:00,30.190514333100282,30.235427402083438,28.06163714769165,28.106550216674805,598344000,0.0,0.0,30.561199951171876
2021-12-14 00:00:00-05:00,27.645446231268327,28.62255352658214,27.1973149206465,28.28221321105957,667035000,0.0,0.0,29.744780349731446
2021-12-15 00:00:00-05:00,28.345092875773645,30.441033250824958,27.7841791365001,30.40011215209961,698297000,0.0,0.0,29.471909713745116
2021-12-16 00:00:00-05:00,31.091772658065082,31.099756612539498,28.038686765312615,28.332117080688477,707366000,0.0,0.0,29.052122497558592
2021-12-17 00:00:00-05:00,27.930893869344864,28.86608252956396,27.706328507960936,27.747249603271484,713758000,0.0,0.0,28.57364845275879
2021-12-20 00:00:00-05:00,27.25220994036055,28.08958664914624,27.092519430074276,27.665409088134766,461847000,0.0,0.0,28.48542022705078
2021-12-21 00:00:00-05:00,28.319142478736474,29.063700457531855,27.348022192079924,29.018787384033203,524385000,0.0,0.0,28.63273506164551
2021-12-22 00:00:00-05:00,28.8351458054204,29.497861653248666,28.393998983391853,29.34316062927246,395184000,0.0,0.0,28.421344757080078
2021-12-23 00:00:00-05:00,29.697472444063603,30.00088555963705,29.374099442198006,29.58269500732422,343022000,0.0,0.0,28.671460342407226
2021-12-27 00:00:00-05:00,29.602654581173876,31.026895635110456,29.582692792715033,30.885169982910156,403686000,0.0,0.0,29.29904441833496
2021-12-28 00:00:00-05:00,31.25146195093205,31.26942679962951,29.953974216379613,30.263376235961914,420591000,0.0,0.0,29.81863784790039
2021-12-29 00:00:00-05:00,30.214470446589925,30.488938376760974,29.309222561431618,29.942995071411133,343139000,0.0,0.0,30.003479385375975
2021-12-30 00:00:00-05:00,29.769336178213297,30.398119287491273,29.482892273989112,29.5288028717041,308864000,0.0,0.0,30.040607833862303
2021-12-31 00:00:00-05:00,29.616629435851035,29.97194206030295,29.274292165132447,29.354137420654297,266530000,0.0,0.0,29.99489631652832
2022-01-03 00:00:00-05:00,29.757360753614222,30.65162847232226,29.7274180657264,30.062768936157227,391547000,0.0,0.0,29.830416107177733
2022-01-04 00:00:00-05:00,30.218464956704405,30.409095675209777,28.29419292188651,29.233373641967773,527154000,0.0,0.0,29.624415588378906
2022-01-05 00:00:00-05:00,28.893029463658266,29.359127526177748,27.479768693565187,27.550630569458008,498064000,0.0,0.0,29.14594268798828
2022-01-06 00:00:00-05:00,27.586563706783856,28.383021289445175,27.012676481336786,28.123523712158203,454186000,0.0,0.0,28.864886856079103
2022-01-07 00:00:00-05:00,28.08659914346598,28.36705605710548,27.00469317182625,27.194326400756836,409939000,0.0,0.0,28.432924652099608
2022-01-10 00:00:00-05:00,26.529606264497083,27.415889845673522,25.594417635721964,27.347023010253906,594681000,0.0,0.0,27.889775466918945
2022-01-11 00:00:00-05:00,27.270177292552447,28.010743386947276,26.78711374014883,27.763221740722656,404089000,0.0,0.0,27.595745086669922
2022-01-12 00:00:00-05:00,28.012733594807443,28.53971261700627,27.554621408963357,27.944866180419922,383413000,0.0,0.0,27.674592208862304
2022-01-13 00:00:00-05:00,28.324129660760377,28.424934212395414,26.44676600697782,26.523618698120117,540171000,0.0,0.0,27.354611206054688
2022-01-14 00:00:00-05:00,26.24915451358075,27.144421643836736,26.15932835464321,26.88991355895996,395832000,0.0,0.0,27.293728637695313
2022-01-18 00:00:00-05:00,26.20922681229784,26.586496212425658,25.720174450253865,25.852916717529297,424270000,0.0,0.0,26.99490737915039
2022-01-19 00:00:00-05:00,26.02858007768311,26.49168179020978,25.003565223757168,25.018535614013672,488315000,0.0,0.0,26.445970153808595
2022-01-20 00:00:00-05:00,25.255075801849063,25.52954371114921,24.031444525420937,24.10330581665039,435181000,0.0,0.0,25.677658081054688
2022-01-21 00:00:00-05:00,23.46155010178448,24.775005651877514,23.21802238406454,23.328807830810547,718958000,0.0,0.0,25.038695907592775
2022-01-24 00:00:00-05:00,22.286825688304823,23.334794790372676,20.84761430587089,23.326810836791992,913982000,0.0,0.0,24.32607536315918
2022-01-25 00:00:00-05:00,22.502410844337714,22.898644579433583,21.957466910396736,22.280839920043945,664616000,0.0,0.0,23.61166000366211
2022-01-26 00:00:00-05:00,23.195073451405133,24.0104935073892,22.25689007590773,22.727977752685547,755959000,0.0,0.0,23.153548431396484
2022-01-27 00:00:00-05:00,23.522437945377376,23.948612493124184,21.633096035086837,21.90157699584961,573353000,0.0,0.0,22.713202667236327
2022-01-28 00:00:00-05:00,21.969441054751794,22.81380606550494,21.2548257675977,22.795841217041016,543774000,0.0,0.0,22.606609344482422
2022-01-31 00:00:00-05:00,23.13717992402368,24.461615916333805,23.007432099177755,24.43865966796875,564680000,0.0,0.0,22.828979110717775
2022-02-01 00:00:00-05:00,25.055468908649303,25.096390012740084,23.843815119185024,24.590370178222656,518925000,0.0,0.0,23.290885162353515
2022-02-02 00:00:00-05:00,25.74413004951072,25.767084393020323,24.505528293848347,25.19319725036621,543419000,0.0,0.0,23.783929061889648
2022-02-03 00:00:00-05:00,24.4107113163615,25.02851397918987,23.734022713171655,23.901697158813477,410178000,0.0,0.0,24.183953094482423
2022-02-04 00:00:00-05:00,23.925651076488982,24.587369295180423,23.586308302613325,24.27198028564453,354829000,0.0,0.0,24.479180908203126
2022-02-07 00:00:00-05:00,24.324880318773864,25.133313778359717,24.155208910844877,24.680192947387695,376868000,0.0,0.0,24.527487564086915
2022-02-08 00:00:00-05:00,24.31190344360398,25.18121973728533,23.933636493420686,25.05945587158203,410359000,0.0,0.0,24.62130470275879
2022-02-09 00:00:00-05:00,25.57246536515148,26.67333360228873,25.30398631469552,26.653371810913086,524282000,0.0,0.0,24.913339614868164
2022-02-10 00:00:00-05:00,25.944745396249605,26.872945852936223,25.55050858235371,25.77407455444336,513200000,0.0,0.0,25.28781509399414
2022-02-11 00:00:00-05:00,25.865892523567283,26.101436285260135,23.727036302814017,23.902694702148438,605472000,0.0,0.0,25.21395797729492
2022-02-14 00:00:00-05:00,23.88772874556484,24.82690950810967,23.70907395093763,24.22008514404297,440424000,0.0,0.0,25.121936416625978
2022-02-15 00:00:00-05:00,24.900764591183574,26.49367965605607,24.73608458162661,26.443777084350586,699869000,0.0,0.0,25.398800659179688
2022-02-16 00:00:00-05:00,26.208231811287334,26.530607279677454,25.502597989095346,26.45974349975586,732676000,0.0,0.0,25.360074996948242
2022-02-17 00:00:00-05:00,25.58044757027019,25.735148587356477,24.118281669763785,24.459619522094727,810595000,0.0,0.0,25.097183990478516
2022-02-18 00:00:00-05:00,24.620307973876027,24.937693968010514,23.055340541376445,23.59629249572754,761255000,0.0,0.0,25.035903549194337
2022-02-22 00:00:00-05:00,22.990464861191477,24.017474761924387,22.955532681143488,23.344778060913086,633422000,0.0,0.0,24.860842132568358
2022-02-23 00:00:00-05:00,23.755980792771823,24.108298935289074,22.257883403820344,22.34371566772461,566511000,0.0,0.0,24.040829849243163
2022-02-24 00:00:00-05:00,20.974372971992818,23.753988828433812,20.849614623306376,23.702089309692383,735801000,0.0,0.0,23.489299011230468
2022-02-25 00:00:00-05:00,23.675138387578873,24.1701778047602,23.33579559273523,24.110294342041016,528866000,0.0,0.0,23.419433975219725
2022-02-28 00:00:00-05:00,23.945616436590047,24.61731564927492,23.661167584235766,24.33785629272461,477319000,0.0,0.0,23.567746734619142
2022-03-01 00:00:00-05:00,24.244037444614957,24.329871618461585,23.087277797297364,23.431610107421875,412056000,0.0,0.0,23.5851131439209
2022-03-02 00:00:00-05:00,23.714111250736686,24.365959685395882,23.373712936549165,24.177291870117188,389642000,0.004,0.0,23.951828384399413
2022-03-03 00:00:00-05:00,24.219218042700607,24.283106273216287,23.427617067609017,23.67218589782715,365095000,0.0,0.0,23.945847702026366
2022-03-04 00:00:00-05:00,23.342769336842796,23.63824694769257,22.442359346497184,22.895559310913086,431415000,0.0,0.0,23.702900695800782
2022-03-07 00:00:00-05:00,22.776767102643568,22.99238774615269,21.29238955966222,21.314350128173828,450821000,0.0,0.0,23.098199462890626
2022-03-08 00:00:00-05:00,21.271422452705348,22.333545309074008,20.613584176611923,21.47606086730957,557467000,0.0,0.0,22.707089614868163
2022-03-09 00:00:00-05:00,22.347522120331348,23.17905339926174,22.20776960420363,22.973417282104492,492742000,0.0,0.0,22.466314697265624
2022-03-10 00:00:00-05:00,22.491272744824204,22.74781956359875,21.843416915189174,22.61804962158203,428066000,0.0,0.0,22.2554874420166
2022-03-11 00:00:00-05:00,22.981408527703135,23.104192759122018,22.007129512410348,22.06103515625,367209000,0.0,0.0,22.088582611083986
2022-03-14 00:00:00-04:00,21.830440015715702,22.22274672696289,21.121692803109244,21.292390823364258,385354000,0.0,0.0,22.08419075012207
2022-03-15 00:00:00-04:00,21.480060551982945,22.997381046653096,21.28440697905285,22.9324951171875,491996000,0.0,0.0,22.375477600097657
2022-03-16 00:00:00-04:00,23.458560601182327,24.553626296633002,23.13113987283626,24.452804565429688,671422000,0.0,0.0,22.671355056762696
2022-03-17 00:00:00-04:00,24.077469296534115,24.798194389496683,23.86384594867932,24.72233009338379,471941000,0.0,0.0,23.092211151123045
2022-03-18 00:00:00-04:00,24.755270261820684,26.5221495744112,24.5805796111346,26.406352996826172,730719000,0.0,0.0,23.961274719238283
2022-03-21 00:00:00-04:00,26.46026011637226,27.10412324336721,25.92121138568289,26.686859130859375,591727000,0.0,0.0,25.040168380737306
2022-03-22 00:00:00-04:00,26.679871236174723,27.189971767703643,26.026027424283942,26.477230072021484,547007000,0.0,0.0,25.7491153717041
2022-03-23 00:00:00-04:00,26.079931563168326,26.56507466192013,25.529904449568786,25.58880043029785,502120000,0.0,0.0,25.976314544677734
2022-03-24 00:00:00-04:00,26.11986368042065,28.270065012059774,25.861319580253287,28.100364685058594,877379000,0.0,0.0,26.651921463012695
2022-03-25 00:00:00-04:00,27.83682564076314,28.307993440069914,27.222910357307455,27.64316749572754,579016000,0.0,0.0,26.89928436279297
2022-03-28 00:00:00-04:00,27.70706177223805,28.20019024482992,27.158030377292455,28.16924476623535,425494000,0.0,0.0,27.195761489868165
2022-03-29 00:00:00-04:00,28.644401446440966,28.894958306684245,27.930662062478252,28.605470657348633,488984000,0.0,0.0,27.621409606933593
2022-03-30 00:00:00-04:00,28.254088061040967,28.445748914361694,27.454499993366586,27.641170501708984,463487000,0.0,0.0,28.03188362121582
2022-03-31 00:00:00-04:00,27.73301213113302,28.19819004641193,27.221915798943442,27.237886428833008,523440000,0.0,0.0,27.859387969970705
2022-04-01 00:00:00-04:00,27.326726985234544,27.44751390350654,26.22068102801102,26.66489601135254,517235000,0.0,0.0,27.663733673095702
2022-04-04 00:00:00-04:00,26.680872446951916,27.509408871839586,26.566075449381483,27.311758041381836,397120000,0.0,0.0,27.492236328125
2022-04-05 00:00:00-04:00,27.205941957892414,27.270827874661148,25.774470555611817,25.88527488708496,436615000,0.0,0.0,26.948197174072266
2022-04-06 00:00:00-04:00,24.89003332893193,25.25538717602562,23.960675226004746,24.363962173461914,703833000,0.0,0.0,26.29275550842285
2022-04-07 00:00:00-04:00,24.397898817604393,24.678403417357615,23.436597701943068,24.16530990600586,557992000,0.0,0.0,25.67824020385742
2022-04-08 00:00:00-04:00,23.874826939519217,23.88081687759532,23.021335019105305,23.07823371887207,524781000,0.0,0.0,24.96090774536133
2022-04-11 00:00:00-04:00,22.174832229313022,22.28064432124628,21.621808207745975,21.878355026245117,575207000,0.0,0.0,23.874227142333986
2022-04-12 00:00:00-04:00,22.497263069478947,22.68493131080964,21.24447483857527,21.466083526611328,662258000,0.0,0.0,22.990388870239258
2022-04-13 00:00:00-04:00,21.689686094459127,22.460324131590653,21.417166779097364,22.163846969604492,516943000,0.0,0.0,22.550365829467772
2022-04-14 00:00:00-04:00,22.465319189569,22.736840873608053,21.125686298057552,21.220518112182617,569097000,0.0,0.0,21.961407470703126
2022-04-18 00:00:00-04:00,21.162618586314927,22.049051350332444,21.041831657437864,21.744590759277344,525701000,0.0,0.0,21.69467887878418
2022-04-19 00:00:00-04:00,21.681705180920954,22.333553766742213,21.27642085498773,22.158863067626953,512781000,0.0,0.0,21.750780487060545
2022-04-20 00:00:00-04:00,22.477295203987705,22.630025292014682,21.162618078582742,21.444120407104492,468974000,0.0,0.0,21.74638786315918
2022-04-21 00:00:00-04:00,21.670717529613366,22.35251367670244,19.964731581536245,20.147409439086914,656209000,0.0,0.0,21.343100357055665
2022-04-22 00:00:00-04:00,20.267197567812772,20.44987543262351,19.465614065609277,19.480587005615234,624713000,0.0,0.0,20.995114135742188
2022-04-25 00:00:00-04:00,19.1681425122934,19.90983247795217,19.062330417825684,19.86690902709961,641566000,0.0,0.0,20.61957778930664
2022-04-26 00:00:00-04:00,19.683233812845796,19.753110084844213,18.637081301820754,18.754873275756836,653143000,0.0,0.0,19.938779830932617
2022-04-27 00:00:00-04:00,18.565204266444386,19.133201147980134,18.257748727324,18.38252830505371,499460000,0.0,0.0,19.326461410522462
2022-04-28 00:00:00-04:00,18.933558209802335,20.001673284922614,18.457399927623086,19.747121810913086,570327000,0.0,0.0,19.246403884887695
2022-04-29 00:00:00-04:00,19.367787435913748,20.092507058531055,18.484347793800964,18.51429557800293,500435000,0.0,0.0,19.053145599365234
2022-05-02 00:00:00-04:00,18.508310298522446,19.53948803265964,18.358575147797907,19.49856185913086,572049000,0.0,0.0,18.979476165771484
2022-05-03 00:00:00-04:00,19.365792728207555,19.790044492832212,19.099263315754698,19.56743621826172,475751000,0.0,0.0,19.14198875427246
2022-05-04 00:00:00-04:00,19.887872567785628,20.364030816650885,18.717938127306436,20.298147201538086,648855000,0.0,0.0,19.525112533569335
2022-05-05 00:00:00-04:00,19.83196878609108,19.889865173375625,18.467378659821374,18.810771942138672,626331000,0.0,0.0,19.337842559814455
2022-05-06 00:00:00-04:00,18.702965948851222,19.477596826336676,17.958280958741344,18.642072677612305,633297000,0.0,0.0,19.363397979736327
2022-05-09 00:00:00-04:00,18.00220284256642,18.222811941526615,16.79733029414801,16.920114517211914,644455000,0.0,0.0,18.84770851135254
2022-05-10 00:00:00-04:00,17.657808494966158,18.16591176162213,16.994979755458832,17.563974380493164,761474000,0.0,0.0,18.447016143798827
2022-05-11 00:00:00-04:00,17.316412260690328,17.72169650040984,16.538786536925784,16.600675582885742,670167000,0.0,0.0,17.707521820068358
2022-05-12 00:00:00-04:00,16.190399781878746,16.75839666865511,15.539550023935458,16.14647674560547,708728000,0.0,0.0,17.174662780761718
2022-05-13 00:00:00-04:00,16.758397445943917,17.896386648845493,16.563741598498687,17.67477798461914,670437000,0.0,0.0,16.981203842163087
2022-05-16 00:00:00-04:00,17.478127488678094,17.756634863058387,17.075838212801916,17.233558654785156,521446000,0.0,0.0,17.043892669677735
2022-05-17 00:00:00-04:00,18.042131833684838,18.33860905502481,17.602909000272085,18.14495086669922,585830000,0.0,0.0,17.160087966918944
2022-05-18 00:00:00-04:00,17.673778288304316,18.086050095832512,16.834261734064153,16.908130645751953,545161000,0.0,0.0,17.221578979492186
2022-05-19 00:00:00-04:00,16.90713289482446,17.655810314998515,16.704489852561316,17.09380340576172,621310000,0.0,0.0,17.411044311523437
2022-05-20 00:00:00-04:00,17.301437670488205,17.379299242685832,15.727217918276924,16.664562225341797,739105000,0.0,0.0,17.20900115966797
2022-05-23 00:00:00-04:00,16.24530571772281,16.885176247645457,16.150473907934177,16.868206024169922,639889000,0.0,0.0,17.135930633544923
2022-05-24 00:00:00-04:00,16.48088814806781,16.56773463435827,15.752174861917103,16.12551498413086,588550000,0.0,0.0,16.73204345703125
2022-05-25 00:00:00-04:00,15.991752387255069,17.08082823067403,15.971787196303193,16.945068359375,781132000,0.0,0.0,16.73943099975586
2022-05-26 00:00:00-04:00,16.00772274521179,18.06009712140226,15.993747492579688,17.819522857666016,996575000,0.0,0.0,16.88457489013672
2022-05-27 00:00:00-04:00,18.15393222834226,18.847706383566344,18.068083436188743,18.777830123901367,738379000,0.0,0.0,17.30722846984863
2022-05-31 00:00:00-04:00,18.94652985213168,19.16614311852199,18.31764164379846,18.639074325561523,664100000,0.0,0.0,17.66140213012695
2022-06-01 00:00:00-04:00,18.690985716581736,19.019404173433802,18.090046008838897,18.287696838378906,544514000,0.0,0.0,18.093838500976563
2022-06-02 00:00:00-04:00,18.25974616242298,19.584405973838475,18.165912046478592,19.557453155517578,648656000,0.0,0.0,18.61631546020508
2022-06-03 00:00:00-04:00,19.048355791835018,19.297914997640287,18.489341799961554,18.686992645263672,598779000,0.0,0.0,18.78980941772461
2022-06-06 00:00:00-04:00,19.10525840685393,19.302909292587323,18.531271354493317,18.752880096435547,422406000,0.0,0.0,18.784819412231446
2022-06-07 00:00:00-04:00,18.439431521150134,18.966500464844408,18.15593185501501,18.89263153076172,388914000,0.0,0.0,18.835530853271486
2022-06-08 00:00:00-04:00,18.76981755595969,19.15022663664718,18.5062274317263,18.61905288696289,363252000,0.004,0.0,18.90180206298828
2022-06-09 00:00:00-04:00,18.45231558845677,18.903613680842092,18.0129980018534,18.019987106323242,395574000,0.0,0.0,18.594308853149414
2022-06-10 00:00:00-04:00,17.572680551655733,17.669530104023234,16.842814357055154,16.94765281677246,465248000,0.0,0.0,18.246440887451172
2022-06-13 00:00:00-04:00,15.975163876009786,16.28667984582384,15.581775412240182,15.622712135314941,604153000,0.0,0.0,17.62040729522705
2022-06-14 00:00:00-04:00,15.70658292230231,16.041062986887717,15.38807781748765,15.811420440673828,469680000,0.0,0.0,17.00416507720947
2022-06-15 00:00:00-04:00,16.07001232783044,16.841812985437524,15.901275022625464,16.5013427734375,563936000,0.0,0.0,16.580623054504393
2022-06-16 00:00:00-04:00,15.835380972284335,15.917254419069693,15.377093820674675,15.576783180236816,545749000,0.0,0.0,16.091982269287108
2022-06-17 00:00:00-04:00,15.623708384885509,15.970169836744422,15.30420544580371,15.855348587036133,630334000,0.0,0.0,15.873521423339843
2022-06-21 00:00:00-04:00,16.44942676298862,16.98159844424935,16.381531524997932,16.540285110473633,483089000,0.0,0.0,16.057036018371583
2022-06-22 00:00:00-04:00,16.200811500397187,16.63613550115512,16.154883380504458,16.334604263305664,437135000,0.0,0.0,16.16167278289795
2022-06-23 00:00:00-04:00,16.49335423638741,16.55925175967928,15.82838875234843,16.199811935424805,463680000,0.0,0.0,16.10136661529541
2022-06-24 00:00:00-04:00,16.47438711137464,17.113393032351116,16.2846815144393,17.099414825439453,472153000,0.0,0.0,16.40589294433594
2022-06-27 00:00:00-04:00,17.285128566242904,17.30310027621306,16.600192553602746,16.842815399169922,427968000,0.0,0.0,16.603386306762694
2022-06-28 00:00:00-04:00,16.873764714738712,17.175295947359764,15.920247295866085,15.95719051361084,461149000,0.0,0.0,16.486767387390138
2022-06-29 00:00:00-04:00,15.789451847143027,15.795442099062868,15.146451483578412,15.517873764038086,482352000,0.0,0.0,16.323421287536622
2022-06-30 00:00:00-04:00,15.337154575237786,15.542835120873681,14.838929596334417,15.135468482971191,686070000,0.0,0.0,16.1105525970459
2022-07-01 00:00:00-04:00,14.875872599017027,15.039617581640591,14.369659640512438,14.500455856323242,577610000,0.0,0.0,15.590760803222656
2022-07-05 00:00:00-04:00,14.152998117707567,14.947762114562595,14.033184492904027,14.940773010253906,651397000,0.0,0.0,15.210352325439453
2022-07-06 00:00:00-04:00,14.986703204362323,15.295223620632287,14.766045548164252,15.10651683807373,529066000,0.0,0.0,15.04021759033203
2022-07-07 00:00:00-04:00,15.432007177555999,15.92024744525078,15.365110796634003,15.833382606506348,492903000,0.0,0.0,15.103319358825683
2022-07-08 00:00:00-04:00,15.406049788102415,16.012107950332496,15.365113062847506,15.813416481018066,467972000,0.0,0.0,15.238908958435058
2022-07-11 00:00:00-04:00,15.501899970385464,15.502898821877375,15.014657546488467,15.128480911254883,437321000,0.0,0.0,15.364513969421386
2022-07-12 00:00:00-04:00,15.244298205682169,15.407045277525851,14.853905384408769,15.058587074279785,458483000,0.0,0.0,15.388076782226562
2022-07-13 00:00:00-04:00,14.567352563950944,15.35113388131245,14.442546597436209,15.140460968017578,521918000,0.0,0.0,15.394865608215332
2022-07-14 00:00:00-04:00,15.084548659761676,15.44898186604473,14.705138394189763,15.348138809204102,456235000,0.0,0.0,15.297816848754882
2022-07-15 00:00:00-04:00,15.63469281563619,15.757501074374188,15.421024308590031,15.737532615661621,385935000,0.0,0.0,15.282640075683593
2022-07-18 00:00:00-04:00,16.276699926213205,16.87077582196706,15.97716627721211,16.076011657714844,670517000,0.0,0.0,15.472146224975585
2022-07-19 00:00:00-04:00,16.460412503740734,17.083444555559367,16.14690067891498,16.965627670288086,702366000,0.0,0.0,15.853554344177246
2022-07-20 00:00:00-04:00,16.920694158582595,17.90516367987839,16.774920881624166,17.77935791015625,760538000,0.0,0.0,16.38133373260498
2022-07-21 00:00:00-04:00,17.85723551494267,18.115832315371943,17.517763179344158,18.0219783782959,557049000,0.0,0.0,16.91610164642334
2022-07-22 00:00:00-04:00,17.86522652815311,17.939111072810018,17.11039945674806,17.292118072509766,536671000,0.0,0.0,17.227018737792967
2022-07-25 00:00:00-04:00,16.992582454358388,17.09742092220505,16.623157829488665,16.997575759887695,480748000,0.0,0.0,17.411331558227538
2022-07-26 00:00:00-04:00,16.862783963132348,16.8927380811664,16.452422639321977,16.50733757019043,397865000,0.0,0.0,17.319673538208008
2022-07-27 00:00:00-04:00,17.005561604819313,17.908159601580824,16.886746840994853,17.762386322021484,569776000,0.0,0.0,17.316279220581055
2022-07-28 00:00:00-04:00,17.947096489128917,18.111839357420962,17.4129271606502,17.95608139038086,474646000,0.0,0.0,17.303099822998046
2022-07-29 00:00:00-04:00,17.785352344678618,18.21568315008048,17.664539858114644,18.134809494018555,435460000,0.0,0.0,17.471638107299803
2022-08-01 00:00:00-04:00,18.153775758484443,18.816746510993376,17.9620743588274,18.41237449645996,476469000,0.0,0.0,17.754597854614257
2022-08-02 00:00:00-04:00,18.09386602418229,18.908599199934613,18.06391191246353,18.497238159179688,489527000,0.0,0.0,18.15257797241211
2022-08-03 00:00:00-04:00,18.155775030673695,18.93855851148196,18.108847099868385,18.86367416381836,418146000,0.0,0.0,18.372835540771483
2022-08-04 00:00:00-04:00,18.81973820519662,19.244077638796206,18.730875675237176,19.185169219970703,409652000,0.0,0.0,18.618653106689454
2022-08-05 00:00:00-04:00,18.78080304823543,19.199153311398565,18.63702746035856,18.95952606201172,386068000,0.0,0.0,18.783596420288085
2022-08-08 00:00:00-04:00,17.474832214042483,18.2106876713627,17.215235587063688,17.765378952026367,981859000,0.0,0.0,18.65419731140137
2022-08-09 00:00:00-04:00,17.225219526625484,17.41991651210645,16.69803929354924,17.059476852416992,668263000,0.0,0.0,18.366645050048827
2022-08-10 00:00:00-04:00,17.670526014260716,18.089874092763363,17.290116951299066,18.068906784057617,597422000,0.0,0.0,18.20769157409668
2022-08-11 00:00:00-04:00,18.10285410298937,18.67796013862692,17.84824889643112,17.914146423339844,509327000,0.0,0.0,17.95348701477051
2022-08-12 00:00:00-04:00,18.13181260063338,18.688947058394234,17.925133166712452,18.679960250854492,478094000,0.0,0.0,17.89757385253906
2022-08-15 00:00:00-04:00,18.671972967328774,19.134253654667226,18.584110213938448,19.002458572387695,457666000,0.0,0.0,18.14498977661133
2022-08-16 00:00:00-04:00,18.89062810701759,19.11228358951399,18.47227795040579,18.84969139099121,451240000,0.0,0.0,18.503032684326172
2022-08-17 00:00:00-04:00,18.49424742554819,18.65899030543156,18.11683393671878,18.306537628173828,446799000,0.0,0.0,18.550558853149415
2022-08-18 00:00:00-04:00,18.272590927539937,18.83571457607667,18.154774075074336,18.743858337402344,415447000,0.0,0.0,18.716501235961914
2022-08-19 00:00:00-04:00,18.37742938799248,18.491252751209018,17.742416940160584,17.8212947845459,441588000,0.0,0.0,18.544768142700196
2022-08-22 00:00:00-04:00,17.462850357349936,17.530745594391743,16.93966358559003,17.007558822631836,409593000,0.0,0.0,18.145788192749023
2022-08-23 00:00:00-04:00,16.962631681651615,17.437892714146447,16.94366016604736,17.154333114624023,369986000,0.0,0.0,17.806716537475587
2022-08-24 00:00:00-04:00,16.985589828451506,17.378979191278322,16.868772783841155,17.19526481628418,522661000,0.0,0.0,17.584461975097657
2022-08-25 00:00:00-04:00,16.817853882408595,17.919142398294323,16.80687127701837,17.885194778442383,770691000,0.0,0.0,17.412729263305664
2022-08-26 00:00:00-04:00,17.82927933310313,17.896174759315368,16.211793365981354,16.234758377075195,769127000,0.0,0.0,17.095421981811523
2022-08-29 00:00:00-04:00,15.995132957792901,16.312638221113218,15.742525425220169,15.776472091674805,496132000,0.0,0.0,16.84920463562012
2022-08-30 00:00:00-04:00,15.935226643010983,16.01410353790401,15.158434390290923,15.443990707397461,530181000,0.0,0.0,16.507136154174805
2022-08-31 00:00:00-04:00,15.360118825458853,15.515876799554972,14.93577837401633,15.070569038391113,573710000,0.0,0.0,16.082196998596192
2022-09-01 00:00:00-04:00,14.186944285529073,14.3576793375617,13.249402633212377,13.915367126464844,1178865000,0.0,0.0,15.288231468200683
2022-09-02 00:00:00-04:00,14.078113230868253,14.149002165812359,13.569902564470526,13.625816345214844,743157000,0.0,0.0,14.766443061828614
2022-09-06 00:00:00-04:00,13.709685355906469,13.757611180820414,13.330275114521564,13.444098472595215,535751000,0.0,0.0,14.299968338012695
2022-09-07 00:00:00-04:00,13.545972609736454,13.820627943673014,13.329245025928566,13.696783065795898,512657000,0.004,0.0,13.950526809692382
2022-09-08 00:00:00-04:00,13.442100625906576,13.990412045199538,13.352214429237836,13.972434043884277,624873000,0.0,0.0,13.730899810791016
2022-09-09 00:00:00-04:00,14.139224819065335,14.455827199487729,14.108264556321975,14.368936538696289,486612000,0.0,0.0,13.821613693237305
2022-09-12 00:00:00-04:00,14.350956986689939,14.528732965535994,14.18017123484447,14.486785888671875,484159000,0.0,0.0,13.993807601928712
2022-09-13 00:00:00-04:00,13.784671426649664,13.904520650543393,13.082553985169255,13.114513397216797,714956000,0.0,0.0,13.927890586853028
2022-09-14 00:00:00-04:00,13.237359163133265,13.273314216178907,12.896787688730967,13.111517906188965,588507000,0.0,0.0,13.810837554931641
2022-09-15 00:00:00-04:00,12.998657958319333,13.21638368394048,12.773940100304305,12.912765502929688,523625000,0.0,0.0,13.598903846740722
2022-09-16 00:00:00-04:00,12.726001122679447,13.195411270329165,12.601158069233653,13.181428909301758,670751000,0.0,0.0,13.361402320861817
2022-09-19 00:00:00-04:00,12.995663732250092,13.446097722537223,12.993666387993636,13.365199089050293,569685000,0.0,0.0,13.1370849609375
2022-09-20 00:00:00-04:00,13.198407796353832,13.4660709531129,13.040606184015623,13.159456253051758,524818000,0.0,0.0,13.146073532104491
2022-09-21 00:00:00-04:00,13.1964094143311,14.013382133890827,13.093538106056018,13.244348526000977,807679000,0.0,0.0,13.172639656066895
2022-09-22 00:00:00-04:00,13.053588717680212,13.132489995982901,12.412395581267017,12.545228004455566,759162000,0.0,0.0,13.09913215637207
2022-09-23 00:00:00-04:00,12.40440501838907,12.595165175770894,12.241609581149898,12.500284194946289,663309000,0.0,0.0,12.962903213500976
2022-09-26 00:00:00-04:00,12.475316755127498,12.643106039060946,12.198664123420288,12.212646484375,547343000,0.0,0.0,12.732392692565918
2022-09-27 00:00:00-04:00,12.491295081972565,12.720007620899862,12.242608152089579,12.39741325378418,553854000,0.0,0.0,12.579984092712403
2022-09-28 00:00:00-04:00,12.394418888771625,12.806900467165594,12.338489441525518,12.720009803771973,542414000,0.0,0.0,12.475116348266601
2022-09-29 00:00:00-04:00,12.43237195031438,12.484306711955009,11.931002337538773,12.204658508300781,532763000,0.0,0.0,12.407002449035645
2022-09-30 00:00:00-04:00,12.071822611480606,12.617137495774331,12.05983759570121,12.123757362365723,565638000,0.0,0.0,12.331697082519531
2022-10-03 00:00:00-04:00,12.331498357596713,12.662083111911944,12.089801611564782,12.496291160583496,547478000,0.0,0.0,12.38842601776123
2022-10-04 00:00:00-04:00,12.86282750128622,13.203399862538964,12.86282750128622,13.150465965270996,584182000,0.0,0.0,12.539036560058594
2022-10-05 00:00:00-04:00,12.89478814053337,13.30427315849744,12.605152326426335,13.192413330078125,507131000,0.0,0.0,12.633517265319824
2022-10-06 00:00:00-04:00,13.203403014394121,13.638855501952365,13.086549324737346,13.113515853881836,644157000,0.0,0.0,12.815288734436034
2022-10-07 00:00:00-04:00,12.489299987372316,12.654092790461354,12.006906595827768,12.06083869934082,672478000,0.0,0.0,12.802705001831054
2022-10-10 00:00:00-04:00,12.02188568072584,12.10877633421103,11.393675761746923,11.655346870422363,698699000,0.0,0.0,12.634516143798828
2022-10-11 00:00:00-04:00,11.546482961306186,11.831124940290422,11.268832162087126,11.571452140808105,667482000,0.0,0.0,12.31871337890625
2022-10-12 00:00:00-04:00,11.56446361639926,11.72026695087247,11.33075718597391,11.485562324523926,492590000,0.0,0.0,11.97734317779541
2022-10-13 00:00:00-04:00,10.957224041163421,12.062834393103017,10.79942244062999,11.944982528686523,850103000,0.0,0.0,11.743636512756348
2022-10-14 00:00:00-04:00,12.041859730605278,12.095791821712067,11.189931187273059,11.212902069091797,713432000,0.0,0.0,11.574049186706542
2022-10-17 00:00:00-04:00,11.503537321029368,11.932997705589505,11.502539125284484,11.873072624206543,580774000,0.0,0.0,11.617594337463379
2022-10-18 00:00:00-04:00,12.328503349966546,12.476317316287407,11.603414929490759,11.951976776123047,659362000,0.0,0.0,11.693699264526368
2022-10-19 00:00:00-04:00,11.864084673089435,12.334493965352559,11.819141098000895,12.035868644714355,523131000,0.0,0.0,11.803760528564453
2022-10-20 00:00:00-04:00,12.097789434617974,12.752965822422196,12.08979910697089,12.178688049316406,652398000,0.0,0.0,11.85050163269043
2022-10-21 00:00:00-04:00,12.082808987293975,12.482307307631256,11.872074435302578,12.450346946716309,609494000,0.0,0.0,12.097990608215332
2022-10-24 00:00:00-04:00,12.492296978724902,12.694043038902425,12.04885416271481,12.583182334899902,517457000,0.0,0.0,12.240012550354004
2022-10-25 00:00:00-04:00,12.678061042532914,13.28330006623939,12.648098026202799,13.244348526000977,505482000,0.0,0.0,12.49848690032959
2022-10-26 00:00:00-04:00,12.852841899654189,13.371189335313101,12.69204380253107,12.879807472229004,532953000,0.0,0.0,12.667274665832519
2022-10-27 00:00:00-04:00,13.612886696752097,13.820625721091393,13.105524152883197,13.159456253051758,583113000,0.0,0.0,12.86342830657959
2022-10-28 00:00:00-04:00,13.087547371735592,13.832611021415424,13.04460113938634,13.816630363464355,521040000,0.0,0.0,13.136684989929199
2022-10-31 00:00:00-04:00,13.76069928886386,13.820624367893192,13.280303318353992,13.48005199432373,486341000,0.0,0.0,13.316058921813966
2022-11-01 00:00:00-04:00,13.793658395771288,13.907515574241362,13.502025221946392,13.525995254516602,432817000,0.0,0.0,13.37238826751709
2022-11-02 00:00:00-04:00,13.832607353180377,14.192154917147132,13.194409879465294,13.202399253845215,672628000,0.0,0.0,13.436906623840333
2022-11-03 00:00:00-04:00,13.02662341252142,13.7636966949046,12.939732756516582,13.40414810180664,500065000,0.0,0.0,13.485844993591309
2022-11-04 00:00:00-04:00,13.968437992700602,14.211132890719782,13.67980037633338,14.138224601745605,612576000,0.0,0.0,13.550163841247558
2022-11-07 00:00:00-05:00,14.210134614268167,14.393903593979909,13.936479441145188,14.283042907714844,410061000,0.0,0.0,13.710762023925781
2022-11-08 00:00:00-05:00,14.782416354106235,14.872303507657966,14.198150808496923,14.583666801452637,595292000,0.0,0.0,13.922296333312989
2022-11-09 00:00:00-05:00,14.14421826011374,14.193157476096932,13.741724378458798,13.758703231811523,454414000,0.0,0.0,14.03355712890625
2022-11-10 00:00:00-05:00,14.781415808907434,15.753193584678575,14.528733242302787,15.730222702026367,700819000,0.0,0.0,14.498772048950196
2022-11-11 00:00:00-05:00,15.787152888563263,16.368421908305677,15.462561149104959,16.306499481201172,655487000,0.0,0.0,14.932427024841308
2022-11-14 00:00:00-05:00,16.197635066244544,16.519231225758354,15.9020062807447,16.274538040161133,527852000,0.0,0.0,15.330726051330567
2022-11-15 00:00:00-05:00,16.70100620171944,16.976658763192987,16.361432908123934,16.645076751708984,545876000,0.0,0.0,15.743008041381836
2022-11-16 00:00:00-05:00,16.14170762768842,16.341455364463524,15.853069985925872,15.890023231506348,649547000,0.0,0.0,16.169272041320802
2022-11-17 00:00:00-05:00,15.695267646270135,16.245576378644603,15.515493358092419,15.657315254211426,710894000,0.0,0.0,16.154690551757813
2022-11-18 00:00:00-05:00,15.945952068716577,15.981908069637043,15.101014621390979,15.389652252197266,492072000,0.0,0.0,15.971321105957031
2022-11-21 00:00:00-05:00,15.127981023000306,15.457566583198409,15.06106476275779,15.297767639160156,404739000,0.0,0.0,15.775967025756836
2022-11-22 00:00:00-05:00,15.308755601738653,16.037839574271395,15.103013909275052,16.017864227294922,472866000,0.0,0.0,15.650524520874024
2022-11-23 00:00:00-05:00,16.07778579296999,16.506247963835023,16.027849338465916,16.49825668334961,427241000,0.0,0.0,15.772171211242675
2022-11-25 00:00:00-05:00,16.29750899710752,16.46629549039378,16.1516924322223,16.249568939208984,167934000,0.0,0.0,15.890621948242188
2022-11-28 00:00:00-05:00,16.005876536577063,16.336462207153392,15.7052557881983,15.807126998901367,303741000,0.0,0.0,15.974116897583007
2022-11-29 00:00:00-05:00,15.807127459770173,15.911996118227389,15.500513718012343,15.619363784790039,298384000,0.0,0.0,16.038436126708984
2022-11-30 00:00:00-05:00,15.681299942560486,16.91306749227581,15.581400530805857,16.90607452392578,565298000,0.004,0.0,16.216078186035155
2022-12-01 00:00:00-05:00,16.98200093379881,17.247733765667537,16.618364626853012,17.11786460876465,470977000,0.0,0.0,16.339999771118165
2022-12-02 00:00:00-05:00,16.642339295101205,16.91606542821989,16.428552620891118,16.859121322631836,371389000,0.0,0.0,16.461910247802734
2022-12-05 00:00:00-05:00,16.662320750441012,16.97800471429634,16.455527032443175,16.5933895111084,352255000,0.0,0.0,16.61916275024414
2022-12-06 00:00:00-05:00,16.513470276741486,16.55642654398754,15.803180852280665,15.971013069152832,352694000,0.0,0.0,16.689492607116698
2022-12-07 00:00:00-05:00,15.7562255561555,16.169811994462453,15.6513300790908,16.103878021240234,372388000,0.0,0.0,16.52905330657959
2022-12-08 00:00:00-05:00,16.25672319872951,17.161817084397192,15.943036203611957,17.151826858520508,515456000,0.0,0.0,16.53584575653076
2022-12-09 00:00:00-05:00,17.142838730956267,17.565416038789124,16.95802427651782,16.983997344970703,465338000,0.0,0.0,16.560820960998534
2022-12-12 00:00:00-05:00,17.019964378211757,17.520462850697957,16.78020459668349,17.517465591430664,457328000,0.0,0.0,16.745636177062988
2022-12-13 00:00:00-05:00,18.512470961945905,18.771212764869844,17.693291186070848,18.053930282592773,656589000,0.0,0.0,17.162219619750978
2022-12-14 00:00:00-05:00,17.969011087419783,18.233747362128558,17.402578696343596,17.65632438659668,496888000,0.0,0.0,17.472708892822265
2022-12-15 00:00:00-05:00,17.128849529308148,17.302675271457737,16.68329649685773,16.935043334960938,478542000,0.0,0.0,17.42935218811035
2022-12-16 00:00:00-05:00,16.84713627352837,17.02395931877001,16.39358980223308,16.554428100585938,478232000,0.0,0.0,17.343438339233398
2022-12-19 00:00:00-05:00,16.555430014041114,16.59239176744511,16.128856929377445,16.237747192382812,354039000,0.0,0.0,17.08749465942383
2022-12-20 00:00:00-05:00,16.047939314201976,16.293693667187494,15.836152319026086,16.068918228149414,403260000,0.0,0.0,16.690492248535158
2022-12-21 00:00:00-05:00,16.09788497158055,16.610372416442008,16.085895936024823,16.4844970703125,325025000,0.0,0.0,16.45612678527832
2022-12-22 00:00:00-05:00,16.0779039686439,16.121860588450037,14.867116217993509,15.32365894317627,565045000,0.0,0.0,16.133849906921387
2022-12-23 00:00:00-05:00,15.180804715704442,15.323661370905867,14.86811797738712,15.190794944763184,349326000,0.0,0.0,15.861123275756835
2022-12-27 00:00:00-05:00,15.058925281140848,15.084899302148365,14.041942751760569,14.106878280639648,464902000,0.0,0.0,15.434949493408203
2022-12-28 00:00:00-05:00,13.913071922510106,14.247736933600988,13.87011470494691,14.021963119506836,351066000,0.0,0.0,15.025558471679688
2022-12-29 00:00:00-05:00,14.387598760713285,14.66831695169907,14.21277356611197,14.588397026062012,354923000,0.0,0.0,14.64633846282959
2022-12-30 00:00:00-05:00,14.319666466663186,14.61437156001422,14.218767628476025,14.599387168884277,310490000,0.0,0.0,14.50148410797119
2023-01-03 00:00:00-05:00,14.836146225296984,14.981001657148735,14.081901243507277,14.300682067871094,401277000,0.0,0.0,14.323461532592773
2023-01-04 00:00:00-05:00,14.552431925929696,14.838145196007998,14.226757745256368,14.734249114990234,431324000,0.0,0.0,14.44893569946289
2023-01-05 00:00:00-05:00,14.47651008305059,14.549437041892885,14.133852649988928,14.250736236572266,389168000,0.0,0.0,14.494690322875977
2023-01-06 00:00:00-05:00,14.459525782981146,14.994990027309514,14.019966208080364,14.844141006469727,405044000,0.0,0.0,14.54583911895752
2023-01-09 00:00:00-05:00,15.268713734456611,16.039940959776242,15.125856157242278,15.612369537353516,504231000,0.0,0.0,14.748435592651367
2023-01-10 00:00:00-05:00,15.491489991150903,15.946034827543395,15.456525150308474,15.893088340759277,384101000,0.0,0.0,15.066916847229004
2023-01-11 00:00:00-05:00,15.824158513514837,16.011970219679487,15.547435115356448,15.984996795654297,353285000,0.0,0.0,15.317066383361816
2023-01-12 00:00:00-05:00,16.083897626620722,16.620359284778843,15.476504976085742,16.49448585510254,551409000,0.0,0.0,15.76581630706787
2023-01-13 00:00:00-05:00,16.261719936070204,16.905076865313244,16.148833986111153,16.882099151611328,447287000,0.0,0.0,16.17340793609619
2023-01-17 00:00:00-05:00,16.882102890181493,17.71027444723034,16.882102890181493,17.68429946899414,511102000,0.0,0.0,16.587793922424318
2023-01-18 00:00:00-05:00,17.64933195026429,17.8551253151724,17.264716740500983,17.359622955322266,439624000,0.0,0.0,16.881100845336913
2023-01-19 00:00:00-05:00,17.018962694085385,17.179802892609352,16.71426930548233,16.748233795166016,452932000,0.0,0.0,17.03374824523926
2023-01-20 00:00:00-05:00,16.993986450014212,17.838142558730407,16.808173556686363,17.82115936279297,564967000,0.0,0.0,17.299082946777343
2023-01-23 00:00:00-05:00,18.045936361649353,19.225757100654896,17.80018396132877,19.173809051513672,655163000,0.0,0.0,17.757424926757814
2023-01-24 00:00:00-05:00,18.808175289131913,19.475508556003312,18.801182318643175,19.245737075805664,496204000,0.0,0.0,18.069712448120118
2023-01-25 00:00:00-05:00,18.89408303130988,19.350626664524295,18.561415920142778,19.303672790527344,449537000,0.0,0.0,18.458522415161134
2023-01-26 00:00:00-05:00,19.681299120426033,20.14583427066666,19.258721787064815,19.782197952270508,489535000,0.0,0.0,19.06531524658203
2023-01-27 00:00:00-05:00,19.442536298366885,20.607370568656833,19.385594095701595,20.344633102416992,542142000,0.0,0.0,19.570009994506837
2023-01-30 00:00:00-05:00,19.93004958460622,20.11985820147362,19.13084848856238,19.142837524414062,488611000,0.0,0.0,19.563815689086915
2023-01-31 00:00:00-05:00,19.150826361251877,19.667309459227994,18.931047089844537,19.517459869384766,498017000,0.0,0.0,19.618160247802734
2023-02-01 00:00:00-05:00,19.671305692212208,21.170803892462075,19.591385781806697,20.922054290771484,660477000,0.0,0.0,19.941836547851562
2023-02-02 00:00:00-05:00,20.978992191722764,21.927042244365538,20.67929306544581,21.68728256225586,564276000,0.0,0.0,20.32285346984863
2023-02-03 00:00:00-05:00,20.978995210566314,21.723250879049424,20.76820581662644,21.078895568847656,429366000,0.0,0.0,20.469705963134764
2023-02-06 00:00:00-05:00,20.78519321039508,21.54842912938245,20.76521275361375,21.06791114807129,452197000,0.0,0.0,20.854720687866212
2023-02-07 00:00:00-05:00,21.360616200100747,22.236739935433913,21.12884786869814,22.15082550048828,664150000,0.0,0.0,21.381393814086913
2023-02-08 00:00:00-05:00,22.364609852385264,22.85511993042836,21.985989180590057,22.18279266357422,559651000,0.0,0.0,21.63354148864746
2023-02-09 00:00:00-05:00,22.58338914894937,22.996974601575534,22.097875211601888,22.31465721130371,523876000,0.0,0.0,21.75901641845703
2023-02-10 00:00:00-05:00,21.668304665989655,22.05591514338077,20.79018419340191,21.243728637695312,550737000,0.0,0.0,21.79198303222656
2023-02-13 00:00:00-05:00,21.516460573823032,22.025950766178745,20.941036401408137,21.766210556030273,474919000,0.0,0.0,21.931642913818358
2023-02-14 00:00:00-05:00,21.556420076698707,23.025949676572004,21.34463219361314,22.948028564453125,675474000,0.0,0.0,22.091083526611328
2023-02-15 00:00:00-05:00,22.52645058254248,22.832144335876976,22.083894699328933,22.741235733032227,420575000,0.0,0.0,22.20277214050293
2023-02-16 00:00:00-05:00,22.110861403332606,22.52744412587898,21.90506807501612,21.97999382019043,412026000,0.0,0.0,22.135839462280273
2023-02-17 00:00:00-05:00,21.609370428776998,21.718260686432036,20.954026263972718,21.366613388061523,465888000,0.0,0.0,22.160416412353516
2023-02-21 00:00:00-05:00,20.97899838851901,21.472503832330847,20.597380448319672,20.63434410095215,410015000,0.0,0.0,21.93404312133789
2023-02-22 00:00:00-05:00,20.686291967581294,21.082894293531137,20.400576787707934,20.733243942260742,513184000,0.0,0.0,21.491086196899413
2023-02-23 00:00:00-05:00,23.416554395207275,23.86410623215734,23.001968589273222,23.640329360961914,1117995000,0.0,0.0,21.670904922485352
2023-02-24 00:00:00-05:00,23.201774563076796,23.4505261030738,22.924052694816517,23.262712478637695,589716000,0.0,0.0,21.927448654174803
2023-02-27 00:00:00-05:00,23.646324873974233,23.856113913208368,23.430541317778875,23.477493286132812,452994000,0.0,0.0,22.349624633789062
2023-02-28 00:00:00-05:00,23.348627491238524,23.801175507716838,23.182793127166743,23.19278335571289,455963000,0.0,0.0,22.861312484741212
2023-03-01 00:00:00-05:00,23.168804101489602,23.2327411745783,22.485488184590242,22.6752986907959,460026000,0.0,0.0,23.249723434448242
2023-03-02 00:00:00-05:00,22.46551148905175,23.356617727044704,22.409565830943126,23.29068374633789,389415000,0.0,0.0,23.179794311523438
2023-03-03 00:00:00-05:00,23.29667828013058,23.87609816871999,23.106867758135774,23.866107940673828,412393000,0.0,0.0,23.300473403930663
2023-03-06 00:00:00-05:00,23.867107967065923,24.223749385629638,23.463510762437853,23.530445098876953,437429000,0.0,0.0,23.311063766479492
2023-03-07 00:00:00-05:00,23.580404618172988,24.104968314326598,23.221701547557327,23.26866340637207,515154000,0.004,0.0,23.326239776611327
2023-03-08 00:00:00-05:00,23.467495262178186,24.179904417575,23.4045478535388,24.160919189453125,513573000,0.0,0.0,23.623363876342772
2023-03-09 00:00:00-05:00,24.154922945379216,24.43369248287704,23.363580850091193,23.41653823852539,501257000,0.0,0.0,23.648534774780273
2023-03-10 00:00:00-05:00,23.389562036275382,23.607381425129905,22.70712862155447,22.94593048095703,474866000,0.0,0.0,23.464499282836915
2023-03-13 00:00:00-04:00,22.733106940046454,23.27865305444534,22.278484860419933,22.946928024291992,421890000,0.0,0.0,23.34779586791992
2023-03-14 00:00:00-04:00,23.476491591871543,24.198890859033952,23.440520278180596,24.043020248413086,474910000,0.0,0.0,23.502667236328126
2023-03-15 00:00:00-04:00,23.74127063015997,24.26583433506912,23.34060451539056,24.207883834838867,524486000,0.0,0.0,23.512060165405273
2023-03-16 00:00:00-04:00,24.00704975815061,25.566752509117528,23.874158867454014,25.519792556762695,583253000,0.0,0.0,23.932711029052733
2023-03-17 00:00:00-04:00,25.960426557252433,26.37708012413153,25.646686200323746,25.70363998413086,848547000,0.0,0.0,24.4842529296875
2023-03-20 00:00:00-04:00,25.59372917074599,26.00238993506894,25.109131303094223,25.87849235534668,432747000,0.0,0.0,25.07056579589844
2023-03-21 00:00:00-04:00,26.158260863210074,26.370084715171625,25.359924553123577,26.177244186401367,547408000,0.0,0.0,25.497410583496094
2023-03-22 00:00:00-04:00,26.403058470135374,27.566093460595848,26.215214841606247,26.44602394104004,797295000,0.0,0.0,25.94503860473633
2023-03-23 00:00:00-04:00,27.09248178596672,27.476163665994406,26.667835494751287,27.168418884277344,564889000,0.0,0.0,26.27476387023926
2023-03-24 00:00:00-04:00,27.008551168176222,27.144437901398717,26.333111984663837,26.756759643554688,454920000,0.0,0.0,26.485387802124023
2023-03-27 00:00:00-04:00,26.814717860535694,26.97758263278237,26.34310962735661,26.50897216796875,361026000,0.0,0.0,26.611483764648437
2023-03-28 00:00:00-04:00,26.42503717383145,26.490982347841836,25.828532839951382,26.3880672454834,356104000,0.0,0.0,26.653648376464844
2023-03-29 00:00:00-04:00,26.80272526365729,27.055513525700643,26.57491395467883,26.961591720581055,393694000,0.0,0.0,26.756761932373045
2023-03-30 00:00:00-04:00,27.206390462009303,27.476166724602162,27.07949510855174,27.360261917114258,364516000,0.0,0.0,26.79513053894043
2023-03-31 00:00:00-04:00,27.117459050662813,27.810882913038117,27.0824882713584,27.753931045532227,433933000,0.0,0.0,26.994564819335938
2023-04-03 00:00:00-04:00,27.486159344006186,27.976750876466422,27.313302654961962,27.94178009033203,398716000,0.0,0.0,27.281126403808592
2023-04-04 00:00:00-04:00,27.942776983152683,27.976749146372356,27.284323812201485,27.43020248413086,368592000,0.0,0.0,27.489553451538086
2023-04-05 00:00:00-04:00,26.806721952265576,26.975580335763187,26.37308232607004,26.858678817749023,515015000,0.0,0.0,27.46897087097168
2023-04-06 00:00:00-04:00,26.561924402993725,27.057512816555565,26.40505518671545,27.014549255371094,397654000,0.0,0.0,27.399828338623045
2023-04-10 00:00:00-04:00,26.80072620018478,27.598063878336834,26.64685475224009,27.55609893798828,395279000,0.0,0.0,27.360261917114258
2023-04-11 00:00:00-04:00,27.700978013397847,27.76692318959248,27.103473133288535,27.146438598632812,314378000,0.0,0.0,27.201193618774415
2023-04-12 00:00:00-04:00,27.347272978771652,27.445191173354328,26.426037716955808,26.472999572753906,446259000,0.0,0.0,27.009753036499024
2023-04-13 00:00:00-04:00,26.71179965358217,26.864672482211642,26.307137180511106,26.441024780273438,353615000,0.0,0.0,26.926222229003905
2023-04-14 00:00:00-04:00,26.481988137925153,26.860673088743237,26.198223603530394,26.735776901245117,395660000,0.0,0.0,26.870467758178712
2023-04-17 00:00:00-04:00,26.542942510363897,26.983576314494652,26.41105214594061,26.97957992553711,321471000,0.0,0.0,26.755163955688477
2023-04-18 00:00:00-04:00,27.51013630310621,28.086656800927294,27.334281866827425,27.644023895263672,604812000,0.0,0.0,26.85468101501465
2023-04-19 00:00:00-04:00,27.338276281480006,27.97674552004222,27.209383707867453,27.90780258178711,358660000,0.0,0.0,27.14164161682129
2023-04-20 00:00:00-04:00,27.648021986147068,28.00672503718342,26.97757964609056,27.081493377685547,427713000,0.0,0.0,27.26973533630371
2023-04-21 00:00:00-04:00,26.929620174009735,27.160429263560324,26.699811611017537,27.096481323242188,345103000,0.0,0.0,27.341876220703124
2023-04-24 00:00:00-04:00,26.990567448071825,27.343273032566316,26.648850502655943,27.019542694091797,339282000,0.0,0.0,27.349868774414062
2023-04-25 00:00:00-04:00,27.055508646036056,27.224368902954197,26.203218396973824,26.21920394897461,378527000,0.0,0.0,27.06490478515625
2023-04-26 00:00:00-04:00,26.97957796491873,27.307304704799684,26.682823713649157,26.93361473083496,406337000,0.0,0.0,26.87006721496582
2023-04-27 00:00:00-04:00,27.34027738715415,27.472167737847915,26.60288938694917,27.20339012145996,377161000,0.0,0.0,26.894446563720702
2023-04-28 00:00:00-04:00,27.20239283065348,27.734949268700237,27.04851947681164,27.7259578704834,292216000,0.0,0.0,27.020341873168945
2023-05-01 00:00:00-04:00,27.816879080883538,29.033867945647167,27.75692944439326,28.885990142822266,570329000,0.0,0.0,27.393631362915038
2023-05-02 00:00:00-04:00,28.656185891505462,28.812056494254247,28.05968148797479,28.186574935913086,402730000,0.0,0.0,27.787105560302734
2023-05-03 00:00:00-04:00,27.81688204976608,28.34344486027376,27.449187603389927,27.778913497924805,383387000,0.0,0.0,27.956165313720703
2023-05-04 00:00:00-04:00,27.628036978765422,27.83586443324702,27.217378984903736,27.539112091064453,321850000,0.0,0.0,28.0233097076416
2023-05-05 00:00:00-04:00,27.802892348359304,28.731119816226787,27.707971926376775,28.65618324279785,361494000,0.0,0.0,28.20935478210449
2023-05-08 00:00:00-04:00,28.498313634929115,29.19573394414959,28.326457491586734,29.12679100036621,344979000,0.0,0.0,28.25751495361328
2023-05-09 00:00:00-04:00,28.875004213655114,28.94894217400301,28.426377630267304,28.54727554321289,314869000,0.0,0.0,28.32965507507324
2023-05-10 00:00:00-04:00,28.980910779016046,29.088822793586665,28.437363846624915,28.861011505126953,369350000,0.0,0.0,28.546074676513673
2023-05-11 00:00:00-04:00,28.87200267964506,28.92595868810787,28.222542865572727,28.55426597595215,322149000,0.0,0.0,28.74910545349121
2023-05-12 00:00:00-04:00,28.505309520725387,28.756102453152394,28.022710790728325,28.31646728515625,274222000,0.0,0.0,28.68116226196289
2023-05-15 00:00:00-04:00,28.484324933585533,28.94494253797439,28.12862158025983,28.928955078125,293926000,0.0,0.0,28.641595077514648
2023-05-16 00:00:00-04:00,28.817047075448265,29.845193723113187,28.808055678185124,29.188737869262695,449405000,0.0,0.0,28.76988754272461
2023-05-17 00:00:00-04:00,29.55943225417957,30.173921312310178,29.40556081091014,30.152938842773438,432535000,0.0,0.0,29.028273010253905
2023-05-18 00:00:00-04:00,30.384746671659997,31.801568399451863,30.294821257305664,31.65169334411621,748725000,0.0,0.0,29.64775848388672
2023-05-19 00:00:00-04:00,31.509816361590953,31.55378045544039,30.890332187222292,31.2380428314209,473908000,0.0,0.0,30.23207359313965
2023-05-22 00:00:00-04:00,30.875338986536004,31.49382635847514,30.654523739106693,31.15011215209961,372000000,0.0,0.0,30.67630500793457
2023-05-23 00:00:00-04:00,30.974256822059314,31.262017766354816,30.60556376728732,30.66251564025879,356253000,0.0,0.0,30.97106056213379
2023-05-24 00:00:00-04:00,30.184913250484932,30.58158485433067,29.781249395568967,30.51264190673828,721419000,0.0,0.0,31.043001174926758
2023-05-25 00:00:00-04:00,38.49100796728165,39.44721397289926,36.60457534049064,37.94845962524414,1543911000,0.0,0.0,32.302354431152345
2023-05-26 00:00:00-04:00,37.858535295090505,39.137471155324974,37.51881748077454,38.913658142089844,714397000,0.0,0.0,33.83747749328613
2023-05-30 00:00:00-04:00,40.56129320908205,41.903176556488546,39.91582970590061,40.077693939208984,923401000,0.0,0.0,35.622993850708006
2023-05-31 00:00:00-04:00,39.45520761311079,40.26153667698876,37.79059071532984,37.802581787109375,1002580000,0.0,0.0,37.05100708007812
2023-06-01 00:00:00-04:00,38.457038285135596,40.01674290011226,38.30816374839411,39.736976623535156,635873000,0.0,0.0,38.8958740234375
2023-06-02 00:00:00-04:00,40.063703080946816,40.46636830283073,39.025564415674026,39.294342041015625,482731000,0.0,0.0,39.1650505065918
2023-06-05 00:00:00-04:00,38.876693830155325,39.53214737766458,38.674861888368824,39.13847732543945,396094000,0.0,0.0,39.21001434326172
2023-06-06 00:00:00-04:00,38.79775882224138,39.12748282035394,38.116322111286685,38.62190246582031,388729000,0.0,0.0,38.91885604858398
2023-06-07 00:00:00-04:00,38.886705495226614,39.47028049803264,37.32883713586247,37.447750091552734,511998000,0.004,0.0,38.84788970947265
2023-06-08 00:00:00-04:00,37.69657810413266,38.83574884803621,37.47773933461828,38.48200607299805,417772000,0.0,0.0,38.59689559936523
2023-06-09 00:00:00-04:00,39.00861783598584,39.68212760699857,38.53896213031096,38.74181365966797,427717000,0.0,0.0,38.4863899230957
2023-06-12 00:00:00-04:00,39.17150019392895,39.50125828347373,38.58992260823452,39.45329284667969,388701000,0.0,0.0,38.54935302734375
2023-06-13 00:00:00-04:00,40.15678529799824,41.07112100095235,39.711110397236205,40.9921760559082,613208000,0.0,0.0,39.023407745361325
2023-06-14 00:00:00-04:00,40.794327015832565,42.96874400584985,40.52252155664653,42.96574783325195,740465000,0.0,0.0,40.12700729370117
2023-06-15 00:00:00-04:00,42.571032403423146,43.25753327513272,42.116361328067455,42.62199401855469,568622000,0.0,0.0,40.9550048828125
2023-06-16 00:00:00-04:00,43.418413332978865,43.68921622898707,42.629985459114906,42.66096496582031,655709000,0.0,0.0,41.738835144042966
2023-06-20 00:00:00-04:00,42.966748556821585,43.95802811384507,42.642982740735306,43.77615737915039,451153000,0.0,0.0,42.60340805053711
2023-06-21 00:00:00-04:00,43.46937213953319,43.58329148223386,42.04940765326737,43.013702392578125,551603000,0.0,0.0,43.007713317871094
2023-06-22 00:00:00-04:00,42.22227535860052,43.394422782476106,42.20329197945321,42.993717193603516,417737000,0.0,0.0,43.01330718994141
2023-06-23 00:00:00-04:00,42.4331298944521,42.77787649157712,41.98445500064074,42.178314208984375,358140000,0.0,0.0,42.92457122802735
2023-06-26 00:00:00-04:00,42.43012776772855,42.73290887794561,40.070844243899195,40.60245895385742,594322000,0.0,0.0,42.51287002563477
2023-06-27 00:00:00-04:00,40.769337698334375,41.90950699852485,40.41859495947549,41.84555435180664,462175000,0.0,0.0,42.126749420166014
2023-06-28 00:00:00-04:00,40.63044389045078,41.81458388032518,40.488548818702085,41.08711242675781,582639000,0.0,0.0,41.741431427001956
2023-06-29 00:00:00-04:00,41.527785226902004,41.56975450915622,40.57048152757147,40.792320251464844,380514000,0.0,0.0,41.301152038574216
2023-06-30 00:00:00-04:00,41.649698416136715,42.51906484775984,41.470827697536826,42.271244049072266,501148000,0.0,0.0,41.3197380065918
2023-07-03 00:00:00-04:00,42.48608848507777,42.8668120169638,42.171318861986485,42.382164001464844,198209000,0.0,0.0,41.67567901611328
2023-07-05 00:00:00-04:00,42.10436890718979,43.14561125771648,42.05440601633571,42.28623962402344,323618000,0.0,0.0,41.76381607055664
2023-07-06 00:00:00-04:00,41.81358472410437,42.14834029261051,41.31594563009927,42.07239532470703,303582000,0.0,0.0,41.960872650146484
2023-07-07 00:00:00-04:00,42.291234930923494,43.18258864442645,42.14933985780963,42.472103118896484,355881000,0.0,0.0,42.29682922363281
2023-07-10 00:00:00-04:00,42.62599220515189,42.77987958473674,41.618721733111734,42.14933776855469,353908000,0.0,0.0,42.272447967529295
2023-07-11 00:00:00-04:00,42.45011335397041,42.72691238917329,42.0364166991454,42.374168395996094,298244000,0.0,0.0,42.27084884643555
2023-07-12 00:00:00-04:00,43.001715152832105,43.903059808967086,42.74590075117866,43.87008285522461,481277000,0.0,0.0,42.58761749267578
2023-07-13 00:00:00-04:00,44.485637843052004,46.12144500110187,44.459655768689124,45.94357681274414,478204000,0.0,0.0,43.361853790283206
2023-07-14 00:00:00-04:00,46.54913599395856,48.053042979669556,45.027244350268305,45.43594741821289,772075000,0.0,0.0,43.95462265014648
2023-07-17 00:00:00-04:00,46.25534736982459,46.46219379188679,45.22909361606182,46.42721939086914,510488000,0.0,0.0,44.81019897460938
2023-07-18 00:00:00-04:00,46.66704612621804,47.86117699331049,45.700750131517545,47.459468841552734,569164000,0.0,0.0,45.8272590637207
2023-07-19 00:00:00-04:00,47.42949388429487,47.7832366141332,46.70801866375325,47.04277420043945,427502000,0.0,0.0,46.46179733276367
2023-07-20 00:00:00-04:00,46.473189933800484,47.052770110424305,45.029240736563175,45.486907958984375,537865000,0.0,0.0,46.37046356201172
2023-07-21 00:00:00-04:00,45.754707765315004,45.83265398251241,44.067935310129315,44.27678298950195,963769000,0.0,0.0,46.13863067626953
2023-07-24 00:00:00-04:00,44.69847992512501,45.076207287411634,44.00798419764258,44.579566955566406,382516000,0.0,0.0,45.769100189208984
2023-07-25 00:00:00-04:00,44.90833145027088,46.149425329816566,44.89034298033834,45.64579391479492,348081000,0.0,0.0,45.40636520385742
2023-07-26 00:00:00-04:00,45.98753948381612,46.019517711894565,44.59755199508339,45.41895294189453,364237000,0.0,0.0,45.081600952148435
2023-07-27 00:00:00-04:00,46.48518386639015,47.36054650639366,45.71674188711987,45.866634368896484,455976000,0.0,0.0,45.15754623413086
2023-07-28 00:00:00-04:00,46.63407374046653,46.992813922510294,46.34728362681164,46.71601486206055,331194000,0.0,0.0,45.64539260864258
2023-07-31 00:00:00-04:00,46.7200135632976,47.09573967930946,46.472192750297545,46.695030212402344,251055000,0.0,0.0,46.068485260009766
2023-08-01 00:00:00-04:00,46.42621978047181,46.86590231278374,45.99353594015361,46.47318649291992,237858000,0.0,0.0,46.23396377563476
2023-08-02 00:00:00-04:00,45.79768501941141,45.80667734864654,43.35546141010275,44.236820220947266,530142000,0.0,0.0,45.997537231445314
2023-08-03 00:00:00-04:00,43.76815517445485,45.08519773730657,43.76815517445485,44.482635498046875,324176000,0.0,0.0,45.72073745727539
2023-08-04 00:00:00-04:00,44.95229672936695,45.6088167758493,44.36072805590183,44.647518157958984,362666000,0.0,0.0,45.307038116455075
2023-08-07 00:00:00-04:00,45.07820630485827,45.506895294186684,44.53060434183165,45.38398361206055,322154000,0.0,0.0,45.04482879638672
2023-08-08 00:00:00-04:00,44.82039636629239,45.209113535751534,44.023974832392284,44.631534576416016,353843000,0.0,0.0,44.67649841308594
2023-08-09 00:00:00-04:00,44.24181457881286,44.27978896852582,42.1033707988195,42.523067474365234,586449000,0.0,0.0,44.33374786376953
2023-08-10 00:00:00-04:00,42.12935426842484,43.542327913208446,41.80458974449363,42.3571891784668,492705000,0.0,0.0,43.90865859985352
2023-08-11 00:00:00-04:00,41.72064683355446,41.98745483103536,40.609455735906536,40.82529830932617,533085000,0.0,0.0,43.14421463012695
2023-08-14 00:00:00-04:00,40.456564582325726,43.76815430441539,40.28169257903262,43.721187591552734,690286000,0.0,0.0,42.81165542602539
2023-08-15 00:00:00-04:00,44.52761409490768,45.23509968648894,43.678229608151845,43.90806198120117,676512000,0.0,0.0,42.666960906982425
2023-08-16 00:00:00-04:00,44.487636389026356,44.6425224910749,43.37444399152848,43.45438766479492,527451000,0.0,0.0,42.85322494506836
2023-08-17 00:00:00-04:00,43.93803287430319,44.02996504043604,42.9697356160732,43.3124885559082,452395000,0.0,0.0,43.04428482055664
2023-08-18 00:00:00-04:00,42.60400217656772,43.546317397362685,41.62971253779868,43.267520904541016,583768000,0.0,0.0,43.53272933959961
2023-08-21 00:00:00-04:00,44.46165562877054,47.030785847728,44.18985399309083,46.932857513427734,692573000,0.0,0.0,44.17506332397461
2023-08-22 00:00:00-04:00,48.10000155373569,48.15196569860594,45.30004062070193,45.634796142578125,755293000,0.0,0.0,44.52041015625
2023-08-23 00:00:00-04:00,45.832657681466124,47.165687530536545,45.175135085824124,47.081748962402344,779046000,0.0,0.0,45.24588241577148
2023-08-24 00:00:00-04:00,50.17949363700367,50.229456525679716,47.12471680402284,47.12871170043945,1156044000,0.0,0.0,46.00912704467773
2023-08-25 00:00:00-04:00,46.97782350910496,47.7702462695261,44.99126600172495,45.98454666137695,925341000,0.0,0.0,46.55253219604492
2023-08-28 00:00:00-04:00,46.44820509438741,46.945844136189635,44.85536600768865,46.80094909667969,685192000,0.0,0.0,46.52615051269531
2023-08-29 00:00:00-04:00,46.632071231077255,49.04531628812588,46.35726964870884,48.748531341552734,701397000,0.0,0.0,47.14889755249023
2023-08-30 00:00:00-04:00,49.00834626983168,49.890703795125454,48.3897967692124,49.228187561035156,735206000,0.0,0.0,47.5781852722168
2023-08-31 00:00:00-04:00,49.34410184954682,49.70783563609758,48.922407758819745,49.31911849975586,528570000,0.0,0.0,48.016266632080075
2023-09-01 00:00:00-04:00,49.72582712049024,49.763797697596935,48.107002016363225,48.47373580932617,463830000,0.0,0.0,48.51410446166992
2023-09-05 00:00:00-04:00,48.187938474576626,48.81548404497399,47.825203434833014,48.51270294189453,382653000,0.0,0.0,48.85645523071289
2023-09-06 00:00:00-04:00,48.40977397493204,48.51770224742843,46.54997362392489,47.030662536621094,468670000,0.004,0.0,48.512881469726565
2023-09-07 00:00:00-04:00,45.495655031746296,46.314127328933516,45.122894378455285,46.2111930847168,433330000,0.0,0.0,47.90948257446289
2023-09-08 00:00:00-04:00,45.9123819993529,46.575951562479766,45.24181316746759,45.54261779785156,473069000,0.0,0.0,47.15418243408203
2023-09-11 00:00:00-04:00,46.1182482612765,46.133237981165,44.28343335195331,45.14887619018555,473966000,0.0,0.0,46.489210510253905
2023-09-12 00:00:00-04:00,44.7091572109494,45.64355580633702,44.50228992802937,44.84107208251953,349256000,0.0,0.0,45.75488433837891
2023-09-13 00:00:00-04:00,44.571249185878756,45.900393693899545,44.47431159036819,45.45568084716797,398355000,0.0,0.0,45.43988800048828
2023-09-14 00:00:00-04:00,45.92037826774396,45.9573531646138,45.10190600685458,45.55161666870117,370097000,0.0,0.0,45.30797271728515
2023-09-15 00:00:00-04:00,45.31176544872774,45.56959852066616,43.779752923471165,43.87169647216797,506831000,0.0,0.0,44.97378845214844
2023-09-18 00:00:00-04:00,42.7204393860463,44.21347561321812,41.97292056005233,43.937652587890625,500271000,0.0,0.0,44.731543731689456
2023-09-19 00:00:00-04:00,43.80473745342954,43.937651117962965,42.97427198636258,43.491939544677734,373064000,0.0,0.0,44.461717224121095
2023-09-20 00:00:00-04:00,43.57189573593531,43.874701837692996,42.19578439055347,42.21177291870117,367108000,0.0,0.0,43.81293563842773
2023-09-21 00:00:00-04:00,41.55618793535061,42.072852871721146,40.9535761024681,40.99055099487305,450736000,0.0,0.0,42.90072250366211
2023-09-22 00:00:00-04:00,41.54519814398996,42.087851165439716,41.204418374834624,41.58317565917969,479236000,0.0,0.0,42.44301834106445
2023-09-25 00:00:00-04:00,41.564184746897794,42.50857517454085,41.15045020013546,42.19477844238281,419091000,0.0,0.0,42.09444351196289
2023-09-26 00:00:00-04:00,41.97392575085955,42.79239807025896,41.62814811031587,41.88398361206055,402282000,0.0,0.0,41.77285232543945
2023-09-27 00:00:00-04:00,42.302708909565496,42.84435926371942,41.60216067664093,42.440616607666016,444935000,0.0,0.0,41.81862106323242
2023-09-28 00:00:00-04:00,42.43262220486007,43.41798652388978,42.08784724239294,43.06121826171875,424663000,0.0,0.0,42.23275451660156
2023-09-29 00:00:00-04:00,43.7987463785024,44.11554336483788,43.27908114153103,43.4709587097168,397830000,0.0,0.0,42.610311126708986
2023-10-02 00:00:00-04:00,44.00161394425031,45.145876254159724,43.83272417445268,44.75313186645508,433298000,0.0,0.0,43.12198181152344
2023-10-03 00:00:00-04:00,44.77910920077743,45.10090400420974,43.2181160083425,43.48894119262695,470850000,0.0,0.0,43.44297332763672
2023-10-04 00:00:00-04:00,43.713800550252934,44.11454300550294,43.26408989829739,44.01260757446289,361821000,0.0,0.0,43.757371520996095
2023-10-05 00:00:00-04:00,44.02160569733858,44.87106009571042,43.859711368944936,44.65919494628906,393483000,0.0,0.0,44.07696685791016
2023-10-06 00:00:00-04:00,44.16451314682261,45.75948500590108,43.99762098117797,45.73250198364258,434436000,0.0,0.0,44.529275512695314
2023-10-09 00:00:00-04:00,44.81309065878453,45.575599261777526,44.339397209393,45.243812561035156,409675000,0.0,0.0,44.627411651611325
2023-10-10 00:00:00-04:00,45.280790227106074,46.22917591041197,45.05893322747722,45.76847457885742,368582000,0.0,0.0,45.08331832885742
2023-10-11 00:00:00-04:00,46.16622190201643,46.82879655508957,46.02031610290556,46.77582931518555,378137000,0.0,0.0,45.635962677001956
2023-10-12 00:00:00-04:00,46.746842929581085,47.57830726462998,46.30013251687724,46.91473388671875,481325000,0.0,0.0,46.08707046508789
2023-10-13 00:00:00-04:00,46.92972437247631,47.0856258439627,45.25080714920821,45.43169021606445,474115000,0.0,0.0,46.02690811157227
2023-10-16 00:00:00-04:00,45.03394481432077,46.19519435043207,44.88304119745391,46.06528091430664,375099000,0.0,0.0,46.191201782226564
2023-10-17 00:00:00-04:00,43.971639725117456,44.72515534952336,42.452618986235684,43.9096794128418,812333000,0.0,0.0,45.81944274902344
2023-10-18 00:00:00-04:00,42.563538500675094,43.19113575483381,41.79803354808787,42.168792724609375,627294000,0.0,0.0,44.8980354309082
2023-10-19 00:00:00-04:00,42.78340541148184,43.26909220321944,41.855003378817976,42.0738639831543,501233000,0.0,0.0,43.92986145019531
2023-10-20 00:00:00-04:00,41.86299127969732,42.44261916103959,41.05151453316081,41.36031723022461,477266000,0.0,0.0,43.115586853027345
2023-10-23 00:00:00-04:00,41.202419597162184,43.22011894655413,40.91860229657802,42.94729232788086,478530000,0.0,0.0,42.49198913574219
2023-10-24 00:00:00-04:00,43.049232558078,43.668831843368594,42.66348359708828,43.63485336303711,401463000,0.0,0.0,42.43702392578125
2023-10-25 00:00:00-04:00,43.37002736306011,43.621867655032496,41.52821673196295,41.752071380615234,398379000,0.0,0.0,42.35367965698242
2023-10-26 00:00:00-04:00,41.82601906009142,42.22875913409801,39.85429143072344,40.30000305175781,541001000,0.0,0.0,41.998907470703124
2023-10-27 00:00:00-04:00,41.103483284155644,41.17943449809006,39.98920048176121,40.4738883972168,416784000,0.0,0.0,41.82162170410156
2023-10-30 00:00:00-04:00,41.06051446991565,41.73907378443747,40.45490233078289,41.134464263916016,388028000,0.0,0.0,41.4590560913086
2023-10-31 00:00:00-04:00,40.42392640316341,40.852650720636724,39.204711603972164,40.75371170043945,517969000,0.0,0.0,40.88282775878906
2023-11-01 00:00:00-04:00,40.85764134166272,42.353677886742396,40.842651621979584,42.29771423339844,437593000,0.0,0.0,40.991956329345705
2023-11-02 00:00:00-04:00,43.300068207297876,43.85570954416318,42.86634987139054,43.47795486450195,409172000,0.0,0.0,41.62754669189453
2023-11-03 00:00:00-04:00,43.99161716605405,45.27978369407566,43.69480778178644,44.975982666015625,424610000,0.0,0.0,42.5279655456543
2023-11-06 00:00:00-05:00,45.25580503371784,45.90538750972343,44.87005229839821,45.72150421142578,400733000,0.0,0.0,43.44537353515625
2023-11-07 00:00:00-05:00,45.68952517362853,46.18820018807057,45.12888604597762,45.92537307739258,343165000,0.0,0.0,44.479705810546875
2023-11-08 00:00:00-05:00,46.07027857367067,46.83678620591324,45.93836370236791,46.543975830078125,346719000,0.0,0.0,45.328958129882814
2023-11-09 00:00:00-05:00,47.43639225510904,48.198900759423964,46.719855523319985,46.91972732543945,540496000,0.0,0.0,46.017312622070314
2023-11-10 00:00:00-05:00,47.46938357142801,48.4407571846076,47.2525243856,48.3038444519043,421245000,0.0,0.0,46.682884979248044
2023-11-13 00:00:00-05:00,48.288843946075154,49.084332134936744,48.06798577140686,48.58864974975586,384136000,0.0,0.0,47.25631408691406
2023-11-14 00:00:00-05:00,49.64797189172138,49.801871937843956,49.00838510603704,49.623985290527344,416954000,0.0,0.0,47.996036529541016
2023-11-15 00:00:00-05:00,49.90281326221653,49.927794859868946,48.168931033577685,48.85648727416992,475497000,0.0,0.0,48.45853881835937
2023-11-16 00:00:00-05:00,48.647622492403215,49.49307783387502,48.29884843286255,49.44810485839844,339756000,0.0,0.0,48.96421432495117
2023-11-17 00:00:00-05:00,49.49207232670018,49.684948701072095,48.97540732164273,49.26622009277344,325205000,0.0,0.0,49.156689453125
2023-11-20 00:00:00-05:00,49.28021007685078,50.515413319946866,49.14929401076898,50.376502990722656,414120000,0.0,0.0,49.51426010131836
2023-11-21 00:00:00-05:00,50.09367842406972,50.484425150048665,49.19026199029503,49.91179656982422,565747000,0.0,0.0,49.57182235717774
2023-11-22 00:00:00-05:00,49.819862426084605,50.302548939584284,47.659253670052365,48.684593200683594,899420000,0.0,0.0,49.53744354248047
2023-11-24 00:00:00-05:00,48.43875395222816,48.88946341849403,47.71421905232239,47.745201110839844,294645000,0.0,0.0,49.19686279296875
2023-11-27 00:00:00-05:00,47.769182964937485,48.49871188238506,47.62127956875629,48.210899353027344,395662000,0.0,0.0,48.98579864501953
2023-11-28 00:00:00-05:00,48.20490212503735,48.291847835176796,47.442393546125054,47.79016876220703,401491000,0.0,0.0,48.46853179931641
2023-11-29 00:00:00-05:00,48.34781498680007,48.730567513457544,47.82914854414182,48.10896682739258,382005000,0.0,0.0,48.10796585083008
2023-11-30 00:00:00-05:00,47.99304239147562,48.078989304931206,46.39207765014372,46.73985290527344,526247000,0.0,0.0,47.719017791748044
2023-12-01 00:00:00-05:00,46.495008690555146,47.169572782203616,46.15722533542331,46.7348518371582,369317000,0.0,0.0,47.51694793701172
2023-12-04 00:00:00-05:00,46.04729530005155,46.04729530005155,44.98098181883111,45.48065948486328,437543000,0.0,0.0,46.970899963378905
2023-12-05 00:00:00-05:00,45.440691049333466,46.57405868207462,45.24579990068304,46.54008102416992,371718000,0.004,0.0,46.720882415771484
2023-12-06 00:00:00-05:00,47.188709647488736,47.36061475805966,45.38671220041947,45.4776611328125,380590000,0.0,0.0,46.19462127685547
2023-12-07 00:00:00-05:00,45.67455214099108,46.603035669637734,45.57860492878931,46.57005310058594,350823000,0.0,0.0,46.16066131591797
2023-12-08 00:00:00-05:00,46.56905734985708,47.71441917110969,46.52408042310089,47.479549407958984,359224000,0.0,0.0,46.309600830078125
2023-12-11 00:00:00-05:00,47.46456109151934,47.50453592444969,45.8044865345936,46.60103988647461,509728000,0.0,0.0,46.53367691040039
2023-12-12 00:00:00-05:00,46.02036339199116,47.63946032153252,46.02036339199116,47.63046646118164,372387000,0.0,0.0,46.75175399780274
2023-12-13 00:00:00-05:00,47.60248182794816,48.5669446692335,47.58149361223289,48.06122589111328,447792000,0.0,0.0,47.26846694946289
2023-12-14 00:00:00-05:00,48.36305298147659,48.64289584092454,47.395593515547255,48.32307434082031,391232000,0.0,0.0,47.61907119750977
2023-12-15 00:00:00-05:00,48.16716609290554,49.37649145661912,48.09320598416868,48.86277770996094,479948000,0.0,0.0,47.89571685791016
2023-12-18 00:00:00-05:00,49.372493076088325,50.404914981750885,49.12263228888661,50.04911422729492,412587000,0.0,0.0,48.585331726074216
2023-12-19 00:00:00-05:00,49.396473996646186,49.67232125952952,48.86776928450163,49.57637405395508,464444000,0.0,0.0,48.97451324462891
2023-12-20 00:00:00-05:00,49.62734838444094,49.97115859701397,48.07121619318162,48.08420944213867,397894000,0.0,0.0,48.97910995483399
2023-12-21 00:00:00-05:00,48.783821596134075,49.06766385409553,48.39203776733346,48.96272277832031,300425000,0.0,0.0,49.10703964233399
2023-12-22 00:00:00-05:00,49.16760528234189,49.355500319360594,48.44001003124747,48.80281066894531,252507000,0.0,0.0,49.09504623413086
2023-12-26 00:00:00-05:00,48.9407287654443,49.572376781102484,48.93273380006729,49.251556396484375,244200000,0.0,0.0,48.93553466796875
2023-12-27 00:00:00-05:00,49.483437657255976,49.65234228998856,49.05767232034617,49.389488220214844,233648000,0.0,0.0,48.8981575012207
2023-12-28 00:00:00-05:00,49.61535772949362,49.85622084400242,49.384483556355164,49.494422912597656,246587000,0.0,0.0,49.1802001953125
2023-12-29 00:00:00-05:00,49.78526123454254,49.969160695229064,48.7238523373362,49.494422912597656,389293000,0.0,0.0,49.28654022216797
2024-01-02 00:00:00-05:00,49.21657920112469,49.267549491534815,47.56849914375037,48.141178131103516,411254000,0.0,0.0,49.15421371459961
2024-01-03 00:00:00-05:00,47.45855812854748,48.15716638258974,47.29364909537562,47.542510986328125,320896000,0.0,0.0,48.81240463256836
2024-01-04 00:00:00-05:00,47.740404942993884,48.47299856752152,47.481550264732384,47.97127914428711,306535000,0.0,0.0,48.52876281738281
2024-01-05 00:00:00-05:00,48.435022998271336,49.51941806362239,48.279107799950744,49.06966781616211,415039000,0.0,0.0,48.4438117980957
2024-01-08 00:00:00-05:00,49.48443254074205,52.24589457837139,49.45144996976697,52.22390365600586,642510000,0.0,0.0,48.989707946777344
2024-01-09 00:00:00-05:00,52.37182939884466,54.29475809672614,51.66122286319163,53.110416412353516,773100000,0.0,0.0,49.98355560302734
2024-01-10 00:00:00-05:00,53.58614782430592,54.569597281107285,53.45921582315341,54.31973648071289,533796000,0.0,0.0,51.3390007019043
2024-01-11 00:00:00-05:00,54.96838061309405,55.315187547624575,53.530182580044965,54.79147720336914,596759000,0.0,0.0,52.703040313720706
2024-01-12 00:00:00-05:00,54.58958487431233,54.93939227133335,54.29974925258684,54.679534912109375,352994000,0.0,0.0,53.82501373291016
2024-01-16 00:00:00-05:00,54.98736610755934,56.80335188433168,54.86943178251625,56.35060501098633,449580000,0.0,0.0,54.65035400390625
2024-01-17 00:00:00-05:00,56.31562456246964,56.439556064869315,54.709520939803106,56.02178955078125,474394000,0.0,0.0,55.232628631591794
2024-01-18 00:00:00-05:00,57.22811763397988,57.567928484455464,56.0757597125632,57.07520294189453,491650000,0.0,0.0,55.783721923828125
2024-01-19 00:00:00-05:00,57.956711672124605,59.46687197330924,57.19313710812396,59.45787811279297,543501000,0.0,0.0,56.71700210571289
2024-01-22 00:00:00-05:00,60.01556528618006,60.29740976678535,59.037110289114665,59.620784759521484,452955000,0.0,0.0,57.70525207519531
2024-01-23 00:00:00-05:00,59.536831763324194,59.876642607504685,58.55237959065836,59.839664459228516,294654000,0.0,0.0,58.40306396484375
2024-01-24 00:00:00-05:00,60.27042548611156,62.814006680232,59.90462813486255,61.32783508300781,560271000,0.0,0.0,59.464273071289064
2024-01-25 00:00:00-05:00,62.31528094129938,62.68407876992676,60.81611616664833,61.58269119262695,482777000,0.0,0.0,60.365770721435545
2024-01-26 00:00:00-05:00,60.926057292697806,61.748600916766215,60.53927554518053,60.99701690673828,390309000,0.0,0.0,60.67359848022461
2024-01-29 00:00:00-05:00,61.197898867345,62.45419882429467,60.87308290712382,62.430213928222656,348733000,0.0,0.0,61.23548431396485
2024-01-30 00:00:00-05:00,62.86497729318725,63.457645602005435,62.225330458008614,62.739044189453125,410735000,0.0,0.0,61.81536026000977
2024-01-31 00:00:00-05:00,61.40579108468123,62.23433190687522,60.666205224632265,61.49274444580078,453795000,0.0,0.0,61.84834213256836
2024-02-01 00:00:00-05:00,62.06541568156925,63.15581153197272,61.61566933157976,62.99190139770508,369146000,0.0,0.0,62.130184173583984
2024-02-02 00:00:00-05:00,63.93837399186544,66.56291110918288,63.654531745686434,66.12316131591797,476578000,0.0,0.0,63.15541305541992
2024-02-05 00:00:00-05:00,68.18701012748092,69.45830503749701,67.16758142852466,69.29339599609375,680078000,0.0,0.0,64.52804946899414
2024-02-06 00:00:00-05:00,69.59122707783612,69.71515858330277,66.26308702618283,68.18501281738281,683111000,0.0,0.0,65.61724319458008
2024-02-07 00:00:00-05:00,68.28095938687078,70.18090186277372,67.56235796585537,70.05996704101562,495575000,0.0,0.0,67.33068771362305
2024-02-08 00:00:00-05:00,70.03496848915448,70.75456869186667,69.41631758373076,69.60221099853516,414422000,0.0,0.0,68.65274963378906
2024-02-09 00:00:00-05:00,70.49373428612587,72.14481511205457,70.17291382776136,72.09284973144531,436637000,0.0,0.0,69.84668731689453
2024-02-12 00:00:00-05:00,72.55957267433736,74.56945447682682,71.21032591879988,72.20777130126953,613710000,0.0,0.0,70.42956237792968
2024-02-13 00:00:00-05:00,70.36080999462226,73.40910749101484,69.58124543898839,72.08784484863281,602580000,0.0,0.0,71.21012878417969
2024-02-14 00:00:00-05:00,73.16125433620005,74.19467532641171,71.89795802434332,73.8588638305664,504917000,0.0,0.0,71.96990814208985
2024-02-15 00:00:00-05:00,73.82786252680346,73.93379867183279,72.35967890593884,72.6175308227539,420122000,0.0,0.0,72.57297210693359
2024-02-16 00:00:00-05:00,74.05873462198204,74.36056840015162,72.46062602851259,72.57256317138672,495327000,0.0,0.0,72.66891479492188
2024-02-20 00:00:00-05:00,71.90693589131082,71.91593356383504,67.6962844049487,69.413330078125,704833000,0.0,0.0,72.11002655029297
2024-02-21 00:00:00-05:00,67.96813224619191,68.84964494727922,66.21111545956025,67.43443298339844,673755000,0.0,0.0,71.1793441772461
2024-02-22 00:00:00-05:00,74.98323324060954,78.53125229218321,74.17868109913526,78.49427795410156,865100000,0.0,0.0,72.10642700195312
2024-02-23 00:00:00-05:00,80.7450180977802,82.34812129044985,77.52680973171769,78.77311706542969,829388000,0.0,0.0,73.33754425048828
2024-02-26 00:00:00-05:00,79.65562156391138,80.60110162092384,78.46128722131758,79.04796600341797,503973000,0.0,0.0,74.63262481689453
2024-02-27 00:00:00-05:00,79.33678712059191,79.4357386337423,77.11902880227755,78.65716552734375,391705000,0.0,0.0,76.48139190673828
2024-02-28 00:00:00-05:00,77.57677565555984,78.88904035012949,77.0820485792693,77.6197509765625,393110000,0.0,0.0,78.5184555053711
2024-02-29 00:00:00-05:00,79.04996729538055,79.94546455588929,78.30637821286784,79.06795501708984,507289000,0.0,0.0,78.63319091796875
2024-03-01 00:00:00-05:00,79.95544705800646,82.2541692109824,79.39075927311268,82.2331771850586,479135000,0.0,0.0,79.32520294189453
2024-03-04 00:00:00-05:00,84.08315120139147,87.64616854479111,83.67238457234258,85.18953704833984,615616000,0.0,0.0,80.5535171508789
2024-03-05 00:00:00-05:00,85.22651962468665,86.05310143549691,83.37446759481172,85.920166015625,520639000,0.004,0.0,82.00611724853516
2024-03-06 00:00:00-05:00,87.97712182383515,89.67824984643924,86.9856232402923,88.65476989746094,582520000,0.0,0.0,84.21312103271484
2024-03-07 00:00:00-05:00,90.11202114454544,92.71969184649807,89.55630492024456,92.62174224853516,608119000,0.0,0.0,86.9238784790039
2024-03-08 00:00:00-05:00,95.08948806655721,97.35033567284756,86.46188588221935,87.48336791992188,1142269000,0.0,0.0,87.97391662597656
2024-03-11 00:00:00-04:00,86.38492752767289,88.75171621511622,84.1230810265849,85.73026275634766,678364000,0.0,0.0,88.08206176757812
2024-03-12 00:00:00-04:00,88.00410652239347,91.91310774958505,86.10607276758905,91.86613464355469,668075000,0.0,0.0,89.27125549316406
2024-03-13 00:00:00-04:00,91.00856657140831,91.45733510152752,88.38989990202793,90.8416519165039,635713000,0.0,0.0,89.70863189697266
2024-03-14 00:00:00-04:00,89.53132517509458,90.59978030033041,86.55583824442805,87.89915466308594,602318000,0.0,0.0,88.76411437988281
2024-03-15 00:00:00-04:00,86.8856706502334,89.50033394584524,86.2130173215006,87.79220581054688,642086000,0.0,0.0,88.82588195800781
2024-03-18 00:00:00-04:00,90.34190203688856,92.35787164603076,87.04058518466691,88.4098892211914,668976000,0.0,0.0,89.36180725097657
2024-03-19 00:00:00-04:00,86.65579447616338,90.49783644933297,84.96666127835144,89.35242462158203,672171000,0.0,0.0,88.85906524658203
2024-03-20 00:00:00-04:00,89.75120872764549,90.36390274155225,88.17801382637771,90.32592010498047,479063000,0.0,0.0,88.75591888427735
2024-03-21 00:00:00-04:00,92.2529387505123,92.60076087628697,90.3589007516049,91.38837432861328,480372000,0.0,0.0,89.45376281738281
2024-03-22 00:00:00-04:00,91.09452364541656,94.72967008042832,90.78768098585184,94.24092102050781,586719000,0.0,0.0,90.743505859375
2024-03-25 00:00:00-04:00,93.89310384073973,96.71666039718104,93.46232384034413,94.95355987548828,552136000,0.0,0.0,92.05223999023437
2024-03-26 00:00:00-04:00,95.8021170685874,96.32585191995982,92.45482592449682,92.5137939453125,513648000,0.0,0.0,92.68451385498047
2024-03-27 00:00:00-04:00,93.06451960589087,93.19245268869888,89.07755527294492,90.2039794921875,586067000,0.0,0.0,92.66012573242188
2024-03-28 00:00:00-04:00,89.95410761772509,91.25344777796057,89.14751991247192,90.30992889404297,435212000,0.0,0.0,92.4444366455078
2024-04-01 00:00:00-04:00,90.25295469319977,92.17796738530402,89.15851187965868,90.3169174194336,452441000,0.0,0.0,91.65963592529297
2024-04-02 00:00:00-04:00,88.4028863469108,90.04805054821496,87.57531335437362,89.40637969970703,433064000,0.0,0.0,90.55019989013672
2024-04-03 00:00:00-04:00,88.43889671490548,90.32793268323532,88.35493989966884,88.91864776611328,370067000,0.0,0.0,89.83117065429687
2024-04-04 00:00:00-04:00,90.35988689456467,90.58777505707383,85.83619439258581,85.8611831665039,434965000,0.0,0.0,88.96261138916016
2024-04-05 00:00:00-04:00,86.82169600485652,88.43587785170828,85.88218058642197,87.96311950683594,399678000,0.0,0.0,88.49324951171874
2024-04-08 00:00:00-04:00,88.65475649731144,88.7846950725735,86.68776556126254,87.08856201171875,283220000,0.0,0.0,87.84757843017579
2024-04-09 00:00:00-04:00,87.39739525078261,87.59029759028141,82.97965182031417,85.31045532226562,501700000,0.0,0.0,87.0283935546875
2024-04-10 00:00:00-04:00,83.88320224037439,87.35542960706438,83.66631003801581,86.99461364746094,431929000,0.0,0.0,86.64358673095703
2024-04-11 00:00:00-04:00,87.37542414329695,90.69273208355851,86.8816803570947,90.56979370117188,431637000,0.0,0.0,87.58530883789062
2024-04-12 00:00:00-04:00,89.65325833959419,90.1290211698629,87.48536563341473,88.14102935791016,426805000,0.0,0.0,87.62089080810547
2024-04-15 00:00:00-04:00,89.05256658600005,90.56679344486741,85.88518380835967,85.95714569091797,443077000,0.0,0.0,87.39460754394531
2024-04-16 00:00:00-04:00,86.38892089132743,88.0730591608871,86.02011339953525,87.37042236328125,370453000,0.0,0.0,87.80660095214844
2024-04-17 00:00:00-04:00,88.29494666403578,88.72973001771733,83.90718598900048,83.99214935302734,495400000,0.0,0.0,87.20610809326172
2024-04-18 00:00:00-04:00,84.92668166791294,86.14606090548644,82.35999009705611,84.6278305053711,447260000,0.0,0.0,86.01771545410156
2024-04-19 00:00:00-04:00,83.10760934336838,84.28100677926233,75.56745676539116,76.16114807128906,875198000,0.0,0.0,83.62173919677734
2024-04-22 00:00:00-04:00,78.06417460921173,80.0321724749778,76.36104864748893,79.47745513916016,596341000,0.0,0.0,82.32580108642578
2024-04-23 00:00:00-04:00,80.72781776562408,82.72679808163171,80.22307798101387,82.38097381591797,438559000,0.0,0.0,81.32791137695312
2024-04-24 00:00:00-04:00,83.90719166390734,84.03912814064545,79.14262401880819,79.6363754272461,512208000,0.0,0.0,80.45675659179688
2024-04-25 00:00:00-04:00,78.82777847791279,83.28050853708768,78.18311074273281,82.5898666381836,424641000,0.0,0.0,80.04916381835938
2024-04-26 00:00:00-04:00,83.77526671112514,88.28596627439501,83.34448669778978,87.69026947021484,551011000,0.0,0.0,82.35498809814453
2024-04-29 00:00:00-04:00,87.55033742522801,87.94713054569272,85.22252257935692,87.7122573852539,388971000,0.0,0.0,84.00194854736328
2024-04-30 00:00:00-04:00,87.19551078274068,88.77370796814891,86.2559953107839,86.35794067382812,363709000,0.0,0.0,84.7973419189453
2024-05-01 00:00:00-04:00,85.03361435183398,85.95614014617317,81.21355734292688,82.99864959716797,559863000,0.0,0.0,85.46979675292968
2024-05-02 00:00:00-04:00,84.40593290133356,86.19302312746696,83.15756927733226,85.77323913574219,377898000,0.0,0.0,86.10647125244141
2024-05-03 00:00:00-04:00,87.7442309865165,89.23546686580507,86.99561241116382,88.74372100830078,398341000,0.0,0.0,86.3171615600586
2024-05-06 00:00:00-04:00,89.3444197919577,92.17297861657092,89.00959152215785,92.093017578125,376203000,0.0,0.0,87.19331359863281
2024-05-07 00:00:00-04:00,91.05154141921548,91.73419176081896,88.96560776051032,90.50782012939453,437342000,0.0,0.0,88.02328948974609
2024-05-08 00:00:00-04:00,89.43736345879935,91.14748934800362,89.37439205191707,90.36589050292969,325721000,0.0,0.0,89.49673767089844
2024-05-09 00:00:00-04:00,90.48284079234612,91.02556319779642,88.18601596391863,88.70175170898438,378013000,0.0,0.0,90.08244018554687
2024-05-10 00:00:00-04:00,90.25895279926722,91.3543946079418,89.18149955504683,89.83216857910156,335325000,0.0,0.0,90.30012969970703
2024-05-13 00:00:00-04:00,90.43185974293648,90.95159885169748,88.48385608988069,90.3529052734375,289680000,0.0,0.0,89.95210723876953
2024-05-14 00:00:00-04:00,89.55330988776338,91.60426546540805,88.88864807554503,91.30941772460938,296507000,0.0,0.0,90.1124267578125
2024-05-15 00:00:00-04:00,92.42485211295921,94.81363293144179,91.55229612488634,94.58174896240234,417735000,0.0,0.0,90.95559844970703
2024-05-16 00:00:00-04:00,94.8616117597436,95.77014487035822,94.05501639356171,94.3108901977539,323952000,0.0,0.0,92.07742614746094
2024-05-17 00:00:00-04:00,94.3208822477914,94.69168763651655,91.75918564554273,92.43183898925781,359691000,0.0,0.0,92.59736022949218
2024-05-20 00:00:00-04:00,93.70220057081201,95.15145822277206,93.39236106775267,94.73167419433594,318764000,0.0,0.0,93.47311401367188
2024-05-21 00:00:00-04:00,93.55126534071833,95.35134936664903,93.1324803037148,95.33735656738281,328946000,0.0,0.0,94.27870178222656
2024-05-22 00:00:00-04:00,95.41032394954395,95.97103489974472,93.20145177000462,94.90158081054688,548648000,0.0,0.0,94.34266815185546
2024-05-23 00:00:00-04:00,101.97597776870575,106.26578917767765,101.46823355489357,103.74607849121094,835065000,0.0,0.0,96.22970581054688
2024-05-24 00:00:00-04:00,104.39572928386976,106.42069701496759,102.94747076428304,106.41470336914062,429494000,0.0,0.0,99.02627868652344
2024-05-28 00:00:00-04:00,110.18778556165118,114.88039109228285,109.8269695886833,113.8429183959961,652728000,0.0,0.0,102.84852752685546
2024-05-29 00:00:00-04:00,112.99234510462112,115.4330933483792,110.84443906697294,114.76643371582031,557442000,0.0,0.0,106.73434295654297
2024-05-30 00:00:00-04:00,114.59153447828542,115.75993705260656,109.60707814261482,110.44364929199219,484553000,0.0,0.0,109.84275665283204
2024-05-31 00:00:00-04:00,112.46262402548862,112.65952979992652,106.88547499697964,109.57710266113281,613263000,0.0,0.0,111.0089614868164
2024-06-03 00:00:00-04:00,113.56306583418551,114.94136047363281,111.94588702357191,114.94136047363281,438392000,0.0,0.0,112.71429290771485
2024-06-04 00:00:00-04:00,115.65700669071254,116.54055105021374,113.98685338816156,116.37763214111328,403324000,0.0,0.0,113.22123565673829
2024-06-05 00:00:00-04:00,118.31063824188061,122.3865539456356,117.408098853795,122.3775634765625,528402000,0.0,0.0,114.74346160888672
2024-06-06 00:00:00-04:00,123.98474236351488,125.52295906565588,118.25966633915728,120.9363021850586,664696000,0.0,0.0,116.8419921875
2024-06-07 00:00:00-04:00,119.70892880786865,121.62995352369373,117.96182659837903,120.82636260986328,412386000,0.0,0.0,119.09184417724609
2024-06-10 00:00:00-04:00,120.3086160214553,123.03721949599527,116.95032895624942,121.72789001464844,313434100,0.0,10.0,120.44915008544922
2024-06-11 00:00:00-04:00,121.71789374529509,122.81742917863629,118.68919144067175,120.85826873779297,222551200,0.01,0.0,121.34527740478515
2024-06-12 00:00:00-04:00,123.00735466296415,126.82572022932071,122.51756641163499,125.14643859863281,299595000,0.0,0.0,121.89905242919922
2024-06-13 00:00:00-04:00,129.3346278393984,129.74445604329242,127.10558642301991,129.55453491210938,260704500,0.0,0.0,123.62269897460938
2024-06-14 00:00:00-04:00,129.90441625095465,132.78317395786428,128.26511837192902,131.82359313964844,309320400,0.0,0.0,125.8221450805664
2024-06-17 00:00:00-04:00,132.9331153831068,133.67278906643185,129.52457044327446,130.92396545410156,288504400,0.0,0.0,127.66136016845704
2024-06-18 00:00:00-04:00,131.08388532556722,136.27166699428068,130.63408092847425,135.52198791503906,294335100,0.0,0.0,130.59410400390624
2024-06-20 00:00:00-04:00,139.74020619139688,140.69978702792184,129.46460449105635,130.72406005859375,517768400,0.0,0.0,131.70962829589843
2024-06-21 00:00:00-04:00,127.06562164590744,130.57412222632124,124.24682832839595,126.51585388183594,649445800,0.0,0.0,131.10189208984374
2024-06-24 00:00:00-04:00,123.18727368315257,124.4067529664504,117.98950138261452,118.0594711303711,476060900,0.0,0.0,128.34906768798828
2024-06-25 00:00:00-04:00,121.14814167969276,126.44587713171062,119.26894878077069,126.03604888916016,414192600,0.0,0.0,127.371484375
2024-06-26 00:00:00-04:00,126.07604323280044,128.06518984478126,122.54755446405669,126.34593200683594,362975900,0.0,0.0,125.53627319335938
2024-06-27 00:00:00-04:00,124.04691186806878,126.35592889862836,122.8674163349487,123.93695831298828,252571700,0.0,0.0,124.17885284423828
2024-06-28 00:00:00-04:00,124.52670811618471,127.65536639722576,122.69748913626472,123.48715209960938,315516700,0.0,0.0,123.57311248779297
2024-07-01 00:00:00-04:00,123.4171718460919,124.78658078052614,118.7791577829481,124.24681854248047,284885500,0.0,0.0,124.81058197021484
2024-07-02 00:00:00-04:00,121.07817351581278,123.35720445635805,120.97821782460922,122.61751556396484,218374000,0.0,0.0,124.12687530517579
2024-07-03 00:00:00-04:00,121.60795022813568,128.22511291503906,121.30807553564613,128.22511291503906,215749000,0.0,0.0,124.50271148681641
2024-07-05 00:00:00-04:00,127.32549339805952,128.79487325497558,125.62622385121296,125.77616119384766,214176700,0.0,0.0,124.87055206298828
2024-07-08 00:00:00-04:00,127.43543114348468,130.71403368367476,126.98562679747023,128.14512634277344,237677300,0.0,0.0,125.8021469116211
2024-07-09 00:00:00-04:00,130.29424856790877,133.76276548705792,128.59496354527897,131.3238067626953,285366600,0.0,0.0,127.21754455566406
2024-07-10 00:00:00-04:00,133.9726664675838,135.04221608834806,132.36335454676214,134.852294921875,248978600,0.0,0.0,129.66450042724608
2024-07-11 00:00:00-04:00,135.6919395597456,136.09176237835354,126.99566361078907,127.34551239013672,374782700,0.0,0.0,129.48858032226562
2024-07-12 00:00:00-04:00,128.20513111513003,131.86356920556344,127.16558268757724,129.18472290039062,252680500,0.0,0.0,130.17029266357423
2024-07-15 00:00:00-04:00,130.50412821022553,131.3337748661706,127.12557732818904,128.38504028320312,208326200,0.0,0.0,130.21827545166016
2024-07-16 00:00:00-04:00,128.3850428883488,128.98477699663783,124.52669397454281,126.3059310913086,214769500,0.0,0.0,129.2147003173828
2024-07-17 00:00:00-04:00,121.29807714631912,121.79786321418705,116.670060903269,117.93951416015625,390086200,0.0,0.0,125.83214416503907
2024-07-18 00:00:00-04:00,121.79786974825338,122.34763750285344,116.51013195140489,121.03819274902344,320979500,0.0,0.0,124.5706802368164
2024-07-19 00:00:00-04:00,120.29850995680886,121.54797517785201,117.31978914047505,117.87954711914062,217223800,0.0,0.0,122.30964508056641
2024-07-22 00:00:00-04:00,120.29851430002402,124.0169241522775,119.8087260510085,123.48715209960938,258068900,0.0,0.0,121.33006744384765
2024-07-23 00:00:00-04:00,122.72748067875479,124.63666735303748,122.04777123792785,122.53755950927734,173911000,0.0,0.0,120.5763931274414
2024-07-24 00:00:00-04:00,119.1190116312528,119.89867669033677,113.39146746574805,114.20111846923828,327776900,0.0,0.0,119.8287139892578
2024-07-25 00:00:00-04:00,112.99163342891377,116.580093681362,106.25451947131738,112.2319564819336,460067000,0.0,0.0,118.06746673583984
2024-07-26 00:00:00-04:00,116.14027729156595,116.15026752111177,111.53224959597725,113.01161193847656,293399100,0.0,0.0,117.09387969970703
2024-07-29 00:00:00-04:00,113.64135918454429,116.23024736996389,111.2523823769322,111.54225158691406,248152100,0.0,0.0,114.70489959716797
2024-07-30 00:00:00-04:00,111.47227535621278,111.94207545546908,102.49612232025332,103.68561553955078,486833300,0.0,0.0,110.93451080322265
2024-07-31 00:00:00-04:00,112.85169271533529,118.28935980657482,110.83255278301941,116.96992492675781,473174200,0.0,0.0,111.48827209472657
2024-08-01 00:00:00-04:00,117.47971689042026,120.10859659996095,106.76430191931924,109.16327667236328,523462300,0.0,0.0,110.8745361328125
2024-08-02 00:00:00-04:00,103.7155981672913,108.6734746260821,101.32662157502604,107.22409057617188,482027500,0.0,0.0,109.71703186035157
2024-08-05 00:00:00-04:00,92.020610744235,103.36576087778293,90.65120176374947,100.40702056884766,552842400,0.0,0.0,107.48998565673828
2024-08-06 00:00:00-04:00,103.79557790935745,107.66392522983698,100.50699194542041,104.20540618896484,409012100,0.0,0.0,107.5939437866211
2024-08-07 00:00:00-04:00,107.76386930019544,108.75345120343057,98.64777632103673,98.86768341064453,411440400,0.0,0.0,103.97349548339844
2024-08-08 00:00:00-04:00,101.95635654950479,105.45485898012505,97.47827008281362,104.92508697509766,391910000,0.0,0.0,103.12585754394532
2024-08-09 00:00:00-04:00,105.59481125304626,106.55439969221393,103.38575750879603,104.70519256591797,290844200,0.0,0.0,102.62207794189453
2024-08-12 00:00:00-04:00,106.27451625816647,111.02248421974713,106.214544366382,108.97335815429688,325559900,0.0,0.0,104.33534545898438
2024-08-13 00:00:00-04:00,112.3918952304853,116.18027460234957,111.53226256952769,116.0903091430664,312646700,0.0,0.0,106.71232604980469
2024-08-14 00:00:00-04:00,118.47929205094907,118.5492618001431,114.02120093884069,118.02948760986328,339246400,0.0,0.0,110.54468688964843
2024-08-15 00:00:00-04:00,118.7091971963176,123.18727640390337,117.41974813678404,122.80744171142578,318086700,0.0,0.0,114.12115783691407
2024-08-16 00:00:00-04:00,121.88783295977665,124.94652136236562,121.12815597457694,124.52670288085938,302589900,0.0,0.0,118.08545989990235
2024-08-19 00:00:00-04:00,124.22684228567836,129.94439697265625,123.36720951099952,129.94439697265625,318333600,0.0,0.0,122.27966766357422
2024-08-20 00:00:00-04:00,128.3450585172195,129.82443628728038,125.83613790062299,127.195556640625,300087400,0.0,0.0,124.50071716308594
2024-08-21 00:00:00-04:00,127.26552712895132,129.29466502006431,126.60581346882094,128.4450225830078,257883600,0.0,0.0,126.58382415771484
2024-08-22 00:00:00-04:00,129.96438511048203,130.6940685649148,123.04733950988674,123.68706512451172,376189100,0.0,0.0,126.75974884033204
2024-08-23 00:00:00-04:00,125.80614369005178,129.54454879248973,125.16641816339359,129.31463623046875,323230300,0.0,0.0,127.7173355102539
2024-08-26 00:00:00-04:00,129.51456118098446,131.20382517716885,124.31678181120705,126.4058837890625,331964700,0.0,0.0,127.00963287353515
2024-08-27 00:00:00-04:00,124.99650751528328,129.14472607274774,123.8270022374259,128.2451171875,303134600,0.0,0.0,127.21954498291015
2024-08-28 00:00:00-04:00,128.06518755846798,128.27510443502842,122.58753608006307,125.55626678466797,448101100,0.0,0.0,126.64179382324218
2024-08-29 00:00:00-04:00,121.30807947152184,124.37676573622443,116.66006734390899,117.53968811035156,453023300,0.0,0.0,125.41231842041016
2024-08-30 00:00:00-04:00,119.47885915972935,121.69791057687668,117.169849908653,119.31893157958984,333751600,0.0,0.0,123.41317749023438
2024-09-03 00:00:00-04:00,115.96036355880885,116.1602749319815,107.24409346859224,107.95378875732422,477155100,0.0,0.0,119.72275848388672
2024-09-04 00:00:00-04:00,105.36490525672457,113.22153543398687,104.07545625261184,106.16455841064453,372470300,0.0,0.0,115.30664672851563
2024-09-05 00:00:00-04:00,104.94508720389065,109.60309749669094,104.71518985962717,107.16413879394531,306850700,0.0,0.0,111.62822113037109
2024-09-06 00:00:00-04:00,107.99378096807179,108.10373451971928,100.90681013303441,102.7860107421875,413638100,0.0,0.0,108.67748565673828
2024-09-09 00:00:00-04:00,104.83512245061276,106.50441370678206,103.64563679939363,106.42444610595703,273912000,0.0,0.0,106.09858856201171
2024-09-10 00:00:00-04:00,107.76386463370491,109.35318822314704,104.90508784485718,108.05374145507812,268283700,0.0,0.0,106.1185791015625
2024-09-11 00:00:00-04:00,109.34319126914343,117.13985668962943,107.37403301447969,116.85997772216797,441422400,0.0,0.0,108.25766296386719
2024-09-12 00:00:00-04:00,116.7999969846395,120.74864930591372,115.34049772061324,119.09921264648438,366052700,0.01,0.0,110.644677734375
2024-09-13 00:00:00-04:00,119.03923719212747,119.91893319621943,117.5597404845181,119.0592269897461,238358300,0.0,0.0,113.89932098388672
2024-09-16 00:00:00-04:00,116.75001946408975,118.13954300655384,114.32085103611607,116.74002075195312,248772300,0.0,0.0,115.96243591308594
2024-09-17 00:00:00-04:00,118.12954900355818,118.75933823796504,114.79069593440207,115.55043029785156,231925900,0.0,0.0,117.46177368164062
2024-09-18 00:00:00-04:00,115.85032597194726,117.65970390167261,113.18124184177299,113.33119201660156,310318900,0.0,0.0,116.75601654052734
2024-09-19 00:00:00-04:00,117.30982462581498,119.6190390017094,117.20986038538442,117.82965087890625,293506400,0.0,0.0,116.50210418701172
2024-09-20 00:00:00-04:00,117.01993908275097,118.57941042970523,115.35051239494953,115.9603042602539,382462400,0.0,0.0,115.88231964111328
2024-09-23 00:00:00-04:00,116.51010886475667,116.94995306986277,114.82068489843978,116.22020721435547,206228500,0.0,0.0,115.77835693359376
2024-09-24 00:00:00-04:00,116.48011145817397,121.75831050299728,115.34050229413268,120.82862854003906,354966800,0.0,0.0,116.83399658203125
2024-09-25 00:00:00-04:00,121.9782246233193,124.8972307941946,121.56836894761845,123.46772003173828,284692900,0.0,0.0,118.86130218505859
2024-09-26 00:00:00-04:00,126.75659295249227,127.62629022604027,121.75830470715397,123.9975357055664,302582900,0.0,0.0,120.09487915039062
2024-09-27 00:00:00-04:00,123.9275641535197,123.9875411739155,119.21917738287792,121.35844421386719,271009200,0.0,0.0,121.17450714111328
2024-09-30 00:00:00-04:00,118.26948904999118,121.45839925706385,118.10954779878932,121.39842224121094,226553700,0.0,0.0,122.21015014648438
2024-10-01 00:00:00-04:00,121.72830933905863,122.39808576451375,115.7503608309228,116.95994567871094,302094500,0.0,0.0,121.43641357421875
2024-10-02 00:00:00-04:00,116.40014740227824,119.33913591399957,115.1005893150636,118.80931854248047,221845900,0.0,0.0,120.50473327636719
2024-10-03 00:00:00-04:00,120.87860561160097,124.31743049345978,120.2988023230489,122.80794525146484,277118000,0.0,0.0,120.26681518554688
2024-10-04 00:00:00-04:00,124.89723283717322,124.99719707970252,121.78829684578011,124.87723541259766,243678100,0.0,0.0,120.97057342529297
2024-10-07 00:00:00-04:00,124.94721586781675,130.5952834922112,124.90722864393703,127.67628479003906,346250200,0.0,0.0,122.2261459350586
2024-10-08 00:00:00-04:00,130.2153933149511,133.43429200303964,129.3756845929013,132.84449768066406,285722500,0.0,0.0,125.40305633544922
2024-10-09 00:00:00-04:00,134.06410607581472,134.47396942827422,131.33504459540586,132.60459899902344,246191600,0.0,0.0,128.1621124267578
2024-10-10 00:00:00-04:00,131.86485368985453,134.9537923881041,130.95516150253064,134.76385498046875,242311300,0.0,0.0,130.55329437255858
2024-10-11 00:00:00-04:00,133.9641223517835,135.73352074472976,133.61425131031754,134.7538604736328,170209500,0.0,0.0,132.52861938476562
2024-10-14 00:00:00-04:00,136.42329237635488,139.5522259694365,136.25335239175735,138.0227508544922,232347700,0.0,0.0,134.59791259765626
2024-10-15 00:00:00-04:00,137.82280508502743,138.52257769243778,128.6959404665834,131.55496215820312,377831000,0.0,0.0,134.34000549316406
2024-10-16 00:00:00-04:00,133.9341283963689,136.57322399642072,131.53495612489098,135.6735382080078,264879700,0.0,0.0,134.95379333496095
2024-10-17 00:00:00-04:00,139.29229632563835,140.8417687676179,136.82314065604464,136.88311767578125,306435900,0.0,0.0,135.37764587402344
2024-10-18 00:00:00-04:00,138.62252759913224,138.85244459278235,137.23300404466042,137.9527587890625,176090200,0.0,0.0,136.01742553710938
2024-10-21 00:00:00-04:00,138.0827206747143,143.6608123779297,137.95276029474488,143.6608123779297,264554500,0.0,0.0,137.14503784179686
2024-10-22 00:00:00-04:00,142.86108785315807,144.37056551302095,141.73146975294682,143.5408477783203,226311600,0.0,0.0,139.5422149658203
2024-10-23 00:00:00-04:00,141.9813779606296,142.38123492807873,137.41295033058282,139.51222229003906,285930000,0.0,0.0,140.30995178222656
2024-10-24 00:00:00-04:00,140.7718017861216,141.30161913611144,138.41260905173522,140.3619384765625,172354900,0.0,0.0,141.0057159423828
2024-10-25 00:00:00-04:00,140.8817548130095,144.08067171203157,140.75180968215267,141.49154663085938,205122100,0.0,0.0,141.71347351074218
2024-10-28 00:00:00-04:00,142.95105547012693,143.09100694226274,140.00206821568727,140.47190856933594,173586700,0.0,0.0,141.07569274902343
2024-10-29 00:00:00-04:00,140.2419668294209,142.21129364579818,138.8524432880062,141.20164489746094,157593600,0.0,0.0,140.60785217285155
2024-10-30 00:00:00-04:00,139.49222584841445,140.28196395700422,136.76316465511044,139.29229736328125,179418100,0.0,0.0,140.5638671875
2024-10-31 00:00:00-04:00,137.55290880572403,137.56289989167158,132.06478241439225,132.7145538330078,270039600,0.0,0.0,139.03439025878907
2024-11-01 00:00:00-04:00,134.65389558133728,137.26300291330367,134.52395044654537,135.35365295410156,207127800,0.0,0.0,137.8068115234375
2024-11-04 00:00:00-05:00,137.16303982117785,138.91244079735898,135.52360180221356,136.00343322753906,187528200,0.0,0.0,136.91311645507812
2024-11-05 00:00:00-05:00,137.40294177771256,140.3219403030432,137.28298774012364,139.8621063232422,160537400,0.0,0.0,136.64520874023438
2024-11-06 00:00:00-05:00,142.9110784725191,146.43986910531262,141.91142072377156,145.56016540527344,242043900,0.0,0.0,137.8987823486328
2024-11-07 00:00:00-05:00,146.33990241230273,148.87902647248674,146.11997647950326,148.8290557861328,207323300,0.0,0.0,141.1216827392578
2024-11-08 00:00:00-05:00,148.719046162124,149.7187036326565,146.2098961488073,147.57943725585938,175665800,0.0,0.0,143.56683959960938
2024-11-11 00:00:00-05:00,148.62909347800425,148.79904870323992,143.52085748188875,145.21026611328125,182325600,0.0,0.0,145.4082061767578
2024-11-12 00:00:00-05:00,146.72974972362667,149.5987623190427,145.96000905647895,148.23922729492188,198634700,0.0,0.0,147.08363037109376
2024-11-13 00:00:00-05:00,149.01896932454213,149.27887481548683,145.85004123347073,146.2199249267578,191903300,0.0,0.0,147.21558227539063
2024-11-14 00:00:00-05:00,147.58946625444327,148.94900137376933,145.50018526515709,146.7097625732422,194463300,0.0,0.0,146.7917236328125
2024-11-15 00:00:00-05:00,144.8203910682193,145.1902747512061,140.03203789439084,141.93138122558594,250132900,0.0,0.0,145.6621124267578
2024-11-18 00:00:00-05:00,139.45223367342163,141.50153478170088,137.10303223771245,140.1020050048828,221205300,0.0,0.0,144.6404602050781
2024-11-19 00:00:00-05:00,141.27163159656618,147.0796403153284,140.94174272954967,146.9596710205078,227834900,0.0,0.0,144.38454895019532
2024-11-20 00:00:00-05:00,147.35954130772643,147.50948385732136,142.68113546401185,145.84005737304688,309871700,0.0,0.0,144.30857543945314
2024-11-21 00:00:00-05:00,149.29888738883682,152.83766902515802,140.65183891204953,146.6197967529297,400946600,0.0,0.0,144.29058227539062
2024-11-22 00:00:00-05:00,145.88003080645086,147.10962067545384,141.05169787065546,141.90139770507812,236406200,0.0,0.0,144.28458557128906
2024-11-25 00:00:00-05:00,141.9413916908634,142.00136870780395,135.7735059739188,135.9734344482422,344941900,0.0,0.0,143.45887145996093
2024-11-26 00:00:00-05:00,137.65285491316135,139.25231324946176,135.62355111044974,136.8731231689453,190287700,0.0,0.0,141.44156188964843
2024-11-27 00:00:00-05:00,134.96376655836661,137.17301655731904,131.7548742168772,135.2936553955078,226370900,0.0,0.0,139.33228149414063
2024-11-29 00:00:00-05:00,136.7331843976686,139.30231211006736,136.0034385187834,138.2026824951172,141863200,0.0,0.0,137.64885864257812
2024-12-02 00:00:00-05:00,138.7824785355422,140.40191910756175,137.77282976281836,138.58255004882812,171682800,0.0,0.0,136.98508911132814
2024-12-03 00:00:00-05:00,138.21267485883047,140.49189330582607,137.90278339727084,140.2119903564453,164414000,0.0,0.0,137.83280029296876
2024-12-04 00:00:00-05:00,141.95139223046513,145.7400881706811,140.24197086598,145.09031677246094,231224300,0.0,0.0,139.4762390136719
2024-12-05 00:00:00-05:00,145.07032934736787,146.49993108099994,143.9106428157812,145.0203399658203,172621200,0.01,0.0,141.42157592773438
2024-12-06 00:00:00-05:00,144.5604751692698,145.66016529709515,141.27136605108353,142.40106201171875,188505600,0.0,0.0,142.2612518310547
2024-12-09 00:00:00-05:00,138.93199359328304,139.91172129670065,137.0925004855475,138.77203369140625,189308600,0.0,0.0,142.2991485595703
2024-12-10 00:00:00-05:00,138.97197539548316,141.7812196768295,133.7534018405272,135.03306579589844,210020900,0.0,0.0,141.26336364746095
2024-12-11 00:00:00-05:00,137.32243273699547,140.13166176303284,135.173026862483,139.2718963623047,184905200,0.0,0.0,140.09967956542968
2024-12-12 00:00:00-05:00,137.0425058096826,138.40213441382414,135.76285715338648,137.30242919921875,159211400,0.0,0.0,138.55609741210938
2024-12-13 00:00:00-05:00,138.9020072444441,139.56183041879834,132.50374826625531,134.21328735351562,231514900,0.0,0.0,136.91854248046874
2024-12-16 00:00:00-05:00,134.14327863720246,134.36321966164874,130.3843129319086,131.96388244628906,237951100,0.0,0.0,135.55691223144532
2024-12-17 00:00:00-05:00,129.0546920799943,131.5540083659402,126.82530622422306,130.35433959960938,259410300,0.0,0.0,134.6211669921875
2024-12-18 00:00:00-05:00,133.82339933223892,136.6626191312432,128.2449232385065,128.874755859375,277444500,0.0,0.0,132.54173889160157
2024-12-19 00:00:00-05:00,131.72394769790225,133.99333094415113,129.51456085077075,130.6442413330078,209719200,0.0,0.0,131.21010131835936
2024-12-20 00:00:00-05:00,129.7745000485284,135.24300545668208,128.1849385069714,134.6631622314453,306528600,0.0,0.0,131.30007629394532
2024-12-23 00:00:00-05:00,136.24273302531586,139.75176772445488,135.08304656610844,139.63180541992188,176053500,0.0,0.0,132.8336608886719
2024-12-24 00:00:00-05:00,139.9617148258363,141.86118913948326,138.61207790245493,140.18165588378906,105157000,0.0,0.0,134.79912414550782
2024-12-26 00:00:00-05:00,139.66180603983884,140.8115008078877,137.69234337416663,139.89173889160156,116205600,0.0,0.0,137.0025207519531
2024-12-27 00:00:00-05:00,138.5121216661011,138.9819943823141,134.67317523350815,136.9725341796875,170582600,0.0,0.0,138.26817932128907
2024-12-30 00:00:00-05:00,134.79311660884966,140.2316308377207,133.98334063995796,137.452392578125,167734700,0.0,0.0,138.826025390625
2024-12-31 00:00:00-05:00,137.99226367763055,138.0322612848829,133.79341493856927,134.25328063964844,155659200,0.0,0.0,137.7503204345703
2025-01-02 00:00:00-05:00,135.96280522543205,138.84202245285945,134.5931847895647,138.2721710205078,198247200,0.0,0.0,137.36842346191406
2025-01-03 00:00:00-05:00,139.9717090810043,144.86037131104774,139.69178686675932,144.4304962158203,229322500,0.0,0.0,138.27617492675782
2025-01-06 00:00:00-05:00,148.54936300568127,152.11839407781596,147.77958455274808,149.38912963867188,265377400,0.0,0.0,140.75949401855468
2025-01-07 00:00:00-05:00,152.98814312185272,153.08812187242287,139.97169998670535,140.10166931152344,351782200,0.0,0.0,141.2893493652344
2025-01-08 00:00:00-05:00,142.5410270870028,143.9106477112154,137.5223950503333,140.0717010498047,227349900,0.0,0.0,142.45303344726562
2025-01-10 00:00:00-05:00,137.41242079266553,139.88174676307978,134.18330808313058,135.8728485107422,207602500,0.0,0.0,141.9731689453125
2025-01-13 00:00:00-05:00,129.95446851982027,133.4535116815908,129.4745887600242,133.19357299804688,204808900,0.0,0.0,139.7257843017578
2025-01-14 00:00:00-05:00,136.0128040706775,136.3427156721725,130.0144445990235,131.72396850585938,195590500,0.0,0.0,136.1927520751953
2025-01-15 00:00:00-05:00,133.61345527658474,136.4126928345012,131.25409986764885,136.2027587890625,185217300,0.0,0.0,135.41296997070313
2025-01-16 00:00:00-05:00,138.60208327625168,138.7120538029648,133.4534978315376,133.53347778320312,209235600,0.0,0.0,134.1053253173828
2025-01-17 00:00:00-05:00,136.65262268416788,138.46212527408701,135.4229633158422,137.67234802246094,201188800,0.0,0.0,134.46522521972656
2025-01-21 00:00:00-05:00,139.12194717769367,141.7912151745994,137.05250594430132,140.79148864746094,197749000,0.0,0.0,135.98480834960938
2025-01-22 00:00:00-05:00,144.62045561465226,147.74958954273308,143.6307207753195,147.02980041503906,237651400,0.0,0.0,139.0459747314453
2025-01-23 00:00:00-05:00,145.01034368405638,147.1897403093082,143.6807055002306,147.17974853515625,155915500,0.0,0.0,141.24137268066406
2025-01-24 00:00:00-05:00,148.32942123311412,148.92926325643236,141.84120577881646,142.58099365234375,234657600,0.0,0.0,143.05087585449218
2025-01-27 00:00:00-05:00,124.7658794397831,128.3648859520762,116.668088091544,118.38761901855469,818830900,0.0,0.0,139.19393005371094
2025-01-28 00:00:00-05:00,121.77668294561497,128.96471894622445,116.21820602712087,128.95472717285156,579666400,0.0,0.0,136.82657775878906
2025-01-29 00:00:00-05:00,126.46540553655986,126.85529827150769,120.01717249490751,123.66616821289062,467120600,0.0,0.0,132.1538513183594
2025-01-30 00:00:00-05:00,123.06634175444341,124.96582380169083,118.06770880237578,124.61592102050781,392925500,0.0,0.0,127.64108581542969
2025-01-31 00:00:00-05:00,123.74615511454752,127.81504199868698,119.15741376372098,120.03717041015625,388161100,0.0,0.0,123.13232116699218
2025-02-03 00:00:00-05:00,114.71862375628316,118.53757894355685,112.97910166242248,116.62810516357422,371235700,0.0,0.0,122.7804183959961
2025-02-04 00:00:00-05:00,116.92801344303115,121.16685177317855,116.66808241089754,118.6175537109375,256550000,0.0,0.0,120.71298370361328
2025-02-05 00:00:00-05:00,121.7267002537778,124.96581196424484,120.72697375806385,124.79586029052734,262230800,0.0,0.0,120.93892211914063
2025-02-06 00:00:00-05:00,127.38515593926263,128.7347928917548,125.17576116570511,128.64480590820312,251483600,0.0,0.0,121.74469909667968
2025-02-07 00:00:00-05:00,129.18464838201572,130.3343276557766,124.96580169637689,129.80447387695312,228186300,0.0,0.0,123.69815979003906
2025-02-10 00:00:00-05:00,130.05441853152416,134.96307937585763,129.92446445785666,133.53347778320312,216989100,0.0,0.0,127.07923431396485
2025-02-11 00:00:00-05:00,132.54376130884148,134.4432358451655,130.9841901729766,132.76370239257812,178902400,0.0,0.0,129.90846405029296
2025-02-12 00:00:00-05:00,129.98445236307722,132.203846559633,129.04470695043977,131.10414123535156,160278600,0.0,0.0,131.1701202392578
2025-02-13 00:00:00-05:00,131.52401516963508,136.46266649297655,131.13412244698262,135.25299072265625,197430000,0.0,0.0,132.49175720214845
2025-02-14 00:00:00-05:00,136.44266486168982,139.21191146517995,135.46293718873886,138.81202697753906,195479600,0.0,0.0,134.29326782226562
2025-02-18 00:00:00-05:00,141.23137649622348,143.40078131766987,137.89227816645598,139.36187744140625,219176600,0.0,0.0,135.45894775390624
2025-02-19 00:00:00-05:00,139.4718625554808,141.32136300101118,137.18249518803503,139.1919403076172,167536000,0.0,0.0,136.74459533691407
2025-02-20 00:00:00-05:00,139.99172108753137,140.62155375629743,136.75260126124348,140.0717010498047,143903600,0.0,0.0,138.5381072998047
2025-02-21 00:00:00-05:00,140.0017008694862,141.42132600995674,133.99334973043614,134.3932342529297,228217600,0.0,0.0,138.36615600585938
2025-02-24 00:00:00-05:00,136.52266681200447,138.55211066034528,130.04444248958205,130.244384765625,251381100,0.0,0.0,136.65262756347656
2025-02-25 00:00:00-05:00,129.94445760453814,130.16439867421266,124.40597902043103,126.59537506103516,271428700,0.0,0.0,134.09932708740234
2025-02-26 00:00:00-05:00,129.95446947322534,133.69343728770713,128.4548795357506,131.24411010742188,322553800,0.0,0.0,132.50976104736327
2025-02-27 00:00:00-05:00,134.96308744670299,134.9730792207777,119.97718824289691,120.11714935302734,443175800,0.0,0.0,128.51885070800782
2025-02-28 00:00:00-05:00,117.98772650698133,125.05579305607802,116.36817434407594,124.8858413696289,389091100,0.0,0.0,126.61737213134765
2025-03-03 00:00:00-05:00,123.47622912906817,123.66617198823369,112.2492965435478,114.02880859375,411381400,0.0,0.0,123.37425689697265
2025-03-04 00:00:00-05:00,110.61975353757568,119.27738221868555,110.07990024013375,115.95829010009766,398163300,0.0,0.0,121.24683990478516
2025-03-05 00:00:00-05:00,117.54785129486386,118.24765683915241,114.47869104666965,117.26792907714844,284337900,0.0,0.0,118.45160369873047
2025-03-06 00:00:00-05:00,113.49895407905146,115.31845609620828,110.18986163701831,110.53976440429688,321181900,0.0,0.0,116.53612670898437
2025-03-07 00:00:00-05:00,111.21958617661252,113.44897988924723,107.53059251797079,112.65919494628906,341755500,0.0,0.0,114.0907974243164
2025-03-10 00:00:00-04:00,109.86995202425706,111.81941579292103,105.43116359430405,106.95075225830078,366487400,0.0,0.0,112.67518615722656
2025-03-11 00:00:00-04:00,106.960734969355,112.20929903890595,104.74134094243277,108.73025512695312,354865700,0.0,0.0,111.22957916259766
2025-03-12 00:00:00-04:00,114.09930053195751,116.73882100614277,112.85951998498375,115.71900177001953,323857500,0.01,0.0,110.91979370117187
2025-03-13 00:00:00-04:00,117.00876245655117,117.73863334670654,113.76935252443205,115.55902862548828,299033100,0.0,0.0,111.92364654541015
2025-03-14 00:00:00-04:00,118.58847644066721,121.85787967708788,118.12856083227834,121.64791870117188,277593500,0.0,0.0,113.72139129638671
2025-03-17 00:00:00-04:00,122.71772499646224,122.86769930249316,118.00858060635532,119.50830841064453,255501500,0.0,0.0,116.23290252685547
2025-03-18 00:00:00-04:00,117.97859103200136,118.99840261510599,114.51921970184797,115.4090576171875,299686900,0.0,0.0,117.56866302490235
2025-03-19 00:00:00-04:00,117.24871784817985,120.42814113812437,115.65901001721268,117.49867248535156,273426200,0.0,0.0,117.92459716796876
2025-03-20 00:00:00-04:00,116.5288475567653,120.17817892707569,116.44886024718888,118.50848388671875,248829700,0.0,0.0,118.51448822021484
2025-03-21 00:00:00-04:00,116.91877807414131,117.96858292451893,115.39904967929496,117.67863464355469,266498500,0.0,0.0,117.7206314086914
2025-03-24 00:00:00-04:00,119.85824123014483,122.19782052957932,119.31833831489072,121.38796997070312,228452500,0.0,0.0,118.09656372070313
2025-03-25 00:00:00-04:00,120.52812446850508,121.26798803028822,118.89841541478116,120.66809844970703,167447200,0.0,0.0,119.14837188720703
2025-03-26 00:00:00-04:00,118.70845626054094,118.81842927999459,112.68954449720724,113.7393569946289,293463300,0.0,0.0,118.3965087890625
2025-03-27 00:00:00-04:00,111.32978747025457,114.42922326739314,110.63991789836862,111.40977478027344,236902100,0.0,0.0,116.97676696777344
2025-03-28 00:00:00-04:00,111.46976244373079,112.84951685583745,109.0502035041368,109.65009307861328,229872500,0.0,0.0,115.37105865478516
2025-03-31 00:00:00-04:00,105.11091847763528,110.93986229194257,103.63119133667838,108.3603286743164,299212700,0.0,0.0,112.76553039550781
2025-04-01 00:00:00-04:00,108.50030342775528,110.17999886185885,106.45068001979016,110.13001251220703,222614000,0.0,0.0,110.65791320800781
2025-04-02 00:00:00-04:00,107.2705266243207,111.95967777974947,106.77061737970816,110.39995574951172,220601200,0.0,0.0,109.99003295898437
2025-04-03 00:00:00-04:00,103.49122110695384,105.61083156865355,101.58156399912866,101.78153228759766,338769400,0.0,0.0,108.06438446044922
2025-04-04 00:00:00-04:00,98.89205625014841,100.11182847125419,92.09328707213024,94.29288482666016,532273800,0.0,0.0,104.9929428100586
2025-04-07 00:00:00-04:00,87.444123819458,101.73153089146867,86.60427995314998,97.62227630615234,611041300,0.0,0.0,102.84533233642578
2025-04-08 00:00:00-04:00,103.79115551332612,105.83078615825814,94.44285411172834,96.28252410888672,476243400,0.0,0.0,100.07583465576172
2025-04-09 00:00:00-04:00,98.87205653888144,115.07911444025873,97.51230269046886,114.30925750732422,612918300,0.0,0.0,100.85769500732422
2025-04-10 00:00:00-04:00,109.35015243101728,110.83987986480561,99.13200610877084,107.55047607421875,437812400,0.0,0.0,102.01148376464843
2025-04-11 00:00:00-04:00,108.4803070767672,111.52975654810143,107.46049556472005,110.90986633300781,313417300,0.0,0.0,105.33488006591797
2025-04-14 00:00:00-04:00,114.08928762467488,114.26925525660798,109.05020155855789,110.68990325927734,264705000,0.0,0.0,107.94840545654297
2025-04-15 00:00:00-04:00,110.94986159507806,113.59938217981927,110.4799456735416,112.17963409423828,228966900,0.0,0.0,111.12782745361328
2025-04-16 00:00:00-04:00,104.53103311878802,106.77062454919468,100.4317709352981,104.47103881835938,397016900,0.0,0.0,109.16018371582031
2025-04-17 00:00:00-04:00,104.43103458781992,104.45103522860795,100.0318394876262,101.47157287597656,292517500,0.0,0.0,107.94440307617188
2025-04-21 00:00:00-04:00,98.75207336541831,99.42195758129023,95.02275450080649,96.89241790771484,288501100,0.0,0.0,105.14091339111329
2025-04-22 00:00:00-04:00,98.76206678289148,99.7918785816798,97.26233908492571,98.8720474243164,241004800,0.0,0.0,102.7773422241211
2025-04-23 00:00:00-04:00,104.5010295750129,104.78098517141211,102.00148324580945,102.69136047363281,247526000,0.0,0.0,100.8796875
2025-04-24 00:00:00-04:00,103.46121375263034,106.52065568558213,103.09127819009328,106.41067504882812,220815000,0.0,0.0,101.26761474609376
2025-04-25 00:00:00-04:00,106.83061166162848,111.89969145813895,105.71081975581805,110.98986053466797,251064700,0.0,0.0,103.17127227783203
2025-04-28 00:00:00-04:00,109.67009093365705,110.3499678015911,106.00075133412535,108.71026611328125,207708500,0.0,0.0,105.53484191894532
2025-04-29 00:00:00-04:00,107.65046012276234,110.1799998026459,107.42050613077843,109.00021362304688,170444300,0.0,0.0,107.5604751586914
2025-04-30 00:00:00-04:00,104.45104108413872,108.90023040771484,104.06111247501677,108.90023040771484,235044600,0.0,0.0,108.80224914550782
2025-05-01 00:00:00-04:00,113.05947899879722,114.9191420385801,111.27980327057723,111.5897445678711,236121500,0.0,0.0,109.8380630493164
2025-05-02 00:00:00-04:00,114.15928352450368,115.37906338859757,113.34943293159324,114.4792251586914,190194800,0.0,0.0,110.53593597412109
2025-05-05 00:00:00-04:00,112.88951601094917,114.64919116473993,112.63956137373921,113.79934692382812,133163200,0.0,0.0,111.55375213623047
2025-05-06 00:00:00-04:00,111.45977773347964,114.71918078517231,110.79989381468877,113.51940155029297,158525600,0.0,0.0,112.45758972167968
2025-05-07 00:00:00-04:00,113.02949042053457,117.65864757290291,112.25962586336117,117.03875732421875,206758800,0.0,0.0,114.08529510498047
2025-05-08 00:00:00-04:00,118.22854670795566,118.658469001105,115.82898059800607,117.34870910644531,198428100,0.0,0.0,115.23708801269531
2025-05-09 00:00:00-04:00,117.32869985728382,118.20854502226882,115.18908887008638,116.62882995605469,132972200,0.0,0.0,115.66700897216796
2025-05-12 00:00:00-04:00,121.94787211512306,122.9776840209961,120.25817629208265,122.9776840209961,225023300,0.0,0.0,117.50267639160157
2025-05-13 00:00:00-04:00,124.95732666651305,131.19619232916256,124.44741706637032,129.9064178466797,330430100,0.0,0.0,120.7800796508789
2025-05-14 00:00:00-04:00,133.17581874633882,135.4154176381041,131.65609038206884,135.3154296875,281180800,0.0,0.0,124.43541412353515
2025-05-15 00:00:00-04:00,134.2656162138544,136.2752611112406,132.6359224746836,134.80552673339844,226632600,0.0,0.0,127.92677764892578
2025-05-16 00:00:00-04:00,136.19528579014883,136.32526708518697,133.43579205010155,135.37542724609375,226542500,0.0,0.0,131.67609710693358
2025-05-19 00:00:00-04:00,132.36596428610483,135.84532822832756,132.36596428610483,135.54539489746094,193154600,0.0,0.0,134.18963928222655
2025-05-20 00:00:00-04:00,134.26562607401144,134.55558199625042,132.59593092987555,134.35562133789062,161514200,0.0,0.0,135.07947998046876
2025-05-21 00:00:00-04:00,133.0358430493297,137.3750515435132,130.56629021032253,131.7760772705078,270608700,0.0,0.0,134.37160949707032
2025-05-22 00:00:00-04:00,132.20599574301846,134.22563338103308,131.52612648714359,132.80589294433594,187344000,0.0,0.0,133.9716827392578
2025-05-23 00:00:00-04:00,129.97641506418768,132.65592152877483,129.13657112060253,131.26617431640625,198821300,0.0,0.0,133.14983215332032
2025-05-27 00:00:00-04:00,134.1256417936587,135.63537744884945,133.2857979393918,135.47540283203125,192953600,0.0,0.0,133.13583374023438
2025-05-28 00:00:00-04:00,136.00531758419635,137.22509744866613,134.76553707682788,134.78553771972656,304021100,0.0,0.0,133.22181701660156
2025-05-29 00:00:00-04:00,142.22419152756274,143.46397204605128,137.88498259688382,139.1647491455078,369241900,0.0,0.0,134.69955139160157
2025-05-30 00:00:00-04:00,138.6948289010735,139.59465948344436,132.8958783257386,135.10548400878906,333170900,0.0,0.0,135.1594696044922
2025-06-02 00:00:00-04:00,135.46541564458173,138.09492795630163,135.37542038395227,137.35507202148438,197663100,0.0,0.0,136.37724914550782
2025-06-03 00:00:00-04:00,138.75480693174418,141.97422364617418,137.9249557656252,141.19436645507812,225578800,0.0,0.0,137.5210418701172
2025-06-04 00:00:00-04:00,142.1641966028205,142.36415725393297,139.5146683935161,141.8942413330078,167120800,0.0,0.0,138.94278259277343
2025-06-05 00:00:00-04:00,142.14419665233672,143.97386636815438,138.80480646885346,139.964599609375,231397900,0.0,0.0,139.10275268554688
2025-06-06 00:00:00-04:00,142.4841247816278,143.24399658328852,141.4843063108272,141.69427490234375,153986200,0.0,0.0,140.4205108642578
2025-06-09 00:00:00-04:00,143.16402192873528,144.97369107987248,141.91424872977086,142.6041259765625,185114500,0.0,0.0,141.47032165527344
2025-06-10 00:00:00-04:00,142.66410985007164,144.26381035974757,141.50431668274294,143.9338836669922,155881900,0.0,0.0,142.01822509765626
2025-06-11 00:00:00-04:00,144.59379466225064,144.97375695921582,141.85409623212945,142.81399536132812,167694000,0.01,0.0,142.20217590332032
2025-06-12 00:00:00-04:00,141.9540901919345,144.98374938964844,141.83410852298076,144.98374938964844,162365000,0.0,0.0,143.206005859375
2025-06-13 00:00:00-04:00,142.4640236398758,143.5639064320885,140.83421673860605,141.95408630371094,180820600,0.0,0.0,143.25796813964843
2025-06-16 00:00:00-04:00,143.33393622751285,146.16360555156524,143.18394388862185,144.6737823486328,183133700,0.0,0.0,143.6718994140625
2025-06-17 00:00:00-04:00,144.4738049491523,145.20371882793046,143.7638778428329,144.1038360595703,139108000,0.0,0.0,143.7058898925781
2025-06-18 00:00:00-04:00,143.9938476821936,145.63366319028128,143.10394808189747,145.46368408203125,161494100,0.0,0.0,144.23582763671874
2025-06-20 00:00:00-04:00,145.43368901636921,146.1836049259659,142.63399990245927,143.83387756347656,242956200,0.0,0.0,144.00585327148437
2025-06-23 00:00:00-04:00,142.48402812138661,144.76377135076248,142.01407957999888,144.15383911132812,154308900,0.0,0.0,144.4458038330078
2025-06-24 00:00:00-04:00,145.54367367470394,147.94341367999496,145.4836828445603,147.88340759277344,187566100,0.0,0.0,145.08772888183594
2025-06-25 00:00:00-04:00,149.25328072295656,154.43269305532343,149.24327207878133,154.29270935058594,269146500,0.0,0.0,147.12550354003906
2025-06-26 00:00:00-04:00,155.9625083392563,156.70243086817015,153.98273459501658,155.00262451171875,198145700,0.0,0.0,149.03329162597657
2025-06-27 00:00:00-04:00,156.02250005395288,158.69221415352254,155.24258871826237,157.73231506347656,263234500,0.0,0.0,151.81297912597657
2025-06-30 00:00:00-04:00,158.38224776867892,158.6422284044636,155.94253394670602,157.97230529785156,194580300,0.0,0.0,154.57667236328126
2025-07-01 00:00:00-04:00,156.27249233706732,157.18239409932116,151.47304203431221,153.2828369140625,213143600,0.0,0.0,155.65655822753905
2025-07-02 00:00:00-04:00,152.962850389823,157.58234297497486,152.95285700312823,157.2323760986328,171224100,0.0,0.0,156.24449157714844
2025-07-03 00:00:00-04:00,158.35225101493015,160.96195919540767,157.7523273944205,159.3221435546875,143716100,0.0,0.0,157.1083953857422
2025-07-07 00:00:00-04:00,158.18227071828886,159.29214695363126,157.3223664705724,158.22227478027344,140139000,0.0,0.0,157.20638732910157
2025-07-08 00:00:00-04:00,159.31214783171163,160.20204749093682,158.3722507239072,159.98207092285156,138133000,0.0,0.0,157.60834045410155
2025-07-09 00:00:00-04:00,161.20193770023792,164.40157611225678,161.14194686393122,162.86175537109375,183656400,0.0,0.0,159.5241241455078
2025-07-10 00:00:00-04:00,164.30159583301895,164.48156834124046,161.5918927660757,164.0816192626953,167704100,0.0,0.0,160.89397277832032
2025-07-11 00:00:00-04:00,163.70165728031435,167.87118822352508,163.4516852914618,164.90151977539062,193633300,0.0,0.0,162.00984802246094
2025-07-14 00:00:00-04:00,165.35146259057728,165.4714595173457,162.00184716942397,164.05162048339844,136975800,0.0,0.0,163.17571716308595
2025-07-15 00:00:00-04:00,171.17081299302788,172.38066881478494,169.18103056842588,170.6808624267578,230627400,0.0,0.0,165.3154754638672
2025-07-16 00:00:00-04:00,171.04083672550954,171.73076187811773,168.88107501049606,171.35079956054688,158831500,0.0,0.0,167.0132843017578
2025-07-17 00:00:00-04:00,172.00073538495315,174.1404950617398,170.81086624213197,172.98062133789062,160841100,0.0,0.0,168.79308471679687
2025-07-18 00:00:00-04:00,173.62054394819432,174.23047621121117,171.24080573231237,172.39068603515625,146456400,0.0,0.0,170.29091796875
2025-07-21 00:00:00-04:00,172.73065099594356,173.36058531454748,170.9808470061149,171.36080932617188,123126100,0.0,0.0,171.75275573730468
2025-07-22 00:00:00-04:00,171.32080634495316,171.37080379639445,164.5615689540832,167.01129150390625,193114300,0.0,0.0,171.0188415527344
2025-07-23 00:00:00-04:00,169.511004310231,171.24080620570157,167.95118153678195,170.7608642578125,154082200,0.0,0.0,170.9008544921875
2025-07-24 00:00:00-04:00,172.42067791171223,173.81052153075,171.28080627636527,173.7205352783203,128984600,0.0,0.0,171.04883728027343
2025-07-25 00:00:00-04:00,173.59054858813744,174.70042482917586,172.9406275198062,173.48056030273438,122316800,0.0,0.0,171.26681213378907
2025-07-28 00:00:00-04:00,174.00050427681666,176.98016607778243,173.9505068282037,176.73019409179688,140023500,0.0,0.0,172.34068908691407
2025-07-29 00:00:00-04:00,177.94006357342778,179.35990260986108,175.00039060425894,175.49032592773438,154077500,0.0,0.0,174.0364959716797
2025-07-30 00:00:00-04:00,176.49022309733303,179.869849375745,176.0202745228646,179.2499237060547,174312200,0.0,0.0,175.73430786132812
2025-07-31 00:00:00-04:00,182.87950237318685,183.2794667127293,175.9102820488597,177.85006713867188,221685400,0.0,0.0,176.56021423339843
2025-08-01 00:00:00-04:00,174.07048465468185,176.52020701181988,170.8708463561498,173.70053100585938,204529000,0.0,0.0,176.60420837402344
2025-08-04 00:00:00-04:00,175.14037394842856,180.17980241597786,174.500446281802,179.97982788085938,148174600,0.0,0.0,177.25413513183594
2025-08-05 00:00:00-04:00,179.59986897635343,180.23979665506658,175.8802845759961,178.24002075195312,156407600,0.0,0.0,177.8040740966797
2025-08-06 00:00:00-04:00,176.31023710297544,179.87982901005608,176.23024423927978,179.39988708496094,137192300,0.0,0.0,177.83406677246094
2025-08-07 00:00:00-04:00,181.54966930117607,183.85940811228025,178.7799753024853,180.749755859375,151878400,0.0,0.0,178.41400451660155
2025-08-08 00:00:00-04:00,181.52965464990967,183.27945850723472,180.3797743894202,182.6795196533203,123396700,0.0,0.0,180.20980224609374
2025-08-11 00:00:00-04:00,182.02960317073044,183.8193958765311,180.22980182096376,182.0395965576172,138323200,0.0,0.0,180.62175598144532
2025-08-12 00:00:00-04:00,182.9395060522284,184.4593247511904,179.43989822709233,183.1394805908203,145485700,0.0,0.0,181.60164794921874
2025-08-13 00:00:00-04:00,182.59953978080497,183.9493946696141,179.329917039869,181.5696563720703,179871700,0.0,0.0,182.0356018066406
2025-08-14 00:00:00-04:00,179.7298534235828,182.99949119039164,179.43989264021437,181.99960327148438,129554000,0.0,0.0,182.2855712890625
2025-08-15 00:00:00-04:00,181.85962676701382,181.87961354108583,178.02004541114613,180.42977905273438,156602200,0.0,0.0,181.83562316894532
2025-08-18 00:00:00-04:00,180.57976314427117,182.91949719839158,180.56975450061333,181.98959350585938,132008000,0.0,0.0,181.82562255859375
2025-08-19 00:00:00-04:00,182.4095478886331,182.47954736718557,175.47033846497254,175.6203155517578,185229200,0.0,0.0,180.32178955078126
2025-08-20 00:00:00-04:00,175.1503706193276,175.9802794498554,168.7810892510499,175.38034057617188,215142700,0.0,0.0,179.08392639160155
2025-08-21 00:00:00-04:00,174.83041312567687,176.88017120538285,173.79052111986658,174.96038818359375,140040900,0.0,0.0,177.67608337402345
2025-08-22 00:00:00-04:00,172.59066018618677,178.56998587344157,171.18081451068767,177.97006225585938,172789400,0.0,0.0,177.18414001464845
2025-08-25 00:00:00-04:00,178.33002804439553,181.88962682620624,176.5502286534902,179.78985595703125,163012800,0.0,0.0,176.74419250488282
2025-08-26 00:00:00-04:00,180.0398187111229,182.36955942503778,178.78995879531527,181.7496337890625,168688200,0.0,0.0,177.97005615234374
2025-08-27 00:00:00-04:00,181.95959791056248,182.46955051009175,179.07993109949993,181.57965087890625,235518900,0.0,0.0,179.2099182128906
2025-08-28 00:00:00-04:00,180.79974711518173,184.44933204343067,176.39023757757423,180.14981079101562,281787800,0.0,0.0,180.247802734375
2025-08-29 00:00:00-04:00,178.09004428153852,178.130033086625,173.13059331145078,174.1604766845703,243257900,0.0,0.0,179.4858856201172
2025-09-02 00:00:00-04:00,169.980952871088,172.36069109354864,167.20126556823303,170.7608642578125,231164900,0.0,0.0,177.68008728027343
2025-09-03 00:00:00-04:00,171.0408442884315,172.3906992342715,168.86109570238054,170.60089111328125,164424900,0.0,0.0,175.4503387451172
2025-09-04 00:00:00-04:00,170.55090333056648,171.8407521362954,169.39102958990665,171.64077758789062,141670100,0.0,0.0,173.46256408691406
2025-09-05 00:00:00-04:00,168.01117837826322,169.0110663720669,164.05163046676552,167.0012969970703,224441400,0.0,0.0,170.832861328125
2025-09-08 00:00:00-04:00,167.53122834914853,170.940849905597,167.33125381142952,168.2911376953125,163769100,0.0,0.0,169.65899353027345
2025-09-09 00:00:00-04:00,169.0710489481518,170.96083655380463,166.7213214317911,170.74085998535156,157548400,0.0,0.0,169.65499267578124
2025-09-10 00:00:00-04:00,176.62020974984335,179.26990675759993,175.45034266016896,177.3101348876953,226852000,0.0,0.0,170.99684143066406
2025-09-11 00:00:00-04:00,179.66999584989978,180.26996857097555,176.4701769393558,177.16014099121094,151159300,0.01,0.0,172.10071411132813
2025-09-12 00:00:00-04:00,177.76010410307373,178.59005971058946,176.44017029123495,177.8101043701172,124911000,0.0,0.0,174.2624755859375
2025-09-15 00:00:00-04:00,175.66021109761542,178.84004186496986,174.50027206258352,177.74009704589844,147061600,0.0,0.0,176.1522674560547
2025-09-16 00:00:00-04:00,176.99014687805604,177.49011904437822,174.37029760906842,174.87026977539062,140737800,0.0,0.0,176.9781494140625
2025-09-17 00:00:00-04:00,172.63039291663662,173.1903593144249,168.40063256525568,170.280517578125,211843800,0.0,0.0,175.57222595214844
2025-09-18 00:00:00-04:00,173.9703101424577,177.09014682532762,172.95037791227023,176.23019409179688,191763300,0.0,0.0,175.38623657226563
2025-09-19 00:00:00-04:00,175.7602124903078,178.07008136373162,175.17023376194967,176.66015625,237182100,0.0,0.0,175.1562469482422
2025-09-22 00:00:00-04:00,175.29024236301854,184.53972732383275,174.70027887607205,183.5997772216797,269637000,0.0,0.0,176.32818298339845
2025-09-23 00:00:00-04:00,181.9598706713119,182.409842567533,176.20019683221489,178.42005920410156,192559600,0.0,0.0,177.03814086914062
2025-09-24 00:00:00-04:00,179.75999113536878,179.76998508551358,175.39022416770254,176.96014404296875,143564100,0.0,0.0,178.3740661621094
2025-09-25 00:00:00-04:00,174.47028665549124,180.24996380236055,173.12037093203185,177.68011474609375,191586700,0.0,0.0,178.66405029296874
2025-09-26 00:00:00-04:00,178.16008106951017,179.75999811527313,174.920255917913,178.18008422851562,148573700,0.0,0.0,178.96803588867186
2025-09-29 00:00:00-04:00,180.4199550960203,183.98976381560166,180.30997586310093,181.8398895263672,193063500,0.0,0.0,178.61605834960938
2025-09-30 00:00:00-04:00,182.06986121505474,187.3395719841704,181.4698885277926,186.56961059570312,236981000,0.0,0.0,180.2459686279297
2025-10-01 00:00:00-04:00,185.22969505995906,188.12952754318238,183.88975804814035,187.22958374023438,173844900,0.0,0.0,182.29985656738282
2025-10-02 00:00:00-04:00,189.5894532800495,191.0393695238543,188.04953044946197,188.87948608398438,136805800,0.0,0.0,184.53973083496095
2025-10-03 00:00:00-04:00,189.1794627061203,190.34939569471342,185.36967740169,187.6095428466797,137596900,0.0,0.0,186.42562255859374
2025-10-06 00:00:00-04:00,185.48967202648717,187.21957143407985,183.31979467524326,185.5296630859375,157678100,0.0,0.0,187.1635772705078
2025-10-07 00:00:00-04:00,186.21962980709273,189.0494741147918,183.9897582054133,185.02969360351562,140088000,0.0,0.0,186.8555938720703
2025-10-08 00:00:00-04:00,186.55962017208088,189.58945025835604,186.52960780500513,189.09947204589844,130168900,0.0,0.0,187.2295715332031
2025-10-09 00:00:00-04:00,192.21928773885006,195.28912405123697,191.04935474353755,192.5592803955078,182997200,0.0,0.0,187.9655303955078
2025-10-10 00:00:00-04:00,193.49922565779727,195.6091088464203,182.0398719523004,183.14981079101562,268774400,0.0,0.0,187.073583984375
2025-10-13 00:00:00-04:00,187.9595379156231,190.09941818271824,185.94965529464977,188.3095245361328,153482800,0.0,0.0,187.62955627441406
2025-10-14 00:00:00-04:00,184.75971529942103,184.78971240822688,179.68999030007896,180.0199737548828,205641400,0.0,0.0,186.6276123046875
2025-10-15 00:00:00-04:00,184.7897166440438,184.85970481354866,177.2801249034248,179.8199920654297,214450500,0.0,0.0,184.77171630859374
2025-10-16 00:00:00-04:00,182.21985578014733,183.26980040587233,179.76000120804414,181.7998809814453,179723300,0.0,0.0,182.61983642578124
2025-10-17 00:00:00-04:00,180.16996892604442,184.08976427610557,179.74000017155936,183.20980834960938,173135200,0.0,0.0,182.6318359375
2025-10-20 00:00:00-04:00,183.1198152646831,185.18969215276272,181.71988400794234,182.6298370361328,128544700,0.0,0.0,181.4958984375
2025-10-21 00:00:00-04:00,182.77981647710283,182.77981647710283,179.78999271004406,181.14991760253906,124240200,0.0,0.0,181.72188720703124
2025-10-22 00:00:00-04:00,181.1299112106735,183.42978616900905,176.7501502622395,180.26995849609375,162249600,0.0,0.0,181.81188049316407
2025-10-23 00:00:00-04:00,180.40994799999942,183.01980322210497,179.7799782111653,182.1498565673828,111363700,0.0,0.0,181.88187561035156
2025-10-24 00:00:00-04:00,183.8297551720498,187.45955783835475,183.48977777431884,186.24961853027344,131296700,0.0,0.0,182.48983764648438
2025-10-27 00:00:00-04:00,189.979423148828,191.98930570001696,188.41949722334647,191.47933959960938,153452700,0.0,0.0,184.25973815917968
2025-10-28 00:00:00-04:00,193.03926234185508,203.1386912540773,191.89932637827522,201.01881408691406,297986200,0.0,0.0,188.2335174560547
2025-10-29 00:00:00-04:00,207.96842303697136,212.1781954922272,204.76860414707738,207.02847290039062,308829600,0.0,0.0,193.58522033691406
2025-10-30 00:00:00-04:00,205.1385766163601,206.1485301715792,201.39879452489242,202.8787078857422,178864400,0.0,0.0,197.73099060058593
2025-10-31 00:00:00-04:00,206.43850017947892,207.95841980607935,202.05875446792163,202.47872924804688,179802200,0.0,0.0,200.97681274414063
2025-11-03 00:00:00-05:00,208.06841462190084,211.32822759164594,205.5485506791992,206.8684844970703,180267300,0.0,0.0,204.0546417236328
2025-11-04 00:00:00-05:00,202.98869740675082,203.9586446199207,197.9189723693821,198.67893981933594,188919300,0.0,0.0,203.5866668701172
2025-11-05 00:00:00-05:00,198.75894188581304,202.90870481768462,194.63916080574026,195.1991424560547,171350300,0.0,0.0,201.22080078125
2025-11-06 00:00:00-05:00,196.40906647995496,197.60899664277025,186.3696319662745,188.0695343017578,223029800,0.0,0.0,198.25896606445312
2025-11-07 00:00:00-05:00,184.8897071775586,188.3095303364016,178.90005019006267,188.1395263671875,264942300,0.0,0.0,195.39112548828126
2025-11-10 00:00:00-05:00,195.09914200543773,199.9288750287355,193.7792081445882,199.03892517089844,198897100,0.0,0.0,193.82521362304686
2025-11-11 00:00:00-05:00,195.14913483203398,195.40911485928362,191.28934919242405,193.1492462158203,176483300,0.0,0.0,192.71927490234376
2025-11-12 00:00:00-05:00,195.70910637927892,195.87909508520013,191.1193655455878,193.78921508789062,154935300,0.0,0.0,192.43728942871093
2025-11-13 00:00:00-05:00,191.03936321053533,191.42934088057365,183.8397672401686,186.84959411621094,207423100,0.0,0.0,192.19330139160155
2025-11-14 00:00:00-05:00,182.8498180673128,190.99935813210442,180.56994624954729,190.15940856933594,186591900,0.0,0.0,192.59727783203124
2025-11-17 00:00:00-05:00,185.95964506857126,188.98947511566342,184.30974305565786,186.58961486816406,173628900,0.0,0.0,190.10741577148437
2025-11-18 00:00:00-05:00,183.36979105504545,184.7897101334883,179.63998782140993,181.3498992919922,213598900,0.0,0.0,187.74754638671874
2025-11-19 00:00:00-05:00,184.7796984316032,187.8495347223247,182.8198161698128,186.50961303710938,247246400,0.0,0.0,186.2916259765625
2025-11-20 00:00:00-05:00,195.9390891568929,195.9890894251709,179.83999453744622,180.62994384765625,343504800,0.0,0.0,185.04769592285157
2025-11-21 00:00:00-05:00,181.22991004695137,184.54971718190046,172.92036011460985,178.8700408935547,346926200,0.0,0.0,182.78982238769532
2025-11-24 00:00:00-05:00,179.48001348627363,183.4897847612219,176.47017128450955,182.5398406982422,256618300,0.0,0.0,181.97986755371093
2025-11-25 00:00:00-05:00,174.90026276869568,178.15008177330986,169.54056066153746,177.8101043701172,320600300,0.0,0.0,181.27190856933595
2025-11-26 00:00:00-05:00,181.61988829154,182.8998157763143,178.2300777211247,180.2499542236328,183852000,0.0,0.0,180.0199768066406
2025-11-28 00:00:00-05:00,179.0000253919654,179.28000857805475,176.49017066740046,176.99014282226562,121332800,0.0,0.0,179.2920166015625
