Date,Open,High,Low,Close,Volume,MA5
2021-01-08,166.96329721639896,168.04029990007663,157.868589159608,161.11801147460938,2827900,155.83424682617186
2021-01-11,160.52887548184577,162.43435142174502,158.26439866071487,159.4426727294922,3000900,157.89068298339845
2021-01-12,160.43680142601434,164.77243996509753,159.4610562635197,162.08453369140625,3112100,159.80719909667968
2021-01-13,163.84277071338536,163.84277071338536,162.17662370583258,163.3180694580078,1750300,161.40889587402344
2021-01-14,164.42266057995664,166.69633756711198,164.42266057995664,165.69297790527344,2617400,162.3312530517578
2021-01-15,165.3616036470424,165.54570416028113,155.0610205095884,158.5313720703125,3598600,161.81392517089844
2021-01-19,163.21676854732314,164.31218536376954,160.66693406286916,161.0903778076172,2522300,162.14346618652343
2021-01-20,164.64360971438356,165.9783560568792,159.90295455263265,160.62095642089844,2590700,161.8507507324219
2021-01-21,162.6000010412044,162.7012583975195,158.08026257126593,159.82003784179688,2187400,161.1511444091797
2021-01-22,158.85352383265976,161.24685807434815,158.25517973776334,158.60498046875,1974000,159.733544921875
2021-01-25,162.64611082043817,162.70133957944637,157.43598251577185,160.55653381347656,2006000,160.13857727050782
2021-01-26,160.55648503323397,160.5933135586977,155.2543150897821,155.337158203125,2231100,158.98793334960936
2021-01-27,149.78639882915655,151.3604736826675,143.6189430307611,147.79808044433594,3714500,156.42335815429686
2021-01-28,153.29362735095154,153.54217076432565,149.47348910234976,151.26849365234375,2484700,154.71304931640626
2021-01-29,151.10279589602376,154.23256079725107,147.10775718010808,147.71530151367188,3535400,152.5351135253906
2021-02-01,153.21075402805067,158.73385250608587,152.8977818186605,157.89617919921875,4953000,152.00304260253907
2021-02-02,165.69297554124958,168.45452513360374,157.13216899575815,163.12474060058594,6621800,153.56055908203126
2021-02-03,165.68380568509565,167.2947099081078,159.3506463022003,160.261962890625,3272600,156.05333557128907
2021-02-04,161.90964065688996,167.0277099609375,161.22845341544314,167.0277099609375,2703100,159.2051788330078
2021-02-05,168.4084988069435,169.49471563206586,166.66872310174477,167.52481079101562,3031400,163.16708068847657
2021-02-08,170.01940704909399,173.1951863948061,169.37504826164005,173.16757202148438,2332800,166.2213592529297
2021-02-09,172.45877325527638,173.4253043511353,169.80768121963152,173.0939178466797,1702800,168.21519470214844
2021-02-10,176.38018001787222,176.67473801549758,168.81353271117408,172.96505737304688,2839800,170.7558135986328
2021-02-11,173.42533183681115,179.27981831274263,173.42533183681115,178.58023071289062,2611700,173.06631774902343
2021-02-12,177.81616252304318,180.3199684127156,175.6897717522181,178.93919372558594,1671700,175.3491943359375
2021-02-16,183.60620893950252,184.27818198454386,178.2948253319052,179.89651489257812,2177800,176.69498291015626
2021-02-17,177.2730698419223,179.44548935094718,172.9742594582182,174.61277770996094,2395200,176.9987548828125
2021-02-18,172.59686905056645,173.93161536203033,168.5005728342935,171.1056365966797,2770100,176.62687072753906
2021-02-19,174.3550059442947,177.43872730194587,173.50813258431447,176.36172485351562,2193900,176.18316955566405
2021-02-22,175.63455388338804,177.1073718799099,170.26794091504934,170.85707092285156,2407800,174.56674499511718
2021-02-23,169.25536870983578,169.25536870983578,161.3941637780431,166.6871337890625,5191300,171.92486877441405
2021-02-24,163.8519608252054,171.9709242778229,162.86700128492126,171.40940856933594,3161700,171.28419494628906
2021-02-25,171.68556203113596,173.05713694967994,163.89799873414353,164.3306427001953,3366300,169.9291961669922
2021-02-26,167.5708108173717,169.53151537912603,163.04187150295263,168.040283203125,2929000,168.26490783691406
2021-03-01,171.6947484687296,172.9650517389357,168.7490983585861,172.41275024414062,4355200,168.57604370117187
2021-03-02,173.97761913169313,174.6772066176851,167.5892323511429,167.7825469970703,2770600,168.79512634277344
2021-03-03,168.08632380249495,169.53152744902474,161.57826520083773,162.001708984375,2418900,166.91358642578126
2021-03-04,159.7924660261014,162.63685882096078,151.1396159942031,153.9840087890625,3754500,164.8442596435547
2021-03-05,160.38158018759634,167.58922581309545,152.84254807198352,166.52142333984375,5076200,164.54048767089844
2021-03-08,164.60677113636717,168.98842472268257,156.62588053355702,157.4083251953125,3168600,161.53960266113282
2021-03-09,162.1305910399814,170.51649771337082,161.09040280146775,169.20936584472656,3687700,161.82496643066406
2021-03-10,171.25290492588584,172.45879349051242,165.90470563848214,166.08880615234375,2240200,162.64238586425782
2021-03-11,171.85124695575263,174.42869625476112,170.3231860229014,173.5173797607422,3206900,166.54906005859374
2021-03-12,170.70414442948797,172.33834349901267,167.84198914053917,169.39309692382812,2078000,167.12339477539064
2021-03-15,181.70036352984988,184.6548381221958,179.3090867572985,184.57174682617188,12102100,172.5560791015625
2021-03-16,185.67040305752172,190.38833365996922,185.2456908278815,187.22149658203125,6890100,176.15850524902345
2021-03-17,184.24858871236373,193.50902738985758,183.73155743798233,192.3549346923828,7321600,181.41173095703124
2021-03-18,188.48638278937088,192.27181185119028,182.52204059676066,183.3529815673828,8297300,183.37885131835938
2021-03-19,181.28486675070283,188.83724177568214,178.39501444374355,186.5382843017578,53102200,186.80788879394532
2021-03-22,187.5262340874175,190.30528451720707,181.5618762143901,185.02415466308594,5876600,186.89837036132812
2021-03-23,184.7563881402776,184.86717652855612,175.2281922830575,176.91778564453125,4748000,184.83762817382814
2021-03-24,178.42269817808688,179.5860183312524,172.88305425017734,172.91075134277344,2893000,180.94879150390625
2021-03-25,168.64523158581108,177.2686073321948,168.29438295895898,176.6315460205078,3512600,179.60450439453126
2021-03-26,176.15145067823582,184.12853794645088,174.5634322653258,183.73153686523438,3096200,179.04315490722655
2021-03-29,181.8019191820732,182.49437480571194,177.15785125991295,179.24444580078125,2707300,177.88721313476563
2021-03-30,177.6286829001315,183.55610024297064,177.51789452917626,182.5959014892578,2324500,179.02283630371093
2021-03-31,184.67326868290405,187.60927322885072,182.80825126574288,185.89198303222656,2854000,181.61908264160155
2021-04-01,189.52047030862184,192.32721725328608,188.47716611227466,192.1148681640625,2662800,184.7157470703125
2021-04-05,195.12472744906498,199.82418881632904,193.54593676867293,198.2269287109375,2663700,187.6148254394531
2021-04-06,196.29729475477583,198.226934122621,192.65036510422482,196.57427978515625,2177500,191.08079223632814
2021-04-07,195.64179718201115,197.01748081056326,194.12762805879274,195.86338806152344,1522500,193.73428955078126
2021-04-08,192.96427885576517,194.50614484792297,191.20082201714888,193.15817260742188,3177300,195.18752746582032
2021-04-09,191.5331772178648,193.44436104772421,190.23135757329757,193.13967895507812,1878000,195.39248962402343
2021-04-12,192.02253572570376,192.24412657257463,189.15115282553998,191.98561096191406,1686200,194.14422607421875
2021-04-13,191.41318273870274,191.84710858104458,185.31956837569953,186.50135803222656,3033300,192.1296417236328
2021-04-14,185.7627399506877,187.72931822673698,183.35299406596684,184.55325317382812,2879000,189.86761474609375
2021-04-15,187.20301838730288,187.20301838730288,183.29757357859327,186.2889862060547,1858100,188.4937774658203
2021-04-16,185.75350595681903,186.57521928710628,183.74076122822322,184.08238220214844,2187600,186.68231811523438
2021-04-19,184.07315830528748,184.24858264361285,177.25940482369785,179.81686401367188,2686000,184.24856872558593
2021-04-20,178.98587036132812,181.50640404459375,177.6009595767583,178.98587036132812,3197900,182.74547119140624
2021-04-21,179.2628691960418,185.90121099076111,177.6933063364492,185.69808959960938,2747800,182.9744384765625
2021-04-22,185.79966241333065,186.56598151392143,180.85091327422174,181.19252014160156,2379900,181.95514526367188
2021-04-23,182.8913760683777,187.2123064888341,182.75289057876674,186.0951385498047,3210500,182.35769653320312
2021-04-26,186.87066990072833,190.8592207258123,186.59369894457907,189.28965759277344,3238900,184.25225524902345
2021-04-27,191.8379059446776,193.13972590570623,186.9260946853158,187.79396057128906,2790700,186.0138732910156
2021-04-28,188.24634737252052,188.24634737252052,183.13141528313557,183.40838623046875,2191500,185.5559326171875
2021-04-29,185.76276450477647,186.18747683158983,181.33104556814413,185.3565216064453,1982500,186.38873291015625
2021-04-30,182.1342646614133,183.1129328405386,176.3914992942003,177.73947143554688,3704600,184.71759948730468
2021-05-03,179.8076573089394,180.90635590293778,175.856044709245,177.1209259033203,2245300,182.28385314941406
2021-05-04,174.03712974738076,177.03776991543904,170.99032306682093,176.42840576171875,4444300,180.0107421875
2021-05-05,177.2871005596072,177.9426172958442,174.0094746142871,175.80062866210938,4243000,178.48919067382812
2021-05-06,174.8865481516279,177.84102194417156,171.9689991179725,177.7487030029297,2785600,176.967626953125
2021-05-07,180.0384468754445,183.2699061783371,178.4965808414868,182.73440551757812,3321400,177.96661376953125
2021-05-10,180.31543715186228,181.3402719811855,174.4157161311758,174.52650451660156,2850400,177.4477294921875
2021-05-11,169.34695554559482,178.03496932685832,168.58063625331724,177.7672119140625,3037300,177.71549072265626
2021-05-12,173.38164074870926,175.41285508259057,167.77737416762324,168.75604248046875,3820500,176.30657348632812
2021-05-13,170.66723609711013,174.61884842084763,170.51950884866022,172.13523864746094,2586100,175.1838806152344
2021-05-14,174.31415158837845,179.99228162551353,173.7232567323383,177.51791381835938,2953800,174.1405822753906
2021-05-17,175.6621251632468,176.77929302278898,172.873847525132,176.51153564453125,2244600,174.53758850097657
2021-05-18,178.2565220976431,180.3615857396713,176.51152067244345,176.57615661621094,2288500,174.29937744140625
2021-05-19,172.79999107641348,180.78630673615257,171.83977808343693,179.98306274414062,2748900,176.54478149414064
2021-05-20,180.5831982471048,185.22726636792666,180.5831982471048,184.35015869140625,2641400,178.98776550292968
2021-05-21,185.6981114745474,186.79680983209974,183.89771583288766,184.507080078125,2237200,180.3855987548828
2021-05-24,185.3380438985118,189.91747544619508,185.3380438985118,188.69876098632812,2092100,182.8230438232422
2021-05-25,190.19445596819054,190.7853508018515,188.46793798772137,189.04959106445312,1916500,185.31773071289064
2021-05-26,188.9849706332186,191.91174772892447,188.36637870018717,190.32371520996094,1983300,187.3858612060547
2021-05-27,190.6653298638754,194.26610731698665,189.2711910405896,194.09068298339844,3503800,189.33396606445314
2021-05-28,194.34921310997177,196.92514184983884,193.61059095512755,195.19862365722656,2239000,191.47227478027344
2021-06-01,196.51887682171272,197.85762130605576,191.71784074427893,191.95790100097656,2264800,192.1241027832031
2021-06-02,191.22852662070883,192.55804357557616,189.7235994212239,191.90252685546875,1764800,192.69468994140624
2021-06-03,189.81590239731025,189.98209904669872,185.23647114725443,185.34725952148438,3895100,191.69939880371095
2021-06-04,185.90123553516221,187.65545059430715,185.27340185560752,186.50135803222656,3485600,190.18153381347656
2021-06-07,186.50137188768863,186.50137188768863,184.39630802510882,185.71658325195312,2587800,188.28512573242188
2021-06-08,187.49850867674326,187.49850867674326,182.34663743239182,183.03909301757812,3322600,186.5013641357422
2021-06-09,183.46378068175838,184.2854939690237,181.44180839034166,182.23582458496094,1939000,184.56802368164062
2021-06-10,182.80826362269073,187.11072411736544,182.53127858747177,185.62425231933594,2371200,184.62342224121093
2021-06-11,185.5872871484089,186.8798791001056,184.12851265197466,185.69808959960938,1810900,184.4627685546875
2021-06-14,186.60824756713134,189.3117739028079,184.32135799975325,188.47850036621094,2099600,185.01515197753906
2021-06-15,187.75632859035255,189.76546990734195,186.89528013529278,187.94151306152344,2071400,185.99563598632812
2021-06-16,188.8766070169859,189.28399019449571,182.77515530838227,185.4138641357422,2017600,186.63124389648436
2021-06-17,184.9601990010901,186.26565893045802,180.81231040001572,183.7195281982422,1781300,186.25029907226562
2021-06-18,181.1178238461686,182.41404416053848,178.4235656916725,178.78465270996094,4796600,184.86761169433595
2021-06-21,179.94203571729324,183.951022462717,179.14579051181406,183.74734497070312,2312300,183.92138061523437
2021-06-22,183.05294520046158,183.97881105946882,181.21046705510412,182.7659149169922,1646000,182.88626098632812
2021-06-23,181.55305237908487,185.0528245713798,181.41417813637213,184.38619995117188,1672000,182.68072814941405
2021-06-24,186.08973751401362,189.904299377601,185.5342124866071,188.7191925048828,2570300,183.6806610107422
2021-06-25,189.31177439627345,191.09868854427887,187.43226802058686,189.0340118408203,13139800,185.73053283691405
2021-06-28,190.58948099008524,191.44127583260249,188.37666228843966,190.89500427246094,1931300,187.16006469726562
2021-06-29,190.43209975081746,192.53381939026474,189.71919314891122,192.30235290527344,1802300,189.06735229492188
2021-06-30,192.19121179174556,192.2745363176317,188.53404494831224,190.46910095214844,2167900,190.2839324951172
2021-07-01,190.3024584388547,190.4598680638537,186.3490214759691,186.89527893066406,1551600,189.91914978027344
2021-07-02,188.1266796430321,188.82107901326174,186.04348153234315,187.70077514648438,1197200,189.65250244140626
2021-07-06,187.70074716030177,188.80252959053834,185.03426358295474,186.78414916992188,2135900,188.83033142089843
2021-07-07,187.95076300097253,188.38592107014762,183.12699582308323,183.64549255371094,2079100,187.09895935058594
2021-07-08,179.8216627429209,182.51593570049266,177.5347730112132,181.46044921875,1930500,185.29722900390624
2021-07-09,181.56226329067349,186.33046583364165,180.3678886665509,185.4971923828125,1384600,185.01761169433593
2021-07-12,187.3951961276165,189.33026601338483,185.83974866484633,189.25619506835938,2090400,185.32869567871094
2021-07-13,188.6081378110787,189.6451030383537,187.8489210356869,188.8766326904297,1708500,185.7471923828125
2021-07-14,191.24682701723953,193.274475269705,187.54336401805955,188.45997619628906,1612600,186.71008911132813
2021-07-15,182.627013856371,184.77502911491084,178.51616778595772,179.99755859375,3957600,186.41751098632812
2021-07-16,180.90492798281358,182.64556030276307,175.48860710579135,176.016357421875,2342300,184.52134399414064
2021-07-19,173.65540994532236,175.33122500252526,171.21112447809966,174.63682556152344,2592700,181.59747009277345
2021-07-20,175.07195601678376,180.56234740927772,173.9146237979501,178.97911071777344,1797100,179.6179656982422
2021-07-21,178.6921007224532,183.9510117241294,178.6921007224532,183.8954620361328,1890900,178.70506286621094
2021-07-22,182.24739197779314,182.24739197779314,177.99767201573704,179.9049530029297,1926400,178.68654174804686
2021-07-23,181.18268736580092,182.34001965861984,179.4235338041613,181.79376220703125,1933400,179.84202270507814
2021-07-26,181.4696853236725,183.98804127061638,181.2196976177565,183.4695587158203,1535800,181.6085693359375
2021-07-27,181.960399100171,182.39555714335987,176.5163038382103,179.84942626953125,2024800,181.78263244628906
2021-07-28,180.69195467529732,185.26573352592632,180.69195467529732,183.85841369628906,1752900,181.7752227783203
2021-07-29,186.81192270788517,189.64506943583197,186.11752344603195,189.1265869140625,1671300,183.6195495605469
2021-07-30,187.33964272731126,191.34864248375973,187.04337308068605,191.0894012451172,1635500,185.47867736816406
2021-08-02,194.616968791805,199.88514692520963,193.09854959738234,193.48741149902344,3383900,187.48224792480468
2021-08-03,194.52440037655256,195.3484203317046,187.98777629251745,194.92251586914062,2082400,190.49686584472656
2021-08-04,195.47802653692816,198.45004747344714,194.09848158075502,196.681640625,1817900,193.06151123046874
2021-08-05,197.50571264252574,198.9500611281433,195.4595428695063,197.11683654785156,1777900,194.65956115722656
2021-08-06,195.9965273654949,198.43155886457677,195.9965273654949,197.90380859375,1259700,196.02244262695314
2021-08-09,199.1722769383605,201.98691731372088,197.13537469131396,201.01475524902344,2147300,197.5279113769531
2021-08-10,200.64439531218105,201.86653089235622,198.31120940582076,201.1536102294922,1564700,198.77413024902344
2021-08-11,201.53318556269912,202.61644673821058,198.14451370437737,202.2275848388672,1475400,199.88331909179686
2021-08-12,200.40363709237914,201.12581124115536,197.56123660990664,198.6259765625,2398900,200.18514709472657
2021-08-13,198.26489946132955,200.74622712182094,197.69086719306551,199.30186462402344,1421500,200.46475830078126
2021-08-16,197.19091302179982,198.69082536827332,196.2650471330895,197.37608337402344,1543300,199.73702392578124
2021-08-17,195.61690587999826,196.0705851633699,189.43212972472017,191.19126892089844,2280900,197.7445556640625
2021-08-18,191.1913052455436,192.64492146618497,188.50629983017816,188.70999145507812,1536700,195.0410369873047
2021-08-19,185.86753449931564,188.33959415948775,184.8120481935389,187.96925354003906,2372200,192.9096923828125
2021-08-20,187.67298096741504,190.01542013812605,187.3489364379131,189.80247497558594,1325100,191.009814453125
2021-08-23,191.043134247521,195.64468812591844,191.043134247521,195.01510620117188,1739100,190.5376190185547
2021-08-24,196.54280041669756,199.11670633520134,196.12616361202882,198.6167449951172,1688100,192.02271423339843
2021-08-25,199.9870088351607,202.83867713793592,199.3296379140534,201.64430236816406,1909100,194.6095764160156
2021-08-26,201.13507566091965,206.8198906607692,199.64443127503844,205.764404296875,2331200,198.16860656738282
2021-08-27,206.2551508193006,210.06046023931876,205.53297654638556,209.71788024902344,1746200,202.1516876220703
2021-08-30,210.48632130506886,211.76402059179935,208.82902778862626,210.7640838623047,1150600,205.30148315429688
2021-08-31,205.77366291432722,205.77366291432722,194.24663715364335,199.18150329589844,5156700,205.41443481445313
2021-09-01,199.47778477848684,199.85739314900027,195.77432156003235,195.82061767578125,2551900,204.24969787597655
2021-09-02,197.1353452057746,197.42236134447396,195.08918969128436,196.20022583007812,1856200,202.33686218261718
2021-09-03,197.29277343166518,199.41301438513275,196.56134554160883,197.2001953125,1813700,199.8333251953125
2021-09-07,197.62603032016185,197.66307285951459,195.69097440286825,197.07977294921875,1822300,197.09646301269532
2021-09-08,196.22800688996008,196.9687023818162,191.88569387314,192.69119262695312,1740900,195.79840087890625
2021-09-09,194.27444227539445,196.20024503064252,193.50597188789698,194.8577423095703,2448000,195.60582580566407
2021-09-10,197.15383943880138,200.44991898713633,196.28352344236907,196.39462280273438,1835500,195.64470520019532
2021-09-13,198.53340045150875,200.22773659272718,195.9872694535604,198.84820556640625,1416500,195.97430725097655
2021-09-14,200.61475685995566,200.80970594015758,196.01038622409462,196.3167266845703,1405300,195.8216979980469
2021-09-15,197.42134586173782,197.44919369845192,194.91494140443814,197.11500549316406,1414800,196.70646057128906
2021-09-16,195.89898624850628,198.38683556167123,193.8195908647208,197.75558471679688,1502900,197.28602905273436
2021-09-17,196.45598353676942,196.97582887350532,193.00270904019746,194.32089233398438,4877800,196.87128295898438
2021-09-20,190.21780626407426,190.30134979859872,184.67585850505432,188.2405242919922,2959400,194.74974670410157
2021-09-21,189.98572608381252,192.87273729023386,188.45402383715808,191.28533935546875,1524200,193.74346923828125
2021-09-22,192.90986103686578,197.9783810734703,192.26005440774267,197.802001953125,1734600,193.88086853027343
2021-09-23,198.79527007985237,202.44349333941744,197.73700954744456,200.83753967285156,1430600,194.49725952148438
2021-09-24,199.59361761627423,202.38780743781905,198.68388831296133,201.1345977783203,1096900,195.86000061035156
2021-09-27,198.8416974815968,202.49919881069422,197.46781855105468,201.15316772460938,1069800,198.442529296875
2021-09-28,197.40285770478772,198.65606753503403,191.18325468500024,191.4060516357422,2201900,198.4666717529297
2021-09-29,188.3612095908783,189.1781033221726,183.67329541169013,184.49948120117188,1976600,195.80616760253906
2021-09-30,186.18896016234072,187.04299364776753,181.67742590005705,181.82594299316406,2343100,192.00384826660155
2021-10-01,182.25301391004155,183.13489546358764,177.30517665238352,179.05966186523438,3381500,187.58886108398437
2021-10-04,179.8208590053905,180.03436387277063,174.43672037107848,175.4021453857422,2551700,182.43865661621095
2021-10-05,177.01736541342257,179.70942725567048,175.15147507512063,177.8899688720703,2246300,179.73544006347657
2021-10-06,175.1422226312964,178.17776522869337,174.90086991893563,177.2123260498047,1847300,178.27800903320312
2021-10-07,179.6351731707369,183.2184086508824,179.6351731707369,179.9508056640625,1514500,177.90298156738282
2021-10-08,180.56348107181583,180.71201235057072,176.3675786824079,176.6646270751953,1394200,177.423974609375
2021-10-11,175.76418309217928,177.4536945886949,172.42231416748837,172.60797119140625,2144000,176.86513977050782
2021-10-12,173.73120243470447,174.28818766169618,169.26608521955407,170.05514526367188,3021000,175.2981750488281
2021-10-13,171.19696644311603,172.86790812573653,169.33108982694554,169.97161865234375,2765500,173.85003356933595
2021-10-14,173.59196296770284,176.32116507964696,173.369166044273,175.54139709472656,2682300,172.96815185546876
2021-10-15,176.73890051520064,177.98281815904963,175.54140066860154,176.2004852294922,1772500,172.8753234863281
2021-10-18,174.715207128894,178.53051759232298,173.73119803085558,178.4748077392578,2028200,174.04869079589844
2021-10-19,179.00396349662392,182.9956534930105,177.78789362714048,182.82855224609375,2100400,176.6033721923828
2021-10-20,182.46650771601463,185.46491048189793,180.82341399272488,183.35768127441406,2100400,179.28058471679688
2021-10-21,182.22511280237333,187.0708351481868,181.94662024456522,186.8201904296875,1688600,181.53634338378907
2021-10-22,187.12659693589242,188.84394234710228,185.54849077041786,185.5948944091797,1829500,183.41522521972655
2021-10-25,186.27254226510823,187.63714337901166,185.45563434257465,185.92906188964844,1390500,184.90607604980468
2021-10-26,186.6624300215738,186.73669566736086,179.87656422033257,182.08590698242188,2706600,184.7575469970703
2021-10-27,179.8301291813867,181.18543813408124,177.15662284824793,178.6140594482422,2882400,183.80882263183594
2021-10-28,180.4056749769375,185.78053563018537,180.22001795768844,185.5670166015625,1930900,183.55818786621094
2021-10-29,183.5619017441366,187.34007238669608,183.07918216025703,186.45819091796875,1604600,183.73084716796876
2021-11-01,188.09198743063146,191.76805865262085,187.52572432777944,190.42202758789062,3419000,184.6294403076172
2021-11-02,190.78405626204685,193.52253607932136,188.61182536075253,191.74948120117188,2991100,186.5621551513672
2021-11-03,192.61278676425678,201.56158958698887,191.89799248591757,200.30838012695312,3378900,190.90101928710936
2021-11-04,200.50332111832088,203.69665801899998,199.58429994022725,203.53884887695312,2326300,194.4953857421875
2021-11-05,204.22584014858555,208.67238743570627,204.17942235197086,208.17111206054688,2835800,198.8379699707031
2021-11-08,207.62340670181482,211.1880723029109,205.3954800775883,207.08499145507812,3829600,202.17056274414062
2021-11-09,207.2335084212701,207.36346973635602,202.68483406382052,205.20053100585938,1625200,204.86077270507812
2021-11-10,202.79623824043327,204.40219180142742,197.51421381841888,198.86024475097656,2262000,204.5711456298828
2021-11-11,207.2520951549107,207.32636079815296,198.79528802505087,203.390380859375,4639700,204.54145202636718
2021-11-12,203.83595001014763,204.7271093535109,199.036644611068,202.2021484375,2829000,203.3476593017578
2021-11-15,205.1541037286403,205.1541037286403,199.76068815488966,200.21554565429688,2003200,201.97377014160156
2021-11-16,199.7699569211812,204.19794744876728,199.02731483264571,203.53884887695312,1497200,201.6414337158203
2021-11-17,203.53888690425654,203.53888690425654,200.20629602169208,202.19285583496094,1376500,202.30795593261718
2021-11-18,203.07474026300136,204.84779524254023,200.8468277131767,204.76425170898438,2494200,202.58273010253907
2021-11-19,204.7642558455735,205.90605998807084,203.89165226043528,205.39549255371094,2124200,203.22139892578124
2021-11-22,206.3702001445428,209.48000823981636,203.70598587954225,205.9617462158203,2846000,204.37063903808593
2021-11-23,205.5347180130968,208.02255293375595,200.1134543815869,203.40890502929688,2070000,204.3446502685547
2021-11-24,201.06964746162058,205.35838598106156,198.95312604958028,205.1820068359375,1630900,204.94248046875
2021-11-26,197.83915246676324,201.9608038372748,195.17493787133822,197.21719360351562,1776500,203.43306884765624
2021-11-29,201.20887235478668,208.1803949666026,199.677184182681,207.8833465576172,2412900,203.9306396484375
2021-11-30,206.73225922446002,211.48516145518755,202.6477478133285,207.34494018554688,5141600,204.2072784423828
2021-12-01,211.0395421608844,217.85325506474456,206.74152638625893,207.01072692871094,3222500,204.92764282226562
2021-12-02,204.47649294835588,209.70280843083972,202.5363366255647,206.76010131835938,1934800,205.24326171875
2021-12-03,208.86732209858607,212.07924359533527,205.67397055214553,210.83531188964844,2743800,207.96688537597657
2021-12-06,211.46660774691733,211.94003534518498,201.84013326434302,208.19898986816406,2223600,208.03001403808594
2021-12-07,212.57125587677035,222.70828225023814,211.65223449610548,221.77069091796875,2934400,210.9151641845703
2021-12-08,212.58979712380452,213.32316143243517,205.2376690754947,211.7357635498047,3880100,211.86017150878905
2021-12-09,209.19223299839413,212.17206553536374,208.63524780554954,209.01585388183594,1990800,212.3113220214844
2021-12-10,212.17206079315227,212.469123333289,207.03856740095776,210.22264099121094,1751500,212.18878784179688
2021-12-13,212.00501585520283,212.00501585520283,204.28155825394964,205.88751220703125,1966600,211.72649230957032
2021-12-14,203.73113559240954,206.26253629697453,201.72090311511928,204.7362518310547,1687300,208.3196044921875
2021-12-15,205.99264632724442,213.69852365783754,203.61015477392846,213.4751739501953,2565700,208.66748657226563
2021-12-16,212.97264454938775,213.41005673482925,202.55853665479765,202.83773803710938,3223800,207.4318634033203
2021-12-17,201.24626295559472,207.1094194844217,199.58037079330703,203.5449981689453,4657400,206.0963348388672
2021-12-20,200.54828382828134,204.45705991340105,199.72929703302532,202.55850219726562,1336100,205.43053283691407
2021-12-21,206.1880873591712,209.11966581894418,203.861433279742,208.8125457763672,1603700,206.24579162597655
2021-12-22,207.5840878810562,211.14852377347705,206.33700465416007,211.03683471679688,1057900,205.75812377929688
2021-12-23,211.03685153833266,213.29836695616544,210.57152066725618,211.58595275878906,920300,207.5077667236328
2021-12-27,212.79578236489812,216.70457268807635,211.8185989848735,216.63941955566406,1235800,210.12665100097655
2021-12-28,217.59800467722403,218.165708868877,212.73064807713806,215.00146484375,1362100,212.61524353027343
2021-12-29,214.4151422507769,217.1885100597952,213.95911291877997,214.5361328125,1117000,213.7599609375
2021-12-30,214.54542243215877,216.47189880470825,212.47005099277914,212.74925231933594,886400,214.10244445800782
2021-12-31,213.2611010977218,215.44816154970025,211.58592156939773,211.98609924316406,1022900,214.1824737548828
2022-01-03,212.55383240584126,217.18852385503752,212.25602803599887,215.18760681152344,1519300,213.8921112060547
2022-01-04,216.2950938686208,218.61243246416205,209.82699775132895,216.7231903076172,1965000,214.23645629882813
2022-01-05,215.68084713557133,218.03542008042876,208.71018594974302,208.9987030029297,1963500,213.12897033691405
2022-01-06,209.86420441209998,212.8981563126097,208.5705852722247,211.2229766845703,1957800,212.82371520996094
2022-01-07,212.19089583975494,214.0429179815116,204.63392637427052,205.98338317871094,1760200,211.6231719970703
2022-01-10,204.79209288152242,206.73717226446007,199.81304752059063,206.44866943359375,1926500,209.87538452148436
2022-01-11,207.23040856179927,211.95817100667708,205.45284156800452,211.76272583007812,1755300,208.88329162597657
2022-01-12,213.1773569367011,215.35510180647253,210.1992424736671,213.14013671875,1263000,209.71157836914062
2022-01-13,215.90421597614184,216.24855626580887,205.30397962991165,206.4766082763672,2911000,208.7623046875
2022-01-14,203.54502089112816,209.76183405470377,202.94939798802648,209.66876220703125,1722900,209.49938049316407
2022-01-18,204.74552975797252,205.8344020075933,201.71157838383525,202.34442138671875,2348200,208.67853088378905
2022-01-19,202.82838869222732,205.1643441650403,196.16484831621705,196.32305908203125,1888300,205.5905975341797
2022-01-20,193.57762959555305,197.08622810818812,185.58324916611386,185.76937866210938,2885000,200.11644592285157
2022-01-21,183.64747111229943,193.32634690893528,183.1542215577091,186.08580017089844,3812000,196.0382843017578
2022-01-24,182.25150528724424,189.36176099953445,175.0295747011857,188.989501953125,3738900,191.90243225097657
2022-01-25,183.52650070520096,186.02068166719638,179.98068158529705,181.26499938964844,3855600,187.6865478515625
2022-01-26,186.55111575547986,191.01829429660168,180.12024066111002,183.30311584472656,3470600,185.08255920410156
2022-01-27,186.94200089618232,187.08160866399854,173.46602419445986,174.9271697998047,3786000,182.91411743164062
2022-01-28,173.54979161883068,176.38831267308225,167.63078257812452,176.31385803222656,4949100,180.95972900390626
2022-01-31,177.1886688869696,191.62322579605424,176.82571141577853,191.19512939453125,5679900,181.4008544921875
2022-02-01,194.49899412441007,196.3603175275598,186.14164181971287,193.76376342773438,4066200,183.90060729980468
2022-02-02,195.09457103433533,197.14202345477528,191.41844681947427,195.7646484375,2863900,186.39291381835938
2022-02-03,192.38638222728738,194.32216021170947,184.08488180611988,184.58743286132812,4263600,188.32496643066406
2022-02-04,183.31241999075584,186.23469690256331,177.56092380845757,184.38267517089844,3205400,189.93872985839843
2022-02-07,184.64327499346513,187.90990663823317,182.4655300308001,183.26589965820312,2169500,188.3528839111328
2022-02-08,183.61025053222713,189.2221539531982,182.49345927163284,188.48692321777344,2306000,187.29751586914062
2022-02-09,191.24169117796083,195.43897062530266,186.5976838589199,195.21560668945312,3113000,187.18770751953124
2022-02-10,190.19002608980205,195.0853015326456,184.39200765947723,185.2482147216797,2466800,187.31986389160156
2022-02-11,186.14161695235325,187.035058314846,172.3399040577282,173.791748046875,3738600,185.20167846679686
2022-02-14,174.81549836527557,178.3799345444126,171.21384196476464,172.9914093017578,2039900,183.14678039550782
2022-02-15,177.2910346347048,183.24726318884396,176.09048742016248,182.98667907714844,2809900,182.0467315673828
2022-02-16,181.89781103609664,186.72794712258525,179.6176929041512,185.81590270996094,1969400,180.1667907714844
2022-02-17,182.7819664195556,183.75916412073263,174.39670896248626,174.60145568847656,2762900,178.03743896484374
2022-02-18,175.68102709969654,176.9560291861598,172.349256243821,174.1175079345703,2691700,178.10259094238282
2022-02-22,172.3399354685087,178.32409788526624,171.1580052745426,174.25711059570312,2361700,178.35573120117186
2022-02-23,177.27242469069458,181.10676029276425,172.200321607735,172.31199645996094,2612200,176.22079467773438
2022-02-24,166.70010643789703,178.4357501473125,165.94627279054976,178.14724731445312,3208600,174.68706359863282
2022-02-25,177.28175015833696,180.8461861294587,172.71219785952184,180.7344970703125,2058600,175.913671875
2022-02-28,178.15655771116644,179.36642072937929,173.78245067680018,176.93739318847656,2741100,176.47764892578124
2022-03-01,176.46278049329834,176.81643651358348,166.80250668253444,168.61729431152344,2997800,175.3496856689453
2022-03-02,170.3297022272919,177.26312880452681,169.9667447452849,175.29013061523438,3191800,175.9453125
2022-03-03,176.28591220609934,176.7512429893065,171.28826413870064,171.8931884765625,2591600,174.6945007324219
2022-03-04,169.82714470734717,170.5251409892009,162.084046671717,164.2152557373047,3190700,171.39065246582032
2022-03-07,165.46232082036838,166.68149945389104,157.79367826902632,157.95188903808594,2992500,167.5935516357422
2022-03-08,158.78947942574416,172.58189130854905,157.03984525467618,164.634033203125,4006600,166.7968994140625
2022-03-09,170.31110352124736,173.35437147841685,169.56657126679252,170.6368408203125,3108900,165.86624145507812
2022-03-10,166.81177710657397,168.74755478560553,163.62891639033307,167.98440551757812,1899200,165.08448486328126
2022-03-11,171.22312419351258,172.4236856590371,165.80668084442098,166.17893981933594,2176900,165.4772216796875
2022-03-14,166.80079394756393,167.9789982213438,159.1704819608082,160.5637664794922,2515800,165.99959716796874
2022-03-15,161.63911663843135,167.40860090412409,161.49885931549207,166.85690307617188,2183000,166.4441711425781
2022-03-16,169.5966712586255,176.18903538792227,166.6137423843107,176.0955352783203,2846100,167.5359100341797
2022-03-17,174.88930326859742,177.96574718628196,173.12198958314025,177.45144653320312,1488800,169.4293182373047
2022-03-18,175.33808830220775,180.33146173457328,172.69179143545176,179.9293670654297,3131900,172.17940368652344
2022-03-21,178.4800033827178,180.68680868315357,174.42173031265185,178.14337158203125,1895300,175.69532470703126
2022-03-22,177.61968755912528,179.71428657054267,175.3380740911126,175.5625,2796900,177.4364440917969
2022-03-23,173.0378098683297,176.30125356818849,171.53231959593026,171.67257690429688,1865300,176.55185241699218
2022-03-24,175.9833520180338,178.9569357844753,172.28976161057042,178.67640686035156,2320500,176.79684448242188
2022-03-25,179.14392653602314,179.38704396157502,174.30016960932153,178.0966339111328,1768600,176.4302978515625
2022-03-28,176.1516614833124,177.76935770300733,172.04663087309262,177.1241455078125,2490400,176.22645263671876
2022-03-29,180.82709724791138,183.60430629746102,178.33976283513414,182.09881591796875,2083000,177.5337158203125
2022-03-30,180.2473296287647,181.77152570565545,174.14121385791364,175.16981506347656,1922300,178.23316345214843
2022-03-31,176.21711024333396,176.99323402435638,172.76663755803034,173.0658721923828,2627100,177.11105651855468
2022-04-01,174.97341658249954,174.97341658249954,167.52077453385178,170.20448303222656,2417300,175.53262634277343
2022-04-04,169.9239836010004,172.75729561632983,168.95148528631256,170.75621032714844,1844100,174.25903930664063
2022-04-05,168.6896424768118,169.41900899379428,161.56428607169465,163.7056427001953,4234900,170.58040466308594
2022-04-06,159.75959234688943,165.74414241653022,158.7590425791487,162.72381591796875,3754800,168.09120483398436
2022-04-07,161.3118319035693,164.16384973011344,158.44112261266926,161.69522094726562,2016200,165.81707458496095
2022-04-08,159.45101091122504,159.63802542434587,154.53244503321986,156.62704467773438,5746400,163.1015869140625
2022-04-11,154.69137457217076,157.24417134887068,154.05552251164528,154.77554321289062,3346900,159.90545349121095
2022-04-12,158.8057864328255,159.40424138951067,154.3641243152786,155.43946838378906,3138900,158.2522186279297
2022-04-13,156.63637758200434,160.23646730500104,154.87842418068195,159.92788696289062,2922800,157.69303283691406
2022-04-14,160.1429717723787,161.3118303566144,157.8333060684655,158.9647674560547,2698300,157.14694213867188
2022-04-18,158.6841933741053,165.25785103924895,158.16989288977408,162.00375366210938,2138300,158.22228393554687
2022-04-19,159.17980939325565,167.6423471183514,159.17980939325565,167.05323791503906,2979200,160.67782287597657
2022-04-20,168.94212602911068,173.25287663519643,166.79142359165309,167.1841583251953,2685000,163.02676086425782
2022-04-21,169.4938347390753,171.32661121549276,163.0417412786662,163.49993896484375,2346200,163.74117126464844
2022-04-22,163.41575410501352,163.94876039741726,158.9834520739529,159.6660614013672,2165400,163.88143005371094
2022-04-25,158.92733668027626,162.23753721338346,158.03899292931717,161.62037658691406,2781900,163.80475463867188
2022-04-26,158.946048876787,159.86244420593135,156.49612604809755,156.86080932617188,3369800,161.76626892089843
2022-04-27,155.8322077634707,161.21831680271882,154.9158267048789,159.6754150390625,3342000,160.26452026367187
2022-04-28,160.89105250615475,167.78263851216823,159.25465040292974,165.74415588378906,3097200,160.71336364746094
2022-04-29,163.14458674345158,166.5483019495941,159.5632027715236,159.8063201904297,2892900,160.74141540527344
2022-05-02,161.07802937620997,166.09009464558656,159.2078559811932,165.51034545898438,2776200,161.5194091796875
2022-05-03,162.48067402046001,167.7078199730629,160.81622069081646,166.5109100341797,3271600,163.44942932128907
2022-05-04,168.93281191238765,173.9448785381159,162.33110032436792,173.8513641357422,3180600,166.284619140625
2022-05-05,168.91409409210522,170.5785476035417,164.36957126682637,166.79144287109375,3974000,166.49407653808595
2022-05-06,165.5103822576666,170.43829424430245,162.45264408185184,166.052734375,2457400,167.743359375
2022-05-09,163.5747234333601,165.31398541336853,160.69466870957936,161.67649841308594,3700100,166.97658996582032
2022-05-10,166.4735140357468,169.98943552425985,161.41469065343523,166.85690307617188,3438500,167.04578857421876
2022-05-11,164.50981138971952,167.0158513953689,159.47905418416556,159.7782745361328,3659800,164.23117065429688
2022-05-12,158.88058609730854,163.7149826690227,157.74912490174992,162.3871612548828,2557000,163.35031433105468
2022-05-13,165.4168647913546,171.21441491199155,164.2106089838001,170.1764678955078,2877900,164.17506103515626
2022-05-16,168.36238574122757,169.390972688035,165.03347892623856,165.5010223388672,1950000,164.9399658203125
2022-05-17,170.2231899648241,173.80457401941752,169.37227184486622,173.58950805664062,2909600,166.28648681640624
2022-05-18,170.7281595781536,173.28094269538812,163.11655315453268,164.0048828125,2654300,167.13180847167968
2022-05-19,163.705656864626,168.30628231915256,162.23756370451366,164.37890625,1672800,167.53015747070313
2022-05-20,167.14675376062516,168.82991273606874,162.45261435919124,168.41847229003906,2744200,167.17855834960938
2022-05-23,168.72705899606754,170.24189499702467,165.26724080207225,168.96083068847656,1891700,167.87052001953126
2022-05-24,166.54831949289144,168.73641929840318,164.2199480988461,167.4927520751953,2200400,166.6511688232422
2022-05-25,165.39818709809094,173.5427865810242,165.1644153566105,172.64511108398438,2294100,168.37921447753905
2022-05-26,172.92559828976303,180.89254196898372,171.96246000932246,180.1257781982422,2883400,171.5285888671875
2022-05-27,181.47230012033387,185.40900751460742,181.47230012033387,183.2115478515625,3266400,174.4872039794922
2022-05-31,182.32323219342592,182.80948135635006,176.08620454169858,177.44207763671875,5124600,176.18345336914064
2022-06-01,178.67638380608076,178.77924392271117,170.11098546867,172.58897399902344,2552800,177.20269775390625
2022-06-02,172.77598060957027,175.7682553181041,171.44815915354246,175.74020385742188,2443200,177.82171630859375
2022-06-03,172.84146518117507,173.1219941145876,169.4938522505859,170.53179931640625,2311000,175.90292053222657
2022-06-06,172.0466376910151,172.57962978536762,165.63194121657455,168.32498168945312,3169000,172.92560729980468
2022-06-07,166.7353305693892,170.63464094285476,164.66879666291604,170.02684020996094,2372700,171.44255981445312
2022-06-08,169.69018135837982,169.8117471929174,164.16381564225057,165.5758056640625,2409900,170.03992614746093
2022-06-09,165.070868591285,182.070753718503,164.9306112812115,172.26168823242188,10137500,169.34422302246094
2022-06-10,168.06314442007312,171.09283074992166,166.51091119582162,166.97845458984375,3610100,168.63355407714843
2022-06-13,162.25629105882606,165.43558097170535,156.8795411129046,157.5808563232422,3899400,166.48472900390624
2022-06-14,158.49712649730498,160.80903879746992,156.21342136561535,158.15879821777344,1892300,164.11112060546876
2022-06-15,160.43313248634087,161.79583849860202,155.16085824481058,158.76968383789062,2355600,162.74989624023436
2022-06-16,154.27747227158284,154.83195047351205,146.70269143511052,148.78904724121094,3994000,158.05536804199218
2022-06-17,149.7758063065671,151.0257410668019,147.12557980020821,148.32852172851562,4907300,154.32538146972655
2022-06-21,152.34142317776903,152.77372268595946,148.78898411567187,149.5126190185547,2655400,152.71173400878905
2022-06-22,146.65566656704422,150.09533504642545,146.34553111331007,147.50148010253906,2603900,150.58027038574218
2022-06-23,148.36611072170294,148.43190355591858,142.2104367863485,144.26858520507812,3186100,147.6800506591797
2022-06-24,146.59927269178453,150.88475446641948,146.1199659537025,149.7288055419922,14800200,147.86800231933594
2022-06-27,151.6460069039979,151.6460069039979,148.15934539174646,149.2965087890625,2502600,148.0615997314453
2022-06-28,150.64981776790765,154.52178596374455,144.55051567031379,144.9358367919922,3227300,147.1462432861328
2022-06-29,143.6765042255999,144.49412492901794,138.1316804209532,140.98867797851562,3124800,145.84368286132812
2022-06-30,138.40425739629993,140.61277731425108,136.5622443192671,139.11849975585938,4467500,144.81366577148438
2022-07-01,137.840373447572,140.528200250004,134.71083978899136,137.2952880859375,2531200,142.32696228027345
2022-07-05,133.38568765773803,137.2106771154144,131.8820176085367,137.1260986328125,3164600,139.89288024902345
2022-07-06,137.0509089178631,138.96809283434374,135.0491321810903,136.97572326660156,2264300,138.3008575439453
2022-07-07,140.06764412092159,143.69526902801132,139.06206659418964,142.86825561523438,2362000,138.67677307128906
2022-07-08,141.72169101945263,145.55607263190575,141.01684177466774,144.9921875,1721900,139.85151062011718
2022-07-11,143.01864755585618,145.23657443039986,141.79691996394058,142.81190490722656,2091500,140.954833984375
2022-07-12,143.6483208396841,145.48092650584152,141.99426498493813,143.07504272460938,1864700,142.14462280273438
2022-07-13,140.61276606023773,146.4489259973209,140.26504490962702,145.67828369140625,2439700,143.8851348876953
2022-07-14,145.43389682740937,150.57459856038219,143.78924855957112,150.1986846923828,2337100,145.351220703125
2022-07-15,151.49565061022983,155.15146946609127,150.45247277011515,154.10829162597656,2681700,147.1744415283203
2022-07-18,155.9314682070072,155.9314682070072,151.11970130340086,152.17227172851562,1985700,149.04651489257813
2022-07-19,154.2398371093632,160.52709592927087,154.2398371093632,160.1699676513672,2174500,152.4654998779297
2022-07-20,159.24897144353596,166.7955578662343,158.14940810124642,165.8557586669922,2410400,156.50099487304686
2022-07-21,167.19023053815587,169.29538538727155,164.4742120964037,169.1168212890625,2215800,160.2846221923828
2022-07-22,169.16386034993107,169.16386034993107,162.30332314547758,164.596435546875,2413900,162.3822509765625
2022-07-25,164.2674886017136,164.79378817623018,161.5232767797643,163.64723205566406,3663100,164.6772430419922
2022-07-26,166.77676440925995,167.1714783336624,163.53444585131663,163.95736694335938,3852600,165.43472290039062
2022-07-27,166.89891975479924,171.64490810705524,166.73915562763926,170.49835205078125,3222900,166.36324157714844
2022-07-28,171.35357331414383,172.76327197804983,167.38761992580592,172.09600830078125,2275200,166.95907897949218
2022-07-29,171.85167306895255,174.1165924611291,170.24461021345468,172.81027221679688,2527600,168.60184631347656
2022-08-01,171.81408863666098,175.45110678264928,171.12802492762566,173.3929443359375,1928500,170.55098876953124
2022-08-02,172.6787076572624,172.7350933140101,168.85371808563733,169.60556030273438,2645500,171.68062744140624
2022-08-03,170.33860603090162,174.97180923164717,170.00967057283177,174.37974548339844,2187800,172.4569061279297
2022-08-04,173.70308132316103,174.05080242521856,171.50395471952638,173.16738891601562,1627700,172.67118225097656
2022-08-05,170.36680967857805,171.94567990129858,166.93654809606673,170.72393798828125,2240900,172.25391540527343
2022-08-08,169.73713020946332,171.67311422282123,166.6169900534204,169.1262664794922,1660200,171.40057983398438
2022-08-09,165.80875720291726,166.7109706968853,159.14558466898646,160.7432403564453,3130500,169.62811584472655
2022-08-10,164.8501688948401,169.4081860728781,162.05896433051026,169.13565063476562,2726200,168.579296875
2022-08-11,170.41377184960035,173.571497386715,168.91949472815938,169.52096557617188,1488600,167.85001220703126
2022-08-12,170.85548374982753,176.27812871496113,170.40438418519668,176.18414306640625,2086000,168.94205322265626
2022-08-15,174.8026304957101,177.74420623216193,173.30835338634543,176.2781219482422,1284500,170.37242431640624
2022-08-16,175.52629564769194,176.26873068506097,173.63729013125388,174.66168212890625,1297500,173.15611267089844
2022-08-17,172.11483279638645,172.11483279638645,166.71098714891747,169.37062072753906,1681000,173.20310668945314
2022-08-18,169.7559128763241,173.84403028145445,169.0604563927401,171.75767517089844,1610100,173.65044860839845
2022-08-19,170.0472618242361,172.14300992985778,168.4871917813979,169.47398376464844,1620000,172.30841674804688
2022-08-22,166.41024432409188,167.45340762622845,161.73944134663518,162.1341552734375,2155000,169.47962341308593
2022-08-23,161.78641002056406,166.16587728693352,161.78641002056406,163.46865844726562,1043700,167.24101867675782
2022-08-24,163.76941460752565,163.76941460752565,160.10420321343764,162.59466552734375,1237800,165.88582763671874
2022-08-25,162.91416952641512,168.4119853132611,162.8953695303366,168.24282836914062,1542800,165.1828582763672
2022-08-26,167.3218289854221,167.90451419105233,157.71709517370726,157.9990234375,2380500,162.8878662109375
2022-08-29,156.62691725322395,158.43132975607878,155.5367468847713,155.8938751220703,1242100,161.63981018066406
2022-08-30,157.48214916404334,158.525312445444,153.51619563618212,155.74351501464844,1967200,160.09478149414062
2022-08-31,156.07250177965003,157.05927973147365,153.40346043908053,154.6721954345703,2205500,158.51028747558593
2022-09-01,152.1064990889454,154.72853242371033,149.34348727670462,154.5029754638672,2188600,155.76231689453124
2022-09-02,156.81488649538994,158.08362108196857,151.62719118031316,152.61398315429688,1696500,154.68530883789063
2022-09-06,152.11587035970567,153.3376119570288,149.43743740942787,151.07269287109375,2031900,153.7210723876953
2022-09-07,150.8471588909927,155.37699775196907,150.70619475224746,153.48800659179688,1689300,153.269970703125
2022-09-08,152.2192793718951,156.8430897697688,151.02573035852063,155.48977661132812,1498600,153.43348693847656
2022-09-09,156.54236023162088,158.70388692780716,155.68713951467186,158.01783752441406,2098000,154.13645935058594
2022-09-12,159.3429452700165,159.6718663612137,156.94645462182356,158.891845703125,1280200,155.39203186035155
2022-09-13,152.29443803325478,153.5631581392458,145.66885190131708,146.10116577148438,3863200,154.3977264404297
2022-09-14,146.1058977097098,151.59596973012472,145.66177694626361,150.66993713378906,2807100,153.83411254882813
2022-09-15,150.30139757040845,153.0700653323709,148.19419601395367,150.8872528076172,2340300,152.91360778808593
2022-09-16,149.8289345387778,151.83219270304608,148.21310329678946,151.13294982910156,2506500,151.53663024902343
2022-09-19,149.55491816230935,154.38353825746566,149.1202415679492,154.11895751953125,1582200,150.5820526123047
2022-09-20,151.52039716249485,153.59925215885036,150.72664046835513,152.04010009765625,1358000,151.76983947753905
2022-09-21,152.93778382907126,157.53016995650654,150.36755866367557,150.4053497314453,1528500,151.7169219970703
2022-09-22,150.16912832308347,151.0951609549769,145.67124112103153,146.58782958984375,2090000,150.85703735351564
2022-09-23,144.31997458712706,144.9247326453582,140.2473054616956,144.51841735839844,2680300,149.534130859375
2022-09-26,144.62235085942615,146.42718074676014,142.91202026972255,143.58291625976562,2167900,147.4269226074219
2022-09-27,145.90747257087546,147.88238401515798,142.44900568872248,145.05702209472656,1741500,146.03030700683593
2022-09-28,144.52783922176533,148.44932904150807,143.8852901921596,147.82566833496094,2103800,145.51437072753907
2022-09-29,145.48225780227375,146.5027753268108,138.85825154450282,142.69468688964844,2841100,144.7357421875
2022-09-30,141.50406572627173,144.37666278649453,139.31180883884815,139.3874053955078,2112800,143.70953979492188
2022-10-03,141.2867322350606,145.42553910717706,139.66144234093625,143.59237670898438,2415500,143.71143188476563
2022-10-04,147.8634906310994,151.1518762773325,146.92801379225625,151.08572387695312,2392200,144.91717224121095
2022-10-05,148.19422058369,153.41026803140485,146.58783328662935,152.36138916015625,1904500,145.82431640625
2022-10-06,152.3802681142858,154.77095337690827,150.12187322284748,150.2352752685547,1559800,147.33243408203126
2022-10-07,146.3421297693837,146.3421297693837,142.08047662682898,143.39393615722656,2752800,148.133740234375
2022-10-10,143.3845068644969,143.59239381189474,138.03616888793502,139.3779754638672,1812000,147.29085998535157
2022-10-11,137.01562659222148,137.7526750162665,133.7650466612694,135.83445739746094,3004200,144.24060668945313
2022-10-12,134.70056497778418,135.87227582704037,132.41382268649303,132.55555725097656,2066900,140.2794403076172
2022-10-13,126.80089111519243,137.24243078503702,124.80707672679935,135.28640747070312,3307200,137.28966674804687
2022-10-14,136.92110569433407,137.52586364992766,129.531719875005,130.48609924316406,2893000,134.70809936523438
2022-10-17,134.00127128612223,135.28638385839847,131.81847307126785,133.4910125732422,1972100,133.53070678710938
2022-10-18,135.5415543212562,138.4141519796182,130.1459661170625,133.18865966796875,2218500,133.00154724121094
2022-10-19,132.64056893596555,136.05178608687064,132.1303101970202,133.53826904296875,2160400,133.19808959960938
2022-10-20,134.256415850974,135.8250119876724,130.93969797321986,131.38380432128906,2895700,132.41756896972657
2022-10-21,131.07199063807047,137.5731361354549,129.93805666681757,137.25186157226562,2496400,133.77072143554688
2022-10-24,136.08012602184485,137.74322136134617,132.71615869395288,136.95892333984375,1921700,134.46430358886718
2022-10-25,137.43139322340616,140.59691784763675,136.83607936663316,140.5496826171875,2831900,135.93650817871094
2022-10-26,138.61256607778998,144.23492841622067,136.20297809887143,139.17007446289062,2023300,137.0628692626953
2022-10-27,141.10719722001105,143.49788249650712,136.88333506177545,137.12901306152344,2197900,138.2119110107422
2022-10-28,137.92278498911102,143.80972882090254,137.01564061055277,143.3089141845703,2552000,139.42332153320314
2022-10-31,141.5229459333643,142.28834112212638,137.52585974094754,138.0361328125,3307200,139.63876342773438
2022-11-01,142.19384752619143,145.37828901455333,139.66142806359832,143.48841857910156,4306600,140.22651062011718
2022-11-02,143.5829145164499,149.7722435533131,140.23784993204754,140.4268341064453,2976800,140.4778625488281
2022-11-03,138.3290801489372,138.3290801489372,134.89896034246695,136.87388610839844,2373300,140.4268371582031
2022-11-04,141.64579966149336,143.47897650170057,138.83934058856892,142.74192810058594,2385700,140.31343994140624
2022-11-07,144.29160110981823,149.50764741318784,142.97814176808672,149.20526123046875,2451100,142.547265625
2022-11-08,152.52201552791254,156.00882921292032,150.97232215886118,154.12840270996094,2659200,144.67526245117188
2022-11-09,151.13295719432992,152.16293323135514,146.11535295852315,146.2003936767578,2780100,145.82997436523436
2022-11-10,154.95048543546295,156.67971875329312,152.76768721382155,156.3584442138672,4487700,149.7268859863281
2022-11-11,157.35062893820646,161.58393501124343,154.5347113852963,160.58230590820312,2515200,153.29496154785156
2022-11-14,158.78693326592634,163.152544480924,158.78693326592634,159.70352172851562,1823400,155.39461364746094
2022-11-15,165.57155471837362,166.93226377761837,162.42491862351204,165.1841278076172,2335600,157.6057586669922
2022-11-16,162.09421448473393,163.3415361514454,156.36790818599707,157.69082641601562,2204400,159.90384521484376
2022-11-17,153.6086975910643,161.0169877280521,153.6086975910643,160.72406005859375,1460500,160.77696838378907
2022-11-18,163.30373093331607,163.31317509594757,159.9019579720183,162.47218322753906,1533700,161.15494384765626
2022-11-21,161.05475056904112,161.8484926409728,158.86249408248744,159.55230712890625,1271200,161.12470092773438
2022-11-22,160.40276985600372,163.88012489721206,158.7491330533645,163.86123657226562,1695500,160.86012268066406
2022-11-23,164.50380966832032,169.17179311640348,163.7384142578219,165.5526885986328,1586500,162.4324951171875
2022-11-25,165.3353135349733,165.85503078006187,163.1808624267578,163.1808624267578,735400,162.92385559082032
2022-11-28,159.74134684079698,161.45167776400788,154.38356436376935,155.0639190673828,2758000,161.44220275878905
2022-11-29,155.6119250869105,157.10492446452963,153.82599809810313,155.6213836669922,1347300,160.65601806640626
2022-11-30,155.98045315806343,166.93224815819147,153.65590632959436,166.1573944091797,3654000,161.11524963378906
2022-12-01,167.77327221998814,168.2646426331653,163.59665975440493,163.88958740234375,2083000,160.78262939453126
2022-12-02,159.8547130064117,161.7729306323515,158.1065912428061,161.64064025878906,1620000,160.4745849609375
2022-12-05,160.45946404774705,160.92248754426663,157.36952152058888,159.0987548828125,1208100,161.28155212402345
2022-12-06,157.48289082789458,158.62625425064527,152.26684491941177,154.1000213623047,1904000,160.97727966308594
2022-12-07,152.55979622797264,155.26231167284433,151.18964297225023,154.92213439941406,1427200,158.7302276611328
2022-12-08,155.58362439608348,162.4060598634505,154.52530124942427,162.02809143066406,2520300,158.35792846679686
2022-12-09,160.36496074581584,163.3509450496765,159.1270835097946,160.37440490722656,1962000,158.10468139648438
2022-12-12,160.5350609530189,163.7383911113747,159.78856839431955,163.5399627685547,2048400,158.9929229736328
2022-12-13,170.63640248550792,170.63640248550792,161.85794628276528,164.71165466308594,3081300,161.11524963378906
2022-12-14,164.48853044754435,166.51105184488353,160.4719871341297,162.9123077392578,1968700,162.71328430175782
2022-12-15,159.7693201267938,161.08917787498694,156.28451606485646,156.8257598876953,2570300,161.67281799316407
2022-12-16,156.05663359664044,157.0821222643512,153.50237311728154,155.4584197998047,3696400,160.6896209716797
2022-12-19,155.99965962625524,156.03764927653833,150.53032357880315,152.18252563476562,1418200,158.4181335449219
2022-12-20,150.0175733058434,153.0845782047996,149.13449508159803,151.4608612060547,1101400,155.76797485351562
2022-12-21,152.75224361362473,155.5723739285857,151.9356399788413,155.1830596923828,1737500,154.2221252441406
2022-12-22,151.7932037928977,152.88516711845233,146.19093322811258,149.56178283691406,2759100,152.7693298339844
2022-12-23,148.32738156138126,149.85613877655186,146.4188003397309,149.7136993408203,1212300,151.6203857421875
2022-12-27,147.70069118544467,147.7101813528427,145.5072599456686,146.02000427246094,1374900,150.38788146972655
2022-12-28,145.18442617567433,147.03603778204928,143.28534923687513,144.04498291015625,1433300,148.9047058105469
2022-12-29,147.02652169139017,151.64127887337006,145.74465355066613,150.14100646972656,2016600,147.89629516601562
2022-12-30,147.68171117095883,150.19798222025497,146.29539317396018,150.05555725097656,1021000,147.99505004882812
2023-01-03,151.71728106806233,152.3534702111939,145.38386014771834,147.22596740722656,1900300,147.49750366210938
2023-01-04,150.29291942574116,152.26796080817124,148.22293290756616,149.98907470703125,1678400,148.29131774902345
2023-01-05,148.22295693946478,149.3244105232757,145.3743416067817,145.76364135742188,1692400,148.63504943847656
2023-01-06,147.98557487960932,152.0875734952099,146.12447312176354,151.5748291015625,2063200,148.92181396484375
2023-01-09,154.10058164899883,156.15158808479404,151.9641202339137,152.84719848632812,1834400,149.48014221191406
2023-01-10,155.29699398909833,157.86074453644045,153.8062118830602,157.68983459472656,2219700,151.57291564941406
2023-01-11,158.25008484998804,160.35806141199274,156.89223730403026,160.2156219482422,2019200,153.61822509765625
2023-01-12,161.5069866990962,163.19716393092594,158.9432358577999,161.62094116210938,1705000,156.78968505859376
2023-01-13,160.1111393890681,163.2731035853504,159.73132987436446,163.14967346191406,2006400,159.10465393066406
2023-01-17,162.09573835663926,162.16219852346444,159.3230729359574,161.7349090576172,1991000,160.88219604492187
2023-01-18,163.71943249173967,166.4541081093875,161.93429540924086,162.06723022460938,1565800,161.75767517089844
2023-01-19,160.28207676139746,160.71885628971188,156.54089333523405,156.673828125,2163200,161.04931640625
2023-01-20,158.14561080701168,160.168117585346,155.97115993067396,159.99720764160156,2322300,160.72456970214844
2023-01-23,160.69039583223142,166.8813908911475,160.006726955109,164.29864501953125,3386200,160.95436401367186
2023-01-24,162.32358790674974,165.46655771818644,160.93726994516925,164.4315643310547,1627000,161.4936950683594
2023-01-25,162.21913186735208,165.5805058153148,160.45298991727142,165.31463623046875,1328500,162.14317626953124
2023-01-26,167.70747371440194,171.10682304957066,165.91284665222028,170.9359130859375,2996400,164.99559326171874
2023-01-27,168.53359212504878,173.7085740075818,168.15376803504537,172.37921142578125,2078900,167.47199401855468
2023-01-30,170.2902066881112,173.51864581834363,169.81543750620693,170.4231414794922,3948800,168.69689331054687
2023-01-31,173.1863027409378,175.80702342641277,169.01782987580037,175.00941467285156,4265200,170.81246337890624
2023-02-01,174.78153387048826,186.3943840222443,174.53464462265333,184.15347290039062,4468400,174.58023071289062
2023-02-02,185.60627552466607,187.73324679465418,183.09949468341165,186.26145935058594,2815900,177.6453399658203
2023-02-03,182.49177909175046,185.58726891861178,181.1339317074953,181.31434631347656,2654700,179.43236694335937
2023-02-06,178.4277367982679,180.69713264592602,176.69957022124757,177.91497802734375,2059900,180.93073425292968
2023-02-07,178.74110819328945,184.73269299677034,178.51321376825354,183.48880004882812,2270100,182.626611328125
2023-02-08,181.51378425620788,182.45381810416555,177.86755987104553,178.46575927734375,1935600,181.48906860351562
2023-02-09,181.54224489316266,184.26741540288276,179.48174835059308,180.26986694335938,2010600,180.2907501220703
2023-02-10,178.40875220531797,178.6841119397101,175.84500167011734,177.06040954589844,1459700,179.4399627685547
2023-02-13,177.5446914607212,179.7001477521839,176.10140348006846,178.87405395507812,1677700,179.63177795410155
2023-02-14,177.38328520525602,180.8396047722987,176.09191226323964,180.21290588378906,1864700,178.97659912109376
2023-02-15,178.67463819172232,183.78315939733537,178.67463819172232,183.53627014160156,1482400,179.9907012939453
2023-02-16,180.79214245897953,184.03007254106186,180.79214245897953,181.58026123046875,2173300,180.25278015136718
2023-02-17,181.08650447663342,182.04553320268204,177.19339059964398,178.95004272460938,2206500,180.63070678710938
2023-02-21,176.1203816479008,177.74409871714835,171.9519085739922,172.25576782226562,2073800,179.3070495605469
2023-02-22,171.77149036783976,172.80649823294252,167.81191698763956,168.72348022460938,2205800,177.00916442871093
2023-02-23,172.13230859523154,172.64506741101087,168.17273546806965,171.85694885253906,2013400,174.67330017089844
2023-02-24,168.7899425429954,169.0748069637522,166.52054632268306,167.93536376953125,1791500,171.94432067871094
2023-02-27,171.11634212559986,171.46766673965408,168.47661172477703,168.77098083496094,1165800,169.90850830078125
2023-02-28,168.60005910337674,171.60060433610977,167.6410304038498,169.4736328125,1227700,169.35208129882812
2023-03-01,170.2237571679971,171.5151300029805,168.59054992114145,169.84393310546875,900300,169.576171875
2023-03-02,167.2896640965376,172.08483579216673,165.38109717711865,171.51512145996094,1171500,169.50780639648437
2023-03-03,172.22728189092362,173.93643944233148,169.76796639112357,173.72755432128906,1285900,170.66624450683594
2023-03-06,174.72456887777062,175.3512677461059,169.84394171512506,170.85995483398438,1088700,171.08403930664062
2023-03-07,171.3062246896802,171.68603425076188,167.27068652576156,168.44810485839844,1330900,170.87893371582032
2023-03-08,169.37869330184947,173.43321252906966,169.37869330184947,173.30027770996094,2072400,171.57020263671876
2023-03-09,173.68008871117937,175.9589752920233,169.6540402969604,170.75550842285156,1961500,171.41828002929688
2023-03-10,172.7400138522429,172.7874936672178,165.70393124383594,166.21669006347656,2263000,169.91610717773438
2023-03-13,164.28914527302626,168.8469326918694,162.73190280787557,166.10275268554688,2225200,168.96466674804688
2023-03-14,169.31563014794963,171.20667384496525,167.70155168287414,170.7864532470703,2104700,169.43233642578124
2023-03-15,168.4178630720844,169.21057679350412,163.84306183507894,166.75604248046875,2497500,168.1234893798828
2023-03-16,165.332965191536,172.0662440607338,164.42564723288538,171.4263458251953,1886800,168.25765686035157
2023-03-17,171.47409803864184,172.10445081180944,168.28415217193228,169.32518005371094,2933400,168.87935485839844
2023-03-20,169.58304242330397,173.00221121548032,168.6375279030119,172.438720703125,1127800,170.14654846191405
2023-03-21,174.05279955874119,175.56181916867155,170.00327802677805,172.35276794433594,1531800,170.45981140136718
2023-03-22,172.04712334691462,175.02695118408167,168.55154710821904,168.6852569580078,1858200,170.845654296875
2023-03-23,170.6145378516748,176.21127598065846,170.0892438704092,173.86178588867188,2225300,171.3327423095703
2023-03-24,173.29829885258854,173.63258082198743,166.85154472236587,168.61843872070312,2280600,171.19139404296874
2023-03-27,168.9718125028627,170.85331080910385,165.6768077351306,166.37400817871094,2162800,169.97845153808595
2023-03-28,166.11613769982475,166.11613769982475,162.2767478494974,165.42849731445312,2318000,168.59359741210938
2023-03-29,168.95271129217312,171.63648348348477,166.76559660657617,170.9583740234375,2398600,169.0482208251953
2023-03-30,173.25053000103347,175.86743970262535,172.47692189161978,173.4606475830078,2075900,168.9679931640625
2023-03-31,172.59154014314495,178.42704662556054,172.25725819847705,178.10231018066406,2081200,170.8647674560547
2023-04-03,177.19499166549141,177.6438778991637,172.2381520956122,173.80447387695312,1623900,172.35086059570312
2023-04-04,174.30114536223596,174.31069086354464,167.8257395935455,168.207763671875,1644200,172.9067138671875
2023-04-05,166.57456237158036,167.1285073813507,163.63293089208364,165.24700927734375,2191000,171.76444091796876
2023-04-06,164.3683555047701,165.0082537808603,162.34358730724475,162.4582061767578,1930700,169.56395263671874
2023-04-10,161.2356991738711,164.7694722399112,160.5002876595316,164.66441345214844,1746500,166.87637329101562
2023-04-11,166.58413229808383,167.1380773890817,163.93857122117717,164.1582489013672,1589000,164.94712829589844
2023-04-12,165.52400777249355,166.49818812850978,162.15259496531442,162.5728302001953,1726800,163.8201416015625
2023-04-13,162.71605782072356,165.33296751745812,161.89469306724354,164.19642639160156,1648300,163.61002502441406
2023-04-14,164.40652937644063,166.9183800593697,162.84020772669282,164.6071014404297,1492400,164.03980407714843
2023-04-17,163.17451226636086,166.88019205495254,163.17451226636086,166.67007446289062,1218400,164.44093627929686
2023-04-18,168.49424270676585,169.5066193520441,166.708258042861,167.88299560546875,1369300,165.18588562011718
2023-04-19,165.7245587431307,166.7369355489249,164.7026218638552,165.02734375,1196100,165.67678833007812
2023-04-20,158.9721410505207,164.66439124787914,155.906360193064,161.99972534179688,2490700,165.2374481201172
2023-04-21,161.4075972628706,162.48683615653968,158.1030329421682,162.19076538085938,1827400,164.75418090820312
2023-04-24,162.19076649558767,163.0694333296486,160.89186452930605,162.2576141357422,1066300,163.87168884277344
2023-04-25,161.19750550719073,161.19750550719073,155.0181710780584,157.1097869873047,2611500,161.71704711914063
2023-04-26,157.62548449625044,159.53563344085165,156.11647965450177,157.92156982421875,1924500,160.29589233398437
2023-04-27,152.81194515431454,154.58838459966478,148.33264268025346,153.948486328125,4130700,158.68564453125
2023-04-28,153.76701663845367,156.46033411139592,152.36305575545737,156.38392639160156,2969600,157.52427673339844
2023-05-01,156.85190916911213,158.9721761050179,156.37437183351685,158.55194091796875,4321900,156.78314208984375
2023-05-02,165.55262836202826,168.9336006212722,161.17838492685482,163.80484008789062,5403200,158.12215270996094
2023-05-03,164.51157383629422,164.7694480180363,159.4401308439509,160.0322723388672,2363400,158.54429321289064
2023-05-04,159.4783616200991,159.83174915185748,155.43839991481386,156.43167114257812,2363600,159.04093017578126
2023-05-05,157.33898941646308,159.91768783274782,155.008605141221,159.32554626464844,2405200,159.62925415039064
2023-05-08,159.4305964520125,160.78681521249177,158.0361956929468,160.5002899169922,1306500,160.0189239501953
2023-05-09,157.96933434658337,158.380024006163,155.93503534121163,157.6732635498047,1963000,158.79260864257813
2023-05-10,160.02276691780557,160.64355963580383,157.32944930198576,157.77833557128906,1490300,158.3418212890625
2023-05-11,156.53670816092773,158.69518590526445,153.98666093867845,156.0114288330078,1471000,158.25777282714844
2023-05-12,156.9474141558815,157.8260810580614,155.08502156032176,157.15753173828125,1020600,157.824169921875
2023-05-15,157.15753870143877,160.6149043178312,156.67044129643836,160.38568115234375,1448200,157.8012481689453
2023-05-16,159.69802229871368,161.06377191329685,158.33225811084938,158.43731689453125,1279000,157.9540588378906
2023-05-17,160.26152918561343,164.01496556496016,159.91770172868007,163.55653381347656,2081100,159.1096984863281
2023-05-18,165.11328249095394,167.9689458890907,164.40652212198887,167.74928283691406,2910600,161.45726928710937
2023-05-19,168.77121860507575,169.04818379339795,166.29756461398796,167.09983825683594,1988000,163.44573059082032
2023-05-22,166.3739960117139,170.07014470366434,165.74364326446255,169.40158081054688,1485400,165.24891052246093
2023-05-23,168.3987616074159,169.40157828558057,166.41220467717096,167.1953582763672,1832900,167.00051879882812
2023-05-24,163.61383306267172,163.9576605135149,157.95979298358148,159.03903198242188,3235200,166.09701843261718
2023-05-25,157.59686230600835,164.1582350428505,155.92548167321831,163.64248657226562,2833300,165.2756591796875
2023-05-26,166.1447655679382,174.37750305166082,165.57171504160715,173.04039001464844,3605700,166.46376953125
2023-05-30,176.6887880128795,178.19780751875618,172.3336504887194,173.8904266357422,2217300,167.36153869628907
2023-05-31,172.57244400796665,173.89045171261046,169.89823202422227,171.0538787841797,5289800,168.13324279785155
2023-06-01,172.08534679122948,174.74046777732778,168.9145064696204,172.86851501464844,2388900,170.89913940429688
2023-06-02,175.00788064997073,175.7241866232991,170.64318259064763,173.44155883789062,1547500,172.85895385742188
2023-06-05,173.6612385922366,173.8140540454698,167.4341473191788,168.62799072265625,1894500,171.97647399902343
2023-06-06,167.57740012243409,173.69941739327052,166.81333750774257,173.1168212890625,1688100,171.8217529296875
2023-06-07,174.3011124635379,181.38776416394654,174.00504167272214,178.0736541748047,2225600,173.2257080078125
2023-06-08,178.82815149079056,180.3371709231249,177.86351693580514,179.03826904296875,1622000,174.45965881347655
2023-06-09,180.6046241946267,181.63609200384772,175.99161183396356,176.68881225585938,2013000,175.1091094970703
2023-06-12,178.5989676887597,181.19677202100434,176.80342260148623,180.84339904785156,2831400,177.55219116210938
2023-06-13,182.6332415927522,189.94049239344247,182.45079804731932,188.625,3564400,180.65382690429686
2023-06-14,188.14490041472774,191.61128398555988,186.37810484750088,187.90484619140625,3289500,182.62006530761718
2023-06-15,185.24501764208392,189.22031448664453,184.77450614982067,187.96243286132812,2454600,184.40489807128907
2023-06-16,190.31494889321712,191.25595716604204,187.7127698154398,189.9788818359375,4520100,187.0629119873047
2023-06-20,187.53992678434403,190.0364961376148,185.5810911061698,187.6263427734375,2022100,188.41950073242188
2023-06-21,186.51251279862925,188.02965707067685,185.07218762726393,185.5906982421875,2077200,187.81264038085936
2023-06-22,183.785499457262,187.7992135141486,182.93090704577185,186.9062042236328,1473300,187.6129119873047
2023-06-23,182.92130923950435,184.29441229702041,181.00087554670117,181.18331909179688,1886400,186.25708923339843
2023-06-26,182.43157916475943,187.49191070930314,181.98987302859007,184.55364990234375,1438500,185.1720428466797
2023-06-27,184.36163572506516,192.52347897331023,183.1709615530454,192.35064697265625,2192500,186.11690368652344
2023-06-28,189.0666776048482,191.8705234883251,188.58656921615966,189.70042419433594,1511500,186.93884887695313
2023-06-29,189.68118414823962,192.51383489087144,187.36707323570567,191.8128662109375,1613300,187.92018127441406
2023-06-30,194.82798565378053,197.78545519840992,192.95556579727295,196.53717041015625,2521500,190.99095153808594
2023-07-03,197.36293849134864,200.33001929612453,195.50013035909444,198.8896942138672,1089200,193.85816040039063
2023-07-05,196.84444238666433,198.46721110964342,194.53992794625034,195.56735229492188,2368400,194.50150146484376
2023-07-06,192.50425920193322,196.49876459059078,192.0721645739873,196.239501953125,2721300,195.80931701660157
2023-07-07,195.4329045564194,199.39860423175566,195.4329045564194,195.9418182373047,1847800,196.635107421875
2023-07-10,197.9486681685052,202.67294725764367,197.67021177040982,202.04879760742188,3146400,197.73743286132813
2023-07-11,202.41369734472073,203.07624925800334,199.60025459946553,202.55772399902344,1588300,198.47103881835938
2023-07-12,205.72643597081256,206.25455810668748,202.22165074029238,203.4315185546875,2568100,200.0438720703125
2023-07-13,204.06526105684065,208.20379276805403,203.94042819491494,207.9061279296875,2061300,202.377197265625
2023-07-14,207.11874578142346,208.05975407456566,202.95140868862057,204.08445739746094,1971000,204.00572509765624
2023-07-17,204.08446091573643,212.44795522703512,203.52754809613432,210.88279724121094,2474900,205.77252502441405
2023-07-18,210.15302663189306,215.47262067993452,209.69212672039075,214.76206970214844,2130700,208.21339416503906
2023-07-19,214.1955688663309,215.3958398677738,211.43013979044787,211.5165557861328,2207400,209.8304016113281
2023-07-20,208.15579315853083,209.91299163057516,202.02960539113812,203.5179443359375,3362000,208.95276489257813
2023-07-21,205.63039964394088,207.72367966070024,204.67979449175706,204.81422424316406,5324200,209.09871826171874
2023-07-24,204.49734307566177,206.02408404732432,201.76071973632872,202.49049377441406,4983500,207.42025756835938
2023-07-25,210.28746700978184,213.3217554383052,207.8677167115643,211.14205932617188,3839200,206.69625549316407
2023-07-26,209.30803860787424,211.79501107277088,207.11874563660788,209.78814697265625,2204200,206.35057373046874
2023-07-27,214.34916025329872,216.59607836614708,210.40266920670717,212.96644592285156,3403400,208.24027404785156
2023-07-28,216.34641293080017,216.4712457849333,211.8526060029279,214.4259796142578,1994200,210.16262512207032
2023-07-31,214.51242014378818,216.24081325680538,213.22573319088733,214.109130859375,1494900,212.4863525390625
2023-08-01,212.60159236141618,215.39582659703885,212.20789998077973,214.5892333984375,1308700,213.17578735351563
2023-08-02,211.32451424200053,211.58377687943394,207.34921729225204,207.79090881347656,3372000,212.77633972167968
2023-08-03,204.55496413681402,209.07759127834356,203.35469325179224,207.35879516601562,2484300,211.6548095703125
2023-08-04,202.01998833077968,207.06112594099622,201.08857697160968,205.19830322265625,2888600,209.80927429199218
2023-08-07,207.40682577766424,210.2106570345973,205.49598909888056,210.02821350097656,1524200,208.9930908203125
2023-08-08,206.44660447444343,208.84714638693697,204.77582202871972,208.26141357421875,1862400,207.72752685546874
2023-08-09,208.73190586097283,209.98017581923625,205.6112016618269,205.84164428710938,2069400,207.33767395019532
2023-08-10,209.03919419157168,209.91299499499544,202.57693923742048,203.5467529296875,1750600,206.57526550292968
2023-08-11,200.89654012901673,200.89654012901673,194.83757506665256,196.0762481689453,2703800,204.7508544921875
2023-08-14,195.02004974711107,199.10097139416797,194.50152443874228,199.00494384765625,1757300,202.54620056152345
2023-08-15,196.9116500263463,197.30532774666662,192.85953429121554,193.71412658691406,1944000,199.6367431640625
2023-08-16,194.36707972196905,194.88560499047426,188.00083775343037,188.91305541992188,2400400,196.251025390625
2023-08-17,189.94046421243667,190.36296190722862,185.90755697879882,186.79095458984375,1970200,192.89986572265624
2023-08-18,184.88974138926494,189.9212678704951,184.74570008318886,188.74981689453125,1989300,191.43457946777343
2023-08-21,188.74982432847366,194.4919167179618,188.74982432847366,193.59890747070312,1946300,190.3533721923828
2023-08-22,195.64415602375192,196.16266660399216,190.6606289198985,191.7168731689453,1428500,189.95392150878905
2023-08-23,185.80195564404457,194.23265819570184,185.80195564404457,193.099609375,2256800,190.79123229980468
2023-08-24,195.18325200513314,195.20244578980794,185.54266816704506,186.1092071533203,2888100,190.6548828125
2023-08-25,187.0598153474083,189.05706786686554,185.40824143039066,188.39451599121094,2358800,190.58382263183594
2023-08-28,189.65242668367753,192.82114525101946,189.65242668367753,191.3040008544922,1456600,190.12484130859374
2023-08-29,189.40272983271709,197.7662231075852,189.40272983271709,196.998046875,1683400,191.1810760498047
2023-08-30,196.79642863055946,198.08311561568541,194.31906754848006,197.68943786621094,1962200,192.0990417480469
2023-08-31,197.10368727315375,199.533034366332,195.2984751779563,197.53578186035156,3461000,194.3843566894531
2023-09-01,199.1681579320334,201.79915712022472,197.15171153385316,201.60711669921875,1583400,197.0268768310547
2023-09-05,200.5604648589959,202.19284503077145,199.08173753306647,199.31219482421875,1443500,198.628515625
2023-09-06,198.899302456105,201.58791236008585,197.305339091033,199.5234375,1582900,199.13359375
2023-09-07,195.682549987231,197.10368121719858,194.06939300412455,195.893798828125,1847200,198.77446594238282
2023-09-08,195.89381526232637,197.32454350445644,193.87736886427672,194.97201538085938,1220100,198.26171264648437
2023-09-11,196.70999380921788,196.9404510919174,192.75390569254623,195.4040985107422,1101800,197.02110900878907
2023-09-12,193.80603794051675,197.06782825364215,192.34885499965316,192.52255249023438,1301700,195.66318054199218
2023-09-13,192.18480102306734,197.12574104566437,192.18480102306734,193.39108276367188,1897600,194.43670959472655
2023-09-14,195.4562200342777,196.30544702009698,191.9628331200773,195.60098266601562,1293900,194.37814636230468
2023-09-15,194.7710595007106,195.3114713166725,189.47306526364292,190.47669982910156,4381800,193.4790832519531
2023-09-18,189.97486577393508,192.8023826060715,189.64676073251405,192.3198699951172,1483800,192.86223754882812
2023-09-19,191.76017133818408,192.59973858240187,189.5020010923405,192.1751251220703,1307800,192.79275207519532
2023-09-20,193.38142256304494,194.40434704240297,187.92903541547,188.14134216308594,1131700,191.74280395507813
2023-09-21,186.77095623098592,189.3475862730789,186.2884436684406,187.21487426757812,1711800,190.06558227539062
2023-09-22,188.70105167873228,192.00145135515302,187.70707673982184,189.90733337402344,1523200,189.951708984375
2023-09-25,188.72999331573695,191.33555851955413,187.89041134358683,191.1907958984375,1045400,189.72589416503905
2023-09-26,190.10998363313175,190.6214458628663,187.27280690208042,188.1702880859375,1538600,188.9249267578125
2023-09-27,190.1389404740714,191.33557718986586,187.34037289413416,189.8204803466797,1156400,189.26075439453126
2023-09-28,190.1968508254592,195.65889807390602,189.26077501794688,193.51654052734375,1198200,190.52108764648438
2023-09-29,195.6781844437285,196.28614037039333,191.80842356191306,192.9278564453125,1170500,191.12519226074218
2023-10-02,193.7577769154949,195.36936738583591,190.61179976517337,193.18841552734375,1227700,191.52471618652345
2023-10-03,190.9784900201366,194.4332821628881,187.30174619415527,188.3729248046875,2468300,191.56524353027345
2023-10-04,188.92301748785053,191.8952973422307,187.77463496171293,191.2583770751953,1610000,191.85282287597656
2023-10-05,191.4513735881273,192.1365480477516,186.10513976806473,188.61419677734375,1415800,190.87235412597656
2023-10-06,187.40792725494978,193.76744102276382,185.41997731327598,192.05935668945312,1837400,190.6986541748047
2023-10-09,189.88802065908718,191.943514407871,187.6974092405479,191.1907958984375,860100,190.29913024902345
2023-10-10,191.90491018285385,196.8651390784735,191.28729464925937,194.69383239746094,1216700,191.5633117675781
2023-10-11,194.78071930476915,197.73369461366653,194.54912263747914,196.3440704345703,1646200,192.58045043945313
2023-10-12,197.19326241310674,198.93031086417326,193.4875688675763,195.2825164794922,2120800,193.91411437988282
2023-10-13,195.29217838134932,195.4272813434296,186.46220218262619,187.6974334716797,2439100,193.04172973632814
2023-10-16,188.92302388995523,193.24633349505095,188.18959517271446,192.7927703857422,1963800,193.36212463378905
2023-10-17,190.4187901001469,193.23666207352264,187.65881728596597,190.80479431152344,1274900,192.58431701660157
2023-10-18,187.69743755802506,188.7782612781978,183.93384444305306,186.44290161132812,1908700,190.6040832519531
2023-10-19,187.03154632628372,187.2631576934925,180.5562349724409,181.35719299316406,3027800,187.8190185546875
2023-10-20,181.05802425255592,181.93620072314587,177.95064191440386,179.26307678222656,2155000,186.13214721679688
2023-10-23,177.47780341922115,179.56226156557062,174.83362884143799,175.9723663330078,1700500,182.76806640625
2023-10-24,176.52243885472262,177.97962186189568,174.55379357962903,177.1883087158203,2337300,180.04476928710938
2023-10-25,174.39936431567563,175.05557441746032,169.0820804905084,169.7865447998047,2923600,176.7134979248047
2023-10-26,172.24738351455764,178.8095442474994,171.19549467064255,173.2799530029297,3048600,175.09804992675782
2023-10-27,174.67921240344612,175.59599815635443,171.34023333799524,172.86497497558594,1448100,173.81842956542968
2023-10-30,166.37035414852954,166.94937521272465,161.36188526124636,164.22799682617188,4475200,171.4695556640625
2023-10-31,164.81666633048053,166.81427579162636,162.05669335295622,166.39930725097656,2588800,169.31175537109374
2023-11-01,165.5694044104696,166.64056840019452,161.6417442143391,166.48617553710938,2889100,168.65168151855468
2023-11-02,168.8794331384234,172.12191884368585,167.24853797095346,171.37884521484375,2472700,168.2714599609375
2023-11-03,173.5405183041206,177.32341608014954,172.67198661477914,175.2003631591797,3690000,168.73853759765626
2023-11-06,176.11710569490887,177.969952382329,174.12915606335758,176.4066162109375,4400000,171.17426147460938
2023-11-07,172.01573845926802,184.79267715274,171.9578393044447,179.3016815185547,4285000,173.754736328125
2023-11-08,174.1870652160706,178.20157396505087,173.81070594117352,176.93739318847656,2521700,175.84497985839843
2023-11-09,177.96029955351725,178.095402491668,173.3571252552613,174.0229949951172,2662100,176.37380981445312
2023-11-10,176.85054113559647,181.27035902549514,174.40902816712173,180.1412811279297,3055900,177.36199340820312
2023-11-13,178.52966696974016,178.8963812679855,175.59599675912642,178.37525939941406,1845400,177.75572204589844
2023-11-14,184.33914807904864,188.95196811405222,183.518870634386,188.07379150390625,2876700,179.51014404296876
2023-11-15,189.55991954305864,195.56237830657508,189.55991954305864,193.7288360595703,2807500,182.8684326171875
2023-11-16,193.3717602622887,195.96768048650864,192.62868671229884,193.77706909179688,2333200,186.81924743652343
2023-11-17,193.9025259918935,195.1281122429617,192.04003423545527,193.9121856689453,1658800,189.57342834472655
2023-11-20,193.9700852988386,197.61787975480735,193.7674235067881,196.22824096679688,2086600,193.14402465820314
2023-11-21,194.9351093434884,195.3500631517573,191.55752081525964,193.42967224121094,2312900,194.21520080566407
2023-11-22,194.81932322262776,197.81089298564885,192.30060645910035,192.59976196289062,1501100,193.98938598632813
2023-11-24,192.06897561386907,193.75776981266216,191.53820877779646,193.120849609375,835000,193.85814208984374
2023-11-27,192.08829015095023,193.9990361342611,191.07501063438076,192.6769561767578,1023200,193.61109619140626
2023-11-28,193.0050622594908,194.81931455676767,191.4224213379677,193.0340118408203,1263500,192.97225036621094
2023-11-29,196.61426286608378,200.53226328671198,195.1763698465182,197.18362426757812,2149200,193.72304077148436
2023-11-30,198.00388656245337,198.33200635981228,194.70350176052148,196.94236755371094,2269500,194.59156188964843
2023-12-01,196.8651689194302,199.31632679849272,195.3500720709642,198.4864044189453,1363000,195.6646728515625
2023-12-04,196.92305711997187,199.26807621742614,196.29579657534566,199.06541442871094,1638500,196.94236450195314
2023-12-05,197.4152379414727,199.13298184316545,195.591325939833,198.63116455078125,1936900,198.06179504394532
2023-12-06,201.24636382090685,202.98341225619555,198.19689515130784,198.71800231933594,2052500,198.36867065429686
2023-12-07,200.53225988861954,205.69513639834327,199.58653921952188,204.2958526611328,2487800,199.83936767578126
2023-12-08,204.03527085745696,209.63241995944924,203.42731499486501,208.0111846923828,2609700,201.74432373046875
2023-12-11,208.86041995387146,214.1391095568217,208.40687160706332,212.83633422851562,2936800,204.49850769042968
2023-12-12,212.90808128567042,214.94400072897938,212.08401513168084,212.44273376464844,1847200,207.2608215332031
2023-12-13,212.6172329884569,216.2527928470251,210.89155509237366,214.57559204101562,2001600,210.43233947753907
2023-12-14,216.97990228927267,226.13182056678653,216.19462373587737,225.57920837402344,3894400,214.6890106201172
2023-12-15,227.99322536808387,230.99862739939877,225.69555629855395,225.8215789794922,3936700,218.25108947753907
2023-12-18,226.08334442830042,226.72320650899218,220.33431958215726,222.33145141601562,2531800,220.15011291503907
2023-12-19,223.3784791788632,224.22192426840613,221.64309712024308,222.37991333007812,1722300,222.137548828125
2023-12-20,221.5849467246021,222.9325269835821,215.88438414752915,216.09767150878906,2483900,222.44196472167968
2023-12-21,220.04345669048547,222.85495018271675,219.60719249936403,222.25387573242188,1905500,221.7768981933594
2023-12-22,223.85353136601137,225.06538464277222,220.81906082033117,221.96304321289062,1033500,221.00519104003905
2023-12-26,222.98097206940957,226.1608734441665,222.37019336863563,224.8714599609375,1159900,221.51319274902343
2023-12-27,225.73431436075813,226.76196350126924,223.61114520024233,225.01690673828125,919200,222.04059143066405
2023-12-28,226.05424555389257,226.24813910624923,223.60145587341304,224.01834106445312,946400,223.62472534179688
2023-12-29,224.0183408007568,224.88117968188854,220.7802578283803,222.67074584960938,1105200,223.70809936523438
2024-01-02,220.32461667483545,220.32461667483545,211.89982506523356,214.43016052246094,2668500,222.20152282714844
2024-01-03,210.94003327714603,211.58958486673876,207.54684405820635,209.48580932617188,1923900,219.1243927001953
2024-01-04,198.07501110315218,204.1148842745617,197.8908070204304,201.4197235107422,3880700,214.4049560546875
2024-01-05,201.64270057045482,202.58309991914203,198.41432158884797,199.4419708251953,2246400,209.48968200683595
2024-01-08,200.97375368436622,206.5288850543903,200.93496609471822,205.69512939453125,1923600,206.0945587158203
2024-01-09,201.77842640236284,206.56767300624404,201.3809349699948,205.24917602539062,2023300,204.25836181640625
2024-01-10,205.3945768846258,206.02473463484472,200.8573907864077,204.8419647216797,1759400,203.3295928955078
2024-01-11,204.5511321296031,206.00535598005155,200.98342859074205,205.03587341308594,2138900,204.05282287597657
2024-01-12,204.85168497541622,205.73391772896352,201.2355188670309,202.728515625,1247700,204.7101318359375
2024-01-16,204.26028476656452,205.25885062887642,200.0139463818515,202.61216735839844,1749600,204.09353942871093
2024-01-17,199.6455537819632,199.71342466774743,195.42831315636275,199.20928955078125,2146700,202.88556213378905
2024-01-18,204.27970841637367,206.18957574617082,202.58311367318188,205.15223693847656,3148700,202.94761657714844
2024-01-19,206.8294210746479,212.75296054543355,205.9762864181712,211.69622802734375,2750100,204.2796875
2024-01-22,212.92747487966406,216.1946266107875,210.71705566547956,212.1615753173828,2445200,206.16629943847656
2024-01-23,213.62547237230893,218.00752257161633,212.7529292563157,217.09620666503906,2485100,209.0631072998047
2024-01-24,215.93283108736946,218.00752302647095,212.94682323978935,214.92457580566406,2798800,212.20616455078124
2024-01-25,216.18492170853247,217.05745009660677,211.18238814097734,212.71417236328125,2552700,213.7185516357422
2024-01-26,211.46354738923532,212.26821975061185,207.8182980110094,208.5550994873047,2424400,213.09032592773437
2024-01-29,210.30984515560152,210.9303281969271,206.78092922027676,210.8333740234375,1828000,212.8246856689453
2024-01-30,208.971969509278,210.6200869085092,207.69224542482775,208.6035614013672,1708200,211.12615661621095
2024-01-31,206.38345378088275,208.74899361337393,203.34896860966398,204.14395141601562,3150700,208.97003173828125
2024-02-01,205.22976641548507,207.5080415658444,203.0484306456834,206.5094757080078,1968600,207.72909240722657
2024-02-02,203.7464593274376,208.9816592590449,203.45561159943054,208.42906188964844,2136300,207.70388488769532
2024-02-05,211.69621251146128,216.60179190089804,211.3471981979413,214.27503967285156,4119400,208.39221801757813
2024-02-06,214.23626680557214,218.54077203701993,212.16157457519597,216.1946258544922,3949300,209.91043090820312
2024-02-07,218.13359129742378,218.13359129742378,211.93859789630218,214.61436462402344,2789000,212.0045135498047
2024-02-08,214.68221958285727,221.86608887368098,214.68221958285727,220.87721252441406,2815200,214.87806091308593
2024-02-09,222.85496472934688,226.52931213676686,221.36196800617907,226.42266845703125,2621400,218.4767822265625
2024-02-12,226.85893175579233,233.89737021038087,225.9864033201377,229.45713806152344,2787800,221.51320190429686
2024-02-13,223.07795680008832,227.08190996173337,221.13899155990723,224.9878387451172,2723700,223.27184448242187
2024-02-14,226.8201446533203,228.27436848310538,225.33682273726015,226.8201446533203,1824900,225.71300048828124
2024-02-15,228.23559610885738,230.86290051209085,226.88801586183143,227.333984375,2078400,227.00435485839844
2024-02-16,227.34367428033082,229.46684358400756,224.24133285645354,225.07508850097656,1476100,226.7348388671875
2024-02-20,222.9810027256741,225.11386153225004,220.37309210950332,224.28981018066406,2140300,225.7013732910156
2024-02-21,223.00041070073635,228.16775517201535,222.66108584471516,228.138671875,1639800,226.3315399169922
2024-02-22,234.1009523622062,235.00256403235016,229.8740078555459,232.19107055664062,3173300,227.40572509765624
2024-02-23,233.47079489372246,233.96522566891178,230.2521057256137,231.5609130859375,1817800,228.25111083984376
2024-02-26,233.02484044391042,237.52323915703684,232.82124258708407,236.35015869140625,1596000,230.5061248779297
2024-02-27,238.37635776206514,245.11425806334842,237.52320844283662,238.23092651367188,2438300,233.29434814453126
2024-02-28,235.69091765697183,238.36668433218554,234.61479136929654,236.53436279296875,1489200,234.973486328125
2024-02-29,240.3735042159742,242.66148361048963,238.16308520011873,242.10887145996094,3374700,236.95704650878906
2024-03-01,244.19329714791294,251.17355454853572,242.65180847564903,249.6514892578125,2444700,240.57516174316407
2024-03-04,251.57103099038815,251.57103099038815,245.98681652695205,246.5394287109375,2667600,242.6130157470703
2024-03-05,244.02848896023477,246.52005172547484,239.25862121397986,240.87767028808594,2319800,243.14236450195312
2024-03-06,244.37747179991126,247.56706285851624,242.7002563488832,243.58248901367188,2527800,244.55198974609374
2024-03-07,245.97709646240327,256.1954501045885,245.4438781387948,251.13475036621094,2942200,246.35716552734374
2024-03-08,251.98793128271882,254.88667479915514,244.10601819048745,244.3386993408203,2482000,245.29460754394532
2024-03-11,242.98142922122807,246.54911809512433,242.09919650324494,245.56024169921875,2020500,245.09877014160156
2024-03-12,248.37174931813593,250.11680616122328,244.0478504191257,249.6029815673828,2104300,246.84383239746094
2024-03-13,245.94805953477174,246.58792164372156,242.52578691238605,243.3207550048828,2457700,246.79148559570314
2024-03-14,242.70997711944113,243.67945972859707,233.95555034221346,236.2919921875,3520100,243.82293395996095
2024-03-15,227.333998480206,232.0068972955414,225.88946396451922,230.29090881347656,5827300,241.01337585449218
2024-03-18,232.8406377984449,234.60510325791014,229.09843431395964,229.3989715576172,2236700,237.78112182617187
2024-03-19,227.7411649127847,230.8822791215434,226.41296366931493,229.1663055419922,2172300,233.69378662109375
2024-03-20,229.3746559587903,235.3724007152171,228.37178808459515,234.91477966308594,2102500,232.01259155273436
2024-03-21,240.1530430064663,243.3953300234306,238.11809878251694,239.6272735595703,2926600,232.67964782714844
2024-03-22,237.91365764391585,240.66910040910102,236.91078974610423,237.89418029785156,2236400,234.20030212402344
2024-03-25,234.55450889137126,236.13184698918536,232.3248357315445,234.00926208496094,1703500,235.1223602294922
2024-03-26,235.81055899035914,236.9205300486678,232.5001083053795,232.76300048828125,1443100,235.84169921875
2024-03-27,235.86895441051365,239.65648831637088,234.14557337006988,238.9749298095703,1631200,236.6537292480469
2024-03-28,239.41307661450713,241.769330258278,238.54652046098454,241.24356079101562,1731400,236.97698669433595
2024-04-01,241.83750667703382,245.23556819574043,238.3907443640883,239.79281616210938,1478200,237.3567138671875
2024-04-02,237.39762721273968,237.39762721273968,233.28878361280647,234.42796325683594,1607900,237.4404541015625
2024-04-03,232.7922029717067,237.87470580451094,231.73091787983674,237.45603942871094,1061600,238.37906188964843
2024-04-04,240.71777803756262,241.55512560708215,231.70169851304527,232.87008666992188,2501000,237.15809326171876
2024-04-05,233.92164537879512,235.15819684207156,232.55852830996724,234.66162109375,1617400,235.84170532226562
2024-04-08,235.77157249090232,239.7246413755407,235.54763503182787,238.46861267089844,1188100,235.57686462402344
2024-04-09,240.69830853852383,245.32318995313955,239.88042348135636,245.1966094970703,1706200,237.7305938720703
2024-04-10,240.23093550311344,241.96404772841862,233.87294197679336,234.72976684570312,2028200,237.18533935546876
2024-04-11,236.45316868319657,238.44915837735667,234.18454071472252,237.89418029785156,1736500,238.19015808105468
2024-04-12,233.30821418960332,234.54476554115527,226.6289114421094,227.45652770996094,2597800,236.74913940429687
2024-04-15,231.23433103446047,231.2440622780866,222.3740262844296,224.04872131347656,2304200,233.8651611328125
2024-04-16,225.51897140404458,226.4244823151202,221.9748520034309,224.60372924804688,1652700,229.7465850830078
2024-04-17,224.98345924944581,225.36318577823397,219.89121046630666,220.94276428222656,1970900,226.9891845703125
2024-04-18,216.15238072580217,217.4960354142398,211.6248705857772,213.5721893310547,3494900,222.12478637695312
2024-04-19,213.5721722780193,214.53608547157407,207.40890715850892,209.45358276367188,2760700,218.52419738769532
2024-04-22,212.91004557413214,214.39974289226532,208.68436840840616,212.9003143310547,2230200,216.29451599121094
2024-04-23,213.25085587034138,220.91354951337436,213.0853355785105,219.66726684570312,3024100,215.30722351074218
2024-04-24,229.25782693605507,231.42908303048625,226.20053730671205,228.848876953125,3810700,216.88844604492186
2024-04-25,230.62094184133565,233.27902756406434,227.59286083129507,231.80880737304688,2052400,220.5357696533203
2024-04-26,230.70855766835768,237.85521303959902,230.16331086225966,236.30709838867188,2059400,225.9064727783203
2024-04-29,236.35578996724607,241.40908400214002,235.75212596848732,240.62042236328125,2976300,231.45049438476562
2024-04-30,250.93148531557281,254.2711297074656,243.9113949645077,249.44178771972656,4800100,237.4053985595703
2024-05-01,246.6765748060536,251.40854445771882,240.0556889916954,242.8598175048828,3538400,240.20758666992188
2024-05-02,246.7642139157937,248.66284656823944,238.7412559825742,247.56260681152344,2317200,243.35834655761718
2024-05-03,254.1250805842758,255.20582815865583,250.33753159573865,251.0580596923828,2513200,246.30853881835938
2024-05-06,252.4309342639859,253.6285162556463,249.9091600964038,252.7911834716797,2213600,248.74269104003906
2024-05-07,253.70642942273076,255.0987551919115,251.5254122264434,251.8369903564453,1605300,249.22173156738282
2024-05-08,248.84783324734929,253.4337748583095,248.84783324734929,253.35586547851562,1636500,251.32094116210936
2024-05-09,253.64800381361036,254.98191235333073,251.2819890383205,253.9303436279297,1777800,252.59448852539063
2024-05-10,255.5855834794422,257.0460725278961,253.32668661987256,254.83587646484375,1072300,253.3500518798828
2024-05-13,257.0363529818912,259.60682823533045,256.07243961871586,256.9779357910156,1395200,254.18740234375
2024-05-14,257.72762647377175,261.3593566160907,256.98763590347204,260.6096496582031,1618400,255.94193420410156
2024-05-15,263.0437976186684,265.1176966626663,260.69727516174316,264.8353271484375,2231500,258.2378265380859
2024-05-16,263.9590428296143,266.1692387491739,262.44985308262443,262.5082702636719,1550100,259.9534118652344
2024-05-17,262.6154095834364,263.06328457911155,258.75972675229445,260.6680908203125,1344600,261.11985473632814
2024-05-20,260.93094759364664,267.28894166565334,260.48307263326643,266.3639831542969,1271500,262.9970642089844
2024-05-21,262.16753391149973,268.2334128261989,261.10624875398196,267.1916198730469,1156000,264.31345825195314
2024-05-22,269.70362913265956,272.85827579174014,267.989979236999,271.48541259765625,2185500,265.6434753417969
2024-05-23,272.5077187702923,272.5077187702923,262.57638387864455,265.53631591796875,2327100,266.24908447265625
2024-05-24,270.99858982388116,273.37432098002176,268.2918180592587,269.8691711425781,1319900,268.08930053710935
2024-05-28,269.2654561052685,274.7861171760795,268.8467897553252,272.26434326171875,1503600,269.2693725585938
2024-05-29,267.2110435333131,269.88860643660564,266.1984296064077,266.6170959472656,1696200,269.1544677734375
2024-05-30,264.2706180850691,267.0650154986637,263.1119611505947,264.28033447265625,1785300,267.7134521484375
2024-05-31,264.66980170523925,266.68528364282054,257.2602684915724,264.9327087402344,3065100,267.5927307128906
2024-06-03,268.3600297722471,270.2099769011223,258.1268587992539,262.82965087890625,1273300,266.18482666015626
2024-06-04,260.4246558883823,264.0953407768096,258.6428724315923,259.28546142578125,1783800,263.58905029296875
2024-06-05,262.946413796753,268.80783176517104,261.6903850486198,268.4378662109375,1692900,263.9532043457031
2024-06-06,267.39604473815643,267.92182905330634,264.3679490177491,264.8450622558594,1438300,264.06614990234374
2024-06-07,265.60452839281817,269.70362572020315,263.6669261832145,264.7282409667969,1211300,264.02525634765624
2024-06-10,261.10620140601594,270.0151771660633,260.98933734219156,269.55755615234375,1353600,265.37083740234374
2024-06-11,269.4991746726557,271.02779724060576,264.7087576878692,270.609130859375,1123000,267.6355712890625
2024-06-12,274.57191446666326,279.31363036300894,272.2253920575248,275.53582763671875,1653600,269.05516357421874
2024-06-13,265.8365338490785,273.04798397172704,265.7876877464729,269.1784362792969,1382700,269.9218383789063
2024-06-14,263.8333845837935,266.18834540984403,260.18856449839467,262.70965576171875,1680300,269.51812133789065
2024-06-17,262.3188168915964,265.43596208906297,258.11700774820565,265.06463623046875,1702700,268.6195373535156
2024-06-18,264.59555068677986,266.9798249779811,263.2079694895429,265.2013854980469,1649900,267.53798828125
2024-06-20,263.4522517178266,264.1460572058597,257.24730584281747,258.6348571777344,3003900,264.1577941894531
2024-06-21,260.3448988981714,265.5043058199412,258.791217078496,264.83984375,3881400,263.2900756835937
2024-06-24,262.8366765948031,265.5629332775602,260.4719347527306,261.16571044921875,1680600,262.9812866210938
2024-06-25,264.1363262182841,265.1525817721755,260.5892278402721,263.7552490234375,1435300,262.7194091796875
2024-06-26,262.856196176455,264.6737005424611,259.7488326871433,262.045166015625,1693200,262.0881652832031
2024-06-27,262.0842324084836,263.5695355842987,258.371034110095,258.95733642578125,1489100,262.1526611328125
2024-06-28,261.33181341096457,267.575853664257,259.8074453763311,262.9441223144531,2228000,261.7735168457031
2024-07-01,262.97348142676105,263.61841106383145,256.5339960261684,259.602294921875,1723900,261.46083374023436
2024-07-02,259.60227387627236,266.02219645734385,259.44592459930203,265.8267822265625,1421300,261.87514038085936
2024-07-03,266.1590163174021,268.31853295301755,262.269906287063,266.0710754394531,1084500,262.680322265625
2024-07-05,269.198017678013,269.20779882854185,263.63797037282245,267.2925720214844,1237700,264.3473693847656
2024-07-08,268.09382388087016,271.45525943239335,267.8984096124121,270.8885192871094,1007000,265.9362487792969
2024-07-09,270.9178086012479,271.7874959526553,266.94075732886427,268.6312561035156,1072400,267.742041015625
2024-07-10,270.7516494120453,276.2921632064154,268.7973281868894,275.92083740234375,1233300,269.76085205078124
2024-07-11,277.0348447317618,278.4810235093829,268.191522340589,268.30877685546875,2095600,270.20839233398436
2024-07-12,271.46500225750435,277.4452207626099,269.4422725217843,273.7906494140625,1558800,271.5080078125
2024-07-15,275.43226792119964,279.55588706116964,273.6049822751542,276.31170654296875,1431400,272.5926452636719
2024-07-16,278.87185324932153,284.8129760500873,276.79049658436685,284.13873291015625,1356700,275.694140625
2024-07-17,278.0608445271014,289.3177249796146,269.66703774929965,269.979736328125,4527100,274.50592041015625
2024-07-18,273.53656165940015,279.02819950143225,269.7451737315783,272.8916320800781,2209000,275.4224914550781
2024-07-19,272.6473726143857,273.4975274877499,261.9767942806513,263.1396179199219,2403200,273.29228515625
2024-07-22,269.5595033533301,278.2464752256103,264.8300497233989,277.32794189453125,4005400,273.4955322265625
2024-07-23,254.8337119273797,263.4718077377914,249.32251203055333,256.3092041015625,6654300,267.92962646484375
2024-07-24,254.81415350398876,256.5828117667046,248.40399740033436,248.5896453857422,4060900,263.6516082763672
2024-07-25,244.64193894044664,249.62546417902496,239.8147629830657,241.85702514648438,4244300,257.44468688964844
2024-07-26,245.84384916536933,250.37788898396198,244.85692225726226,247.82748413085938,2111100,254.38226013183595
2024-07-29,251.37458201022096,256.2506042042,248.5017272587437,249.96746826171875,2421500,248.91016540527343
2024-07-30,252.55694144198205,252.55694144198205,244.64194886639902,245.93179321289062,2478000,246.83468322753907
2024-07-31,252.92825605333692,258.4980836201908,249.3616256874564,257.14959716796875,3232300,248.5466735839844
2024-08-01,252.1172340425809,254.65782792845476,235.8865798050373,238.05587768554688,4006600,247.78644409179688
2024-08-02,230.75646811705886,233.45344089683965,225.80227166294884,232.31993103027344,4567000,244.6849334716797
2024-08-05,226.7305785478145,236.45332378115728,223.78933043528144,230.03338623046875,3227500,240.6981170654297
2024-08-06,231.82161746692657,237.46960530602678,228.99762354737643,231.35256958007812,1854900,237.7822723388672
2024-08-07,237.96793481515843,238.93532923820615,223.08578210833443,224.05316162109375,2678100,231.1629852294922
2024-08-08,231.29392511634472,240.34244236569398,227.67843365833443,239.63888549804688,2776000,231.47958679199218
2024-08-09,236.84421008137863,238.33926472700932,233.60002947106318,236.492431640625,1089200,232.3140869140625
2024-08-12,237.15689305524447,237.56729874988156,231.61639381221084,234.67491149902344,2299100,233.24239196777344
2024-08-13,235.94522113383056,242.93191393638097,235.59344269741908,242.34561157226562,2323300,235.44100036621094
2024-08-14,242.1306349962754,243.20551769356194,235.74977703672783,238.07542419433594,1785900,238.24545288085938
2024-08-15,244.89597482067282,248.9414189434008,241.7104367621938,247.46591186523438,2790100,239.81085815429688
2024-08-16,246.23471309508926,249.93814533089093,244.32923793391947,248.62875366210938,1523900,242.23812255859374
2024-08-19,246.80148035987102,252.51787630790048,244.92531873127595,252.3419647216797,1381400,245.771533203125
2024-08-20,250.7198518348818,251.5015982016391,246.78191074813944,248.2183380126953,1516400,246.94607849121093
2024-08-21,250.74918182555533,253.807699452607,245.27709109369232,248.50172424316406,2218600,249.03133850097657
2024-08-22,249.15639871486164,249.53749074189903,238.6323900796411,239.75611877441406,3142400,247.4893798828125
2024-08-23,245.44319733607844,248.4626349832225,242.75600563150087,246.86009216308594,2568300,247.13564758300782
2024-08-26,245.56048072678618,246.2738038449959,242.56059029616551,244.13381958007812,2041900,245.4940185546875
2024-08-27,241.74952640377222,248.72645248927955,240.4303685403382,246.95779418945312,1653400,245.24190979003907
2024-08-28,246.6060254277735,247.583186065722,239.30663426947507,241.27073669433594,1439400,243.79571228027345
2024-08-29,243.62569755550558,248.44309234652553,241.8277106487895,243.0980224609375,1666500,244.46409301757814
2024-08-30,248.97074838887818,251.72633359034356,246.24447681325805,250.5048828125,2696400,245.19305114746095
2024-09-03,245.50185139945268,246.47901206667026,229.56434839249135,230.74671936035156,3464100,242.51563110351563
2024-09-04,228.66533686171402,234.8409987466117,226.77942414128418,233.40457153320312,2492300,239.80498657226562
2024-09-05,230.77603608595544,234.35244775445815,229.31029506544994,231.29393005371094,1976800,237.80962524414062
2024-09-06,230.77602056277155,231.06917172921152,220.52560034782852,221.52230834960938,3035500,233.494482421875
2024-09-09,224.84467162791034,225.79251865164986,221.5516300969674,225.333251953125,2549300,228.46015625
2024-09-10,222.18678281354312,223.69160358253137,216.48015355681147,220.0467987060547,2910900,226.32017211914064
2024-09-11,219.2357658980289,226.04657687937163,215.0730668612716,225.59707641601562,3876600,224.75867309570313
2024-09-12,223.78526262388684,224.99248308894173,218.24976516755407,220.96844482421875,2532900,222.69357604980468
2024-09-13,223.88342298168862,227.5835740444029,222.8332414827601,225.66969299316406,3017600,223.52305297851564
2024-09-16,222.794006475416,226.2291563549929,221.15495104428854,225.74822998046875,1866400,223.60604858398438
2024-09-17,228.04487832363154,230.33169343191815,225.2574882569664,228.26080322265625,1920500,225.24884948730468
2024-09-18,229.04596578985232,234.2183240345201,226.6806312013005,227.22042846679688,2161100,225.57351989746093
2024-09-19,234.2183249764187,237.99699570647542,231.4800264688558,234.29684448242188,3657000,228.23919982910155
2024-09-20,229.0852376549148,229.83115050990529,224.30546186613785,227.58358764648438,6787600,228.62197875976562
2024-09-23,228.63374977054957,229.66429769130033,226.66099773304595,227.56394958496094,1470400,228.98512268066406
2024-09-24,230.2531713846015,234.73848740715673,226.3959814146141,229.41891479492188,1913900,229.21674499511718
2024-09-25,227.2400646435534,230.78317688121007,226.8965436743146,229.63485717773438,1621500,229.6996307373047
2024-09-26,238.13439064656643,239.5967733255084,230.59668313778977,237.75161743164062,2067700,230.39058532714844
2024-09-27,240.6371372454979,242.40378866220195,238.1932831804495,240.3917694091797,2444000,232.9522216796875
2024-09-30,232.99147716776136,235.749409193954,231.84315751500841,235.56292724609375,2898300,234.55201721191406
2024-10-01,234.38515912870994,235.38626404959612,226.13098188835846,227.91726684570312,2440700,234.2516876220703
2024-10-02,228.29025925092583,234.071125340208,226.5530506368576,230.99911499023438,1404500,234.5245391845703
2024-10-03,228.4374543893125,230.55743607800792,226.65116936196802,228.9183807373047,1748100,232.7578918457031
2024-10-04,235.12127641070498,235.2685061002217,227.22042897403546,229.8998565673828,1599700,230.65950927734374
2024-10-07,232.5890762517902,232.6970386992966,227.89764439844686,229.68392944335938,1806100,229.48370971679688
2024-10-08,229.68393611478655,231.80390290984434,228.0841329760138,230.6065216064453,1469500,230.0215606689453
2024-10-09,228.91837270669913,234.4440459734356,228.68281420197513,233.89442443847656,1423700,230.60062255859376
2024-10-10,229.73300183039308,232.08852703636393,228.19208465090634,231.79408264160156,1191500,231.17576293945314
2024-10-11,229.24227512450895,236.28923237398428,229.02635022498131,233.68833923339844,1148200,231.93345947265624
2024-10-14,235.77885277398394,239.22382671763404,233.44296119863435,238.92938232421875,1965200,233.7825500488281
2024-10-15,238.1442121162695,240.03845964393415,225.87582001710447,228.53561401367188,3611900,233.36836853027344
2024-10-16,232.04925705172025,233.43313520748944,228.19208195175605,228.41781616210938,1368700,232.273046875
2024-10-17,234.02203292925174,234.45388272281576,227.79950811560695,227.97616577148438,2062100,231.50946350097655
2024-10-18,231.86281006600456,232.2848355815658,228.13321573247643,229.12449645996094,1187600,230.59669494628906
2024-10-21,226.77877793891963,228.14302257776234,223.11789383199329,225.88563537597656,1585200,227.98794555664062
2024-10-22,225.1691743857957,228.18229887393917,223.42215643295424,227.2302703857422,2173600,227.72687683105468
2024-10-23,231.85297089468932,235.4451596001585,228.7024562739092,231.94131469726562,2957300,228.43157653808595
2024-10-24,234.2575902689784,237.43756304666266,231.1954042448815,234.63055419921875,1593000,229.7624542236328
2024-10-25,236.1616410747401,241.52048145372848,235.6316531135968,238.6545867919922,2140500,231.66847229003906
2024-10-28,234.98388505708607,246.44747900476543,233.71779351756837,245.0734100341797,2812000,235.5060272216797
2024-10-29,245.92727082400086,251.865160208017,244.44523957635337,250.8444366455078,2134400,240.2288604736328
2024-10-30,244.84765137884938,248.7244600973257,240.4604733807161,240.77455139160156,2401900,241.9955078125
2024-10-31,239.95012498780517,239.95012498780517,227.01433905374222,230.15504455566406,3540600,241.10040588378905
2024-11-01,230.1550211834896,235.71996168960453,229.76243865164042,234.1692352294922,2224100,240.20333557128907
2024-11-04,232.92277494612796,234.77775509486014,231.20520017966987,232.5105438232422,2935900,237.69076232910157
2024-11-05,216.4144334428108,220.67401552266784,212.9105735223687,220.48753356933594,5961100,231.6193817138672
2024-11-06,223.90306778809634,229.49745158583394,221.92049143308594,227.0928497314453,3598000,228.88304138183594
2024-11-07,233.35463815574866,234.42445337952654,227.58359642133232,231.74502563476562,3129400,229.20103759765624
2024-11-08,228.8104226081137,230.6457692562376,223.74602680380636,229.55633544921875,2743100,228.27845764160156
2024-11-11,226.70025152449713,227.1321013209438,219.56496548906128,222.833251953125,2715100,226.34299926757814
2024-11-12,221.13530826196418,222.78418792340548,217.7394257654341,220.62493896484375,2528800,226.3704803466797
2024-11-13,217.46461285291863,221.26290216140967,217.33701678587315,218.828857421875,3144700,224.71768188476562
2024-11-14,219.73181374571215,221.15494422817653,217.2683110376033,219.81033325195312,2250100,222.33074340820312
2024-11-15,217.71978007926663,219.8103187387167,212.57686508053393,213.01852416992188,2792700,219.02318115234374
2024-11-18,213.17557892325738,216.33591793799758,212.03706853790874,216.1101837158203,2467100,217.6785675048828
2024-11-19,214.5005712603738,216.50276626898784,213.22465548206907,215.8353729248047,1503400,216.720654296875
2024-11-20,213.17558097514978,216.3849965845763,212.0567041997623,216.2574005126953,2143600,216.20636291503905
2024-11-21,217.99460100183055,222.097144034758,215.7077709712217,220.40902709960938,1769300,216.32610168457032
2024-11-22,222.7939932758337,222.8234362178291,219.56495916980634,222.18548583984375,1584000,218.15949401855468
2024-11-25,225.67951812260796,231.067786094412,223.60861303464316,229.51707458496094,2784900,220.84087219238282
2024-11-26,232.96204626169884,234.33610019681947,222.5486343697645,224.42324829101562,2476600,222.558447265625
2024-11-27,223.86379553910626,225.708966460478,218.73070459685476,222.33270263671875,1520700,223.77350769042968
2024-11-29,223.63805511237652,227.86819409667004,222.5191784089298,225.1200714111328,1606600,224.71571655273436
2024-12-02,224.76673546034905,231.69593537011102,223.95211248987994,229.28150939941406,2796400,226.13492126464843
2024-12-03,226.4352631153302,228.47671035672118,223.8637979790783,224.12879943847656,2572800,225.05726623535156
2024-12-04,226.9848819265048,227.56394642522554,218.41662631037977,219.51588439941406,2352000,224.07579345703124
2024-12-05,219.34234579704378,219.8944704766347,213.3675443733334,213.93939208984375,2297000,222.39713134765626
2024-12-06,215.29997560886235,217.0943958189373,214.55066571078393,215.58590698242188,2302300,220.49029846191405
2024-12-09,214.88589275835213,222.8128688453057,214.14643681971756,220.46632385253906,2149900,218.72726135253907
2024-12-10,221.10717845043874,221.32408672813798,213.9985504903346,214.87603759765625,1716000,216.876708984375
2024-12-11,217.0056829758673,218.800088292619,214.69856893394353,216.74932861328125,2482700,216.32339782714843
2024-12-12,215.50704719616357,216.53241950982815,212.40132313171526,214.6689910888672,1771000,216.4693176269531
2024-12-13,213.08160977178412,215.24082343161206,212.026660498714,213.79148864746094,2855600,216.11043395996094
2024-12-16,214.0577063205788,217.54793174128523,211.77031538937757,215.11265563964844,2884800,215.03970031738282
2024-12-17,217.24230691220558,220.04237665133482,214.55069132008413,215.9408721923828,3592400,215.25266723632814
2024-12-18,216.00002002675535,220.21984755238927,206.34764635462093,207.33358764648438,3610400,213.36951904296876
2024-12-19,209.07868497488448,210.45901165840473,204.06024796127892,204.3560333251953,2734400,211.3069274902344
2024-12-20,202.74896581633814,210.46888790493102,201.8419016368973,207.2843017578125,6139300,210.0054901123047
2024-12-23,207.54064401513207,211.81962565403532,207.54064401513207,211.08016967773438,1737600,209.19899291992186
2024-12-24,211.89850226660252,212.38161891925694,209.3251948733386,212.3717498779297,790900,208.48516845703125
2024-12-26,210.00548639484913,214.32391388699398,210.00548639484913,212.0167999267578,885700,209.42181091308595
2024-12-27,210.33084375342057,211.92806372693516,208.69417770603667,210.75479125976562,1162100,210.7015625
2024-12-30,208.57588012996686,208.97025062300548,203.88279002374944,204.55323791503906,1817900,210.1553497314453
2024-12-31,205.80538936405867,206.54484532822985,203.43912125214885,204.9279022216797,1154500,208.92489624023438
2025-01-02,206.66313770096116,208.6251661254729,202.3447103855096,203.31094360351562,1424300,207.11273498535155
2025-01-03,204.38562484761033,207.18569439676406,202.11795695583726,205.92369079589844,2308100,205.89411315917968
2025-01-06,207.05751967587227,212.87458216675336,207.05751967587227,210.40972900390625,1972700,205.82510070800782
2025-01-07,210.8731114735888,215.8619716048295,208.27022727275587,209.5913848876953,2312200,206.83273010253907
2025-01-08,209.15758253760208,210.32100107102346,204.42506138474417,206.7716064453125,2302600,207.20147094726562
2025-01-10,206.68286888333807,208.34911200156415,203.47855982344774,203.84335327148438,2511100,207.30795288085938
2025-01-13,200.2643773775147,204.29688843288034,199.40661332349083,203.92222595214844,1629700,206.90765991210938
2025-01-14,205.6476405448871,207.68853123654148,203.82364310102005,207.6688232421875,1513400,206.35947875976564
2025-01-15,212.2337143533547,213.6140411708533,210.4886091209736,210.5576171875,3143400,206.55272521972657
2025-01-16,212.2238480558763,212.3914562583201,206.83074836747696,207.79696655273438,1632400,206.75779724121094
2025-01-17,213.3675472183746,214.40278852854604,210.9618481872773,212.33230590820312,1921200,208.4555877685547
2025-01-21,211.97736269788564,213.70275983612424,210.3308426627074,211.8590545654297,3237900,210.04295349121094
2025-01-22,212.16469139935896,216.5521267752611,211.00127294847124,213.05203247070312,2367500,211.11959533691407
2025-01-23,210.6167705668592,216.8183496177465,209.6998524014205,216.7887725830078,2250800,212.36582641601564
2025-01-24,213.40699028251183,214.40280061874168,208.59560699327227,210.429443359375,2777200,212.89232177734374
2025-01-27,211.98722078837255,216.65073368966836,209.39420555492833,212.05624389648438,4526800,212.837109375
2025-01-28,210.99143711874476,212.67740335258372,205.37157474639858,210.429443359375,2446500,212.55118713378906
2025-01-29,210.23224335621634,212.70696546120396,208.76320055816757,210.0153350830078,1739300,211.94384765625
2025-01-30,208.6646066516941,209.76885604336735,203.9025085836987,208.41812133789062,3303700,210.26971740722655
2025-01-31,209.01955166305433,212.81543161426592,205.38142592749625,205.61805725097656,3019600,209.30744018554688
2025-02-03,200.14607147475422,204.16871353433746,195.42341956041957,201.85174560546875,4743100,207.26654052734375
2025-02-04,204.9180272395718,207.04766396526787,196.07413296094236,199.55450439453125,3676500,205.091552734375
2025-02-05,198.9235096038872,211.11961361271432,198.74604739262517,210.24212646484375,4450700,205.13691101074218
2025-02-06,213.45628112878723,217.51835427420804,211.6421528351303,213.77178955078125,2928700,206.2076446533203
2025-02-07,212.44077703412916,214.79717618283453,208.2998265065816,209.9364776611328,2216400,207.07132873535156
2025-02-10,211.18860435297972,212.04638343651303,205.82508175892949,207.09695434570312,2412300,208.12037048339843
2025-02-11,205.39129000536906,210.63648967280352,204.72084212717795,208.0040283203125,1273200,209.81027526855468
2025-02-12,213.35767210257393,218.37612430161684,209.6406845679344,216.70001220703125,3202400,211.1018524169922
2025-02-13,216.1281906852696,218.16908127480434,213.59431442041316,216.50283813476562,2761400,211.64806213378907
2025-02-14,217.69583610136476,223.25654427967442,216.1774781160552,220.98887634277344,3085400,213.8585418701172
2025-02-18,223.60162658366178,230.7990012684405,223.53261851389973,225.6425323486328,4327300,217.56765747070312
2025-02-19,227.27919800553948,243.33032154151013,226.32283371862394,242.12747192382812,5345900,224.39234619140626
2025-02-20,251.41503701339337,251.85870759926874,240.6485595866029,242.40353393554688,4342700,229.53305053710938
2025-02-21,243.73453838749353,244.51342534067285,232.89903884053243,233.19482421875,5304500,232.87144775390624
2025-02-24,233.47088690867454,235.2751611698005,229.59613004120223,229.8721923828125,3129800,234.64811096191406
2025-02-25,231.23279581944573,232.3863452549849,224.8143238183373,225.3467254638672,3033400,234.58894958496094
2025-02-26,226.29324357780874,227.45664705040372,222.21144733846413,226.15521240234375,2630700,231.39449768066407
2025-02-27,225.43546223511677,226.07633307827308,213.41685095801537,213.82107543945312,3573700,225.67800598144532
2025-02-28,215.26056661903544,218.04091327215053,210.62664550099677,212.55908203125,4231700,221.5508575439453
2025-03-03,216.90707240261276,219.65784183769463,210.47873131719442,213.48585510253906,4651800,218.27359008789062
2025-03-04,213.46613719824114,215.04364923499057,207.75754391131323,208.1913604736328,4111300,214.84251708984374
2025-03-05,210.33084810530772,214.50137536925868,205.73635828197044,213.7224884033203,2621100,212.35597229003906
2025-03-06,209.7984296210951,216.36480188326453,207.70823900864343,211.45481872558594,3465300,211.88272094726562
2025-03-07,211.09002173310876,220.65364858151503,209.51250975956438,219.4310760498047,4301500,213.25711975097656
2025-03-10,214.41263874124465,215.00420949212295,204.0306788776412,205.90396118164062,3747700,211.74074096679686
2025-03-11,206.16031682544556,206.8110266023849,197.06993749829167,202.90670776367188,3198200,210.68381042480468
2025-03-12,205.14480111415122,207.02793744969685,200.76721959963078,201.57568359375,2288300,208.25444946289062
2025-03-13,201.20104791815936,205.07578999832018,197.2474136845703,198.1939239501953,1792700,205.6022705078125
2025-03-14,201.92076181533466,204.0503984289963,200.61931220334068,203.2616424560547,2771400,202.3683837890625
2025-03-17,201.9799364265755,209.13786488786204,201.9799364265755,206.88006591796875,2207500,202.56360473632813
2025-03-18,204.5335164679471,206.05187447092234,202.38417168891027,204.18844604492188,1862500,202.81995239257813
2025-03-19,204.28155711856195,209.41386929409163,204.13294431508643,205.47052001953125,1640500,203.5989196777344
2025-03-20,202.1810779400887,203.76635169579689,199.67437458565752,200.77415466308594,1455400,204.1149658203125
2025-03-21,198.33680089870234,199.52576378655422,195.13654591340938,198.79257202148438,3352000,203.22115173339844
2025-03-24,204.4202800936483,210.46410421531078,203.7069084089885,209.1760711669922,2743000,203.68035278320312
2025-03-25,211.94038598044116,214.63534226445717,208.80947866249744,209.38414001464844,1662300,204.71949157714843
2025-03-26,209.09681476160594,210.65236603667367,201.00204292649485,203.85552978515625,3636500,204.39649353027343
2025-03-27,201.41818125880454,201.99284266760975,196.89026783175046,198.21792602539062,2877400,203.88524780273437
2025-03-28,196.44440591296177,197.24694530752515,187.1111436739763,188.2406463623047,4260700,201.77486267089844
2025-03-31,185.5754160289703,189.35033258254887,181.86984708056636,188.30999755859375,4304200,197.60164794921874
2025-04-01,186.81390341107095,188.38925964274983,182.6030358605724,188.25054931640625,2270400,193.37492980957032
2025-04-02,184.68368477543615,194.77986106498423,184.68368477543615,191.88674926757812,2231700,190.98117370605468
2025-04-03,181.7905759772558,183.60372779027892,170.1289609136784,170.29739379882812,6169100,185.39706726074218
2025-04-04,163.35192970259538,165.83882817369542,154.43479856373423,159.32931518554688,6449000,179.61480102539062
2025-04-07,155.0986204605665,171.95200721041064,150.9670183712249,161.78646850585938,6564400,174.31009521484376
2025-04-08,163.06460508369122,167.4439054110151,146.726433959286,152.0866241455078,5100400,167.07731018066406
2025-04-09,155.07882292189188,185.78346818590546,150.8085103104799,184.1585693359375,8787100,165.53167419433595
2025-04-10,174.49835023534618,176.22233443007397,158.06110817520354,164.0653076171875,6325900,164.2852569580078
2025-04-11,162.8268019020921,168.24643695755591,157.19910893121465,167.23582458496094,5169400,165.86655883789064
2025-04-14,170.86212883625447,171.74393337710313,165.2245182394045,168.97962951660156,2349500,167.30519104003906
2025-04-15,171.12965792183672,172.9031695972267,167.89968026528823,170.04969787597656,1924200,170.8978057861328
2025-04-16,163.72843122285545,168.88054827398602,161.65767889810903,167.0376739501953,4699400,167.47362670898437
2025-04-17,168.34553298565038,170.4361054633961,165.2245279905075,169.1678924560547,2106400,168.4941436767578
2025-04-21,165.06600684949274,170.3667366998365,165.06600684949274,169.92088317871094,2624900,169.03115539550782
2025-04-22,172.14026121993115,174.45871159475874,170.58471003791593,173.05178833007812,2876200,169.84558715820313
2025-04-23,179.7891993796626,183.65328377452397,177.85714206393934,179.20462036132812,3917500,171.67657165527345
2025-04-24,185.48623427861384,192.63974081988943,183.06869863278266,191.7876739501953,4247200,176.62657165527344
2025-04-25,187.64615318478127,192.79827012366323,186.67518096342397,191.76785278320312,2485700,181.1465637207031
2025-04-28,191.09410981300218,196.32549205019475,188.8351045341368,194.43309020996094,4337500,186.04900512695312
2025-04-29,179.84862932110482,183.83160363235254,175.5584966858931,180.93849182128906,6950800,187.6263458251953
2025-04-30,177.63914861240397,183.2371342980484,174.63704908869033,182.61293029785156,3210600,188.3080078125
2025-05-01,184.39636756116207,185.09983679200286,179.8387166371618,180.16567993164062,3354900,185.98360900878907
2025-05-02,182.78138045941074,189.84573521518365,182.58322500009814,186.40768432617188,3434700,184.9115753173828
2025-05-05,184.30719485281486,185.13945678791566,182.45440290127246,183.24703979492188,2323900,182.674365234375
2025-05-06,180.57190782624204,182.93990096474613,178.9668290389732,180.73043823242188,1579800,182.63275451660155
2025-05-07,181.94911311330137,186.09063314722326,180.7403451932303,185.1493682861328,2137500,183.14004211425782
2025-05-08,187.89386495285618,191.26255297269722,185.17908840909104,186.83372497558594,2412200,184.47365112304686
2025-05-09,189.51875403345906,192.26325299693863,187.6956997904197,190.1132354736328,2682900,185.21476135253906
2025-05-12,202.9935511726707,207.00624828662737,202.43870984917504,205.12374877929688,4998000,189.59010314941406
2025-05-13,204.30138058360285,211.04867410243298,204.30138058360285,210.4442901611328,3909900,195.53287353515626
2025-05-14,210.62263039817452,211.45489230751423,207.14495484381797,209.38414001464844,2386700,200.37982788085938
2025-05-15,207.77907551471213,209.7210201025473,206.7486429789576,208.7896728515625,1999500,204.7710174560547
2025-05-16,209.00763747622364,211.02886228102912,207.1944857112594,210.60281372070312,2093700,208.86893310546876
2025-05-19,204.77695671569302,209.49313800214554,203.62764907356407,208.42308044433594,2108800,209.52879943847657
2025-05-20,205.76774967001512,209.00764491407003,205.76774967001512,208.14566040039062,1672000,209.06907348632814
2025-05-21,205.4507004195159,211.39545446508257,202.49814347667268,203.45921325683594,3017900,207.88408813476562
2025-05-22,207.76914507216895,209.0571781030974,194.45289396269442,194.70059204101562,5012600,205.06627197265624
2025-05-23,188.1712746750717,192.31279441382148,187.57680835696897,190.3807373046875,3674100,201.02185668945313
2025-05-27,193.5017449422151,198.60431939095892,191.99573636850883,197.06858825683594,3935000,198.75095825195314
2025-05-28,197.2172126250998,198.42598045457694,193.97731753341662,194.4033660888672,2240400,196.00249938964845
2025-05-29,198.15847626163483,198.47553708043358,192.80820344988746,194.08631896972656,1851400,194.12792053222657
2025-05-30,192.86764350980044,193.25405192363323,186.4472981623294,189.37014770507812,4292600,193.06183166503905
2025-06-02,188.60722976814702,191.87684750203468,188.05238847867105,191.03466796875,1734200,193.19261779785157
2025-06-03,190.44020342415794,197.8810484979798,188.5775089763387,197.1280517578125,2866900,193.2045104980469
2025-06-04,200.3976538990349,209.1463521039473,199.42668163579148,208.08621215820312,3857200,195.94107971191406
2025-06-05,208.9878105438338,211.53415398677728,203.7960686181781,204.9949188232422,2362500,198.1227996826172
2025-06-06,208.66087290938114,209.0571837981749,205.4804228450479,205.7677459716797,1901200,201.4023193359375
2025-06-09,207.6799912266061,213.2482395603329,207.01616214668033,211.1180419921875,2727100,205.418994140625
2025-06-10,212.46552544475466,218.69760301128682,211.53417816645336,216.70611572265625,2588900,209.33460693359376
2025-06-11,217.77616576498212,220.1738814841538,213.13924961580253,215.40817260742188,2222200,210.7989990234375
2025-06-12,215.30908670995083,217.99414067477477,214.21922417795426,215.39825439453125,1711000,212.87966613769532
2025-06-13,210.91987909211517,213.19868938936858,208.48252327309268,208.95809936523438,1840200,213.51773681640626
2025-06-16,211.97012801195584,216.00264520963634,211.25675627605057,215.52706909179688,1739100,214.39954223632813
2025-06-17,211.0883216044871,215.26946669759795,210.62264797196346,210.87034606933594,2202200,213.23238830566407
2025-06-18,211.6035419443129,212.47542898337133,208.789680014215,209.5030517578125,1938800,212.05136413574218
2025-06-20,211.45490780266772,213.38694991888792,205.797491782395,207.0756072998047,4244800,210.38683471679687
2025-06-23,207.64035683038253,209.6318439804538,203.97441309752685,208.91847229003906,1847200,210.3789093017578
2025-06-24,213.02035589968932,218.64804920807327,212.1286488292863,216.49803161621094,2833300,210.57310180664064
2025-06-25,216.52192872848258,216.93003592827847,212.82894512465757,215.28761291503906,1781700,211.45655517578126
2025-06-26,216.90018134966803,218.35348896728993,215.5862459371327,217.29835510253906,2709700,213.01561584472657
2025-06-27,217.1490359088691,219.87646917897004,214.1229913078025,216.04412841796875,2060500,214.80932006835937
2025-06-30,218.7018911703506,218.7018911703506,215.6559188899952,217.48748779296875,2165300,216.52312316894532
2025-07-01,215.5961953912125,224.53500251969731,214.46142677164485,220.19500732421875,4451100,217.26251831054688
2025-07-02,223.07174633533282,231.1345712073622,222.8328420826241,230.08938598632812,2730800,220.22287292480468
2025-07-03,230.08938102608656,232.11006532176214,229.19351667809923,231.0350341796875,1299400,222.97020874023437
2025-07-07,227.7999417185289,230.56718464189137,224.4155332992282,224.9630126953125,2165700,224.7539855957031
2025-07-08,227.7103504570601,233.2448516705323,226.0878398894763,231.27392578125,2287900,227.5112731933594
2025-07-09,230.7164922751457,233.45387409022112,226.39640971047814,229.36273193359375,1819200,229.34481811523438
2025-07-10,232.0005811071873,235.37502571025192,229.37267999026247,232.12002563476562,1948100,229.75094604492188
2025-07-11,229.2233739834732,231.00516919061792,226.95383683027248,227.86961364746094,1870700,229.11786193847655
2025-07-14,226.01814676788587,226.01814676788587,221.47907247676824,223.5793914794922,2706600,228.8411376953125
2025-07-15,225.8489362373792,225.95843212040708,219.88641531390795,220.04568481445312,2397900,226.59548950195312
2025-07-16,220.05564349072952,221.15058710655532,214.90935229788005,219.56788635253906,2140300,224.6365203857422
2025-07-17,218.84123674748395,224.07709606612758,217.95532106984933,223.4698944091797,1981400,222.906494140625
2025-07-18,227.97910738519485,228.65599514122886,221.54875724113404,224.86346435546875,2500700,222.30526428222657
2025-07-21,226.29686978629297,231.22415417479988,226.20728638748525,227.2226104736328,6030200,223.03390808105468
2025-07-22,221.11078099938305,228.7754471925743,219.76696927948618,226.95384216308594,6032400,224.41553955078126
2025-07-23,224.65443890177127,225.6299379842066,217.4675661756377,223.67893981933594,3655500,225.2377502441406
2025-07-24,221.39943576622574,223.6888853755769,216.90017129440585,223.40020751953125,2413700,225.22381286621095
2025-07-25,221.86728334363153,222.77311151401977,219.9859560913964,222.26544189453125,2160700,224.70420837402344
2025-07-28,224.81370348456105,227.62075614293357,223.71874470969337,227.44158935546875,2924900,224.7480041503906
2025-07-29,228.26779447755018,232.04039774320032,225.39104038398372,225.6996307373047,1915600,224.49716186523438
2025-07-30,227.0135646704824,227.0135646704824,218.7914704091963,219.92623901367188,2092700,223.74662170410156
2025-07-31,218.4729304389988,218.4729304389988,211.21638666687667,212.7891387939453,2727200,221.62440795898436
2025-08-01,210.25084049284786,211.027260329903,205.32355608422083,208.95680236816406,2554400,218.96268005371093
2025-08-04,209.67349177640673,211.14669664208492,208.38941753858236,211.01730346679688,2184000,215.67782287597657
2025-08-05,212.60001215474236,214.103078208468,206.8465343000838,207.51345825195312,2756900,212.04058837890625
2025-08-06,206.4981218806881,206.4981218806881,202.30744778381512,204.9751434326172,2769600,209.0503692626953
2025-08-07,207.80210848972376,209.5739398232167,203.58157326332474,204.96519470214844,2195900,207.48558044433594
2025-08-08,205.52263621553442,208.84730734574742,203.65125752938485,206.20947265625,1659700,206.9361145019531
2025-08-11,206.14974408189835,209.61377212388544,203.79060831135277,204.21864318847656,3902300,205.57638244628907
2025-08-12,206.76688753667432,219.76695989637858,205.97055526217153,219.04031372070312,4210300,207.88175354003906
2025-08-13,219.75701742769456,229.9500222238433,219.060232363704,229.4622802734375,3582900,212.77918090820313
2025-08-14,225.25167417336607,231.453099099012,223.05182314179294,230.4775848388672,2810200,217.88165893554688
2025-08-15,232.4485113819623,232.4485113819623,225.18200396752664,227.73025512695312,3336700,222.1858154296875
2025-08-18,227.93930254292923,232.87653546038572,226.68507423477533,230.9454345703125,2470000,227.5311737060547
2025-08-19,231.53273996767794,232.91636145862267,227.47145889188627,228.218017578125,2217600,229.36671447753906
2025-08-20,230.42782704958378,232.41865016575835,221.97677745346377,227.72030639648438,3986800,229.01831970214843
2025-08-21,225.8389879584692,226.76471345294684,222.18582922060622,222.9025115966797,2003100,227.50330505371093
2025-08-22,224.6245801032878,237.22649431297413,223.0617766368402,233.75250244140625,2994000,228.70775451660157
2025-08-25,232.55801609931524,236.71882928115355,232.458468864177,235.5840606689453,1261900,229.63547973632814
2025-08-26,234.75786441025124,238.40107445431642,234.2004363532135,236.72879028320312,2356600,231.33763427734374
2025-08-27,234.89721977745992,237.0075026498744,233.62309417351454,236.5794677734375,1054000,233.10946655273438
2025-08-28,238.65987420800082,240.31226107094992,237.44547086908887,237.97305297851562,1615900,236.12357482910156
2025-08-29,237.07717370182112,238.00291436749387,232.4286034553668,233.7724151611328,2250700,236.12755737304687
2025-09-02,226.894124258903,231.95081704799372,225.12229281253676,231.59246826171875,2211600,235.32923889160156
2025-09-03,231.4331964923507,233.0358097723864,222.87265067561805,227.15292358398438,2826000,233.4140655517578
2025-09-04,223.73866937114613,224.94310890028132,217.94536657406746,224.35581970214844,3308900,230.9693359375
2025-09-05,226.16747540251077,229.82063413705316,223.56945052948834,225.6996307373047,2006500,228.5146514892578
2025-09-08,226.35659274514433,228.36732843871272,223.58934970025774,224.46531677246094,1876700,226.65323181152343
2025-09-09,223.29073415440277,223.97755538984003,220.7524315735723,222.6636199951172,1569100,224.86746215820312
2025-09-10,223.09163787683832,223.56944636993072,218.12454382619788,218.2738494873047,3210200,223.09164733886718
2025-09-11,220.51352221015662,223.35045123859396,217.3978791593407,222.18582153320312,2999400,222.65764770507812
2025-09-12,221.63834047082528,222.06636014884248,217.59697198792585,217.8159637451172,2061800,221.08091430664064
2025-09-15,215.217943761208,222.5142972550035,214.66050051947798,218.26390075683594,1828500,219.84063110351562
2025-09-16,219.29912540287185,222.3052726635629,216.9300409535085,219.97601318359375,2208900,219.30310974121093
2025-09-17,220.67999267578125,226.64999389648438,218.5399932861328,221.88999938964844,2337200,220.02633972167968
2025-09-18,225.77999877929688,228.3300018310547,223.69000244140625,226.50999450683594,3553200,220.89117431640625
2025-09-19,228.67999267578125,229.11000061035156,222.14999389648438,224.0500030517578,3420100,222.1379821777344
2025-09-22,224.10000610351562,227.50999450683594,222.3699951171875,225.72999572753906,1715300,223.631201171875
2025-09-23,226.72999572753906,229.89999389648438,224.50999450683594,225.6199951171875,2096400,224.75999755859374
2025-09-24,225.92999267578125,228.82000732421875,224.9600067138672,227.66000366210938,1679900,225.91399841308595
2025-09-25,224.99000549316406,227.42999267578125,222.0,226.80999755859375,2116700,225.9739990234375
2025-09-26,223.47999572753906,227.1999969482422,223.10000610351562,226.0399932861328,1235200,226.3719970703125
2025-09-29,227.8699951171875,227.9600067138672,224.6300048828125,226.11000061035156,1352200,226.447998046875
2025-09-30,225.55999755859375,227.9499969482422,222.8800048828125,227.72999572753906,1723300,226.8699981689453
2025-10-01,225.85000610351562,227.85000610351562,221.0,224.91000366210938,2079800,226.31999816894532
2025-10-02,226.0,230.86000061035156,225.00999450683594,227.7100067138672,1831500,226.5
2025-10-03,228.39999389648438,232.07000732421875,227.99000549316406,228.88999938964844,1537400,227.07000122070312
2025-10-06,232.05999755859375,234.0,227.10000610351562,231.4199981689453,1949600,228.1320007324219
2025-10-07,232.5500030517578,232.99000549316406,219.16000366210938,219.5800018310547,2492900,226.502001953125
2025-10-08,219.88999938964844,227.19000244140625,219.5,225.63999938964844,2631200,226.64800109863282
2025-10-09,223.30999755859375,225.75999450683594,218.97999572753906,221.4199981689453,2615600,225.38999938964844
2025-10-10,221.07000732421875,222.6699981689453,205.13999938964844,205.3699951171875,3980800,220.68599853515624
2025-10-13,211.61000061035156,217.39999389648438,210.74000549316406,216.6999969482422,2806300,217.74199829101562
2025-10-14,211.67999267578125,219.69000244140625,210.8000030517578,216.11000061035156,2341700,217.047998046875
2025-10-15,219.75999450683594,220.0,214.02000427246094,217.22999572753906,1939300,215.36599731445312
2025-10-16,219.3699951171875,220.1699981689453,213.11000061035156,217.41000366210938,2477700,214.56399841308593
2025-10-17,216.72000122070312,218.0500030517578,212.8800048828125,214.35000610351562,1950400,216.36000061035156
2025-10-20,216.72000122070312,222.22999572753906,215.60000610351562,219.82000732421875,2374500,216.98400268554687
2025-10-21,219.33999633789062,224.27000427246094,218.50999450683594,222.33999633789062,1935400,218.2300018310547
2025-10-22,217.07000732421875,223.27999877929688,215.0,217.16000366210938,3607800,218.21600341796875
2025-10-23,213.0,221.39999389648438,212.72999572753906,220.72999572753906,2517700,218.8800018310547
2025-10-24,223.9600067138672,223.9600067138672,218.1199951171875,219.16000366210938,2500800,219.84200134277344
2025-10-27,221.38999938964844,221.88999938964844,218.88999938964844,221.55999755859375,4076100,220.18999938964845
2025-10-28,218.16000366210938,220.42999267578125,207.99000549316406,212.9600067138672,4414700,218.31400146484376
2025-10-29,212.27999877929688,213.02000427246094,202.47999572753906,204.7100067138672,5104800,215.82400207519532
2025-10-30,204.64999389648438,209.6999969482422,203.3800048828125,206.3800048828125,3417100,212.95400390625
2025-10-31,206.3800048828125,212.22000122070312,205.1999969482422,209.1199951171875,2506000,210.9460021972656
2025-11-03,211.07000732421875,212.77999877929688,207.94000244140625,210.38999938964844,1982500,208.71200256347657
2025-11-04,208.47000122070312,209.9600067138672,203.92999267578125,204.4199981689453,2904800,207.00400085449218
2025-11-05,205.1699981689453,213.08999633789062,205.0399932861328,210.44000244140625,2306700,208.15
2025-11-06,209.1300048828125,210.3699951171875,204.69000244140625,206.4499969482422,2037800,208.16399841308595
2025-11-07,204.4199981689453,204.75,198.5,204.55999755859375,2586100,207.2519989013672
2025-11-10,207.94000244140625,208.5,202.16000366210938,205.1300048828125,2160500,206.2
2025-11-11,204.0500030517578,206.0500030517578,202.08999633789062,202.86000061035156,1735200,205.88800048828125
2025-11-12,204.97000122070312,206.9499969482422,203.4499969482422,204.0800018310547,2046300,204.61600036621093
2025-11-13,202.9199981689453,204.74000549316406,199.02000427246094,201.22000122070312,2528400,203.57000122070312
2025-11-14,198.8300018310547,199.80999755859375,196.17999267578125,197.10000610351562,2111000,202.0780029296875
2025-11-17,195.17999267578125,196.64999389648438,188.49000549316406,190.50999450683594,2498900,199.15400085449218
2025-11-18,189.85000610351562,190.85000610351562,187.74000549316406,188.58999633789062,2776900,196.3
2025-11-19,189.44000244140625,191.3699951171875,188.36000061035156,190.05999755859375,2969200,193.49599914550782
2025-11-20,192.1699981689453,194.1699981689453,183.0,184.19000244140625,3426800,190.08999938964843
2025-11-21,184.64999389648438,193.8300018310547,183.1999969482422,191.35000610351562,3403000,188.93999938964845
2025-11-24,192.25,193.67999267578125,190.22999572753906,191.55999755859375,4513700,189.15
2025-11-25,190.47000122070312,193.9499969482422,188.42999267578125,191.02000427246094,3214000,189.63600158691406
2025-11-26,191.7899932861328,195.72000122070312,191.24000549316406,193.75999450683594,2836000,190.3760009765625
2025-11-28,193.89999389648438,195.3000030517578,193.3699951171875,194.94000244140625,1654100,192.5260009765625
