Date,Open,High,Low,Close,Volume,Dividends,Stock Splits,MA5
2021-01-08 00:00:00-05:00,36.11000061035156,36.599998474121094,35.119998931884766,35.52000045776367,6827500,0.0,0.0,34.16600036621094
2021-01-11 00:00:00-05:00,34.90999984741211,36.27000045776367,34.90999984741211,36.04999923706055,4738800,0.0,0.0,34.842000579833986
2021-01-12 00:00:00-05:00,36.349998474121094,36.939998626708984,36.02000045776367,36.40999984741211,11886300,0.0,0.0,35.48000030517578
2021-01-13 00:00:00-05:00,36.81999969482422,37.31999969482422,36.61000061035156,36.9900016784668,6420900,0.0,0.0,36.066000366210936
2021-01-14 00:00:00-05:00,37.25,38.25,37.119998931884766,37.900001525878906,9299000,0.0,0.0,36.57400054931641
2021-01-15 00:00:00-05:00,37.849998474121094,38.119998931884766,36.099998474121094,36.709999084472656,7565500,0.0,0.0,36.8120002746582
2021-01-19 00:00:00-05:00,37.72999954223633,38.709999084472656,37.43000030517578,38.52000045776367,7666000,0.0,0.0,37.306000518798825
2021-01-20 00:00:00-05:00,39.150001525878906,39.43000030517578,37.689998626708984,37.939998626708984,10752600,0.0,0.0,37.6120002746582
2021-01-21 00:00:00-05:00,38.61000061035156,38.65999984741211,37.560001373291016,37.84000015258789,6564000,0.0,0.0,37.78199996948242
2021-01-22 00:00:00-05:00,37.45000076293945,37.66999816894531,36.900001525878906,37.29999923706055,5252600,0.0,0.0,37.66199951171875
2021-01-25 00:00:00-05:00,37.599998474121094,37.7400016784668,36.099998474121094,36.970001220703125,6313900,0.0,0.0,37.71399993896485
2021-01-26 00:00:00-05:00,37.279998779296875,37.290000915527344,36.09000015258789,36.099998474121094,8546300,0.0,0.0,37.22999954223633
2021-01-27 00:00:00-05:00,35.04999923706055,35.150001525878906,33.779998779296875,34.06999969482422,12694800,0.0,0.0,36.455999755859374
2021-01-28 00:00:00-05:00,35.349998474121094,36.16999816894531,34.63999938964844,35.25,9481200,0.0,0.0,35.9379997253418
2021-01-29 00:00:00-05:00,35.25,35.630001068115234,34.40999984741211,34.4900016784668,7948500,0.0,0.0,35.376000213623044
2021-02-01 00:00:00-05:00,36.400001525878906,37.209999084472656,35.63999938964844,36.709999084472656,13481600,0.0,0.0,35.32399978637695
2021-02-02 00:00:00-05:00,37.529998779296875,37.900001525878906,36.470001220703125,36.849998474121094,6901700,0.0,0.0,35.47399978637695
2021-02-03 00:00:00-05:00,37.029998779296875,37.459999084472656,36.290000915527344,36.900001525878906,5916500,0.0,0.0,36.04000015258789
2021-02-04 00:00:00-05:00,36.90999984741211,38.15999984741211,36.79999923706055,38.11000061035156,7132700,0.0,0.0,36.6120002746582
2021-02-05 00:00:00-05:00,38.599998474121094,38.79999923706055,38.099998474121094,38.38999938964844,5631100,0.0,0.0,37.39199981689453
2021-02-08 00:00:00-05:00,38.91999816894531,39.959999084472656,38.720001220703125,39.810001373291016,7757500,0.0,0.0,38.012000274658206
2021-02-09 00:00:00-05:00,39.5099983215332,40.880001068115234,39.27000045776367,40.61000061035156,6585000,0.0,0.0,38.764000701904294
2021-02-10 00:00:00-05:00,41.63999938964844,41.65999984741211,39.540000915527344,39.93000030517578,8596800,0.0,0.0,39.37000045776367
2021-02-11 00:00:00-05:00,40.209999084472656,40.529998779296875,38.970001220703125,40.45000076293945,7925900,0.0,0.0,39.83800048828125
2021-02-12 00:00:00-05:00,40.77000045776367,41.95000076293945,40.130001068115234,41.27000045776367,6511100,0.0,0.0,40.4140007019043
2021-02-16 00:00:00-05:00,42.0,42.33000183105469,41.470001220703125,41.849998474121094,5127500,0.0,0.0,40.822000122070314
2021-02-17 00:00:00-05:00,41.43000030517578,41.619998931884766,40.20000076293945,41.08000183105469,5227000,0.0,0.0,40.91600036621094
2021-02-18 00:00:00-05:00,40.439998626708984,40.630001068115234,39.349998474121094,39.869998931884766,4395300,0.0,0.0,40.90400009155273
2021-02-19 00:00:00-05:00,40.43000030517578,41.91999816894531,40.43000030517578,41.869998931884766,8363000,0.0,0.0,41.1879997253418
2021-02-22 00:00:00-05:00,41.63999938964844,42.15999984741211,40.150001525878906,40.439998626708984,6879100,0.0,0.0,41.02199935913086
2021-02-23 00:00:00-05:00,39.439998626708984,40.380001068115234,37.06999969482422,40.279998779296875,11498700,0.0,0.0,40.70799942016602
2021-02-24 00:00:00-05:00,40.0099983215332,40.77000045776367,39.279998779296875,40.65999984741211,7426500,0.0,0.0,40.6239990234375
2021-02-25 00:00:00-05:00,40.290000915527344,40.369998931884766,37.38999938964844,37.7400016784668,6097500,0.0,0.0,40.19799957275391
2021-02-26 00:00:00-05:00,38.4900016784668,40.619998931884766,37.77000045776367,40.27000045776367,9916300,0.0,0.0,39.87799987792969
2021-03-01 00:00:00-05:00,42.0,42.380001068115234,41.02000045776367,42.27000045776367,8241300,0.0,0.0,40.24400024414062
2021-03-02 00:00:00-05:00,42.349998474121094,42.36000061035156,40.38999938964844,40.43000030517578,6270600,0.0,0.0,40.274000549316405
2021-03-03 00:00:00-05:00,40.790000915527344,41.0,39.27000045776367,39.68000030517578,5750400,0.0,0.0,40.07800064086914
2021-03-04 00:00:00-05:00,39.41999816894531,39.9900016784668,36.45000076293945,37.040000915527344,9117400,0.0,0.0,39.93800048828125
2021-03-05 00:00:00-05:00,38.06999969482422,38.91999816894531,34.790000915527344,38.810001373291016,10937500,0.0,0.0,39.646000671386716
2021-03-08 00:00:00-05:00,38.939998626708984,39.45000076293945,35.88999938964844,35.9900016784668,8818900,0.0,0.0,38.390000915527345
2021-03-09 00:00:00-05:00,37.529998779296875,38.2400016784668,37.41999816894531,37.93000030517578,12182400,0.0,0.0,37.890000915527345
2021-03-10 00:00:00-05:00,38.369998931884766,38.91999816894531,37.36000061035156,37.54999923706055,4775500,0.0,0.0,37.4640007019043
2021-03-11 00:00:00-05:00,38.79999923706055,39.130001068115234,38.290000915527344,38.79999923706055,7992900,0.0,0.0,37.816000366210936
2021-03-12 00:00:00-05:00,37.779998779296875,38.630001068115234,37.31999969482422,38.4900016784668,5551200,0.0,0.0,37.752000427246095
2021-03-15 00:00:00-04:00,38.790000915527344,39.27000045776367,38.29999923706055,39.27000045776367,5112600,0.0,0.0,38.40800018310547
2021-03-16 00:00:00-04:00,39.54999923706055,41.650001525878906,39.310001373291016,40.65999984741211,11908900,0.0,0.0,38.954000091552736
2021-03-17 00:00:00-04:00,39.90999984741211,42.08000183105469,39.81999969482422,41.83000183105469,7231500,0.0,0.0,39.810000610351565
2021-03-18 00:00:00-04:00,41.150001525878906,41.310001373291016,39.040000915527344,39.13999938964844,6862900,0.0,0.0,39.87800064086914
2021-03-19 00:00:00-04:00,39.2599983215332,40.400001525878906,38.459999084472656,40.09000015258789,8503800,0.0,0.0,40.19800033569336
2021-03-22 00:00:00-04:00,40.689998626708984,41.70000076293945,40.43000030517578,40.81999969482422,6926100,0.0,0.0,40.508000183105466
2021-03-23 00:00:00-04:00,40.63999938964844,41.04999923706055,38.16999816894531,38.58000183105469,6965100,0.0,0.0,40.092000579833986
2021-03-24 00:00:00-04:00,39.06999969482422,39.63999938964844,38.099998474121094,38.119998931884766,4613300,0.0,0.0,39.35
2021-03-25 00:00:00-04:00,36.95000076293945,38.540000915527344,36.68000030517578,38.189998626708984,7038300,0.0,0.0,39.15999984741211
2021-03-26 00:00:00-04:00,38.45000076293945,40.72999954223633,38.31999969482422,40.63999938964844,5919500,0.0,0.0,39.26999969482422
2021-03-29 00:00:00-04:00,40.040000915527344,40.220001220703125,38.40999984741211,39.099998474121094,5121300,0.0,0.0,38.92599945068359
2021-03-30 00:00:00-04:00,39.0,40.11000061035156,39.0,39.869998931884766,3782300,0.0,0.0,39.18399887084961
2021-03-31 00:00:00-04:00,40.599998474121094,42.029998779296875,40.5099983215332,41.61000061035156,7971700,0.0,0.0,39.88199920654297
2021-04-01 00:00:00-04:00,42.25,42.939998626708984,41.720001220703125,42.88999938964844,6700200,0.0,0.0,40.82199935913086
2021-04-05 00:00:00-04:00,43.33000183105469,44.189998626708984,42.869998931884766,44.029998779296875,6326800,0.0,0.0,41.49999923706055
2021-04-06 00:00:00-04:00,43.75,44.59000015258789,43.04999923706055,43.56999969482422,5954400,0.0,0.0,42.39399948120117
2021-04-07 00:00:00-04:00,43.5099983215332,43.599998474121094,42.54999923706055,42.93000030517578,4416600,0.0,0.0,43.00599975585938
2021-04-08 00:00:00-04:00,43.29999923706055,43.59000015258789,42.70000076293945,43.060001373291016,4483500,0.0,0.0,43.295999908447264
2021-04-09 00:00:00-04:00,42.470001220703125,42.9900016784668,42.349998474121094,42.959999084472656,3282000,0.0,0.0,43.30999984741211
2021-04-12 00:00:00-04:00,42.41999816894531,42.70000076293945,41.65999984741211,42.400001525878906,4151300,0.0,0.0,42.98400039672852
2021-04-13 00:00:00-04:00,42.540000915527344,42.849998474121094,41.54999923706055,42.040000915527344,3625300,0.0,0.0,42.67800064086914
2021-04-14 00:00:00-04:00,41.59000015258789,43.16999816894531,41.439998626708984,42.099998474121094,3889800,0.0,0.0,42.512000274658206
2021-04-15 00:00:00-04:00,42.439998626708984,42.900001525878906,41.939998626708984,42.630001068115234,3995000,0.0,0.0,42.42600021362305
2021-04-16 00:00:00-04:00,42.630001068115234,42.77000045776367,42.06999969482422,42.18000030517578,4630300,0.0,0.0,42.27000045776367
2021-04-19 00:00:00-04:00,42.0,42.529998779296875,40.58000183105469,41.06999969482422,4554600,0.0,0.0,42.00400009155273
2021-04-20 00:00:00-04:00,40.900001525878906,40.970001220703125,39.380001068115234,39.70000076293945,7978200,0.0,0.0,41.53600006103515
2021-04-21 00:00:00-04:00,39.56999969482422,41.40999984741211,39.369998931884766,41.369998931884766,4518300,0.0,0.0,41.39000015258789
2021-04-22 00:00:00-04:00,41.86000061035156,41.900001525878906,40.56999969482422,40.93000030517578,5697400,0.0,0.0,41.05
2021-04-23 00:00:00-04:00,41.36000061035156,42.869998931884766,41.36000061035156,42.54999923706055,4373600,0.0,0.0,41.123999786376956
2021-04-26 00:00:00-04:00,42.779998779296875,43.939998626708984,42.59000015258789,43.79999923706055,5231500,0.0,0.0,41.66999969482422
2021-04-27 00:00:00-04:00,43.849998474121094,43.97999954223633,43.029998779296875,43.29999923706055,3608800,0.0,0.0,42.38999938964844
2021-04-28 00:00:00-04:00,43.11000061035156,43.20000076293945,41.34000015258789,41.45000076293945,10344000,0.0,0.0,42.405999755859376
2021-04-29 00:00:00-04:00,42.11000061035156,42.25,40.68000030517578,41.0,7572100,0.0,0.0,42.41999969482422
2021-04-30 00:00:00-04:00,40.150001525878906,40.540000915527344,38.75,39.0,11393000,0.0,0.0,41.70999984741211
2021-05-03 00:00:00-04:00,38.220001220703125,38.9900016784668,37.099998474121094,37.56999969482422,11020000,0.0,0.0,40.46399993896485
2021-05-04 00:00:00-04:00,37.970001220703125,37.9900016784668,36.220001220703125,37.25,11132300,0.0,0.0,39.25400009155273
2021-05-05 00:00:00-04:00,37.650001525878906,37.970001220703125,36.869998931884766,37.54999923706055,6034400,0.0,0.0,38.47399978637695
2021-05-06 00:00:00-04:00,37.400001525878906,37.689998626708984,36.380001068115234,37.59000015258789,4863300,0.0,0.0,37.79199981689453
2021-05-07 00:00:00-04:00,38.099998474121094,38.72999954223633,37.95000076293945,38.630001068115234,4580900,0.0,0.0,37.71800003051758
2021-05-10 00:00:00-04:00,38.709999084472656,38.709999084472656,36.95000076293945,37.02000045776367,6486800,0.0,0.0,37.60800018310547
2021-05-11 00:00:00-04:00,35.310001373291016,37.529998779296875,35.119998931884766,37.16999816894531,11405900,0.0,0.0,37.59199981689453
2021-05-12 00:00:00-04:00,37.400001525878906,37.70000076293945,35.34000015258789,35.66999816894531,12062600,0.0,0.0,37.215999603271484
2021-05-13 00:00:00-04:00,36.09000015258789,37.099998474121094,35.66999816894531,36.52000045776367,7665000,0.0,0.0,37.00199966430664
2021-05-14 00:00:00-04:00,36.91999816894531,37.9900016784668,36.66999816894531,37.45000076293945,6513800,0.0,0.0,36.76599960327148
2021-05-17 00:00:00-04:00,36.970001220703125,37.09000015258789,36.029998779296875,36.7400016784668,4972200,0.0,0.0,36.70999984741211
2021-05-18 00:00:00-04:00,37.15999984741211,37.33000183105469,36.65999984741211,36.689998626708984,3407900,0.0,0.0,36.613999938964845
2021-05-19 00:00:00-04:00,35.86000061035156,37.619998931884766,35.650001525878906,37.459999084472656,6779500,0.0,0.0,36.97200012207031
2021-05-20 00:00:00-04:00,37.65999984741211,38.72999954223633,37.59000015258789,38.529998779296875,6787900,0.0,0.0,37.373999786376956
2021-05-21 00:00:00-04:00,38.779998779296875,39.06999969482422,38.16999816894531,38.220001220703125,3513800,0.0,0.0,37.52799987792969
2021-05-24 00:00:00-04:00,38.56999969482422,39.4900016784668,38.45000076293945,39.34000015258789,4009100,0.0,0.0,38.04799957275391
2021-05-25 00:00:00-04:00,39.650001525878906,40.2599983215332,38.779998779296875,38.939998626708984,5169000,0.0,0.0,38.497999572753905
2021-05-26 00:00:00-04:00,39.20000076293945,39.5,38.65999984741211,39.0,3899400,0.0,0.0,38.805999755859375
2021-05-27 00:00:00-04:00,39.0,40.33000183105469,38.900001525878906,40.27000045776367,8159900,0.0,0.0,39.15400009155273
2021-05-28 00:00:00-04:00,40.400001525878906,40.529998779296875,39.84000015258789,40.040000915527344,5287000,0.0,0.0,39.51800003051758
2021-06-01 00:00:00-04:00,40.47999954223633,40.790000915527344,39.560001373291016,39.90999984741211,3615800,0.0,0.0,39.63199996948242
2021-06-02 00:00:00-04:00,39.79999923706055,39.84000015258789,39.22999954223633,39.38999938964844,3819300,0.0,0.0,39.72200012207031
2021-06-03 00:00:00-04:00,38.689998626708984,38.970001220703125,37.68000030517578,37.7400016784668,5372500,0.0,0.0,39.470000457763675
2021-06-04 00:00:00-04:00,38.16999816894531,38.52000045776367,37.959999084472656,38.209999084472656,5550100,0.0,0.0,39.05800018310547
2021-06-07 00:00:00-04:00,38.15999984741211,38.20000076293945,37.63999938964844,37.970001220703125,3493600,0.0,0.0,38.64400024414063
2021-06-08 00:00:00-04:00,38.34000015258789,38.4900016784668,37.04999923706055,37.59000015258789,3972400,0.0,0.0,38.18000030517578
2021-06-09 00:00:00-04:00,37.79999923706055,37.84000015258789,37.209999084472656,37.2400016784668,4355100,0.0,0.0,37.75000076293945
2021-06-10 00:00:00-04:00,37.279998779296875,38.2599983215332,37.220001220703125,37.77000045776367,6965700,0.0,0.0,37.75600051879883
2021-06-11 00:00:00-04:00,38.11000061035156,38.279998779296875,37.4900016784668,37.779998779296875,4232000,0.0,0.0,37.67000045776367
2021-06-14 00:00:00-04:00,37.86000061035156,38.58000183105469,37.470001220703125,38.31999969482422,8941600,0.0,0.0,37.74000015258789
2021-06-15 00:00:00-04:00,38.04999923706055,38.52000045776367,37.400001525878906,37.439998626708984,5318100,0.0,0.0,37.70999984741211
2021-06-16 00:00:00-04:00,37.560001373291016,37.91999816894531,36.88999938964844,37.290000915527344,4949200,0.0,0.0,37.71999969482422
2021-06-17 00:00:00-04:00,37.15999984741211,37.54999923706055,36.15999984741211,37.0,4238800,0.0,0.0,37.565999603271486
2021-06-18 00:00:00-04:00,36.349998474121094,36.470001220703125,35.16999816894531,35.779998779296875,8732000,0.0,0.0,37.16599960327149
2021-06-21 00:00:00-04:00,35.91999816894531,36.7400016784668,35.7400016784668,36.4900016784668,5840000,0.0,0.0,36.8
2021-06-22 00:00:00-04:00,36.43000030517578,36.90999984741211,35.970001220703125,36.84000015258789,5144100,0.0,0.0,36.68000030517578
2021-06-23 00:00:00-04:00,36.810001373291016,37.33000183105469,36.70000076293945,36.900001525878906,4975600,0.0,0.0,36.6020004272461
2021-06-24 00:00:00-04:00,37.13999938964844,37.84000015258789,37.13999938964844,37.7599983215332,3463000,0.0,0.0,36.75400009155273
2021-06-25 00:00:00-04:00,38.0,38.20000076293945,37.18000030517578,37.5099983215332,8987800,0.0,0.0,37.1
2021-06-28 00:00:00-04:00,37.86000061035156,38.7599983215332,37.630001068115234,38.65999984741211,3916500,0.0,0.0,37.533999633789065
2021-06-29 00:00:00-04:00,38.650001525878906,38.959999084472656,38.439998626708984,38.7599983215332,3879600,0.0,0.0,37.917999267578125
2021-06-30 00:00:00-04:00,38.70000076293945,38.7400016784668,37.95000076293945,38.279998779296875,4814200,0.0,0.0,38.19399871826172
2021-07-01 00:00:00-04:00,38.400001525878906,38.65999984741211,37.77000045776367,37.90999984741211,3678400,0.0,0.0,38.2239990234375
2021-07-02 00:00:00-04:00,38.27000045776367,38.459999084472656,37.959999084472656,38.400001525878906,3410100,0.0,0.0,38.40199966430664
2021-07-06 00:00:00-04:00,38.41999816894531,38.65999984741211,37.650001525878906,38.22999954223633,4612500,0.0,0.0,38.315999603271486
2021-07-07 00:00:00-04:00,38.560001373291016,38.560001373291016,36.970001220703125,37.06999969482422,3655500,0.0,0.0,37.97799987792969
2021-07-08 00:00:00-04:00,35.93000030517578,37.06999969482422,35.59000015258789,36.720001220703125,4988200,0.0,0.0,37.66600036621094
2021-07-09 00:00:00-04:00,37.11000061035156,37.849998474121094,36.560001373291016,37.75,2892400,0.0,0.0,37.63400039672852
2021-07-12 00:00:00-04:00,37.88999938964844,38.459999084472656,37.65999984741211,38.439998626708984,4250200,0.0,0.0,37.64199981689453
2021-07-13 00:00:00-04:00,38.310001373291016,38.36000061035156,37.849998474121094,37.91999816894531,2840800,0.0,0.0,37.57999954223633
2021-07-14 00:00:00-04:00,38.41999816894531,39.099998474121094,37.599998474121094,37.65999984741211,3711600,0.0,0.0,37.69799957275391
2021-07-15 00:00:00-04:00,37.349998474121094,37.470001220703125,35.66999816894531,36.29999923706055,7195400,0.0,0.0,37.61399917602539
2021-07-16 00:00:00-04:00,36.790000915527344,36.790000915527344,35.060001373291016,35.150001525878906,5537700,0.0,0.0,37.09399948120117
2021-07-19 00:00:00-04:00,34.560001373291016,35.04999923706055,34.0099983215332,34.790000915527344,5578100,0.0,0.0,36.363999938964845
2021-07-20 00:00:00-04:00,34.880001068115234,35.939998626708984,34.369998931884766,35.5099983215332,7288800,0.0,0.0,35.88199996948242
2021-07-21 00:00:00-04:00,35.91999816894531,37.029998779296875,35.86000061035156,36.869998931884766,7055800,0.0,0.0,35.72399978637695
2021-07-22 00:00:00-04:00,36.38999938964844,36.59000015258789,35.77000045776367,35.869998931884766,3397200,0.0,0.0,35.6379997253418
2021-07-23 00:00:00-04:00,36.29999923706055,36.45000076293945,35.560001373291016,36.349998474121094,3666600,0.0,0.0,35.87799911499023
2021-07-26 00:00:00-04:00,36.0,36.7599983215332,35.9900016784668,36.689998626708984,3783100,0.0,0.0,36.257998657226565
2021-07-27 00:00:00-04:00,36.310001373291016,36.459999084472656,34.810001373291016,35.81999969482422,4434400,0.0,0.0,36.31999893188477
2021-07-28 00:00:00-04:00,36.08000183105469,37.369998931884766,35.970001220703125,37.060001373291016,5288100,0.0,0.0,36.35799942016602
2021-07-29 00:00:00-04:00,37.470001220703125,38.88999938964844,37.40999984741211,38.61000061035156,7263000,0.0,0.0,36.905999755859376
2021-07-30 00:00:00-04:00,38.0,39.470001220703125,38.0,39.060001373291016,7540000,0.0,0.0,37.44800033569336
2021-08-02 00:00:00-04:00,42.93000030517578,45.18000030517578,42.290000915527344,43.63999938964844,17480200,0.0,0.0,38.83800048828125
2021-08-03 00:00:00-04:00,43.869998931884766,45.41999816894531,43.650001525878906,45.380001068115234,13185600,0.0,0.0,40.75000076293945
2021-08-04 00:00:00-04:00,45.25,46.290000915527344,45.25,45.66999816894531,7843400,0.0,0.0,42.47200012207031
2021-08-05 00:00:00-04:00,45.81999969482422,46.0099983215332,44.349998474121094,44.81999969482422,10222200,0.0,0.0,43.71399993896485
2021-08-06 00:00:00-04:00,45.22999954223633,45.599998474121094,44.4900016784668,45.279998779296875,6067500,0.0,0.0,44.95799942016602
2021-08-09 00:00:00-04:00,45.34000015258789,45.58000183105469,44.56999969482422,45.40999984741211,4750800,0.0,0.0,45.31199951171875
2021-08-10 00:00:00-04:00,45.41999816894531,45.5,44.130001068115234,44.38999938964844,5634000,0.0,0.0,45.11399917602539
2021-08-11 00:00:00-04:00,44.310001373291016,44.84000015258789,43.86000061035156,44.790000915527344,3936700,0.0,0.0,44.9379997253418
2021-08-12 00:00:00-04:00,44.5,44.5,43.22999954223633,43.400001525878906,7308900,0.0,0.0,44.65400009155273
2021-08-13 00:00:00-04:00,43.2599983215332,43.529998779296875,42.86000061035156,43.45000076293945,6034400,0.0,0.0,44.28800048828125
2021-08-16 00:00:00-04:00,43.20000076293945,43.47999954223633,42.630001068115234,43.40999984741211,4011700,0.0,0.0,43.88800048828125
2021-08-17 00:00:00-04:00,42.97999954223633,42.97999954223633,41.349998474121094,41.97999954223633,5589300,0.0,0.0,43.40600051879883
2021-08-18 00:00:00-04:00,41.689998626708984,42.93000030517578,41.40999984741211,41.75,6442300,0.0,0.0,42.79800033569336
2021-08-19 00:00:00-04:00,41.25,41.79999923706055,40.849998474121094,40.97999954223633,7146900,0.0,0.0,42.31399993896484
2021-08-20 00:00:00-04:00,41.08000183105469,42.02000045776367,41.08000183105469,41.5,5450700,0.0,0.0,41.92399978637695
2021-08-23 00:00:00-04:00,42.15999984741211,42.869998931884766,41.7599983215332,42.43000030517578,4309500,0.0,0.0,41.72799987792969
2021-08-24 00:00:00-04:00,42.7400016784668,43.95000076293945,42.70000076293945,43.599998474121094,5569900,0.0,0.0,42.05199966430664
2021-08-25 00:00:00-04:00,43.709999084472656,44.18000030517578,43.36000061035156,43.5099983215332,5358200,0.0,0.0,42.40399932861328
2021-08-26 00:00:00-04:00,43.529998779296875,44.720001220703125,43.41999816894531,44.029998779296875,6355600,0.0,0.0,43.01399917602539
2021-08-27 00:00:00-04:00,43.900001525878906,45.75,43.900001525878906,45.5,5598900,0.0,0.0,43.81399917602539
2021-08-30 00:00:00-04:00,45.91999816894531,45.970001220703125,45.0,45.27000045776367,3469900,0.0,0.0,44.38199920654297
2021-08-31 00:00:00-04:00,45.22999954223633,45.290000915527344,43.91999816894531,44.36000061035156,6976200,0.0,0.0,44.533999633789065
2021-09-01 00:00:00-04:00,44.619998931884766,45.2599983215332,44.2400016784668,44.68000030517578,4716300,0.0,0.0,44.76800003051758
2021-09-02 00:00:00-04:00,44.86000061035156,45.4900016784668,44.459999084472656,45.400001525878906,3459600,0.0,0.0,45.04200057983398
2021-09-03 00:00:00-04:00,45.400001525878906,46.400001525878906,45.220001220703125,45.709999084472656,3663500,0.0,0.0,45.08400039672851
2021-09-07 00:00:00-04:00,45.79999923706055,45.88999938964844,45.09000015258789,45.65999984741211,4128700,0.0,0.0,45.162000274658205
2021-09-08 00:00:00-04:00,45.06999969482422,45.41999816894531,44.40999984741211,44.849998474121094,3559200,0.0,0.0,45.25999984741211
2021-09-09 00:00:00-04:00,45.0,45.779998779296875,44.810001373291016,45.2400016784668,2976600,0.0,0.0,45.37200012207031
2021-09-10 00:00:00-04:00,46.400001525878906,47.59000015258789,46.060001373291016,46.88999938964844,6946500,0.0,0.0,45.66999969482422
2021-09-13 00:00:00-04:00,47.33000183105469,47.75,46.58000183105469,47.63999938964844,5018200,0.0,0.0,46.055999755859375
2021-09-14 00:00:00-04:00,48.04999923706055,48.459999084472656,47.27000045776367,47.849998474121094,5553200,0.0,0.0,46.49399948120117
2021-09-15 00:00:00-04:00,48.2400016784668,49.22999954223633,47.56999969482422,49.209999084472656,5534000,0.0,0.0,47.36599960327148
2021-09-16 00:00:00-04:00,48.93000030517578,49.709999084472656,48.380001068115234,49.400001525878906,5785300,0.0,0.0,48.19799957275391
2021-09-17 00:00:00-04:00,49.290000915527344,49.400001525878906,48.09000015258789,48.88999938964844,7268000,0.0,0.0,48.597999572753906
2021-09-20 00:00:00-04:00,47.310001373291016,47.68000030517578,46.7599983215332,47.66999816894531,5472600,0.0,0.0,48.603999328613284
2021-09-21 00:00:00-04:00,48.18000030517578,48.18000030517578,46.939998626708984,47.68000030517578,4289700,0.0,0.0,48.56999969482422
2021-09-22 00:00:00-04:00,48.08000183105469,48.790000915527344,47.779998779296875,48.599998474121094,3826000,0.0,0.0,48.44799957275391
2021-09-23 00:00:00-04:00,48.75,49.779998779296875,48.5,49.36000061035156,3800000,0.0,0.0,48.439999389648435
2021-09-24 00:00:00-04:00,49.0,49.650001525878906,48.869998931884766,49.290000915527344,3434500,0.0,0.0,48.51999969482422
2021-09-27 00:00:00-04:00,48.56999969482422,49.72999954223633,48.5099983215332,49.47999954223633,5005200,0.0,0.0,48.88199996948242
2021-09-28 00:00:00-04:00,48.34000015258789,48.459999084472656,46.959999084472656,47.33000183105469,7465000,0.0,0.0,48.8120002746582
2021-09-29 00:00:00-04:00,46.75,47.18000030517578,45.15999984741211,45.84000015258789,8159100,0.0,0.0,48.26000061035156
2021-09-30 00:00:00-04:00,46.2400016784668,46.77000045776367,45.68000030517578,45.77000045776367,4908500,0.0,0.0,47.54200057983398
2021-10-01 00:00:00-04:00,45.880001068115234,46.41999816894531,45.45000076293945,45.61000061035156,6209100,0.0,0.0,46.806000518798825
2021-10-04 00:00:00-04:00,45.310001373291016,45.599998474121094,44.650001525878906,44.88999938964844,4666600,0.0,0.0,45.88800048828125
2021-10-05 00:00:00-04:00,45.5,46.189998626708984,45.0,45.63999938964844,5068200,0.0,0.0,45.55
2021-10-06 00:00:00-04:00,44.779998779296875,45.400001525878906,44.36000061035156,44.70000076293945,3735700,0.0,0.0,45.322000122070314
2021-10-07 00:00:00-04:00,45.220001220703125,46.400001525878906,45.220001220703125,45.38999938964844,4553200,0.0,0.0,45.24599990844727
2021-10-08 00:00:00-04:00,45.68000030517578,45.7599983215332,44.41999816894531,44.47999954223633,3279500,0.0,0.0,45.01999969482422
2021-10-11 00:00:00-04:00,44.040000915527344,44.849998474121094,43.34000015258789,43.349998474121094,4143500,0.0,0.0,44.71199951171875
2021-10-12 00:00:00-04:00,43.7599983215332,43.849998474121094,42.060001373291016,42.349998474121094,6725900,0.0,0.0,44.05399932861328
2021-10-13 00:00:00-04:00,42.36000061035156,42.869998931884766,41.880001068115234,41.900001525878906,4630200,0.0,0.0,43.49399948120117
2021-10-14 00:00:00-04:00,42.599998474121094,43.18000030517578,42.52000045776367,43.0099983215332,6318600,0.0,0.0,43.017999267578126
2021-10-15 00:00:00-04:00,43.220001220703125,43.7599983215332,43.06999969482422,43.33000183105469,3750300,0.0,0.0,42.7879997253418
2021-10-18 00:00:00-04:00,43.099998474121094,44.220001220703125,43.0,44.15999984741211,4047100,0.0,0.0,42.95
2021-10-19 00:00:00-04:00,44.25,45.15999984741211,43.900001525878906,44.95000076293945,4420500,0.0,0.0,43.470000457763675
2021-10-20 00:00:00-04:00,44.900001525878906,45.93000030517578,44.900001525878906,45.560001373291016,4768400,0.0,0.0,44.20200042724609
2021-10-21 00:00:00-04:00,45.2400016784668,46.369998931884766,45.2400016784668,46.31999969482422,2759700,0.0,0.0,44.864000701904295
2021-10-22 00:00:00-04:00,46.349998474121094,46.869998931884766,45.88999938964844,45.970001220703125,3076300,0.0,0.0,45.39200057983398
2021-10-25 00:00:00-04:00,46.2400016784668,46.61000061035156,45.90999984741211,46.220001220703125,1930100,0.0,0.0,45.80400085449219
2021-10-26 00:00:00-04:00,46.81999969482422,46.81999969482422,45.04999923706055,45.13999938964844,3192800,0.0,0.0,45.842000579833986
2021-10-27 00:00:00-04:00,44.09000015258789,45.4900016784668,43.75,44.54999923706055,5390100,0.0,0.0,45.64000015258789
2021-10-28 00:00:00-04:00,45.66999816894531,47.56999969482422,45.36000061035156,47.099998474121094,7547700,0.0,0.0,45.795999908447264
2021-10-29 00:00:00-04:00,46.25,48.220001220703125,46.209999084472656,48.06999969482422,10021100,0.0,0.0,46.215999603271484
2021-11-01 00:00:00-04:00,53.75,55.56999969482422,51.33000183105469,54.9900016784668,23265200,0.0,0.0,47.96999969482422
2021-11-02 00:00:00-04:00,55.97999954223633,57.2400016784668,55.27000045776367,57.13999938964844,11103600,0.0,0.0,50.369999694824216
2021-11-03 00:00:00-04:00,57.380001068115234,58.560001373291016,56.970001220703125,57.849998474121094,7836900,0.0,0.0,53.029999542236325
2021-11-04 00:00:00-04:00,58.27000045776367,59.900001525878906,57.540000915527344,59.86000061035156,9286700,0.0,0.0,55.581999969482425
2021-11-05 00:00:00-04:00,60.0,61.52000045776367,58.2400016784668,59.130001068115234,7269900,0.0,0.0,57.794000244140626
2021-11-08 00:00:00-05:00,59.95000076293945,60.15999984741211,58.599998474121094,58.720001220703125,6016500,0.0,0.0,58.54000015258789
2021-11-09 00:00:00-05:00,58.90999984741211,59.099998474121094,57.38999938964844,58.20000076293945,4864700,0.0,0.0,58.752000427246095
2021-11-10 00:00:00-05:00,56.849998474121094,57.849998474121094,56.119998931884766,56.81999969482422,5782100,0.0,0.0,58.54600067138672
2021-11-11 00:00:00-05:00,57.91999816894531,59.2400016784668,57.56999969482422,58.20000076293945,4802800,0.0,0.0,58.2140007019043
2021-11-12 00:00:00-05:00,58.72999954223633,59.150001525878906,58.029998779296875,58.599998474121094,3038500,0.0,0.0,58.10800018310547
2021-11-15 00:00:00-05:00,59.599998474121094,60.369998931884766,58.439998626708984,59.20000076293945,4991600,0.0,0.0,58.204000091552736
2021-11-16 00:00:00-05:00,58.880001068115234,62.29999923706055,58.619998931884766,62.130001068115234,6342900,0.0,0.0,58.99000015258789
2021-11-17 00:00:00-05:00,62.150001525878906,62.560001373291016,61.27000045776367,62.400001525878906,7173500,0.0,0.0,60.10600051879883
2021-11-18 00:00:00-05:00,63.47999954223633,63.959999084472656,62.310001373291016,63.459999084472656,5477200,0.0,0.0,61.15800018310547
2021-11-19 00:00:00-05:00,63.099998474121094,63.91999816894531,62.220001220703125,63.34000015258789,5341700,0.0,0.0,62.10600051879883
2021-11-22 00:00:00-05:00,64.04000091552734,64.04000091552734,61.36000061035156,61.709999084472656,5675800,0.0,0.0,62.60800018310547
2021-11-23 00:00:00-05:00,61.689998626708984,61.9900016784668,60.529998779296875,61.540000915527344,6360100,0.0,0.0,62.49000015258789
2021-11-24 00:00:00-05:00,60.650001525878906,62.540000915527344,59.61000061035156,62.369998931884766,4098000,0.0,0.0,62.48399963378906
2021-11-26 00:00:00-05:00,60.43000030517578,61.06999969482422,59.150001525878906,60.29999923706055,4053700,0.0,0.0,61.85199966430664
2021-11-29 00:00:00-05:00,61.22999954223633,63.18000030517578,61.22999954223633,63.02000045776367,5530000,0.0,0.0,61.7879997253418
2021-11-30 00:00:00-05:00,62.63999938964844,63.900001525878906,61.0,61.43000030517578,5595900,0.0,0.0,61.73199996948242
2021-12-01 00:00:00-05:00,63.04999923706055,65.47000122070312,61.630001068115234,61.70000076293945,8035400,0.0,0.0,61.763999938964844
2021-12-02 00:00:00-05:00,60.15999984741211,62.939998626708984,60.0,62.540000915527344,6614000,0.0,0.0,61.79800033569336
2021-12-03 00:00:00-05:00,64.47000122070312,65.98999786376953,62.619998931884766,64.05000305175781,9888000,0.0,0.0,62.54800109863281
2021-12-06 00:00:00-05:00,64.05000305175781,64.05000305175781,59.540000915527344,61.91999816894531,8607800,0.0,0.0,62.32800064086914
2021-12-07 00:00:00-05:00,63.58000183105469,66.79000091552734,63.16999816894531,65.44999694824219,8040900,0.0,0.0,63.13199996948242
2021-12-08 00:00:00-05:00,64.63999938964844,64.80000305175781,63.220001220703125,64.23999786376953,5308900,0.0,0.0,63.63999938964844
2021-12-09 00:00:00-05:00,64.11000061035156,65.25,62.869998931884766,63.29999923706055,5605500,0.0,0.0,63.79199905395508
2021-12-10 00:00:00-05:00,64.44999694824219,65.44999694824219,63.709999084472656,65.26000213623047,5139500,0.0,0.0,64.03399887084962
2021-12-13 00:00:00-05:00,65.58999633789062,65.91000366210938,62.54999923706055,62.58000183105469,5783300,0.0,0.0,64.16599960327149
2021-12-14 00:00:00-05:00,61.599998474121094,63.130001068115234,61.209999084472656,62.97999954223633,4614200,0.0,0.0,63.672000122070315
2021-12-15 00:00:00-05:00,63.59000015258789,65.41999816894531,61.45000076293945,65.27999877929688,7392800,0.0,0.0,63.880000305175784
2021-12-16 00:00:00-05:00,65.44999694824219,65.87999725341797,59.90999984741211,60.84000015258789,9498300,0.0,0.0,63.38800048828125
2021-12-17 00:00:00-05:00,60.20000076293945,62.560001373291016,59.93000030517578,61.9900016784668,8964400,0.0,0.0,62.73400039672852
2021-12-20 00:00:00-05:00,60.63999938964844,61.38999938964844,59.95000076293945,60.939998626708984,5998400,0.0,0.0,62.405999755859376
2021-12-21 00:00:00-05:00,62.34000015258789,64.9000015258789,62.34000015258789,64.79000091552734,9973500,0.0,0.0,62.76800003051758
2021-12-22 00:00:00-05:00,64.4000015258789,65.55000305175781,63.63999938964844,65.52999877929688,3839300,0.0,0.0,62.81800003051758
2021-12-23 00:00:00-05:00,65.95999908447266,67.2699966430664,65.5,66.76000213623047,7613300,0.0,0.0,64.00200042724609
2021-12-27 00:00:00-05:00,67.16000366210938,69.83999633789062,67.16000366210938,69.77999877929688,6979300,0.0,0.0,65.55999984741212
2021-12-28 00:00:00-05:00,69.91000366210938,70.2699966430664,68.1500015258789,68.31999969482422,4215000,0.0,0.0,67.03600006103515
2021-12-29 00:00:00-05:00,68.36000061035156,69.44000244140625,68.29000091552734,68.93000030517578,2573100,0.0,0.0,67.86399993896484
2021-12-30 00:00:00-05:00,68.8499984741211,69.12999725341797,67.44000244140625,67.61000061035156,2506600,0.0,0.0,68.28000030517578
2021-12-31 00:00:00-05:00,67.77999877929688,68.66000366210938,67.77999877929688,67.91999816894531,2489700,0.0,0.0,68.51199951171876
2022-01-03 00:00:00-05:00,68.52999877929688,70.33000183105469,67.7699966430664,70.16999816894531,7049900,0.0,0.0,68.58999938964844
2022-01-04 00:00:00-05:00,70.55000305175781,71.26000213623047,67.33000183105469,70.94999694824219,7792100,0.0,0.0,69.11599884033203
2022-01-05 00:00:00-05:00,69.66000366210938,70.5999984741211,66.97000122070312,67.41999816894531,7227200,0.0,0.0,68.81399841308594
2022-01-06 00:00:00-05:00,67.41999816894531,68.55999755859375,65.9000015258789,67.25,5442700,0.0,0.0,68.74199829101562
2022-01-07 00:00:00-05:00,67.5,68.4800033569336,64.18000030517578,64.55999755859375,6794400,0.0,0.0,68.06999816894532
2022-01-10 00:00:00-05:00,63.0099983215332,65.20999908447266,61.66999816894531,65.12000274658203,6096500,0.0,0.0,67.05999908447265
2022-01-11 00:00:00-05:00,65.06999969482422,66.18000030517578,64.5,65.93000030517578,4907900,0.0,0.0,66.05599975585938
2022-01-12 00:00:00-05:00,66.86000061035156,68.0199966430664,65.97000122070312,66.48999786376953,5361400,0.0,0.0,65.86999969482422
2022-01-13 00:00:00-05:00,67.5199966430664,68.19999694824219,64.47000122070312,64.63999938964844,6707900,0.0,0.0,65.3479995727539
2022-01-14 00:00:00-05:00,63.83000183105469,66.2699966430664,63.619998931884766,66.19999694824219,5890500,0.0,0.0,65.67599945068359
2022-01-18 00:00:00-05:00,64.05999755859375,65.0999984741211,62.869998931884766,63.029998779296875,6494600,0.0,0.0,65.25799865722657
2022-01-19 00:00:00-05:00,63.41999816894531,63.61000061035156,58.88999938964844,59.0099983215332,8193100,0.0,0.0,63.87399826049805
2022-01-20 00:00:00-05:00,59.43000030517578,59.779998779296875,55.40999984741211,55.540000915527344,8818800,0.0,0.0,61.68399887084961
2022-01-21 00:00:00-05:00,55.20000076293945,57.58000183105469,54.599998474121094,54.72999954223633,8791100,0.0,0.0,59.70199890136719
2022-01-24 00:00:00-05:00,53.150001525878906,55.470001220703125,51.02000045776367,55.34000015258789,10170400,0.0,0.0,57.529999542236325
2022-01-25 00:00:00-05:00,53.27000045776367,55.41999816894531,52.970001220703125,53.31999969482422,8274200,0.0,0.0,55.587999725341795
2022-01-26 00:00:00-05:00,56.060001373291016,58.619998931884766,54.7400016784668,55.7599983215332,11956500,0.0,0.0,54.9379997253418
2022-01-27 00:00:00-05:00,56.400001525878906,58.0,53.060001373291016,53.66999816894531,8619100,0.0,0.0,54.56399917602539
2022-01-28 00:00:00-05:00,53.119998931884766,54.220001220703125,51.2599983215332,53.7599983215332,9879600,0.0,0.0,54.369998931884766
2022-01-31 00:00:00-05:00,54.970001220703125,59.02000045776367,54.599998474121094,59.0,9784500,0.0,0.0,55.10199890136719
2022-02-01 00:00:00-05:00,59.33000183105469,59.7400016784668,57.75,59.650001525878906,5488600,0.0,0.0,56.36799926757813
2022-02-02 00:00:00-05:00,60.599998474121094,61.33000183105469,59.20000076293945,61.08000183105469,7742600,0.0,0.0,57.43199996948242
2022-02-03 00:00:00-05:00,58.7599983215332,59.560001373291016,56.150001525878906,56.209999084472656,7940100,0.0,0.0,57.94000015258789
2022-02-04 00:00:00-05:00,56.43000030517578,57.900001525878906,55.25,57.41999816894531,10144000,0.0,0.0,58.672000122070315
2022-02-07 00:00:00-05:00,59.880001068115234,64.22000122070312,59.310001373291016,62.2599983215332,20500400,0.0,0.0,59.32399978637695
2022-02-08 00:00:00-05:00,62.130001068115234,66.66000366210938,61.619998931884766,65.97000122070312,11581700,0.0,0.0,60.587999725341795
2022-02-09 00:00:00-05:00,66.2699966430664,67.12999725341797,64.62999725341797,67.08000183105469,9830500,0.0,0.0,61.7879997253418
2022-02-10 00:00:00-05:00,65.5999984741211,67.01000213623047,62.970001220703125,63.41999816894531,9463400,0.0,0.0,63.22999954223633
2022-02-11 00:00:00-05:00,63.43000030517578,63.720001220703125,58.310001373291016,58.970001220703125,12377900,0.0,0.0,63.54000015258789
2022-02-14 00:00:00-05:00,59.29999923706055,60.70000076293945,57.86000061035156,58.65999984741211,6847600,0.0,0.0,62.82000045776367
2022-02-15 00:00:00-05:00,59.88999938964844,62.33000183105469,59.88999938964844,62.2400016784668,6386200,0.0,0.0,62.07400054931641
2022-02-16 00:00:00-05:00,61.369998931884766,63.79999923706055,60.86000061035156,63.11000061035156,4197500,0.0,0.0,61.28000030517578
2022-02-17 00:00:00-05:00,61.790000915527344,61.9900016784668,59.97999954223633,60.189998626708984,6399800,0.0,0.0,60.63400039672852
2022-02-18 00:00:00-05:00,60.36000061035156,61.2599983215332,59.209999084472656,60.20000076293945,4596000,0.0,0.0,60.880000305175784
2022-02-22 00:00:00-05:00,58.810001373291016,60.880001068115234,57.349998474121094,58.439998626708984,7242700,0.0,0.0,60.83600006103516
2022-02-23 00:00:00-05:00,59.47999954223633,61.130001068115234,57.54999923706055,57.75,6119200,0.0,0.0,59.9379997253418
2022-02-24 00:00:00-05:00,54.880001068115234,61.290000915527344,54.470001220703125,61.08000183105469,7450300,0.0,0.0,59.53199996948242
2022-02-25 00:00:00-05:00,61.0,63.560001373291016,60.029998779296875,63.5,6917500,0.0,0.0,60.194000244140625
2022-02-28 00:00:00-05:00,61.81999969482422,63.119998931884766,61.029998779296875,62.61000061035156,6777000,0.0,0.0,60.67600021362305
2022-03-01 00:00:00-05:00,62.5099983215332,63.41999816894531,58.90999984741211,59.650001525878906,7336900,0.0,0.0,60.91800079345703
2022-03-02 00:00:00-05:00,60.54999923706055,63.33000183105469,60.33000183105469,62.869998931884766,6254200,0.0,0.0,61.94200057983399
2022-03-03 00:00:00-05:00,62.290000915527344,63.29999923706055,61.16999816894531,61.5099983215332,5651900,0.0,0.0,62.02799987792969
2022-03-04 00:00:00-05:00,60.18000030517578,61.0099983215332,57.27000045776367,58.33000183105469,6569300,0.0,0.0,60.99400024414062
2022-03-07 00:00:00-05:00,58.099998474121094,58.88999938964844,53.5,53.52000045776367,10019300,0.0,0.0,59.17600021362305
2022-03-08 00:00:00-05:00,54.2599983215332,58.43000030517578,53.0099983215332,55.790000915527344,7527100,0.0,0.0,58.40400009155273
2022-03-09 00:00:00-05:00,58.380001068115234,58.939998626708984,57.13999938964844,58.43000030517578,5593500,0.0,0.0,57.51600036621094
2022-03-10 00:00:00-05:00,57.06999969482422,58.0,56.0,57.630001068115234,2999100,0.0,0.0,56.74000091552735
2022-03-11 00:00:00-05:00,58.38999938964844,58.70000076293945,55.810001373291016,55.88999938964844,4233200,0.0,0.0,56.252000427246095
2022-03-14 00:00:00-04:00,55.400001525878906,56.220001220703125,53.279998779296875,53.90999984741211,6042900,0.0,0.0,56.33000030517578
2022-03-15 00:00:00-04:00,53.619998931884766,56.81999969482422,53.150001525878906,56.65999984741211,5979400,0.0,0.0,56.50400009155273
2022-03-16 00:00:00-04:00,57.77000045776367,60.65999984741211,57.310001373291016,60.11000061035156,6352400,0.0,0.0,56.84000015258789
2022-03-17 00:00:00-04:00,59.310001373291016,60.790000915527344,58.5,60.7599983215332,4880600,0.0,0.0,57.465999603271484
2022-03-18 00:00:00-04:00,60.02000045776367,62.36000061035156,59.709999084472656,61.93000030517578,10766100,0.0,0.0,58.67399978637695
2022-03-21 00:00:00-04:00,61.130001068115234,62.720001220703125,60.65999984741211,61.93000030517578,4694300,0.0,0.0,60.27799987792969
2022-03-22 00:00:00-04:00,61.68000030517578,63.310001373291016,60.93000030517578,62.18000030517578,5471700,0.0,0.0,61.38199996948242
2022-03-23 00:00:00-04:00,61.900001525878906,62.25,60.08000183105469,60.38999938964844,4109000,0.0,0.0,61.4379997253418
2022-03-24 00:00:00-04:00,61.189998626708984,63.77000045776367,60.439998626708984,63.58000183105469,7553400,0.0,0.0,62.002000427246095
2022-03-25 00:00:00-04:00,63.599998474121094,63.95000076293945,61.72999954223633,63.810001373291016,6187700,0.0,0.0,62.37800064086914
2022-03-28 00:00:00-04:00,63.66999816894531,65.4000015258789,62.959999084472656,65.31999969482422,6483000,0.0,0.0,63.056000518798825
2022-03-29 00:00:00-04:00,67.1500015258789,68.69999694824219,65.72000122070312,67.36000061035156,7137200,0.0,0.0,64.09200057983398
2022-03-30 00:00:00-04:00,67.18000030517578,67.18000030517578,64.05000305175781,64.43000030517578,5658300,0.0,0.0,64.90000076293946
2022-03-31 00:00:00-04:00,64.38999938964844,65.37999725341797,62.529998779296875,62.61000061035156,6176400,0.0,0.0,64.70600051879883
2022-04-01 00:00:00-04:00,63.16999816894531,63.310001373291016,58.5099983215332,59.630001068115234,7009300,0.0,0.0,63.87000045776367
2022-04-04 00:00:00-04:00,60.029998779296875,60.70000076293945,58.630001068115234,59.59000015258789,7772800,0.0,0.0,62.72400054931641
2022-04-05 00:00:00-04:00,59.0,59.25,55.56999969482422,55.70000076293945,9531600,0.0,0.0,60.39200057983398
2022-04-06 00:00:00-04:00,54.529998779296875,54.97999954223633,53.0099983215332,53.70000076293945,8652700,0.0,0.0,58.24600067138672
2022-04-07 00:00:00-04:00,54.06999969482422,55.150001525878906,52.70000076293945,54.09000015258789,5857200,0.0,0.0,56.54200057983398
2022-04-08 00:00:00-04:00,53.439998626708984,54.0,52.150001525878906,52.72999954223633,5967100,0.0,0.0,55.162000274658205
2022-04-11 00:00:00-04:00,51.779998779296875,53.97999954223633,51.54999923706055,52.33000183105469,6789200,0.0,0.0,53.710000610351564
2022-04-12 00:00:00-04:00,54.0,55.040000915527344,52.810001373291016,53.13999938964844,6967200,0.0,0.0,53.19800033569336
2022-04-13 00:00:00-04:00,53.45000076293945,54.86000061035156,52.79999923706055,54.25,4001200,0.0,0.0,53.30800018310547
2022-04-14 00:00:00-04:00,54.33000183105469,54.52000045776367,53.2400016784668,53.2599983215332,3942600,0.0,0.0,53.14199981689453
2022-04-18 00:00:00-04:00,52.959999084472656,55.43000030517578,52.83000183105469,54.56999969482422,4539000,0.0,0.0,53.50999984741211
2022-04-19 00:00:00-04:00,54.869998931884766,56.45000076293945,54.58000183105469,56.380001068115234,4454100,0.0,0.0,54.31999969482422
2022-04-20 00:00:00-04:00,57.04999923706055,57.70000076293945,55.33000183105469,55.400001525878906,4904400,0.0,0.0,54.77200012207031
2022-04-21 00:00:00-04:00,56.459999084472656,57.470001220703125,52.849998474121094,53.2599983215332,6366000,0.0,0.0,54.57399978637695
2022-04-22 00:00:00-04:00,53.20000076293945,53.630001068115234,51.560001373291016,51.779998779296875,5455800,0.0,0.0,54.27799987792969
2022-04-25 00:00:00-04:00,51.45000076293945,53.529998779296875,51.06999969482422,53.47999954223633,4328600,0.0,0.0,54.05999984741211
2022-04-26 00:00:00-04:00,52.86000061035156,53.27000045776367,51.29999923706055,51.36000061035156,4327900,0.0,0.0,53.055999755859375
2022-04-27 00:00:00-04:00,50.84000015258789,52.81999969482422,50.599998474121094,51.209999084472656,4782400,0.0,0.0,52.21799926757812
2022-04-28 00:00:00-04:00,52.5,54.9900016784668,51.599998474121094,54.47999954223633,6440900,0.0,0.0,52.46199951171875
2022-04-29 00:00:00-04:00,53.61000061035156,55.22999954223633,51.970001220703125,52.11000061035156,6886300,0.0,0.0,52.52799987792969
2022-05-02 00:00:00-04:00,53.869998931884766,55.79999923706055,52.25,55.619998931884766,11364100,0.0,0.0,52.955999755859374
2022-05-03 00:00:00-04:00,55.619998931884766,57.279998779296875,54.91999816894531,56.5099983215332,6933300,0.0,0.0,53.985999298095706
2022-05-04 00:00:00-04:00,57.0,58.93000030517578,54.810001373291016,58.91999816894531,6496400,0.0,0.0,55.52799911499024
2022-05-05 00:00:00-04:00,57.79999923706055,57.90999984741211,54.349998474121094,55.22999954223633,8606300,0.0,0.0,55.677999114990236
2022-05-06 00:00:00-04:00,55.25,56.040000915527344,53.040000915527344,55.130001068115234,5843500,0.0,0.0,56.28199920654297
2022-05-09 00:00:00-04:00,53.54999923706055,54.599998474121094,50.56999969482422,50.81999969482422,7720500,0.0,0.0,55.32199935913086
2022-05-10 00:00:00-04:00,52.099998474121094,54.91999816894531,51.40999984741211,53.869998931884766,10675600,0.0,0.0,54.79399948120117
2022-05-11 00:00:00-04:00,52.869998931884766,55.349998474121094,51.63999938964844,51.77000045776367,6716200,0.0,0.0,53.363999938964845
2022-05-12 00:00:00-04:00,52.0,53.45000076293945,50.939998626708984,52.97999954223633,5759800,0.0,0.0,52.91399993896484
2022-05-13 00:00:00-04:00,54.349998474121094,56.619998931884766,54.099998474121094,56.18000030517578,6291200,0.0,0.0,53.123999786376956
2022-05-16 00:00:00-04:00,55.189998626708984,56.209999084472656,54.66999816894531,55.150001525878906,3798000,0.0,0.0,53.99000015258789
2022-05-17 00:00:00-04:00,56.68000030517578,58.66999816894531,56.58000183105469,58.5,5976600,0.0,0.0,54.91600036621094
2022-05-18 00:00:00-04:00,57.31999969482422,59.06999969482422,55.33000183105469,55.83000183105469,6296700,0.0,0.0,55.72800064086914
2022-05-19 00:00:00-04:00,55.20000076293945,57.33000183105469,54.970001220703125,56.06999969482422,4941900,0.0,0.0,56.34600067138672
2022-05-20 00:00:00-04:00,57.540000915527344,57.650001525878906,53.849998474121094,56.459999084472656,6272100,0.0,0.0,56.402000427246094
2022-05-23 00:00:00-04:00,56.36000061035156,56.880001068115234,54.52000045776367,55.88999938964844,4018700,0.0,0.0,56.55
2022-05-24 00:00:00-04:00,54.779998779296875,55.31999969482422,53.560001373291016,54.5,4998800,0.0,0.0,55.75
2022-05-25 00:00:00-04:00,53.84000015258789,56.90999984741211,53.77000045776367,56.2400016784668,4124900,0.0,0.0,55.831999969482425
2022-05-26 00:00:00-04:00,55.650001525878906,59.540000915527344,55.5,59.33000183105469,5348700,0.0,0.0,56.48400039672852
2022-05-27 00:00:00-04:00,59.90999984741211,61.16999816894531,59.849998474121094,61.13999938964844,6779200,0.0,0.0,57.42000045776367
2022-05-31 00:00:00-04:00,60.970001220703125,61.84000015258789,59.43000030517578,60.68000030517578,7175000,0.0,0.0,58.37800064086914
2022-06-01 00:00:00-04:00,61.22999954223633,61.70000076293945,58.290000915527344,59.27000045776367,5488400,0.0,0.0,59.332000732421875
2022-06-02 00:00:00-04:00,59.0099983215332,63.849998474121094,58.900001525878906,63.59000015258789,9046100,0.0,0.0,60.80200042724609
2022-06-03 00:00:00-04:00,61.939998626708984,63.13999938964844,60.90999984741211,62.939998626708984,7173300,0.0,0.0,61.523999786376955
2022-06-06 00:00:00-04:00,67.16000366210938,67.19000244140625,64.08000183105469,66.01000213623047,21894800,0.0,0.0,62.49800033569336
2022-06-07 00:00:00-04:00,65.0,65.77999877929688,64.41000366210938,65.4800033569336,8354900,0.0,0.0,63.45800094604492
2022-06-08 00:00:00-04:00,64.94999694824219,65.77999877929688,63.63999938964844,63.810001373291016,8190800,0.0,0.0,64.36600112915039
2022-06-09 00:00:00-04:00,63.150001525878906,64.80999755859375,62.61000061035156,62.65999984741211,9903200,0.0,0.0,64.18000106811523
2022-06-10 00:00:00-04:00,60.349998474121094,62.02000045776367,59.650001525878906,60.13999938964844,9224700,0.0,0.0,63.620001220703124
2022-06-13 00:00:00-04:00,57.72999954223633,58.529998779296875,55.369998931884766,56.06999969482422,10050800,0.0,0.0,61.63200073242187
2022-06-14 00:00:00-04:00,56.54999923706055,57.38999938964844,55.900001525878906,56.650001525878906,7494600,0.0,0.0,59.86600036621094
2022-06-15 00:00:00-04:00,57.13999938964844,59.0,56.369998931884766,58.040000915527344,9288700,0.0,0.0,58.7120002746582
2022-06-16 00:00:00-04:00,56.220001220703125,56.34000015258789,52.0,53.459999084472656,17643400,0.0,0.0,56.87200012207031
2022-06-17 00:00:00-04:00,53.779998779296875,54.02000045776367,50.88999938964844,52.459999084472656,93180900,0.0,0.0,55.33600006103516
2022-06-21 00:00:00-04:00,53.22999954223633,53.970001220703125,51.86000061035156,51.95000076293945,11186900,0.0,0.0,54.512000274658206
2022-06-22 00:00:00-04:00,50.90999984741211,52.04999923706055,49.79999923706055,51.0099983215332,9494400,0.0,0.0,53.38399963378906
2022-06-23 00:00:00-04:00,51.060001373291016,51.20000076293945,49.81999969482422,50.470001220703125,8182700,0.0,0.0,51.869999694824216
2022-06-24 00:00:00-04:00,51.619998931884766,53.130001068115234,51.060001373291016,52.970001220703125,9146600,0.0,0.0,51.77200012207031
2022-06-27 00:00:00-04:00,53.93000030517578,54.81999969482422,52.54999923706055,54.16999816894531,6440200,0.0,0.0,52.113999938964845
2022-06-28 00:00:00-04:00,54.25,55.58000183105469,52.47999954223633,52.810001373291016,6714800,0.0,0.0,52.28600006103515
2022-06-29 00:00:00-04:00,52.150001525878906,52.18000030517578,50.2400016784668,51.119998931884766,6450600,0.0,0.0,52.30800018310547
2022-06-30 00:00:00-04:00,50.150001525878906,51.47999954223633,49.349998474121094,50.310001373291016,6871900,0.0,0.0,52.27600021362305
2022-07-01 00:00:00-04:00,49.290000915527344,49.5,46.560001373291016,46.84000015258789,11224400,0.0,0.0,51.05
2022-07-05 00:00:00-04:00,45.209999084472656,47.34000015258789,44.7599983215332,47.29999923706055,7770800,0.0,0.0,49.67600021362305
2022-07-06 00:00:00-04:00,47.369998931884766,48.040000915527344,45.970001220703125,47.61000061035156,7668800,0.0,0.0,48.636000061035155
2022-07-07 00:00:00-04:00,49.41999816894531,52.4900016784668,49.349998474121094,52.0099983215332,9846700,0.0,0.0,48.81399993896484
2022-07-08 00:00:00-04:00,51.20000076293945,53.93000030517578,51.02000045776367,53.470001220703125,7080000,0.0,0.0,49.44599990844726
2022-07-11 00:00:00-04:00,52.970001220703125,53.59000015258789,52.380001068115234,52.599998474121094,7490500,0.0,0.0,50.597999572753906
2022-07-12 00:00:00-04:00,52.66999816894531,53.59000015258789,52.29999923706055,52.77000045776367,4474200,0.0,0.0,51.69199981689453
2022-07-13 00:00:00-04:00,51.5,53.41999816894531,50.810001373291016,52.47999954223633,5664100,0.0,0.0,52.66599960327149
2022-07-14 00:00:00-04:00,52.2400016784668,54.09000015258789,51.189998626708984,54.04999923706055,5358100,0.0,0.0,53.07399978637695
2022-07-15 00:00:00-04:00,54.310001373291016,56.11000061035156,53.58000183105469,56.06999969482422,7055200,0.0,0.0,53.59399948120117
2022-07-18 00:00:00-04:00,57.189998626708984,57.189998626708984,54.54999923706055,54.95000076293945,6459800,0.0,0.0,54.06399993896484
2022-07-19 00:00:00-04:00,55.88999938964844,59.060001373291016,55.79999923706055,58.779998779296875,9855800,0.0,0.0,55.26599960327148
2022-07-20 00:00:00-04:00,58.619998931884766,60.54999923706055,57.75,60.09000015258789,7305700,0.0,0.0,56.7879997253418
2022-07-21 00:00:00-04:00,60.0,61.209999084472656,59.290000915527344,61.16999816894531,4519400,0.0,0.0,58.21199951171875
2022-07-22 00:00:00-04:00,61.279998779296875,61.349998474121094,58.790000915527344,59.41999816894531,5484000,0.0,0.0,58.88199920654297
2022-07-25 00:00:00-04:00,59.16999816894531,59.84000015258789,58.45000076293945,59.34000015258789,3483500,0.0,0.0,59.75999908447265
2022-07-26 00:00:00-04:00,58.849998474121094,60.119998931884766,58.08000183105469,58.25,4666300,0.0,0.0,59.65399932861328
2022-07-27 00:00:00-04:00,60.0,63.040000915527344,59.720001220703125,62.5099983215332,7814400,0.0,0.0,60.13799896240234
2022-07-28 00:00:00-04:00,62.869998931884766,64.68000030517578,61.84000015258789,64.55999755859375,6430900,0.0,0.0,60.81599884033203
2022-07-29 00:00:00-04:00,63.36000061035156,66.98999786376953,63.25,66.77999877929688,9698600,0.0,0.0,62.28799896240234
2022-08-01 00:00:00-04:00,64.26000213623047,66.79000091552734,62.63999938964844,63.65999984741211,16129300,0.0,0.0,63.151998901367186
2022-08-02 00:00:00-04:00,64.44999694824219,67.70999908447266,63.040000915527344,65.58999633789062,10420400,0.0,0.0,64.61999816894532
2022-08-03 00:00:00-04:00,65.9000015258789,69.26000213623047,65.54000091552734,68.83000183105469,8866700,0.0,0.0,65.88399887084961
2022-08-04 00:00:00-04:00,68.3499984741211,68.98999786376953,67.61000061035156,68.05000305175781,6202000,0.0,0.0,66.58199996948242
2022-08-05 00:00:00-04:00,66.81999969482422,68.19999694824219,65.80000305175781,67.62999725341797,7299500,0.0,0.0,66.75199966430664
2022-08-08 00:00:00-04:00,66.95999908447266,68.13999938964844,66.37999725341797,67.33999633789062,6283500,0.0,0.0,67.48799896240234
2022-08-09 00:00:00-04:00,65.33999633789062,65.47000122070312,61.720001220703125,63.08000183105469,11019400,0.0,0.0,66.98600006103516
2022-08-10 00:00:00-04:00,64.94000244140625,66.58999633789062,63.720001220703125,66.19999694824219,8889100,0.0,0.0,66.45999908447266
2022-08-11 00:00:00-04:00,66.87999725341797,68.73999786376953,65.9000015258789,66.36000061035156,7466100,0.0,0.0,66.1219985961914
2022-08-12 00:00:00-04:00,67.0,71.9800033569336,66.44999694824219,71.16000366210938,13408600,0.0,0.0,66.82799987792968
2022-08-15 00:00:00-04:00,70.0199966430664,72.1500015258789,69.94000244140625,71.23999786376953,5713000,0.0,0.0,67.60800018310547
2022-08-16 00:00:00-04:00,71.0,71.5,69.76000213623047,70.70999908447266,4728400,0.0,0.0,69.13399963378906
2022-08-17 00:00:00-04:00,69.18000030517578,69.29000091552734,66.76000213623047,68.29000091552734,8593600,0.0,0.0,69.5520004272461
2022-08-18 00:00:00-04:00,69.16999816894531,75.26000213623047,68.51000213623047,73.25,18696600,0.0,0.0,70.93000030517578
2022-08-19 00:00:00-04:00,71.83999633789062,73.48999786376953,71.3499984741211,72.52999877929688,9334900,0.0,0.0,71.20399932861328
2022-08-22 00:00:00-04:00,70.33000183105469,70.6500015258789,68.52999877929688,68.80000305175781,7528100,0.0,0.0,70.71600036621093
2022-08-23 00:00:00-04:00,69.12999725341797,71.5199966430664,69.12999725341797,71.25,5542300,0.0,0.0,70.82400054931641
2022-08-24 00:00:00-04:00,70.91000366210938,72.26000213623047,70.43000030517578,72.02999877929688,4300000,0.0,0.0,71.5720001220703
2022-08-25 00:00:00-04:00,72.23999786376953,76.77999877929688,72.12000274658203,76.70999908447266,8534100,0.0,0.0,72.26399993896484
2022-08-26 00:00:00-04:00,76.43000030517578,76.45999908447266,71.55000305175781,71.58000183105469,9243300,0.0,0.0,72.07400054931641
2022-08-29 00:00:00-04:00,70.7300033569336,72.01000213623047,69.26000213623047,69.5199966430664,6966300,0.0,0.0,72.21799926757812
2022-08-30 00:00:00-04:00,70.61000061035156,70.7699966430664,67.38999938964844,68.97000122070312,8233700,0.0,0.0,71.76199951171876
2022-08-31 00:00:00-04:00,69.08999633789062,69.62000274658203,67.43000030517578,68.7699966430664,7077000,0.0,0.0,71.10999908447266
2022-09-01 00:00:00-04:00,66.70999908447266,68.58000183105469,65.47000122070312,68.22000122070312,9855200,0.0,0.0,69.41199951171875
2022-09-02 00:00:00-04:00,69.62999725341797,70.36000061035156,66.8499984741211,67.51000213623047,6661800,0.0,0.0,68.5979995727539
2022-09-06 00:00:00-04:00,67.75,67.79000091552734,65.02999877929688,66.05000305175781,6896300,0.0,0.0,67.90400085449218
2022-09-07 00:00:00-04:00,66.0999984741211,67.88999938964844,65.63999938964844,67.36000061035156,5836500,0.0,0.0,67.58200073242188
2022-09-08 00:00:00-04:00,66.66000366210938,70.61000061035156,66.38999938964844,70.55000305175781,9769200,0.0,0.0,67.93800201416016
2022-09-09 00:00:00-04:00,71.58999633789062,72.91999816894531,71.0199966430664,71.66999816894531,8264300,0.0,0.0,68.6280014038086
2022-09-12 00:00:00-04:00,71.94999694824219,72.33000183105469,70.66999816894531,71.9000015258789,5592400,0.0,0.0,69.50600128173828
2022-09-13 00:00:00-04:00,68.58999633789062,69.08000183105469,66.56999969482422,66.87000274658203,9889000,0.0,0.0,69.67000122070313
2022-09-14 00:00:00-04:00,67.72000122070312,69.08999633789062,66.2699966430664,68.56999969482422,6009200,0.0,0.0,69.91200103759766
2022-09-15 00:00:00-04:00,68.20999908447266,69.48999786376953,67.20999908447266,68.1500015258789,4640100,0.0,0.0,69.43200073242187
2022-09-16 00:00:00-04:00,67.11000061035156,69.01000213623047,66.30000305175781,68.94000244140625,8521200,0.0,0.0,68.88600158691406
2022-09-19 00:00:00-04:00,67.61000061035156,70.88999938964844,67.5199966430664,70.16000366210938,6672900,0.0,0.0,68.53800201416016
2022-09-20 00:00:00-04:00,69.43000030517578,70.04000091552734,67.93000030517578,68.4800033569336,5053700,0.0,0.0,68.86000213623046
2022-09-21 00:00:00-04:00,69.06999969482422,71.7699966430664,68.31999969482422,68.33999633789062,6728800,0.0,0.0,68.81400146484376
2022-09-22 00:00:00-04:00,68.18000030517578,68.72000122070312,64.16999816894531,64.95999908447266,6955500,0.0,0.0,68.1760009765625
2022-09-23 00:00:00-04:00,63.58000183105469,64.18000030517578,61.65999984741211,63.310001373291016,8228200,0.0,0.0,67.05000076293945
2022-09-26 00:00:00-04:00,62.90999984741211,65.16999816894531,62.61000061035156,62.70000076293945,5272300,0.0,0.0,65.55800018310546
2022-09-27 00:00:00-04:00,64.36000061035156,65.05999755859375,62.7400016784668,64.29000091552734,4905900,0.0,0.0,64.71999969482422
2022-09-28 00:00:00-04:00,63.130001068115234,65.88999938964844,63.029998779296875,65.5,5070500,0.0,0.0,64.1520004272461
2022-09-29 00:00:00-04:00,64.0,64.30999755859375,61.41999816894531,62.939998626708984,7078800,0.0,0.0,63.74800033569336
2022-09-30 00:00:00-04:00,62.720001220703125,64.70999908447266,62.290000915527344,62.33000183105469,5847500,0.0,0.0,63.55200042724609
2022-10-03 00:00:00-04:00,63.0099983215332,65.54000091552734,61.939998626708984,64.79000091552734,6357600,0.0,0.0,63.970000457763675
2022-10-04 00:00:00-04:00,67.0,68.94000244140625,66.79000091552734,68.91999816894531,6281900,0.0,0.0,64.89599990844727
2022-10-05 00:00:00-04:00,67.5,69.83999633789062,66.87999725341797,69.51000213623047,5887900,0.0,0.0,65.69800033569337
2022-10-06 00:00:00-04:00,69.62999725341797,71.58000183105469,69.05999755859375,70.25,6465400,0.0,0.0,67.16000061035156
2022-10-07 00:00:00-04:00,68.01000213623047,68.16999816894531,63.11000061035156,64.83000183105469,10339300,0.0,0.0,67.66000061035156
2022-10-10 00:00:00-04:00,64.81999969482422,64.8499984741211,59.68000030517578,61.93000030517578,8861500,0.0,0.0,67.08800048828125
2022-10-11 00:00:00-04:00,60.720001220703125,60.880001068115234,58.34000015258789,59.470001220703125,9114200,0.0,0.0,65.19800109863282
2022-10-12 00:00:00-04:00,58.849998474121094,59.68000030517578,58.18000030517578,58.95000076293945,4573700,0.0,0.0,63.08600082397461
2022-10-13 00:00:00-04:00,56.209999084472656,61.369998931884766,54.93000030517578,60.630001068115234,10023000,0.0,0.0,61.162001037597655
2022-10-14 00:00:00-04:00,61.7400016784668,61.939998626708984,57.619998931884766,57.77000045776367,6372000,0.0,0.0,59.75000076293945
2022-10-17 00:00:00-04:00,59.56999969482422,60.7599983215332,59.02000045776367,59.790000915527344,5882500,0.0,0.0,59.322000885009764
2022-10-18 00:00:00-04:00,62.38999938964844,62.70000076293945,59.470001220703125,60.72999954223633,5006900,0.0,0.0,59.57400054931641
2022-10-19 00:00:00-04:00,60.0099983215332,61.7400016784668,59.650001525878906,60.77000045776367,4201200,0.0,0.0,59.93800048828125
2022-10-20 00:00:00-04:00,61.0,63.2599983215332,60.439998626708984,61.52000045776367,5535200,0.0,0.0,60.11600036621094
2022-10-21 00:00:00-04:00,61.400001525878906,65.88999938964844,60.90999984741211,65.68000030517578,8204000,0.0,0.0,61.69800033569336
2022-10-24 00:00:00-04:00,66.4800033569336,66.9000015258789,63.9900016784668,65.3499984741211,5918600,0.0,0.0,62.80999984741211
2022-10-25 00:00:00-04:00,65.43000030517578,67.5999984741211,65.4000015258789,66.58999633789062,7056600,0.0,0.0,63.981999206542966
2022-10-26 00:00:00-04:00,65.06999969482422,68.54000091552734,64.41000366210938,67.73999786376953,9192300,0.0,0.0,65.37599868774414
2022-10-27 00:00:00-04:00,65.41000366210938,66.36000061035156,63.5,64.8499984741211,10071100,0.0,0.0,66.04199829101563
2022-10-28 00:00:00-04:00,64.81999969482422,67.7699966430664,63.56999969482422,67.4800033569336,9835700,0.0,0.0,66.4019989013672
2022-10-31 00:00:00-04:00,65.91999816894531,67.13999938964844,61.22999954223633,61.43000030517578,17974600,0.0,0.0,65.61799926757813
2022-11-01 00:00:00-04:00,62.72999954223633,63.79999923706055,61.529998779296875,61.7400016784668,8319100,0.0,0.0,64.64800033569335
2022-11-02 00:00:00-04:00,62.189998626708984,63.939998626708984,60.0,60.11000061035156,8274200,0.0,0.0,63.12200088500977
2022-11-03 00:00:00-04:00,59.400001525878906,60.86000061035156,58.43000030517578,59.189998626708984,6630300,0.0,0.0,61.99000091552735
2022-11-04 00:00:00-04:00,62.0,63.22999954223633,60.93000030517578,63.189998626708984,8120200,0.0,0.0,61.13199996948242
2022-11-07 00:00:00-05:00,64.0999984741211,65.87999725341797,62.650001525878906,65.47000122070312,6388300,0.0,0.0,61.94000015258789
2022-11-08 00:00:00-05:00,66.83000183105469,67.8499984741211,65.6500015258789,67.08999633789062,5588900,0.0,0.0,63.00999908447265
2022-11-09 00:00:00-05:00,65.58000183105469,66.66999816894531,63.34000015258789,63.83000183105469,6384700,0.0,0.0,63.75399932861328
2022-11-10 00:00:00-05:00,68.37000274658203,73.05999755859375,67.88999938964844,72.79000091552734,10452900,0.0,0.0,66.47399978637695
2022-11-11 00:00:00-05:00,72.58999633789062,76.13999938964844,72.25,75.05000305175781,7264400,0.0,0.0,68.84600067138672
2022-11-14 00:00:00-05:00,74.30999755859375,77.27999877929688,72.75,72.83000183105469,9269800,0.0,0.0,70.31800079345703
2022-11-15 00:00:00-05:00,75.87000274658203,76.26000213623047,73.08000183105469,74.30000305175781,7025000,0.0,0.0,71.76000213623047
2022-11-16 00:00:00-05:00,72.62000274658203,72.6500015258789,70.23999786376953,70.29000091552734,7869500,0.0,0.0,73.052001953125
2022-11-17 00:00:00-05:00,68.19999694824219,71.86000061035156,67.6500015258789,71.11000061035156,5800800,0.0,0.0,72.71600189208985
2022-11-18 00:00:00-05:00,72.83000183105469,73.1500015258789,71.43000030517578,72.45999908447266,4745500,0.0,0.0,72.19800109863282
2022-11-21 00:00:00-05:00,71.3499984741211,72.0,70.5199966430664,71.1500015258789,4135700,0.0,0.0,71.86200103759765
2022-11-22 00:00:00-05:00,72.08999633789062,73.80999755859375,71.41999816894531,73.73999786376953,4756500,0.0,0.0,71.75
2022-11-23 00:00:00-05:00,73.66999816894531,76.05000305175781,73.4800033569336,74.0,4303700,0.0,0.0,72.49199981689453
2022-11-25 00:00:00-05:00,73.80000305175781,74.61000061035156,73.37000274658203,73.4000015258789,2006000,0.0,0.0,72.95
2022-11-28 00:00:00-05:00,72.16000366210938,72.83999633789062,69.54000091552734,69.95999908447266,6493500,0.0,0.0,72.45
2022-11-29 00:00:00-05:00,70.37000274658203,71.36000061035156,69.5999984741211,70.72000122070312,3992000,0.0,0.0,72.36399993896484
2022-11-30 00:00:00-05:00,70.8499984741211,75.30999755859375,69.76000213623047,75.19999694824219,7606500,0.0,0.0,72.65599975585937
2022-12-01 00:00:00-05:00,75.5,75.91999816894531,72.7699966430664,73.98999786376953,4904500,0.0,0.0,72.65399932861328
2022-12-02 00:00:00-05:00,71.83000183105469,73.12000274658203,70.95999908447266,73.04000091552734,4801200,0.0,0.0,72.58199920654297
2022-12-05 00:00:00-05:00,72.7699966430664,73.20999908447266,70.5199966430664,71.56999969482422,4064700,0.0,0.0,72.90399932861328
2022-12-06 00:00:00-05:00,71.86000061035156,71.86000061035156,69.19000244140625,69.73999786376953,4905500,0.0,0.0,72.70799865722657
2022-12-07 00:00:00-05:00,68.76000213623047,70.88999938964844,68.43000030517578,70.13999938964844,3030500,0.0,0.0,71.69599914550781
2022-12-08 00:00:00-05:00,71.19999694824219,73.2300033569336,70.69000244140625,72.16000366210938,4364600,0.0,0.0,71.33000030517579
2022-12-09 00:00:00-05:00,71.05000305175781,72.23999786376953,70.36000061035156,70.52999877929688,3530200,0.0,0.0,70.82799987792968
2022-12-12 00:00:00-05:00,69.69000244140625,71.0,68.91000366210938,70.98999786376953,5151700,0.0,0.0,70.71199951171874
2022-12-13 00:00:00-05:00,74.87999725341797,74.9000015258789,70.43000030517578,71.55999755859375,4856100,0.0,0.0,71.0759994506836
2022-12-14 00:00:00-05:00,71.16999816894531,71.55000305175781,67.01000213623047,67.58999633789062,10941600,0.0,0.0,70.56599884033203
2022-12-15 00:00:00-05:00,65.6500015258789,66.16999816894531,63.52000045776367,64.26000213623047,12351400,0.0,0.0,68.98599853515626
2022-12-16 00:00:00-05:00,63.900001525878906,65.80999755859375,63.52000045776367,65.37999725341797,8463400,0.0,0.0,67.95599822998047
2022-12-19 00:00:00-05:00,65.44999694824219,65.76000213623047,62.900001525878906,64.1500015258789,6366600,0.0,0.0,66.58799896240234
2022-12-20 00:00:00-05:00,63.34000015258789,64.9800033569336,62.61000061035156,64.02999877929688,4571200,0.0,0.0,65.08199920654297
2022-12-21 00:00:00-05:00,64.73999786376953,66.05000305175781,64.62999725341797,65.04000091552734,5063300,0.0,0.0,64.5720001220703
2022-12-22 00:00:00-05:00,63.279998779296875,63.279998779296875,60.68000030517578,62.119998931884766,9874500,0.0,0.0,64.14399948120118
2022-12-23 00:00:00-05:00,61.439998626708984,62.540000915527344,60.689998626708984,62.38999938964844,3351500,0.0,0.0,63.545999908447264
2022-12-27 00:00:00-05:00,61.939998626708984,62.16999816894531,60.97999954223633,61.36000061035156,5072500,0.0,0.0,62.987999725341794
2022-12-28 00:00:00-05:00,60.709999084472656,61.79999923706055,59.77000045776367,60.279998779296875,3576400,0.0,0.0,62.237999725341794
2022-12-29 00:00:00-05:00,61.849998474121094,63.04999923706055,61.09000015258789,62.709999084472656,5253300,0.0,0.0,61.77199935913086
2022-12-30 00:00:00-05:00,61.529998779296875,62.439998626708984,60.869998931884766,62.369998931884766,2650100,0.0,0.0,61.82199935913086
2023-01-03 00:00:00-05:00,63.95000076293945,64.13999938964844,61.06999969482422,61.61000061035156,4364400,0.0,0.0,61.66599960327149
2023-01-04 00:00:00-05:00,62.68000030517578,63.38999938964844,61.150001525878906,62.20000076293945,6189700,0.0,0.0,61.83399963378906
2023-01-05 00:00:00-05:00,61.119998931884766,63.77000045776367,59.61000061035156,59.7400016784668,9253800,0.0,0.0,61.726000213623045
2023-01-06 00:00:00-05:00,60.849998474121094,62.7400016784668,59.75,62.470001220703125,7144400,0.0,0.0,61.67800064086914
2023-01-09 00:00:00-05:00,64.5999984741211,66.29000091552734,64.2300033569336,64.6500015258789,6408000,0.0,0.0,62.13400115966797
2023-01-10 00:00:00-05:00,61.54999923706055,64.44999694824219,61.29999923706055,64.2699966430664,8248200,0.0,0.0,62.66600036621094
2023-01-11 00:00:00-05:00,64.45999908447266,64.8499984741211,63.08000183105469,64.62999725341797,4889100,0.0,0.0,63.15199966430664
2023-01-12 00:00:00-05:00,65.0,65.5999984741211,63.290000915527344,64.93000030517578,4807200,0.0,0.0,64.18999938964843
2023-01-13 00:00:00-05:00,64.4000015258789,65.22000122070312,63.279998779296875,65.1500015258789,3409000,0.0,0.0,64.72599945068359
2023-01-17 00:00:00-05:00,65.29000091552734,66.7300033569336,64.56999969482422,65.87000274658203,3902000,0.0,0.0,64.96999969482422
2023-01-18 00:00:00-05:00,67.33999633789062,68.5199966430664,66.0999984741211,66.33000183105469,5834100,0.0,0.0,65.38200073242187
2023-01-19 00:00:00-05:00,65.72000122070312,65.87999725341797,63.20000076293945,63.4900016784668,5883600,0.0,0.0,65.15400161743165
2023-01-20 00:00:00-05:00,64.68000030517578,66.4000015258789,63.90999984741211,66.26000213623047,5133400,0.0,0.0,65.42000198364258
2023-01-23 00:00:00-05:00,67.66999816894531,71.2699966430664,67.38999938964844,70.80000305175781,7583300,0.0,0.0,66.55000228881836
2023-01-24 00:00:00-05:00,70.0,71.19999694824219,69.25,70.08000183105469,4543400,0.0,0.0,67.39200210571289
2023-01-25 00:00:00-05:00,68.95999908447266,71.86000061035156,68.76000213623047,71.80999755859375,5100600,0.0,0.0,68.48800125122071
2023-01-26 00:00:00-05:00,72.88999938964844,73.9000015258789,71.16000366210938,73.68000030517578,5875400,0.0,0.0,70.5260009765625
2023-01-27 00:00:00-05:00,73.52999877929688,74.81999969482422,73.22000122070312,73.66999816894531,4376500,0.0,0.0,72.00800018310547
2023-01-30 00:00:00-05:00,72.72000122070312,73.2300033569336,70.86000061035156,71.0199966430664,4783400,0.0,0.0,72.05199890136718
2023-01-31 00:00:00-05:00,71.19999694824219,73.4800033569336,71.06999969482422,73.44999694824219,5066700,0.0,0.0,72.72599792480469
2023-02-01 00:00:00-05:00,73.91999816894531,78.5,73.69000244140625,77.83999633789062,9111200,0.0,0.0,73.93199768066407
2023-02-02 00:00:00-05:00,78.97000122070312,82.22000122070312,78.1500015258789,82.12000274658203,9221400,0.0,0.0,75.61999816894532
2023-02-03 00:00:00-05:00,80.0,83.25,79.4000015258789,80.88999938964844,8475400,0.0,0.0,77.06399841308594
2023-02-06 00:00:00-05:00,77.75,84.69999694824219,77.5,80.4000015258789,15910300,0.0,0.0,78.93999938964843
2023-02-07 00:00:00-05:00,81.05999755859375,86.1500015258789,80.83999633789062,85.52999877929688,11489200,0.0,0.0,81.35599975585937
2023-02-08 00:00:00-05:00,84.2699966430664,85.19999694824219,82.93000030517578,83.5999984741211,9982500,0.0,0.0,82.50800018310547
2023-02-09 00:00:00-05:00,85.12999725341797,87.55000305175781,83.97000122070312,84.75,9180100,0.0,0.0,83.03399963378907
2023-02-10 00:00:00-05:00,83.76000213623047,84.11000061035156,82.19999694824219,83.80000305175781,6678200,0.0,0.0,83.61600036621094
2023-02-13 00:00:00-05:00,84.62999725341797,84.7699966430664,83.66000366210938,84.37999725341797,5708500,0.0,0.0,84.41199951171875
2023-02-14 00:00:00-05:00,83.5999984741211,87.41000366210938,83.3499984741211,86.87999725341797,6033100,0.0,0.0,84.68199920654297
2023-02-15 00:00:00-05:00,85.66999816894531,87.0199966430664,85.45999908447266,86.70999908447266,6710000,0.0,0.0,85.30399932861329
2023-02-16 00:00:00-05:00,85.12000274658203,86.68000030517578,83.87999725341797,84.12999725341797,5871800,0.0,0.0,85.17999877929688
2023-02-17 00:00:00-05:00,83.38999938964844,83.62999725341797,80.37999725341797,81.86000061035156,7136700,0.0,0.0,84.79199829101563
2023-02-21 00:00:00-05:00,80.4000015258789,81.76000213623047,79.05000305175781,79.27999877929688,6312800,0.0,0.0,83.77199859619141
2023-02-22 00:00:00-05:00,79.44999694824219,79.91000366210938,77.68000030517578,78.55999755859375,5674900,0.0,0.0,82.10799865722656
2023-02-23 00:00:00-05:00,79.37999725341797,79.91000366210938,76.19000244140625,78.38999938964844,14747900,0.0,0.0,80.44399871826172
2023-02-24 00:00:00-05:00,77.0999984741211,77.12000274658203,75.5199966430664,76.27999877929688,16700000,0.0,0.0,78.8739990234375
2023-02-27 00:00:00-05:00,77.69000244140625,78.80000305175781,76.62999725341797,77.7300033569336,6844400,0.0,0.0,78.04799957275391
2023-02-28 00:00:00-05:00,77.51000213623047,78.7300033569336,76.81999969482422,77.41000366210938,6796300,0.0,0.0,77.6740005493164
2023-03-01 00:00:00-05:00,78.12000274658203,79.23999786376953,77.30999755859375,78.2300033569336,4733300,0.0,0.0,77.60800170898438
2023-03-02 00:00:00-05:00,73.55999755859375,77.31999969482422,72.0,76.75,14198500,0.0,0.0,77.28000183105469
2023-03-03 00:00:00-05:00,76.9800033569336,79.06999969482422,76.05000305175781,78.94000244140625,6046700,0.0,0.0,77.81200256347657
2023-03-06 00:00:00-05:00,79.47000122070312,79.80999755859375,76.9800033569336,77.41000366210938,4968000,0.0,0.0,77.74800262451171
2023-03-07 00:00:00-05:00,78.02999877929688,79.5999984741211,77.83000183105469,78.69999694824219,6445500,0.0,0.0,78.00600128173828
2023-03-08 00:00:00-05:00,79.72000122070312,83.4000015258789,79.62000274658203,83.0999984741211,8939400,0.0,0.0,78.98000030517578
2023-03-09 00:00:00-05:00,82.87999725341797,84.97000122070312,81.26000213623047,81.41000366210938,8242000,0.0,0.0,79.91200103759766
2023-03-10 00:00:00-05:00,82.33999633789062,82.5999984741211,77.52999877929688,78.37999725341797,6366500,0.0,0.0,79.8
2023-03-13 00:00:00-04:00,76.70999908447266,79.13999938964844,76.37000274658203,77.75,6913800,0.0,0.0,79.86799926757813
2023-03-14 00:00:00-04:00,80.16000366210938,82.75,79.47000122070312,81.19999694824219,6098800,0.0,0.0,80.36799926757813
2023-03-15 00:00:00-04:00,79.11000061035156,79.8499984741211,76.13999938964844,78.0,7514800,0.0,0.0,79.3479995727539
2023-03-16 00:00:00-04:00,77.62999725341797,80.8499984741211,77.0,80.5,7265000,0.0,0.0,79.16599884033204
2023-03-17 00:00:00-04:00,80.30999755859375,80.52999877929688,77.69999694824219,78.27999877929688,6981800,0.0,0.0,79.14599914550782
2023-03-20 00:00:00-04:00,78.7300033569336,80.5199966430664,77.58999633789062,79.9800033569336,4822200,0.0,0.0,79.59199981689453
2023-03-21 00:00:00-04:00,80.88999938964844,82.87000274658203,79.80999755859375,81.3499984741211,4828100,0.0,0.0,79.62200012207032
2023-03-22 00:00:00-04:00,81.5199966430664,82.38999938964844,78.41000366210938,78.81999969482422,5511900,0.0,0.0,79.78600006103515
2023-03-23 00:00:00-04:00,80.12000274658203,82.87000274658203,78.79000091552734,80.97000122070312,6181500,0.0,0.0,79.88000030517578
2023-03-24 00:00:00-04:00,79.81999969482422,80.4800033569336,77.0999984741211,77.80999755859375,5793000,0.0,0.0,79.78600006103515
2023-03-27 00:00:00-04:00,78.05000305175781,78.18000030517578,74.47000122070312,75.66999816894531,10191000,0.0,0.0,78.9239990234375
2023-03-28 00:00:00-04:00,75.0999984741211,77.70999908447266,73.69000244140625,76.52999877929688,12414100,0.0,0.0,77.95999908447266
2023-03-29 00:00:00-04:00,78.27999877929688,80.69000244140625,77.18000030517578,79.87000274658203,7228400,0.0,0.0,78.16999969482421
2023-03-30 00:00:00-04:00,81.02999877929688,82.5199966430664,80.56999969482422,81.83000183105469,6133100,0.0,0.0,78.34199981689453
2023-03-31 00:00:00-04:00,81.58000183105469,82.55000305175781,81.04000091552734,82.31999969482422,5852300,0.0,0.0,79.24400024414062
2023-04-03 00:00:00-04:00,81.72000122070312,82.20999908447266,79.87999725341797,81.13999938964844,4431100,0.0,0.0,80.33800048828125
2023-04-04 00:00:00-04:00,81.51000213623047,81.51000213623047,77.83999633789062,78.48999786376953,5617900,0.0,0.0,80.73000030517578
2023-04-05 00:00:00-04:00,77.45999908447266,77.87999725341797,75.41999816894531,76.54000091552734,4944300,0.0,0.0,80.06399993896484
2023-04-06 00:00:00-04:00,75.23999786376953,76.37000274658203,74.38999938964844,75.33999633789062,3530700,0.0,0.0,78.76599884033203
2023-04-10 00:00:00-04:00,74.6500015258789,77.87999725341797,74.54000091552734,77.69999694824219,4284600,0.0,0.0,77.84199829101563
2023-04-11 00:00:00-04:00,78.62999725341797,78.93000030517578,77.05000305175781,77.22000122070312,3608700,0.0,0.0,77.05799865722656
2023-04-12 00:00:00-04:00,78.77999877929688,78.79000091552734,76.31999969482422,76.45999908447266,4850300,0.0,0.0,76.6519989013672
2023-04-13 00:00:00-04:00,76.66999816894531,78.11000061035156,75.9000015258789,77.58999633789062,3290300,0.0,0.0,76.86199798583985
2023-04-14 00:00:00-04:00,77.5999984741211,79.41999816894531,76.5999984741211,77.91999816894531,3725300,0.0,0.0,77.37799835205078
2023-04-17 00:00:00-04:00,77.08000183105469,78.56999969482422,76.69000244140625,78.41000366210938,3808800,0.0,0.0,77.51999969482422
2023-04-18 00:00:00-04:00,79.2300033569336,80.06999969482422,78.37000274658203,79.20999908447266,4168300,0.0,0.0,77.91799926757812
2023-04-19 00:00:00-04:00,78.1500015258789,78.6500015258789,76.36000061035156,76.91999816894531,4336200,0.0,0.0,78.00999908447265
2023-04-20 00:00:00-04:00,73.27999877929688,75.7699966430664,72.18000030517578,74.26000213623047,7685300,0.0,0.0,77.34400024414063
2023-04-21 00:00:00-04:00,74.0,74.20999908447266,73.0199966430664,73.73999786376953,4078300,0.0,0.0,76.50800018310547
2023-04-24 00:00:00-04:00,73.7699966430664,74.38999938964844,73.19000244140625,74.37999725341797,2845200,0.0,0.0,75.70199890136719
2023-04-25 00:00:00-04:00,73.30000305175781,73.5,70.2699966430664,70.3499984741211,7889300,0.0,0.0,73.92999877929688
2023-04-26 00:00:00-04:00,71.54000091552734,72.44000244140625,70.52999877929688,71.94999694824219,5871300,0.0,0.0,72.93599853515624
2023-04-27 00:00:00-04:00,68.68000030517578,70.08000183105469,66.66999816894531,69.9800033569336,14023800,0.0,0.0,72.07999877929687
2023-04-28 00:00:00-04:00,69.97000122070312,72.05999755859375,68.83999633789062,71.95999908447266,10274800,0.0,0.0,71.7239990234375
2023-05-01 00:00:00-04:00,74.88999938964844,78.9800033569336,74.16999816894531,78.33000183105469,16264700,0.0,0.0,72.51399993896484
2023-05-02 00:00:00-04:00,79.37999725341797,81.37999725341797,77.87000274658203,79.16999816894531,8329000,0.0,0.0,74.27799987792969
2023-05-03 00:00:00-04:00,79.05000305175781,80.37000274658203,78.43000030517578,78.58000183105469,5127100,0.0,0.0,75.60400085449218
2023-05-04 00:00:00-04:00,78.0,79.26000213623047,77.08999633789062,77.83000183105469,5189400,0.0,0.0,77.1740005493164
2023-05-05 00:00:00-04:00,77.66000366210938,81.58000183105469,77.33000183105469,81.22000122070312,7088100,0.0,0.0,79.0260009765625
2023-05-08 00:00:00-04:00,81.23999786376953,81.72000122070312,79.58000183105469,80.5199966430664,3421400,0.0,0.0,79.46399993896485
2023-05-09 00:00:00-04:00,79.20999908447266,79.94000244140625,77.47000122070312,78.80999755859375,4736900,0.0,0.0,79.39199981689453
2023-05-10 00:00:00-04:00,80.5,80.72000122070312,78.87000274658203,79.87000274658203,5187100,0.0,0.0,79.65
2023-05-11 00:00:00-04:00,79.41999816894531,80.75,78.41999816894531,80.31999969482422,4438200,0.0,0.0,80.1479995727539
2023-05-12 00:00:00-04:00,81.22000122070312,83.04000091552734,80.06999969482422,81.33999633789062,6478900,0.0,0.0,80.1719985961914
2023-05-15 00:00:00-04:00,81.76000213623047,82.45999908447266,80.55999755859375,82.38999938964844,6125200,0.0,0.0,80.5459991455078
2023-05-16 00:00:00-04:00,82.01000213623047,85.38999938964844,81.70999908447266,83.04000091552734,10998500,0.0,0.0,81.39199981689453
2023-05-17 00:00:00-04:00,84.62999725341797,86.9000015258789,82.11000061035156,85.62999725341797,12764700,0.0,0.0,82.54399871826172
2023-05-18 00:00:00-04:00,86.0,87.06999969482422,84.91000366210938,86.48999786376953,7624200,0.0,0.0,83.77799835205079
2023-05-19 00:00:00-04:00,86.19000244140625,86.45999908447266,83.58000183105469,84.36000061035156,8190600,0.0,0.0,84.38199920654297
2023-05-22 00:00:00-04:00,83.91000366210938,85.58999633789062,83.70999908447266,85.23999786376953,5091500,0.0,0.0,84.95199890136719
2023-05-23 00:00:00-04:00,84.33000183105469,84.6500015258789,81.80000305175781,82.54000091552734,6675700,0.0,0.0,84.85199890136718
2023-05-24 00:00:00-04:00,80.13999938964844,80.86000061035156,78.3499984741211,79.79000091552734,8641800,0.0,0.0,83.68399963378906
2023-05-25 00:00:00-04:00,80.12000274658203,82.70999908447266,77.91999816894531,82.0,9598500,0.0,0.0,82.78600006103515
2023-05-26 00:00:00-04:00,82.87000274658203,87.7699966430664,82.83000183105469,86.62000274658203,10518700,0.0,0.0,83.23800048828124
2023-05-30 00:00:00-04:00,89.3499984741211,89.83999633789062,83.44999694824219,83.97000122070312,9087900,0.0,0.0,82.98400115966797
2023-05-31 00:00:00-04:00,82.3499984741211,85.25,82.0,83.5999984741211,9835600,0.0,0.0,83.19600067138671
2023-06-01 00:00:00-04:00,84.94000244140625,88.30999755859375,84.05000305175781,87.94999694824219,6930700,0.0,0.0,84.82799987792968
2023-06-02 00:00:00-04:00,88.80000305175781,89.44000244140625,85.87000274658203,86.83000183105469,5137300,0.0,0.0,85.79400024414062
2023-06-05 00:00:00-04:00,87.08000183105469,87.23999786376953,84.94999694824219,85.62999725341797,3770600,0.0,0.0,85.59599914550782
2023-06-06 00:00:00-04:00,85.55000305175781,89.11000061035156,85.5199966430664,88.4800033569336,5217900,0.0,0.0,86.49799957275391
2023-06-07 00:00:00-04:00,89.13999938964844,92.12999725341797,89.02999877929688,89.23999786376953,7824700,0.0,0.0,87.6259994506836
2023-06-08 00:00:00-04:00,89.86000061035156,90.70999908447266,88.70999908447266,89.98999786376953,4129600,0.0,0.0,88.03399963378907
2023-06-09 00:00:00-04:00,91.76000213623047,92.68000030517578,88.11000061035156,89.0199966430664,6365000,0.0,0.0,88.47199859619141
2023-06-12 00:00:00-04:00,90.19000244140625,91.36000061035156,89.36000061035156,91.05999755859375,6527100,0.0,0.0,89.55799865722656
2023-06-13 00:00:00-04:00,92.04000091552734,93.44000244140625,91.33999633789062,92.66999816894531,7615100,0.0,0.0,90.3959976196289
2023-06-14 00:00:00-04:00,92.12000274658203,93.3499984741211,90.66999816894531,92.73999786376953,7149100,0.0,0.0,91.0959976196289
2023-06-15 00:00:00-04:00,91.29000091552734,92.0,90.6500015258789,91.0,8116400,0.0,0.0,91.297998046875
2023-06-16 00:00:00-04:00,91.79000091552734,92.08000183105469,89.61000061035156,90.1500015258789,28125300,0.0,0.0,91.5239990234375
2023-06-20 00:00:00-04:00,89.55000305175781,90.87999725341797,88.20999908447266,89.37999725341797,5845900,0.0,0.0,91.18799896240235
2023-06-21 00:00:00-04:00,88.7699966430664,89.79000091552734,87.55999755859375,88.06999969482422,4973000,0.0,0.0,90.26799926757812
2023-06-22 00:00:00-04:00,87.06999969482422,89.26000213623047,87.0,88.94999694824219,4635900,0.0,0.0,89.50999908447265
2023-06-23 00:00:00-04:00,86.94000244140625,87.9800033569336,86.19999694824219,87.5199966430664,9135100,0.0,0.0,88.81399841308594
2023-06-26 00:00:00-04:00,88.63999938964844,90.0,87.97000122070312,88.62000274658203,4250700,0.0,0.0,88.50799865722657
2023-06-27 00:00:00-04:00,88.62999725341797,91.94999694824219,88.0999984741211,91.87000274658203,5380000,0.0,0.0,89.00599975585938
2023-06-28 00:00:00-04:00,90.62000274658203,92.77999877929688,90.56999969482422,91.20999908447266,4346700,0.0,0.0,89.63399963378906
2023-06-29 00:00:00-04:00,92.0,92.31999969482422,90.72000122070312,92.08000183105469,3831200,0.0,0.0,90.26000061035157
2023-06-30 00:00:00-04:00,93.0,95.31999969482422,92.61000061035156,94.58000183105469,5395400,0.0,0.0,91.67200164794922
2023-07-03 00:00:00-04:00,95.45999908447266,96.8499984741211,94.72000122070312,96.83000183105469,3602000,0.0,0.0,93.31400146484376
2023-07-05 00:00:00-04:00,95.51000213623047,95.93000030517578,92.87000274658203,92.94999694824219,5812900,0.0,0.0,93.53000030517578
2023-07-06 00:00:00-04:00,91.66000366210938,92.72000122070312,90.69000244140625,92.61000061035156,4685800,0.0,0.0,93.81000061035157
2023-07-07 00:00:00-04:00,93.33999633789062,94.80999755859375,92.3499984741211,93.30000305175781,4145400,0.0,0.0,94.05400085449219
2023-07-10 00:00:00-04:00,93.9800033569336,96.02999877929688,93.55000305175781,95.9800033569336,4799300,0.0,0.0,94.33400115966796
2023-07-11 00:00:00-04:00,97.33999633789062,97.5199966430664,95.18000030517578,96.63999938964844,3959900,0.0,0.0,94.29600067138672
2023-07-12 00:00:00-04:00,98.37000274658203,98.9800033569336,97.13999938964844,98.62999725341797,4783300,0.0,0.0,95.43200073242187
2023-07-13 00:00:00-04:00,99.38999938964844,102.30999755859375,98.62999725341797,102.04000091552734,6467400,0.0,0.0,97.31800079345703
2023-07-14 00:00:00-04:00,102.0,102.6500015258789,99.11000061035156,99.68000030517578,4976900,0.0,0.0,98.59400024414063
2023-07-17 00:00:00-04:00,99.80000305175781,104.87999725341797,99.5,104.33000183105469,6871100,0.0,0.0,100.26399993896484
2023-07-18 00:00:00-04:00,104.05999755859375,105.3499984741211,102.9000015258789,104.83999633789062,5222300,0.0,0.0,101.90399932861328
2023-07-19 00:00:00-04:00,104.80999755859375,104.80999755859375,101.87999725341797,101.91000366210938,6101200,0.0,0.0,102.56000061035157
2023-07-20 00:00:00-04:00,100.16999816894531,101.5199966430664,96.30000305175781,97.30000305175781,9221200,0.0,0.0,101.61200103759765
2023-07-21 00:00:00-04:00,98.41000366210938,99.29000091552734,97.75,98.76000213623047,10007800,0.0,0.0,101.4280014038086
2023-07-24 00:00:00-04:00,96.33000183105469,98.05999755859375,95.87999725341797,97.69000244140625,5175600,0.0,0.0,100.10000152587891
2023-07-25 00:00:00-04:00,98.45999908447266,101.56999969482422,98.29000091552734,100.04000091552734,5920000,0.0,0.0,99.14000244140625
2023-07-26 00:00:00-04:00,99.31999969482422,100.33000183105469,97.95999908447266,99.25,5532200,0.0,0.0,98.60800170898438
2023-07-27 00:00:00-04:00,103.05999755859375,104.52999877929688,100.80000305175781,102.11000061035156,7432400,0.0,0.0,99.57000122070312
2023-07-28 00:00:00-04:00,103.69999694824219,105.38999938964844,102.5,105.08999633789062,7604100,0.0,0.0,100.83600006103515
2023-07-31 00:00:00-04:00,109.73999786376953,111.3499984741211,107.08000183105469,107.75,14150300,0.0,0.0,102.8479995727539
2023-08-01 00:00:00-04:00,107.7300033569336,109.41000366210938,106.5999984741211,108.08999633789062,5441600,0.0,0.0,104.45799865722657
2023-08-02 00:00:00-04:00,106.88999938964844,107.16000366210938,103.12000274658203,103.56999969482422,6906500,0.0,0.0,105.3219985961914
2023-08-03 00:00:00-04:00,101.44999694824219,102.94999694824219,100.4000015258789,102.69999694824219,6033400,0.0,0.0,105.43999786376953
2023-08-04 00:00:00-04:00,101.43000030517578,103.70999908447266,100.4800033569336,102.30999755859375,6470900,0.0,0.0,104.88399810791016
2023-08-07 00:00:00-04:00,104.0,104.87000274658203,102.69000244140625,103.58999633789062,4112500,0.0,0.0,104.05199737548828
2023-08-08 00:00:00-04:00,102.33000183105469,102.33000183105469,99.9000015258789,101.37999725341797,4184200,0.0,0.0,102.70999755859376
2023-08-09 00:00:00-04:00,101.37000274658203,101.5199966430664,98.87999725341797,99.08999633789062,4854000,0.0,0.0,101.81399688720703
2023-08-10 00:00:00-04:00,100.55000305175781,101.1500015258789,97.05999755859375,97.7300033569336,4730700,0.0,0.0,100.81999816894532
2023-08-11 00:00:00-04:00,96.51000213623047,96.69999694824219,94.30999755859375,94.56999969482422,5443400,0.0,0.0,99.27199859619141
2023-08-14 00:00:00-04:00,94.19999694824219,97.1500015258789,93.56999969482422,97.12000274658203,5280600,0.0,0.0,97.97799987792969
2023-08-15 00:00:00-04:00,96.20999908447266,96.41000366210938,93.88999938964844,94.12999725341797,4850700,0.0,0.0,96.52799987792969
2023-08-16 00:00:00-04:00,94.29000091552734,94.58000183105469,92.02999877929688,92.18000030517578,5262300,0.0,0.0,95.14600067138672
2023-08-17 00:00:00-04:00,92.08999633789062,92.68000030517578,89.91000366210938,90.02999877929688,6768900,0.0,0.0,93.60599975585937
2023-08-18 00:00:00-04:00,89.04000091552734,91.2300033569336,88.62999725341797,90.7300033569336,4647700,0.0,0.0,92.83800048828125
2023-08-21 00:00:00-04:00,91.5,93.5199966430664,91.2300033569336,93.02999877929688,4580900,0.0,0.0,92.01999969482422
2023-08-22 00:00:00-04:00,94.86000061035156,95.18000030517578,92.13999938964844,92.37000274658203,3918300,0.0,0.0,91.66800079345703
2023-08-23 00:00:00-04:00,90.7699966430664,93.36000061035156,90.38999938964844,92.87999725341797,5768900,0.0,0.0,91.80800018310546
2023-08-24 00:00:00-04:00,94.48999786376953,94.66000366210938,89.7300033569336,89.95999908447266,6014900,0.0,0.0,91.79400024414062
2023-08-25 00:00:00-04:00,90.62999725341797,92.77999877929688,89.7300033569336,92.31999969482422,4662000,0.0,0.0,92.11199951171875
2023-08-28 00:00:00-04:00,93.12999725341797,94.5,92.9800033569336,93.62999725341797,3899700,0.0,0.0,92.23199920654297
2023-08-29 00:00:00-04:00,93.18000030517578,97.87999725341797,93.0,97.61000061035156,5691400,0.0,0.0,93.27999877929688
2023-08-30 00:00:00-04:00,97.19999694824219,99.44000244140625,96.56999969482422,98.8499984741211,4351200,0.0,0.0,94.4739990234375
2023-08-31 00:00:00-04:00,98.61000061035156,100.29000091552734,98.18000030517578,98.45999908447266,5804500,0.0,0.0,96.1739990234375
2023-09-01 00:00:00-04:00,99.30999755859375,99.8499984741211,97.75,99.4000015258789,3234400,0.0,0.0,97.58999938964844
2023-09-05 00:00:00-04:00,99.2300033569336,100.20999908447266,97.16999816894531,99.30999755859375,3137700,0.0,0.0,98.72599945068359
2023-09-06 00:00:00-04:00,99.30000305175781,101.30000305175781,97.73999786376953,99.48999786376953,3367800,0.0,0.0,99.10199890136718
2023-09-07 00:00:00-04:00,97.45999908447266,99.1500015258789,96.12000274658203,98.51000213623047,4723100,0.0,0.0,99.03399963378907
2023-09-08 00:00:00-04:00,98.75,99.76000213623047,96.94000244140625,97.91999816894531,3600100,0.0,0.0,98.92599945068359
2023-09-11 00:00:00-04:00,99.18000030517578,99.37000274658203,95.94999694824219,97.8499984741211,3923900,0.0,0.0,98.61599884033203
2023-09-12 00:00:00-04:00,96.62000274658203,99.44999694824219,96.41999816894531,96.79000091552734,3411700,0.0,0.0,98.11199951171875
2023-09-13 00:00:00-04:00,96.81999969482422,98.58000183105469,96.38999938964844,96.83000183105469,4060500,0.0,0.0,97.58000030517579
2023-09-14 00:00:00-04:00,97.94000244140625,98.06999969482422,94.80000305175781,96.47000122070312,5544900,0.0,0.0,97.17200012207032
2023-09-15 00:00:00-04:00,95.72000122070312,95.87000274658203,92.2699966430664,93.0999984741211,9749400,0.0,0.0,96.20800018310547
2023-09-18 00:00:00-04:00,92.0,94.91999816894531,92.0,94.5999984741211,3295200,0.0,0.0,95.55800018310546
2023-09-19 00:00:00-04:00,94.52999877929688,94.87000274658203,92.93000030517578,94.23999786376953,3422300,0.0,0.0,95.04799957275391
2023-09-20 00:00:00-04:00,94.97000122070312,95.69000244140625,92.79000091552734,92.83999633789062,2898600,0.0,0.0,94.2499984741211
2023-09-21 00:00:00-04:00,91.7699966430664,92.37000274658203,90.83000183105469,90.93000030517578,5111700,0.0,0.0,93.14199829101562
2023-09-22 00:00:00-04:00,92.16000366210938,94.69999694824219,91.94999694824219,93.80999755859375,5173600,0.0,0.0,93.28399810791015
2023-09-25 00:00:00-04:00,92.9800033569336,95.06999969482422,92.5199966430664,94.45999908447266,2773100,0.0,0.0,93.25599822998046
2023-09-26 00:00:00-04:00,93.41999816894531,93.70999908447266,89.27999877929688,90.1500015258789,6590600,0.0,0.0,92.43799896240235
2023-09-27 00:00:00-04:00,91.30000305175781,92.7699966430664,90.20999908447266,92.05000305175781,4681900,0.0,0.0,92.28000030517578
2023-09-28 00:00:00-04:00,92.13999938964844,95.63999938964844,91.43000030517578,94.05000305175781,4385000,0.0,0.0,92.90400085449218
2023-09-29 00:00:00-04:00,95.5,95.66999816894531,92.76000213623047,92.94999694824219,4214900,0.0,0.0,92.73200073242188
2023-10-02 00:00:00-04:00,93.94999694824219,95.63999938964844,92.04000091552734,93.37000274658203,3943000,0.0,0.0,92.51400146484374
2023-10-03 00:00:00-04:00,92.04000091552734,92.83000183105469,88.3499984741211,89.76000213623047,6101300,0.0,0.0,92.43600158691406
2023-10-04 00:00:00-04:00,87.5,90.70999908447266,87.30999755859375,89.98999786376953,7263500,0.0,0.0,92.02400054931641
2023-10-05 00:00:00-04:00,89.73999786376953,90.25,86.94000244140625,88.16999816894531,4075800,0.0,0.0,90.8479995727539
2023-10-06 00:00:00-04:00,87.7699966430664,91.5,86.83999633789062,90.93000030517578,4095900,0.0,0.0,90.44400024414062
2023-10-09 00:00:00-04:00,89.80000305175781,91.18000030517578,89.08999633789062,90.93000030517578,2224800,0.0,0.0,89.95599975585938
2023-10-10 00:00:00-04:00,91.9000015258789,94.19000244140625,91.55999755859375,93.31999969482422,4313100,0.0,0.0,90.66799926757812
2023-10-11 00:00:00-04:00,93.52999877929688,95.19999694824219,93.37999725341797,95.13999938964844,3877200,0.0,0.0,91.6979995727539
2023-10-12 00:00:00-04:00,95.3499984741211,95.58999633789062,92.27999877929688,93.05000305175781,5602700,0.0,0.0,92.6740005493164
2023-10-13 00:00:00-04:00,93.7699966430664,93.91999816894531,88.81999969482422,89.13999938964844,5440700,0.0,0.0,92.31600036621094
2023-10-16 00:00:00-04:00,89.83000183105469,92.05000305175781,89.5199966430664,91.69000244140625,4814300,0.0,0.0,92.46800079345704
2023-10-17 00:00:00-04:00,90.06999969482422,92.86000061035156,90.0,91.69000244140625,4730100,0.0,0.0,92.14200134277344
2023-10-18 00:00:00-04:00,90.0,90.5999984741211,88.62999725341797,89.58999633789062,5338100,0.0,0.0,91.03200073242188
2023-10-19 00:00:00-04:00,90.0,90.08999633789062,86.55000305175781,87.01000213623047,5609600,0.0,0.0,89.82400054931641
2023-10-20 00:00:00-04:00,87.0,87.69999694824219,83.8499984741211,84.83000183105469,7077000,0.0,0.0,88.96200103759766
2023-10-23 00:00:00-04:00,84.06999969482422,85.31999969482422,82.9000015258789,83.61000061035156,5548400,0.0,0.0,87.34600067138672
2023-10-24 00:00:00-04:00,84.08999633789062,85.77999877929688,83.62999725341797,85.08999633789062,5268000,0.0,0.0,86.0259994506836
2023-10-25 00:00:00-04:00,82.8499984741211,84.25,80.62000274658203,81.16000366210938,8726700,0.0,0.0,84.34000091552734
2023-10-26 00:00:00-04:00,82.7699966430664,84.56999969482422,82.01000213623047,82.79000091552734,8230600,0.0,0.0,83.49600067138672
2023-10-27 00:00:00-04:00,84.2699966430664,84.56999969482422,82.6500015258789,83.5199966430664,10637400,0.0,0.0,83.23399963378907
2023-10-30 00:00:00-04:00,73.29000091552734,73.58999633789062,64.98999786376953,65.33999633789062,39759800,0.0,0.0,79.57999877929687
2023-10-31 00:00:00-04:00,64.18000030517578,65.02999877929688,61.720001220703125,62.63999938964844,22213200,0.0,0.0,75.08999938964844
2023-11-01 00:00:00-04:00,62.5,64.86000061035156,61.470001220703125,64.83999633789062,15562900,0.0,0.0,71.82599792480468
2023-11-02 00:00:00-04:00,65.91999816894531,67.33999633789062,64.27999877929688,66.62999725341797,12027200,0.0,0.0,68.59399719238282
2023-11-03 00:00:00-04:00,67.37000274658203,68.87999725341797,66.87000274658203,68.25,11674000,0.0,0.0,65.53999786376953
2023-11-06 00:00:00-05:00,68.6500015258789,68.95999908447266,65.41999816894531,66.2300033569336,9284400,0.0,0.0,65.71799926757812
2023-11-07 00:00:00-05:00,66.27999877929688,67.45999908447266,65.80000305175781,66.80000305175781,9650100,0.0,0.0,66.55
2023-11-08 00:00:00-05:00,66.7699966430664,66.83000183105469,65.45999908447266,66.25,8908600,0.0,0.0,66.83200073242188
2023-11-09 00:00:00-05:00,66.27999877929688,66.5,64.02999877929688,64.3499984741211,10548000,0.0,0.0,66.3760009765625
2023-11-10 00:00:00-05:00,65.5,67.83999633789062,65.13999938964844,67.37999725341797,7929500,0.0,0.0,66.20200042724609
2023-11-13 00:00:00-05:00,66.37000274658203,66.81999969482422,65.75,66.6500015258789,7078800,0.0,0.0,66.28600006103515
2023-11-14 00:00:00-05:00,69.3499984741211,70.69000244140625,69.08000183105469,69.95999908447266,9083600,0.0,0.0,66.91799926757812
2023-11-15 00:00:00-05:00,71.04000091552734,72.9000015258789,70.86000061035156,71.12999725341797,6130000,0.0,0.0,67.89399871826171
2023-11-16 00:00:00-05:00,70.91000366210938,71.06999969482422,69.0199966430664,69.45999908447266,6018900,0.0,0.0,68.91599884033204
2023-11-17 00:00:00-05:00,69.7300033569336,70.30999755859375,69.06999969482422,70.02999877929688,4046500,0.0,0.0,69.44599914550781
2023-11-20 00:00:00-05:00,69.95999908447266,70.75,69.72000122070312,70.68000030517578,4342300,0.0,0.0,70.25199890136719
2023-11-21 00:00:00-05:00,70.04000091552734,70.2300033569336,68.1500015258789,68.38999938964844,5998700,0.0,0.0,69.93799896240235
2023-11-22 00:00:00-05:00,68.87999725341797,69.81999969482422,68.23999786376953,68.55999755859375,4375200,0.0,0.0,69.4239990234375
2023-11-24 00:00:00-05:00,68.63999938964844,69.44999694824219,68.61000061035156,69.27999877929688,1718000,0.0,0.0,69.38799896240235
2023-11-27 00:00:00-05:00,68.9000015258789,69.54000091552734,68.41999816894531,68.68000030517578,4041600,0.0,0.0,69.11799926757813
2023-11-28 00:00:00-05:00,68.72000122070312,69.44000244140625,68.2300033569336,69.0999984741211,4425800,0.0,0.0,68.80199890136718
2023-11-29 00:00:00-05:00,70.44999694824219,73.22000122070312,70.4000015258789,71.62000274658203,7747900,0.0,0.0,69.4479995727539
2023-11-30 00:00:00-05:00,72.16000366210938,72.41999816894531,70.66000366210938,71.33000183105469,7154900,0.0,0.0,70.00200042724609
2023-12-01 00:00:00-05:00,71.25,74.23999786376953,70.88999938964844,74.18000030517578,6068100,0.0,0.0,70.98200073242188
2023-12-04 00:00:00-05:00,73.26000213623047,74.16999816894531,71.7300033569336,73.0999984741211,5499800,0.0,0.0,71.86600036621094
2023-12-05 00:00:00-05:00,72.63999938964844,72.91000366210938,71.44999694824219,72.27999877929688,3368400,0.0,0.0,72.50200042724609
2023-12-06 00:00:00-05:00,73.6500015258789,74.75,73.1500015258789,73.44000244140625,5201000,0.0,0.0,72.86600036621094
2023-12-07 00:00:00-05:00,73.76000213623047,76.30999755859375,73.62999725341797,75.83999633789062,6248200,0.0,0.0,73.76799926757812
2023-12-08 00:00:00-05:00,75.56999969482422,77.25,75.5199966430664,76.13999938964844,4584100,0.0,0.0,74.15999908447266
2023-12-11 00:00:00-05:00,76.68000030517578,80.19999694824219,76.44999694824219,79.4000015258789,7903500,0.0,0.0,75.41999969482421
2023-12-12 00:00:00-05:00,78.80999755859375,78.9000015258789,77.56999969482422,78.38999938964844,6313000,0.0,0.0,76.64199981689453
2023-12-13 00:00:00-05:00,78.95999908447266,81.62000274658203,77.86000061035156,81.05999755859375,5768500,0.0,0.0,78.16599884033204
2023-12-14 00:00:00-05:00,82.5,86.45999908447266,82.45999908447266,86.20999908447266,11343600,0.0,0.0,80.23999938964843
2023-12-15 00:00:00-05:00,85.63999938964844,86.7699966430664,84.5,85.6500015258789,16805500,0.0,0.0,82.14199981689453
2023-12-18 00:00:00-05:00,85.0,85.23999786376953,82.76000213623047,83.76000213623047,6349600,0.0,0.0,83.01399993896484
2023-12-19 00:00:00-05:00,83.76000213623047,85.0,83.54000091552734,84.73999786376953,4392200,0.0,0.0,84.28399963378907
2023-12-20 00:00:00-05:00,84.0,84.95999908447266,81.12999725341797,81.16999816894531,6142900,0.0,0.0,84.30599975585938
2023-12-21 00:00:00-05:00,83.0,84.05000305175781,82.66000366210938,83.6500015258789,4493900,0.0,0.0,83.79400024414062
2023-12-22 00:00:00-05:00,83.9000015258789,84.47000122070312,82.98999786376953,84.01000213623047,2432300,0.0,0.0,83.46600036621093
2023-12-26 00:00:00-05:00,84.5,85.9800033569336,84.1500015258789,85.47000122070312,3223600,0.0,0.0,83.80800018310546
2023-12-27 00:00:00-05:00,85.83999633789062,86.0999984741211,84.5999984741211,85.05000305175781,3440700,0.0,0.0,83.87000122070313
2023-12-28 00:00:00-05:00,85.0,85.5,84.26000213623047,84.9800033569336,3063800,0.0,0.0,84.63200225830079
2023-12-29 00:00:00-05:00,85.06999969482422,85.13999938964844,82.88999938964844,83.52999877929688,4193800,0.0,0.0,84.60800170898438
2024-01-02 00:00:00-05:00,82.7699966430664,83.72000122070312,80.27999877929688,81.44999694824219,7943200,0.0,0.0,84.09600067138672
2024-01-03 00:00:00-05:00,79.37999725341797,79.77999877929688,77.55999755859375,79.30999755859375,6156400,0.0,0.0,82.86399993896484
2024-01-04 00:00:00-05:00,75.8499984741211,77.98999786376953,74.80000305175781,76.19999694824219,10670000,0.0,0.0,81.09399871826172
2024-01-05 00:00:00-05:00,76.16000366210938,77.08999633789062,75.06999969482422,75.69999694824219,6839900,0.0,0.0,79.23799743652344
2024-01-08 00:00:00-05:00,76.33999633789062,78.72000122070312,76.16999816894531,77.94000244140625,6371300,0.0,0.0,78.11999816894532
2024-01-09 00:00:00-05:00,76.5999984741211,77.88999938964844,75.76000213623047,77.02999877929688,7559800,0.0,0.0,77.23599853515626
2024-01-10 00:00:00-05:00,76.0,76.3499984741211,73.16999816894531,75.61000061035156,11842800,0.0,0.0,76.49599914550781
2024-01-11 00:00:00-05:00,75.58999633789062,75.9000015258789,72.94000244140625,74.43000030517578,10264100,0.0,0.0,76.14199981689453
2024-01-12 00:00:00-05:00,74.19999694824219,75.33000183105469,73.25,73.47000122070312,5099100,0.0,0.0,75.69600067138671
2024-01-16 00:00:00-05:00,73.12999725341797,74.83000183105469,72.55000305175781,73.80000305175781,6901800,0.0,0.0,74.86800079345703
2024-01-17 00:00:00-05:00,72.31999969482422,72.4000015258789,70.69999694824219,72.2699966430664,8164300,0.0,0.0,73.91600036621094
2024-01-18 00:00:00-05:00,74.01000213623047,74.55999755859375,71.93000030517578,73.22000122070312,11314600,0.0,0.0,73.43800048828125
2024-01-19 00:00:00-05:00,74.19999694824219,74.4800033569336,72.5999984741211,73.87000274658203,12682000,0.0,0.0,73.3260009765625
2024-01-22 00:00:00-05:00,74.5,76.62000274658203,74.36000061035156,75.19000244140625,7961300,0.0,0.0,73.67000122070313
2024-01-23 00:00:00-05:00,75.9800033569336,77.06999969482422,75.29000091552734,76.75,6936900,0.0,0.0,74.26000061035157
2024-01-24 00:00:00-05:00,76.2699966430664,77.47000122070312,75.0,75.1500015258789,8803600,0.0,0.0,74.83600158691407
2024-01-25 00:00:00-05:00,75.86000061035156,75.95999908447266,72.30999755859375,72.69000244140625,12997200,0.0,0.0,74.7300018310547
2024-01-26 00:00:00-05:00,72.0999984741211,73.5999984741211,71.45999908447266,71.70999908447266,10023300,0.0,0.0,74.29800109863281
2024-01-29 00:00:00-05:00,72.25,73.0199966430664,71.66999816894531,73.0199966430664,8614600,0.0,0.0,73.86399993896484
2024-01-30 00:00:00-05:00,72.91000366210938,73.5999984741211,72.16999816894531,72.56999969482422,6609600,0.0,0.0,73.02799987792969
2024-01-31 00:00:00-05:00,71.43000030517578,73.05999755859375,70.72000122070312,71.12999725341797,7175800,0.0,0.0,72.2239990234375
2024-02-01 00:00:00-05:00,71.5999984741211,71.94999694824219,69.25,70.19000244140625,9565200,0.0,0.0,71.7239990234375
2024-02-02 00:00:00-05:00,69.19999694824219,71.13999938964844,68.77999877929688,70.83000183105469,9865400,0.0,0.0,71.54799957275391
2024-02-05 00:00:00-05:00,75.5999984741211,78.75,75.44000244140625,77.58999633789062,15999400,0.0,0.0,72.46199951171874
2024-02-06 00:00:00-05:00,77.02999877929688,77.37000274658203,74.9000015258789,76.31999969482422,11111100,0.0,0.0,73.21199951171874
2024-02-07 00:00:00-05:00,77.04000091552734,77.4800033569336,75.08999633789062,76.95999908447266,7464900,0.0,0.0,74.37799987792968
2024-02-08 00:00:00-05:00,77.12999725341797,80.93000030517578,77.12999725341797,80.70999908447266,8992100,0.0,0.0,76.48199920654297
2024-02-09 00:00:00-05:00,81.38999938964844,81.58999633789062,79.70999908447266,80.80000305175781,6266600,0.0,0.0,78.47599945068359
2024-02-12 00:00:00-05:00,81.0,83.43000030517578,80.68000030517578,80.91999816894531,6575300,0.0,0.0,79.14199981689453
2024-02-13 00:00:00-05:00,78.0,79.66000366210938,77.16000366210938,78.58999633789062,7442500,0.0,0.0,79.59599914550782
2024-02-14 00:00:00-05:00,79.91000366210938,81.81999969482422,79.20999908447266,81.66999816894531,8508200,0.0,0.0,80.53799896240234
2024-02-15 00:00:00-05:00,82.2300033569336,82.5999984741211,80.44999694824219,80.62000274658203,5519800,0.0,0.0,80.51999969482422
2024-02-16 00:00:00-05:00,80.94000244140625,81.22000122070312,78.19000244140625,78.63999938964844,4910300,0.0,0.0,80.08799896240234
2024-02-20 00:00:00-05:00,77.41999816894531,77.94999694824219,76.2300033569336,77.47000122070312,5255300,0.0,0.0,79.3979995727539
2024-02-21 00:00:00-05:00,76.37000274658203,77.70999908447266,76.12000274658203,77.62000274658203,5593100,0.0,0.0,79.2040008544922
2024-02-22 00:00:00-05:00,79.58999633789062,79.58999633789062,77.44999694824219,78.36000061035156,8038500,0.0,0.0,78.54200134277343
2024-02-23 00:00:00-05:00,78.0999984741211,78.37999725341797,76.19000244140625,76.19000244140625,5996800,0.0,0.0,77.65600128173828
2024-02-26 00:00:00-05:00,76.87000274658203,78.30999755859375,76.36000061035156,77.56999969482422,4435900,0.0,0.0,77.44200134277344
2024-02-27 00:00:00-05:00,78.5,79.80999755859375,76.97000122070312,76.97000122070312,4919200,0.0,0.0,77.34200134277344
2024-02-28 00:00:00-05:00,75.95999908447266,77.20999908447266,75.55999755859375,76.47000122070312,3362200,0.0,0.0,77.11200103759765
2024-02-29 00:00:00-05:00,77.61000061035156,79.08000183105469,77.04000091552734,78.91999816894531,7597700,0.0,0.0,77.2240005493164
2024-03-01 00:00:00-05:00,79.16000366210938,82.33000183105469,78.7699966430664,81.13999938964844,6852500,0.0,0.0,78.21399993896485
2024-03-04 00:00:00-05:00,81.76000213623047,81.94999694824219,79.43000030517578,79.87999725341797,5362100,0.0,0.0,78.67599945068359
2024-03-05 00:00:00-05:00,78.4000015258789,79.2699966430664,75.72000122070312,76.98999786376953,6556400,0.0,0.0,78.67999877929688
2024-03-06 00:00:00-05:00,78.80999755859375,79.38999938964844,77.05999755859375,77.62000274658203,8108800,0.0,0.0,78.90999908447266
2024-03-07 00:00:00-05:00,77.83000183105469,85.16000366210938,77.83000183105469,82.95999908447266,10642400,0.0,0.0,79.71799926757812
2024-03-08 00:00:00-05:00,82.44000244140625,83.63999938964844,78.9000015258789,78.94999694824219,7834500,0.0,0.0,79.27999877929688
2024-03-11 00:00:00-04:00,78.66000366210938,81.5999984741211,78.11000061035156,81.5999984741211,6604200,0.0,0.0,79.6239990234375
2024-03-12 00:00:00-04:00,82.30000305175781,82.6500015258789,80.29000091552734,82.58999633789062,5919700,0.0,0.0,80.74399871826172
2024-03-13 00:00:00-04:00,81.12999725341797,82.33000183105469,79.69000244140625,79.88999938964844,5260900,0.0,0.0,81.197998046875
2024-03-14 00:00:00-04:00,79.43000030517578,79.69000244140625,76.1500015258789,77.16999816894531,6778800,0.0,0.0,80.03999786376953
2024-03-15 00:00:00-04:00,74.44000244140625,76.27999877929688,74.44000244140625,74.87000274658203,9727100,0.0,0.0,79.2239990234375
2024-03-18 00:00:00-04:00,75.48999786376953,75.72000122070312,73.7300033569336,73.81999969482422,5860300,0.0,0.0,77.66799926757812
2024-03-19 00:00:00-04:00,73.16000366210938,74.55999755859375,72.8499984741211,74.04000091552734,4609500,0.0,0.0,75.95800018310547
2024-03-20 00:00:00-04:00,73.63999938964844,76.05000305175781,73.08000183105469,75.56999969482422,5947100,0.0,0.0,75.09400024414063
2024-03-21 00:00:00-04:00,76.83000183105469,77.41000366210938,75.16999816894531,75.77999877929688,5929700,0.0,0.0,74.81600036621094
2024-03-22 00:00:00-04:00,75.0,75.73999786376953,73.86000061035156,74.68000030517578,3345600,0.0,0.0,74.77799987792969
2024-03-25 00:00:00-04:00,72.19999694824219,74.55000305175781,72.12000274658203,73.54000091552734,5462700,0.0,0.0,74.72200012207031
2024-03-26 00:00:00-04:00,74.0,74.16000366210938,72.66999816894531,72.88999938964844,5876600,0.0,0.0,74.49199981689453
2024-03-27 00:00:00-04:00,73.91999816894531,75.7699966430664,73.0,75.61000061035156,6723600,0.0,0.0,74.5
2024-03-28 00:00:00-04:00,75.43000030517578,76.08000183105469,73.37999725341797,73.55000305175781,7408900,0.0,0.0,74.05400085449219
2024-04-01 00:00:00-04:00,73.88999938964844,74.88999938964844,73.13999938964844,73.8499984741211,4601400,0.0,0.0,73.88800048828125
2024-04-02 00:00:00-04:00,71.80000305175781,72.0,70.30999755859375,70.4800033569336,7107300,0.0,0.0,73.2760009765625
2024-04-03 00:00:00-04:00,70.29000091552734,71.51000213623047,69.87000274658203,70.7300033569336,5308700,0.0,0.0,72.84400177001953
2024-04-04 00:00:00-04:00,71.38999938964844,72.54000091552734,68.80000305175781,69.0999984741211,7280100,0.0,0.0,71.54200134277343
2024-04-05 00:00:00-04:00,69.0999984741211,69.66999816894531,68.11000061035156,69.31999969482422,7565500,0.0,0.0,70.69600067138671
2024-04-08 00:00:00-04:00,69.30999755859375,70.36000061035156,68.58000183105469,68.75,3915100,0.0,0.0,69.6760009765625
2024-04-09 00:00:00-04:00,69.83000183105469,71.9800033569336,69.63999938964844,70.94000244140625,6344700,0.0,0.0,69.76800079345703
2024-04-10 00:00:00-04:00,69.2300033569336,70.0199966430664,68.38999938964844,69.2300033569336,4859300,0.0,0.0,69.46800079345704
2024-04-11 00:00:00-04:00,69.63999938964844,70.7699966430664,69.05999755859375,70.5999984741211,5206700,0.0,0.0,69.76800079345703
2024-04-12 00:00:00-04:00,69.19000244140625,69.37999725341797,66.56999969482422,66.63999938964844,7453600,0.0,0.0,69.23200073242188
2024-04-15 00:00:00-04:00,67.8499984741211,67.94999694824219,64.87999725341797,65.63999938964844,7077400,0.0,0.0,68.61000061035156
2024-04-16 00:00:00-04:00,65.4000015258789,65.5,64.05999755859375,64.72000122070312,5214700,0.0,0.0,67.36600036621094
2024-04-17 00:00:00-04:00,65.27999877929688,65.87000274658203,64.11000061035156,64.47000122070312,6826300,0.0,0.0,66.41399993896485
2024-04-18 00:00:00-04:00,63.0099983215332,63.77000045776367,61.5099983215332,62.93000030517578,8437300,0.0,0.0,64.88000030517578
2024-04-19 00:00:00-04:00,61.150001525878906,62.5099983215332,60.2599983215332,60.709999084472656,9859200,0.0,0.0,63.694000244140625
2024-04-22 00:00:00-04:00,61.02000045776367,61.310001373291016,59.34000015258789,60.650001525878906,7414900,0.0,0.0,62.69600067138672
2024-04-23 00:00:00-04:00,60.58000183105469,61.97999954223633,60.369998931884766,61.68000030517578,6917500,0.0,0.0,62.08800048828125
2024-04-24 00:00:00-04:00,67.16999816894531,67.44999694824219,64.33000183105469,65.52999877929688,12812300,0.0,0.0,62.3
2024-04-25 00:00:00-04:00,65.55000305175781,67.31999969482422,65.47000122070312,66.37999725341797,9329900,0.0,0.0,62.98999938964844
2024-04-26 00:00:00-04:00,66.22000122070312,68.95999908447266,66.16999816894531,68.05999755859375,12859000,0.0,0.0,64.45999908447266
2024-04-29 00:00:00-04:00,68.0,71.44000244140625,67.58000183105469,70.81999969482422,13468200,0.0,0.0,66.49399871826172
2024-04-30 00:00:00-04:00,70.0,72.75,69.94000244140625,70.16000366210938,8420800,0.0,0.0,68.18999938964843
2024-05-01 00:00:00-04:00,68.98999786376953,71.91999816894531,68.76000213623047,69.01000213623047,8882000,0.0,0.0,68.88600006103516
2024-05-02 00:00:00-04:00,70.22000122070312,70.8499984741211,68.05999755859375,70.01000213623047,6509100,0.0,0.0,69.61200103759765
2024-05-03 00:00:00-04:00,71.6500015258789,72.26000213623047,69.9800033569336,70.37000274658203,6516700,0.0,0.0,70.07400207519531
2024-05-06 00:00:00-04:00,70.68000030517578,70.98999786376953,69.01000213623047,69.66999816894531,6051400,0.0,0.0,69.84400177001953
2024-05-07 00:00:00-04:00,70.45999908447266,72.44000244140625,70.2699966430664,70.79000091552734,6890000,0.0,0.0,69.97000122070312
2024-05-08 00:00:00-04:00,69.6500015258789,70.73999786376953,69.06999969482422,70.66999816894531,4102600,0.0,0.0,70.3020004272461
2024-05-09 00:00:00-04:00,70.51000213623047,71.83999633789062,70.29000091552734,71.26000213623047,5471800,0.0,0.0,70.5520004272461
2024-05-10 00:00:00-04:00,71.77999877929688,71.77999877929688,69.93000030517578,70.45999908447266,3669800,0.0,0.0,70.56999969482422
2024-05-13 00:00:00-04:00,71.29000091552734,73.05999755859375,71.01000213623047,72.33000183105469,4431700,0.0,0.0,71.1020004272461
2024-05-14 00:00:00-04:00,73.2300033569336,74.13999938964844,72.63999938964844,72.98999786376953,4888100,0.0,0.0,71.54199981689453
2024-05-15 00:00:00-04:00,74.41999816894531,74.83999633789062,72.87999725341797,74.73999786376953,6415300,0.0,0.0,72.35599975585937
2024-05-16 00:00:00-04:00,74.45999908447266,74.6500015258789,72.91999816894531,73.0,5427900,0.0,0.0,72.70399932861328
2024-05-17 00:00:00-04:00,73.43000030517578,73.86000061035156,72.69000244140625,73.16999816894531,3844300,0.0,0.0,73.24599914550781
2024-05-20 00:00:00-04:00,73.06999969482422,74.80000305175781,72.87999725341797,74.27999877929688,4496900,0.0,0.0,73.63599853515625
2024-05-21 00:00:00-04:00,73.1500015258789,73.3499984741211,72.1500015258789,72.81999969482422,4332100,0.0,0.0,73.60199890136718
2024-05-22 00:00:00-04:00,74.23999786376953,77.19999694824219,73.91000366210938,76.29000091552734,8191300,0.0,0.0,73.91199951171875
2024-05-23 00:00:00-04:00,76.66999816894531,76.7300033569336,71.29000091552734,71.6500015258789,9592000,0.0,0.0,73.64199981689453
2024-05-24 00:00:00-04:00,72.45999908447266,73.2300033569336,71.81999969482422,72.55999755859375,5172000,0.0,0.0,73.51999969482422
2024-05-28 00:00:00-04:00,72.43000030517578,75.33999633789062,72.41999816894531,73.6500015258789,5794200,0.0,0.0,73.39400024414063
2024-05-29 00:00:00-04:00,71.94999694824219,72.5199966430664,70.88999938964844,71.01000213623047,4961400,0.0,0.0,73.03200073242188
2024-05-30 00:00:00-04:00,71.05000305175781,72.47000122070312,70.61000061035156,72.11000061035156,3569000,0.0,0.0,72.19600067138671
2024-05-31 00:00:00-04:00,71.8499984741211,73.19999694824219,70.63999938964844,73.04000091552734,5735900,0.0,0.0,72.4740005493164
2024-06-03 00:00:00-04:00,74.01000213623047,74.48999786376953,71.3499984741211,73.19000244140625,3653700,0.0,0.0,72.60000152587891
2024-06-04 00:00:00-04:00,73.05000305175781,73.44999694824219,70.9000015258789,71.5199966430664,3718000,0.0,0.0,72.1740005493164
2024-06-05 00:00:00-04:00,72.44999694824219,74.5999984741211,71.86000061035156,74.54000091552734,6266000,0.0,0.0,72.88000030517578
2024-06-06 00:00:00-04:00,74.18000030517578,74.25,72.30000305175781,72.44999694824219,6564500,0.0,0.0,72.9479995727539
2024-06-07 00:00:00-04:00,72.30000305175781,72.55999755859375,71.20999908447266,72.30999755859375,3830000,0.0,0.0,72.80199890136718
2024-06-10 00:00:00-04:00,71.58999633789062,73.98999786376953,71.5,73.5,5328000,0.0,0.0,72.86399841308594
2024-06-11 00:00:00-04:00,73.12000274658203,74.44000244140625,72.16000366210938,73.9800033569336,4292100,0.0,0.0,73.35599975585937
2024-06-12 00:00:00-04:00,75.5,77.22000122070312,75.11000061035156,76.22000122070312,6673700,0.0,0.0,73.69199981689454
2024-06-13 00:00:00-04:00,74.16999816894531,76.69999694824219,74.0,75.04000091552734,4777500,0.0,0.0,74.21000061035156
2024-06-14 00:00:00-04:00,73.33999633789062,73.95999908447266,71.5,71.97000122070312,4527300,0.0,0.0,74.14200134277344
2024-06-17 00:00:00-04:00,71.88999938964844,71.93000030517578,69.37999725341797,70.7300033569336,6763500,0.0,0.0,73.58800201416015
2024-06-18 00:00:00-04:00,70.61000061035156,71.44999694824219,70.36000061035156,70.7300033569336,4318500,0.0,0.0,72.93800201416016
2024-06-20 00:00:00-04:00,69.18000030517578,69.68000030517578,67.18000030517578,67.62999725341797,8418700,0.0,0.0,71.22000122070312
2024-06-21 00:00:00-04:00,67.81999969482422,69.08999633789062,67.5,68.5199966430664,9839700,0.0,0.0,69.91600036621094
2024-06-24 00:00:00-04:00,68.19999694824219,69.37999725341797,67.4800033569336,67.79000091552734,4970800,0.0,0.0,69.08000030517579
2024-06-25 00:00:00-04:00,68.12999725341797,68.54000091552734,66.76000213623047,67.83999633789062,4350400,0.0,0.0,68.50199890136719
2024-06-26 00:00:00-04:00,67.5199966430664,68.62999725341797,67.47000122070312,68.16999816894531,3592500,0.0,0.0,67.98999786376953
2024-06-27 00:00:00-04:00,67.8499984741211,68.38999938964844,67.3499984741211,67.86000061035156,3806500,0.0,0.0,68.03599853515625
2024-06-28 00:00:00-04:00,68.19000244140625,69.37999725341797,67.80000305175781,68.55000305175781,5257900,0.0,0.0,68.04199981689453
2024-07-01 00:00:00-04:00,68.95999908447266,69.87000274658203,67.79000091552734,69.18000030517578,4692300,0.0,0.0,68.31999969482422
2024-07-02 00:00:00-04:00,70.0999984741211,72.95999908447266,70.0999984741211,72.91999816894531,5796700,0.0,0.0,69.33600006103515
2024-07-03 00:00:00-04:00,73.36000061035156,74.5999984741211,72.3499984741211,72.68000030517578,3906400,0.0,0.0,70.23800048828124
2024-07-05 00:00:00-04:00,73.1500015258789,74.66999816894531,72.7699966430664,73.37999725341797,3028800,0.0,0.0,71.34199981689453
2024-07-08 00:00:00-04:00,73.12000274658203,75.1500015258789,73.04000091552734,75.01000213623047,4717100,0.0,0.0,72.63399963378906
2024-07-09 00:00:00-04:00,74.55999755859375,74.58000183105469,72.37000274658203,73.4800033569336,5861400,0.0,0.0,73.49400024414062
2024-07-10 00:00:00-04:00,74.44000244140625,76.72000122070312,74.19000244140625,76.58999633789062,5685500,0.0,0.0,74.22799987792969
2024-07-11 00:00:00-04:00,75.88999938964844,76.98999786376953,74.19000244140625,74.23999786376953,7400800,0.0,0.0,74.53999938964844
2024-07-12 00:00:00-04:00,74.86000061035156,78.30999755859375,74.33999633789062,76.87000274658203,5950400,0.0,0.0,75.23800048828124
2024-07-15 00:00:00-04:00,75.76000213623047,77.91000366210938,75.52999877929688,76.37000274658203,4889900,0.0,0.0,75.51000061035157
2024-07-16 00:00:00-04:00,76.6500015258789,78.76000213623047,76.13999938964844,78.73999786376953,3555300,0.0,0.0,76.56199951171875
2024-07-17 00:00:00-04:00,77.31999969482422,78.01000213623047,75.27999877929688,75.45999908447266,9931000,0.0,0.0,76.33600006103515
2024-07-18 00:00:00-04:00,76.29000091552734,77.94999694824219,74.95999908447266,75.43000030517578,5717700,0.0,0.0,76.57400054931641
2024-07-19 00:00:00-04:00,75.02999877929688,75.37000274658203,72.0199966430664,72.52999877929688,6339600,0.0,0.0,75.70599975585938
2024-07-22 00:00:00-04:00,75.33999633789062,77.55999755859375,73.76000213623047,77.33000183105469,7758500,0.0,0.0,75.8979995727539
2024-07-23 00:00:00-04:00,75.0,75.38999938964844,72.81999969482422,73.38999938964844,7557800,0.0,0.0,74.82799987792968
2024-07-24 00:00:00-04:00,73.0999984741211,73.69000244140625,69.94999694824219,70.11000061035156,8138500,0.0,0.0,73.75800018310547
2024-07-25 00:00:00-04:00,67.83999633789062,70.72000122070312,66.77999877929688,67.54000091552734,9670800,0.0,0.0,72.18000030517578
2024-07-26 00:00:00-04:00,69.1500015258789,70.77999877929688,68.66000366210938,70.16999816894531,7765500,0.0,0.0,71.70800018310547
2024-07-29 00:00:00-04:00,75.9000015258789,80.08000183105469,75.5,78.2699966430664,22288700,0.0,0.0,71.89599914550782
2024-07-30 00:00:00-04:00,77.80000305175781,78.19000244140625,73.76000213623047,73.97000122070312,11851700,0.0,0.0,72.01199951171876
2024-07-31 00:00:00-04:00,75.80000305175781,79.44999694824219,74.83000183105469,78.25,11047900,0.0,0.0,73.63999938964844
2024-08-01 00:00:00-04:00,76.27999877929688,76.9000015258789,70.9800033569336,71.9000015258789,11569500,0.0,0.0,74.51199951171876
2024-08-02 00:00:00-04:00,69.5,69.8499984741211,67.12999725341797,67.94999694824219,11552900,0.0,0.0,74.06799926757813
2024-08-05 00:00:00-04:00,66.8499984741211,71.91999816894531,66.51000213623047,68.97000122070312,10311900,0.0,0.0,72.20800018310547
2024-08-06 00:00:00-04:00,69.0199966430664,70.72000122070312,67.44999694824219,68.51000213623047,6388300,0.0,0.0,71.11600036621094
2024-08-07 00:00:00-04:00,70.08000183105469,71.20999908447266,66.18000030517578,66.38999938964844,7370100,0.0,0.0,68.74400024414062
2024-08-08 00:00:00-04:00,68.94999694824219,72.4800033569336,68.2300033569336,72.2300033569336,9541700,0.0,0.0,68.81000061035157
2024-08-09 00:00:00-04:00,70.97000122070312,71.88999938964844,69.91999816894531,71.30000305175781,4275600,0.0,0.0,69.4800018310547
2024-08-12 00:00:00-04:00,71.31999969482422,71.66000366210938,69.61000061035156,70.37000274658203,3962500,0.0,0.0,69.76000213623047
2024-08-13 00:00:00-04:00,71.38999938964844,73.33999633789062,70.72000122070312,72.91000366210938,5650600,0.0,0.0,70.64000244140625
2024-08-14 00:00:00-04:00,73.05000305175781,73.23999786376953,70.27999877929688,71.08000183105469,5065100,0.0,0.0,71.5780029296875
2024-08-15 00:00:00-04:00,73.0,76.62000274658203,72.81999969482422,75.87999725341797,8367500,0.0,0.0,72.30800170898438
2024-08-16 00:00:00-04:00,75.0,76.4800033569336,74.81999969482422,75.83999633789062,5390100,0.0,0.0,73.21600036621093
2024-08-19 00:00:00-04:00,75.63999938964844,77.7699966430664,75.01000213623047,77.72000122070312,5014000,0.0,0.0,74.68600006103516
2024-08-20 00:00:00-04:00,76.77999877929688,77.08000183105469,75.20999908447266,75.81999969482422,5060000,0.0,0.0,75.26799926757812
2024-08-21 00:00:00-04:00,76.95999908447266,77.94000244140625,75.88999938964844,76.68000030517578,5330300,0.0,0.0,76.38799896240235
2024-08-22 00:00:00-04:00,76.97000122070312,77.0,73.11000061035156,73.37000274658203,7232300,0.0,0.0,75.88600006103516
2024-08-23 00:00:00-04:00,74.66999816894531,76.44999694824219,74.33000183105469,76.36000061035156,5685500,0.0,0.0,75.99000091552735
2024-08-26 00:00:00-04:00,76.22000122070312,76.25,74.37999725341797,74.81999969482422,5173700,0.0,0.0,75.41000061035156
2024-08-27 00:00:00-04:00,74.33999633789062,76.68000030517578,73.08999633789062,76.05999755859375,3806000,0.0,0.0,75.45800018310547
2024-08-28 00:00:00-04:00,76.0,76.18000030517578,73.70999908447266,74.62999725341797,4758900,0.0,0.0,75.04799957275391
2024-08-29 00:00:00-04:00,75.93000030517578,78.61000061035156,75.4800033569336,76.30000305175781,4845200,0.0,0.0,75.63399963378906
2024-08-30 00:00:00-04:00,78.12000274658203,78.47000122070312,76.66000366210938,77.87000274658203,4811900,0.0,0.0,75.93600006103516
2024-09-03 00:00:00-04:00,76.41000366210938,76.41000366210938,69.91999816894531,70.76000213623047,10785900,0.0,0.0,75.1240005493164
2024-09-04 00:00:00-04:00,69.88999938964844,72.16000366210938,69.27999877929688,70.52999877929688,6158400,0.0,0.0,74.01800079345703
2024-09-05 00:00:00-04:00,69.66999816894531,71.9000015258789,69.41000366210938,70.25,4791500,0.0,0.0,73.14200134277344
2024-09-06 00:00:00-04:00,70.01000213623047,71.27999877929688,67.41000366210938,67.91999816894531,8467500,0.0,0.0,71.46600036621093
2024-09-09 00:00:00-04:00,68.80000305175781,70.23999786376953,68.58999633789062,69.38999938964844,6394600,0.0,0.0,69.76999969482422
2024-09-10 00:00:00-04:00,68.31999969482422,68.3499984741211,66.95999908447266,68.2300033569336,4376700,0.0,0.0,69.26399993896484
2024-09-11 00:00:00-04:00,68.45999908447266,70.7300033569336,66.36000061035156,70.58000183105469,7463400,0.0,0.0,69.27400054931641
2024-09-12 00:00:00-04:00,70.06999969482422,70.0999984741211,68.19999694824219,69.33000183105469,4172800,0.0,0.0,69.09000091552734
2024-09-13 00:00:00-04:00,70.04000091552734,72.16999816894531,70.0199966430664,71.72000122070312,5495100,0.0,0.0,69.85000152587891
2024-09-16 00:00:00-04:00,70.80000305175781,71.45999908447266,69.1500015258789,70.37000274658203,4388600,0.0,0.0,70.04600219726562
2024-09-17 00:00:00-04:00,71.47000122070312,72.30000305175781,70.5199966430664,71.41999816894531,2711600,0.0,0.0,70.68400115966797
2024-09-18 00:00:00-04:00,71.29000091552734,73.36000061035156,70.1500015258789,70.63999938964844,4118200,0.0,0.0,70.69600067138671
2024-09-19 00:00:00-04:00,73.81999969482422,74.98999786376953,72.62000274658203,73.3499984741211,8075400,0.0,0.0,71.5
2024-09-20 00:00:00-04:00,71.04000091552734,71.44000244140625,68.38999938964844,69.56999969482422,12073700,0.0,0.0,71.06999969482422
2024-09-23 00:00:00-04:00,69.9800033569336,70.77999877929688,69.5,69.73999786376953,5107500,0.0,0.0,70.94399871826172
2024-09-24 00:00:00-04:00,70.9000015258789,72.31999969482422,69.9000015258789,70.47000122070312,4656500,0.0,0.0,70.75399932861328
2024-09-25 00:00:00-04:00,69.81999969482422,70.52999877929688,69.0999984741211,69.6500015258789,3331400,0.0,0.0,70.55599975585938
2024-09-26 00:00:00-04:00,72.36000061035156,73.91000366210938,70.08999633789062,73.31999969482422,5753100,0.0,0.0,70.55
2024-09-27 00:00:00-04:00,74.5999984741211,75.87999725341797,73.79000091552734,74.38999938964844,5289100,0.0,0.0,71.51399993896484
2024-09-30 00:00:00-04:00,72.30999755859375,73.54000091552734,71.22000122070312,72.61000061035156,6822500,0.0,0.0,72.08800048828125
2024-10-01 00:00:00-04:00,72.47000122070312,73.11000061035156,70.30000305175781,71.05000305175781,5971900,0.0,0.0,72.2040008544922
2024-10-02 00:00:00-04:00,71.08999633789062,72.55999755859375,70.38999938964844,71.51000213623047,4333200,0.0,0.0,72.5760009765625
2024-10-03 00:00:00-04:00,70.61000061035156,71.45999908447266,69.5,70.33000183105469,3652200,0.0,0.0,71.97800140380859
2024-10-04 00:00:00-04:00,72.2699966430664,72.68000030517578,70.93000030517578,71.54000091552734,4771800,0.0,0.0,71.40800170898437
2024-10-07 00:00:00-04:00,70.62000274658203,71.25,70.04000091552734,71.08999633789062,3790300,0.0,0.0,71.10400085449218
2024-10-08 00:00:00-04:00,70.83999633789062,71.13999938964844,69.45999908447266,70.52999877929688,3779200,0.0,0.0,71.0
2024-10-09 00:00:00-04:00,70.3499984741211,71.19000244140625,69.80999755859375,71.0,3873000,0.0,0.0,70.8979995727539
2024-10-10 00:00:00-04:00,69.87999725341797,70.38999938964844,69.16000366210938,70.30999755859375,4044800,0.0,0.0,70.89399871826171
2024-10-11 00:00:00-04:00,69.18000030517578,71.63999938964844,69.0,70.33000183105469,5136300,0.0,0.0,70.6519989013672
2024-10-14 00:00:00-04:00,71.0,72.97000122070312,70.04000091552734,72.79000091552734,4935100,0.0,0.0,70.99199981689453
2024-10-15 00:00:00-04:00,72.70999908447266,74.18000030517578,68.63999938964844,69.31999969482422,9303900,0.0,0.0,70.75
2024-10-16 00:00:00-04:00,70.66000366210938,71.20999908447266,68.91000366210938,69.02999877929688,7299700,0.0,0.0,70.35599975585937
2024-10-17 00:00:00-04:00,70.79000091552734,71.30000305175781,68.80000305175781,69.23999786376953,6293400,0.0,0.0,70.14199981689453
2024-10-18 00:00:00-04:00,70.45999908447266,70.56999969482422,68.29000091552734,68.48999786376953,5202400,0.0,0.0,69.7739990234375
2024-10-21 00:00:00-04:00,68.0999984741211,68.3499984741211,65.7699966430664,67.13999938964844,6743700,0.0,0.0,68.64399871826171
2024-10-22 00:00:00-04:00,66.66999816894531,67.05999755859375,65.68000030517578,66.54000091552734,6921400,0.0,0.0,68.08799896240234
2024-10-23 00:00:00-04:00,69.36000061035156,69.68000030517578,66.47000122070312,67.97000122070312,9256100,0.0,0.0,67.8759994506836
2024-10-24 00:00:00-04:00,69.52999877929688,70.13999938964844,68.36000061035156,70.08000183105469,7567000,0.0,0.0,68.04400024414062
2024-10-25 00:00:00-04:00,70.5999984741211,72.9800033569336,70.56999969482422,71.25,10772100,0.0,0.0,68.59600067138672
2024-10-28 00:00:00-04:00,67.30000305175781,75.19999694824219,66.62000274658203,72.23999786376953,16687300,0.0,0.0,69.61600036621094
2024-10-29 00:00:00-04:00,72.23999786376953,75.19999694824219,70.62000274658203,74.69999694824219,8222500,0.0,0.0,71.24799957275391
2024-10-30 00:00:00-04:00,73.6500015258789,76.05999755859375,72.81999969482422,73.62999725341797,8087700,0.0,0.0,72.37999877929687
2024-10-31 00:00:00-04:00,73.36000061035156,73.44000244140625,69.27999877929688,70.48999786376953,9975300,0.0,0.0,72.46199798583984
2024-11-01 00:00:00-04:00,70.5,72.5,70.16000366210938,70.98999786376953,5551200,0.0,0.0,72.40999755859374
2024-11-04 00:00:00-05:00,70.25,71.36000061035156,69.37000274658203,69.5,4008500,0.0,0.0,71.86199798583985
2024-11-05 00:00:00-05:00,69.33999633789062,70.61000061035156,68.4800033569336,70.19999694824219,5019600,0.0,0.0,70.96199798583984
2024-11-06 00:00:00-05:00,72.51000213623047,73.30000305175781,71.36000061035156,72.2699966430664,7771900,0.0,0.0,70.68999786376953
2024-11-07 00:00:00-05:00,73.1500015258789,73.45999908447266,71.94000244140625,72.05000305175781,5027700,0.0,0.0,71.00199890136719
2024-11-08 00:00:00-05:00,71.0,71.41999816894531,69.6500015258789,70.41000366210938,4742200,0.0,0.0,70.88600006103516
2024-11-11 00:00:00-05:00,71.0,71.01000213623047,68.80000305175781,69.95999908447266,6632600,0.0,0.0,70.97799987792969
2024-11-12 00:00:00-05:00,69.9000015258789,71.30000305175781,68.98999786376953,70.2300033569336,4852700,0.0,0.0,70.98400115966797
2024-11-13 00:00:00-05:00,69.0,69.80999755859375,67.83000183105469,68.48999786376953,5676400,0.0,0.0,70.22800140380859
2024-11-14 00:00:00-05:00,68.63999938964844,69.18000030517578,66.80000305175781,67.0199966430664,6420700,0.0,0.0,69.22200012207031
2024-11-15 00:00:00-05:00,66.30999755859375,66.83000183105469,64.58999633789062,64.76000213623047,6231100,0.0,0.0,68.09199981689453
2024-11-18 00:00:00-05:00,64.4800033569336,66.58000183105469,64.31999969482422,66.4800033569336,6371200,0.0,0.0,67.39600067138672
2024-11-19 00:00:00-05:00,66.47000122070312,67.22000122070312,66.0,66.6500015258789,5746300,0.0,0.0,66.68000030517578
2024-11-20 00:00:00-05:00,65.56999969482422,67.36000061035156,65.47000122070312,67.30999755859375,5098000,0.0,0.0,66.44400024414062
2024-11-21 00:00:00-05:00,67.9000015258789,69.12000274658203,66.44999694824219,68.47000122070312,4724600,0.0,0.0,66.73400115966797
2024-11-22 00:00:00-05:00,68.0199966430664,69.72000122070312,67.51000213623047,69.62000274658203,4092100,0.0,0.0,67.70600128173828
2024-11-25 00:00:00-05:00,71.16000366210938,73.48999786376953,70.30999755859375,72.38999938964844,6575600,0.0,0.0,68.88800048828125
2024-11-26 00:00:00-05:00,73.3499984741211,73.43000030517578,69.97000122070312,70.81999969482422,5136800,0.0,0.0,69.72200012207031
2024-11-27 00:00:00-05:00,70.30999755859375,71.33000183105469,69.13999938964844,70.3499984741211,3724400,0.0,0.0,70.33000030517579
2024-11-29 00:00:00-05:00,71.0,72.52999877929688,70.5999984741211,71.12000274658203,2900300,0.0,0.0,70.86000061035156
2024-12-02 00:00:00-05:00,71.0,74.5199966430664,70.75,73.94999694824219,6457100,0.0,0.0,71.72599945068359
2024-12-03 00:00:00-05:00,72.41999816894531,73.19000244140625,69.69000244140625,69.80999755859375,8883100,0.0,0.0,71.20999908447266
2024-12-04 00:00:00-05:00,70.51000213623047,70.51000213623047,65.3499984741211,65.97000122070312,13169500,0.0,0.0,70.23999938964843
2024-12-05 00:00:00-05:00,65.87999725341797,66.86000061035156,65.1500015258789,65.73999786376953,8527400,0.0,0.0,69.31799926757813
2024-12-06 00:00:00-05:00,66.27999877929688,67.04000091552734,65.91999816894531,66.5199966430664,5412000,0.0,0.0,68.397998046875
2024-12-09 00:00:00-05:00,66.5199966430664,68.66000366210938,66.30000305175781,67.68000030517578,4963200,0.0,0.0,67.14399871826171
2024-12-10 00:00:00-05:00,67.9000015258789,68.11000061035156,66.05000305175781,66.33999633789062,4631600,0.0,0.0,66.44999847412109
2024-12-11 00:00:00-05:00,67.0,68.52999877929688,66.44000244140625,67.97000122070312,5698500,0.0,0.0,66.8499984741211
2024-12-12 00:00:00-05:00,66.9000015258789,67.5199966430664,66.26000213623047,67.11000061035156,4075800,0.0,0.0,67.1239990234375
2024-12-13 00:00:00-05:00,66.58000183105469,66.95999908447266,64.80000305175781,65.95999908447266,7179200,0.0,0.0,67.01199951171876
2024-12-16 00:00:00-05:00,65.4000015258789,67.27999877929688,64.94000244140625,66.44000244140625,6139800,0.0,0.0,66.76399993896484
2024-12-17 00:00:00-05:00,66.98999786376953,70.58000183105469,66.8499984741211,67.73999786376953,7810800,0.0,0.0,67.04400024414062
2024-12-18 00:00:00-05:00,67.88999938964844,69.2699966430664,64.62000274658203,64.93000030517578,9813100,0.0,0.0,66.43600006103516
2024-12-19 00:00:00-05:00,66.12999725341797,66.97000122070312,64.75,64.80000305175781,7630200,0.0,0.0,65.9740005493164
2024-12-20 00:00:00-05:00,64.22000122070312,66.86000061035156,63.939998626708984,65.5,12758500,0.0,0.0,65.88200073242187
2024-12-23 00:00:00-05:00,65.5,66.98999786376953,65.44999694824219,66.62999725341797,5257400,0.0,0.0,65.91999969482421
2024-12-24 00:00:00-05:00,66.62999725341797,67.91999816894531,66.41999816894531,67.9000015258789,3044800,0.0,0.0,65.95200042724609
2024-12-26 00:00:00-05:00,67.05000305175781,67.94999694824219,66.98999786376953,67.0199966430664,3659500,0.0,0.0,66.36999969482422
2024-12-27 00:00:00-05:00,66.69999694824219,67.05000305175781,65.4800033569336,66.01000213623047,4751900,0.0,0.0,66.61199951171875
2024-12-30 00:00:00-05:00,65.18000030517578,65.30999755859375,63.27000045776367,63.459999084472656,7230300,0.0,0.0,66.20399932861328
2024-12-31 00:00:00-05:00,63.790000915527344,64.2699966430664,62.779998779296875,63.04999923706055,4300000,0.0,0.0,65.4879997253418
2025-01-02 00:00:00-05:00,63.810001373291016,64.08999633789062,61.65999984741211,61.709999084472656,7392700,0.0,0.0,64.24999923706055
2025-01-03 00:00:00-05:00,61.95000076293945,64.47000122070312,61.58000183105469,63.90999984741211,6962700,0.0,0.0,63.62799987792969
2025-01-06 00:00:00-05:00,64.37999725341797,67.0,64.33000183105469,64.51000213623047,7368900,0.0,0.0,63.327999877929685
2025-01-07 00:00:00-05:00,64.77999877929688,65.25,62.31999969482422,62.72999954223633,9310400,0.0,0.0,63.18199996948242
2025-01-08 00:00:00-05:00,62.40999984741211,62.59000015258789,57.959999084472656,58.310001373291016,14868300,0.0,0.0,62.23400039672852
2025-01-10 00:00:00-05:00,56.380001068115234,56.599998474121094,53.599998474121094,53.939998626708984,17560000,0.0,0.0,60.68000030517578
2025-01-13 00:00:00-05:00,53.20000076293945,56.45000076293945,53.099998474121094,55.869998931884766,12195900,0.0,0.0,59.072000122070314
2025-01-14 00:00:00-05:00,55.27000045776367,56.459999084472656,54.5099983215332,55.18000030517578,6350600,0.0,0.0,57.205999755859374
2025-01-15 00:00:00-05:00,56.720001220703125,56.75,55.13999938964844,55.22999954223633,7968400,0.0,0.0,55.705999755859374
2025-01-16 00:00:00-05:00,55.20000076293945,55.47999954223633,53.459999084472656,53.5099983215332,8661000,0.0,0.0,54.74599914550781
2025-01-17 00:00:00-05:00,54.58000183105469,55.08000183105469,54.369998931884766,54.630001068115234,7298900,0.0,0.0,54.88399963378906
2025-01-21 00:00:00-05:00,55.099998474121094,56.11000061035156,54.869998931884766,55.61000061035156,6336200,0.0,0.0,54.831999969482425
2025-01-22 00:00:00-05:00,55.0,56.630001068115234,55.0,56.029998779296875,8091800,0.0,0.0,55.00199966430664
2025-01-23 00:00:00-05:00,55.04999923706055,56.29999923706055,54.65999984741211,56.2599983215332,9145800,0.0,0.0,55.20799942016602
2025-01-24 00:00:00-05:00,55.58000183105469,55.7400016784668,54.02000045776367,54.5,9237400,0.0,0.0,55.405999755859376
2025-01-27 00:00:00-05:00,54.88999938964844,56.279998779296875,53.470001220703125,53.939998626708984,12666400,0.0,0.0,55.267999267578126
2025-01-28 00:00:00-05:00,54.11000061035156,54.599998474121094,52.79999923706055,53.869998931884766,10463100,0.0,0.0,54.91999893188476
2025-01-29 00:00:00-05:00,54.040000915527344,54.4900016784668,53.099998474121094,53.77000045776367,5513500,0.0,0.0,54.46799926757812
2025-01-30 00:00:00-05:00,53.56999969482422,53.68000030517578,51.810001373291016,53.27000045776367,8385400,0.0,0.0,53.869999694824216
2025-01-31 00:00:00-05:00,53.040000915527344,53.72999954223633,51.95000076293945,52.34000015258789,6396500,0.0,0.0,53.4379997253418
2025-02-03 00:00:00-05:00,50.650001525878906,51.459999084472656,49.79999923706055,50.2599983215332,8078700,0.0,0.0,52.70199966430664
2025-02-04 00:00:00-05:00,50.68000030517578,51.33000183105469,50.16999816894531,50.58000183105469,5660000,0.0,0.0,52.044000244140626
2025-02-05 00:00:00-05:00,50.220001220703125,51.779998779296875,49.88999938964844,51.720001220703125,6142800,0.0,0.0,51.63400039672852
2025-02-06 00:00:00-05:00,52.20000076293945,52.779998779296875,51.93000030517578,52.439998626708984,8149200,0.0,0.0,51.46800003051758
2025-02-07 00:00:00-05:00,52.27000045776367,53.58000183105469,50.439998626708984,51.25,13250600,0.0,0.0,51.25
2025-02-10 00:00:00-05:00,50.939998626708984,51.0,46.56999969482422,47.040000915527344,23762900,0.0,0.0,50.60600051879883
2025-02-11 00:00:00-05:00,46.970001220703125,48.95000076293945,46.790000915527344,47.93000030517578,11150500,0.0,0.0,50.07600021362305
2025-02-12 00:00:00-05:00,47.290000915527344,50.18000030517578,47.2599983215332,50.060001373291016,9413900,0.0,0.0,49.74400024414062
2025-02-13 00:00:00-05:00,50.060001373291016,50.970001220703125,49.70000076293945,50.91999816894531,7400100,0.0,0.0,49.44000015258789
2025-02-14 00:00:00-05:00,51.16999816894531,51.880001068115234,50.84000015258789,51.83000183105469,5963800,0.0,0.0,49.556000518798825
2025-02-18 00:00:00-05:00,52.08000183105469,52.959999084472656,51.900001525878906,51.95000076293945,7766500,0.0,0.0,50.53800048828125
2025-02-19 00:00:00-05:00,52.25,56.36000061035156,52.0,55.52000045776367,15289900,0.0,0.0,52.056000518798825
2025-02-20 00:00:00-05:00,56.25,57.77000045776367,55.09000015258789,55.7400016784668,9393400,0.0,0.0,53.19200057983399
2025-02-21 00:00:00-05:00,56.29999923706055,56.66999816894531,53.630001068115234,54.04999923706055,10983000,0.0,0.0,53.81800079345703
2025-02-24 00:00:00-05:00,54.33000183105469,54.38999938964844,52.7599983215332,53.400001525878906,9153100,0.0,0.0,54.13200073242187
2025-02-25 00:00:00-05:00,53.630001068115234,53.95000076293945,51.060001373291016,51.220001220703125,8855400,0.0,0.0,53.98600082397461
2025-02-26 00:00:00-05:00,51.0,51.40999984741211,49.63999938964844,50.54999923706055,9675300,0.0,0.0,52.992000579833984
2025-02-27 00:00:00-05:00,50.119998931884766,50.61000061035156,46.9900016784668,47.380001068115234,12453800,0.0,0.0,51.32000045776367
2025-02-28 00:00:00-05:00,47.939998626708984,48.52000045776367,46.040000915527344,47.04999923706055,13110600,0.0,0.0,49.92000045776367
2025-03-03 00:00:00-05:00,47.59000015258789,48.0099983215332,44.66999816894531,44.90999984741211,12104200,0.0,0.0,48.22200012207031
2025-03-04 00:00:00-05:00,45.09000015258789,45.7400016784668,43.939998626708984,44.4900016784668,10433100,0.0,0.0,46.876000213623044
2025-03-05 00:00:00-05:00,45.529998779296875,46.56999969482422,45.02000045776367,46.4900016784668,8672400,0.0,0.0,46.0640007019043
2025-03-06 00:00:00-05:00,44.34000015258789,45.06999969482422,43.33000183105469,43.880001068115234,12563300,0.0,0.0,45.364000701904295
2025-03-07 00:00:00-05:00,43.869998931884766,46.040000915527344,43.58000183105469,45.400001525878906,10341800,0.0,0.0,45.034001159667966
2025-03-10 00:00:00-04:00,44.220001220703125,44.959999084472656,43.560001373291016,44.15999984741211,10971100,0.0,0.0,44.88400115966797
2025-03-11 00:00:00-04:00,44.380001068115234,44.70000076293945,41.849998474121094,42.86000061035156,9016100,0.0,0.0,44.55800094604492
2025-03-12 00:00:00-04:00,43.2599983215332,43.68000030517578,42.52000045776367,42.849998474121094,6693600,0.0,0.0,43.83000030517578
2025-03-13 00:00:00-04:00,42.709999084472656,43.779998779296875,41.59000015258789,42.150001525878906,6256500,0.0,0.0,43.48400039672852
2025-03-14 00:00:00-04:00,42.9900016784668,43.439998626708984,42.349998474121094,43.189998626708984,6639800,0.0,0.0,43.04199981689453
2025-03-17 00:00:00-04:00,43.060001373291016,44.41999816894531,42.90999984741211,44.04999923706055,6696700,0.0,0.0,43.01999969482422
2025-03-18 00:00:00-04:00,43.459999084472656,43.959999084472656,42.849998474121094,43.41999816894531,5278500,0.0,0.0,43.13199920654297
2025-03-19 00:00:00-04:00,43.61000061035156,44.439998626708984,43.290000915527344,43.58000183105469,5041200,0.0,0.0,43.27799987792969
2025-03-20 00:00:00-04:00,43.0099983215332,43.83000183105469,42.72999954223633,43.20000076293945,6432200,0.0,0.0,43.487999725341794
2025-03-21 00:00:00-04:00,42.2599983215332,44.0,41.900001525878906,43.779998779296875,17838900,0.0,0.0,43.60599975585937
2025-03-24 00:00:00-04:00,45.33000183105469,46.2400016784668,45.130001068115234,45.68000030517578,9943800,0.0,0.0,43.93199996948242
2025-03-25 00:00:00-04:00,45.43000030517578,45.880001068115234,44.97999954223633,45.310001373291016,4759100,0.0,0.0,44.310000610351565
2025-03-26 00:00:00-04:00,45.11000061035156,45.63999938964844,44.060001373291016,45.040000915527344,8456700,0.0,0.0,44.6020004272461
2025-03-27 00:00:00-04:00,44.630001068115234,45.0099983215332,43.72999954223633,43.7599983215332,6424100,0.0,0.0,44.71399993896485
2025-03-28 00:00:00-04:00,43.119998931884766,43.33000183105469,40.619998931884766,40.939998626708984,10439200,0.0,0.0,44.145999908447266
2025-03-31 00:00:00-04:00,40.54999923706055,41.540000915527344,39.36000061035156,40.689998626708984,8999100,0.0,0.0,43.1479995727539
2025-04-01 00:00:00-04:00,40.5099983215332,40.58000183105469,39.099998474121094,40.20000076293945,7432500,0.0,0.0,42.125999450683594
2025-04-02 00:00:00-04:00,39.59000015258789,41.59000015258789,39.18000030517578,40.7599983215332,5689800,0.0,0.0,41.269998931884764
2025-04-03 00:00:00-04:00,38.7599983215332,39.22999954223633,35.5,35.560001373291016,14923900,0.0,0.0,39.62999954223633
2025-04-04 00:00:00-04:00,34.459999084472656,35.5099983215332,33.209999084472656,33.70000076293945,14294900,0.0,0.0,38.18199996948242
2025-04-07 00:00:00-04:00,33.380001068115234,36.90999984741211,32.20000076293945,35.08000183105469,18919300,0.0,0.0,37.060000610351565
2025-04-08 00:00:00-04:00,35.810001373291016,36.650001525878906,31.040000915527344,31.950000762939453,14238500,0.0,0.0,35.41000061035156
2025-04-09 00:00:00-04:00,32.31999969482422,39.59000015258789,31.68000030517578,39.20000076293945,28303700,0.0,0.0,35.098001098632814
2025-04-10 00:00:00-04:00,36.58000183105469,37.099998474121094,33.2400016784668,34.880001068115234,18006300,0.0,0.0,34.96200103759766
2025-04-11 00:00:00-04:00,33.77000045776367,35.16999816894531,32.099998474121094,35.08000183105469,20276400,0.0,0.0,35.2380012512207
2025-04-14 00:00:00-04:00,35.86000061035156,36.36000061035156,34.810001373291016,35.619998931884766,9912100,0.0,0.0,35.34600067138672
2025-04-15 00:00:00-04:00,35.83000183105469,36.68000030517578,35.060001373291016,35.849998474121094,6708200,0.0,0.0,36.126000213623044
2025-04-16 00:00:00-04:00,34.56999969482422,35.52000045776367,32.849998474121094,34.25,13049600,0.0,0.0,35.136000061035155
2025-04-17 00:00:00-04:00,34.40999984741211,34.81999969482422,33.650001525878906,34.63999938964844,5827000,0.0,0.0,35.087999725341795
2025-04-21 00:00:00-04:00,33.70000076293945,34.86000061035156,33.20000076293945,34.7400016784668,7885400,0.0,0.0,35.01999969482422
2025-04-22 00:00:00-04:00,35.09000015258789,36.099998474121094,34.72999954223633,35.45000076293945,8826400,0.0,0.0,34.986000061035156
2025-04-23 00:00:00-04:00,37.0,37.779998779296875,36.27000045776367,36.619998931884766,8946500,0.0,0.0,35.14000015258789
2025-04-24 00:00:00-04:00,38.560001373291016,40.04999923706055,38.13999938964844,39.959999084472656,13190000,0.0,0.0,36.28199996948242
2025-04-25 00:00:00-04:00,39.380001068115234,40.22999954223633,38.7599983215332,39.630001068115234,7558400,0.0,0.0,37.28000030517578
2025-04-28 00:00:00-04:00,39.43000030517578,40.33000183105469,38.689998626708984,40.040000915527344,6089100,0.0,0.0,38.34000015258789
2025-04-29 00:00:00-04:00,38.90999984741211,39.459999084472656,38.29999923706055,38.86000061035156,7914300,0.0,0.0,39.02200012207031
2025-04-30 00:00:00-04:00,37.939998626708984,39.83000183105469,37.470001220703125,39.70000076293945,7283600,0.0,0.0,39.63800048828125
2025-05-01 00:00:00-04:00,40.22999954223633,40.7400016784668,39.5,39.599998474121094,10202100,0.0,0.0,39.566000366210936
2025-05-02 00:00:00-04:00,40.59000015258789,42.25,40.560001373291016,41.90999984741211,14142000,0.0,0.0,40.02200012207031
2025-05-05 00:00:00-04:00,40.52000045776367,40.7599983215332,37.63999938964844,38.40999984741211,24182500,0.0,0.0,39.69599990844726
2025-05-06 00:00:00-04:00,38.04999923706055,39.189998626708984,37.189998626708984,38.5099983215332,13529300,0.0,0.0,39.625999450683594
2025-05-07 00:00:00-04:00,38.900001525878906,38.95000076293945,37.560001373291016,38.79999923706055,9662600,0.0,0.0,39.44599914550781
2025-05-08 00:00:00-04:00,39.29999923706055,40.38999938964844,38.689998626708984,39.77000045776367,9997400,0.0,0.0,39.47999954223633
2025-05-09 00:00:00-04:00,40.400001525878906,42.09000015258789,40.31999969482422,40.97999954223633,11721800,0.0,0.0,39.29399948120117
2025-05-12 00:00:00-04:00,43.45000076293945,45.310001373291016,43.36000061035156,44.619998931884766,17347500,0.0,0.0,40.5359992980957
2025-05-13 00:00:00-04:00,44.77000045776367,46.59000015258789,44.7400016784668,45.77000045776367,12019200,0.0,0.0,41.987999725341794
2025-05-14 00:00:00-04:00,45.95000076293945,46.20000076293945,44.81999969482422,45.20000076293945,7065800,0.0,0.0,43.26800003051758
2025-05-15 00:00:00-04:00,44.70000076293945,44.95000076293945,43.779998779296875,44.52000045776367,6833600,0.0,0.0,44.21800003051758
2025-05-16 00:00:00-04:00,44.5099983215332,44.959999084472656,43.93000030517578,44.91999816894531,5478000,0.0,0.0,45.00599975585938
2025-05-19 00:00:00-04:00,43.54999923706055,44.189998626708984,43.5099983215332,43.84000015258789,5973600,0.0,0.0,44.85
2025-05-20 00:00:00-04:00,43.470001220703125,44.290000915527344,43.400001525878906,44.2599983215332,5360900,0.0,0.0,44.54799957275391
2025-05-21 00:00:00-04:00,44.2599983215332,45.47999954223633,43.31999969482422,43.65999984741211,8595800,0.0,0.0,44.23999938964844
2025-05-22 00:00:00-04:00,44.5,44.58000183105469,42.029998779296875,42.290000915527344,12463200,0.0,0.0,43.79399948120117
2025-05-23 00:00:00-04:00,40.65999984741211,41.52000045776367,40.619998931884766,41.27000045776367,9856900,0.0,0.0,43.06399993896484
2025-05-27 00:00:00-04:00,42.36000061035156,43.869998931884766,41.77000045776367,43.400001525878906,9662800,0.0,0.0,42.976000213623045
2025-05-28 00:00:00-04:00,43.52000045776367,43.779998779296875,42.65999984741211,42.849998474121094,5674500,0.0,0.0,42.694000244140625
2025-05-29 00:00:00-04:00,43.72999954223633,44.11000061035156,42.61000061035156,42.939998626708984,4847000,0.0,0.0,42.55
2025-05-30 00:00:00-04:00,42.66999816894531,42.83000183105469,41.630001068115234,42.02000045776367,10184900,0.0,0.0,42.49599990844727
2025-06-02 00:00:00-04:00,41.81999969482422,42.83000183105469,41.4900016784668,42.540000915527344,6894000,0.0,0.0,42.75
2025-06-03 00:00:00-04:00,42.5099983215332,47.560001373291016,41.880001068115234,47.369998931884766,24131400,0.0,0.0,43.54399948120117
2025-06-04 00:00:00-04:00,48.34000015258789,51.099998474121094,47.720001220703125,50.279998779296875,28183500,0.0,0.0,45.029999542236325
2025-06-05 00:00:00-04:00,50.52000045776367,51.04999923706055,48.939998626708984,49.540000915527344,11932600,0.0,0.0,46.35
2025-06-06 00:00:00-04:00,50.34000015258789,51.29999923706055,50.04999923706055,50.16999816894531,8142500,0.0,0.0,47.97999954223633
2025-06-09 00:00:00-04:00,50.66999816894531,52.88999938964844,50.66999816894531,52.380001068115234,12125200,0.0,0.0,49.94799957275391
2025-06-10 00:00:00-04:00,52.459999084472656,54.38999938964844,52.27000045776367,53.79999923706055,11524200,0.0,0.0,51.23399963378906
2025-06-11 00:00:00-04:00,54.290000915527344,54.439998626708984,51.130001068115234,51.779998779296875,10484600,0.0,0.0,51.533999633789065
2025-06-12 00:00:00-04:00,51.15999984741211,53.189998626708984,51.0,52.97999954223633,9889300,0.0,0.0,52.22199935913086
2025-06-13 00:00:00-04:00,51.5099983215332,52.15999984741211,50.939998626708984,51.02000045776367,9657700,0.0,0.0,52.39199981689453
2025-06-16 00:00:00-04:00,52.38999938964844,53.97999954223633,52.209999084472656,53.880001068115234,8441300,0.0,0.0,52.69199981689453
2025-06-17 00:00:00-04:00,53.279998779296875,55.0099983215332,52.650001525878906,52.939998626708984,8776300,0.0,0.0,52.51999969482422
2025-06-18 00:00:00-04:00,53.13999938964844,53.650001525878906,51.689998626708984,52.2599983215332,7176300,0.0,0.0,52.61599960327148
2025-06-20 00:00:00-04:00,53.63999938964844,53.84000015258789,52.279998779296875,52.81999969482422,12894100,0.0,0.0,52.58399963378906
2025-06-23 00:00:00-04:00,52.650001525878906,53.7599983215332,51.97999954223633,53.16999816894531,5670700,0.0,0.0,53.01399917602539
2025-06-24 00:00:00-04:00,54.060001373291016,54.880001068115234,53.790000915527344,54.209999084472656,7440700,0.0,0.0,53.07999877929687
2025-06-25 00:00:00-04:00,54.15999984741211,54.209999084472656,52.599998474121094,53.7400016784668,8291700,0.0,0.0,53.23999938964844
2025-06-26 00:00:00-04:00,54.0099983215332,54.08000183105469,53.439998626708984,53.650001525878906,6880600,0.0,0.0,53.51800003051758
2025-06-27 00:00:00-04:00,53.91999816894531,54.13999938964844,52.20000076293945,52.93000030517578,7896100,0.0,0.0,53.54000015258789
2025-06-30 00:00:00-04:00,53.27000045776367,53.27000045776367,52.31999969482422,52.40999984741211,7095400,0.0,0.0,53.38800048828125
2025-07-01 00:00:00-04:00,51.810001373291016,54.869998931884766,51.529998779296875,53.599998474121094,8777300,0.0,0.0,53.26600036621094
2025-07-02 00:00:00-04:00,54.709999084472656,56.279998779296875,53.90999984741211,55.95000076293945,10429800,0.0,0.0,53.70800018310547
2025-07-03 00:00:00-04:00,56.38999938964844,57.130001068115234,55.630001068115234,56.599998474121094,5572200,0.0,0.0,54.29799957275391
2025-07-07 00:00:00-04:00,55.38999938964844,56.22999954223633,54.15999984741211,54.61000061035156,7829300,0.0,0.0,54.63399963378906
2025-07-08 00:00:00-04:00,55.83000183105469,57.95000076293945,55.38999938964844,57.619998931884766,8976200,0.0,0.0,55.67599945068359
2025-07-09 00:00:00-04:00,56.97999954223633,58.380001068115234,56.689998626708984,57.77000045776367,7053900,0.0,0.0,56.50999984741211
2025-07-10 00:00:00-04:00,58.22999954223633,60.09000015258789,57.720001220703125,59.52000045776367,8442600,0.0,0.0,57.22399978637695
2025-07-11 00:00:00-04:00,58.79999923706055,59.93000030517578,58.36000061035156,59.72999954223633,6356400,0.0,0.0,57.85
2025-07-14 00:00:00-04:00,59.130001068115234,59.63999938964844,57.90999984741211,59.06999969482422,6519300,0.0,0.0,58.741999816894534
2025-07-15 00:00:00-04:00,60.25,60.58000183105469,58.65999984741211,58.93000030517578,7833900,0.0,0.0,59.00400009155273
2025-07-16 00:00:00-04:00,59.08000183105469,59.619998931884766,57.52000045776367,59.52000045776367,6597800,0.0,0.0,59.354000091552734
2025-07-17 00:00:00-04:00,59.310001373291016,59.66999816894531,58.61000061035156,59.40999984741211,5071900,0.0,0.0,59.331999969482425
2025-07-18 00:00:00-04:00,59.7400016784668,60.93000030517578,59.209999084472656,60.720001220703125,5753200,0.0,0.0,59.53000030517578
2025-07-21 00:00:00-04:00,61.27000045776367,63.029998779296875,60.52000045776367,60.54999923706055,7977500,0.0,0.0,59.82600021362305
2025-07-22 00:00:00-04:00,59.790000915527344,63.630001068115234,59.75,62.45000076293945,11719300,0.0,0.0,60.53000030517578
2025-07-23 00:00:00-04:00,60.40999984741211,60.56999969482422,57.0099983215332,59.61000061035156,16353600,0.0,0.0,60.54800033569336
2025-07-24 00:00:00-04:00,56.060001373291016,56.279998779296875,54.540000915527344,55.439998626708984,16152200,0.0,0.0,59.75400009155273
2025-07-25 00:00:00-04:00,55.7400016784668,56.970001220703125,55.41999816894531,56.91999816894531,8073400,0.0,0.0,58.99399948120117
2025-07-28 00:00:00-04:00,57.459999084472656,59.279998779296875,57.349998474121094,58.65999984741211,9870300,0.0,0.0,58.61599960327148
2025-07-29 00:00:00-04:00,59.5,60.369998931884766,58.27000045776367,58.380001068115234,9417400,0.0,0.0,57.80199966430664
2025-07-30 00:00:00-04:00,58.790000915527344,58.880001068115234,57.2400016784668,58.04999923706055,7337800,0.0,0.0,57.48999938964844
2025-07-31 00:00:00-04:00,57.16999816894531,57.95000076293945,55.52000045776367,56.36000061035156,11036000,0.0,0.0,57.67399978637695
2025-08-01 00:00:00-04:00,55.68000030517578,57.40999984741211,54.349998474121094,56.81999969482422,14304800,0.0,0.0,57.65400009155273
2025-08-04 00:00:00-04:00,54.0,54.84000015258789,47.31999969482422,47.970001220703125,30528800,0.0,0.0,55.51600036621094
2025-08-05 00:00:00-04:00,48.40999984741211,48.88999938964844,47.15999984741211,47.2400016784668,14939600,0.0,0.0,53.28800048828125
2025-08-06 00:00:00-04:00,46.900001525878906,47.689998626708984,46.349998474121094,46.97999954223633,10633000,0.0,0.0,51.07400054931641
2025-08-07 00:00:00-04:00,47.970001220703125,48.68000030517578,47.279998779296875,47.59000015258789,10115300,0.0,0.0,49.32000045776367
2025-08-08 00:00:00-04:00,47.599998474121094,48.2400016784668,46.93000030517578,47.65999984741211,7813900,0.0,0.0,47.48800048828125
2025-08-11 00:00:00-04:00,48.0,49.04999923706055,46.97999954223633,47.099998474121094,8317800,0.0,0.0,47.31399993896484
2025-08-12 00:00:00-04:00,48.06999969482422,51.22999954223633,48.0099983215332,50.0099983215332,13411000,0.0,0.0,47.86799926757813
2025-08-13 00:00:00-04:00,50.29999923706055,52.09000015258789,50.20000076293945,51.88999938964844,8736500,0.0,0.0,48.849999237060544
2025-08-14 00:00:00-04:00,50.79999923706055,52.029998779296875,49.709999084472656,51.619998931884766,7110100,0.0,0.0,49.65599899291992
2025-08-15 00:00:00-04:00,52.11000061035156,52.11000061035156,50.84000015258789,51.09000015258789,7573000,0.0,0.0,50.34199905395508
2025-08-18 00:00:00-04:00,51.0,51.2400016784668,50.5099983215332,50.529998779296875,4693700,0.0,0.0,51.02799911499024
2025-08-19 00:00:00-04:00,50.709999084472656,51.34000015258789,49.54999923706055,49.77000045776367,5745600,0.0,0.0,50.97999954223633
2025-08-20 00:00:00-04:00,49.66999816894531,49.9900016784668,48.310001373291016,49.470001220703125,10329700,0.0,0.0,50.49599990844727
2025-08-21 00:00:00-04:00,48.91999816894531,49.45000076293945,48.59000015258789,48.810001373291016,4746700,0.0,0.0,49.934000396728514
2025-08-22 00:00:00-04:00,49.33000183105469,52.33000183105469,49.33000183105469,51.849998474121094,9738300,0.0,0.0,50.08600006103516
2025-08-25 00:00:00-04:00,51.63999938964844,51.689998626708984,50.619998931884766,50.95000076293945,5665600,0.0,0.0,50.17000045776367
2025-08-26 00:00:00-04:00,50.849998474121094,51.45000076293945,50.16999816894531,50.9900016784668,5683400,0.0,0.0,50.4140007019043
2025-08-27 00:00:00-04:00,50.459999084472656,51.33000183105469,50.189998626708984,51.25,6144000,0.0,0.0,50.77000045776367
2025-08-28 00:00:00-04:00,51.959999084472656,52.220001220703125,49.75,50.779998779296875,7815400,0.0,0.0,51.16399993896484
2025-08-29 00:00:00-04:00,50.27000045776367,50.619998931884766,49.439998626708984,49.59000015258789,7524200,0.0,0.0,50.7120002746582
2025-09-02 00:00:00-04:00,48.150001525878906,48.959999084472656,47.630001068115234,48.939998626708984,6097600,0.0,0.0,50.30999984741211
2025-09-03 00:00:00-04:00,48.95000076293945,49.38999938964844,46.5,47.790000915527344,9988900,0.0,0.0,49.66999969482422
2025-09-04 00:00:00-04:00,47.63999938964844,48.220001220703125,46.619998931884766,48.060001373291016,6393400,0.0,0.0,49.03199996948242
2025-09-05 00:00:00-04:00,48.34000015258789,50.08000183105469,47.939998626708984,49.11000061035156,7221000,0.0,0.0,48.69800033569336
2025-09-08 00:00:00-04:00,49.61000061035156,49.61000061035156,47.84000015258789,48.880001068115234,4982800,0.0,0.0,48.556000518798825
2025-09-09 00:00:00-04:00,48.849998474121094,49.22999954223633,48.33000183105469,48.619998931884766,3953000,0.0,0.0,48.492000579833984
2025-09-10 00:00:00-04:00,48.650001525878906,49.529998779296875,47.72999954223633,48.130001068115234,6387800,0.0,0.0,48.560000610351565
2025-09-11 00:00:00-04:00,48.45000076293945,49.279998779296875,48.08000183105469,49.02000045776367,7051200,0.0,0.0,48.752000427246095
2025-09-12 00:00:00-04:00,48.939998626708984,49.119998931884766,48.04999923706055,48.2599983215332,4283200,0.0,0.0,48.581999969482425
2025-09-15 00:00:00-04:00,48.25,48.81999969482422,47.20000076293945,48.11000061035156,9330200,0.0,0.0,48.427999877929686
2025-09-16 00:00:00-04:00,48.5,49.84000015258789,48.33000183105469,49.560001373291016,8170100,0.0,0.0,48.61600036621094
2025-09-17 00:00:00-04:00,49.59000015258789,51.599998474121094,49.029998779296875,49.79999923706055,6154700,0.0,0.0,48.95
2025-09-18 00:00:00-04:00,51.400001525878906,52.619998931884766,50.66999816894531,51.83000183105469,10782400,0.0,0.0,49.512000274658206
2025-09-19 00:00:00-04:00,51.61000061035156,51.650001525878906,50.310001373291016,51.06999969482422,18145200,0.0,0.0,50.07400054931641
2025-09-22 00:00:00-04:00,51.22999954223633,52.18000030517578,51.06999969482422,51.5,6140700,0.0,0.0,50.752000427246095
2025-09-23 00:00:00-04:00,51.880001068115234,52.81999969482422,50.369998931884766,50.41999816894531,9373800,0.0,0.0,50.92399978637695
2025-09-24 00:00:00-04:00,50.41999816894531,51.47999954223633,50.130001068115234,50.939998626708984,5519700,0.0,0.0,51.15199966430664
2025-09-25 00:00:00-04:00,50.310001373291016,50.310001373291016,49.20000076293945,49.77000045776367,7393100,0.0,0.0,50.73999938964844
2025-09-26 00:00:00-04:00,49.58000183105469,50.380001068115234,49.130001068115234,50.15999984741211,6151700,0.0,0.0,50.55799942016601
2025-09-29 00:00:00-04:00,50.79999923706055,50.900001525878906,49.68000030517578,49.7599983215332,5515100,0.0,0.0,50.209999084472656
2025-09-30 00:00:00-04:00,49.5,49.619998931884766,47.900001525878906,49.310001373291016,8570500,0.0,0.0,49.987999725341794
2025-10-01 00:00:00-04:00,49.349998474121094,50.06999969482422,47.939998626708984,48.349998474121094,8415200,0.0,0.0,49.46999969482422
2025-10-02 00:00:00-04:00,49.150001525878906,49.86000061035156,48.09000015258789,48.7400016784668,9707600,0.0,0.0,49.263999938964844
2025-10-03 00:00:00-04:00,49.029998779296875,49.91999816894531,48.81999969482422,49.27000045776367,5297900,0.0,0.0,49.08600006103516
2025-10-06 00:00:00-04:00,50.130001068115234,50.70000076293945,48.84000015258789,50.349998474121094,7677700,0.0,0.0,49.204000091552736
2025-10-07 00:00:00-04:00,50.4900016784668,50.65999984741211,47.72999954223633,48.16999816894531,8626400,0.0,0.0,48.975999450683595
2025-10-08 00:00:00-04:00,48.439998626708984,51.2599983215332,48.27000045776367,50.880001068115234,8823400,0.0,0.0,49.48199996948242
2025-10-09 00:00:00-04:00,50.880001068115234,51.150001525878906,49.119998931884766,49.970001220703125,5385600,0.0,0.0,49.72799987792969
2025-10-10 00:00:00-04:00,50.0,50.4900016784668,45.63999938964844,45.7400016784668,13823800,0.0,0.0,49.02200012207031
2025-10-13 00:00:00-04:00,47.900001525878906,50.65999984741211,47.599998474121094,50.11000061035156,11877100,0.0,0.0,48.97400054931641
2025-10-14 00:00:00-04:00,48.7400016784668,51.189998626708984,48.68000030517578,49.540000915527344,7921600,0.0,0.0,49.24800109863281
2025-10-15 00:00:00-04:00,50.619998931884766,51.470001220703125,49.38999938964844,50.36000061035156,6547800,0.0,0.0,49.14400100708008
2025-10-16 00:00:00-04:00,50.970001220703125,53.15999984741211,50.70000076293945,52.970001220703125,11164700,0.0,0.0,49.74400100708008
2025-10-17 00:00:00-04:00,52.970001220703125,53.06999969482422,51.220001220703125,52.529998779296875,8037800,0.0,0.0,51.1020004272461
2025-10-20 00:00:00-04:00,53.349998474121094,55.9900016784668,53.099998474121094,54.88999938964844,9631000,0.0,0.0,52.05800018310547
2025-10-21 00:00:00-04:00,54.70000076293945,55.5,53.41999816894531,55.08000183105469,9780700,0.0,0.0,53.16600036621094
2025-10-22 00:00:00-04:00,53.189998626708984,54.52000045776367,51.65999984741211,51.93000030517578,11598900,0.0,0.0,53.48000030517578
2025-10-23 00:00:00-04:00,50.36000061035156,52.65999984741211,50.22999954223633,51.779998779296875,12574100,0.0,0.0,53.241999816894534
2025-10-24 00:00:00-04:00,52.5,52.619998931884766,50.66999816894531,50.709999084472656,8634400,0.0,0.0,52.87799987792969
2025-10-27 00:00:00-04:00,51.84000015258789,54.68000030517578,51.61000061035156,52.68000030517578,9288100,0.0,0.0,52.43600006103516
2025-10-28 00:00:00-04:00,52.5,52.58000183105469,51.099998474121094,51.79999923706055,6843400,0.0,0.0,51.779999542236325
2025-10-29 00:00:00-04:00,52.29999923706055,52.54999923706055,51.029998779296875,51.400001525878906,9858200,0.0,0.0,51.67399978637695
2025-10-30 00:00:00-04:00,51.18000030517578,51.880001068115234,50.83000183105469,50.849998474121094,9139600,0.0,0.0,51.487999725341794
2025-10-31 00:00:00-04:00,51.0,51.75,49.95000076293945,50.08000183105469,11637300,0.0,0.0,51.3620002746582
2025-11-03 00:00:00-05:00,49.529998779296875,52.2599983215332,47.9900016784668,50.459999084472656,18062200,0.0,0.0,50.918000030517575
2025-11-04 00:00:00-05:00,50.29999923706055,51.16999816894531,47.869998931884766,48.279998779296875,12690200,0.0,0.0,50.21399993896485
2025-11-05 00:00:00-05:00,48.849998474121094,51.18000030517578,48.540000915527344,50.08000183105469,8948700,0.0,0.0,49.95
2025-11-06 00:00:00-05:00,49.97999954223633,50.56999969482422,47.77000045776367,48.79999923706055,9214500,0.0,0.0,49.54000015258789
2025-11-07 00:00:00-05:00,47.9900016784668,48.34000015258789,46.310001373291016,47.83000183105469,10824500,0.0,0.0,49.09000015258789
2025-11-10 00:00:00-05:00,49.04999923706055,49.189998626708984,47.75,48.540000915527344,6228500,0.0,0.0,48.70600051879883
2025-11-11 00:00:00-05:00,48.560001373291016,48.95000076293945,47.849998474121094,48.43000030517578,5535100,0.0,0.0,48.73600082397461
2025-11-12 00:00:00-05:00,49.2400016784668,50.0099983215332,48.560001373291016,49.27000045776367,6493400,0.0,0.0,48.57400054931641
2025-11-13 00:00:00-05:00,48.86000061035156,50.31999969482422,47.439998626708984,48.130001068115234,8318300,0.0,0.0,48.44000091552734
2025-11-14 00:00:00-05:00,47.06999969482422,48.400001525878906,46.5099983215332,46.91999816894531,5565300,0.0,0.0,48.258000183105466
2025-11-17 00:00:00-05:00,46.529998779296875,47.290000915527344,45.369998931884766,46.02000045776367,7961000,0.0,0.0,47.75400009155273
2025-11-18 00:00:00-05:00,45.58000183105469,46.040000915527344,44.849998474121094,45.560001373291016,7133100,0.0,0.0,47.18000030517578
2025-11-19 00:00:00-05:00,47.15999984741211,47.72999954223633,45.959999084472656,46.119998931884766,11871300,0.0,0.0,46.55
2025-11-20 00:00:00-05:00,46.4900016784668,47.150001525878906,44.689998626708984,44.900001525878906,10385600,0.0,0.0,45.90400009155273
2025-11-21 00:00:00-05:00,45.16999816894531,47.65999984741211,44.560001373291016,46.70000076293945,14423200,0.0,0.0,45.86000061035156
2025-11-24 00:00:00-05:00,47.189998626708984,47.97999954223633,46.68000030517578,47.38999938964844,12237900,0.0,0.0,46.13400039672852
2025-11-25 00:00:00-05:00,47.459999084472656,48.709999084472656,47.060001373291016,48.310001373291016,6389700,0.0,0.0,46.684000396728514
2025-11-26 00:00:00-05:00,48.29999923706055,50.33000183105469,48.20000076293945,49.63999938964844,8294200,0.0,0.0,47.38800048828125
2025-11-28 00:00:00-05:00,49.900001525878906,50.470001220703125,49.47999954223633,50.2400016784668,3635800,0.0,0.0,48.45600051879883
