Date,Open,High,Low,Close,Volume,MA5
2021-01-08,59.15636427141181,59.49343814195662,58.903558868503204,59.3436279296875,7751700,59.03408355712891
2021-01-11,58.941019217358495,59.5215334114183,58.838024014656774,59.01592254638672,6284700,58.94476089477539
2021-01-12,58.98783898676945,59.00656571347143,58.220061050777524,58.44477462768555,7758200,58.88858413696289
2021-01-13,58.351148296468686,58.60395376547113,58.02343948762744,58.10770797729492,8298000,58.79308166503906
2021-01-14,58.11706345376509,58.21069351167308,57.59272584291018,57.67699432373047,10258600,58.51780548095703
2021-01-15,57.67699069788023,58.05151804948313,57.31182849453404,57.84552764892578,7532600,58.21818542480469
2021-01-19,58.145158293770514,58.32306042425725,57.208843322394124,57.38674545288086,8903400,57.89235000610351
2021-01-20,57.46163952418706,58.079607162741304,57.255652692507375,57.63954162597656,7025000,57.73130340576172
2021-01-21,57.72381325736842,57.91107337426443,57.0403002580184,57.311832427978516,6943600,57.57212829589844
2021-01-22,57.059025259808486,57.25565409141988,55.93545030535427,56.51596450805664,9896700,57.33992233276367
2021-01-25,56.53469177597901,57.068390955992875,55.963539144655265,57.021575927734375,8524700,57.17513198852539
2021-01-26,57.171375507083376,58.08896346263279,56.965385135023915,57.8642463684082,8186500,57.27063217163086
2021-01-27,57.489730293679,59.15636949891949,57.46163842081306,58.566490173339844,14789000,57.45602188110352
2021-01-28,58.566498327674616,59.21255791718085,57.274382720420164,57.32120132446289,11166400,57.45789566040039
2021-01-29,57.26501807210388,57.58336527503128,56.375518219357524,56.58150863647461,11451800,57.471004486083984
2021-02-01,57.040297951709846,58.060881263262154,56.871764567669295,57.59272384643555,10553500,57.58523406982422
2021-02-02,57.93916835142072,58.912933155394384,57.864261443245375,58.3979606628418,10528000,57.691976928710936
2021-02-03,58.220054692884965,58.753753844456554,58.03279101807304,58.210689544677734,9933500,57.62081680297852
2021-02-04,58.50094744931542,59.35299376241364,58.28559547696724,59.3155403137207,9928700,58.019684600830075
2021-02-05,59.45598771931361,59.98968685089599,59.249997327559925,59.549617767333984,9170200,58.61330642700195
2021-02-08,59.72753000692464,59.80243334371577,58.83803011257276,59.09083557128906,7003400,58.91292877197266
2021-02-09,59.062743369261476,59.78370267180599,58.90356798497663,59.61516571044922,5437400,59.15636978149414
2021-02-10,59.774337891352424,59.83051806604651,58.92229155315884,59.240638732910156,9577500,59.362359619140626
2021-02-11,59.51217101077724,59.89605994259584,58.31368561709963,58.706939697265625,7690800,59.24063949584961
2021-02-12,58.351135296627234,59.100186386927476,58.341773720642315,59.06273651123047,6663400,59.143263244628905
2021-02-16,59.09082844060136,59.23127351954601,58.14514847895601,58.18260192871094,7526000,58.96161651611328
2021-02-17,57.892355276977305,58.19197577629263,57.45228610596376,58.13579559326172,6244500,58.66574249267578
2021-02-18,57.87360993292217,58.248133650713115,57.733161306402486,58.11705017089844,6262400,58.44102478027344
2021-02-19,58.29495245705099,58.388586071400866,57.19010438177982,57.23691940307617,10905100,58.147020721435545
2021-02-22,58.84738716378306,60.83237722655554,58.31368798257511,60.345489501953125,20940300,58.40357131958008
2021-02-23,60.31739275979308,61.06644739582954,59.970960884025615,60.39229965209961,18175400,58.84551086425781
2021-02-24,60.38293789515989,61.00090907611597,59.99905255168416,60.57956314086914,10609300,59.3342643737793
2021-02-25,60.52339379622657,62.13385654674566,60.46721718886474,61.14136505126953,15356100,59.939127349853514
2021-02-26,61.36607550607279,62.05894648788651,60.392307214691584,60.40167236328125,20512600,60.572077941894534
2021-03-01,60.81365392348471,62.480300556370715,60.64511694458685,61.95595932006836,11758900,60.89417190551758
2021-03-02,61.93720766097678,63.12632397232826,61.79675905260917,62.414730072021484,13282000,61.298657989501955
2021-03-03,62.03086295733605,63.238710051764954,61.984044354301524,62.648834228515625,15827600,61.71251220703125
2021-03-04,62.43347433824099,63.023350120700755,61.150720425064875,61.431617736816406,19951100,61.770562744140626
2021-03-05,63.023353119986666,67.15250522425781,63.023353119986666,65.51395416259766,34211500,62.7930191040039
2021-03-08,65.98210924521835,68.29480808950865,65.63567017578302,67.56448364257812,23300500,63.91472396850586
2021-03-09,67.78921003655941,68.55698808035524,67.414682593448,68.01392364501953,17296400,65.03456268310546
2021-03-10,68.81914289277813,68.93150324875846,66.94651315419914,67.52703094482422,21378600,66.01020202636718
2021-03-11,63.34170270549767,63.76304154172865,61.26308254059158,63.11698913574219,38095400,66.34727630615234
2021-03-12,62.69565582731319,63.54770596442906,62.21813314449531,62.8829231262207,11606300,65.82107009887696
2021-03-15,62.686279102157364,63.463422176219325,62.63946764371148,63.41661071777344,8919600,64.99149551391602
2021-03-16,63.669399439384996,63.73494118247909,62.43346432424339,62.59263610839844,14512500,63.9072380065918
2021-03-17,62.54583378855169,62.59264524415745,61.946592866081815,62.002769470214844,11892400,62.80238571166992
2021-03-18,62.23684506216671,62.74245590459039,61.88104087110101,62.489646911621094,13750300,62.676917266845706
2021-03-19,62.5364755715831,62.57392902632822,61.75933245853287,62.04022979736328,30963600,62.50837860107422
2021-03-22,62.002771157325114,62.28366132914861,61.66569723632453,62.09640121459961,10263700,62.244336700439455
2021-03-23,62.10576972072879,63.61323729794078,62.10576972072879,62.98590087890625,12390100,62.32298965454102
2021-03-24,62.83608437985838,63.1169816664479,62.48964534553326,62.573917388916016,11391100,62.43721923828125
2021-03-25,62.69564834669412,64.35292981257888,62.50838821364684,64.25929260253906,14844700,62.79114837646485
2021-03-26,64.20309880364097,65.88846812394425,63.93156668295242,65.77610778808594,12617000,63.538323974609376
2021-03-29,65.73866679387591,67.72365690891608,65.70121334149603,66.6000747680664,15183700,64.43905868530274
2021-03-30,66.3191891358384,66.52517956628802,65.49522741403995,66.05702209472656,12000200,65.0532829284668
2021-03-31,66.1974557397812,66.57198310114161,65.45777330907636,65.70121002197266,9971700,65.67874145507812
2021-04-01,65.97273197265586,67.25548566519709,65.85101363504074,67.23675537109375,13228700,66.27423400878907
2021-04-05,67.59256955133849,70.12998187169349,67.47084405215112,69.4371109008789,25010200,67.00643463134766
2021-04-06,68.93149731880456,69.89590040824578,68.50079337320533,69.5494613647461,14699800,67.5963119506836
2021-04-07,69.21095032564911,69.7563644391022,69.06989396190438,69.65292358398438,12356800,68.31549224853515
2021-04-08,69.84098449109335,71.02584774183691,69.72814515492406,70.79075622558594,13507700,69.33340148925781
2021-04-09,70.85657339102129,71.17630154694757,70.43341158034376,71.07286071777344,13285700,70.10062255859376
2021-04-12,70.76254455032027,71.64649092423947,70.71552337852407,71.5806655883789,10634900,70.52933349609376
2021-04-13,71.6182807309744,72.41759042652778,71.37378355282537,72.09786224365234,13142400,71.039013671875
2021-04-14,72.44578850256286,72.74670529820956,71.94739573237509,72.23890686035156,12730700,71.55621032714843
2021-04-15,72.40817347970258,73.86574347795906,72.24831300037499,73.62124633789062,13604200,72.12230834960937
2021-04-16,73.64005631088612,74.60863210544943,73.21689449705147,74.24188995361328,13334100,72.75611419677735
2021-04-19,74.11024504479553,75.4267589308521,73.66827185970864,74.05382537841797,19967200,73.25074615478516
2021-04-20,74.00679656351437,74.68386118781292,73.95978257119644,74.51459503173828,12562300,73.73409271240234
2021-04-21,74.09143987752917,74.60863688597487,71.96621065486256,72.08846282958984,18672800,73.70400390625
2021-04-22,71.57124108879874,71.91917901504728,70.2923430361932,70.40518951416016,16769300,73.0607925415039
2021-04-23,69.85978792175464,70.52744689139577,69.44602460417646,70.49923706054688,10664700,72.31226196289063
2021-04-26,70.49923939843531,70.56506473073992,69.77515356866144,70.05726623535156,9402200,71.51295013427735
2021-04-27,69.95381620353284,70.93179756518384,69.79395572816104,70.73432159423828,9300200,70.75689544677735
2021-04-28,70.67792187705386,70.78135555103364,70.20773881137178,70.31117248535156,6107800,70.40143737792968
2021-04-29,70.88480406430293,71.37379852316545,70.18893506068702,71.34558868408203,7940400,70.58951721191406
2021-04-30,71.05403741669812,71.39256967800634,70.70610666299144,71.27032470703125,7825300,70.74373474121094
2021-05-03,71.7311186711731,72.8595621968929,71.54304833743149,72.718505859375,15319600,71.27598266601562
2021-05-04,72.47400562029053,74.0067995812746,72.3423549573556,73.84693908691406,15316500,71.89850616455078
2021-05-05,74.26070104343343,75.06941634336107,73.7434968954252,74.46758270263672,12271900,72.72978820800782
2021-05-06,74.45818429393238,75.19166866667912,73.87515475882475,74.98478698730469,14089700,73.45762786865234
2021-05-07,75.05060333860635,75.73707363121413,73.89395725065299,75.60542297363281,14073400,74.32464752197265
2021-05-10,74.07263623009946,75.90635447158714,73.91277571131427,75.37034606933594,17356700,74.85501556396484
2021-05-11,74.99418903142733,75.13524536731153,72.64327401476817,73.05703735351562,12980400,74.69703521728516
2021-05-12,72.94421101355294,73.52724068164098,71.96622923535298,72.17311096191406,12302600,74.23814086914062
2021-05-13,72.90658543322311,73.7623220613764,72.29534600945996,73.48020935058594,11399300,73.93722534179688
2021-05-14,73.46139949796013,74.33594022440336,73.46139949796013,74.18547821044922,9033400,73.65323638916016
2021-05-17,74.1760658710513,74.7873051925358,74.14785603957746,74.36414337158203,6637900,73.45199584960938
2021-05-18,74.27951151329083,74.73089036937408,73.71529332400439,73.99740600585938,6643100,73.64006958007812
2021-05-19,73.16987765022259,74.07262816762615,72.92538765084186,74.04441833496094,8165000,74.0143310546875
2021-05-20,74.2418920374549,74.58983003653188,73.98799637691229,74.0256118774414,8802700,74.1234115600586
2021-05-21,74.4675777711198,75.08821553320585,74.27010179343687,74.3171157836914,8629000,74.14973907470703
2021-05-24,74.74969633404106,75.11643852463267,74.42056964689776,74.64625549316406,7044700,74.20616149902344
2021-05-25,74.86254322278128,74.92836856054267,73.95979265872941,74.12905883789062,7160600,74.23249206542968
2021-05-26,73.90334333361899,74.63683466979496,73.86573501584525,74.53339385986328,12851100,74.33028717041016
2021-05-27,74.75910593507558,75.2763101666602,74.13846085717404,74.2701187133789,12867800,74.37918853759766
2021-05-28,74.24189433804077,74.62744784959429,73.978593000601,74.04441833496094,6929700,74.32464904785157
2021-06-01,74.83430343186366,75.06939485467718,73.7999026063683,74.82489776611328,10485300,74.36037750244141
2021-06-02,74.94716126601116,76.1038145091688,74.7684966190753,75.48316955566406,12249300,74.63119964599609
2021-06-03,75.04119917469178,76.60220278567358,74.90014285953492,76.25426483154297,12038700,74.97537384033203
2021-06-04,76.56459089203048,78.95312117127715,76.51757690104786,77.94692993164062,14502900,75.71073608398437
2021-06-07,77.99394507299455,79.22582202769922,77.90930841668688,78.93431091308594,10445600,76.68871459960937
2021-06-08,79.01897792170797,79.95934420838672,78.99076808101567,79.56439208984375,10726800,77.63661346435546
2021-06-09,79.55495206164318,79.77123937092092,79.01894379669312,79.47972106933594,9720300,78.43592376708985
2021-06-10,79.14120159791013,79.42330707755131,76.837300721515,77.39212036132812,16680800,78.66349487304687
2021-06-11,77.09120958671521,78.27606560802671,76.95955174325722,77.95634460449219,11066500,78.66537780761719
2021-06-14,78.05037542585217,78.14441058786619,77.23225445004192,77.69303894042969,10173200,78.41712341308593
2021-06-15,77.11000140364413,77.58959000657819,76.49876215275519,76.77146911621094,17298000,77.85853881835938
2021-06-16,73.33914303378731,73.86575287744029,71.3737815186813,72.48341369628906,36560600,76.45927734375
2021-06-17,72.39878318120367,73.10405774793354,71.99442547596827,72.9347915649414,14836100,75.56781158447265
2021-06-18,72.31413303858143,72.32353870562548,71.4395925384519,71.68408966064453,22521200,74.31336059570313
2021-06-21,72.04143186268955,73.4425750388169,71.98501220474772,73.3391342163086,8924300,73.44257965087891
2021-06-22,73.40495430691297,74.46757228518254,73.02881371489669,73.98798370361328,9845800,72.88588256835938
2021-06-23,74.06323385754649,74.16667469944552,73.40497330233237,73.44258880615234,7295900,73.07771759033203
2021-06-24,73.95980161030015,74.25131283075102,72.98181992060339,73.10406494140625,9624000,73.111572265625
2021-06-25,73.3767474318397,73.92216135639555,72.93477432657625,73.7811050415039,12845000,73.53097534179688
2021-06-28,73.80932754621126,74.26070639650355,73.65887271239612,73.81873321533203,5605400,73.62689514160157
2021-06-29,73.85635217374845,73.9033661727056,73.1792874538362,73.44258880615234,5392900,73.51781616210937
2021-06-30,72.96298287825434,73.54601228820991,72.95358438533559,73.19807434082031,7899800,73.46891326904297
2021-07-01,73.32973859401704,74.87193814980323,73.26391326570018,74.79670715332031,13108000,73.80744171142578
2021-07-02,74.71206517823906,77.35449814010482,74.61803002653066,76.94073486328125,15258100,74.43936767578126
2021-07-06,76.73386549077244,78.64280735584369,76.50817965571198,78.1256103515625,14200400,75.30074310302734
2021-07-07,78.21024100703883,81.97170512770255,78.01276500163479,80.95610809326172,20976600,76.80344696044922
2021-07-08,79.94989268984737,81.7083792203352,79.61136762123976,80.48590087890625,16383300,78.26101226806641
2021-07-09,80.75862715503247,83.12835342398229,80.66459199264435,82.52651977539062,15685300,79.80697479248047
2021-07-12,82.31023151532746,83.55151429833192,81.78362887236283,81.88706970214844,16076800,80.7962417602539
2021-07-13,81.52973227273608,82.6863856512273,81.3698717688281,81.87767028808594,12789300,81.5466537475586
2021-07-14,82.18914778566234,83.68984187438193,81.79273884157291,83.32174682617188,13330500,82.01978149414063
2021-07-15,83.15184215475358,83.78420972516255,80.70731354635716,81.39630889892578,18306300,82.20186309814453
2021-07-16,81.87767505161767,83.51051254668644,81.66058986291692,82.57611083984375,14617500,82.21178131103515
2021-07-19,82.02868892969312,82.93476950678243,81.34912669665407,82.09475708007812,15619900,82.2533187866211
2021-07-20,82.20800984540543,84.04849203054088,82.13250133300346,83.6803970336914,12813900,82.61386413574219
2021-07-21,83.8974789855905,85.1810949537626,83.49162971328772,84.65254974365234,13108100,82.88002471923828
2021-07-22,84.94513381094514,86.02110492981272,84.64310695654176,85.59638214111328,13638900,83.72003936767578
2021-07-23,85.87951997509562,86.07772440407828,82.2268841824492,82.7648696899414,12680900,83.7577911376953
2021-07-26,82.52891461105489,83.15184181492886,81.80215780549945,82.92532348632812,10454100,83.92390441894531
2021-07-27,82.83095911593914,83.62377703558037,82.22690531024408,82.86871337890625,8465200,83.76156768798828
2021-07-28,82.96308581237209,83.01027323494033,82.226895772133,82.28352355957031,6396800,83.28776245117187
2021-07-29,82.75544657976923,83.30287256493065,82.42510579592665,82.708251953125,6201400,82.71013641357422
2021-07-30,82.50058981401054,83.19902543538507,81.99091824136853,82.2457504272461,7962800,82.60631256103515
2021-08-02,82.8026347800213,82.99139887017002,82.19857384959073,82.679931640625,5579100,82.55723419189454
2021-08-03,82.94420414914391,85.10558682296778,82.8781359975811,84.69973754882812,9889800,82.9234390258789
2021-08-04,84.74691055529257,85.03005661795869,84.26555288760758,84.9923095703125,7509900,83.46519622802734
2021-08-05,85.11501870718368,85.43591906826155,83.77477507993886,84.40714263916016,8231300,83.80497436523437
2021-08-06,84.22781572541808,84.83186942270727,83.83140683673858,84.4920883178711,6513900,84.25424194335938
2021-08-09,84.43544896507234,85.38872400085427,84.0956679067914,84.85073852539062,5798700,84.6884033203125
2021-08-10,84.09568263241427,85.05839819974949,83.93523243815451,84.60535430908203,5473300,84.66952667236328
2021-08-11,84.85075619527058,85.34154715894465,84.48266117229286,84.59591674804688,8009800,84.59024810791016
2021-08-12,84.10512657109504,84.9262655074355,83.68983692040948,84.76580810546875,5687200,84.66198120117187
2021-08-13,85.53030512002289,86.20986007127684,84.89793038346008,85.30377960205078,6640400,84.8243194580078
2021-08-16,84.81301259837399,85.73796685412266,84.51098569024735,85.7190933227539,7122800,84.99799041748047
2021-08-17,85.87952061096776,86.62515091650191,85.29434768322551,85.84176635742188,6738500,85.24527282714844
2021-08-18,85.40761128892089,85.9361636874687,83.86916311665422,83.94467163085938,7666300,85.11502380371094
2021-08-19,83.33117594826341,84.36939279546344,83.27454816414519,83.72758483886719,8099400,84.90737915039062
2021-08-20,83.81253533144448,84.37883478620662,83.34061791899465,83.94467163085938,8716400,84.63555755615235
2021-08-23,84.46377726825072,84.53928578317483,83.72758724996142,84.11456298828125,7147300,84.31465148925781
2021-08-24,84.19948809743953,84.61477764690976,83.50105247405617,83.5765609741211,6320100,83.86161041259766
2021-08-25,83.57659388498837,83.90693470174574,83.1046763750808,83.64266204833984,5748500,83.80120849609375
2021-08-26,83.82195643610238,84.17117786339468,83.49161573508924,83.73701477050781,9093200,83.80309448242187
2021-08-27,83.80307419603764,84.4920694149469,83.63318368162818,84.33161926269531,5426800,83.88048400878907
2021-08-30,84.43545812523107,84.92625624083196,84.28444830566086,84.42601776123047,5357000,83.94277496337891
2021-08-31,84.42603508069814,84.47322970949493,83.51995437473653,84.12400817871094,8113300,84.05226440429688
2021-09-01,84.24670801253762,85.10559405584837,83.87861296527744,84.89794921875,8208000,84.3033218383789
2021-09-02,85.10560014433551,85.41706742226556,84.3882907296288,84.75638580322266,7717400,84.50719604492187
2021-09-03,84.32219498921185,85.39817325302606,84.28444793515114,84.94512939453125,8456900,84.62989807128906
2021-09-07,84.98287627210536,85.577489533929,83.56712423843145,83.73701477050781,11046000,84.49209747314453
2021-09-08,83.18960601936855,84.56760408457144,83.02915581745677,84.44490814208984,8851200,84.55627746582032
2021-09-09,84.56759122002805,85.7285111180174,84.38826751612449,84.5109634399414,11034700,84.4788803100586
2021-09-10,84.61479828840748,85.4642511191419,84.4826619815031,84.64311218261719,10547400,84.4562255859375
2021-09-13,85.05838845309187,85.42648342169132,83.27454138960606,83.89746856689453,18883400,84.24669342041015
2021-09-14,81.34913110584506,82.06644043436432,79.97113303677757,81.53789520263672,22714200,83.80686950683594
2021-09-15,81.6889097733083,83.39724856060393,81.33024791899359,82.8026351928711,14951100,83.4784149169922
2021-09-16,82.74598770938216,83.0291410041466,81.3491163641257,82.34957885742188,12410500,83.04613800048828
2021-09-17,81.36800463516875,82.6516206558404,81.12260554862863,81.53789520263672,58069000,82.42509460449219
2021-09-20,80.25426730781459,82.50059861207475,80.15988527338321,81.33023834228516,13897700,81.91164855957031
2021-09-21,81.86821829489959,82.73655167495515,81.28304540066691,82.0381088256836,11124400,82.01169128417969
2021-09-22,82.6988187111495,84.00130831517714,82.34015683112247,83.47276306152344,9908000,82.14571685791016
2021-09-23,83.94467600048291,85.00176645082742,83.68040338789679,84.39771270751953,9720200,82.55534362792969
2021-09-24,84.25612166848607,85.00175195592776,83.94466168584327,84.88849639892578,7617800,83.2254638671875
2021-09-27,84.73749334432742,86.18155954103354,84.14287996947449,85.92672729492188,11533000,84.14476165771484
2021-09-28,85.54919997482361,87.08764836328412,84.99234080630531,85.40762329101562,15041800,84.81866455078125
2021-09-29,86.03054928923191,86.90831600074107,85.88897261946168,86.12493133544922,12007300,85.3490982055664
2021-09-30,86.12493830067382,86.43640555918005,82.22690258963189,82.23633575439453,15649900,84.91682281494141
2021-10-01,82.83094857554393,85.19996886793058,82.67993154289269,84.69973754882812,13320900,84.87907104492187
2021-10-04,84.45434128082252,85.3509814626802,83.96354315111392,84.24669647216797,10853900,84.54306488037109
2021-10-05,84.33163461342818,86.80448428420829,84.16174406809385,86.3514404296875,9788600,84.73182830810546
2021-10-06,85.34154307472726,86.36088641306182,84.6147934284945,86.20986938476562,10268300,84.74881591796876
2021-10-07,86.55908965269874,87.66337465335553,86.50246186832295,87.1253890991211,9124400,85.72662658691407
2021-10-08,87.49475880205746,89.99514976008298,87.23904011982307,89.39846801757812,13202300,86.66637268066407
2021-10-11,89.303759356305,91.68102761997329,89.21851497665178,90.2508773803711,12959300,87.8672088623047
2021-10-12,90.7623202095977,91.4158267198154,90.22246323545076,90.51606750488281,9964100,88.70013427734375
2021-10-13,91.01804674203593,91.86098126163657,90.87597758375702,91.30218505859375,9453900,89.71859741210938
2021-10-14,91.68103282662054,92.20194343387763,89.37953560839837,90.24140930175781,7911200,90.34180145263672
2021-10-15,90.06145903035136,90.96122558458966,89.72050315324238,90.28877258300781,7422800,90.51986236572266
2021-10-18,90.44977319330748,91.53896038899025,90.07092453055644,91.40636444091797,7344100,90.75095977783204
2021-10-19,91.87045946469412,92.1356513874112,91.22641884126493,91.92728424072266,5616500,91.033203125
2021-10-20,92.12618473721763,92.78917181711752,91.1601273463112,91.52950286865234,6574100,91.07866668701172
2021-10-21,91.46320775796903,91.7094605225824,90.64868549696523,91.20748901367188,6224400,91.27188262939453
2021-10-22,91.19799375084807,93.0732833579717,91.13169577940303,93.0543441772461,6819600,91.82499694824219
2021-10-25,93.23430436025735,93.7173293693303,92.39136986292922,92.71338653564453,5083100,92.0864013671875
2021-10-26,93.10170459616357,93.34795007958762,91.81362350618757,91.85150909423828,7089700,92.07124633789063
2021-10-27,91.6905103761862,92.1546034955787,90.92334694860762,90.9517593383789,5941200,91.95569763183593
2021-10-28,91.53898515643503,92.53345503604804,90.85705882416373,91.14119720458984,5177200,91.94243927001953
2021-10-29,90.72443933048852,91.84203892411715,90.41188863819995,90.86650848388672,7578600,91.50487213134765
2021-11-01,90.923333798146,90.95174618380796,88.94386052036546,89.38899993896484,7327600,90.83999481201172
2021-11-02,88.7733844781095,90.84756824519458,88.55554413131503,90.80021667480469,6229600,90.629736328125
2021-11-03,91.3968966892713,91.74733298775944,89.73944001355913,91.0654067993164,5746400,90.6524658203125
2021-11-04,91.14116781294318,91.50107004960593,90.27928696928292,90.57289123535156,5857500,90.53880462646484
2021-11-05,91.11275345769134,91.44425055571583,89.12380699923078,89.9288558959961,6160200,90.35127410888671
2021-11-08,90.21298634984711,90.21298634984711,89.32269314863552,90.10880279541016,5056400,90.49523468017578
2021-11-09,90.08038837378555,90.55394734653137,89.08591164064474,89.58788299560547,6102600,90.25276794433594
2021-11-10,89.12379880957575,89.83413728131934,88.42293354071765,88.86808013916016,5828800,89.81330261230468
2021-11-11,89.1333069664923,89.74893532861219,88.83970259533304,89.06700897216797,3620600,89.51212615966797
2021-11-12,89.30376815345339,89.4742497036166,88.48924599444452,88.59342956542969,6435300,89.24504089355469
2021-11-15,88.85861395092523,89.26587499591224,88.00620627235509,89.04803466796875,5700900,89.0328872680664
2021-11-16,89.1616829111366,91.27375911137871,89.0480261562122,90.55394744873047,7392900,89.22610015869141
2021-11-17,90.69603366576165,91.05593595189426,89.80574031603517,90.28877258300781,6257600,89.51023864746094
2021-11-18,90.11827584320991,90.28875736600087,88.55552975528231,89.65419006347656,5725300,89.62767486572265
2021-11-19,89.79627005748699,91.83257553806162,88.97228188637261,89.00069427490234,8936600,89.7091278076172
2021-11-22,88.77338073275173,90.61078489255367,88.47030323647964,89.60684204101562,6488200,89.82088928222656
2021-11-23,89.1806470235411,89.30376977970305,87.3811211225902,88.02516174316406,8905500,89.31513214111328
2021-11-24,87.35271661616409,88.74497432987373,87.27694542433349,88.6313247680664,10908500,88.983642578125
2021-11-26,87.9777943749067,89.10486715759146,87.20115786922521,87.4474105834961,4519300,88.5422866821289
2021-11-29,88.24299486759965,89.15222740971488,87.95886376277872,88.02516174316406,9552500,88.34718017578125
2021-11-30,88.10092600081919,88.57448506973034,85.81837504615513,85.94149780273438,23271200,87.614111328125
2021-12-01,86.84124096044052,87.50422058782922,84.91859281507728,85.00382995605469,12084900,87.00984497070313
2021-12-02,84.67235160820752,86.2256245677987,84.29350295871131,85.23114776611328,7089800,86.3298095703125
2021-12-03,85.57211192827518,85.9888461706727,83.08119412925605,83.57369232177734,10808600,85.55506591796875
2021-12-06,83.66840248395323,84.4545121753945,83.20431667705172,84.23667907714844,8398500,84.79736938476563
2021-12-07,85.22168877821704,85.93202734455515,84.49240380358488,85.2879867553711,6803700,84.66666717529297
2021-12-08,85.2879806582477,85.4016301961371,83.26114867193347,84.23667907714844,7695800,84.51323699951172
2021-12-09,84.4071654419476,85.23115354256453,83.57369691138109,84.07566833496094,8615800,84.28214111328126
2021-12-10,98.77494779029873,100.71653556512572,94.80652062798285,97.20272827148438,45824600,87.00794830322266
2021-12-13,97.02279228865669,98.84125752782664,95.2043198235482,95.55475616455078,16317600,89.27156372070313
2021-12-14,94.71181907710677,96.09461076851991,94.13407640266135,94.60763549804688,9511600,91.13549346923828
2021-12-15,95.26114784371615,98.27298393140332,94.93912390649844,98.1688003540039,14452200,93.92191772460937
2021-12-16,98.45293552410604,98.50029432521472,96.87124983983986,97.76154327392578,9053200,96.65909271240234
2021-12-17,92.52395979489026,94.66444127366368,90.74337332908613,91.51054382324219,28872300,95.52065582275391
2021-12-20,91.32113079128929,91.32113079128929,86.68025038556424,86.79390716552734,17205400,93.76848602294922
2021-12-21,86.95491510623826,86.98332749461008,84.96596843489249,86.67078399658203,15823000,92.18111572265624
2021-12-22,86.44347272635491,87.00227620756803,84.77654993961276,85.10803985595703,10539000,89.56896362304687
2021-12-23,85.26903763539205,85.58158832886625,84.35033196266099,84.97543334960938,9655400,87.0117416381836
2021-12-27,84.95648966551217,85.55317868598968,84.31244907616247,84.8049545288086,7666200,85.67062377929688
2021-12-28,84.95649054184808,85.0512081324446,83.83889089662303,83.96202087402344,5610500,85.1042465209961
2021-12-29,83.81996086097213,84.47347473252746,83.08120981970353,83.54529571533203,5628500,84.4791488647461
2021-12-30,83.96202048061744,84.2082732083268,83.12855193327424,83.35586547851562,7382400,84.12871398925782
2021-12-31,83.39375036922358,83.44110193796477,82.56975503300137,82.5981674194336,5908200,83.65326080322265
2022-01-03,82.71182146456796,83.28956405610349,81.2248464074857,83.25167846679688,10644400,83.34260559082031
2022-01-04,83.25166658379938,84.84282497787515,83.09065827168092,84.14195251464844,11959000,83.37859191894532
2022-01-05,83.81047348056573,83.91465704321999,81.66051870547827,81.88782501220703,11236700,83.0470977783203
2022-01-06,81.75472900537929,83.10463092968462,81.32694553378873,82.07794189453125,7918400,82.79151306152343
2022-01-07,82.1825212000058,83.65601065238165,82.02091473827653,83.19020080566406,9836800,82.90991973876953
2022-01-10,83.06661482066161,84.96788782207298,82.65784083524693,84.8728256225586,11025500,83.23414916992188
2022-01-11,84.26442565665035,84.6066554048024,83.09514672778207,84.1123275756836,7249800,83.22822418212891
2022-01-12,84.50207738923714,85.10097576958218,83.3422997058679,83.9507064819336,5840300,83.64080047607422
2022-01-13,84.34996799815359,84.53058397591407,83.22821679547418,83.45636749267578,6044300,83.91648559570312
2022-01-14,83.16169530370578,83.7510853705415,82.3821735598409,83.361328125,6054800,83.95071105957031
2022-01-18,82.58179762687979,82.67685982892617,81.12731764972388,81.32695770263672,6824700,83.24153747558594
2022-01-19,81.53608925383638,82.4106803442343,79.12147893102005,79.26406860351562,10501800,82.27188568115234
2022-01-20,79.77741095017356,80.80410008009389,78.4465184394747,78.63665008544922,10836900,81.20907440185547
2022-01-21,79.24505616474987,79.27357409820534,77.98070792783226,78.16133117675781,11609000,80.15006713867187
2022-01-24,77.2106722768818,78.35143280029297,75.66113065012702,78.35143280029297,16770400,79.14808807373046
2022-01-25,77.31525218610719,78.04723894746004,76.24102852301586,77.06808471679688,13469900,78.2963134765625
2022-01-26,77.86665505121367,77.98072681266069,75.36647590535799,75.66117095947266,13971300,77.5757339477539
2022-01-27,76.1554934134878,77.1441562804087,75.2904106851391,75.84178161621094,10331900,77.01676025390626
2022-01-28,76.0414079519918,76.52623457448448,74.6915059274943,76.5072250366211,7854700,76.68593902587891
2022-01-31,76.51673165316583,77.60996510442446,76.16500078167627,77.1536636352539,10594200,76.44638519287109
2022-02-01,77.38181101224725,77.38181101224725,75.718197170319,77.03958129882812,8016900,76.44068450927735
2022-02-02,77.15366366347862,78.78875239018252,76.84945301354553,78.4275131225586,9287600,76.99395294189453
2022-02-03,77.60046221501416,78.67468620327728,77.60046221501416,77.8951644897461,8207200,77.40462951660156
2022-02-04,77.98072527944393,78.81729019511342,77.44837106240497,78.05677795410156,5570200,77.71454010009765
2022-02-07,78.0852871780763,78.18985778086288,76.67834911786275,76.75439453125,6292200,77.63468627929687
2022-02-08,76.32659981491048,76.8684622897564,75.86078999511179,76.80191802978516,6585300,77.58715362548828
2022-02-09,77.71454052484019,79.52075147994937,77.61947831726214,79.33061981201172,8755900,77.76777496337891
2022-02-10,78.66516746964065,79.64432186803235,77.59095087531607,77.8095932006836,6336300,77.7506607055664
2022-02-11,77.80009762655804,78.36097700472084,75.60412935166092,75.81327056884766,7670500,77.30195922851563
2022-02-14,75.65167065798178,75.79426761416276,74.56794539545824,75.05276489257812,5389800,76.96163330078124
2022-02-15,75.47102851486743,75.9843730772448,75.29991366074164,75.83226776123047,5712800,76.76770324707032
2022-02-16,75.54708373652308,75.84177873032533,74.35878811276446,75.2809066772461,6227000,75.95776062011718
2022-02-17,74.8721417926424,75.08128300828821,71.61145791462873,71.80158233642578,9247100,74.75615844726562
2022-02-18,71.7730540056163,71.99170358652582,70.61327634335878,70.88896179199219,7790100,73.77129669189453
2022-02-22,70.17598778283573,71.21218536354107,69.98586337949693,70.461181640625,8039000,72.85298004150391
2022-02-23,70.41365634903048,70.7083513895299,68.77856015119741,68.89263916015625,6807100,71.46505432128906
2022-02-24,67.43813828055926,71.24068330224914,66.7631874095428,71.11709594726562,11240500,70.63229217529297
2022-02-25,70.96501374102633,73.0374015300421,70.65130196612112,72.58109283447266,8291800,70.78819427490234
2022-02-28,71.83961538906247,72.91383225295117,71.31676230105595,72.2198715209961,9234400,71.05437622070312
2022-03-01,72.22936323048165,72.72369101083503,71.88713351609056,72.25788116455078,8752100,71.41371612548828
2022-03-02,72.67616578608953,74.96720349288137,72.48604136558757,74.41583251953125,8527200,72.51835479736329
2022-03-03,75.06226495746672,75.1383176260247,73.60779212200836,74.38731384277344,8203000,73.17239837646484
2022-03-04,73.83593129321551,74.06408926310125,72.03922898385332,72.71417999267578,8841300,73.19901580810547
2022-03-07,72.52405343287913,72.6191156244289,69.81474108341874,70.65129852294922,11110100,72.88530120849609
2022-03-08,70.19500162400212,71.51639314347904,69.50104098178274,69.7101821899414,9134100,72.37576141357422
2022-03-09,71.22168581927869,73.15147678038593,71.00304348282768,72.34343719482422,8959500,71.9612823486328
2022-03-10,71.3928127448749,73.05642692386297,71.32626846782667,72.86630249023438,13812600,71.657080078125
2022-03-11,72.91381541086601,75.95585651088298,70.34709980555927,73.97853088378906,22795800,71.90995025634766
2022-03-14,74.07359592721461,74.72002905118315,71.71602141823367,73.26555633544922,13306200,72.43280181884765
2022-03-15,74.19719581868715,77.51491580305654,73.26556868051583,76.6213150024414,16847200,73.81502838134766
2022-03-16,77.00155650718376,77.22020609342776,73.91198788189553,76.01289367675781,14071300,74.54891967773438
2022-03-17,75.84179321449491,77.27725663291696,75.3474653318288,76.6213150024414,10462400,75.29992218017578
2022-03-18,75.69918713385205,77.94269000966483,74.94818337643508,77.64799499511719,24176000,76.0338150024414
2022-03-21,77.26773488926446,77.93318480238482,76.30758997696256,76.96353149414062,8131300,76.77341003417969
2022-03-22,77.43884951612587,78.17084369304752,76.83995112364718,77.76206970214844,9292300,77.00156097412109
2022-03-23,77.23921699102904,77.39132231505396,76.26006253915696,76.42166900634766,7451100,77.08331604003907
2022-03-24,76.66884255811362,78.73172222108397,76.51673722213233,78.18035125732422,7025700,77.39512329101562
2022-03-25,77.99020580726946,78.75071052373367,77.22019269667531,77.69551086425781,5682300,77.40462646484374
2022-03-28,77.70501373405158,79.57776851642826,77.70501373405158,79.47319793701172,6626700,77.90655975341797
2022-03-29,80.31927478698637,80.33829157829099,79.00739904541892,80.129150390625,5762000,78.37997589111328
2022-03-30,79.8154288953975,80.195684894623,79.01689782452588,79.24504852294922,5533100,78.9446517944336
2022-03-31,79.0074108781249,79.76792308303169,78.51307576910091,78.64617156982422,9433300,79.03781585693359
2022-04-01,78.94085486199728,79.24505824815449,77.44835586541642,77.96170043945312,6147500,79.09105377197265
2022-04-04,78.18984775514572,80.13865537234362,77.95218864342795,79.92000579833984,7882400,79.18041534423828
2022-04-05,79.28309427491506,80.34780263029641,78.58912636232682,78.8458023071289,5143400,78.92374572753906
2022-04-06,77.87613727670717,78.39899023225736,77.35329157393761,78.06626892089844,5492400,78.6879898071289
2022-04-07,77.54138179243238,78.26669398699866,77.09283355738684,77.81814575195312,7112200,78.52238464355469
2022-04-08,77.98037963641106,78.09490490676633,76.59656720509932,77.24552917480469,6182500,78.379150390625
2022-04-11,76.9496615476923,77.42683917493345,76.06211086977765,76.11937713623047,5738400,77.61902465820313
2022-04-12,76.30070288585925,77.29323326591722,75.4131521706927,75.7090072631836,6174700,76.99166564941406
2022-04-13,75.64221588524677,76.31026179555272,75.04096728481709,76.10984802246094,4728600,76.60038146972656
2022-04-14,76.18619180919384,76.69199899611593,75.69946852618324,75.82353210449219,5590400,76.20145874023437
2022-04-18,75.53722419085061,76.32934084508334,74.35382564598628,74.64967346191406,4955900,75.68228759765626
2022-04-19,74.6783093410796,76.13847192423367,74.66876374844712,75.92851257324219,5412400,75.6441146850586
2022-04-20,76.14802064915929,78.12353609842098,76.14802064915929,76.62519836425781,9472600,75.82735290527344
2022-04-21,77.77041420290193,77.87539387223404,75.70901046570114,75.85216522216797,5616100,75.77581634521485
2022-04-22,75.65174754864519,76.0621206520966,72.68370902414755,72.7314224243164,9357100,75.15739440917969
2022-04-25,72.72188233879343,73.5426286078485,71.29034916455613,73.4662857055664,7305900,74.92071685791015
2022-04-26,72.86502669962363,73.15133620601753,71.08038692404828,71.10901641845703,7555200,73.95681762695312
2022-04-27,71.17582621344226,72.55009301381295,71.02312585720455,71.34761047363281,7279200,72.90130004882812
2022-04-28,72.0729089103564,73.13224387376245,71.19490378356224,72.66461181640625,6177900,72.26378936767578
2022-04-29,71.90112700458982,72.40694144521785,69.8110937848954,70.0496826171875,7946900,71.72744140625
2022-05-02,70.55547936361069,71.19489559230735,69.21938064373475,70.62228393554688,7379900,71.1586410522461
2022-05-03,70.47913879668965,70.82270729375269,69.48660839196904,69.9447021484375,5211500,70.92577819824218
2022-05-04,70.03058951049617,71.91067062232547,69.46752337669919,71.77706146240234,6759900,71.0116683959961
2022-05-05,70.62229719802113,71.30943422763511,68.70404087054106,69.4770736694336,7197200,70.37416076660156
2022-05-06,68.83764488980141,69.61067763086383,68.36046724172837,69.18121337890625,6222500,70.20046691894531
2022-05-09,68.37000834690667,69.27664290628998,67.92146022216768,68.27457427978516,7019700,69.73092498779297
2022-05-10,69.19076137424616,70.25964196427731,68.01690111549976,69.21939086914062,8129000,69.58586273193359
2022-05-11,69.00945399805612,70.10696444028132,67.63518682764945,67.78787994384766,6932100,68.78802642822265
2022-05-12,67.64471151812398,67.69243220297517,65.82189639904571,67.5015640258789,11698900,68.39292449951172
2022-05-13,67.72104927916043,68.69449573479034,67.31067622064054,67.92146301269531,6700100,68.14097442626954
2022-05-16,67.46338581819064,67.67334517199134,66.22272088090679,66.52811431884766,6942100,67.79168243408203
2022-05-17,67.80695065036387,68.6181512430736,67.47292045234796,68.59906005859375,5952500,67.66761627197266
2022-05-18,67.56836056416286,67.7019697284395,64.71483287288233,65.1824722290039,7977300,67.1465347290039
2022-05-19,64.39990297231068,64.80073047650562,63.67459085913394,63.979984283447266,9451600,66.44221878051758
2022-05-20,64.78164702892501,65.55467991494524,63.79866205455137,65.4974136352539,7531100,65.9574089050293
2022-05-23,66.14638060179841,67.2534365307573,65.53559363449523,66.84306335449219,7370200,66.0203987121582
2022-05-24,66.48993724831219,67.31068345354568,65.19201335543848,65.879150390625,6644100,65.47641677856446
2022-05-25,65.73598963816728,67.01482951071372,65.63100997395999,66.64263153076172,7103300,65.76844863891601
2022-05-26,66.92892950634906,68.82810165215623,66.7189774723951,68.38909912109375,6758900,66.65027160644532
2022-05-27,69.05714981798036,69.52478187441213,68.28412435799986,69.45797729492188,6566700,67.4423843383789
2022-05-31,68.93306968255209,69.64883598269239,68.25547117767277,68.63721466064453,16890300,67.80121459960938
2022-06-01,69.68703890447684,69.92562779145364,67.90239868982954,68.33185577392578,5804700,68.29175567626953
2022-06-02,68.21732567633246,69.84927250024634,67.76877748333816,69.80155181884766,6200400,68.92353973388671
2022-06-03,69.24801871733993,69.62976229621283,67.97873169323076,68.51316833496094,8169500,68.94835357666015
2022-06-06,69.3148357249132,71.42396045691532,69.3148357249132,69.63932037353516,5274700,68.98462219238282
2022-06-07,68.32229648350892,69.79200460639993,68.32229648350892,69.3720932006836,5675700,69.13159790039063
2022-06-08,68.72310499418816,68.85671411054022,67.7019454442684,68.12185668945312,5253500,69.0895980834961
2022-06-09,67.53971682771864,67.9119220683072,66.04137939889496,66.06047058105469,6824900,68.3413818359375
2022-06-10,64.87709428168012,65.1061375777421,63.903647531395194,64.07543182373047,10256100,67.4538345336914
2022-06-13,62.77749948717666,63.08289293580115,60.84970106737391,61.126468658447266,16547200,65.75126419067382
2022-06-14,68.71357794863363,69.12395099707297,65.86959610205243,67.49200439453125,29661300,65.37524642944337
2022-06-15,67.23433651220101,68.16006243576511,65.53558502742129,66.51856994628906,11765500,65.05458908081054
2022-06-16,65.3733472189574,65.81234984479147,64.49534196728928,65.57376098632812,10686000,64.95724716186524
2022-06-17,65.61192922621358,66.20363215463246,64.31400538921002,64.62894439697266,16445600,65.06794967651368
2022-06-21,65.47833309423042,66.35633842896867,64.31401818978608,64.59078216552734,10047700,65.76081237792968
2022-06-22,63.875003021108455,64.48578985453001,63.35010467309616,63.49325942993164,8219900,64.96106338500977
2022-06-23,63.41690552092499,64.77209555385495,63.28329636405419,64.54304504394531,8775800,64.56595840454102
2022-06-24,65.21109828683932,67.54926581959162,64.86752980219326,67.47291564941406,20132600,64.9457893371582
2022-06-27,66.20365153905777,67.61609376979011,65.79327833394862,67.19618225097656,8840600,65.45923690795898
2022-06-28,67.34886473455559,67.826042466069,65.40197871624238,65.44969940185547,7252100,65.6310203552246
2022-06-29,65.87914958120462,66.89076393660356,65.6405607403159,66.05093383789062,8077900,66.1425552368164
2022-06-30,65.09659058655934,67.04347676419778,65.09659058655934,66.68082427978516,9888600,66.57011108398437
2022-07-01,66.66173091469562,67.74015730089302,66.62355582055854,67.63517761230469,7805600,66.6025634765625
2022-07-05,67.16752781078607,68.7135861196945,66.9766596506928,68.70404052734375,9040400,66.90413513183594
2022-07-06,69.01896978526078,69.41979723347184,68.05506896643197,68.38909912109375,6043700,67.4920150756836
2022-07-07,68.55134582519531,68.69450058243751,67.93101339791468,68.55134582519531,7814500,67.99209747314453
2022-07-08,68.4177314466651,68.94262247501877,68.07416296792499,68.58951568603516,4927300,68.37383575439453
2022-07-11,68.06228078282685,68.9921469158294,67.96641987827073,68.60869598388672,4543300,68.56853942871093
2022-07-12,68.63746143050969,68.9633973200082,67.17076821206398,67.4967041015625,7140800,68.32707214355469
2022-07-13,66.19296112930328,67.61171993212471,65.83826777173918,67.13240814208984,6454800,68.0757339477539
2022-07-14,66.29839877365785,66.70101885194738,65.40687870675033,66.5763931274414,4915500,67.68074340820313
2022-07-15,67.35289880737585,67.93765981125091,67.10365461382634,67.81303405761719,5134100,67.52544708251953
2022-07-18,68.30193158103202,68.74289755990907,67.24744708252454,67.30496215820312,4642300,67.26470031738282
2022-07-19,67.71717258896209,69.30849132419189,67.35289824276487,69.25096893310547,7160300,67.61555328369141
2022-07-20,69.5481483067131,70.07538692275074,69.17428567060202,69.58648681640625,5655700,68.10636901855469
2022-07-21,69.16470790352282,71.54209080677472,69.14553133204227,71.45581817626953,7005100,69.0822540283203
2022-07-22,71.72421930444203,72.17477357822663,71.18739241502266,71.80091094970703,6659800,69.87982940673828
2022-07-25,71.99263323642734,72.30898078999827,71.26407722891429,71.76256561279297,5721600,70.77135009765625
2022-07-26,71.70504024284193,72.1843519896157,70.66013683174238,70.9668960571289,7284400,71.11453552246094
2022-07-27,71.30241952024026,72.97042982169809,71.24490444560982,72.73077392578125,6677200,71.74339294433594
2022-07-28,72.51028158266871,74.08242355118236,72.19393406963783,73.85235595703125,5688100,72.22270050048829
2022-07-29,73.82360306244063,74.92602162902503,73.81401477891417,74.61925506591797,5926600,72.78636932373047
2022-08-01,73.98657276154839,74.59050302126956,73.5264301967242,74.2358169555664,5227500,73.28101959228516
2022-08-02,73.8044288577727,74.06326132524983,72.91290861792928,73.19091033935547,6403400,73.72582244873047
2022-08-03,73.54560201334296,74.54257141128198,73.14298186620915,74.16870880126953,6127800,74.01340942382812
2022-08-04,74.24540604701544,74.62885700735765,73.91947748464175,74.19747924804688,3656200,74.08243408203126
2022-08-05,73.1142208597025,74.1974702396801,72.85539569828393,74.1495361328125,4858100,73.98849029541016
2022-08-08,73.73732403571248,74.22622410946877,73.1142172458219,73.30594635009766,4733500,73.80251617431641
2022-08-09,73.05669431138301,73.72773513357603,72.7020009919217,73.59352111816406,4243700,73.88303833007812
2022-08-10,74.37959945883813,74.75346938062836,74.00573685076535,74.33167266845703,5258500,73.91563110351562
2022-08-11,74.72470579599026,74.77263990090094,73.8907079547979,73.96739959716797,5554600,73.86961517333984
2022-08-12,74.77265744578287,76.13390150552884,74.44672885980958,75.87507629394531,6692300,74.2147232055664
2022-08-15,75.57788322333444,76.13388668214871,75.25195470081992,75.83671569824219,3733500,74.72087707519532
2022-08-16,75.6353944480559,76.3639503446778,75.58746034830727,76.229736328125,6185100,75.2481201171875
2022-08-17,75.73126085925178,76.46939777870507,75.68332675600583,75.97091674804688,5185100,75.57596893310547
2022-08-18,75.9996714545238,76.574844103471,75.74084632229852,76.03801727294922,4120500,75.99009246826172
2022-08-19,75.7600128519451,75.85587373770502,75.19442850635983,75.40532684326172,4679000,75.896142578125
2022-08-22,74.70554955058863,74.70554955058863,73.01836969324972,73.29637145996094,5757700,75.38807373046875
2022-08-23,73.0950679076988,73.82362407501373,73.0950679076988,73.24845123291016,4432300,74.79181671142578
2022-08-24,73.30595398213319,73.39222660275118,72.90333379181273,73.01836395263672,3876400,74.20130615234375
2022-08-25,73.18133402577837,73.72775658789327,72.83623620222403,73.70858001708984,3523400,73.73541870117188
2022-08-26,73.7948512520488,74.06326470187891,71.48456476196338,71.5612564086914,4904100,72.96660461425782
2022-08-29,71.04360863558418,71.76257646769677,71.00526280689189,71.12030029296875,4295500,72.53139038085938
2022-08-30,71.34076297266036,71.58041886062041,70.42048524053978,71.07234954833984,5099100,72.0961700439453
2022-08-31,71.37911832703652,72.04057100655113,70.97649813677468,71.08194732666016,8612900,71.70888671875
2022-09-01,71.05318811070576,72.2514676823087,70.48759634977579,72.18436431884766,8139800,71.40404357910157
2022-09-02,72.60615802212695,73.59353927696587,71.3982974088366,71.59001922607422,11027700,71.40979614257813
2022-09-06,71.60917479258951,72.07890558834345,70.50676358364638,70.77517700195312,7090100,71.340771484375
2022-09-07,70.6313846830467,71.58041996618566,70.3821405078778,71.40786743164062,5792600,71.40787506103516
2022-09-08,70.96690711712617,71.70505141787696,70.564286942381,71.5612564086914,6897100,71.50373687744141
2022-09-09,71.56124400471154,72.8649725182359,71.3599339522328,72.76911163330078,7762400,71.62068634033203
2022-09-12,73.45932391464193,74.17829161542079,73.11421883317065,73.89070892333984,15628900,72.08082427978516
2022-09-13,72.91290704650469,76.12430188572606,72.64449361469671,72.89373779296875,29476500,72.50453643798828
2022-09-14,72.6540795886212,72.73077122776184,68.80040882955228,69.13593292236328,21601400,72.0501495361328
2022-09-15,68.54158508931246,69.1071694836609,66.86399384586775,67.3337173461914,12478100,71.20464172363282
2022-09-16,66.70103869672442,66.91193708058874,65.4260674224308,65.98207092285156,23412000,69.84723358154297
2022-09-19,65.37813010521825,66.26965039364023,65.10013568236191,66.2121353149414,8364000,68.31151885986328
2022-09-20,65.44523083332611,65.62737166016312,64.65915976331269,65.29185485839844,8624300,66.79114227294922
2022-09-21,65.86701835905794,66.02998259518259,63.97852893538768,63.98811721801758,6768200,65.76157913208007
2022-09-22,64.08398748763291,64.17026741650339,63.11577558429633,63.297916412353516,7190700,64.9544189453125
2022-09-23,62.64605253303787,62.73233246256167,61.227290004550206,61.87915802001953,9282500,64.13383636474609
2022-09-26,61.66825481875855,62.233839203517725,60.76714634002519,60.82466506958008,6897800,63.05634231567383
2022-09-27,61.50529443840056,61.73536205737187,59.47300974862038,59.837284088134766,9284800,61.96542816162109
2022-09-28,60.02901063379924,60.728805444259706,59.674320914932196,60.460391998291016,8549900,61.259883117675784
2022-09-29,59.71266771442098,60.009838703930086,58.26514396287903,58.859493255615234,8882100,60.372198486328124
2022-09-30,58.7252775709803,59.56886732618376,58.533555784812,58.54314041137695,9794400,59.70499496459961
2022-10-03,58.46645117760867,60.623354137591114,58.29389864826138,60.469974517822266,9661400,59.634056854248044
2022-10-04,61.16017582830464,63.10618393277615,61.16017582830464,62.97197723388672,9892600,60.26099548339844
2022-10-05,62.63645784362417,64.40991722238,62.29136010197279,63.88267135620117,9201600,60.94545135498047
2022-10-06,63.58551436821162,64.04564966728567,62.52144143273963,62.5981330871582,6992000,61.693179321289065
2022-10-07,61.82163679948272,61.94626255407448,60.14404907809987,60.67129135131836,7137900,62.11880950927734
2022-10-10,60.97805241364642,61.25605415641254,59.45384062757653,59.981082916259766,6407200,62.02103118896484
2022-10-11,59.595659918234304,60.800099315738294,59.402952555159544,60.135250091552734,7376900,61.45368576049805
2022-10-12,60.3375950224786,61.93709039518658,59.90399610428664,61.45531463623047,9008600,60.968214416503905
2022-10-13,60.202697406565854,63.31496831708577,60.000352473294576,62.82355499267578,10147100,61.01329879760742
2022-10-14,63.3246030596541,64.18216327003138,61.8696382982429,61.96599197387695,8044500,61.27223892211914
2022-10-17,63.47876900045499,65.10717335778314,63.46913877857943,64.57721710205078,11368300,62.19146575927734
2022-10-18,65.52150685723574,66.08036853298073,63.912377497263364,64.58686065673828,6688600,63.08178787231445
2022-10-19,64.06653076632385,64.74102115962505,63.38241015193268,63.883460998535156,5506000,63.56741714477539
2022-10-20,65.06863468474228,67.37152229014629,64.74103068793697,66.72594451904297,17600500,64.34789505004883
2022-10-21,68.44104957616156,70.13690196993929,67.74729144455644,70.05017852783203,15652600,65.96473236083985
2022-10-24,70.27180645699643,71.00410760605183,69.16372083635126,70.26216888427734,11489400,67.10172271728516
2022-10-25,70.77285020478983,71.40879768271817,69.96347052522364,70.47415161132812,9137700,68.27918090820313
2022-10-26,69.96347800129381,72.9601238828161,69.90566726123706,72.09292602539062,10693600,69.92107391357422
2022-10-27,72.02546664431824,73.11427707220088,71.83275930619673,72.410888671875,7053000,71.05806274414063
2022-10-28,72.55541565861533,74.8486651007091,72.55541565861533,74.54032897949219,8758100,71.95609283447266
2022-10-31,73.71169634951012,75.4749975166964,73.61534266114634,75.22447204589844,12349000,72.94855346679688
2022-11-01,75.73515113048884,76.34219331800823,73.55752254695908,74.2994613647461,7753000,73.71361541748047
2022-11-02,73.85620551755869,74.60777432382604,72.27598203994205,72.38197326660156,7524300,73.77142486572265
2022-11-03,71.99655140046522,72.93119729987558,71.35097381988933,72.29524993896484,6761200,73.74829711914063
2022-11-04,73.17210106835333,73.87548952552606,71.53405915668132,73.22991180419922,7219000,73.48621368408203
2022-11-07,73.33591252894311,74.28018897589098,72.73850789319988,73.94294738769531,5394300,73.2299087524414
2022-11-08,74.14527608410626,74.32835319955042,72.28562161828583,72.88302612304688,9104200,72.94662170410156
2022-11-09,72.63250502426462,73.75022822519647,72.26635812291492,72.90230560302734,6013700,73.05068817138672
2022-11-10,74.86796578182226,75.60990472373578,73.91405163639254,74.35728454589844,10437300,73.46309509277344
2022-11-11,74.3187195476757,75.05102069676778,73.77913309640472,74.90648651123047,7712900,73.79841003417968
2022-11-14,74.65596948142903,76.64088311337237,74.51143529385814,75.66769409179688,7153000,74.143359375
2022-11-15,76.0531260833813,77.73934133906766,75.16666039899323,76.29401397705078,7618500,74.82555694580078
2022-11-16,76.2361875710031,77.30573018724556,75.9856621546932,76.97811889648438,6011900,75.64071960449219
2022-11-17,76.28436520206193,76.67942481830433,75.34008891426261,76.31327056884766,5717300,76.03191680908203
2022-11-18,77.08411500414674,77.5273477832629,75.97602938069932,76.82395935058594,6107000,76.41541137695313
2022-11-21,76.66977958520192,77.18046061756293,76.02420195377626,76.9106674194336,5235400,76.66400604248047
2022-11-22,76.97813080582101,79.2135700515595,76.92032006669541,79.1268539428711,8796200,77.23057403564454
2022-11-23,79.12684650558653,79.89768324296287,78.79923519493319,79.5508041381836,6347900,77.74511108398437
2022-11-25,79.83025327053113,80.44692574258409,79.53155460943803,79.70499420166016,2754900,78.42345581054687
2022-11-28,79.1172125257314,79.14611789389,78.11511810545248,78.42345428466797,5112200,78.74335479736328
2022-11-29,78.36565283571953,78.52945484224044,77.58517104636853,77.90314483642578,4928200,78.94185028076171
2022-11-30,77.5369879576845,80.14821155890935,77.08411759062928,80.00367736816406,9610300,79.11721496582031
2022-12-01,80.02294935806637,81.44900136051126,79.34845894496274,81.0443115234375,6127200,79.4159164428711
2022-12-02,80.16746991562616,80.57216707233091,79.5700727794714,80.31200408935547,4798900,79.53731842041016
2022-12-05,79.40628358936266,79.41591381153087,76.51562905493485,76.53489685058594,9102900,79.15960693359375
2022-12-06,76.45780160841197,76.91067193959351,75.21481942856697,76.03384399414062,7656100,78.78574676513672
2022-12-07,75.8025857248333,76.54452440832434,75.71586962877818,75.90857696533203,5105500,77.96672668457032
2022-12-08,76.24582482172937,77.28646216882831,75.66769541266807,77.15156555175781,5918700,77.18817749023438
2022-12-09,76.74686621999543,77.4309867938618,76.64087498377395,76.94921112060547,6850800,76.51561889648437
2022-12-12,77.38281304251146,78.44272549726986,77.02630371801455,78.31745910644531,15807600,76.87213134765625
2022-12-13,81.84407113251314,82.4607435373354,76.79505570997273,77.62371063232422,22812200,77.19010467529297
2022-12-14,77.86460227066398,79.86879135852892,77.63335194554581,78.8377914428711,11183100,77.77594757080078
2022-12-15,77.8453237831571,78.07657407651877,76.5637985696731,77.15156555175781,8196800,77.77594757080078
2022-12-16,77.04557501440158,77.52735075162369,76.58307442340438,76.67942810058594,19200700,77.72199096679688
2022-12-19,77.00702587664938,78.1440168190545,76.77577559975907,77.56588745117188,7738800,77.5716766357422
2022-12-20,77.56588793556546,78.5198017660946,77.42135375486376,77.98985290527344,6390200,77.64490509033203
2022-12-21,78.38491526355487,79.14612185216275,77.98986296010621,78.52944946289062,5932400,77.58323669433594
2022-12-22,77.98986174653356,78.21147447759384,76.53489690480606,77.55625915527344,8181400,77.66417541503907
2022-12-23,77.57554082338395,77.9513253566097,77.07448987820612,77.90314483642578,4129100,77.90891876220704
2022-12-27,77.93203558415951,78.5005347401275,77.6718799374039,78.02839660644531,4290700,78.00142059326171
2022-12-28,78.13439351177539,78.66434981735536,77.26720297728465,77.402099609375,3794000,77.88386993408203
2022-12-29,78.01876278865934,78.81851226371124,77.75859977806934,78.43309020996094,3867800,77.86459808349609
2022-12-30,78.17292941653885,78.94377354590242,77.81642007154261,78.76069641113281,5375700,78.10548553466796
2023-01-03,79.46410145718212,80.78416244149919,79.26175650377546,80.66854095458984,8997500,78.65856475830078
2023-01-04,81.13101732929776,82.06566327583717,80.59143094833195,81.40081787109375,7836200,79.33304901123047
2023-01-05,81.9018752692142,82.28729732897926,80.18675482213978,81.23702239990234,7643800,80.10003356933593
2023-01-06,81.65134600731434,83.19302682292707,80.76488045725128,82.5378189086914,8641600,80.92097930908203
2023-01-09,83.98856665730878,84.71394007565722,83.33090184173098,83.58235931396484,7519700,81.88531188964843
2023-01-10,82.82797449958414,83.76612532800037,82.76027327376443,83.65973663330078,5703300,82.48355102539062
2023-01-11,84.50117233387583,85.7488155323087,84.23036005218172,85.69078063964844,8359700,83.34154357910157
2023-01-12,85.78749322859453,86.27107550694936,85.27489719415921,85.8648681640625,6071100,84.2671127319336
2023-01-13,85.06211673551977,86.53221094073787,84.78164551762919,86.27107238769531,5090800,85.01376342773438
2023-01-17,86.2614115810465,86.50320272697039,85.52636443135144,85.69078063964844,6550400,85.4354476928711
2023-01-18,85.69077918700378,85.71979294340197,83.75645005240379,83.86283874511719,6397700,85.47606811523437
2023-01-19,83.56302073444819,84.13364429169009,82.46045370954,83.11812591552734,5597000,84.96153717041015
2023-01-20,83.20516698872324,84.5108376857778,82.6925709459365,84.3851089477539,5567300,84.66558532714843
2023-01-23,84.32708554779549,86.20337989226154,84.11430815085346,86.04863739013672,7390200,84.62109832763672
2023-01-24,86.12599532572911,87.14151354851833,85.11046972406086,86.75464630126953,7004600,84.83387145996093
2023-01-25,85.78749531855676,86.90940977353453,84.85901820696145,86.6966323852539,5896800,85.40063018798828
2023-01-26,86.93841385965898,87.51871106749621,86.16467932995644,86.88038635253906,7302800,86.15308227539063
2023-01-27,86.561226256949,86.7740036361902,86.03895652032416,86.0679702758789,5676800,86.48965454101562
2023-01-30,85.56504606914905,85.71012222259289,84.13363933611869,84.48181915283203,6255300,86.1762908935547
2023-01-31,84.81065313497459,85.57471393732057,84.48181338436328,85.55536651611328,6200400,85.93643493652344
2023-02-01,85.46833343643179,87.6734674168213,85.313583567481,87.09317016601562,6141300,86.01574249267578
2023-02-02,87.68313666404558,88.224746420038,86.02927888407818,86.44515991210938,8269200,85.92869720458984
2023-02-03,85.56504360156833,87.29626892394464,85.37160627626179,86.67728424072266,5671800,86.0505599975586
2023-02-06,86.57089419508117,86.66760916677373,85.4973410378712,85.6230697631836,4097200,86.2788101196289
2023-02-07,84.98474489302659,85.12981366086306,83.46629696567682,84.8590087890625,9226000,86.13953857421875
2023-02-08,84.07560800822728,85.03309877126728,83.66940070013509,83.84349060058594,7624400,85.4896026611328
2023-02-09,84.27871046026652,85.01375751600658,83.49530960885046,83.80480194091797,4960300,84.96153106689454
2023-02-10,83.68873093202131,84.51081916265665,83.50496734228832,84.27870178222656,5318400,84.48181457519532
2023-02-13,84.41412456088175,86.5128699583632,84.3367496224514,86.48385620117188,5560900,84.65397186279297
2023-02-14,86.07764684080196,86.47418785687483,84.83000365843034,86.16468811035156,7484800,84.91510772705078
2023-02-15,85.93257947319135,86.28075934478069,85.13950473876692,85.43932342529297,4329900,85.2342742919922
2023-02-16,84.58821105305812,85.37161198097962,84.15298995507504,84.83967590332031,5942500,85.44124908447266
2023-02-17,84.3367485976661,84.55919969823026,83.66941005373397,84.41412353515625,6398400,85.4683334350586
2023-02-21,83.91118494976008,84.08527483596019,83.32121407868628,83.36956787109375,5260300,84.84547576904296
2023-02-22,83.83379831506561,84.31738044485282,83.15678628491459,83.4856185913086,5840100,84.30966186523438
2023-02-23,84.28838697603351,86.541882013925,84.20133833471299,85.67143249511719,8637100,84.35608367919922
2023-02-24,84.4431468368714,85.9712688200697,84.27873061028046,85.74882507324219,7659200,84.5379135131836
2023-02-27,85.94224216993855,86.04863086033627,84.49149535056604,85.07179260253906,6748800,84.66944732666016
2023-02-28,84.8203344736913,85.12016052441813,84.31741211650902,84.53018951416016,7468000,84.90157165527344
2023-03-01,84.04659914917282,84.34641779228978,83.16647588483882,83.5049819946289,5119800,84.9054443359375
2023-03-02,83.23417274129969,84.41411458686461,83.0504165078398,84.11429595947266,5293600,84.5940170288086
2023-03-03,84.45279979949207,86.35811495384677,84.22068239669693,86.31942749023438,5498500,84.70813751220703
2023-03-06,86.474183904358,87.69280589563284,86.2227190612417,86.79334259033203,7424800,85.05244750976563
2023-03-07,86.63859045383462,87.12217266349585,85.15883007289193,85.45864868164062,5382400,85.23813934326172
2023-03-08,85.49733984387169,86.16467830444631,85.2555487285773,85.58438110351562,5159200,85.65401916503906
2023-03-09,85.4296373314438,86.6966203951348,83.68873837616835,84.017578125,10572300,85.63467559814453
2023-03-10,81.63836432465082,82.45077901590702,80.15859634463983,81.30952453613281,16029300,84.63269500732422
2023-03-13,80.58413821073937,82.72157066778503,79.3461689486386,82.14127349853516,10299800,83.70228118896485
2023-03-14,83.10844234405548,83.10844234405548,80.69053119402346,81.7834243774414,8732200,82.967236328125
2023-03-15,80.3520250287228,80.63250360731253,79.42354803350126,80.25531005859375,11463000,81.90142211914062
2023-03-16,80.19728272947974,82.31537545560192,79.38486804919611,82.03489685058594,10148100,81.50488586425782
2023-03-17,82.2089843769225,83.15680885526939,81.83179080362112,82.46044921875,13065800,81.73507080078124
2023-03-20,82.47977779153607,84.63655762252868,82.45076404052949,84.1046142578125,9177300,82.12773895263672
2023-03-21,84.61722076641391,84.96540057971777,83.81447983246078,84.70426940917969,6683700,82.71190795898437
2023-03-22,84.66558360758663,86.23239279825151,84.56886863062996,85.01376342773438,7233700,83.6635986328125
2023-03-23,85.7391332084255,86.69662398402366,84.76229501092384,84.89769744873047,10747100,84.23615875244141
2023-03-24,85.09114157817662,85.57472386012404,84.63657305252522,85.12015533447266,5852100,84.76809997558594
2023-03-27,85.71012702551599,87.52839376444689,85.6424258006324,87.18021392822266,8170100,85.38321990966797
2023-03-28,87.2575880417248,87.89591281619387,86.54188833129584,86.89973449707031,6378900,85.82231292724609
2023-03-29,87.17051624512939,87.68311952557723,86.86102396235832,87.6444320678711,5233600,86.34844665527343
2023-03-30,87.86690310335253,88.18606919471434,86.76433604126663,87.53807067871094,5640700,86.87652130126953
2023-03-31,87.58640323321039,89.94628666391334,87.44133448040371,89.86891174316406,10476300,87.8262725830078
2023-04-03,89.34666334361836,90.91347265643468,89.06618472336159,90.83609771728516,8410900,88.55744934082031
2023-04-04,90.76839886663761,90.93281508247465,89.87860917976371,90.9134750366211,6651500,89.36019744873047
2023-04-05,90.54594292118783,91.98701595651728,90.41054048183497,91.77423858642578,7478800,90.1861587524414
2023-04-06,91.23262826004304,92.92516612027781,90.90378849589437,92.77041625976562,9146200,91.23262786865234
2023-04-10,91.95460427052774,92.3722268705615,90.85713437266217,91.06108856201172,8681500,91.47106323242187
2023-04-11,90.7697311897466,91.42044330496736,90.51721327571292,91.26505279541016,8196000,91.55685424804688
2023-04-12,91.66323852672402,92.57618269402428,90.90569226440248,91.19705963134766,8040300,91.61357116699219
2023-04-13,91.4690013607536,92.99380815367061,91.23591190591625,92.79956817626953,6240200,91.81863708496094
2023-04-14,92.7510018612343,93.22689497929177,91.95460612070181,92.9549560546875,6485100,91.85554504394531
2023-04-17,92.88697312263949,93.22689678497872,92.56647049395674,92.83840942382812,4772400,92.2110092163086
2023-04-18,93.23659743085462,93.95529412797933,93.01321482254042,93.69306945800781,7219400,92.69661254882813
2023-04-19,92.8384022151448,93.69307582526874,92.8384022151448,93.05207061767578,4766200,93.06761474609375
2023-04-20,93.23659232291286,93.38227598037312,91.87689053624798,92.10027313232422,5815500,92.9277557373047
2023-04-21,92.27510232449968,92.56646226211721,91.5466913657867,92.41107177734375,7335800,92.81897888183593
2023-04-24,92.59559112357822,93.31429522160836,92.23624648434208,92.69271850585938,4901700,92.78984069824219
2023-04-25,92.4013379579994,92.94521565401823,91.31357515618384,91.35242462158203,5768800,92.32171173095703
2023-04-26,91.05137694248938,92.08086213998952,90.65317536396648,91.01252746582031,6395500,91.91380310058594
2023-04-27,91.59523986977099,92.35278601691662,90.60460431037568,92.30422973632812,5615700,91.95459442138672
2023-04-28,91.55639534253207,92.65387256194367,91.52726009065022,91.99344635009766,8498500,91.8710693359375
2023-05-01,92.07114491463528,92.97437476813799,91.97401752905802,92.13912963867188,5459800,91.7603515625
2023-05-02,92.1973993304519,92.49847347570896,91.14848581759753,92.0711441040039,5995100,91.90409545898437
2023-05-03,92.33337279195364,92.67329642392349,91.81863023357364,92.05171966552734,6744800,92.11193389892578
2023-05-04,92.24595842160365,92.38192786169756,91.69236644128453,92.23624420166016,5038200,92.09833679199218
2023-05-05,92.26540143187455,94.50890513766721,92.1002967023964,94.17869567871094,8068600,92.53538665771484
2023-05-08,94.28551359216362,94.47975354505007,93.66393685119192,94.00386047363281,5314800,92.90833282470703
2023-05-09,93.43084435915787,94.10098482439253,93.3337243782,93.37257385253906,6333500,93.16861877441406
2023-05-10,94.00386991002073,94.86825038375919,93.48912731439894,94.71285247802734,5935300,93.70084533691406
2023-05-11,94.73228234116385,94.81968810711324,93.56682026004475,94.63516235351562,5144500,94.18062896728516
2023-05-12,94.80025104120905,95.10132517493601,94.13982486319787,95.03334045410156,4994700,94.35155792236328
2023-05-15,95.05277628104916,95.14018203900936,94.25638059947883,94.46033477783203,4443700,94.44285278320312
2023-05-16,94.37291573473601,96.00455646976027,94.13011209803466,95.42182922363281,6896500,94.85270385742187
2023-05-17,95.93657097025672,97.5099411908489,95.59664736358589,96.8980712890625,9436000,95.28974761962891
2023-05-18,96.89806776717127,99.51063715307346,96.85922570763114,99.39408874511719,10005700,96.24153289794921
2023-05-19,99.44267132009472,100.10309760438275,98.98619923113064,99.87971496582031,8560300,97.21080780029297
2023-05-22,99.5300840830094,100.13223244486883,98.80167306996266,98.84051513671875,5890500,98.08684387207032
2023-05-23,98.1606552314938,98.51029306569335,95.63549885876968,95.70348358154297,10047300,98.14317474365234
2023-05-24,95.13046270540364,96.03369253801189,94.48946495214112,95.48981475830078,6815900,97.8615234375
2023-05-25,96.3444853307946,101.64732356600825,95.92686275651306,101.28797149658203,16729600,98.24029998779297
2023-05-26,101.34623956790982,103.172127713846,101.03545119984524,101.08401489257812,13994100,98.48115997314453
2023-05-30,101.88041107631658,102.92932460263222,101.19084961265885,102.12321472167969,10296700,99.13769989013672
2023-05-31,101.46278582952529,103.42463597192952,101.15199746806186,102.89047241210938,13713500,100.57509765625
2023-06-01,101.86098470816705,103.54118922857619,101.76386473000117,102.93903350830078,7835900,102.06494140625
2023-06-02,103.45378150877677,103.69658517186605,102.7059494867649,102.8419189453125,8652400,102.3757308959961
2023-06-05,102.84189533280144,104.50267111784423,102.49225754544739,103.85195922851562,7442000,102.9293197631836
2023-06-06,103.73542148234765,104.39584765852875,103.09442374622473,104.01707458496094,7023000,103.30809173583984
2023-06-07,104.05593192002198,105.25052914141087,101.82213537033975,102.2203369140625,9842500,103.17406463623047
2023-06-08,102.628250614055,104.68722834613419,102.31746222145624,104.38615417480469,9526700,103.46348876953125
2023-06-09,104.59980679781022,106.97928695320621,104.31816109157373,106.68791961669922,12597100,104.2326889038086
2023-06-12,111.04867176928845,114.12742762621798,111.04867176928845,113.0785140991211,39081500,106.07799987792968
2023-06-13,119.77018391739246,120.42089591964252,112.68031438876599,113.32131958007812,39190900,107.93884887695313
2023-06-14,113.14650671748021,118.98350883833061,112.40838150879094,118.75041198730469,26264200,111.24486389160157
2023-06-15,118.43961819008673,123.86871168852547,118.15797247506605,122.90721130371094,27476700,114.9490753173828
2023-06-16,123.4802356484473,123.73275354371994,121.54752048140465,121.84859466552734,19514700,117.98121032714843
2023-06-20,120.8676542831034,121.64462892879588,118.4493319982991,118.52703094482422,16273000,119.07091369628907
2023-06-21,118.43962820453322,119.80904447092429,116.8954004077399,118.58531188964844,17583000,120.12371215820312
2023-06-22,118.10940438642245,119.06119051502992,116.61373306026017,117.10905456542969,12203400,119.79544067382812
2023-06-23,116.14755019600473,116.44863175997733,114.73929199308468,115.22489929199219,19734300,118.25897827148438
2023-06-26,114.59361827814494,115.99216979164383,113.3407504489322,113.41844940185547,8987000,116.57294921875
2023-06-27,113.21448250522826,115.05007745585384,112.91340835865576,114.44792175292969,6970400,115.75712738037109
2023-06-28,113.41843229603985,115.20547089485318,113.03965921989062,113.17562866210938,9240500,114.67519073486328
2023-06-29,112.32097160631412,114.40908450865368,111.33032855042305,114.38965606689453,9234300,114.13131103515624
2023-06-30,116.39036014550396,118.22596265172993,115.60367864982123,115.66194915771484,13703100,114.21872100830078
2023-07-03,114.61304673323426,114.84613618224842,113.46701311172633,113.77780151367188,4284700,114.29059143066407
2023-07-05,113.16591757887271,113.64181804960877,112.0878762313356,112.62203979492188,8466500,113.9254150390625
2023-07-06,111.3691780296684,112.47636209705121,111.34004277680772,112.12672424316406,7982800,113.71563415527343
2023-07-07,111.53428830888402,112.6414798413705,111.1943646588916,111.3109130859375,7001600,113.09988555908203
2023-07-10,110.9903968123029,111.71880771970928,110.38824853777214,111.08751678466797,6931000,112.18499908447265
2023-07-11,111.30192445067148,112.08162569065847,110.55146814170423,111.96466827392578,6117100,111.82237243652344
2023-07-12,112.73463571032968,115.09322148291044,112.70539821132975,113.07575225830078,11011600,111.91311492919922
2023-07-13,114.11860229194006,115.57079590032069,113.79698235654243,114.46946716308594,9359600,112.3816635131836
2023-07-14,115.1809505936549,116.92552671890071,114.69363907607061,116.2432861328125,7723800,113.36813812255859
2023-07-17,115.83393899342656,116.92551940138343,115.24916669607879,115.8729248046875,6735900,114.3252197265625
2023-07-18,115.76572528601791,118.21203123614747,114.8203397329193,117.7052230834961,8903600,115.47333068847657
2023-07-19,117.75394562996723,118.28024292021514,115.4148490407931,115.6780014038086,7609000,115.99378051757813
2023-07-20,114.50845175806877,116.02886866213767,112.3058091785737,112.9393081665039,12913000,115.68774871826172
2023-07-21,113.53381682838666,116.24326723597393,113.26092361262715,114.66438293457031,9159600,115.37196807861328
2023-07-24,114.94703978416162,115.53181210099702,113.76774683840493,115.07373809814453,6200400,115.21213073730469
2023-07-25,114.98602441593785,115.50257341443444,113.84570985866769,114.95677947998047,6266300,114.66244201660156
2023-07-26,114.4402365656237,114.63516563678603,112.0816505729378,112.56896209716797,8160000,114.04063415527344
2023-07-27,114.56693147318857,114.61565815952771,112.70539805771027,113.44611358642578,7843000,114.14199523925781
2023-07-28,113.71900097367758,114.3232698523015,112.71514057018604,113.0465087890625,6910400,113.81842041015625
2023-07-31,113.47534933197095,114.26479153482717,112.89057705445585,114.25505065917969,6703100,113.65468292236328
2023-08-01,113.95291121922325,115.04449157797531,113.52408218624942,114.91779327392578,5246000,113.64688568115234
2023-08-02,113.95292119136245,114.01140362862714,111.41890283813709,112.77362823486328,6387800,113.68781890869141
2023-08-03,112.31555888793064,113.22195862741383,111.36043245711926,111.64307403564453,5193800,113.32721099853515
2023-08-04,112.41300521356115,113.44611057602928,111.360418100014,111.53585052490234,5579300,113.02507934570312
2023-08-07,112.53972246776529,113.42662555848887,112.14987176859492,113.15373229980469,7347000,112.80481567382813
2023-08-08,112.12064350936373,112.67617838484378,111.32145285629096,112.30582427978516,4694800,112.282421875
2023-08-09,112.41301180840519,112.77362499066002,109.4794019698116,110.2298583984375,6542400,111.77366790771484
2023-08-10,110.89260320499235,112.1693569492636,109.62559777269253,110.12265014648438,6004100,111.4695831298828
2023-08-11,109.53787657768609,110.60021949686103,108.30984953581793,110.19087219238281,5288900,111.20058746337891
2023-08-14,110.30783567837395,112.87109159003997,110.27859817697521,112.6371841430664,6494200,111.09727783203125
2023-08-15,112.52021982234861,115.06398638948747,111.92569921097696,114.31352996826172,10412200,111.49881896972656
2023-08-16,114.1868383347684,114.8203373588082,112.34479395793953,112.41301727294922,5722000,111.93545074462891
2023-08-17,112.80284450438806,113.81645314205831,111.45786767298172,111.96466827392578,6183900,112.3038543701172
2023-08-18,111.59433272113436,114.02114189217724,111.0582871005623,113.50459289550781,9412800,112.96659851074219
2023-08-21,113.93344009248328,114.37201750629967,112.26683550988336,113.63130187988281,5811200,113.16542205810546
2023-08-22,114.52795850020011,114.69364263673437,112.7931306334677,113.58257293701172,4960300,113.01923065185547
2023-08-23,114.12834470556565,117.39333006508387,109.26497832044836,114.84956359863281,16517300,113.50653991699218
2023-08-24,116.64287164709961,116.6916057675314,109.55736627318822,110.044677734375,11995900,113.12254180908204
2023-08-25,110.04467466377487,113.20245076213394,109.87898312039977,113.11473083496094,8758100,113.04456939697266
2023-08-28,113.41688003494875,114.72287127250824,112.76387698038567,113.87494659423828,4514800,113.09329833984376
2023-08-29,117.88064689895907,118.13405095672911,115.52206106309794,117.58826446533203,11920500,113.89443664550781
2023-08-30,117.656497857755,118.65061011451729,117.10096300690292,118.04634857177734,5601800,114.53379364013672
2023-08-31,117.92938237709349,118.88451618379314,117.07171681850572,117.3348617553711,9109800,115.99183044433593
2023-09-01,117.93913190329923,118.60187584405318,117.04247308760851,117.86116027832031,6189900,116.94111633300781
2023-09-05,119.33282773714978,121.12613026612976,118.1048008270459,120.83374786376953,11089600,118.33287658691407
2023-09-06,119.93711314245482,121.41854437941188,119.61549317913551,121.17488861083984,8728500,119.05020141601562
2023-09-07,120.68756119127973,122.76350538943827,119.47902338444082,121.91558074951172,11864400,119.8240478515625
2023-09-08,121.63296369821221,123.47500072969699,121.1943788495162,123.11438751220703,10595500,120.97995300292969
2023-09-11,123.79660706127717,124.18645773858661,121.55497867936849,123.49447631835938,22155600,122.1066162109375
2023-09-12,109.23575023299014,110.42479151110818,104.5770533714721,106.82843017578125,68605700,119.30555267333985
2023-09-13,105.5711540305448,110.0739145821981,105.45419660366895,109.00182342529297,27171000,116.87093963623047
2023-09-14,110.61971439913587,112.21809558061311,109.10904572157429,110.7756576538086,19849700,114.64295501708985
2023-09-15,111.2921956009102,112.27655941391832,109.64508045725731,111.01930236816406,23215000,112.22393798828125
2023-09-18,110.54174262368986,111.56509978270347,108.74843981205811,109.3624496459961,11744100,109.3975326538086
2023-09-19,109.62559190319534,110.85361145764311,108.87512807302765,109.9082260131836,9536100,110.01349182128907
2023-09-20,109.9472167221951,111.78925357172663,109.60610016409356,110.00569915771484,8777100,110.21426696777344
2023-09-21,108.68020204285078,109.64507663522159,106.55552381595473,106.65298461914062,12645800,109.38973236083984
2023-09-22,107.19877494624656,107.79329553371981,105.7563371610002,106.26313781738281,11150000,108.4384994506836
2023-09-25,105.69786903051514,105.89279810610228,104.77198008777395,105.55168151855469,8410000,107.67634582519531
2023-09-26,104.4211101993269,104.67451426759317,101.6629252567441,102.21846008300781,13209000,106.13839263916016
2023-09-27,102.33541908032618,102.60831234148165,100.72728957905002,101.9650650024414,8916400,104.53026580810547
2023-09-28,101.39002678208553,103.89480752750293,100.6493112399242,103.45623016357422,7373600,103.89091491699219
2023-09-29,104.3918670082822,104.64527106273627,102.70576599687544,103.23206329345703,7299100,103.28470001220703
2023-10-02,103.12485201751089,104.0215107832056,102.61805135497302,104.00201416015625,5963500,102.97476654052734
2023-10-03,103.7193847980569,103.79735642784904,100.91247304759445,101.86759948730469,8783300,102.90459442138672
2023-10-04,102.29642183372545,104.57704335638135,101.84809617824911,104.36262512207031,8842700,103.3841064453125
2023-10-05,104.25541820778889,105.68811513479147,103.49521349610173,105.60039520263672,7651500,103.812939453125
2023-10-06,105.19104948628082,107.72506752929208,104.84993295976089,107.1695327758789,8247000,104.60043334960938
2023-10-09,107.93950447524986,108.15392273932792,106.69198814146901,107.52041625976562,6012400,105.30411376953126
2023-10-10,107.41319189564373,108.24161989646237,106.838167937872,106.9258804321289,6910400,106.31576995849609
2023-10-11,107.121525805824,107.65952551069554,106.45635669964282,107.24868774414062,5641700,106.89298248291016
2023-10-12,107.55191533448186,108.500760191772,106.50525303543851,106.73023986816406,6598500,107.11895141601562
2023-10-13,106.80850034044931,107.12152064221107,105.43903372161935,105.88899993896484,5879400,106.86284484863282
2023-10-16,106.57373737691086,107.19977802660614,105.94769672721559,106.33897399902344,5488000,106.62655639648438
2023-10-17,105.23361804503104,107.39541573583689,104.56844895070671,106.66177368164062,5261800,106.57373504638672
2023-10-18,106.03572983794533,107.3367234989834,105.50750667941122,105.88899993896484,5123900,106.30179748535156
2023-10-19,106.26070369288833,107.8160286004648,105.83030546470359,105.9770278930664,7989200,106.15115509033203
2023-10-20,104.65649460769906,104.70540706887438,98.46456062078242,99.62860107421875,21831400,104.89907531738281
2023-10-23,99.81444700565734,102.40665040135039,99.78510251781438,101.39911651611328,10722600,103.91110382080078
2023-10-24,101.68278450141263,102.18166318189401,100.2644128655844,100.94914245605469,6174000,102.7685775756836
2023-10-25,100.46005552111869,101.40890050050558,98.8069203926857,99.21775817871094,7081700,101.43432922363282
2023-10-26,99.4720778706807,100.1568074337949,97.69177354359128,98.21021270751953,7565600,99.88096618652344
2023-10-27,98.79714513021531,99.86336816373989,98.39608383012283,98.78736114501953,5207900,99.7127182006836
2023-10-30,98.93408179396546,100.17638659254742,98.62106146399873,99.4329605102539,5433700,99.31948699951172
2023-10-31,99.78510791059304,101.26216860712951,98.89495192862029,101.14479064941406,6258400,99.35861663818359
2023-11-01,101.53606091059049,103.88370945870251,101.53606091059049,103.44352722167969,8602400,100.20377044677734
2023-11-02,104.12827063856493,104.8814807425976,103.26746655409272,104.53911590576172,5918300,101.46955108642578
2023-11-03,104.83255556137952,106.69111690253408,104.29455587248795,105.69336700439453,7280000,102.85075225830079
2023-11-06,105.70313807227438,106.82805730991727,105.0966654556091,106.73023986816406,6062800,104.31020812988281
2023-11-07,107.59104334323595,107.97253658853515,106.21180025553711,106.61285400390625,7412600,105.40382080078125
2023-11-08,106.8476344100704,110.10499953056734,106.80850593742569,109.88002014160156,10994900,106.69111938476563
2023-11-09,109.94849449675398,110.8386430059778,109.1757239439592,109.73329162597656,6853900,107.72995452880859
2023-11-10,109.64524531908543,110.71147563665532,108.715968382289,110.60387420654297,5233900,108.71205596923828
2023-11-13,110.60388528622906,111.99291257028833,110.32020943869692,111.66033172607422,5740500,109.69807434082031
2023-11-14,112.35484195918802,113.91994360240199,111.95378069839926,113.56779479980469,6733700,111.0890625
2023-11-15,113.61669284699462,113.7731992599683,111.44511132741641,111.57227325439453,7386200,111.4275131225586
2023-11-16,111.27882736379253,113.34280757869821,110.99515154445082,112.16897583007812,7476100,111.9146499633789
2023-11-17,112.11029103385535,113.11782495145886,111.67010877608453,112.84393310546875,4791300,112.36266174316407
2023-11-20,113.12761384900756,114.59489805596488,112.99066792006435,114.36991119384766,5728300,112.90457763671876
2023-11-21,114.65357671926661,115.10354294001854,113.15694815691951,113.54822540283203,5995300,112.90066375732422
2023-11-22,114.15470103478627,114.73183666680045,112.99066071301667,113.7047348022461,4343700,113.32715606689453
2023-11-24,113.9492790481361,114.04709649376211,112.82435976595528,113.71451568603516,2168200,113.63626403808594
2023-11-27,113.47974420012208,114.22316270405388,112.93195311044497,113.9297103881836,5165300,113.85341949462891
2023-11-28,113.46997143374533,114.25252594607178,113.34280949726427,113.7047348022461,4892600,113.72038421630859
2023-11-29,114.78074351413235,115.01551434941958,113.4308447946995,113.6753921508789,6127200,113.74581756591797
2023-11-30,114.31121676954399,114.67314954336702,112.6678582374986,113.6753921508789,11075600,113.73994903564453
2023-12-01,113.53843739285008,114.79051856497232,112.74610640864609,114.60466766357422,5739800,113.91797943115235
2023-12-04,113.73408675315545,114.13514801936165,112.0516071283448,113.25477600097656,5587500,113.78299255371094
2023-12-05,112.07116430095604,112.75589392656119,111.32773823387532,112.03203582763672,5913600,113.44845275878906
2023-12-06,112.43309017025732,112.48199516165522,109.48873803516851,109.58655548095703,7815700,112.63068542480468
2023-12-07,109.95826744112549,110.56474005643486,109.37134786593364,110.40823364257812,6772800,111.97725372314453
2023-12-08,109.56699383167965,111.1614398240446,109.1561486228741,111.13209533691406,7766000,111.2827392578125
2023-12-11,111.2886040876714,112.83414512153199,111.13209766536515,112.61894226074219,19544200,111.15557250976562
2023-12-12,100.4600443850117,102.6609704471633,98.49388914284424,98.61126708984375,57666500,108.47141876220704
2023-12-13,98.87539068245597,100.85133007345704,97.09508619484359,100.74372863769531,29392200,106.70285339355469
2023-12-14,99.6481499272261,100.01985918667047,97.69177126342815,98.1221694946289,22865200,104.24564056396484
2023-12-15,97.51570349163606,101.72191342596751,97.19289919912198,101.0665283203125,30212300,102.23252716064454
2023-12-18,101.15457462933846,103.84459561743951,100.66547990422917,102.70989227294922,13473100,100.25071716308594
2023-12-19,102.69032754985889,104.02065828156164,102.51425315753173,103.93262481689453,10108500,101.31498870849609
2023-12-20,103.63916200743468,103.77610792383526,101.78060815257165,101.87842559814453,9242000,101.54192810058593
2023-12-21,102.41642889705211,103.6196051627668,102.2403545036059,103.55113220214844,8168000,102.62772064208984
2023-12-22,103.39461046814152,104.16738094391005,103.15984711569045,103.88370513916016,5680000,103.19115600585937
2023-12-26,104.19672870591202,104.32389810069007,103.0424649474997,103.87393188476562,5767400,103.42396392822266
2023-12-27,104.00110384206506,104.01088782637407,103.25767775744156,103.62939453125,5627400,103.36331787109376
2023-12-28,103.69786144812262,104.28477360154885,103.27723970328512,103.93262481689453,5689100,103.77415771484375
2023-12-29,104.274988226208,104.5880085347241,102.4946838222115,103.13050842285156,6899700,103.69003295898438
2024-01-02,102.24034859517019,102.39686247496327,100.20572039880798,101.7903823852539,9597500,103.27136840820313
2024-01-03,101.04697139543796,101.12522087818876,99.52099080540444,100.22528839111328,9455600,102.54163970947266
2024-01-04,100.52852190124334,101.10565753113973,100.16659659758959,100.35244750976562,6822300,101.88625030517578
2024-01-05,100.29376040847862,101.45780821073025,100.05899703645068,100.4894027709961,6133800,101.19760589599609
2024-01-08,100.69482465374242,102.48490568039114,99.90248612218343,102.37731170654297,7038700,101.04696655273438
2024-01-09,101.58496145481126,102.2012255152561,101.03717781263134,101.36975860595703,6725200,100.962841796875
2024-01-10,101.23227264464741,102.19461594221242,100.8689449900654,102.04731750488281,7270500,101.3272476196289
2024-01-11,102.46958933026528,102.95075732841933,101.6741880997784,102.88201904296875,6119000,101.83316192626953
2024-01-12,103.20606186638852,104.7772278407337,103.07840720631715,104.67903137207031,9703800,102.67108764648438
2024-01-16,104.49247666253635,104.73797161852362,103.52031124265051,104.64958953857422,7547200,103.12554321289062
2024-01-17,104.54155078060246,105.56281049746764,103.7756078659311,104.51209259033203,7771500,103.75401000976562
2024-01-18,105.06201120759248,106.91795233313977,104.69868349542443,106.74119567871094,10362300,104.69278564453126
2024-01-19,107.35001133050687,108.23379448336347,107.05541444891803,107.6937026977539,11163800,105.65512237548828
2024-01-22,108.07669433526029,108.69534640376682,107.30092939462807,108.11597442626953,7485300,106.34251098632812
2024-01-23,108.30254674464224,110.64947773084577,107.58569823587669,109.8147964477539,9185900,107.37555236816407
2024-01-24,111.37613783234528,113.34009726860702,111.28776325383063,112.2500991821289,11702700,108.92315368652343
2024-01-25,112.81964734389507,114.08640205828503,112.2893774058776,112.92766571044922,8877200,110.16044769287109
2024-01-26,112.57415771484375,113.39902459898289,112.2108225109846,112.57415771484375,5541800,111.13653869628907
2024-01-29,112.1322764539825,112.52506238288645,110.97353998312859,111.70020294189453,7014400,111.85338439941407
2024-01-30,111.31722691087222,112.33848676688797,110.6003783850082,112.10281372070312,8231900,112.31098785400391
2024-01-31,111.75911163656303,112.2108214172247,109.65767559561448,109.6871337890625,7386700,111.79839477539062
2024-02-01,110.87533049252976,113.69360741051109,110.52181720446282,113.44811248779297,7882200,111.90248413085938
2024-02-02,113.7328883680273,114.39081296789108,113.0847856628824,113.70343017578125,6499400,112.12833862304687
2024-02-05,113.44811464826591,114.6166729000692,112.70180797125543,114.29261779785156,8084500,112.64682159423828
2024-02-06,114.63631288362951,114.84252773024083,112.90803393338867,113.2222671508789,4637500,112.87071228027344
2024-02-07,113.71324970661612,115.4709867373156,113.22225986762713,115.15675354003906,7672900,113.96463623046876
2024-02-08,114.97999270622923,115.66738295089824,113.88018030181497,114.57738494873047,4472800,114.19049072265625
2024-02-09,114.95054614847065,115.22549927739901,113.64451878606097,114.53811645507812,5787100,114.35742797851563
2024-02-12,114.1649624991739,114.98982185452086,113.30081556472214,113.75252532958984,5439600,114.24940948486328
2024-02-13,111.73947283593779,112.15190251879585,110.96370796089869,111.63145446777344,8171700,113.93124694824219
2024-02-14,112.25992041364857,112.65271379696186,111.48415554188026,112.20100402832031,5946100,113.34009704589843
2024-02-15,112.19118444017508,112.2501008267147,110.54145818986851,110.74767303466797,8455600,112.57415466308593
2024-02-16,110.98333776018988,111.07171982529039,109.24523706025597,109.30415344238281,8936000,111.52736206054688
2024-02-20,108.54803852021143,108.77388965903559,105.73957593789693,106.49569702148438,10975600,110.07599639892578
2024-02-21,104.83615676733905,106.42695911531088,104.59066183789542,106.21092987060547,7865300,108.99189147949218
2024-02-22,109.48092097788748,109.87371437895376,107.68390371696012,109.00957489013672,8957800,108.35360565185547
2024-02-23,109.98173443163905,111.3270494159712,109.69695939881352,109.93263244628906,7504500,108.19059753417969
2024-02-26,109.98173675460947,110.51200674156283,108.93101867636243,108.97029876708984,6342900,108.12382659912109
2024-02-27,108.62660270027999,109.5005640788953,107.81155770928473,109.3729019165039,6593100,108.699267578125
2024-02-28,109.2550736427784,110.00137288975125,109.09795328010333,109.6675033569336,5278300,109.39058227539063
2024-02-29,109.6675033569336,110.41381009581771,108.64624347527936,109.6675033569336,12193900,109.52216796875
2024-03-01,109.66749647156834,111.88677275759558,109.51037611875792,111.72965240478516,7605100,109.88157196044922
2024-03-04,111.53324687406872,112.53486278855925,111.3466683491312,112.00459289550781,6588100,110.48843078613281
2024-03-05,110.78696100621399,111.16011063403495,108.38111348711757,108.94084167480469,8242000,110.40201873779297
2024-03-06,109.49073562329342,111.01280714217515,108.67569068113326,110.24685668945312,6706400,110.51788940429688
2024-03-07,111.88676584561784,112.73126896002647,110.26649789393105,112.4759521484375,7670100,111.07957916259765
2024-03-08,112.0144331739974,112.26975001446203,109.5300255299891,110.3941650390625,8312900,110.81248168945312
2024-03-11,109.5987483411342,112.6821638147963,109.17649679579014,112.07333374023438,20438300,110.82622985839843
2024-03-12,123.98475877454682,127.03870874294972,122.35466887965336,125.24169158935547,48536100,114.08639984130859
2024-03-13,125.69340008121732,126.47898682848911,122.58052626788944,123.25808715820312,15870300,116.68864593505859
2024-03-14,124.9372838478722,125.49701199207155,122.6885493760788,123.26791381835938,10965900,118.84703826904297
2024-03-15,121.80477083243287,123.73927216632732,121.33341724924553,123.27774047851562,17844900,121.42375335693359
2024-03-18,124.90782305447718,126.6262876424463,124.59358982949641,125.49701690673828,12231400,124.10848999023438
2024-03-19,125.44789309363527,126.88158989330024,124.21059670785372,126.86194610595703,10221000,124.43254089355469
2024-03-20,127.6377195496204,128.3349317422788,125.9585426227876,126.91106414794922,8373300,125.1631362915039
2024-03-21,128.1680102994594,130.37746489441784,126.6262947898534,126.68521118164062,17842400,125.84659576416016
2024-03-22,126.6851915184124,126.88159943898194,125.25150959470673,125.4871826171875,6660000,126.28848419189453
2024-03-25,125.36935818845431,125.36935818845431,123.77855572097509,123.80801391601562,7446100,125.95068359375
2024-03-26,124.46593213259402,124.6525106807368,123.57232697244793,124.19097900390625,7063900,125.41649017333984
2024-03-27,125.03547944646559,125.51664741114887,122.22701685014074,123.0125961303711,8115900,124.63679656982421
2024-03-28,123.130436955927,123.8963799417106,122.94385841101175,123.34647369384766,6587400,123.96904907226562
2024-04-01,123.27773505038837,123.99457605111475,122.31539162754706,123.21881866455078,4133600,123.51537628173828
2024-04-02,122.26631513473511,122.67874488013094,121.20577508207857,122.09937286376953,4862400,123.17364807128907
2024-04-03,122.02079523809682,124.13205301566589,121.82439481000303,123.9651107788086,7430000,123.12847442626953
2024-04-04,125.30061932139277,125.68359083896551,121.79495178151909,121.95207214355469,7588300,122.91636962890625
2024-04-05,122.17792313981732,123.72945299929576,121.90296999852468,122.64927673339844,4899500,122.77693023681641
2024-04-08,122.74747262114893,122.86531289195325,121.52981979048226,122.10918426513672,6119200,122.5550033569336
2024-04-09,122.5032412060612,122.89730219527571,119.43942810114844,121.3998794555664,5564100,122.41510467529297
2024-04-10,119.5477877896369,121.25209826998818,119.51823453255882,119.94184875488281,4509900,121.6104522705078
2024-04-11,119.91230622136504,121.98111707880675,119.55765207253636,121.40972900390625,7315200,121.50198364257812
2024-04-12,119.93200421395177,120.03051758367518,118.63160819177321,119.31136322021484,6196900,120.8344009399414
2024-04-15,120.3654774487035,120.65117149495349,117.66617191377729,118.0996322631836,5101500,120.03249053955078
2024-04-16,118.30650865278767,119.63646546548927,117.97156168870086,118.82864379882812,7000000,119.51824340820312
2024-04-17,119.18329134922574,119.24239786524248,116.84848625742077,116.9075927734375,5366600,118.91139221191406
2024-04-18,116.9962647850846,116.9962647850846,113.98170457307876,114.27725219726562,6662400,117.48489685058594
2024-04-19,114.39547134740552,115.03581199847784,112.7601208748444,113.17388153076172,8251500,116.25740051269531
2024-04-22,114.30680171470178,114.61219540456656,112.64189801738608,112.8290786743164,7125500,115.20328979492187
2024-04-23,113.45958152737286,114.13933658076773,113.04582084969277,113.38076782226562,5494800,114.11371459960938
2024-04-24,113.66645915874388,114.01126723135276,112.18873604558038,113.6270523071289,5791800,113.45760650634766
2024-04-25,111.94244163960444,113.28224444374052,111.10506676604136,113.18373107910156,6796600,113.23890228271485
2024-04-26,115.30181057401897,117.43958155714023,114.4250287880183,115.46928405761719,8355100,113.69798278808594
2024-04-29,115.25254597577809,115.56779326369504,113.57779616798582,114.75997161865234,4994100,114.08416137695312
2024-04-30,113.3807646464843,113.80437890445957,112.00156242618193,112.0606689453125,6234700,113.8201416015625
2024-05-01,112.21828868711401,115.0259608953903,111.96214792822751,112.9275894165039,5583600,113.6802490234375
2024-05-02,113.51868753316607,114.0900680645487,112.56309209558977,113.25269317626953,5001000,113.6940414428711
2024-05-03,114.25754250984507,114.48412248790821,113.36105364022856,114.08021545410156,4485000,113.41622772216797
2024-05-06,114.60235311511909,116.60220382659854,114.45457930298122,116.5824966430664,6052400,113.78073272705078
2024-05-07,116.24754134303092,117.36075661789717,115.54808669959236,116.17858123779297,6437700,114.60431518554688
2024-05-08,115.96184608162173,116.22784042473633,115.37075839793813,115.64659881591797,4636000,115.14811706542969
2024-05-09,115.64660689658157,115.98156136759566,114.76982514270121,114.90774536132812,3236200,115.4791275024414
2024-05-10,115.41017633778989,115.88304352374918,114.18859400529192,114.93730163574219,4122500,115.65054473876953
2024-05-13,115.39046173268801,115.44957576419732,114.47427316321681,114.64175415039062,4140000,115.26239624023438
2024-05-14,114.76982567903787,120.72997843103694,114.40531794748435,119.0749282836914,17811200,115.84166564941407
2024-05-15,118.38532265303759,120.27680643590554,117.89274828149354,119.82363891601562,6604600,116.6770736694336
2024-05-16,120.12903025193768,120.63145065798494,119.40986842158401,120.34576416015625,5159300,117.76467742919922
2024-05-17,121.3506233670399,121.74468437039202,120.26696124488792,121.6658706665039,6179400,119.11039123535156
2024-05-20,121.9614145670025,122.82834273498537,121.40972617275136,122.67071533203125,5989000,120.71618347167968
2024-05-21,122.61161739105977,123.49825280447912,122.07963614300814,122.77909088134766,5549500,121.45701599121094
2024-05-22,122.7790878673073,123.30122302623407,121.46884572217908,122.7495346069336,5705000,122.04219512939453
2024-05-23,124.67057329093568,124.81833958579068,121.3309197376241,122.24710083007812,6108600,122.4224624633789
2024-05-24,121.58703798742474,121.67570526948334,119.61674079424233,121.0846176147461,7173400,122.30621185302735
2024-05-28,121.40972318764649,122.96625993115059,121.18314319658121,122.64115905761719,6911400,122.30030059814453
2024-05-29,121.16343644899565,122.07962504018926,120.94670253252798,121.90229797363281,4735100,122.12494201660157
2024-05-30,118.38531879361511,119.63646186555864,115.29195244245085,115.35105895996094,10839600,120.64524688720704
2024-05-31,114.85847451462017,115.67614967675843,112.84877793493915,115.44956970214844,12755600,119.28574066162109
2024-06-03,115.78452704460702,117.55779773456928,115.59734638397538,117.50853729248047,7256300,118.57052459716797
2024-06-04,117.25238749431287,118.58234416742393,116.95684741280078,118.28679656982422,7368000,117.69965209960938
2024-06-05,119.84334295101334,120.96641188733818,118.7202740146885,120.80878448486328,5973700,117.48094940185547
2024-06-06,121.05507573550369,122.42443189718374,120.43443472858382,121.6658706665039,7347200,118.74391174316406
2024-06-07,122.36531579913667,124.34546673682013,121.43927364115862,124.04991912841797,11545000,120.46398162841797
2024-06-10,123.8627524739122,125.064627604632,122.207702315635,122.65101623535156,10164700,121.49247741699219
2024-06-11,122.20769552470755,122.9761102847635,120.47383176093523,122.04021453857422,18373900,122.24316101074218
2024-06-12,132.689668046591,138.86655401053235,131.9705137737657,138.295166015625,40871300,125.74043731689453
2024-06-13,138.3443984217435,140.2851421943185,136.7090633151283,137.7730255126953,13733200,128.9618682861328
2024-06-14,137.19179047480762,137.89125260439855,135.3397213037064,136.07858276367188,11330800,131.3676010131836
2024-06-17,136.73863185557826,139.3394236185689,136.19679710658542,139.2113494873047,11232800,134.6796676635742
2024-06-18,139.1227059622002,142.905673507834,139.1227059622002,142.49191284179688,11629400,138.77000732421874
2024-06-20,143.16182503462662,143.16182503462662,139.84186349117556,140.78761291503906,8940000,139.26849670410155
2024-06-21,141.58557567926775,141.58557567926775,138.35428907023908,139.39854431152344,14844100,139.59360046386718
2024-06-24,137.92082118442192,139.428097527649,137.05388549810905,137.8124542236328,7793300,139.94037475585938
2024-06-25,136.93567593081409,137.4775107484865,135.51705932897246,137.1031494140625,8205500,139.51873474121095
2024-06-26,137.41839042385985,138.65967230968488,136.02932722141904,136.17709350585938,8036300,138.25577087402343
2024-06-27,137.18196340938272,139.31973439258334,136.74849555432326,138.09814453125,7518200,137.71787719726564
2024-06-28,137.36912541487288,140.69893254712002,137.20165195402035,139.1029815673828,25814800,137.6587646484375
2024-07-01,139.58573302379853,141.92053082177475,138.97494559058083,140.96493530273438,6552400,138.2892608642578
2024-07-02,140.51175898958357,142.07814176021847,140.43294529247183,141.152099609375,5920500,139.09905090332032
2024-07-03,141.6151454890295,142.50177343052425,141.36885827948333,142.2357940673828,3560800,140.310791015625
2024-07-05,142.79730544456106,143.62482677025596,141.88112434086528,142.67909240722656,5365500,141.22698059082032
2024-07-08,142.610119535206,143.07314062397097,141.2998699682941,142.87611389160156,8622600,141.98160705566406
2024-07-09,142.97462155088476,143.53614843781364,135.95050720182775,138.5906982421875,14334200,141.5067596435547
2024-07-10,139.02417971718276,140.265476699628,137.66468473322414,139.9600830078125,6350300,141.2683563232422
2024-07-11,140.6417449575479,141.74822196618686,139.9699445775752,141.0369110107422,5245100,141.02857971191406
2024-07-12,140.9875255013145,143.37831477680936,139.5550146513506,143.0226593017578,7361800,141.0972930908203
2024-07-15,143.97105284081078,144.82067335097358,140.20704147792566,141.34317016601562,8687800,140.79070434570312
2024-07-16,141.34318745590716,141.7679902256441,140.33549438462938,140.88873291015625,7181500,141.25031127929688
2024-07-17,138.7844233285088,140.07860941379175,137.00614604259349,137.5791473388672,9157000,140.7741241455078
2024-07-18,137.67794733131592,138.36949542653753,135.5440145735311,136.36399841308594,5998700,139.83954162597655
2024-07-19,136.68016209876274,138.74493279371288,136.41341669869598,136.8876190185547,6111900,138.61253356933594
2024-07-22,138.05336195227804,138.98200361287036,137.44083502023173,138.47816467285156,5387200,138.03953247070314
2024-07-23,139.5945542592814,141.491378624348,139.505644150283,141.38270568847656,6697400,138.1383270263672
2024-07-24,139.98970575300254,140.9381253739589,136.72953309140166,137.09507751464844,8018800,138.04151306152343
2024-07-25,138.45840389082318,139.36731289053608,136.03797804876746,136.1565399169922,7654600,138.0000213623047
2024-07-26,137.19387420062606,138.27072967070728,136.70979800750996,137.33218383789062,5139400,138.08893432617188
2024-07-29,137.58904463489614,138.0928836153799,136.15654884461915,136.640625,4054600,137.72142639160157
2024-07-30,137.39145762495696,137.8854227158793,133.33106397459056,134.03248596191406,6505700,136.25138244628906
2024-07-31,138.00396963262347,139.84152037542117,136.98640275041694,137.76686096191406,7188000,136.3857391357422
2024-08-01,137.60877991222486,138.69550907510046,134.13127674025762,135.8502655029297,5906800,136.3244842529297
2024-08-02,131.16751714816112,132.67904938181425,130.20922350007766,131.67135620117188,8251600,135.19231872558595
2024-08-05,126.34639390246687,128.40129054738435,125.13124396555492,126.31675720214844,10355000,133.12754516601564
2024-08-06,128.96440070409696,129.45836580037752,126.5341008721829,126.66253662109375,8373900,131.65355529785157
2024-08-07,127.3639628340443,128.7273113688077,124.2322258288634,124.38041687011719,8617700,128.97626647949218
2024-08-08,126.4550685125036,128.25310875373282,126.10929444200161,127.40348815917969,6243200,127.28691101074219
2024-08-09,126.85023617425826,130.77232041410863,126.79096277208325,130.466064453125,5597300,127.04585266113281
2024-08-12,130.6537785643365,131.1082331226103,129.626337713563,130.97979736328125,5600800,127.97846069335938
2024-08-13,131.36507259530688,132.91611508425825,131.2070001541882,132.63949584960938,4324000,129.1738525390625
2024-08-14,132.4221645307131,134.32887775854564,132.39252782908116,133.96334838867188,4044600,131.09043884277344
2024-08-15,135.2772674560547,135.593412338124,134.0818804229471,135.2772674560547,4698100,132.66519470214843
2024-08-16,135.13897533278174,136.15655738203407,134.74380925365784,135.81077575683594,4893800,133.73413696289063
2024-08-19,135.87003315949693,136.28496201609573,134.8129557312943,136.2553253173828,3641600,134.78924255371095
2024-08-20,136.15655285512372,138.1027615584523,136.15655285512372,137.49024963378906,3738300,135.75939331054687
2024-08-21,137.12471623511928,138.6066115508995,136.87773368248924,138.5078125,3776800,136.6682861328125
2024-08-22,139.00177872052257,139.37719702741032,135.98858853933646,136.4134063720703,5162200,136.89551391601563
2024-08-23,137.05555523148735,138.10275885299114,135.60329660178107,137.510009765625,4544600,137.23536071777343
2024-08-26,137.70760200935516,137.71747588535538,136.52208868067623,137.2235107421875,2729600,137.4289978027344
2024-08-27,136.18617748738217,137.81625620838693,136.077504567674,136.80856323242188,3872200,137.29266052246095
2024-08-28,137.15435098421824,137.27289778391616,135.2575268159593,136.2158203125,3022600,136.83426208496093
2024-08-29,137.46060914007288,139.45623238986488,137.17411601133054,137.7372283935547,4588400,137.09902648925782
2024-08-30,138.6362511813611,140.00947360002277,138.40903144903234,139.58465576171875,7980700,137.51395568847656
2024-09-03,138.75478427427552,140.483662008388,137.15434228143184,137.81625366210938,6831200,137.63250427246095
2024-09-04,136.76904658187794,139.39694428741998,136.2849554020306,139.05116271972656,6243300,138.08102416992188
2024-09-05,139.6933306802992,141.5506443656701,138.6164903306402,140.88873291015625,8733200,139.01560668945314
2024-09-06,142.05447090669506,142.20266947529174,137.71745811237452,140.09837341308594,11154800,139.4878356933594
2024-09-09,140.77016232002464,141.57038327171472,137.82611983220966,138.2015380859375,20233400,139.21121215820312
2024-09-10,152.36847036219655,158.5825597553389,151.2718672383843,154.00843811035156,37374200,142.44964904785155
2024-09-11,154.8876861466898,157.5155839370567,152.97109926310816,155.28285217285156,12630100,145.69598693847655
2024-09-12,157.12039160472096,160.38056384866792,155.99415192858837,159.43215942382812,16161300,149.40467224121093
2024-09-13,171.6034852894962,171.84059398171945,159.05677384577803,160.0743408203125,25727800,153.39986572265624
2024-09-16,162.9986257342123,171.8899984402317,162.5244083361648,168.274169921875,27384400,159.41439208984374
2024-09-17,168.22475084394912,168.580406313847,164.7571213184085,165.44866943359375,12580100,161.7024383544922
2024-09-18,165.59685971706267,165.59685971706267,161.75381173954236,162.54415893554688,12274400,163.15469970703126
2024-09-19,165.23132232310175,166.13034240327633,162.52438820765744,165.5672149658203,10075900,164.3817108154297
2024-09-20,165.11278032403928,166.79225866105878,164.5891785202853,165.97227478027344,12187700,165.56129760742186
2024-09-23,165.2115402416748,165.31033927783758,162.2773867481146,163.94699096679688,7916100,164.69586181640625
2024-09-24,163.73955472568076,164.0952101962145,161.94151454836614,163.798828125,6155100,164.3658935546875
2024-09-25,165.6660260419562,166.71322969506463,163.66052884033476,164.27304077148438,7142400,164.711669921875
2024-09-26,165.62646434640936,166.32790130412644,164.47058801435392,166.071044921875,7096800,164.81243591308595
2024-09-27,166.06120538200923,167.06889853847272,164.50027365325067,166.703369140625,8974400,164.95865478515626
2024-09-30,167.45416112744547,168.46185410556555,164.440971142382,168.34329223632812,10210300,165.8379150390625
2024-10-01,168.16547417638895,168.4519672918911,163.96677096804515,165.1424102783203,7595100,166.10663146972655
2024-10-02,165.57710283494572,167.13801924083344,165.25108406927507,165.68577575683594,7073000,166.38917846679686
2024-10-03,164.8756755192966,165.83396904858455,164.23352689949783,164.84603881835938,4735700,166.14417724609376
2024-10-04,166.67370097444305,168.8372553238449,166.14021025570577,168.79774475097656,6386900,166.56305236816405
2024-10-07,168.3630530980882,170.25000328842015,167.50355869787754,167.91848754882812,6791000,166.47809143066405
2024-10-08,168.54089493024836,172.5321262291726,168.38282248335955,172.265380859375,7845400,167.902685546875
2024-10-09,172.45310118855843,176.45422169650482,171.71215350466537,176.13807678222656,8120900,169.99314575195314
2024-10-10,175.90044047689224,176.544048136081,172.46461292751053,173.68251037597656,7115900,171.76044006347655
2024-10-11,173.77162575418237,175.2568533247309,172.68245282570695,174.03897094726562,5869400,172.80868530273438
2024-10-14,174.8112863948903,175.47468622366975,173.77162408379684,174.38551330566406,4688700,174.10209045410156
2024-10-15,175.19741087382891,176.4648035999522,172.03882513457168,172.37547302246094,5848600,174.12410888671874
2024-10-16,171.79130085779065,173.1874182256755,169.94961829612737,173.04879760742188,6383000,173.50625305175782
2024-10-17,175.75191229948084,175.99945020412798,173.4151538752711,173.9498291015625,5474000,173.559716796875
2024-10-18,175.05879431668984,175.2271182645288,172.8606567014767,172.96957397460938,5001300,173.34583740234376
2024-10-21,172.7319435936094,173.4250466918877,171.45465467739038,172.04873657226562,4198400,172.87848205566405
2024-10-22,173.722116730591,174.1181864847912,172.56364102802343,173.58349609375,5510100,173.12008666992188
2024-10-23,172.78145461299357,174.33599988079627,171.30612328640197,171.39524841308594,4830400,172.78937683105468
2024-10-24,171.6130851382364,173.22702199665522,171.20711935010357,172.6626434326172,3488000,172.5319396972656
2024-10-25,173.05869703865983,174.55382052941198,171.3952495873738,171.8111114501953,3674700,172.3002471923828
2024-10-28,172.33590645185106,172.45471982115708,170.44471307831176,170.72195434570312,4330000,172.0348907470703
2024-10-29,170.5932126427846,172.3061857901855,170.5932126427846,171.72198486328125,4122900,171.66258850097657
2024-10-30,172.2665763305337,174.42511474002958,171.08829347365244,172.8408660888672,5822500,171.95171203613282
2024-10-31,168.84065640180688,169.19711158497526,165.75137311150962,166.18704223632812,9477500,170.656591796875
2024-11-01,168.474290490268,170.57342217840636,167.43464338601086,168.3455810546875,5680600,169.96348571777344
2024-11-04,168.63271013814088,168.80103409069042,167.068268856869,167.9197998046875,4804400,169.4030548095703
2024-11-05,168.79116053378408,170.19717412664968,168.64264382304737,170.0882568359375,5456800,169.07630920410156
2024-11-06,176.76187964360457,180.3066244208844,175.6727067676052,179.45509338378906,11085000,170.39915466308594
2024-11-07,179.29666549184665,184.83160967872888,178.76197513143936,184.53456115722656,7759400,174.06865844726562
2024-11-08,184.42564107562552,188.28724157962273,184.42564107562552,187.38619995117188,8520400,177.8767822265625
2024-11-11,189.16846904832823,189.61403425333026,185.99007571675313,187.2673797607422,5973600,181.74629821777344
2024-11-12,186.6831854831676,188.7328066511931,185.35638589792754,187.71295166015625,6629900,185.2712371826172
2024-11-13,187.13866604246422,189.88139040479368,186.9307275435591,187.76246643066406,5695400,186.93271179199218
2024-11-14,186.8019998655534,187.72283357870967,184.8712073149725,185.20785522460938,7804300,187.06737060546874
2024-11-15,182.7027827599548,183.97017563602242,180.53434827571752,181.9304656982422,8986300,185.97622375488282
2024-11-18,182.4849540252398,184.3464288729179,181.0789404805567,183.90086364746094,6289400,185.30292053222655
2024-11-19,183.06913962062353,187.4555193262407,182.50476103144476,187.03964233398438,8117000,185.1682586669922
2024-11-20,189.01994614918786,189.0892640175847,185.97029232706382,188.87142944335938,4860200,185.39005126953126
2024-11-21,190.04970171540884,194.10931423580598,189.75265321183966,190.5348663330078,11394300,186.45545349121093
2024-11-22,191.09926981744127,192.28744878424044,189.17837318533356,190.39625549316406,6879400,188.14861145019532
2024-11-25,192.58449252859936,192.83203043673382,186.13861083984375,186.13861083984375,15138500,188.59616088867188
2024-11-26,186.46536418769074,190.5051695853648,186.46536418769074,188.4951629638672,6427200,188.88726501464845
2024-11-27,187.0990545377114,187.0990545377114,180.4254272592179,180.90069580078125,8368800,187.29311828613282
2024-11-29,182.19779514067622,184.09888444831694,182.1878990634881,183.01962280273438,4628000,185.79006958007812
2024-12-02,183.46517559977485,183.46517559977485,179.21743206217974,179.62339782714844,8859700,183.635498046875
2024-12-03,179.3956706819215,181.2373533756608,177.34606460014768,181.08883666992188,8917100,182.62554321289062
2024-12-04,186.14850817548054,187.92087296195794,184.06918368968886,186.33663940429688,8906300,182.19383850097657
2024-12-05,187.1584582309616,187.1584582309616,184.0196794959893,184.4058380126953,6398100,182.89486694335938
2024-12-06,185.1583562028103,190.73291475636836,184.54446702231724,189.8021697998047,10503400,184.25137634277343
2024-12-09,194.36678003450731,196.3569794950633,187.06935179543706,188.5743865966797,20158000,186.04157409667968
2024-12-10,171.75170016466691,176.04895440708563,169.37532730133054,175.9895477294922,26502000,185.02171630859374
2024-12-11,176.24699927431462,179.593716791889,173.1082202575636,176.8212890625,13188700,183.11864624023437
2024-12-12,176.24699828682412,176.41532225868295,173.08841202375956,173.59339904785156,8154200,180.95615844726564
2024-12-13,173.27653301373098,174.40530525302268,169.94962297552675,171.68238830566406,8351100,177.3322021484375
2024-12-16,172.12795169349775,172.55372474083302,169.24660689177625,169.5436553955078,9572000,173.52605590820312
2024-12-17,169.06840162594975,171.2863468579415,167.60298135029373,168.0386505126953,8940200,171.93587646484374
2024-12-18,167.74161288998573,169.5436812324849,163.731495249789,163.781005859375,8817900,169.32781982421875
2024-12-19,165.89992235234507,169.31594273673386,165.7513905304488,167.12770080566406,8386400,168.03468017578126
2024-12-20,166.0781200799082,169.5733539443525,163.99881082955957,167.98912048339844,13810500,167.29602661132813
2024-12-23,167.91979306867972,167.9494964056726,165.52362819733767,167.47422790527344,6518200,166.88214111328125
2024-12-24,168.02872738760934,170.07834849913823,167.36532761327553,169.72189331054688,2451500,167.21878967285156
2024-12-26,168.82085560499218,170.8506695005382,168.82085560499218,169.98922729492188,4100100,168.46043395996094
2024-12-27,168.70203396279086,169.46443981449156,165.55334402732095,167.2960205078125,4344300,168.4940979003906
2024-12-30,164.870135134503,166.25635641991656,162.92944648684383,165.26620483398438,5254800,167.94951477050782
2024-12-31,165.55333804785374,165.65235924740136,164.20673131998092,164.9988555908203,4307500,167.45444030761718
2025-01-02,166.8603498364905,167.02867379342513,163.2759908142193,164.39486694335938,5360800,166.3890350341797
2025-01-03,165.05826943060606,165.55334523280254,163.64235988841105,164.68202209472656,5876000,165.3275939941406
2025-01-06,165.66226836006317,166.39498601223772,163.56315171939414,164.0582275390625,6845400,164.68003540039064
2025-01-07,163.94930639532947,164.52359614564884,159.7312659501054,160.43426513671875,7712200,163.7136474609375
2025-01-08,160.58280338618937,162.3650795559313,159.8401895745066,161.53335571289062,7596200,163.02054748535156
2025-01-10,158.01957910325268,158.01957910325268,152.77872985222265,153.35443115234375,13593900,160.81246032714844
2025-01-13,152.60007421017215,153.00702268510744,151.28985430359936,152.7787322998047,8828500,158.43180236816406
2025-01-14,155.26020123150738,156.0840489032922,153.20555739831212,155.15101623535156,7410200,156.65036010742188
2025-01-15,157.49351602502108,157.96995275332193,156.09396704338366,157.1361846923828,10701200,155.9907440185547
2025-01-16,158.96253331652363,160.3025295599598,157.235444548846,158.3570556640625,9210600,155.35548400878906
2025-01-17,160.5705323874347,161.95022538440185,159.34964153189355,159.8360137939453,11618300,156.65180053710938
2025-01-21,162.65496138546393,172.084522496129,161.5432706063938,171.29046630859375,30232000,160.3541473388672
2025-01-22,190.0900051049716,190.56645695322385,179.23113465934694,182.85406494140625,48028500,165.89475708007814
2025-01-23,180.29321300298105,185.18666694286543,180.15425165161028,185.08740234375,17314600,171.48500061035156
2025-01-24,187.241301524005,187.69789745325096,180.52149440250318,182.23867797851562,12147200,176.26132507324218
2025-01-27,167.64765053954687,171.24081961232494,151.52807501577993,157.1063995361328,42201600,175.71540222167968
2025-01-28,161.7814908360029,164.60042958088198,155.58775283069147,162.78399658203125,20319300,174.01410827636718
2025-01-29,162.81378632351291,162.81378632351291,158.8235886675542,160.81869506835938,9866600,169.6070343017578
2025-01-30,163.55821512032074,170.21846957896668,162.88326434249825,169.11669921875,14981700,166.41289367675782
2025-01-31,169.14646792691266,171.71726026940027,167.87595992963497,168.79905700683594,8704600,163.72496948242187
2025-02-03,161.98992921135053,168.64024815532832,161.98992921135053,167.3498992919922,8250600,165.77366943359374
2025-02-04,169.13652519517404,169.13652519517404,165.11656693859254,166.6451416015625,6777000,166.5458984375
2025-02-05,167.7369909083174,170.6154821447027,167.27047461787816,170.38719177246094,7866700,168.4595977783203
2025-02-06,171.71727222263047,174.34761744408084,170.2978823868877,171.0720977783203,7036900,168.85067749023438
2025-02-07,173.70243228376904,176.07471061027564,171.89591971810577,173.16644287109375,9991300,169.72415466308593
2025-02-10,174.69502113349128,178.6554421218495,173.6230271408759,177.59336853027344,7625900,171.7728485107422
2025-02-11,176.3029945908863,177.79187252780918,175.1416716175644,175.87619018554688,6528800,173.61905822753906
2025-02-12,173.59325532841817,173.59325532841817,169.44425573798898,170.94305419921875,7454800,173.73023071289063
2025-02-13,171.71725313010984,173.08702566064568,170.82393243798174,172.5708770751953,6421700,174.0299865722656
2025-02-14,172.95798138210492,173.73219667247906,171.52865618582987,172.86865234375,7260900,173.97042846679688
2025-02-18,175.43945441173764,180.88875324307085,174.78434446893584,178.4668426513672,11430500,174.14512329101564
2025-02-19,177.25589933679012,180.33290493362998,174.39724858999358,180.17410278320312,8688500,175.00470581054688
2025-02-20,178.47675477537666,178.93335066315063,173.13664118215357,174.69500732421875,8737000,175.75509643554688
2025-02-21,174.81411618857112,175.5684907011528,166.30766814066882,166.56573486328125,9713900,174.55406799316407
2025-02-24,172.28304758530845,172.87858971177556,163.43910842456918,168.69981384277344,10639100,173.72030029296874
2025-02-25,168.03475266865965,169.335052086769,163.22072322593033,167.29031372070312,8316100,171.48499450683593
2025-02-26,169.71223503670498,172.5808060270419,167.87596126841981,171.19119262695312,6915100,169.68841247558595
2025-02-27,171.7172695212902,173.56347892081334,163.35970249848353,163.53836059570312,7436800,167.45708312988282
2025-02-28,161.90059635192623,164.9180491389353,159.6176470275596,164.82872009277344,12843300,167.10968017578125
2025-03-03,165.71213395188414,165.88087165693827,159.93529464445737,160.81869506835938,8081800,165.53345642089843
2025-03-04,158.03943827697228,158.57542769387643,152.38170489564934,156.3024139404297,13171900,163.33587646484375
2025-03-05,156.88802731716822,161.28518799405924,155.88552163435037,160.36207580566406,7141000,161.17005310058593
2025-03-06,155.99472911626432,155.99472911626432,148.61981152860056,149.8208465576172,12321200,158.42655029296876
2025-03-07,149.5031910592849,155.3197414460731,147.39891509776305,154.00953674316406,12646500,156.26271362304686
2025-03-10,149.4138715397429,151.3891218388872,145.71153242463117,147.686767578125,21486100,153.636328125
2025-03-11,142.356587251395,144.69908925313888,136.67899791065392,143.11094665527344,27200200,150.99803466796874
2025-03-12,145.1457581389456,151.10127051177176,143.93480274481888,149.77120971679688,15373900,148.8798614501953
2025-03-13,148.67936698464854,149.0565542999568,144.40132614454373,146.56517028808594,14187700,148.22872619628907
2025-03-14,147.81579710384727,149.7612709038838,146.7835150835509,148.1632080078125,9330000,147.05946044921876
2025-03-17,149.28483859802733,154.59517656394172,149.28483859802733,152.86807250976562,9885000,148.09572143554686
2025-03-18,151.24022048829153,151.28985278346303,147.52796108160254,148.3418731689453,9402500,149.14190673828125
2025-03-19,148.9473475949075,152.9276243384567,148.88779490025135,151.3196258544922,6909500,149.45158996582032
2025-03-20,150.45609971192118,153.34452691774987,149.70174024550246,151.587646484375,7051600,150.45608520507812
2025-03-21,150.525571228265,152.69933569744782,148.99699636237304,151.1012725830078,17620200,151.0436981201172
2025-03-24,155.18078128182867,155.4388631515723,152.8879116752121,153.7216796875,7848300,151.21441955566405
2025-03-25,153.36435181379517,154.4462813195716,151.9151857331386,152.7886505126953,8521200,152.10377502441406
2025-03-26,151.7563725855352,151.89533392782081,145.47330554272312,146.70411682128906,13210000,151.18067321777343
2025-03-27,144.76856966065708,145.94973342570853,143.84545747123934,144.69908142089844,9148300,149.80296020507814
2025-03-28,142.7139120640041,144.5700417133308,138.07854056810524,139.8254852294922,13144500,147.547802734375
2025-03-31,137.61203811511174,139.54757660001664,135.7459727318952,138.7733612060547,15509900,144.55813903808593
2025-04-01,138.7237141831785,142.18784228535677,137.73112889671873,140.88755798339844,9518500,142.17792053222655
2025-04-02,138.82297653625275,146.79343504661801,138.82297653625275,144.7784881591797,11594400,141.79279479980468
2025-04-03,138.21750521626439,140.35155758683723,135.62685693636695,136.2124786376953,14433800,140.09547424316406
2025-04-04,131.92451925496164,132.82777553617606,126.00870405054579,127.31892395019531,14986900,137.5941619873047
2025-04-07,117.978701237657,133.1156285860957,117.978701237657,126.2171630859375,19482700,135.08292236328126
2025-04-08,131.5572613030457,132.00393684634503,120.79763927960668,123.5768814086914,11950300,131.62078704833985
2025-04-09,122.48503470617193,139.54757186267764,122.48503470617193,138.6542510986328,17762000,130.39593963623048
2025-04-10,136.12403246183374,136.12403246183374,128.76247694232546,132.8367462158203,12401600,129.72079315185547
2025-04-11,131.60149448661676,132.48806816937196,128.34407682523374,131.840576171875,10190200,130.6251235961914
2025-04-14,136.27345486619865,136.27345486619865,132.35857367505682,134.12176513671875,8217700,132.20604400634767
2025-04-15,134.2413049200413,135.95468587687668,133.20531455547157,133.42446899414062,8630000,134.1755615234375
2025-04-16,131.770848512551,132.02984229158432,127.35789943097573,129.2605438232422,8295200,132.29682006835938
2025-04-17,130.3961620679948,130.79463159489916,127.94563907778047,128.12493896484375,8925500,131.35445861816407
2025-04-21,126.40159358883746,126.71039795169803,120.77333919459306,122.34725952148438,12201200,129.45579528808594
2025-04-22,124.02079267875519,127.49735734953317,122.91506452156881,126.750244140625,11233700,127.98149108886719
2025-04-23,134.39072556527944,135.34702194569863,130.485815745111,130.89422607421875,9528900,127.4754425048828
2025-04-24,131.9999580959684,137.3293718062739,131.49192657893408,136.980712890625,7305900,129.01947631835938
2025-04-25,136.96080397414963,138.4649864848055,136.23360281331736,137.9569549560547,5476400,130.98587951660156
2025-04-28,139.11248173194545,140.12856001279673,137.54853255853354,139.60060119628906,6985100,134.4365478515625
2025-04-29,139.2718689270396,140.6166788575364,139.0128751389693,140.2480926513672,4851500,137.13611755371093
2025-04-30,137.9469764317269,140.75612934834518,135.04818877954332,140.17835998535156,9443500,138.9929443359375
2025-05-01,145.99588155253466,148.06787736322175,144.78057617126572,144.9300079345703,11525800,140.58280334472656
2025-05-02,147.75906988784533,152.47085955040254,147.75906988784533,150.1498260498047,11346000,143.02137756347656
2025-05-05,148.8647943052445,150.23948742398065,147.94833729277258,148.71536254882812,5187400,144.84432983398438
2025-05-06,146.4142551208822,148.3667175741725,145.15911045808897,147.13148498535156,5108600,146.22100830078125
2025-05-07,146.9322618333512,149.3230179797694,146.6732680641739,148.79505920410156,6049600,147.94434814453126
2025-05-08,148.47629271476555,151.2256636902617,148.03798389257275,149.7214813232422,6113600,148.90264282226562
2025-05-09,149.4624889410834,151.21572442430065,149.21345119176803,149.76133728027344,4707100,148.82494506835937
2025-05-12,155.70835189663617,156.82403609184686,153.82562721718955,156.61485290527344,7875500,150.40484313964845
2025-05-13,157.61100193846264,162.59175660672386,156.96350991161148,161.64541625976562,11955200,153.30762939453126
2025-05-14,161.73507425050616,162.78103582294335,160.4400749322533,162.3227996826172,7499400,156.01317749023437
2025-05-15,160.73891577123783,161.11745799124287,158.2983490160712,158.7864532470703,10169200,157.826171875
2025-05-16,159.38414924766633,160.22091238320291,157.90985012314135,159.8722686767578,8515500,159.84835815429688
2025-05-19,157.69070453617388,161.34657684034707,157.22251235552494,159.02554321289062,10268900,160.33049621582032
2025-05-20,158.0194362806578,159.7427732359559,156.92366411251575,159.69296264648438,7576400,159.94000549316405
2025-05-21,157.74050692033381,160.2806796490965,155.8577822578076,156.5749969482422,6011000,158.79044494628906
2025-05-22,156.37576666446228,158.57726687863232,156.21639406981612,156.70449829101562,7603300,158.37405395507812
2025-05-23,154.39345094608825,156.77425125868092,153.66624976270143,155.3696746826172,6527500,157.47353515625
2025-05-27,158.70677688294603,161.77490843739847,158.3083073823269,161.28680419921875,6976800,157.92578735351563
2025-05-28,161.2469551969757,163.6875372720737,160.65922976340565,163.21934509277344,8090700,158.63106384277344
2025-05-29,164.3649027605764,164.68367835286662,160.86841848296277,162.27297973632812,6994700,159.77066040039062
2025-05-30,162.80094493519584,165.11202247032543,160.9281914567902,164.8928680419922,17547900,161.40833435058593
2025-06-02,163.53809223359426,166.35720111847093,161.97414321692904,165.92886352539062,7166000,163.52017211914062
2025-06-03,166.15797836450872,168.6782390044453,165.94877998093125,168.4889678955078,7155300,164.96060485839843
2025-06-04,169.05677596951472,169.82380121866686,166.92501365098119,167.45297241210938,6375800,165.8073303222656
2025-06-05,168.34949991668026,171.5969463365439,168.11041823176058,170.48126220703125,7707800,167.44898681640626
2025-06-06,173.3302619343553,174.11721448154944,171.99542333528828,173.35018920898438,6833700,169.14045104980468
2025-06-09,174.1869605971562,178.03210397971034,173.12107175481495,176.4681396484375,9668900,171.24830627441406
2025-06-10,177.0259853951873,177.16544591497188,173.60917986037978,176.79685974121094,11056700,172.90988464355468
2025-06-11,176.86660563672197,178.8589075527649,175.52179576337005,175.70111083984375,18002900,174.55951232910155
2025-06-12,189.2288404702175,201.71061061287196,188.15299562407563,199.09072875976562,54610000,180.28140563964843
2025-06-13,200.80411795500424,215.7663100485419,200.42557571560238,214.39161682128906,53707400,188.48969116210938
2025-06-16,212.37938350030575,214.34180212477386,209.1717761648836,210.2874755859375,22665300,195.25355834960936
2025-06-17,209.8491578692407,215.04906692268383,206.68139001826583,207.37869262695312,17819200,201.36992492675782
2025-06-18,210.2775040381844,213.89353691348185,208.76336551193813,210.058349609375,15055400,208.24137268066406
2025-06-20,212.52881772251567,212.9770826236296,203.8523359962615,204.3802947998047,20879100,209.29928588867188
2025-06-23,204.71896287196108,206.47219815731987,201.76039352797437,206.24307250976562,13418400,207.6695770263672
2025-06-24,209.18174565369856,215.53717844523277,207.74728583866343,214.44142150878906,19030600,208.5003662109375
2025-06-25,214.11269389498037,216.09502461549334,209.42081609506056,209.908935546875,11804600,209.00641479492188
2025-06-26,211.1840034093878,213.59468690731828,209.5503164438458,212.0008544921875,10531100,209.39491577148436
2025-06-27,212.86748844206443,213.82378479488213,209.15184983778025,209.43077087402344,14127500,210.40501098632814
2025-06-30,225.62820142829466,227.34158236375478,217.53946017488383,217.7884979248047,31844200,212.71409606933594
2025-07-01,218.4559056915047,222.31100499192453,215.47740888830324,218.11721801757812,16962200,213.44925537109376
2025-07-02,216.8421280666449,231.0073955673665,215.8858316818183,229.09478759765625,22326900,217.28642578125
2025-07-03,232.32233012429782,237.0739745007691,230.31010091161096,236.40655517578125,18441400,222.16756591796874
2025-07-07,234.20504884111057,234.34450936514278,228.61664144229658,231.3660125732422,16584300,226.5546142578125
2025-07-08,236.2172787027366,240.51068684823716,232.29244154325917,233.59739685058594,20401800,229.71639404296874
2025-07-09,234.60349543686792,235.5996463472704,231.1070112133756,234.90234375,10871600,233.07341918945312
2025-07-10,239.52434008885572,239.64412733135705,233.09549404712433,234.5928955078125,11486300,234.17304077148438
2025-07-11,230.96917784329386,233.59462659778504,229.47177639074397,230.16058349609375,10208200,232.92384643554686
2025-07-14,229.05251617775303,230.2404571543801,224.73001529456025,228.8828125,11337000,232.42720642089844
2025-07-15,232.0073929098921,235.19186921532196,228.80294698599664,234.552978515625,10728800,232.61832275390626
2025-07-16,235.0920330720495,240.9119353364929,232.78603722304194,240.88198852539062,12597500,233.8142517089844
2025-07-17,242.91844492625611,251.1641454174946,241.59074713135578,248.31907653808594,17631300,236.55948791503906
2025-07-18,248.0695149594882,249.24746349364034,244.57557812907288,245.02479553222656,9678100,239.53233032226564
2025-07-21,244.88504107831682,246.37246539869432,242.81863491053127,243.11810302734375,7348400,242.37938842773437
2025-07-22,241.56080068075931,241.87026121379984,235.00219016826722,237.697509765625,11380900,243.00829467773437
2025-07-23,239.5343228745851,242.99831288644742,238.2465642905613,241.48094177246094,7255800,243.12808532714843
2025-07-24,241.99006169546553,243.65716682243746,240.14326047289407,242.40933227539062,8237900,241.94613647460938
2025-07-25,241.92017546444401,245.04475804221545,241.01174825912278,244.6953582763672,7149600,241.8802490234375
2025-07-28,245.57383942254748,247.35075460303275,242.99830708364786,247.2808837890625,6756800,242.71280517578126
2025-07-29,248.269154696803,252.63159456561309,246.16280940380028,249.54693603515625,8415300,245.0826904296875
2025-07-30,248.20926700659982,250.6150956903345,245.17454006359685,250.16587829589844,8441400,246.819677734375
2025-07-31,255.3269185810407,260.4180744062891,252.88116590919395,253.33038330078125,15548700,249.00388793945314
2025-08-01,247.4006784411257,247.9796755175081,241.5807760981512,243.99658203125,12718200,248.8641326904297
2025-08-04,245.47400988041724,252.47187587952433,245.47400988041724,252.092529296875,8614800,249.8264617919922
2025-08-05,254.9675372005424,258.04218807435944,250.9345274742257,255.22708129882812,11197300,250.96249084472657
2025-08-06,256.3950569378679,256.3950569378679,251.28393149669674,255.9857635498047,9930200,252.1264678955078
2025-08-07,257.2635407435208,257.3134724035261,246.0929388308025,248.9579620361328,11954200,251.25198364257812
2025-08-08,249.5968669291825,250.45537774368046,247.43062789044657,249.61683654785156,8313300,252.37603454589845
2025-08-11,247.96967944845494,254.24879152952167,245.13460296356985,252.2422637939453,9012100,252.4059814453125
2025-08-12,252.14244567327302,257.4232748564674,250.64504419347222,253.42022705078125,9998400,252.04461059570312
2025-08-13,256.7245060712804,257.22363989845076,242.21966303994236,243.75698852539062,14182100,249.5988555908203
2025-08-14,244.52565210627603,248.48877580274322,242.1497855128036,244.53564453125,10285600,248.71439208984376
2025-08-15,246.49223945765132,250.1958190384285,242.50914616123305,247.84988403320312,11554000,248.36100158691406
2025-08-18,245.77349599035114,248.72837497995155,243.19796358767152,248.63853454589844,6759900,247.6402557373047
2025-08-19,248.81820707143626,248.81820707143626,231.8276877237054,234.2135467529297,16819300,243.79891967773438
2025-08-20,231.77777061122288,235.47137302156298,227.85458614380417,234.6527862548828,11256400,241.97807922363282
2025-08-21,232.64627820635917,235.51130147922225,232.02734190714688,232.75608825683594,7403100,239.62216796875
2025-08-22,233.65452962016002,238.08684053522543,231.05904280405326,235.9605255126953,9343600,237.24429626464843
2025-08-25,236.9388389942642,238.61592137843263,234.86244040027762,235.002197265625,6308600,234.51702880859375
2025-08-26,234.59290026240478,236.4995951500901,232.3068740216587,233.8042755126953,11805200,234.43517456054687
2025-08-27,234.5928949082842,236.12024317569438,232.27690667680804,235.4014892578125,5637600,234.5849151611328
2025-08-28,235.13195319112484,241.53085241841276,234.71268261026495,239.9036865234375,8691500,236.01443481445312
2025-08-29,237.1983742172916,237.80731808613245,222.72349345757624,225.73826599121094,16618600,233.96998291015626
2025-09-02,221.61541228427998,225.05943253682142,218.4109665125278,224.90969848632812,10461900,231.95148315429688
2025-09-03,225.5086493519874,225.5086493519874,221.36584482033246,223.06289672851562,8900800,229.80320739746094
2025-09-04,221.61542555462617,223.1827131279623,219.1796499717137,222.6136932373047,10303100,227.2456481933594
2025-09-05,232.14714634295024,234.21355246909891,225.4986801012698,232.39671325683594,15386100,225.74425354003907
2025-09-08,239.47442505065578,242.00004097709078,234.90235740292832,238.06686401367188,18803000,228.20997314453126
2025-09-09,239.52434148569586,243.06819467646235,234.15365667435356,241.09161376953125,41178700,231.44635620117188
2025-09-10,318.6370495878733,345.12108878692953,311.549343270081,327.7611999511719,131618100,252.38601684570312
2025-09-11,329.76772760713874,330.42658790343654,304.0723283750774,307.32666015625,69986000,269.3286102294922
2025-09-12,305.2602663784886,307.43648249515866,291.24458035665606,291.673828125,51781900,281.184033203125
2025-09-15,305.91913887554267,306.49812071818985,296.77500338594706,301.6166076660156,40004000,293.89398193359375
2025-09-16,313.51594149248206,319.41570706834005,301.7463571522288,306.1187744140625,51923300,306.8994140625
2025-09-17,307.15696735416293,308.1252881670491,294.51889559137754,300.8878479003906,27707900,301.5247436523438
2025-09-18,302.51503173878785,303.2936792731785,291.49414855111974,296.10614013671875,24673100,299.2806396484375
2025-09-19,298.48203574964276,310.57104270828063,296.8049533619783,308.12530517578125,40776200,302.57093505859376
2025-09-22,309.0936071501847,328.92917982716904,306.3883104380224,327.5815124511719,44437500,307.763916015625
2025-09-23,323.43871108712034,324.43697871393243,309.51286550720744,313.28631591796875,35280200,309.1974243164062
2025-09-24,311.31973255572484,311.92869165966863,299.51023974226314,307.9256286621094,33765300,310.60498046875
2025-09-25,294.7584636513029,298.232445870919,288.0501041523712,290.8252868652344,39274900,309.54880981445314
2025-09-26,292.49241480006765,293.49068242737167,282.5097385270278,282.96893310546875,25990700,304.5175354003906
2025-09-29,284.10698095015414,285.48459518959214,279.1256046314187,282.2701721191406,25778500,295.45526733398435
2025-09-30,283.19854496668523,283.50800549325106,275.4220316380015,280.7527770996094,23880800,288.9485595703125
2025-10-01,278.31700391078874,289.48762116188874,277.39861474861294,288.50933837890625,23378300,285.0653015136719
2025-10-02,291.2944813874909,294.459003169714,285.5544425319498,288.27972412109375,16215500,284.5561889648437
2025-10-03,289.0983151372111,294.1295925816364,283.50801025059525,285.6443176269531,13688400,285.0912658691406
2025-10-06,291.8735093827063,296.1660482242034,290.29622938682496,291.0848693847656,14076800,286.8542053222656
2025-10-07,292.7120436395696,292.7120436395696,270.53053507975545,283.7475891113281,31723400,287.4531677246094
2025-10-08,284.9255741653583,291.02497505714837,283.1087196791907,288.1300048828125,18982100,287.37730102539064
2025-10-09,291.54998779296875,300.9700012207031,287.260009765625,296.9599914550781,26479800,289.1133544921875
2025-10-10,300.2799987792969,307.7200012207031,292.010009765625,292.9599914550781,28895300,290.5764892578125
2025-10-13,298.70001220703125,310.70001220703125,297.739990234375,308.010009765625,21703700,293.9615173339844
2025-10-14,303.57000732421875,304.4200134277344,291.9800109863281,299.0,17346200,297.0119995117187
2025-10-15,304.8999938964844,311.010009765625,298.9200134277344,303.6199951171875,13698900,300.10999755859376
2025-10-16,305.6000061035156,322.5400085449219,303.07000732421875,313.0,32500900,303.3179992675781
2025-10-17,303.75,304.2799987792969,287.5,291.30999755859375,37653000,302.9880004882813
2025-10-20,288.95001220703125,289.239990234375,275.30999755859375,277.17999267578125,32810700,296.8219970703125
2025-10-21,278.1099853515625,280.29998779296875,272.260009765625,275.1499938964844,18370800,292.0519958496094
2025-10-22,274.82000732421875,277.20001220703125,269.25,272.6600036621094,16474000,285.85999755859376
2025-10-23,272.9599914550781,283.1000061035156,272.3900146484375,280.07000732421875,16872200,279.2739990234375
2025-10-24,285.9200134277344,287.19000244140625,282.25,283.3299865722656,13194900,277.67799682617186
2025-10-27,286.57000732421875,287.0,279.80999755859375,281.3999938964844,13855800,278.5219970703125
2025-10-28,283.0,285.4599914550781,280.5400085449219,280.8299865722656,12448500,279.6579956054687
2025-10-29,281.4599914550781,281.6199951171875,271.3500061035156,275.29998779296875,18007100,280.1859924316406
2025-10-30,268.739990234375,269.760009765625,256.2799987792969,256.8900146484375,27954200,275.54999389648435
2025-10-31,259.510009765625,265.80999755859375,256.7099914550781,262.6099853515625,16898700,271.40599365234374
2025-11-03,265.239990234375,265.6199951171875,255.22999572753906,257.8500061035156,15709200,266.69599609375
2025-11-04,249.97999572753906,255.27999877929688,245.19000244140625,248.1699981689453,19772600,260.16399841308595
2025-11-05,247.91000366210938,252.39999389648438,247.02999877929688,250.30999755859375,11991500,255.16600036621094
2025-11-06,247.94000244140625,249.07000732421875,239.2899932861328,243.8000030517578,18678300,252.547998046875
2025-11-07,239.0,240.39999389648438,232.35000610351562,239.25999450683594,20969300,247.87799987792968
2025-11-10,245.9499969482422,247.24000549316406,237.07000732421875,240.8300018310547,16698700,244.4739990234375
2025-11-11,236.22999572753906,237.4499969482422,228.88999938964844,236.14999389648438,20686600,242.06999816894532
2025-11-12,236.74000549316406,236.80999755859375,226.1699981689453,226.99000549316406,24195000,237.40599975585937
2025-11-13,224.99000549316406,225.16000366210938,215.22000122070312,217.57000732421875,30009000,232.16000061035157
2025-11-14,210.8300018310547,227.0500030517578,210.77000427246094,222.85000610351562,36053800,228.8780029296875
2025-11-17,218.2100067138672,222.8000030517578,215.55999755859375,219.86000061035156,16143800,224.6840026855469
2025-11-18,216.2100067138672,223.6999969482422,214.5,220.49000549316406,21098300,221.5520050048828
2025-11-19,219.05999755859375,228.14999389648438,217.30999755859375,225.52999877929688,21679500,221.26000366210937
2025-11-20,231.16000366210938,234.0,210.3000030517578,210.69000244140625,27459600,219.88400268554688
2025-11-21,207.0800018310547,208.30999755859375,193.5500030517578,198.75999450683594,44834100,215.06600036621094
2025-11-24,196.86000061035156,203.82000732421875,194.3000030517578,200.27999877929688,31144700,211.15
2025-11-25,194.0800018310547,199.41000366210938,185.6300048828125,197.02999877929688,29595000,206.45799865722657
2025-11-26,209.5,210.0,202.24000549316406,204.9600067138672,26544100,202.34400024414063
2025-11-28,199.50999450683594,202.33999633789062,197.61000061035156,201.9499969482422,13848500,200.59599914550782
