Date,Open,High,Low,Close,Volume,MA5
2021-01-08,141.17622461952521,141.44559623672538,138.76088149661928,140.64646911621094,6252400,137.28116455078126
2021-01-11,140.16161923092588,141.98434764103482,139.10209446252173,140.17059326171875,5147800,138.64776000976562
2021-01-12,140.64649484148157,140.85300718209018,138.24013900952167,138.6800994873047,4385700,139.01051330566406
2021-01-13,139.3445273856585,141.80475445082953,137.96175942711662,141.34683227539062,5479900,140.12928771972656
2021-01-14,143.1246750527247,146.5187222152227,142.31657380481994,144.4266357421875,10102400,141.0541259765625
2021-01-15,144.35483409931558,144.43564150169476,140.86201702140173,141.05056762695312,8607400,141.13494567871095
2021-01-19,142.7116365093009,147.34478458846422,142.27166240112274,147.04847717285156,8209000,142.5105224609375
2021-01-20,147.9014901276287,150.7927175148643,147.6500802418527,147.7937469482422,7943300,144.333251953125
2021-01-21,148.88021965630702,149.49079641378563,146.66241415781965,147.92845153808594,6295700,145.64957580566406
2021-01-22,147.25501220975585,147.49744807827975,145.0282329345186,145.83633422851562,5062300,145.9315155029297
2021-01-25,147.54233135137304,149.99358449321144,145.21676944674616,147.61415100097656,5370800,147.24423217773438
2021-01-26,147.4345875587775,147.83863820250383,144.4805144027041,145.95306396484375,6554200,147.0251495361328
2021-01-27,142.3075877581654,144.31886667675627,137.09978654245242,137.97972106933594,9854000,145.06234436035157
2021-01-28,140.32324617037528,142.73858964191854,137.47691626958778,139.66778564453125,8087400,143.41021118164062
2021-01-29,143.88787618998148,144.23805518462675,138.9494467419634,140.32322692871094,9502100,142.30758972167968
2021-02-01,141.3019575259954,145.81837549588062,140.5118179801151,145.0821075439453,8265100,141.80118103027343
2021-02-02,147.71293217719784,148.494111363577,144.83069239891108,147.9553680419922,6926500,142.20164184570314
2021-02-03,150.46948392740268,150.46948392740268,145.27964370828977,145.7285919189453,14156700,143.751416015625
2021-02-04,134.84606812722595,136.2827077767193,130.37454811191486,132.86172485351562,46141800,142.39020385742188
2021-02-05,133.65191148455065,133.69679535292295,129.85379908454013,130.94923400878906,24695400,140.5154052734375
2021-02-08,132.08057555935028,132.52952379211376,130.46435918123908,132.3319854736328,12181600,137.965380859375
2021-02-09,132.48460805697968,133.33760684206982,131.00307087158126,131.19163513183594,11681300,134.61263427734374
2021-02-10,132.54745680493178,132.66418771645456,129.62929362335154,130.6439208984375,11701300,131.5957000732422
2021-02-11,130.8953685532426,131.6047145575893,128.87510115228952,130.6978302001953,11600200,131.1629211425781
2021-02-12,130.70677724713562,135.94150087092248,130.0782388462896,132.87069702148438,9155200,131.54721374511718
2021-02-16,133.7865559246633,134.45100415483614,131.1467384679798,132.13442993164062,10211900,131.50770263671876
2021-02-17,130.93126049149453,131.89200252143502,128.77630089673605,129.9705047607422,11937200,131.2634765625
2021-02-18,128.88403186212827,129.92559488247386,128.36326405276606,129.2162628173828,8404400,130.97794494628906
2021-02-19,129.9974313195233,130.95818698200645,128.83915106651452,130.14109802246094,10012500,130.8665985107422
2021-02-22,127.7257593178339,129.40482115448359,124.8794294537588,125.22063446044922,12763900,129.33658599853516
2021-02-23,122.45511803063874,124.34069229040811,120.71319678531938,123.11955261230469,14425300,127.53361053466797
2021-02-24,122.47308210468734,126.76502645331695,121.29683983394095,126.69320678710938,13146200,126.8781509399414
2021-02-25,125.31039225539614,126.4507242726799,121.23394951052353,121.6918716430664,12701100,125.37327270507812
2021-02-26,122.79630921478629,124.0443846879913,120.9466447855139,122.28451538085938,11772600,123.80195617675781
2021-03-01,123.4607475624936,125.37327116353936,122.526941391105,125.24756622314453,9421400,123.80734252929688
2021-03-02,125.7054779656684,125.79527307311065,122.80527684597294,123.04769897460938,8693200,123.79297180175782
2021-03-03,122.33502316310766,122.85827292386537,118.6721784750486,118.78044891357422,14862700,122.21042022705078
2021-03-04,119.40293605352252,121.07195251249962,114.197379427901,115.29803466796875,15831100,120.93165283203125
2021-03-05,118.11282527070988,118.33836916568895,113.13281909811538,117.05728149414062,13292000,119.8862060546875
2021-03-08,116.38064647973411,117.07532551090591,110.95856947229935,111.14802551269531,15256100,117.06629791259766
2021-03-09,114.92815335511995,117.2106566056767,113.97184938656827,116.47989654541016,13130200,115.75273742675782
2021-03-10,117.88726262934561,118.27520522539471,115.15367215818222,115.36117553710938,12492300,115.06888275146484
2021-03-11,118.19399451291312,120.20585557186499,117.29181911051093,118.85259246826172,11920200,115.77979431152343
2021-03-12,117.19259481411193,117.58053744698927,115.13564260806955,117.2647705078125,9365700,115.82129211425782
2021-03-15,117.33697371382792,118.87066970778343,116.48892632163471,118.76241302490234,7807200,117.34416961669922
2021-03-16,119.89012657967794,122.19067733637863,119.34881566065124,120.57577514648438,10434700,118.16334533691406
2021-03-17,118.4646723979308,122.33501331871038,116.99412180742267,120.81935119628906,10781500,119.25498046875
2021-03-18,119.48413600669258,120.53066298326115,116.9760889958138,117.05728149414062,9579000,118.89591827392579
2021-03-19,117.09334771213848,119.5202019190239,116.53400332819497,118.20303344726562,17599900,119.08357086181641
2021-03-22,119.95326070032624,122.28989194464071,119.62847696924003,120.97270965576172,9036900,119.52563018798828
2021-03-23,120.89150543056049,121.20727233178353,118.55487441304379,119.55628967285156,7425700,119.32173309326171
2021-03-24,119.98033816081556,120.04348329452456,114.67554122054207,114.73869323730469,10962300,118.10560150146485
2021-03-25,114.26955876095668,115.15368694772233,112.22161640267618,114.82890319824219,10460800,117.65992584228516
2021-03-26,114.63043053707582,120.30512281978092,114.61239005346144,119.98033905029297,11071600,118.01538696289063
2021-03-29,119.5743419095491,120.29608510620866,117.07532553574075,118.4285888671875,9750100,117.50656280517578
2021-03-30,117.43617788552824,118.40151223471278,116.44379313995805,117.38204956054688,7097300,117.07171478271485
2021-03-31,118.14891663774944,120.45848385397584,117.79706872224787,119.61945343017578,8361300,118.04786682128906
2021-04-01,121.34257181869071,124.88811396373097,120.53061959548968,124.31072235107422,14069600,119.94423065185546
2021-04-05,125.43847320936962,126.75565547279248,124.70771327007486,126.60228729248047,12562800,121.26862030029297
2021-04-06,126.16924599042183,126.51206331079959,124.17543212876205,124.5543441772461,9100000,122.49377136230468
2021-04-07,124.7979290063913,126.25944879927313,123.95889869729294,125.79031372070312,6958500,124.17542419433593
2021-04-08,126.30456887341772,126.63836940028656,125.2309778354168,126.6113052368164,7304900,125.57379455566407
2021-04-09,126.21433225107553,126.91802795787058,125.2941232597922,126.81880187988281,6033200,126.07541046142578
2021-04-12,125.27609030283102,126.20532996522363,122.74097935400619,123.99500274658203,10355500,125.5539535522461
2021-04-13,124.84304161648262,125.19488948694277,122.47031580747165,123.86869049072266,9225200,125.41682281494141
2021-04-14,123.67023179184038,124.35588028589835,120.81033681739807,121.56816101074219,9967800,124.57239227294922
2021-04-15,122.69588847356977,124.49122297394513,122.30795955156897,124.35588836669922,11733200,124.12130889892578
2021-04-16,124.15741838649127,125.41144208871995,123.2823068353559,124.68971252441406,6583900,123.69549102783203
2021-04-19,123.5078254620512,123.64316005221363,120.97271440661893,122.01924133300781,8728900,123.30033874511719
2021-04-20,121.38771453755926,121.59521104507424,119.79987687002074,120.35020446777344,7473700,122.59664154052734
2021-04-21,119.82695213411218,123.02966402906314,119.53824937694306,122.86727905273438,7237900,122.85646514892578
2021-04-22,122.1275115542053,122.65980564218421,119.51120771380535,119.96229553222656,8345100,121.97774658203124
2021-04-23,120.65696781890317,122.79511955241769,120.47652168883036,122.18163299560547,7666600,121.47613067626953
2021-04-26,122.09140873874817,126.02489436216646,121.9019458318264,125.3663101196289,9715400,122.14554443359376
2021-04-27,125.14078074498723,125.74523673158726,123.58000708016364,124.50924682617188,9284500,122.97735290527343
2021-04-28,124.65359377141397,124.74381683262482,122.4703305979541,123.21012115478516,13118100,123.0459213256836
2021-04-29,130.82446746844155,131.08610607879893,126.9090290074549,128.72239685058594,20502100,124.79794158935547
2021-04-30,127.26989645752467,128.1901054985541,124.7347718970595,125.22195434570312,11374600,125.406005859375
2021-05-03,126.03393500272928,126.0880633389162,123.4807762724188,123.98599243164062,7920300,125.12994232177735
2021-05-04,122.69584995508373,122.69584995508373,119.46606048815718,120.999755859375,11996300,124.42804412841797
2021-05-05,122.76804631253485,123.10184684950634,120.9907594383085,121.4779281616211,6285500,124.08160552978515
2021-05-06,121.33360446991847,123.18305348382957,120.07958090483204,122.69588470458984,8352500,122.87630310058594
2021-05-07,123.54389293238383,125.1226997731693,122.95747070328731,124.36487579345703,6893700,122.70488739013672
2021-05-10,122.71392765902517,123.30935308643961,116.21826616145619,116.32652282714844,19537200,121.17299346923828
2021-05-11,112.99748780319074,115.98368667549244,112.56444051001233,115.81227111816406,11948000,120.1354965209961
2021-05-12,113.7011791939364,114.69357088504577,111.5810681076907,112.42911529541016,13529600,118.3257339477539
2021-05-13,114.6845607923186,115.91151323356914,113.55684133123441,114.675537109375,10633000,116.72166442871094
2021-05-14,116.04684727948101,118.56391104762439,115.30705670877892,117.41814422607422,9391100,115.33231811523437
2021-05-17,116.6422757437039,117.12945827036191,115.21684354543908,117.1023941040039,5917400,115.48749237060547
2021-05-18,117.86022131789505,118.40153219115615,116.19119093042947,116.2994613647461,8651100,115.58493041992188
2021-05-19,114.74771499587904,118.03163357855985,114.08010010638257,117.87826538085938,8112900,116.67476043701171
2021-05-20,118.66314304963366,120.24195018309457,118.59999792267021,119.66455841064453,9208400,117.67256469726563
2021-05-21,119.21346354367196,119.70966279493952,117.72487955597421,118.59999084472656,8674000,117.9089340209961
2021-05-24,118.4827333849553,120.89154079208853,118.4827333849553,119.90817260742188,8229300,118.47008972167968
2021-05-25,120.47649932427541,121.16216145261305,119.80889832492065,120.66596221923828,7271400,119.34338989257813
2021-05-26,120.77422953975405,121.36065187325165,119.28564547415552,120.0705337524414,6663300,119.78184356689454
2021-05-27,119.74576645287274,121.4689251947488,119.72773285203026,120.5667495727539,7379300,119.9622817993164
2021-05-28,121.02683710527647,122.37108354815207,120.84640475956098,121.3786849975586,7042200,120.51802062988281
2021-06-01,121.88392165054638,122.75903303058975,120.46749943699564,120.83739471435547,7059600,120.70386505126953
2021-06-02,120.76482483343442,122.17033510022436,120.12101946910707,121.34517669677734,6026000,120.83970794677734
2021-06-03,120.28425480092079,120.95527638696993,119.16892026414872,119.495361328125,6644000,120.72467346191407
2021-06-04,120.1754433277681,122.46053073001872,119.87620453872974,121.81671142578125,7416700,120.97466583251953
2021-06-07,121.2363742376487,121.29985542203232,120.2751905155996,120.89180755615234,5563300,120.87729034423828
2021-06-08,121.56281739556995,122.76883539250157,120.6016336569326,121.68976593017578,9657900,121.04776458740234
2021-06-09,122.50588804519512,122.73258286849389,120.41121625537718,120.50189971923828,6717200,120.87910919189453
2021-06-10,120.64697103508297,122.50587109622046,120.22078371933698,121.70790100097656,5522300,121.32161712646484
2021-06-11,121.32705072307762,122.0978046840652,121.19102555136111,122.07060241699219,6529900,121.37239532470703
2021-06-14,122.59652234933512,124.50982666015625,122.22473962552083,124.50982666015625,7912600,122.09599914550782
2021-06-15,124.35569728178542,124.57332926797989,122.62374571207947,122.94112396240234,5723600,122.34627075195313
2021-06-16,123.74816613091357,124.27409975957615,121.20011863624141,122.36985778808594,7404700,122.71986236572266
2021-06-17,121.78949360188257,123.88415102126034,121.59000110133702,122.73255157470703,6618300,122.92479248046875
2021-06-18,122.00710307189466,122.0343053318329,119.9124460385629,120.60159301757812,12753600,122.63099060058593
2021-06-21,120.64696512820441,122.50586509833012,120.29332182355427,121.47213745117188,6371400,122.02345275878906
2021-06-22,121.7079164556481,122.69630255326716,120.86460452766167,122.48774719238281,5976400,121.93277740478516
2021-06-23,122.3154358431704,123.53051655218493,122.24289185267457,122.88671112060547,6613800,122.03614807128906
2021-06-24,123.88418008622249,125.5979923620114,123.63935964421955,125.06299591064453,7941700,122.50223693847656
2021-06-25,125.54357184671494,126.46849046344505,124.20154256503433,124.81814575195312,7949200,123.34554748535156
2021-06-28,125.34406180184685,127.10321533890301,125.11736704369734,126.6951675415039,6645500,124.39015350341796
2021-06-29,126.61358342262827,129.62408315505712,126.26900290090325,129.32484436035156,6885400,125.75757293701172
2021-06-30,129.08002202317235,130.2406982686031,128.61755578533436,129.60594177246094,6449700,127.1014190673828
2021-07-01,129.58783493305555,129.6875812109332,127.26648210574449,127.67453002929688,6094100,127.62372589111328
2021-07-02,128.75357783538237,129.37924383288666,128.0825562762819,129.28857421875,5399100,128.51781158447267
2021-07-06,129.66940508555686,129.83261867428632,126.65889197638808,128.02813720703125,7095200,128.78440551757814
2021-07-07,128.98026748414708,129.08907655131475,126.09670267704152,126.921875,5034900,128.3038116455078
2021-07-08,124.88159596104681,125.92438620113899,122.9592290476184,125.39845275878906,7501100,127.46231384277344
2021-07-09,125.0357810929718,128.51780983782328,124.96323709791004,128.2457733154297,7356800,127.5765625
2021-07-12,128.21858232007523,129.68757413561656,128.037229234652,129.1888427734375,6786500,127.5566162109375
2021-07-13,129.1616086732191,129.36110116892988,127.32991113821548,128.01905822753906,5657600,127.55480041503907
2021-07-14,130.12280777640964,132.69805723676538,129.21602862814197,130.34950256347656,11305700,128.24032592773438
2021-07-15,130.68501721307408,130.70315667171593,127.60197338889746,128.2729949951172,6667400,128.815234375
2021-07-16,128.6447592435415,129.2250973716237,126.52289925989906,126.68612670898438,5914300,128.50330505371093
2021-07-19,125.42568661628478,125.95160629675536,124.05644137610145,125.85186004638672,9371300,127.83590850830078
2021-07-20,126.0604542506407,127.32993965644647,124.41010938674,126.54104614257812,6020400,127.5403060913086
2021-07-21,126.63169143665935,128.962120285168,126.63169143665935,128.91677856445312,6161900,127.2537612915039
2021-07-22,128.76262085230684,129.53338855392042,128.3092313422635,129.16160583496094,3862600,127.43148345947266
2021-07-23,130.07750477997337,131.47395283242994,128.78987966642816,131.37420654296875,6310400,128.36909942626954
2021-07-26,130.53086587465256,130.92078813392578,128.98028115772576,130.12281799316406,6253900,129.223291015625
2021-07-27,129.20696069497433,129.669413061169,125.32594720117051,127.79237365722656,7575800,129.4735565185547
2021-07-28,128.10067604182152,129.58779308130966,127.07601132149165,129.16160583496094,9303400,129.52252197265625
2021-07-29,132.84316776855553,137.39520373965036,132.7615609520848,136.91461181640625,19446900,131.0731231689453
2021-07-30,135.29143726614842,136.38864605146475,134.52974615236812,135.83551025390625,8404800,131.96538391113282
2021-08-02,136.01683592004625,138.08429071912312,134.39370776606017,134.9831085205078,10823800,132.93744201660155
2021-08-03,135.02848832663048,135.63602870477445,132.89755176150828,134.15797424316406,6223400,134.21056213378907
2021-08-04,134.22144845796714,135.29144117207096,133.59576865488722,134.40280151367188,5556400,135.25880126953126
2021-08-05,133.51416252041736,133.72271784369923,131.0930639320019,133.1423797607422,7169200,134.50435485839844
2021-08-06,132.50763490916043,134.4118627259511,132.31720520930583,132.64364624023438,5733300,133.86598205566406
2021-08-09,133.10611329925624,133.94942515408292,132.16306901486402,133.2239990234375,4966600,133.51416015625
2021-08-10,133.58670663818495,133.74992023838317,129.12534119051548,132.27186584472656,4197100,133.1369384765625
2021-08-11,132.44417944775617,133.10612444810093,130.93892252194973,133.00637817382812,6216000,132.85765380859374
2021-08-12,133.9857073498188,134.20333936771888,132.74342410898075,133.4325714111328,5777700,132.9156921386719
2021-08-13,133.29652845095882,135.39118596994342,133.23304727215267,134.7836456298828,5764000,133.34369201660155
2021-08-16,134.56604848690552,135.18266563285164,133.04266583754693,134.32122802734375,4410800,133.56313781738282
2021-08-17,133.2511647292386,133.29650644427852,130.1862612686928,130.9479522705078,7256800,133.29835510253906
2021-08-18,130.43111430782469,131.17467987902498,128.7445044746911,128.9258575439453,6546500,132.4822509765625
2021-08-19,127.53849286432232,128.26391901388294,126.00604759177115,127.50222778320312,8661000,131.29618225097656
2021-08-20,127.50222419475173,128.99840434407488,127.22112485584215,128.84425354003906,6141000,130.10830383300782
2021-08-23,129.352034404869,131.1293275470608,129.0800117411646,130.70314025878906,6936900,129.3846862792969
2021-08-24,131.1112190713092,132.01799839485878,130.431134578647,130.99334716796875,7066800,129.39376525878907
2021-08-25,130.99333852830733,131.8729016846928,130.09562207611452,130.4583282470703,5721600,129.70025939941405
2021-08-26,129.84169708391383,130.3585539582619,128.41804730435499,129.10720825195312,6825100,130.02125549316406
2021-08-27,128.94398149884904,131.4376239512529,128.69008446514871,131.34695434570312,6274500,130.52179565429688
2021-08-30,132.01794896947465,134.0763411374827,131.9907467068606,132.3353271484375,5263600,130.84823303222657
2021-08-31,133.11517288887862,133.77711774895636,131.08398275062336,133.0154266357422,7820500,131.25264892578124
2021-09-01,133.77158064075772,134.91945248885142,133.2067636366434,133.41629028320312,6451400,131.8442413330078
2021-09-02,133.64402077296967,133.81711341614928,131.64892371870448,132.2046356201172,6006700,132.46372680664064
2021-09-03,132.20463719440838,132.99721857520618,131.39384577785202,131.7582550048828,5505800,132.54598693847657
2021-09-07,131.80379890676426,131.87668075488637,130.38263762036095,130.95657348632812,6361200,132.27023620605468
2021-09-08,130.60131356130117,130.8381691972312,128.89774340492468,129.83607482910156,5981300,131.63436584472657
2021-09-09,129.79049729213904,130.76526251345484,128.86127106466307,128.97970581054688,6190800,130.7470489501953
2021-09-10,130.3917890176266,133.00636167909144,129.8542869914428,129.98182678222656,6263300,130.3024871826172
2021-09-13,131.2025472527811,131.8493510624639,129.3896477804536,130.64683532714844,4312800,130.0802032470703
2021-09-14,131.61244973581506,131.9221870553478,128.1050867504196,128.5788116455078,6442100,129.60465087890626
2021-09-15,128.27822690925387,128.45131956399868,125.28103556910881,125.93695831298828,11289100,128.8248275756836
2021-09-16,125.09882489454938,126.59286790015744,125.09882489454938,126.08269500732422,6719900,128.24542541503905
2021-09-17,125.54521926301135,125.71831191658833,121.29084037566814,121.70990753173828,14550500,126.5910415649414
2021-09-20,119.76945444948667,121.27260244516644,118.98599204002704,120.94464111328125,9647100,124.65060272216797
2021-09-21,121.70079226459976,121.99231966901252,119.59637920436514,120.02455139160156,6175300,122.93975067138672
2021-09-22,120.78978976558889,121.60970016347098,120.23407781509245,121.17240905761719,5163000,121.9868408203125
2021-09-23,121.84654588017264,123.13106233554775,121.36371581977613,121.9923095703125,5918900,121.16876373291015
2021-09-24,121.26350548083184,122.57535089549032,120.9810970181077,121.96498107910156,4554600,121.21977844238282
2021-09-27,120.64404585887122,122.11076033603351,120.27054542492588,121.60060119628906,4319500,121.35097045898438
2021-09-28,120.0245550958602,120.92645239270631,118.15699756847965,118.33919525146484,8851700,121.01389923095704
2021-09-29,118.96778670119446,119.7512492331213,117.41908557551353,117.77437591552734,7037200,120.33429260253907
2021-09-30,118.74915066941784,119.41417842989777,117.24598859338477,117.50106811523438,6976800,119.43604431152343
2021-10-01,118.24810086129254,118.44852247857816,115.21446154596966,117.25511169433594,6863700,118.49407043457032
2021-10-04,117.44639698487264,118.23896441707352,114.71339050054978,115.40575408935547,8470300,117.25510101318359
2021-10-05,114.90470267227795,117.30975482625823,114.50386643861046,116.18010711669922,9244300,116.82328338623047
2021-10-06,115.28734018337592,116.85426520167024,114.85005603509082,116.66294860839844,8513700,116.60099792480469
2021-10-07,117.7561305139143,119.08619974225736,116.23475862239745,116.46250915527344,8010600,116.3932861328125
2021-10-08,117.14578449478422,117.14578449478422,114.97760148454078,115.28734588623047,6920500,115.9997329711914
2021-10-11,114.84092799897392,115.90680578929415,113.76594519150186,113.82061004638672,6288200,115.68270416259766
2021-10-12,114.22146441544922,114.30345823560964,111.29714790378394,112.00772857666016,10531500,114.84822845458984
2021-10-13,114.05747701924439,115.07780202438461,112.5269929867318,113.9117202758789,12373800,114.29798278808593
2021-10-14,114.93203591926552,117.79258214756223,114.777160269661,117.20954132080078,10637900,114.4473892211914
2021-10-15,117.53751939213983,118.86757495159567,117.22776804882182,118.61249542236328,7609700,115.11241912841797
2021-10-18,117.81079836808847,118.67624758383948,116.82691443096066,118.53958892822266,5290000,116.05621490478515
2021-10-19,119.35951479563384,120.98109763570059,118.72181602158355,120.70779418945312,7330700,117.79622802734374
2021-10-20,120.70778579805797,121.17239189382656,119.57813811913523,120.3980484008789,4804100,119.09349365234375
2021-10-21,120.25228437427785,121.40014208447529,119.7056775213516,121.2088394165039,4579200,119.89335327148437
2021-10-22,121.0721790411286,121.7918785173325,119.73300478110365,119.90609741210938,5216200,120.15207366943359
2021-10-25,120.08831781128453,121.31816245243303,119.61459277058623,120.18851470947266,4876300,120.48185882568359
2021-10-26,121.07220921343779,121.88300076537176,119.40508711177915,120.1976547241211,5802200,120.37983093261718
2021-10-27,120.1976375665067,120.58025683856488,118.89489713709793,119.52349090576172,5090400,120.20491943359374
2021-10-28,120.24318442842016,121.91942512693319,120.13385471274998,121.79188537597656,5016700,120.32152862548828
2021-10-29,121.03574857221115,121.78276312141041,120.66223434721655,121.19972229003906,5251100,120.58025360107422
2021-11-01,120.65314671187916,122.86687562621935,120.65314671187916,122.81221771240234,6903000,121.10499420166016
2021-11-02,122.57536457414886,123.6503406361938,122.18362634929385,123.19483947753906,7321900,121.70443115234374
2021-11-03,123.66855402088608,126.49266652385255,123.02173631444721,126.15558624267578,13216000,123.03085021972656
2021-11-04,142.40788459033877,145.37774705031003,139.65665378337656,142.21656799316406,48321500,127.11578674316407
2021-11-05,143.09111076646653,153.5494112926585,142.03434496291132,148.5206756591797,27226600,132.5799774169922
2021-11-08,148.68466139193188,152.78417091181504,146.92642008054943,151.08970642089844,14541400,138.2354751586914
2021-11-09,151.69095694181271,154.43308220044463,149.7505318922462,151.90049743652344,12353900,143.9766067504883
2021-11-10,150.39735107820746,151.33568223973336,144.87667992568336,145.57815551757812,11327100,147.86112060546876
2021-11-11,147.40021092036397,150.8255754006708,147.02669654994884,149.7870330810547,7624200,149.37521362304688
2021-11-12,150.3153543158486,151.24458039838584,149.70498454520626,150.2606964111328,7371000,149.7232177734375
2021-11-15,151.68187569831986,154.81572568462195,151.05328191724524,153.5129852294922,12350200,150.20787353515624
2021-11-16,153.14857597881445,167.37842548394852,152.19202091625849,165.62930297851562,33338200,152.9536346435547
2021-11-17,164.70008147662014,169.7470414446185,162.73232729095363,167.20533752441406,21678900,157.27907104492186
2021-11-18,168.75407663083345,171.92436084733748,166.485675824615,169.7379608154297,15542600,161.26925659179688
2021-11-19,168.25297671060608,169.9929940230213,166.07568229115066,168.53538513183594,11889100,164.9241943359375
2021-11-22,164.99161381048583,171.96989420221712,164.8731790727784,165.25579833984375,16062800,167.27275695800782
2021-11-23,164.2901697322412,165.1920671139126,161.26564898800663,164.83677673339844,10696200,167.11425170898437
2021-11-24,163.5431176898864,164.6909754495561,161.54802066174432,164.62721252441406,7886200,166.59862670898437
2021-11-26,160.03575625409815,164.20814803594973,159.4800443510378,160.0995330810547,7835900,164.6709411621094
2021-11-29,163.50667951199813,167.68819039321053,163.06940232535834,167.38755798339844,10440500,164.44137573242188
2021-11-30,166.91383947841965,170.18433433967107,164.29014845394587,164.49057006835938,19309200,164.288330078125
2021-12-01,165.4141374623577,167.48078041265518,160.32068046482314,160.60415649414062,10637700,163.44180603027343
2021-12-02,157.3670184067169,162.67080832145945,156.5623153658178,161.88438415527344,13101400,162.89324035644532
2021-12-03,162.80794513268373,164.84716957662036,158.8484065859162,161.40884399414062,12111800,163.1551025390625
2021-12-06,161.7472096871313,161.83864591328637,157.53161315390892,160.43954467773438,8577500,161.7654998779297
2021-12-07,163.74986086786515,168.97133999939186,163.22861992177255,168.0020294189453,9910100,162.46779174804686
2021-12-08,167.3527748276436,168.0020376945822,165.31356394266916,167.0052947998047,4799400,163.74801940917968
2021-12-09,166.2188615203937,171.76954175826836,165.98109661853678,166.66693115234375,9398900,164.70452880859375
2021-12-10,169.67546919278695,169.67546919278695,165.65189815751552,168.14834594726562,6854800,166.05242919921875
2021-12-13,170.86425451133957,174.93353675004553,167.44422117131515,167.63626098632812,16346800,167.4917724609375
2021-12-14,165.69763706081565,168.16663883747094,164.06078461676373,166.41090393066406,8542800,167.17354736328124
2021-12-15,168.2306283002256,173.54355721917702,164.58198381154577,173.08633422851562,11082000,168.38975524902344
2021-12-16,174.01911427259273,176.19548673559197,161.04312049024983,162.90858459472656,14873000,167.6380859375
2021-12-17,160.69560824710433,164.7100260430152,160.04635933401084,161.674072265625,16232300,166.34323120117188
2021-12-20,159.378819907137,161.93013258456915,158.6198418503228,161.55520629882812,6306400,165.12702026367188
2021-12-21,164.03336111228222,164.73747462824872,159.31481544940056,164.21624755859375,7702400,164.6880889892578
2021-12-22,163.68584233762826,165.99025028194217,162.4330557188837,165.8622283935547,5227200,163.24326782226564
2021-12-23,165.9994100050466,167.99290988593938,165.8622486626338,167.10589599609375,4918900,164.08273010253907
2021-12-27,167.53568072362424,170.46190553335617,167.361933727316,170.3887481689453,4865900,165.82566528320314
2021-12-28,170.6264787128342,170.7545005968928,167.79170443629758,169.00791931152344,5399400,167.3162078857422
2021-12-29,168.87990491614622,171.3580600726903,168.77017584540383,170.26986694335938,5417200,168.5269317626953
2021-12-30,169.97720789546884,170.56245271174603,166.7126293437325,167.09669494628906,4108400,168.7738250732422
2021-12-31,167.62712049896484,169.30969805587443,166.97787155030576,167.22476196289062,4113300,168.79759826660157
2022-01-03,167.26131718121542,170.89166883006507,166.64864005036907,170.27899169921875,5990200,168.77564697265626
2022-01-04,171.00142751137807,172.76630185707378,165.52389013099278,171.2117462158203,8484200,169.21641235351564
2022-01-05,170.544189453125,177.01846920435213,168.92561602698333,170.544189453125,17141200,169.27127685546876
2022-01-06,168.7336236027628,172.34568344919882,167.34366141521969,170.04127502441406,9117700,169.86019287109374
2022-01-07,170.6356431629012,172.24506323157217,164.71002255096312,164.9752197265625,7386200,169.41028442382813
2022-01-10,163.0183197502944,164.60030768948567,158.89415866638075,164.30767822265625,11159300,168.2160217285156
2022-01-11,163.85958240595107,169.76689580375768,162.05812265392512,169.5382843017578,9591000,167.88132934570314
2022-01-12,170.63566164420058,173.25097825988937,169.3462891901005,170.47105407714844,7317500,167.8667022705078
2022-01-13,172.55595363436626,175.18956252181977,167.60879753379274,168.157470703125,10190900,167.48994140625
2022-01-14,167.16074249056086,173.82704812577538,166.43832228958507,172.5468292236328,9587300,169.00426330566407
2022-01-18,169.9680771231287,170.08695957069278,163.01829574923278,163.5578155517578,10471200,168.8542907714844
2022-01-19,165.12152648784595,165.70677138945518,157.53162164113883,157.71450805664062,10082700,166.48953552246093
2022-01-20,159.5982967900985,160.0189481884753,152.06325495518135,152.2552947998047,9468500,162.84638366699218
2022-01-21,152.01751612243825,157.321292040948,150.49039289587816,150.819580078125,11898700,159.3788055419922
2022-01-24,148.30484415978586,156.2056709192024,145.0311397901268,155.51983642578125,17489100,155.97340698242186
2022-01-25,151.95352261621747,155.74848269915742,147.40872390878224,151.2951202392578,10708500,153.52086791992187
2022-01-26,154.15735116974636,159.616596422253,149.8777354453986,152.7125244140625,10492200,152.52047119140624
2022-01-27,154.82486500037976,156.78177907149686,146.86918682166404,147.40870666503906,10743000,151.55115356445313
2022-01-28,148.14938345252938,152.657609245302,143.9155081889774,152.53872680664062,10320800,151.89498291015624
2022-01-31,152.7673741316386,160.89679998244486,151.61517698664522,160.72305297851562,11273500,152.9356262207031
2022-02-01,161.3448600836475,162.25015272499425,158.29975312334673,161.975830078125,9724600,155.07176818847657
2022-02-02,165.45988115623038,172.50111340321268,164.8380505465191,172.0987548828125,25646300,158.94901428222656
2022-02-03,165.33185351388002,175.66509697474874,162.12213885344124,163.7772979736328,36120200,162.2227325439453
2022-02-04,163.67668569544196,166.80408917160327,161.6831862677107,164.11561584472656,15708400,164.5381103515625
2022-02-07,164.29853169963653,165.19468498481208,159.51598242826597,160.11036682128906,10376300,164.4155731201172
2022-02-08,159.397070302209,163.95100719742587,159.0953014662201,163.31089782714844,10163900,164.68258666992188
2022-02-09,165.88051623193073,168.25808166285051,163.64012608741405,168.2123565673828,9666900,163.90530700683593
2022-02-10,164.05159691140412,166.42002251290958,158.61064633065695,159.1776123046875,14362200,162.98536987304686
2022-02-11,159.75373883328626,160.4670057105318,149.5576698919718,150.55441284179688,13572000,160.27312927246095
2022-02-14,151.20366643851898,153.48978166163937,148.5791966741056,151.0024871826172,8381700,158.45155334472656
2022-02-15,154.54137372143694,159.07703201273034,153.85553922267317,158.19915771484375,11100000,157.42920532226563
2022-02-16,156.07764063767,158.3912019148534,153.86468293457267,157.83338928222656,8340600,155.35341186523436
2022-02-17,155.34611306501566,156.15996956276825,152.43816711521313,152.5296173095703,8878900,154.02381286621093
2022-02-18,153.14230583057235,155.86735159252444,150.18864851921694,153.29776000976562,9591700,154.57248229980468
2022-02-22,150.0240410310857,155.41928197200056,149.60340359382164,151.69747924804688,9835500,154.71148071289062
2022-02-23,152.39241729956038,154.68768564422467,147.51843249505873,147.79275512695312,9749000,152.6302001953125
2022-02-24,143.46743929804612,153.9561365399451,142.46154306821913,153.608642578125,12567000,151.78525085449218
2022-02-25,153.27030547593984,156.45257387443976,151.43227390893392,156.30625915527344,7350200,152.54057922363282
2022-02-28,153.90125080147558,158.1900043897475,153.80980062833387,157.2755584716797,10638900,153.3361389160156
2022-03-01,156.33372718841437,157.13843034943477,147.88423934763864,149.68569946289062,10723300,152.93378295898438
2022-03-02,151.74257620469155,156.55426717509667,150.91614720365652,155.41561889648438,7299400,154.45835571289064
2022-03-03,156.71955123565002,156.86647630971618,151.0538844252203,151.83441162109375,8553900,154.10350952148437
2022-03-04,150.45702394723347,152.49556385802967,146.82070534616423,148.99697875976562,9057300,152.64165344238282
2022-03-07,149.05207916178603,149.82341476430852,137.7391009452723,137.8309326171875,13416100,148.7527282714844
2022-03-08,138.34516353603476,145.39739914509124,135.79239985354903,138.43698120117188,11878400,146.50298461914062
2022-03-09,143.25785192492182,145.52595705657325,141.56825553881092,144.2679443359375,9276800,144.27344970703126
2022-03-10,141.4488704395409,142.60588787565172,138.0421311281053,142.06411743164062,8888800,142.31939086914062
2022-03-11,145.0392757646506,145.37904175384926,139.5939965015758,139.88783264160156,7394400,140.4975616455078
2022-03-14,138.473727261332,138.9236660723562,128.98809180234878,129.74105834960938,16154200,138.87958679199218
2022-03-15,130.85214661557197,132.62438299857763,127.68415007876732,132.42237854003906,13893000,137.67666625976562
2022-03-16,134.9567849707655,139.17159849491514,131.83470399248,138.15232849121094,11727700,136.45354309082032
2022-03-17,136.99533033675945,140.43880832024306,134.59866909979294,140.33779907226562,8602900,136.1082794189453
2022-03-18,140.0531250187979,143.27621501165564,136.83002101439394,141.40296936035156,18454200,136.41130676269532
2022-03-21,141.4029986334851,144.81893024439086,140.31944350388318,142.87220764160156,8986400,139.03753662109375
2022-03-22,142.74361961251395,146.8666151014602,142.11920907692976,144.72706604003906,7220500,141.49847412109375
2022-03-23,143.349697076543,144.35978958249908,140.1082375049951,140.37452697753906,7245600,141.9429138183594
2022-03-24,141.68763094469193,145.59941654140718,141.03565967279945,145.50759887695312,9261000,142.97687377929688
2022-03-25,145.0576629638672,145.50761581015811,142.49570742770084,145.0576629638672,7198700,143.7078125
2022-03-28,143.70780742512238,145.54432892576293,141.45807138914714,145.4984130859375,9470800,144.2330535888672
2022-03-29,148.0328070304553,148.11544712700993,143.8455266549253,147.9042510986328,10212400,144.86849060058594
2022-03-30,146.36156027992755,147.16963411263725,139.38277393381404,140.24594116210938,14777800,144.8427734375
2022-03-31,140.39291477872402,142.4590018969997,138.68494886715413,140.32864379882812,13364200,143.806982421875
2022-04-01,139.52056257645125,140.37453848294118,130.90727090084695,134.9751739501953,19762100,141.7904846191406
2022-04-04,135.66386525098903,141.5315516183845,134.6721418353174,141.23770141601562,12116000,140.93834228515624
2022-04-05,139.40116856857068,139.5848179246307,133.39574915496692,133.57022094726562,15946100,138.0715362548828
2022-04-06,131.2194468044582,131.31127847794235,126.22412042786321,127.89534759521484,21054200,135.6014175415039
2022-04-07,128.36364172888526,129.92469594133823,125.72823831891276,127.84024047851562,10201200,133.1037368774414
2022-04-08,127.21583324133042,128.51977578628208,125.21403160895464,125.51705932617188,12992500,131.2121139526367
2022-04-11,123.31321549554654,126.36184755367664,122.76226751706629,124.29576110839844,11210400,127.82372589111328
2022-04-12,126.64654465660547,128.70345416564953,124.4243549071769,124.96612548828125,10591300,126.1029067993164
2022-04-13,126.29759710814034,130.9348174219361,125.32424280302287,129.01565551757812,10440800,126.32696838378907
2022-04-14,129.52070045026525,129.98900845680205,125.5078908605787,125.71910095214844,8002600,125.90274047851562
2022-04-18,124.5345148721415,128.87789818382265,124.47942147056358,127.93209075927734,8785700,126.38574676513672
2022-04-19,127.4821207479694,129.84204320338455,126.29755672779623,129.52066040039062,7213800,127.43072662353515
2022-04-20,131.50414689321963,132.9733558954447,128.6116167120172,128.8687286376953,7731600,128.21124725341798
2022-04-21,130.70522688732117,131.89896861983365,124.20393933990599,124.98446655273438,8576500,127.40500946044922
2022-04-22,125.00284079977456,126.10475090115496,121.80728329076014,121.95420837402344,8315100,126.65203094482422
2022-04-25,120.58601963830488,125.62726265759576,120.20952933299418,125.39769744873047,9673200,126.14515228271485
2022-04-26,123.98358235843847,125.20487095523549,121.78893951451484,122.58782196044922,9262800,124.75858459472656
2022-04-27,120.12686016120858,126.82097386729536,119.97993510030518,124.05701446533203,13855900,123.7962417602539
2022-04-28,131.19188847001752,138.8410010095566,127.75760276639848,136.07704162597656,31111100,126.01475677490234
2022-04-29,133.8916020752241,135.443465035101,128.1157479347404,128.2718505859375,13693100,127.27828521728516
2022-05-02,129.10747564662893,133.75387310899583,127.78517783678343,133.395751953125,13320900,128.87789611816407
2022-05-03,132.88149017492344,133.78138158946768,131.0908708956226,132.46826171875,7556800,130.8539840698242
2022-05-04,132.76214860166465,137.27999007180588,128.87790932754862,136.8667755126953,11038100,133.4159362792969
2022-05-05,134.96596334707343,134.96596334707343,127.80352657613972,130.0624542236328,14561400,132.21301879882813
2022-05-06,129.70432908164733,132.32137778632057,126.60979488212001,129.08909606933594,10080600,132.3764678955078
2022-05-09,126.7107905178161,128.65749858723527,123.10201892344607,123.8917236328125,11668100,130.4756622314453
2022-05-10,128.09738988376063,128.37287094388492,123.62546398226688,125.62726593017578,8841200,129.10746307373046
2022-05-11,123.99274103391944,126.98626586775127,121.10940300024512,121.48589324951172,11530900,126.03128662109376
2022-05-12,120.29216469255053,122.18377969701321,117.37209507092788,120.99922943115234,10749800,124.21864166259766
2022-05-13,123.31322313677204,124.87427753472863,121.66954265020064,123.90090942382812,9280700,123.18100433349609
2022-05-16,123.02857303035549,124.86509455526351,121.21042064392978,122.96430206298828,6378800,122.99552001953126
2022-05-17,126.03129204113637,128.5565091858586,125.52624580988241,128.2718505859375,9094100,123.5244369506836
2022-05-18,125.64562531612177,126.05883986845399,119.26371564118642,119.78711700439453,11992700,123.18468170166015
2022-05-19,119.78710753589658,122.48679628134178,118.89639352092871,119.89730834960938,8419500,122.96429748535157
2022-05-20,122.01848166125478,122.39495788516811,115.57228786906897,120.84310913085938,11370100,122.35273742675781
2022-05-23,119.32794831020173,121.60523041050966,117.67507661983986,121.32057189941406,10023400,122.02399139404297
2022-05-24,119.68611296730263,119.68611296730263,115.74678017998232,118.02406311035156,9157100,119.97443389892578
2022-05-25,117.3537217877992,121.27469895100126,116.8486755939248,120.50334930419922,9766000,120.11768035888672
2022-05-26,119.38307437340634,124.88346127827556,119.24534086632117,123.81827545166016,7932800,120.90187377929688
2022-05-27,124.97529682466818,128.68506418294513,124.97529682466818,128.33612060546875,9180800,122.40047607421874
2022-05-31,128.0973596925485,132.20198588749145,126.20574500990367,131.51329040527344,16007300,124.43901977539062
2022-06-01,131.58716824916004,132.84257775671588,127.54400846586964,129.25173950195312,8514300,126.68455505371094
2022-06-02,129.47326627492117,135.0026089711871,128.95633546174065,134.95645141601562,9589500,129.5751754760742
2022-06-03,131.24558370621074,132.40869191892585,129.7963325059289,130.3594207763672,7458900,130.88340454101564
2022-06-06,133.8025715059738,133.82103734352285,129.1594063765385,129.63941955566406,7238700,131.1440643310547
2022-06-07,128.43016899444265,131.2179048226267,127.83938895502469,130.9779052734375,6062800,131.0369873046875
2022-06-08,129.9255723665276,130.85789289503708,126.87935719557967,128.2732391357422,6773000,130.8412872314453
2022-06-09,127.17474417504093,129.63940501232975,126.17780033883892,126.1962661743164,7153200,129.08925018310546
2022-06-10,124.38699139516542,125.59624300962545,122.23617938989553,122.95619201660156,8544700,127.60860443115234
2022-06-13,120.54693158240875,121.2484925578889,116.8637857597128,118.76536560058594,12320900,125.43379364013671
2022-06-14,120.19615847746809,121.78386828929183,118.91305749976132,120.24230194091797,6794700,123.28667297363282
2022-06-15,121.54388217934914,123.03006526748261,118.34998228107486,120.9531021118164,7860000,121.82264556884766
2022-06-16,116.54993466820521,116.9099410250491,109.87595712468898,111.5282974243164,16422800,118.88905181884766
2022-06-17,112.08215744547925,113.38372436063726,109.25748990045201,111.68522644042969,17273400,116.63485870361328
2022-06-21,114.25141690397311,116.42069487393164,114.2052663990152,114.82373809814453,9208500,115.846533203125
2022-06-22,112.43294411344412,114.1499009232544,111.10368541097058,112.7652587890625,9081000,114.3511245727539
2022-06-23,113.30987405622055,113.47603138338593,109.13748912456765,110.85443878173828,7908900,112.33139190673828
2022-06-24,112.96833008209963,115.72838838476163,112.39601585902695,115.4791488647461,8128000,113.12156219482422
2022-06-27,116.49454169794814,120.03922176389008,115.79299483655542,117.39917755126953,9947300,114.26435241699218
2022-06-28,119.79921673388877,125.95625606022594,116.86377560769915,121.47925567626953,27081900,115.59545593261718
2022-06-29,120.07615630185828,121.4515724301588,117.1407149710673,120.21461486816406,9973300,117.0853271484375
2022-06-30,117.79610741005634,120.0853781701881,115.69145276060667,117.91610717773438,9277900,118.49766082763672
2022-07-01,116.0791556484201,117.01148324425894,112.70985866838457,114.0298843383789,7672800,118.20780792236329
2022-07-05,111.78678117343368,116.46687162410208,111.10369297931047,116.15302276611328,8113100,117.95857696533203
2022-07-06,116.36531170320741,118.36842544440307,115.44221703434452,117.28840637207031,6038400,117.12040710449219
2022-07-07,120.60231402548813,124.35009024917063,120.24230766454336,124.06391906738281,9408100,117.89026794433593
2022-07-08,122.3285108184189,125.90088271924353,121.49771715604334,125.55010223388672,8393200,119.41706695556641
2022-07-11,123.31621483716276,124.24854947792745,121.22080005640373,122.0700454711914,5887200,121.02509918212891
2022-07-12,123.45468602543437,124.94086900500565,121.81157864246822,122.72543334960938,5991300,122.33958129882812
2022-07-13,120.51000142156364,126.26087676765164,120.48230971071565,125.20854949951172,7200200,123.92360992431641
2022-07-14,124.56237637293482,131.40251012412014,123.55620672991583,130.9871063232422,10718700,125.30824737548828
2022-07-15,132.7040778545806,134.29180173204156,131.1071281016052,133.2671661376953,11880500,126.85166015625
2022-07-18,134.74411762044545,135.16873324152593,129.99018614459885,130.79327392578125,7856600,128.59630584716797
2022-07-19,133.05484656499067,137.05184761741668,132.16866960817202,136.03643798828125,9686500,131.25850677490234
2022-07-20,136.09185090073717,140.6150235826908,135.34414641419812,140.04270935058594,8517400,134.2253387451172
2022-07-21,141.12270202936475,143.92890331787885,139.0457392518618,143.87351989746094,8060400,136.80262145996093
2022-07-22,143.68895666425632,144.61205157164284,140.6335147744567,141.8796844482422,7200100,138.5251251220703
2022-07-25,141.04887411472666,142.19350253736226,140.00577258801493,141.46426391601562,4928900,140.6593231201172
2022-07-26,140.8827344661731,140.95658374596525,138.28884013670475,138.43653869628906,5941800,141.13934326171875
2022-07-27,139.8765218355051,142.8950450830719,138.97189308287457,141.6211700439453,12863000,141.4550354003906
2022-07-28,138.26113259549578,138.45498869342995,132.0025512237403,135.18722534179688,17051000,139.7177764892578
2022-07-29,133.47948288857523,134.1348721574477,129.85171383800608,133.9040985107422,11749400,138.1226593017578
2022-08-01,133.21179174140696,137.96573782043777,132.99025803159898,136.0918426513672,7611400,137.0481750488281
2022-08-02,134.48568209533906,137.9103558755782,133.70104589037726,135.72262573242188,5946400,136.5053924560547
2022-08-03,136.3041852767746,138.7780726474941,135.31646705280951,137.68882751464844,6890200,135.71892395019532
2022-08-04,137.24571773953934,139.53500281209634,136.35032880963487,139.3965301513672,6254700,136.56078491210937
2022-08-05,137.14419099987185,139.64576983409913,136.31339729045854,138.65806579589844,5041300,137.51157836914064
2022-08-08,138.28881637477136,139.56269158300574,135.2795326881985,136.442626953125,5553300,137.58173522949218
2022-08-09,134.3933655442101,135.23338517388714,130.44252101544274,131.55023193359375,6770800,136.74725646972655
2022-08-10,134.6333871743219,135.86109090848151,132.63949895238844,135.6857147216797,6840000,136.3466339111328
2022-08-11,136.90417159642206,139.9780786128051,135.7133856405853,136.46109008789062,6243200,135.7595458984375
2022-08-12,136.61803817087767,139.82117843589802,135.86109363087417,139.65501403808594,4967500,135.958935546875
2022-08-15,138.759575314261,140.95653069871324,136.9872214368728,140.4303741455078,4502900,136.75648498535156
2022-08-16,139.80270577820409,140.7627322657729,137.40266772989992,138.49191284179688,5270800,138.1448211669922
2022-08-17,136.83032280254315,138.12266382773413,135.10414022884692,137.1072540283203,5169600,138.42912902832032
2022-08-18,136.68262669837156,141.1504012641204,136.39645553544818,139.73806762695312,7808200,139.08452453613282
2022-08-19,137.80879746176228,138.81498135963346,135.60260175787118,136.248779296875,5400300,138.4032775878906
2022-08-22,134.1256425715024,134.59641572704695,130.24864823117423,130.71942138671875,6736800,136.46108703613282
2022-08-23,131.16252342379235,132.5656313211057,129.75018965012762,129.89788818359375,4499300,134.74228210449218
2022-08-24,129.46404193570123,130.81176650205066,127.95016707113103,130.44252014160156,5113100,133.40933532714843
2022-08-25,131.39330534473635,135.69493032602165,131.09792234457743,135.0026092529297,5618800,132.46224365234374
2022-08-26,134.91949768582882,136.02720828671008,127.4332006061575,127.73782348632812,7918600,130.7600524902344
2022-08-29,127.21168174315609,128.43017354057272,125.6424235284016,126.53782653808594,6852300,129.92373352050782
2022-08-30,127.20244863933651,127.66399597541154,122.71620796927506,124.07315826416016,6147400,128.7587875366211
2022-08-31,124.19382670281558,124.54657551012964,121.8824324941448,122.7828598022461,8701100,127.22685546875
2022-09-01,120.65711174345445,120.79636141267515,117.03684697322561,120.6014175415039,8716300,124.34661712646485
2022-09-02,122.19803698064237,123.15415844452953,118.41067586742503,119.26468658447266,6121400,122.65198974609375
2022-09-06,119.59887997327138,120.23011398180284,117.15752065332342,117.58452606201172,6674200,120.8613296508789
2022-09-07,118.32713642081593,120.47144797357271,117.30603601865421,119.37609100341797,5340100,119.92191619873047
2022-09-08,118.32715381896672,120.49003514336812,116.86976311051646,119.6081771850586,6618800,119.28697967529297
2022-09-09,121.30691327267839,123.09849054736775,120.963456216453,122.57865905761719,5097300,119.68242797851562
2022-09-12,123.46049499511719,124.59299089438527,122.82927520304946,123.46049499511719,7081300,120.52158966064454
2022-09-13,119.17188884524727,120.58285593430953,115.56089440336525,115.9693374633789,9610900,120.19855194091797
2022-09-14,117.21322274658839,118.7263147754668,116.4984544687924,118.38285064697266,7509300,119.99990386962891
2022-09-15,117.6123654848413,118.89338870944732,115.31953363003966,116.01573944091797,7459600,119.28141632080079
2022-09-16,115.2174221447983,116.7212221541376,114.22416881088503,115.98788452148438,13818500,117.96326141357422
2022-09-19,114.75327832360676,118.05793276136899,114.55834155890216,117.56594848632812,5922700,116.7843521118164
2022-09-20,116.7212127594751,117.47311978579691,115.00390665822526,115.82078552246094,5672700,116.75464172363282
2022-09-21,116.44274141600373,120.48072650238859,115.57016122559591,115.68155670166016,8123700,116.21438293457031
2022-09-22,115.80222082433609,116.18281669302047,113.68575651877013,114.80896759033203,8753000,115.97302856445313
2022-09-23,113.565083718811,113.88070068926457,110.51106725520023,112.49757385253906,10681300,115.27496643066407
2022-09-26,112.82247765567892,114.34484718916721,111.01233822642388,111.15158081054688,6424600,113.99209289550781
2022-09-27,112.8410378115484,113.88070772611206,110.23258892105878,111.70854187011719,5544400,113.16964416503906
2022-09-28,110.07478644886125,111.81065514515367,109.33216405283412,110.3996810913086,11321200,112.11326904296875
2022-09-29,108.86802690879793,109.04440132147745,105.32201877530248,106.60303497314453,12125800,110.47208251953126
2022-09-30,105.60050251665383,107.93975099459792,104.82074830255783,104.87644958496094,7568100,108.94785766601562
2022-10-03,106.74226952958028,109.83342493081392,105.51694762488022,108.81232452392578,7481700,108.48000640869141
2022-10-04,111.76423206991552,113.66719021961312,111.68996842291638,113.59293365478516,6637200,108.856884765625
2022-10-05,112.20980020775205,116.55412442307333,111.88490560362817,115.93218231201172,7070300,109.96338500976563
2022-10-06,115.57944419010026,118.08578216487084,115.47733344247459,116.2942123413086,6238600,111.90162048339843
2022-10-07,113.825019411105,115.2081464048026,111.68998527191167,112.2376708984375,8618500,113.37386474609374
2022-10-10,111.94061091595147,112.35833866174626,105.3127320048578,106.3802490234375,9512600,112.8874496459961
2022-10-11,103.96674047133475,104.42159297788864,100.85702241831407,102.1380386352539,10758800,110.59647064208984
2022-10-12,102.40722610733957,102.85280091192404,100.6063716003104,100.84772491455078,6987900,107.57957916259765
2022-10-13,97.82155693894178,106.9372115633917,97.15320529798953,104.76505279541016,10455000,105.27374725341797
2022-10-14,106.40810682186815,106.74228621923426,101.91526149621443,102.06378173828125,7989800,103.23896942138671
2022-10-17,105.74900910572808,106.2688475421368,102.67642336494735,103.58612823486328,7886400,102.68014526367188
2022-10-18,106.70514282023892,107.76337510311748,101.68318184021655,103.2333984375,8908900,102.89921722412109
2022-10-19,102.90849619801006,105.51694488538956,102.80638545175515,104.7557601928711,5620200,103.68082427978516
2022-10-20,105.05280756548945,107.7633669955237,103.70681257707535,103.94816589355469,7736400,103.51744689941407
2022-10-21,103.73467843986722,107.67056045314558,103.05703491869022,107.43849182128906,7490100,104.59238891601562
2022-10-24,107.99544568693447,108.62667259372778,106.04607076606965,108.03257751464844,6525700,105.48167877197265
2022-10-25,108.2089473692194,111.3372346712156,107.89333747019863,110.6224594116211,6205100,106.95949096679688
2022-10-26,109.57352509526378,112.07986346421269,107.82837154876526,109.63850402832031,7342300,107.93603973388672
2022-10-27,110.76169840976523,111.94988847949331,106.17602071987267,106.47306823730469,8937200,108.44102020263672
2022-10-28,105.98109510079051,110.88238319516948,104.27307346639817,110.65959930419922,9418700,109.08524169921876
2022-10-31,109.65704715858719,109.88911574765892,107.12286213193995,109.22076416015625,6870800,109.32287902832032
2022-11-01,111.15158173309537,111.97774543499774,108.37604308380733,108.91444396972656,5749100,108.98127593994141
2022-11-02,110.19544518285431,110.26970882918995,104.19879384358724,104.43086242675781,13936300,107.9397476196289
2022-11-03,96.89329069686859,98.86123520547036,94.61902098275726,96.42915344238281,24706100,105.93096466064453
2022-11-04,98.9633416284619,99.78950533864528,96.8468769739619,99.03760528564453,11977900,103.6065658569336
2022-11-07,99.77093591067484,102.37009998873185,98.63844000632051,102.1937255859375,7570800,102.20115814208984
2022-11-08,103.56756745029963,106.64943796449873,102.03591337848836,104.4679946899414,9383600,101.3118682861328
2022-11-09,103.4654752425269,105.36844080632531,102.36082631778977,102.50935363769531,9581300,100.92756652832031
2022-11-10,107.59628157179377,112.32119453761148,106.31525845687445,112.0241470336914,11673200,104.04656524658203
2022-11-11,110.45536801749397,113.39800322515313,110.45536801749397,112.7203598022461,9433800,106.78311614990234
2022-11-14,112.07985779781848,114.37269687745139,111.6342900171495,112.13555908203125,6971000,108.7714828491211
2022-11-15,116.63769073842391,118.93981458294051,114.56763551571787,116.98114776611328,12470200,111.27411346435547
2022-11-16,114.36341151351424,114.95750660588271,111.3558042231273,112.0705795288086,9561700,113.18635864257813
2022-11-17,110.41824908693037,114.2891591394576,110.19546518964648,114.04780578613281,7273700,113.59109039306641
2022-11-18,115.14316365744583,115.56088432718435,113.3701560580477,114.96678924560547,6436600,114.04037628173828
2022-11-21,112.40476180498231,113.71363231928395,111.48577198394098,111.57859802246094,8204200,113.92898406982422
2022-11-22,112.17267211904957,114.91108577566418,111.42077214130289,114.7811279296875,7010200,113.48898010253906
2022-11-23,114.679015913632,117.92797619146266,114.44694732235838,116.17353820800781,5481500,114.3095718383789
2022-11-25,115.90433685743824,116.36847403624196,114.54905714519194,114.59546661376953,3153800,114.41910400390626
2022-11-28,113.39801649680395,114.59548437136515,110.325423081121,110.96593475341797,7087500,113.61893310546876
2022-11-29,111.52289469526791,112.6646754139879,109.83343543654921,109.88912963867188,6277600,113.28103942871094
2022-11-30,110.93542446341361,118.26883846563486,110.30017290560372,118.16607666015625,12776700,113.9580291748047
2022-12-01,118.3809605200578,119.76356243060002,117.40939876077846,118.46503448486328,7924800,114.41632843017578
2022-12-02,115.56901307131005,117.54016083562038,115.01784263245855,117.39069366455078,6122200,114.97537384033203
2022-12-05,116.38177829763666,117.2132095878012,114.373261703908,115.1860122680664,6091600,115.81938934326172
2022-12-06,114.73758398920742,114.90573901432145,110.76726373871257,111.89763641357422,5968000,116.2210906982422
2022-12-07,110.7018784536306,112.40210955069452,110.01057757961405,110.43096160888672,5427100,114.67406768798828
2022-12-08,111.15028000502795,114.29850567591872,110.40292279626236,113.73799133300781,7347600,113.7286590576172
2022-12-09,112.48618607336752,113.41103517667553,111.02884010115169,111.21568298339844,6036000,112.49365692138672
2022-12-12,108.4224475650024,113.2709119748135,108.4224475650024,113.2335433959961,9008400,112.10316314697266
2022-12-13,118.62382582293604,119.52998701196448,113.80338670277632,115.36348724365234,9712700,112.79633331298828
2022-12-14,116.05480834763215,118.25016063904081,112.19658640287005,113.70063781738281,9444100,113.4502685546875
2022-12-15,112.33671672955379,112.58894572256902,108.4411333360605,108.96427917480469,10207800,112.49552612304687
2022-12-16,108.44112022124301,108.98295384717181,105.89077031114823,106.99311828613281,12733900,111.65101318359375
2022-12-19,106.50734982273423,107.5816732375089,104.17186723727939,105.19947814941406,7720200,110.04420013427735
2022-12-20,104.06910544664643,105.35828926814463,103.78884468542512,104.72303771972656,6260200,107.91611022949219
2022-12-21,105.33961870561764,107.39484072841762,105.27422547200112,107.04918670654297,5843800,106.58582000732422
2022-12-22,105.16210086380359,105.18078158691621,100.3136371371785,103.39647674560547,12051400,105.47225952148438
2022-12-23,102.48097236110766,103.62068899608974,101.08902674449001,103.54595184326172,5356700,104.78282623291015
2022-12-27,102.52769940366515,103.40584325561241,101.72429271514494,102.25678253173828,6158100,104.194287109375
2022-12-28,101.70559403326902,103.01345852571632,99.79049554067173,99.93062591552734,5395600,103.23580474853516
2022-12-29,101.21980980119181,103.37780047088054,100.99560547755958,102.61175537109375,6668600,102.34831848144532
2022-12-30,100.86482351025073,102.81728353965737,100.16417873135465,102.70518493652344,5642300,102.2100601196289
2023-01-03,104.0224030786387,104.3867378273263,100.08010694942637,100.14550018310547,8110400,101.52996978759765
2023-01-04,102.57440174110137,104.84449118196054,101.64954547189126,104.1905517578125,7614200,101.9167236328125
2023-01-05,102.69585058633216,103.62069978506064,101.94849323489164,102.20072937011719,7546000,102.37074432373046
2023-01-06,103.6580761509392,108.34772998517047,102.80796404896994,107.74983978271484,10259300,103.39836120605469
2023-01-09,109.04834747820298,111.02883199411835,106.06826965174139,107.06785583496094,10291800,104.2708953857422
2023-01-10,106.51668263316866,109.2725562572154,106.23642900980376,109.21650695800781,6384800,106.08509674072266
2023-01-11,109.71164049522811,110.70188290545182,107.59101815628426,110.59912109375,7374400,107.36681060791015
2023-01-12,111.39316425023458,114.32652951376267,109.90780089568074,113.58851623535156,9527600,109.64436798095703
2023-01-13,111.93501032175787,113.42971776769086,111.84159244276093,112.3273696899414,8040400,110.55987396240235
2023-01-17,111.8602657689511,113.33629239238805,111.18764568093796,112.36473083496094,6179500,111.61924896240234
2023-01-18,113.61657460463253,115.83060783077563,113.04671620724956,114.0089340209961,10960400,112.577734375
2023-01-19,113.09341036593354,113.13077894387817,109.69294817357299,109.84242248535156,8716200,112.42639465332032
2023-01-20,110.62714397530438,114.86838145795929,109.618213727837,114.81233215332031,8895000,112.67115783691406
2023-01-23,118.21279318226155,123.36953584712995,117.54017302438142,122.40731811523438,13419500,114.68714752197266
2023-01-24,121.95888342259215,124.21962848325887,121.5851977175323,122.09900665283203,7952400,116.63400268554688
2023-01-25,119.997117362317,122.88377101756308,119.29647244086945,122.53812408447266,6880300,118.33984069824218
2023-01-26,125.56490004214322,125.97594729359902,122.52877241757412,125.14451599121094,7413600,121.40025939941407
2023-01-27,122.83706269197191,126.01331370700808,122.77166232909488,124.6213607788086,6581900,123.36206512451172
2023-01-30,122.4260083944282,123.68716052445616,121.58522605308745,122.96784210205078,9854300,123.474169921875
2023-01-31,122.67824613545304,124.84556673978712,122.67824613545304,124.4438705444336,7125100,123.94314270019531
2023-02-01,123.94870995494195,130.730959686508,123.94870995494195,129.34835815429688,10500600,125.30518951416016
2023-02-02,129.34837005144692,130.0023023055687,125.92922022391221,126.91012573242188,17673200,125.65831146240234
2023-02-03,122.52877201246852,129.2923210215519,120.10921527308268,126.13475799560547,13187300,125.96099090576172
2023-02-06,123.56569451783581,126.00393847105849,123.18267202122318,124.1822509765625,6830500,126.20387268066406
2023-02-07,124.38779204721307,128.33943869418076,123.6217612008705,127.6387939453125,7664200,126.84285736083984
2023-02-08,126.40565555871373,127.31182393066005,123.08926747882657,123.4722900390625,7151700,125.66764373779297
2023-02-09,125.07912089272166,126.33093629870324,121.37037292877947,121.94023132324219,5717500,124.67366485595703
2023-02-10,120.78181053104957,121.38904455311294,119.22171700942432,120.5015640258789,5319200,123.54702606201172
2023-02-13,120.94063593385653,122.78098308864419,119.94104254953888,122.22981262207031,5550400,123.15653839111329
2023-02-14,120.69775283640952,124.13559106097797,119.91303400692823,123.63111877441406,5579900,122.3550033569336
2023-02-15,122.00561430127304,124.55595725848741,121.7253535439117,124.31307220458984,3501100,122.52315979003906
2023-02-16,122.1457368033635,123.86464853114278,121.39837953986907,121.59456634521484,5788400,122.45402679443359
2023-02-17,120.9780022909688,121.26759986126802,118.60515104326433,119.31513977050781,6022500,122.21674194335938
2023-02-21,117.20385888326376,119.22171928696699,115.41955386876126,115.55967712402344,8164400,120.88271484375
2023-02-22,116.13886684673587,116.74609368754616,114.83099529591212,115.793212890625,5517800,119.31513366699218
2023-02-23,118.27818707575778,118.85738935436292,115.53165712479432,117.8951644897461,6440200,118.03155212402343
2023-02-24,116.06414437484507,116.5032162556725,115.07390200690404,116.15756225585938,7357200,116.94415130615235
2023-02-27,118.17541178764344,118.26882966003393,114.94310493711043,115.298095703125,7787200,116.14074249267578
2023-02-28,115.4849523611728,116.86755414318347,114.83101292172222,115.40087127685547,6491800,116.10898132324219
2023-03-01,116.34076128381567,117.92919376518353,115.5888459713324,116.24677276611328,5530600,116.19969329833984
2023-03-02,114.81814173166497,116.79192951170499,113.59626934975849,116.34077453613281,5258900,115.8888153076172
2023-03-03,116.53813003364652,116.7449090586291,114.35756361077664,116.17156982421875,7052100,115.89161682128906
2023-03-06,116.81072354352808,117.64723363106641,114.69594940002591,115.05311584472656,7031300,115.84262084960938
2023-03-07,115.11890472210283,115.137699558687,111.1713221490004,112.0266342163086,8879700,115.1677734375
2023-03-08,112.3649963380372,114.43277252141299,112.17701212172554,113.91582489013672,7633900,114.70158386230469
2023-03-09,113.99101580238788,114.59255093821595,109.91185521437468,110.1750259399414,8055500,113.4684341430664
2023-03-10,110.47579126284614,111.12432423114547,107.64669167876583,108.26702880859375,6884500,111.88752593994141
2023-03-13,106.92298047598803,109.25392746769647,106.47182551292502,107.5527114868164,7673700,110.38744506835937
2023-03-14,109.41369511118718,110.02462399854038,107.07334038836613,109.54528045654297,8312100,109.89117431640625
2023-03-15,108.32340686262367,109.19751359962949,106.34021853641545,108.54898071289062,8596900,108.81780548095703
2023-03-16,109.96825384364534,113.56807105372268,108.94376671566414,113.26730346679688,11207800,109.43626098632812
2023-03-17,113.52106599215323,115.48545977168611,111.98903231404056,113.47407531738281,12304100,110.47767028808593
2023-03-20,113.51166069038909,114.6865350781258,112.609358021111,114.4985580444336,5945000,111.86683959960938
2023-03-21,115.59824981196559,117.5532427012405,114.80873758987276,116.35957336425781,6900600,113.22969818115234
2023-03-22,116.54755195081559,118.65292507498812,114.54556835768796,114.63955688476562,7072700,114.44781341552735
2023-03-23,116.49113669129876,119.36722662878046,114.76171802546584,116.68851470947266,7353800,115.1320556640625
2023-03-24,116.19978780399622,117.42166018217932,114.90272890583441,117.26187896728516,6987200,115.88961639404297
2023-03-27,118.18295406036323,118.48372159555689,115.90839912728227,116.17156982421875,4818000,116.22421875
2023-03-28,116.17159184049099,116.24678553125565,112.9853326957046,114.04741668701172,5272100,115.76178741455078
2023-03-29,116.00238355995138,118.38972892388746,115.84260238112257,117.57201385498047,6410100,116.34827880859375
2023-03-30,119.44244986552876,120.48573905613549,118.83151365567159,119.74321746826172,8156400,116.95921936035157
2023-03-31,119.03827718146542,120.278944277074,118.69991277622086,119.91238403320312,6222400,117.48932037353515
2023-04-03,119.35783881414118,119.90298226029823,116.1809809973666,117.2430648803711,6367800,117.70361938476563
2023-04-04,117.4216400339454,117.69421173833491,114.4891511320071,114.94970703125,6962700,117.88407745361329
2023-04-05,114.12260094051274,115.81442298848903,113.96281973899956,115.6452407836914,6920900,117.49872283935547
2023-04-06,114.98730599059633,116.40655630024678,113.77484189742529,115.6076431274414,5260600,116.6716079711914
2023-04-10,114.7523233606331,117.09267821436354,114.3669683050685,116.82010650634766,5243700,116.05315246582032
2023-04-11,117.72241836804058,117.72241836804058,115.76742558750796,116.14338684082031,5001400,115.83321685791016
2023-04-12,116.93290832565866,117.01749584449509,112.9289341708483,113.04171752929688,5288300,115.45161895751953
2023-04-13,112.83495049711459,114.34818943548447,111.96084357725414,113.85003662109375,6077100,115.092578125
2023-04-14,113.60565173909025,114.59254188197158,111.6224632799037,112.93832397460938,4833100,114.5587142944336
2023-04-17,111.97023293275231,112.63756076539997,111.06793020814995,112.20520782470703,6370200,113.63573455810547
2023-04-18,113.10751049439286,113.53987060574049,110.35361164605065,111.24651336669922,4829900,112.65635986328125
2023-04-19,110.20322389222048,111.55668155921953,109.45130137258444,111.41569519042969,4241900,112.3311553955078
2023-04-20,110.24081120458398,112.69394942850504,110.08103001350595,111.50967407226562,5125000,111.86308288574219
2023-04-21,110.78594566076058,111.08671318410131,109.5452787306221,110.68255615234375,4980700,111.41192932128907
2023-04-24,110.73897228888869,110.74837329287548,109.5640977708132,110.2972183227539,4097900,111.03033142089843
2023-04-25,109.72386617334922,109.81785468964856,106.84777598357788,107.19554138183594,7045200,110.22013702392579
2023-04-26,107.42111929522149,108.18243562800241,106.40602607093732,107.29893493652344,4671100,109.39678497314453
2023-04-27,107.03575978534771,107.4399168847723,105.40973755503025,107.07335662841797,6945700,108.509521484375
2023-04-28,108.18243985443699,109.87426196100613,106.89478202358713,109.7802734375,8652500,108.32906494140624
2023-05-01,110.16562516742944,110.51339058172228,108.56779880407584,108.87796020507812,6208500,108.04521331787109
2023-05-02,109.15053159109277,110.02463845487148,107.56210623605953,109.1317367553711,7081200,108.43245239257813
2023-05-03,109.64867532423082,109.79905551018663,105.83267860986581,106.04885864257812,11491700,108.18243713378907
2023-05-04,97.77775270111057,100.68204614823101,97.27960706829246,100.17449951171875,22117500,106.80266571044922
2023-05-05,101.70652137976377,102.70281252908217,99.4131643649482,102.24226379394531,10745600,105.29506378173828
2023-05-08,101.86630690043671,102.28926598489727,100.44706379516461,101.8005142211914,6694400,103.87957458496093
2023-05-09,100.56924943475612,100.97340651838456,98.97142310647487,99.41316986083984,7804100,101.93586120605468
2023-05-10,100.56925316711965,101.02040811220864,98.82103940755476,100.06170654296875,7980100,100.73843078613281
2023-05-11,99.90191774042583,100.10869677574586,97.4487794957002,97.80593872070312,10630500,100.26471862792968
2023-05-12,98.19130821161116,98.44507793771106,96.44309445578877,97.39239501953125,7635900,99.29474487304688
2023-05-15,97.52397351979155,100.0053076106516,96.70625837837883,99.89251708984375,7444900,98.91314544677735
2023-05-16,99.31918604288158,100.08050957231787,97.486384746,97.55217742919922,7027000,98.54094696044922
2023-05-17,97.92812357315353,99.11239168790202,97.35478434913537,98.51085662841797,9504700,98.23077697753907
2023-05-18,98.51086142825841,100.68203408614589,98.51086142825841,100.53164672851562,9142000,98.77591857910156
2023-05-19,100.52226704660043,100.68205544068948,99.17821022887873,99.4977798461914,5783200,99.19699554443359
2023-05-22,97.43938264163229,99.50716591200859,97.04462655968508,98.95262145996094,7912400,99.00901641845704
2023-05-23,97.81534933039906,99.29099138909207,97.25141101468886,97.33599853515625,7452500,98.96578063964844
2023-05-24,95.94495232137992,96.94124359680892,95.47500252416022,96.82845306396484,8193700,98.62929992675781
2023-05-25,95.80396953924414,97.85295101876247,95.37161657009908,97.76835632324219,11677400,98.07664184570312
2023-05-26,98.63305082861926,104.5920099147655,98.52026031282135,103.71790313720703,15969900,98.92066650390625
2023-05-30,107.61850899663466,109.676891507055,105.84209924712798,109.02835845947266,18291800,100.9358139038086
2023-05-31,107.47620962684381,107.89263966951356,105.62121423233869,107.3342514038086,14924000,102.93546447753906
2023-06-01,108.42262980740634,110.3154830217572,106.2931699412616,109.62459564208984,8616500,105.49469299316407
2023-06-02,110.95905643889421,111.11048816610264,108.54567285697274,109.42584991455078,7873400,107.82619171142578
2023-06-05,109.24603838490383,109.70978546358668,106.60550692596082,106.69068908691406,7769300,108.42074890136719
2023-06-06,106.54871386677785,110.53316919219193,106.22692505140547,110.12620544433594,7594500,108.64031829833985
2023-06-07,110.38173806235292,110.8833502543555,108.35638560034,109.0094223022461,7555400,108.97535247802735
2023-06-08,109.40692497079887,110.39120960433314,107.98728492216222,110.11674499511719,5793400,109.07378234863282
2023-06-09,111.19566049738421,114.37565448779068,111.09155299252801,112.72887420654297,13807000,109.73438720703125
2023-06-12,114.55547456043438,115.75743314467269,113.35350875553426,115.59654235839844,9675100,111.51555786132812
2023-06-13,117.62190479534581,118.68190525980464,116.17387315290078,117.76387023925781,8873200,113.0430908203125
2023-06-14,117.68814964879068,117.76386551192599,114.99083520538929,116.78904724121094,7324600,114.59901580810546
2023-06-15,115.0665406159601,118.00992773684492,114.55546941721538,116.98778533935547,8132600,115.97322387695313
2023-06-16,117.91527586675063,118.28438885007314,115.55867586960694,116.10760498046875,12905700,116.64897003173829
2023-06-20,115.407260089592,115.81422380998286,112.35029904284272,113.40083312988281,8667400,116.20982818603515
2023-06-21,112.25566408287067,112.64369524960965,109.47316745723187,109.558349609375,7925400,114.5687240600586
2023-06-22,109.79495668751734,110.4290608042786,108.75388882613902,110.1640625,7283000,113.24372711181641
2023-06-23,107.97781011965075,109.1040601133797,106.97460020832642,107.3531723022461,11958500,111.31680450439453
2023-06-26,108.4226263995273,111.30923034894707,108.1765606882725,110.38172912597656,9377000,110.1716293334961
2023-06-27,110.48584754749669,113.51441722700487,109.4542459420551,113.37245178222656,7308900,110.16595306396485
2023-06-28,110.75085028368649,111.77299286212188,110.33442744187643,111.24299621582031,6384800,110.50288238525391
2023-06-29,111.26191697522601,111.82031246507294,110.61834655102719,111.7351303100586,5138500,110.81709594726563
2023-06-30,113.19262478200078,113.43869773036475,112.03798312505701,112.66262817382812,6565100,111.87898712158203
2023-07-03,112.88031008932617,114.02549275819342,112.11370676779438,113.65637969970703,2662000,112.53391723632812
2023-07-05,112.64368797396388,112.67208683661877,110.82655067978418,110.85494232177734,6249200,112.03041534423828
2023-07-06,108.9904960697358,109.97477342784867,107.53299816774157,109.04727935791016,7544600,111.59127197265624
2023-07-07,109.18925105868784,111.42281864998243,108.61193019361052,109.72871398925781,6108400,111.18998870849609
2023-07-10,110.23031074833781,111.94334063797825,110.23031074833781,110.84548950195312,6037000,110.8265609741211
2023-07-11,111.48905611417598,111.55530568719851,108.734951248535,110.60887908935547,5784000,110.21706085205078
2023-07-12,111.2619066721517,112.84244455183504,110.82655131089999,112.32190704345703,8371300,110.51045379638671
2023-07-13,113.57119420285005,116.80797150467238,113.45762040920886,116.5240478515625,9823000,112.00580749511718
2023-07-14,116.41047911303805,116.58083620056655,114.64065866041763,115.99404907226562,7892200,113.25887451171874
2023-07-17,115.77637103892823,117.79225715543619,114.2904815230431,116.78904724121094,6125000,114.44758605957031
2023-07-18,115.76690574020843,116.62815744424289,114.7636958174098,116.2779769897461,7481200,115.58140563964844
2023-07-19,118.62510526062094,120.29081807990673,117.64082796173491,117.75439453125,8866700,116.66790313720703
2023-07-20,116.90262256319099,117.92476513001908,113.78888508086565,114.25263214111328,9148600,116.21361999511718
2023-07-21,115.39779892223996,119.87440004516944,114.8772613891102,118.038330078125,23704100,116.62247619628906
2023-07-24,118.0383328372432,118.87118568905642,116.57136864279641,117.45154571533203,5859300,116.75497589111328
2023-07-25,117.54618175259947,119.23082717915311,117.54618175259947,118.36957550048828,5592100,117.17329559326171
2023-07-26,116.59975444998322,118.53046558407651,115.78582699480678,117.37582397460938,5291800,117.09758148193359
2023-07-27,119.77975778872714,120.92493320006211,118.22761861793738,119.10779571533203,7917900,118.06861419677735
2023-07-28,121.42653561706028,122.95974208719011,120.72617473447903,122.5433120727539,11762200,118.96961059570313
2023-07-31,123.02599980998531,125.84634705452217,122.18368070763297,125.08920288085938,11029600,120.4971420288086
2023-08-01,124.852588976717,125.29741061135539,123.26259930157624,125.00402069091797,7128700,121.82403106689453
2023-08-02,123.2247591734312,124.53083270130024,121.92815915545027,122.34458923339844,13711100,122.81778411865234
2023-08-03,110.70351406350899,112.72886629105017,108.73494511802511,112.34082794189453,29239600,121.46439056396484
2023-08-04,111.45120347497472,115.46405041855549,111.45120347497472,114.99083709716797,12658700,119.95389556884766
2023-08-07,115.66279543903697,116.16440038832087,111.60262440521716,112.94654846191406,7706500,117.52536468505859
2023-08-08,110.73189954410381,111.56475225747617,109.74761512612133,111.3565444946289,8934600,114.79586944580078
2023-08-09,110.94959620907241,111.78244903800686,110.27762695245262,110.324951171875,5642500,112.39194183349609
2023-08-10,111.37548464549913,112.04744667750063,108.9053105959655,109.4163818359375,6224500,111.80705261230469
2023-08-11,108.01566748986038,109.27441662682145,107.62763633058896,108.46995544433594,5712500,110.50287628173828
2023-08-14,107.7790685294449,108.38478103154678,106.76639226305622,107.91156768798828,8537500,109.49588012695312
2023-08-15,107.26798669347502,107.4288847021512,105.43192401124327,105.6969223022461,6843600,108.36395568847657
2023-08-16,105.38461050713549,105.92407343171018,104.15426014230228,104.2489013671875,6426700,107.14874572753907
2023-08-17,104.28674757755256,105.17638365625764,103.78514264345398,104.1826400756836,6250500,106.10199737548828
2023-08-18,102.99015123538588,104.59907370634859,102.68729498600482,104.20157623291016,6384700,105.24832153320312
2023-08-21,103.95550138692978,105.01550185085468,103.16050645448291,104.75050354003906,6539800,104.61610870361328
2023-08-22,105.49817704145728,105.8483502714749,103.29300127230269,103.6053237915039,4587000,104.19778900146484
2023-08-23,103.4822936633514,105.55497048204015,103.0185465942888,105.2142562866211,6873900,104.39085998535157
2023-08-24,106.1512130592537,106.53924421832245,102.36550658302917,102.6967544555664,8698100,104.09368286132812
2023-08-25,103.05637701942395,104.59904955528988,101.98691771524632,104.4097671508789,6669900,104.13532104492188
2023-08-28,105.33728279597968,106.17960188695086,104.6937124232606,105.6969223022461,4316400,104.32460479736328
2023-08-29,104.59906497731406,107.88316644474254,104.59906497731406,107.68441772460938,6971400,105.14042358398437
2023-08-30,107.28410294075796,108.14191973574296,106.4358194634369,107.96082305908203,6490300,105.68973693847656
2023-08-31,107.16019089850263,109.76223377040938,107.16019089850263,109.16175842285156,7962500,106.9827377319336
2023-09-01,110.27692798135938,110.27692798135938,109.04739902316119,109.98146057128906,5310700,108.09707641601562
2023-09-05,109.5239524217615,111.57317199987627,109.5239524217615,111.08708190917969,7294800,109.17510833740235
2023-09-06,110.56286210601226,111.2491155170533,108.30394583996727,109.30473327636719,7411900,109.49917144775391
2023-09-07,105.41596939217699,105.51128075051918,101.09830014033975,101.41283416748047,17947800,108.1895736694336
2023-09-08,101.19360885389271,102.0514256001337,100.56454808784287,101.1650161743164,9819300,106.59022521972656
2023-09-11,106.05456436081845,106.59784710678902,103.71940333924802,105.11096954345703,18771700,105.61612701416016
2023-09-12,104.44378604826717,107.4556672678266,104.37706736760008,106.01644897460938,9250100,104.6020004272461
2023-09-13,106.35003051801736,108.27534599669677,106.30237120637398,107.36034393310547,8131500,104.21312255859375
2023-09-14,108.43737638774135,109.36191177114259,107.70347097976772,108.6947250366211,7138100,105.66950073242188
2023-09-15,108.62801982643953,109.7908373694014,107.18879423869238,107.83692169189453,12247400,107.0038818359375
2023-09-18,107.59862441730948,108.49456710657394,107.18877906709167,107.4651870727539,5065100,107.47472534179687
2023-09-19,106.94097531856856,107.07441267757237,104.75831825838178,105.53034973144531,5658800,107.37750549316407
2023-09-20,106.50253426883526,106.55972690094737,104.04346924172916,104.10065460205078,7073800,106.72556762695312
2023-09-21,102.91877061280093,104.45330009181578,102.79485931166404,102.89970397949219,7007200,105.56656341552734
2023-09-22,103.67174924639885,104.63441074715459,102.32784228994544,102.63284301757812,6965500,104.52574768066407
2023-09-25,101.83220309444803,105.30159608147252,101.70829905882908,105.25393676757812,6782500,104.0834976196289
2023-09-26,104.70112877659581,105.45410090895085,104.21503137028236,104.57722473144531,6559800,103.8928726196289
2023-09-27,105.53989325288147,105.61613798554754,102.39456715102965,104.07207489013672,7225000,103.8871566772461
2023-09-28,104.61535169963555,106.66457875327033,104.0625356066939,105.89253997802734,4851300,104.48572387695313
2023-09-29,106.63597304338333,106.96957370780748,105.45409619299987,105.85440826416016,4869300,105.13003692626953
2023-10-02,105.2253531567467,106.55020075314039,104.46284769946229,105.89253997802734,5751500,105.25775756835938
2023-10-03,105.61614239929348,106.99818276862324,104.2531686677706,105.02520751953125,7750700,105.34735412597657
2023-10-04,105.60660990196477,105.86395132230602,103.70035345804332,104.70113372802734,7189400,105.4731658935547
2023-10-05,104.55813902386673,105.28251834227193,103.84329302159291,104.65345764160156,5089700,105.22534942626953
2023-10-06,105.67332002357796,106.11175809753688,102.98549894632323,105.68284606933594,7930600,105.19103698730468
2023-10-09,105.14909013382906,106.731286246705,104.34846603222212,106.55972290039062,4714500,105.32447357177735
2023-10-10,106.27378308063695,107.69394191260875,105.2539363051742,107.04581451416016,6253000,105.72859497070313
2023-10-11,107.01723074092136,107.36035746699655,104.4437875671484,105.91160583496094,6378600,105.97068939208984
2023-10-12,106.7312874205472,106.95050281048808,105.1490912902701,106.23565673828125,5371700,106.28712921142578
2023-10-13,106.48347964488741,106.72176168588588,103.4525317925151,103.56690979003906,6035600,105.8639419555664
2023-10-16,103.97673755204424,105.87346764495724,103.84330020413348,105.33018493652344,6254700,105.61803436279297
2023-10-17,103.7098750519259,107.00769768570737,102.95690291628985,106.94097900390625,7334000,105.5970672607422
2023-10-18,105.85440481691198,106.85519223401168,104.87268403407931,105.77816009521484,7174500,105.57037811279297
2023-10-19,107.1220827345642,109.03787254062556,105.64473104801797,106.0641098022461,10511500,105.53606872558593
2023-10-20,106.29283909935555,106.37862440693195,103.53829956054688,103.53829956054688,7756500,105.5303466796875
2023-10-23,102.8806563484769,105.38738080193623,102.63284098973706,103.56690979003906,6679200,105.17769165039063
2023-10-24,104.17690964011737,105.15863047053153,103.35721884987453,104.26268768310547,8578600,104.64203338623047
2023-10-25,103.70987208072586,104.16737679410566,99.53517338521952,99.86876678466797,8571600,103.4601547241211
2023-10-26,99.84016379143769,101.47954521001978,99.43985175344625,100.66938781738281,8705200,102.38121032714844
2023-10-27,101.88938750881933,102.83298221915334,100.879066855698,101.47000885009766,7292000,101.9675521850586
2023-10-30,101.70830409500317,104.20550246783948,101.2031473385868,102.77581024169922,6634000,101.80933227539063
2023-10-31,103.22377812276659,104.09112092910671,101.68924127052824,103.88143157958984,6485500,101.7330810546875
2023-11-01,104.05300118695106,105.97832417390165,103.60502978092423,105.6923828125,12809900,102.8978042602539
2023-11-02,112.44052432958117,113.49849711370098,109.08550930930146,111.85911560058594,22106100,105.13574981689453
2023-11-03,112.42145871211528,114.47068562204598,111.85911661244083,113.9178695678711,10670100,107.62532196044921
2023-11-06,114.37537346213755,114.90912287798793,112.83130330255415,114.30865478515625,7756400,109.93189086914063
2023-11-07,114.23242129802283,115.40477226553294,113.58429378586106,115.0616455078125,7898400,112.16793365478516
2023-11-08,115.70976700330101,116.33882784521754,113.56522851495569,114.43257141113281,7681900,113.91597137451171
2023-11-09,115.44288263872158,116.69147817194798,114.23240583182174,114.47068786621094,9002700,114.43828582763672
2023-11-10,116.18632257208134,118.95992169848255,115.29991310451175,118.38804626464844,12191600,115.33232116699219
2023-11-13,118.18788491558723,118.71210828159025,116.88209679504631,118.04491424560547,7959200,116.07957305908204
2023-11-14,121.37132948384833,122.21008687077193,120.1703933064101,121.39039611816406,11255400,117.34532318115234
2023-11-15,121.92413788429147,123.6492973203693,121.58101120602993,122.87726593017578,7789100,119.03426208496094
2023-11-16,123.03930666879987,124.259309510301,122.29586789174702,122.66758728027344,11655700,120.67364196777343
2023-11-17,123.23948209338073,123.70650561457134,122.40072460352943,123.4015121459961,6543300,121.67633514404297
2023-11-20,123.37290956411177,124.02102972257201,122.9725974879602,123.43962097167969,7148600,122.75527648925781
2023-11-21,120.94242591896118,121.49524197083764,119.85586044970903,121.06632995605469,14641800,122.69046325683594
2023-11-22,121.89555361029491,123.4396164971349,121.19977416103232,121.52383422851562,6647400,122.4197769165039
2023-11-24,122.21962055501686,122.21962055501686,121.58102642954373,121.76212310791016,3708200,122.23868408203126
2023-11-27,121.30461531817903,122.97259683689424,120.84711788265389,122.19102478027344,8586400,121.99658660888672
2023-11-28,121.23789525239413,121.34273992845908,119.77961037667858,120.65648651123047,8817900,121.43995971679688
2023-11-29,123.96571154297303,125.2702104302779,122.41182122537911,122.68998718261719,10608300,121.76469116210937
2023-11-30,123.99447783601731,124.11916256582451,122.28711373068886,123.78345489501953,11731800,122.21661529541015
2023-12-01,123.79304452319793,124.9536707267985,123.26548715792495,124.3781509399414,8866500,122.73982086181641
2023-12-04,124.05203544238188,124.74265336308599,122.80508560577296,124.646728515625,7485000,123.23096160888672
2023-12-05,123.82181903328497,125.51000260194517,123.6875330345121,125.41407775878906,6231600,124.18247985839844
2023-12-06,126.59386386500704,126.74733774343322,124.3685511721258,124.65631103515625,6912400,124.57574462890625
2023-12-07,125.97042066310951,127.88880060534328,125.06877974848724,127.51471710205078,7815700,125.3219970703125
2023-12-08,125.86489762410413,128.502669802479,125.8265218325797,127.5434799194336,7678600,125.95506286621094
2023-12-11,129.02062284821727,131.02534077979004,128.5985916039619,130.54574584960938,11010700,127.1348663330078
2023-12-12,130.43063604988708,131.6296234023285,129.97022900465086,131.10206604003906,7380400,128.2724639892578
2023-12-13,130.8143213146237,133.31780750211334,130.52656142165597,133.13555908203125,7507700,129.96831359863282
2023-12-14,133.9029323931211,136.9339617271677,133.9029323931211,135.7253875732422,11468900,131.6104476928711
2023-12-15,136.25293721901068,137.63417310798604,135.61028169990522,137.2888641357422,25053500,133.5595245361328
2023-12-18,136.69413600855447,137.27924238432306,135.52392325701726,135.86923217773438,7832100,134.6242218017578
2023-12-19,136.23374066931558,137.576600678268,135.66782213954824,137.384765625,5658400,135.88076171875
2023-12-20,136.17619281558015,137.1449693565605,134.63189647365363,134.70863342285156,7264800,136.19537658691405
2023-12-21,136.01313319853554,136.86681163947804,135.23619170730518,136.62701416015625,8361600,136.37570190429688
2023-12-22,137.40394444307972,138.50700690355038,136.92434952355765,137.6341552734375,4659200,136.44476013183595
2023-12-26,138.28639486810727,140.08967641683782,138.08497320170872,139.5237579345703,4381200,137.17566528320313
2023-12-27,139.8978469483636,140.25274251305214,139.12089086738814,139.7731475830078,4470300,137.6533416748047
2023-12-28,140.2143580522475,140.895389250672,139.78272556911287,139.9074249267578,4928800,138.69309997558594
2023-12-29,139.47579751616414,139.6772191854508,137.92190002986163,138.72763061523438,4839300,139.11322326660155
2024-01-02,136.38720541207164,136.39679204146483,133.1163645517117,134.50718688964844,8495800,138.48782958984376
2024-01-03,133.22190684294756,133.22190684294756,131.3994515834476,131.98455810546875,8133300,136.97998962402343
2024-01-04,129.91266482849176,131.72553290887794,129.43306994335177,130.6128692626953,6770300,135.14793395996094
2024-01-05,130.60329380898088,132.4353499396324,130.3059472965237,131.1500244140625,6827300,133.39645385742188
2024-01-08,131.39941466286075,133.47125348681803,131.06369238177305,133.3561553955078,7729400,132.32215881347656
2024-01-09,131.92698890722568,135.19783038799272,131.54331875366773,134.18109130859375,5856900,132.25693969726564
2024-01-10,134.18108781279474,134.31537382664933,132.16678296889833,133.624755859375,5652500,132.58497924804686
2024-01-11,133.32738087268027,134.2386082463937,130.478586024155,133.3561553955078,7374900,133.13363647460938
2024-01-12,136.32005149753363,136.83802219259422,133.48085784814046,134.47840881347656,6546600,133.7993133544922
2024-01-16,134.28658238578615,135.46638183293143,132.34901474183283,135.36087036132812,7483000,134.20025634765625
2024-01-17,133.9220989198161,133.93170018660507,131.74474822602255,133.6343536376953,6584700,134.09090881347657
2024-01-18,137.30802155656934,139.70599618826685,136.52149348813188,139.36068725585938,12893000,135.23809509277345
2024-01-19,141.2502950457779,146.53544059875782,140.75152685114577,145.7584991455078,16193900,137.71856384277345
2024-01-22,146.5162495578175,148.26198210978012,145.67215780644432,146.63134765625,10456100,140.14915161132814
2024-01-23,146.63134719248168,147.46585231170465,145.23093821239698,147.2356414794922,6232300,142.52410583496095
2024-01-24,148.47300266716329,149.94057672369556,147.6193242158129,148.0701446533203,8331900,145.41126403808593
2024-01-25,151.168330398509,151.53281259906584,147.398706572913,148.1660614013672,7740900,147.1723388671875
2024-01-26,145.99827449747272,146.73684004782734,144.24295554420934,144.56907653808594,7744700,146.93445434570313
2024-01-29,144.26215164494732,145.06788226503713,142.36295978660732,143.53317260742188,10770700,146.3148193359375
2024-01-30,141.9600894538434,142.72744421594402,139.62926528069417,140.02252197265625,9132800,144.8721954345703
2024-01-31,139.40863477470825,144.03193639576554,138.44944502455436,142.4492645263672,21184200,143.74801940917968
2024-02-01,135.1210769960145,138.0370224982857,134.37291004231727,135.35128784179688,22810600,141.18506469726563
2024-02-02,134.91005756931884,136.33925583156199,133.57678415434236,135.90762329101562,10442700,139.45277404785156
2024-02-05,136.07067462071103,138.74680789998612,135.44720706387022,138.15211486816406,8032600,138.3765625
2024-02-06,138.60295420097424,138.9003007574876,136.61742388710314,138.2192840576172,7286300,138.0159149169922
2024-02-07,139.2360137111231,139.9937673157298,137.7684542895344,139.93621826171875,7361900,137.5133056640625
2024-02-08,140.85704178559564,142.5452107300154,140.319883150662,142.13275146484375,9448700,138.86959838867188
2024-02-09,142.91928211742677,147.13971143961876,142.29581459349217,144.83766174316406,11981500,140.65560607910157
2024-02-12,144.24297687826436,148.44421854305472,144.11827751201417,146.8519744873047,11806300,142.39557800292968
2024-02-13,143.8784784452306,145.07746576560754,142.35337008636932,143.91683959960938,8976300,143.53508911132812
2024-02-14,145.1350253954427,148.08933212454718,144.88564128361165,147.65769958496094,8715100,145.07938537597656
2024-02-15,148.67443888633727,150.7558792744168,148.18525729189247,149.61444091796875,9372400,146.57572326660156
2024-02-16,151.04362057977755,151.3217791848565,146.3723708877497,146.4586944580078,8429100,146.89992980957032
2024-02-20,145.69134882926355,146.6601253293779,143.75378119295894,145.7584991455078,8745500,146.68123474121094
2024-02-21,143.7154154355564,145.84481805053161,142.82336127389493,145.8064422607422,9760300,147.0591552734375
2024-02-22,148.45381924302373,149.16361037478669,146.10380700512252,148.43463134765625,11407500,147.21454162597655
2024-02-23,149.3458731317441,150.5064994176768,148.03178757636283,148.58811950683594,5953300,147.00927734375
2024-02-26,149.63361764970531,151.05321453956287,149.43218133991894,150.62158203125,6307600,147.84185485839845
2024-02-27,151.31221007216936,152.70303253072038,151.06282596164021,151.8397674560547,6021400,149.0581085205078
2024-02-28,150.39365735683123,150.91424431355975,149.39103944703595,150.24905395507812,5211000,149.946630859375
2024-02-29,151.23237336039293,152.51457734933174,150.56716834932388,152.1193084716797,8321400,150.68356628417968
2024-03-01,153.66184015263516,158.10616651943354,152.38928597396958,157.22886657714844,10405700,152.41171569824218
2024-03-04,159.18590613868253,161.798520523044,158.80028723882356,160.57415771484375,11865100,154.40223083496093
2024-03-05,158.80993417300743,159.63902810769417,154.47165503554817,155.64781188964844,9608800,155.1638397216797
2024-03-06,158.89669134039403,163.16747854803654,158.4242957079316,161.85635375976562,12230500,157.48529968261718
2024-03-07,163.5049137921831,171.20775941398398,163.3410103143244,169.40496826171875,14495100,160.942431640625
2024-03-08,168.53732700336167,169.16396142329285,164.41112808278803,164.4400634765625,11318000,162.38467102050782
2024-03-11,162.9264843256778,165.79938507830192,162.07810502540516,164.9702911376953,7256300,163.26389770507814
2024-03-12,166.69594400852827,167.65035585968323,164.44967805200065,166.85983276367188,7642200,165.5063018798828
2024-03-13,165.0666990703002,165.33663525715184,162.54086130315181,163.16749572753906,8730500,165.7685302734375
2024-03-14,163.5049049927257,163.84231783326777,160.71876667534207,162.39622497558594,8151000,164.36678161621094
2024-03-15,161.09474948676885,162.70473109564415,159.88967211092654,161.19114685058594,16414600,163.7169982910156
2024-03-18,164.76781572343535,165.2980526875543,160.37169600349725,160.92120361328125,6653700,162.9071807861328
2024-03-19,160.12104959556137,160.47776252872373,157.74946537936398,158.20257568359375,7404400,161.17572937011718
2024-03-20,158.20259313487486,162.12631814913948,157.94229225448447,161.644287109375,5995800,160.87108764648437
2024-03-21,164.6039440512514,166.70559205928546,163.53383468915186,164.70999145507812,8497500,161.3338409423828
2024-03-22,163.45671668792886,165.72225358448932,163.21570118550207,163.98695373535156,5645500,161.89300231933595
2024-03-25,161.84671191047082,162.70472638883274,160.96941207573647,161.49964904785156,5682500,162.00869140625
2024-03-26,162.01061829403042,163.33137849614116,160.9983502753651,161.0658416748047,5289900,162.5813446044922
2024-03-27,163.36029576586787,163.38921644776113,160.96942623004477,163.0518035888672,6309700,162.86284790039062
2024-03-28,163.02290402657044,163.78450659912164,161.94314449114015,163.21571350097656,5324000,162.56399230957032
2024-04-01,162.22271048621812,166.58990999782512,162.16486912215734,165.54872131347656,6679100,162.8763458251953
2024-04-02,164.3436502685635,165.2402208672992,163.19641413523345,164.89315795898438,7436300,163.55504760742187
2024-04-03,163.89053312844388,167.70822496096102,163.2446133807761,167.66001892089844,6943200,164.87388305664064
2024-04-04,168.71085474658824,169.6267107302716,163.32175154546923,163.65916442871094,9031200,164.99535522460937
2024-04-05,164.064050077841,166.0500299848679,163.61095451014842,165.36553955078125,5863300,165.42532043457032
2024-04-08,166.7152270254582,168.12276395410083,166.16571935983896,167.38043212890625,4812000,165.79166259765626
2024-04-09,168.97113919565325,169.6652649645746,167.1394126958373,169.26036071777344,5028500,166.66510314941405
2024-04-10,166.22355398804834,167.46720209899286,163.95801730901954,164.71961975097656,6177400,166.0770233154297
2024-04-11,165.50052067030092,169.3182126374082,164.3725699030784,168.836181640625,6262600,167.1124267578125
2024-04-12,166.08858184380125,167.1586911340574,164.81602779373333,165.1341552734375,8216700,167.06614990234374
2024-04-15,168.00705323489663,168.11310062082723,162.52153926437165,163.7362518310547,6570600,166.33731384277343
2024-04-16,163.4084958724424,163.47598726802138,161.43216598912875,162.5215606689453,6390100,164.98955383300782
2024-04-17,163.13855499247765,164.07369620713854,157.88442060862286,158.41465759277344,8082000,163.7285614013672
2024-04-18,156.52508824516804,158.2025612209055,154.11493353254252,155.63815307617188,9209400,161.08895568847657
2024-04-19,155.4935277883002,155.58993985652083,150.72142461970472,151.96507263183594,10292200,158.45513916015625
2024-04-22,152.3603394746063,155.83096827328788,151.51197498747553,154.42343139648438,7848700,156.5925750732422
2024-04-23,155.17543849725905,156.42870742991767,153.94142550423203,155.55142211914062,6616700,155.19854736328125
2024-04-24,157.98083140210494,159.96679672028424,156.1780402131512,157.7494659423828,6130500,155.0655090332031
2024-04-25,158.1833026701535,158.7135397388689,155.9177509721966,157.43133544921875,6230700,155.4241455078125
2024-04-26,157.04567694524698,160.53559101120646,156.66969339429306,159.7064971923828,7141300,156.97243041992186
2024-04-29,159.26303017877802,163.18676935117028,159.26303017877802,163.11927795410156,6623900,158.71159973144532
2024-04-30,163.1481983157545,163.15784834984134,159.8511082395665,159.88967895507812,6914200,159.57925109863282
2024-05-01,158.5978534594286,163.54349682346532,157.9037275588473,158.2122344970703,13113600,159.67180480957032
2024-05-02,169.16395193051252,175.16041845007058,168.99041312969803,173.6275634765625,25894800,162.91105041503906
2024-05-03,175.69066437707886,176.60652033604464,171.41022673850682,173.18409729003906,10043900,165.6065704345703
2024-05-06,175.37252337363833,175.84490434280372,173.91678032715708,175.31468200683594,6980100,168.0456512451172
2024-05-07,175.89311156617492,177.6862675011818,172.77919537891697,173.67576599121094,8011100,170.80286865234376
2024-05-08,170.37866243872816,174.29275155919723,170.27261503697278,174.06138610839844,6242600,173.9726989746094
2024-05-09,174.49521753494736,175.17970801001658,172.9912832070976,174.05174255371094,5513500,174.05753479003906
2024-05-10,175.45928074688285,176.95357976126144,174.72659893621795,175.53640747070312,4702500,174.5279968261719
2024-05-13,176.59686166264117,178.09116063333948,176.32692549237,177.58985900878906,6384800,174.9830322265625
2024-05-14,177.87907937554928,182.48729468957703,177.8598087265035,182.17880249023438,7713400,176.6836395263672
2024-05-15,183.18139819764292,189.033261051522,183.1717628742945,187.6160888671875,11349100,179.394580078125
2024-05-16,187.99207225119756,188.59943596118882,185.85185363642745,186.32424926757812,8173400,181.84908142089844
2024-05-17,185.9675603814881,188.416286184459,184.97457766379793,186.89306640625,5799700,184.12041320800782
2024-05-20,187.02801032591668,192.8027464559568,186.33388457467782,190.6528778076172,8879700,186.73301696777344
2024-05-21,188.96579500548953,194.72124655627545,188.72477949569253,193.63186645507812,11498800,189.02362976074218
2024-05-22,195.6370849609375,197.4784468207233,194.4512928782728,195.6370849609375,11170100,190.6278289794922
2024-05-23,198.48108537993977,200.47668603143677,192.25323850933236,194.50914001464844,14475100,192.26480712890626
2024-05-24,196.5626119279248,203.70631529042356,196.24446968432636,202.8000946044922,13809900,195.4462127685547
2024-05-28,209.42315306830739,209.6159624976159,203.70627331753988,205.42230224609375,12485400,198.40009765625
2024-05-29,201.15152679771103,203.08930079752417,199.27160887360895,200.77554321289062,12552500,199.8288330078125
2024-05-30,201.3466614284119,202.6728342313875,197.30037503387453,198.2490234375,12245300,200.351220703125
2024-05-31,201.3466733260443,202.36308977534063,192.3538404251591,197.5230255126953,15064900,200.95399780273436
2024-06-03,202.85677314508268,204.23134963763886,195.93548708502576,199.3235321044922,12419500,200.25868530273436
2024-06-04,199.32352697244076,199.63328339976474,195.20947241187181,197.83277893066406,6629100,198.74078063964845
2024-06-05,200.31089266161533,205.70273134492368,198.80079497364287,205.12191772460938,11626300,199.61005554199218
2024-06-06,205.12191920970736,205.4510548079772,202.1113986230465,202.74061584472656,7597200,200.5083740234375
2024-06-07,203.02132366985,203.08909165687623,198.33614518754885,200.01080322265625,5714400,201.00592956542968
2024-06-10,198.72334373393053,203.84413978248762,198.01669851676277,202.6534881591797,6465100,201.6719207763672
2024-06-11,200.52386417702093,202.75029677729358,198.229678355241,201.8500518798828,8197500,202.47537536621093
2024-06-12,205.70273333447153,208.72292873962763,204.1345572234411,208.5002899169922,9502800,203.1510498046875
2024-06-13,209.43924938846553,211.3752749828234,206.1964006096348,210.84286499023438,10102800,204.77149963378906
2024-06-14,210.6783223525499,211.0752111778295,206.81594564865966,208.4422149658203,6438200,206.45778198242186
2024-06-17,210.14587595303377,215.54738865462045,206.57390668499244,215.11178588867188,12109100,208.9494415283203
2024-06-18,219.56468171132383,223.25280830624894,218.7709040844424,219.82603454589844,22037500,212.54463806152344
2024-06-20,217.02846037030818,218.67407912736996,206.0318346975633,208.5777130126953,18701200,212.56012268066405
2024-06-21,204.98639173156164,208.57772583291833,202.71157044161703,205.7317657470703,22286500,211.53790283203125
2024-06-24,200.29152449769327,200.40768130272147,193.83488113579705,194.41567993164062,16087700,208.73259582519532
2024-06-25,196.6421444928823,196.65181930465386,192.7991320087629,195.7031707763672,11974900,204.8508728027344
2024-06-26,193.9026489713114,194.71577620923446,189.44010920294537,191.01797485351562,10023800,199.08926086425782
2024-06-27,190.5726674560897,192.21830096570102,187.63958997307572,188.90768432617188,11936600,195.15525512695314
2024-06-28,189.7305183453276,197.4165427273234,189.35299392516248,192.8087921142578,15547500,192.57066040039064
2024-07-01,193.08953744506172,194.25114998957258,189.8079742521984,193.63162231445312,6800600,192.41384887695312
2024-07-02,191.9085534026352,194.06721798859272,190.7856549172018,193.75746154785156,5632900,192.02470703125
2024-07-03,196.196835951093,198.30711162983334,194.02849663578257,197.2906951904297,4996200,193.2792510986328
2024-07-05,199.2654473281772,200.13665296848896,197.45525328868848,199.16864013671875,6375200,195.3314422607422
2024-07-08,200.61098616128368,203.70862429332445,199.5558409405683,201.2401885986328,6920400,197.0177215576172
2024-07-09,199.8752843932357,201.87907803516435,198.11350872877273,200.49481201171875,5272600,198.3903594970703
2024-07-10,202.06301534009552,202.54702178357218,199.95273956577088,202.12109375,5159400,200.0630859375
2024-07-11,203.30207153253417,203.40855354138748,193.37993939837287,193.45738220214844,8602200,199.29642333984376
2024-07-12,195.20945952460812,199.48807421265147,193.84455796847567,195.95481872558594,7217200,198.65365905761718
2024-07-15,196.50659027547914,202.54699521519308,196.3033010967747,201.52088928222656,7463700,198.70979919433594
2024-07-16,203.28270458761565,204.33783508074424,200.01081633000865,202.93421936035156,5998500,199.1976806640625
2024-07-17,193.3412021152412,193.6025697201605,184.4645260660563,185.4712677001953,16156200,195.86771545410156
2024-07-18,187.58153661827436,187.69769343843387,180.9700068079452,185.33575439453125,9960600,194.24338989257814
2024-07-19,185.55839930142682,186.91361148336009,179.8180749956771,180.25369262695312,9195700,191.10316467285156
2024-07-22,184.8904623686192,189.24652038253956,183.00284018339462,188.7334747314453,7590000,188.54568176269532
2024-07-23,187.98808523131908,189.9628396403915,186.00365601157495,187.165283203125,5796700,185.39189453125
2024-07-24,183.28354695524163,183.54491455694685,174.91024182609402,175.27809143066406,13295300,183.35325927734374
2024-07-25,173.87444441142637,174.47462235699368,167.72757234729934,169.77975463867188,12700100,180.24205932617187
2024-07-26,173.28398401978438,175.5007418337636,171.8900578503056,174.2907257080078,6567800,179.04946594238282
2024-07-29,175.69432905872557,176.79786309669603,172.16108812918694,172.92581176757812,6051600,175.88793334960937
2024-07-30,173.60342054040865,173.66149894795095,161.43550672706738,161.60006713867188,15338900,170.77489013671874
2024-07-31,169.96368706651097,175.28775739979008,167.86310108931974,175.1619110107422,19222200,170.75165405273438
2024-08-01,166.26587888099135,171.30923224010266,156.1695121225955,158.7541046142578,24795000,168.54652404785156
2024-08-02,155.38542864832235,159.00578729672165,152.49106487527175,154.21412658691406,16618900,164.5312042236328
2024-08-05,148.3673356744637,157.61186147191546,146.54746676507142,152.8976287841797,12733900,160.52556762695312
2024-08-06,153.35258332323977,158.39593642220208,151.4940005522082,153.6429901123047,9301000,158.93415222167968
2024-08-07,158.34752595666876,159.06386070251315,150.52598123634118,151.1261444091797,9266900,154.1269989013672
2024-08-08,155.59838049828983,160.29323364673692,152.8201737591204,159.6737060546875,9590900,154.31091918945313
2024-08-09,158.82187595581965,160.58365166833636,156.7987178663698,159.21875,4824600,155.3118438720703
2024-08-12,155.4241395122323,158.16361762694265,152.384579779884,157.6796112060547,8548000,156.26824035644532
2024-08-13,159.04450880870039,164.13625090935417,158.05713159943022,164.04913330078125,11102100,158.34946899414064
2024-08-14,165.18169937070311,165.78186256470735,159.45106551395477,161.80332946777344,7208200,160.4849060058594
2024-08-15,166.2561970676082,169.05375344636022,165.15266307528015,167.7953338623047,10752100,162.1092315673828
2024-08-16,166.77890630725,167.83405140586606,165.17201640547435,166.67242431640625,5435700,163.59996643066407
2024-08-19,166.08197093975863,168.7440062640403,163.34249281537703,168.6859130859375,6708100,165.8012268066406
2024-08-20,168.29869760851548,169.81846994798357,165.67537655218837,166.60467529296875,6222400,166.3123352050781
2024-08-21,167.45653470581743,169.2763886726658,166.57563953853875,168.64718627929688,6309500,167.6811065673828
2024-08-22,168.7246170060946,169.00533419072121,162.9939835795681,163.59414672851562,6743500,166.840869140625
2024-08-23,166.26589329594006,169.034410829213,165.17204874387866,167.9502410888672,6823600,167.0964324951172
2024-08-26,166.46916434032002,166.86605313792037,163.13919790614744,164.06849670410156,7437600,166.17294921875
2024-08-27,163.75871958076758,168.8601510472473,162.88751399045006,168.366455078125,6498800,166.52530517578126
2024-08-28,168.80208338294966,170.09921704063862,164.20402240337896,166.35301208496094,6534600,166.06647033691405
2024-08-29,167.87277996255932,170.71873999108365,163.52639712238474,164.06849670410156,12514200,166.16134033203124
2024-08-30,166.77892930612992,169.84754307341683,165.3365995966328,169.69265747070312,11110800,166.50982360839845
2024-09-03,166.39173837358763,166.65310599487216,156.81809129231115,158.0184326171875,11620300,165.29981079101563
2024-09-04,157.78607820330046,162.85847032925204,157.4279182125312,160.0415496826172,6737000,163.63482971191405
2024-09-05,158.67934327307023,161.32594618303497,157.48253856321517,159.28260803222656,5600000,162.2207489013672
2024-09-06,158.34854921720716,158.78640322667698,152.88993161998624,153.92132568359375,10703000,160.19131469726562
2024-09-09,156.74304360171527,157.9885020971804,154.29105554022627,156.4316864013672,7494900,157.53912048339845
2024-09-10,155.68246466072597,157.68687401770694,153.42506179656777,157.31712341308594,7918100,157.39885864257812
2024-09-11,157.97876830373283,162.39625133375415,154.9526900578581,162.0654296875,8275400,157.8036346435547
2024-09-12,161.40379893811703,161.82218843259344,158.50420236280658,160.528076171875,6039200,158.05272827148437
2024-09-13,161.33568485085772,163.75849859814133,160.97567389553626,163.20387268066406,4049900,159.90923767089845
2024-09-16,160.47940133319048,162.8243716968671,159.37016451941932,162.11407470703125,6510000,161.04571533203125
2024-09-17,164.32285558132645,164.92612041527423,161.59840932482294,164.147705078125,5828000,162.41183166503907
2024-09-18,164.94557915284798,167.7673179490937,163.1746839511632,163.7584991455078,5877600,162.7504455566406
2024-09-19,169.71331425453448,172.02909524779446,167.8354019914203,169.226806640625,10900000,164.4901916503906
2024-09-20,168.03002749218663,168.39977808575568,159.86642908943375,164.36175537109375,27546400,164.72176818847657
2024-09-23,163.87523778161017,165.39313929943847,160.88808848117327,161.48162841796875,9810000,164.59527893066405
2024-09-24,162.90223419080297,164.7898864157288,161.50108965902146,162.44491577148438,9666800,164.25472106933594
2024-09-25,161.79300304891538,164.04066629635508,161.28703087272243,163.72930908203125,5095500,164.24888305664064
2024-09-26,170.19012384047446,171.00745319716077,162.2795040425214,168.00083923339844,8475000,164.00368957519532
2024-09-27,168.3316576140575,168.7695115575192,165.24720069838065,165.5391082763672,5880700,164.23916015625
2024-09-30,166.7456304349529,167.5824242030186,163.22331973187963,165.4612579345703,8099700,165.03508605957032
2024-10-01,165.2180140104455,165.6947820431485,159.65236486535196,161.30648803710938,8277600,164.80740051269532
2024-10-02,161.6664976846038,165.1693589532065,160.6934823152182,163.7779541015625,4484600,164.81712951660157
2024-10-03,161.4718985194448,164.95529534375316,161.1897305933775,164.36175537109375,6260200,164.0893127441406
2024-10-04,167.89380005912506,168.1370538943753,161.98758981267196,164.34228515625,6586500,163.84994812011718
2024-10-07,163.11627309910384,164.16713133259967,161.26755009484503,162.43516540527344,4359300,163.2447296142578
2024-10-08,160.41132074794078,163.19414540854922,159.24370522781234,161.85137939453125,7843500,163.35370788574218
2024-10-09,161.4718837786817,165.70450621254955,160.22642540008383,165.6266632080078,5486500,163.72344970703125
2024-10-10,162.71735133412412,164.19633880975834,160.86862812485822,163.97254943847656,5048000,163.6456085205078
2024-10-11,163.4665764915718,165.83099663210487,162.3670644105473,165.3931427001953,3801400,163.85578002929688
2024-10-14,166.7164271037936,174.04323064886105,166.28829802409211,173.23562622070312,9933600,166.0158721923828
2024-10-15,172.43778529495674,174.97735600801084,168.08840539734643,169.39224243164062,12910400,167.5240447998047
2024-10-16,169.90794414926629,169.95659788860272,165.62668233432197,166.85267639160156,6495700,167.76924743652344
2024-10-17,170.88095958654648,170.88095958654648,166.40509766027955,166.48294067382812,6093200,168.27132568359374
2024-10-18,167.46567569844194,167.9229941094873,164.84826198115059,166.3077850341797,6432700,168.45425415039062
2024-10-21,165.06231469202024,165.57801161261352,161.58865779581578,164.44931030273438,7297700,166.69699096679688
2024-10-22,164.449332849338,168.79871301898604,163.69038199999352,168.50680541992188,7313000,166.51990356445313
2024-10-23,164.77043829678834,167.98139235948906,159.86644679609194,162.10438537597656,9788200,165.57024536132812
2024-10-24,162.1140903131978,164.38121789188918,161.0632319389308,163.5638885498047,4933400,164.98643493652344
2024-10-25,165.6850482946419,168.5067867973297,165.22772990429075,165.67532348632812,5496600,164.8599426269531
2024-10-28,164.8482471150573,168.47758995579034,164.79959338160336,167.57269287109375,5024600,165.484619140625
2024-10-29,167.55324059831963,171.80532778135967,166.63860379216862,171.25070190429688,6427700,166.0333984375
2024-10-30,165.3347860736626,167.10568134699602,163.00927970559624,163.0968475341797,8819700,166.2318908691406
2024-10-31,163.09684741812484,163.25253345574313,157.70634827717126,158.3777313232422,10261200,165.1946594238281
2024-11-01,158.67935088771682,161.59839704492936,158.37771849366405,160.8102569580078,6498100,164.22164611816407
2024-11-04,160.60589916786805,162.98005881811721,159.2242192568452,160.72265625,4949800,162.8516387939453
2024-11-05,160.54752067445853,163.06762667812075,159.81775921684735,161.43296813964844,5373200,160.88809204101562
2024-11-06,164.68286212411263,173.63460114313554,164.11851139102365,168.3219451904297,17661900,161.93311157226563
2024-11-07,175.40547281315924,177.18609259913288,166.99862118987892,168.24407958984375,23586300,163.90638122558593
2024-11-08,167.44621622826457,168.8084466932777,164.19634836320898,166.29806518554688,10736600,165.00394287109376
2024-11-11,165.41262699526425,166.18130267036923,161.60813301108413,163.74876403808594,7829500,165.60916442871093
2024-11-12,162.5422021996416,162.814645284758,157.49225062324857,159.00042724609375,8483300,165.12265625
2024-11-13,158.39716718798215,158.54312840321364,155.4392069652825,156.09112548828125,7921700,162.6764923095703
2024-11-14,158.55285401245877,160.45997069970812,157.50199561504013,159.5453338623047,7012600,160.9367431640625
2024-11-15,158.60151439440955,159.89562669227834,155.29326788573366,156.16897583007812,9737000,158.91092529296876
2024-11-18,158.2122967310765,160.68374910743591,157.62848160114694,160.06101989746094,7814200,158.17337646484376
2024-11-19,159.60369224315787,161.74432285021882,158.2609264305042,160.26535034179688,6176800,158.42636108398438
2024-11-20,159.5745216309921,159.76912173674458,148.82269875900883,150.10708618164062,14483000,157.22955322265625
2024-11-21,150.97306130532746,152.70502739508993,149.44542011936005,151.2649688720703,10685800,155.57348022460937
2024-11-22,150.6130361161033,152.64664943574414,149.58164224375946,152.55906677246094,5709300,154.85149841308595
2024-11-25,154.6510588463011,155.34189141590633,152.97747129179777,154.5343017578125,9189800,153.74615478515625
2024-11-26,155.43919222049666,157.11277970321566,151.8779527039875,152.69528198242188,9489900,152.23214111328124
2024-11-27,152.6952775883894,153.39584976318318,150.291943556041,152.17958068847656,6337900,152.64664001464843
2024-11-29,153.8434410913412,157.16142664246283,153.4931550090082,154.25210571289062,6112000,153.2440673828125
2024-12-02,154.106161260198,158.9614978938494,154.106161260198,158.63067626953125,9812700,154.45838928222656
2024-12-03,157.14199735275312,159.43831444045813,156.966861695904,158.19285583496094,6961400,155.19010009765626
2024-12-04,160.04157956579095,160.54755176488723,157.86203442575362,158.93234252929688,6721600,156.43751220703126
2024-12-05,159.03013986914536,160.8494163552964,156.4283761446504,156.87831115722656,7279800,157.37725830078125
2024-12-06,156.87831560404678,156.87831560404678,153.79728973881825,156.017578125,9918400,157.73035278320313
2024-12-09,154.03200944672417,159.36268003468035,154.0222337671894,157.22064208984375,9481200,157.44834594726564
2024-12-10,157.24997859611318,157.9542155404182,152.6235302127509,153.0343475341797,8683600,156.41664428710936
2024-12-11,153.84617067356348,156.94677749953954,153.53318474938757,156.33056640625,7081800,155.8962890625
2024-12-12,155.1959534469014,155.96866492843685,153.48426931211685,154.77537536621094,5796100,155.47570190429687
2024-12-13,154.77536181524266,156.18382067180227,153.19082134897573,155.0590057373047,8886700,155.28398742675782
2024-12-16,154.6971370421656,155.23509793936665,150.6477817177742,154.43304443359375,9951100,154.72646789550782
2024-12-17,153.0636885501062,156.4772661558698,153.0636885501062,154.46237182617188,7187400,155.01207275390624
2024-12-18,154.78518078000775,157.6314710985549,148.98502287577443,149.69903564453125,10295200,153.6857666015625
2024-12-19,150.65755201648741,152.0660259789581,146.77447293998486,147.10702514648438,8414800,152.1520965576172
2024-12-20,146.30498499871118,151.18573556619302,146.15826025647766,149.54251098632812,17347100,151.04879760742188
2024-12-23,152.25186210796443,155.2155197302153,151.16616471691304,154.77537536621094,8863200,151.1172637939453
2024-12-24,155.16662784163734,155.9099825142143,154.09070601647073,155.87086486816406,2839600,151.39896240234376
2024-12-26,153.95374215970799,156.06645283159727,153.90484884275585,155.0590057373047,3846900,152.47095642089843
2024-12-27,153.7483634820784,154.29610002289206,152.11492953904425,153.79727172851562,7232500,153.8090057373047
2024-12-30,151.83127330489367,152.71157698196828,150.43258996561414,151.1955108642578,5356000,154.1396057128906
2024-12-31,151.33246792500762,152.42794119162275,149.8555341512887,150.2565460205078,4423300,153.23583984375
2025-01-02,151.61609196832984,154.06135513427435,149.44469708299496,150.27609252929688,5009100,152.11688537597655
2025-01-03,152.0171218088995,154.9710039525027,151.10749105647892,154.37435913085938,5885800,151.9799560546875
2025-01-06,155.8415244805967,162.04270870920126,155.8415244805967,156.3501434326172,9599800,152.49053039550782
2025-01-07,158.45306967150353,159.8713194706596,155.76327990856134,157.00547790527344,7666000,153.65252380371095
2025-01-08,156.54574814916177,156.68268228708772,153.50384022658338,155.59698486328125,7731900,154.72061157226562
2025-01-10,154.24720577343743,154.8145086492455,152.14428530812188,153.54296875,6236800,155.37398681640624
2025-01-13,151.8214974059355,153.92441771395534,151.41069499377494,153.68968200683594,5714700,155.23705139160157
2025-01-14,156.6337847324221,157.48473158157398,153.13216590961508,156.03713989257812,6476500,155.17445068359376
2025-01-15,158.550866739675,161.82751036707984,158.54107613538167,160.81028747558594,9284000,155.93541259765624
2025-01-16,161.72972440773205,162.20898647391147,157.74882849853404,157.89553833007812,7188900,156.39512329101564
2025-01-17,161.7590542171266,161.98401425015513,159.52897539703824,160.95700073242188,8097500,157.8779296875
2025-01-21,162.3654681944977,164.98678304727508,161.7297057648215,163.607666015625,7380500,159.8615264892578
2025-01-22,164.6346891748801,168.32213536339552,164.50753071158567,166.5126495361328,7281700,161.95662841796874
2025-01-23,166.6495799145451,170.56200097660965,165.67147464902894,170.5424346923828,7172300,163.90305786132814
2025-01-24,171.26624556895194,171.3640471450265,168.17542921070657,168.34170532226562,5825800,165.99229125976564
2025-01-27,168.3319379334,168.42973951429184,163.6174629481353,167.43206787109375,15632600,167.2873046875
2025-01-28,166.49307878271574,169.69148716628024,166.0920520436296,167.79396057128906,8720200,168.12456359863282
2025-01-29,167.7939695385933,169.69149623499274,166.49308768049778,167.95046997070312,5118900,168.41212768554686
2025-01-30,168.56666090326283,169.7403842580127,167.2266614413544,168.16563415527344,6010600,167.936767578125
2025-01-31,168.7329201473078,172.9192091465174,168.51773581256052,169.1437225341797,7800500,168.0971710205078
2025-02-03,165.182425747991,168.8014123272187,164.38037224829125,166.5126495361328,7447100,167.9132873535156
2025-02-04,164.81073620397396,169.98490645917653,164.81073620397396,169.25132751464844,5457900,168.2047607421875
2025-02-05,169.2122160375894,173.12463721764928,166.18008365316206,172.0095977783203,15197800,169.01658630371094
2025-02-06,164.1651712849404,165.77905380107126,161.7785922366263,165.61277770996094,16293500,168.50601501464843
2025-02-07,166.11159884538918,167.54941460493077,162.42413826362804,164.2825469970703,7841700,167.53377990722657
2025-02-10,166.01380737414863,168.0384924966156,165.29979468843476,167.60812377929688,6237700,167.75287475585938
2025-02-11,165.93555698839174,168.918781116997,165.40738669703816,168.22433471679688,6588100,167.54747619628907
2025-02-12,165.83775035336143,167.18752546772203,164.55643484657688,166.56153869628906,5505700,166.4578643798828
2025-02-13,166.46375074263574,168.58623754635767,165.75951370157463,168.38082885742188,6362200,167.011474609375
2025-02-14,168.82098504674343,169.03616941219653,167.29512820315696,168.45907592773438,4691300,167.8467803955078
2025-02-18,169.46649580275695,169.9164307462891,167.49073411188644,169.8381805419922,7292600,168.29279174804688
2025-02-19,170.18054065838498,172.63557950393349,169.55455388493385,171.38360595703125,6849600,168.92464599609374
2025-02-20,172.14652619210278,172.52798664747223,169.11439390861113,169.89688110351562,6316400,169.59171447753906
2025-02-21,171.14884535648523,171.5889897157611,161.5927682067341,161.8079376220703,12531900,168.27713623046876
2025-02-24,162.27745325113207,162.94255768859526,157.46517698548445,157.57276916503906,9827800,166.0998748779297
2025-02-25,158.12049319578685,159.75392711962627,155.9490984168623,157.69012451171875,8244900,163.670263671875
2025-02-26,158.28676496327094,160.5461855681386,157.40646133592324,158.5508575439453,9161900,161.1037139892578
2025-02-27,158.78560406248369,159.67568342953234,150.72602628529225,151.05857849121094,10807200,157.33605346679687
2025-02-28,151.70413536697666,153.86573968462753,150.0413444460733,153.7288055419922,10149500,155.72022705078126
2025-03-03,155.5089821410337,156.57511343977194,149.18063904071192,150.2565460205078,9601900,154.256982421875
2025-03-04,151.87040310643476,153.75813903480528,148.03623239919662,151.07814025878906,8956800,152.93458557128906
2025-03-05,151.64543753088546,155.66545086808102,149.679451271706,155.01991271972656,6786900,152.2283966064453
2025-03-06,151.54858779801995,155.25593204058157,151.5289160101452,153.44650268554688,7808100,152.7059814453125
2025-03-07,152.6401297217805,159.13043883067385,152.6401297217805,158.5404052734375,8727600,153.66830139160157
2025-03-10,154.734748315301,156.6129914891747,150.07352474651782,152.4041290283203,10139900,154.09781799316406
2025-03-11,152.27627245659554,153.63332552532188,148.3525841154133,150.55535888671875,8692900,153.99326171875
2025-03-12,151.6469291382608,153.26949898849753,149.39498212821925,150.26036071777344,7117400,153.04135131835938
2025-03-13,150.06367622584062,153.04331408688145,147.91990170566655,149.41464233398438,5861700,152.23497924804687
2025-03-14,151.00771428581416,154.34136932228148,150.98804249948762,153.97752380371094,5309400,151.32240295410156
2025-03-17,153.01380549278693,156.08194371433797,152.85646122368806,155.32473754882812,5781000,151.90652465820312
2025-03-18,155.32475019934182,157.0751640713979,153.32849151373654,153.6923370361328,6898400,152.53392028808594
2025-03-19,153.8300070882887,157.84219618230856,152.48278233309316,155.6295928955078,5871000,153.6077667236328
2025-03-20,155.37390950856843,156.47528938190976,153.91851253234233,155.32473754882812,5089300,154.78978576660157
2025-03-21,152.40411746369463,154.80356532111705,151.00772067892098,154.2135467529297,10949300,154.8369903564453
2025-03-24,157.34068515660513,158.32406443883391,156.160633018966,157.4193572998047,6033400,155.25591430664062
2025-03-25,157.22267285557228,158.78624219782347,156.7703118168125,157.48817443847656,3978200,156.01508178710938
2025-03-26,156.79981058239883,158.13720689582925,154.24303366316548,155.75743103027344,5960300,156.0406494140625
2025-03-27,155.58043780867925,156.60314562682163,153.16131825040796,155.34442138671875,6102000,156.04458618164062
2025-03-28,154.31187641921602,155.01991070858176,149.04096282348044,150.1816864013672,8918000,155.23821411132812
2025-03-31,148.30341990883053,151.2929011836964,145.42212595511,151.056884765625,8613600,153.9657196044922
2025-04-01,149.85716117136775,150.7717116635244,147.76255859706578,150.50619506835938,5708900,152.56932373046874
2025-04-02,148.28376235125586,152.8761570201866,147.87074483388207,151.5190887451172,5377200,151.7216552734375
2025-04-03,144.5567541703107,144.95009988026797,136.2570306456904,137.1027374267578,16465000,148.0733184814453
2025-04-04,132.10716896703167,133.60190967513432,124.57448757827063,125.34152221679688,19018600,143.10528564453125
2025-04-07,122.51920954423039,134.91962171650908,118.79220902056383,127.56394958496094,17938300,138.40669860839844
2025-04-08,128.95053131860624,133.0413777680271,119.71659286742465,122.58806610107422,14965900,132.8230728149414
2025-04-09,123.07975686771167,142.4523260890271,122.12587774568934,141.20343017578125,21242600,130.75994110107422
2025-04-10,134.73278871414718,136.7487192236697,127.14109953055221,132.16616821289062,14898800,129.7726272583008
2025-04-11,131.77282101204835,138.3122870975159,128.93085554714483,136.93556213378906,10955300,132.09143524169923
2025-04-14,140.37739967721834,140.73141683703176,134.5557958309806,136.87657165527344,6930300,133.9539596557617
2025-04-15,137.14206287043535,138.49911589400696,135.73582288315043,136.29635620117188,6346800,136.69561767578125
2025-04-16,131.4581281609773,135.02779956473847,129.5995420179397,133.48390197753906,10417200,135.1517120361328
2025-04-17,135.09666043382038,135.85385173255804,133.4544187135092,134.3886260986328,7135900,135.59620361328126
2025-04-21,132.49067477543858,134.28043211328946,131.1434500795936,133.8772430419922,8128300,134.9845397949219
2025-04-22,134.47712127569366,136.7880686671459,134.2214480557537,136.43405151367188,8228000,134.89603576660156
2025-04-23,140.21021699777037,141.48861303959893,137.45675206271892,138.12545776367188,9073500,135.26185607910156
2025-04-24,140.40688219128467,145.3631218050962,139.6300192188356,144.7632598876953,8810600,137.51772766113282
2025-04-25,143.65204395169144,146.72018243803694,143.65204395169144,146.0908203125,5145600,139.85816650390626
2025-04-28,145.71713286084085,146.8185278455119,143.02268326741012,145.16644287109375,5743500,142.11600646972656
2025-04-29,144.22239134609117,145.7957890005052,143.10133970281578,144.43873596191406,6692000,143.716943359375
2025-04-30,142.78666665996897,146.3760099899529,141.48861382937906,145.99249267578125,10851900,145.29035034179688
2025-05-01,136.48319183205206,136.65037949970804,132.62834718939501,132.96270751953125,22836600,142.93023986816405
2025-05-02,135.5588218410011,139.05964921446832,135.00811691260765,137.48623657226562,13185600,141.20932312011718
2025-05-05,136.00135425301326,138.43030221837594,135.99151085712955,137.12240600585938,7165300,139.60051574707032
2025-05-06,135.52933714638178,138.45980314688276,135.1753200117109,137.5747528076172,6957900,138.22771911621095
2025-05-07,138.04678178700408,142.2949722787753,137.91893768481984,141.90162658691406,10196400,137.4095458984375
2025-05-08,143.2193574412165,145.0484434984206,141.49844370479454,142.68833923339844,8489100,139.35467224121095
2025-05-09,143.23903115450955,144.5370840161749,142.19665150668718,142.76699829101562,6217100,140.41082458496095
2025-05-12,151.519089643583,151.79443465679824,147.33972747242134,149.59165954589844,11414600,142.90467529296876
2025-05-13,149.4834777903791,150.7422020585925,148.45094155853712,148.82461547851562,10160900,145.15464782714844
2025-05-14,149.40479624010914,150.72253578603636,147.92972742444474,150.43734741210938,6971200,146.8617919921875
2025-05-15,149.18846630146697,150.8405361690151,147.6838823079255,150.07350158691406,6941200,148.3388244628906
2025-05-16,150.32917754337436,150.5160219972251,148.7852799605639,149.96533203125,6668000,149.7784912109375
2025-05-19,148.04773220130465,151.2633861834569,147.61504297983157,151.14537048339844,7241100,150.0892333984375
2025-05-20,150.49636280999172,151.3322412245067,149.40481117706364,151.26341247558594,5269500,150.57699279785157
2025-05-21,151.02739546306552,153.53501569186002,148.32310237430576,148.7951202392578,9684500,150.24854736328126
2025-05-22,148.8737976683857,149.06064214379657,144.77310762159286,144.9206085205078,9539100,149.21796875
2025-05-23,141.03625409696667,144.05523567963286,139.41368429209965,142.96368408203125,8994600,147.81763916015626
2025-05-27,145.09761654005595,146.86770225454603,143.9962215370526,146.15966796875,9788800,146.82049865722655
2025-05-28,146.34651348784465,147.00537581308814,144.91077311875694,145.14678955078125,7032300,145.59717407226563
2025-05-29,147.3692219328876,147.9985840822662,144.7927729784278,145.87448120117188,5980700,145.01304626464844
2025-05-30,145.54013182459076,145.55980361142198,141.0952533268767,142.7866668701172,13755600,144.5862579345703
2025-06-02,142.3933158158785,144.76326336659437,142.07862725910695,144.19290161132812,6419500,144.83210144042968
2025-06-03,144.2715765281823,147.29054302630522,143.0915094227454,146.46450805664062,6164100,144.8930694580078
2025-06-04,147.50688488218998,147.55605684485263,144.9304360945708,146.5726776123047,7143800,145.1782470703125
2025-06-05,147.20581600148358,148.47210135714826,145.4250975027951,145.97909545898438,5605500,145.199169921875
2025-06-06,148.19511127067886,148.97664091391317,147.45314644298384,147.64111328125,5794700,146.17005920410156
2025-06-09,150.18357312807606,154.4473953000846,149.55043040570632,153.74501037597656,10589400,148.08048095703126
2025-06-10,154.51665109796778,157.80107422110888,153.40865511839917,157.42515563964844,9068400,150.27261047363282
2025-06-11,158.28582598339923,160.4028983021147,156.01046421582532,157.77139282226562,8859900,152.512353515625
2025-06-12,157.29654481204528,157.90001014752664,156.2577910253559,156.999755859375,5689400,154.71648559570312
2025-06-13,154.6650323277864,155.48614185215118,152.78539420378874,153.06239318847656,8446400,155.80074157714844
2025-06-16,155.3476510281519,156.7524359846873,153.97254345768096,155.18936157226562,8686300,156.08961181640626
2025-06-17,154.9717002008586,155.89174435302047,152.73591849121868,152.80517578125,7146900,155.16561584472657
2025-06-18,153.3393873203569,154.42760836527134,151.50920149808587,151.98406982421875,6708700,154.00815124511718
2025-06-20,152.57764946234508,153.45811382503217,149.01622719436622,149.69883728027344,15501900,152.54796752929687
2025-06-23,149.6097727741904,151.87524700374712,148.07637588915324,151.4993133544922,6860700,152.2353515625
2025-06-24,153.07228227105352,154.62546918332887,152.49849434077228,154.0417938232422,7692700,152.0058380126953
2025-06-25,154.42762191313813,154.853007843725,152.93378970267395,154.25942993164062,5280100,152.29668884277345
2025-06-26,154.8233275040175,156.7227556530126,154.23965212863467,156.49522399902344,6278200,153.19891967773438
2025-06-27,156.9502832908183,159.37404707747444,155.88186724929002,156.84146118164062,22100300,154.6274444580078
2025-06-30,156.69306714584565,158.14731931370798,156.10939181189056,157.55374145507812,7988200,155.838330078125
2025-07-01,156.5248947818749,159.91813987438607,156.28746061252374,157.69224548339844,8942300,156.56842041015625
2025-07-02,157.96924776214436,161.04592912168428,157.09868598032034,160.5809783935547,8916400,157.83273010253907
2025-07-03,161.2932471336038,162.2034039005105,160.35342807779654,160.47215270996094,4280800,158.62811584472655
2025-07-07,159.38393521619832,159.75986888508652,155.88186794262575,156.3962860107422,7187400,158.53908081054686
2025-07-08,157.7615044323541,160.0962209552132,156.91071751905852,157.74171447753906,6879100,158.57667541503906
2025-07-09,157.69224399112866,159.74996148676217,156.554570684626,157.64279174804688,4190100,158.56678466796876
2025-07-10,157.28665475512437,158.57271503636224,156.0994989642695,157.3855743408203,5674400,157.92770385742188
2025-07-11,157.296535161933,157.4647120358888,155.46634931217554,155.77304077148438,5907700,156.98788146972657
2025-07-14,154.74417828994953,154.82332301410992,151.83567383213412,152.63699340820312,7382600,156.23602294921875
2025-07-15,154.61556666081884,155.0310802376568,152.46881695861518,152.6468963623047,6467300,155.21705932617186
2025-07-16,152.64688893676654,152.84474319044259,149.91644891197646,152.4193572998047,7106700,154.17237243652343
2025-07-17,151.36082721613639,151.88514782827963,150.1736864923274,150.97500610351562,7018600,152.8902587890625
2025-07-18,151.4003867706422,153.76478070587874,151.09371039630847,153.14154052734375,7433900,152.36395874023438
2025-07-21,153.2602480038387,158.21656745704578,153.2503605741043,157.26686096191406,7662300,153.28993225097656
2025-07-22,157.25697229387234,157.33610192174973,154.49685479313388,156.29736328125,6951600,154.02002563476563
2025-07-23,156.89092635008905,158.32538860917018,155.24870730533928,158.1671142578125,7296200,155.1695770263672
2025-07-24,156.65350396477777,157.38556622335946,155.11020453532763,157.13824462890625,5014800,156.4022247314453
2025-07-25,157.19760034521252,157.49438927941026,155.72357329437364,156.7029571533203,4808200,157.11450805664063
2025-07-28,158.0483969937154,160.2248392486193,157.45483418399783,159.3245849609375,9627300,157.52605285644532
2025-07-29,160.30397172387103,161.847271285264,159.41361994584466,160.3435516357422,9460900,158.33529052734374
2025-07-30,161.253686917195,161.52079847803995,156.30725480317062,157.35589599609375,14382500,158.173046875
2025-07-31,151.46964257746146,155.12011183931043,144.0203171306447,145.1876678466797,24440100,155.78293151855468
2025-08-01,144.8908796085815,147.57183705538213,144.22804449698924,146.6023406982422,12706700,153.76280822753907
2025-08-04,146.91891283118608,149.17448453882162,145.4943531437152,145.92962646484375,8150200,151.0838165283203
2025-08-05,146.92882007669022,147.0574170436344,144.1093478038998,145.13821411132812,7794500,148.0427490234375
2025-08-06,145.0788464347844,145.1382162996297,142.5660655875901,144.27752685546875,8475700,145.4270751953125
2025-08-07,146.7309544683255,146.7309544683255,143.25854981844248,144.3368682861328,6753500,145.2569152832031
2025-08-08,144.78206739549944,146.43417383460394,144.1291347634283,145.97909545898438,5028700,145.13226623535155
2025-08-11,146.97829776744084,149.44161141127296,146.12751080131656,146.3847198486328,6215900,145.22328491210936
2025-08-12,147.1959153703925,152.251169428624,146.97828625221445,152.08299255371094,9304100,146.61224060058595
2025-08-13,152.32042798209875,155.4267866695238,151.98407422948944,154.912353515625,7103300,148.73920593261718
2025-08-14,153.24045992586574,156.9502839889062,153.24045992586574,156.3962860107422,6294800,151.15108947753907
2025-08-15,156.34681098281888,157.55374155960484,155.0112834429837,156.1588592529297,7583700,153.18704223632812
2025-08-18,156.08960539216164,158.03850078790666,155.5553973835484,157.19760131835938,4774400,155.34961853027343
2025-08-19,157.36579899477363,157.7219276165545,154.37814976222666,154.5760040283203,6396500,155.8482208251953
2025-08-20,154.71449248025732,154.96181406904827,151.815890705377,153.77467346191406,7151700,155.6206848144531
2025-08-21,153.1613240040636,153.53724256219513,151.410282891559,152.4787139892578,4997300,154.83717041015626
2025-08-22,153.17121516477596,158.17700193487693,152.90410361001636,156.317138671875,7711500,154.86882629394532
2025-08-25,155.92142433020547,156.35671274532604,153.73509482528155,154.74417114257812,4653000,154.37814025878907
2025-08-26,155.97088946763245,158.24625109029077,155.72356788028503,157.46470642089844,9173000,154.95588073730468
2025-08-27,156.6633911607072,158.25614283042393,156.10939320520782,158.05828857421875,4549900,155.81260375976564
2025-08-28,158.19679096176213,159.49275372326122,157.32621410413302,159.07725524902344,8156300,157.13231201171874
2025-08-29,157.82087011358786,159.8687003621273,157.69225804136644,159.0080108642578,9949100,157.6704864501953
2025-09-02,156.1291814817484,157.23717738084125,152.94367817654444,157.07888793945312,7520300,158.1374298095703
2025-09-03,157.69225313388364,157.86044511323752,154.38804003383214,155.594970703125,6336400,157.76348266601562
2025-09-04,155.40592067172517,159.0473179181058,153.68471974951615,158.89808654785156,7781200,157.9314422607422
2025-09-05,159.26620542463044,162.6588737000933,158.3409253580414,159.0274200439453,7954200,157.92147521972657
2025-09-08,159.47513345229652,159.47513345229652,157.20672541168742,159.42539978027344,7019700,158.00495300292968
2025-09-09,159.55472244670187,160.778480428278,156.7689689468977,157.85342407226562,6126000,158.15986022949218
2025-09-10,157.81362829383457,158.40064048443935,155.81385187384348,158.14195251464844,8256900,158.66925659179688
2025-09-11,158.38073628692737,161.24610023475242,157.15699342638487,160.68893432617188,8360200,159.02742614746094
2025-09-12,160.50985080282624,161.50476711709564,158.7687472528548,161.00730895996094,5430600,159.42340393066405
2025-09-15,160.57948352944607,161.85297516928864,159.39554589364985,160.40040588378906,5604800,159.6184051513672
2025-09-16,160.99735938042915,164.16118585723876,160.67897888450946,163.30555725097656,7997500,160.70883178710938
2025-09-17,163.8428075691266,165.524218530468,162.40018198294266,164.41986083984375,6057800,161.96441345214845
2025-09-18,166.03163842779668,168.00156846797253,165.3849337185123,167.27528381347656,10421200,163.28168334960938
2025-09-19,168.30999859527546,168.71791794587315,165.44463462396143,166.00180053710938,19444400,164.28058166503905
2025-09-22,166.0017881150898,169.35465113533547,165.07650807641772,168.85719299316406,6196600,165.97193908691406
2025-09-23,168.95670135640762,169.98146397945285,167.44442425803055,168.6681671142578,5468400,167.04446105957032
2025-09-24,168.19060131880116,173.55319949737313,167.81252827182968,172.667724609375,9213700,168.69403381347655
2025-09-25,170.33963404530724,171.09576500199384,167.08625334759788,168.81739807128906,8093700,169.00245666503906
2025-09-26,168.81739934829776,170.06104478850344,167.27529114741768,168.33984375,4846000,169.47006530761718
2025-09-29,168.33983860282166,168.976584441489,163.92240770528386,164.4596710205078,7523100,168.59056091308594
2025-09-30,164.79794125030796,165.9918378169927,164.0418103003586,165.5142822265625,5593300,167.95978393554688
2025-10-01,164.95713626098424,165.922206348992,163.6537982525582,165.6436309814453,6153000,166.55496520996093
2025-10-02,166.89720892494086,168.6781024179361,166.33009934831563,167.9916229248047,5499500,166.38981018066406
2025-10-03,167.99162201331356,170.87687318825547,167.88218061392098,168.31993103027344,5137900,166.38582763671874
2025-10-06,169.67302439889434,170.0113074891402,166.8673682398751,167.76278686523438,8265800,167.04645080566405
2025-10-07,169.03628180900412,171.10570963895228,164.30048544778083,164.61886596679688,7147500,166.86736755371095
2025-10-08,165.39489351182345,167.69314776826894,163.05683410133406,166.9171142578125,7302200,167.12206420898437
2025-10-09,166.51913897529863,166.75792435641213,162.4001860337046,164.81784057617188,6928400,166.4873077392578
2025-10-10,163.98210967376954,164.2507261407229,152.57041864992604,152.80918884277344,15818600,163.38515930175782
2025-10-13,155.1572011863041,161.56446488617567,154.98806722916072,160.9575653076172,10311000,162.02411499023438
2025-10-14,158.49017214614986,163.43490745026585,158.4503669920349,160.9177703857422,8675200,161.28389587402344
2025-10-15,163.40505795670833,163.40505795670833,159.49502901832332,162.14151000976562,7334100,160.32877502441406
2025-10-16,163.65378418601657,164.35022254502226,161.38537628455936,163.24586486816406,5686700,160.0143798828125
2025-10-17,162.03206736428874,162.9573322256773,160.8481145518917,162.6190643310547,4833100,161.97635498046876
2025-10-20,162.50962390373857,166.79771070413372,161.23613226124777,166.19081115722656,8194100,163.02300415039062
2025-10-21,165.95204653269442,168.3796448018053,165.35509066345725,167.9717254638672,6176100,164.4337951660156
2025-10-22,166.63853507943094,168.9168867065582,165.17600691685982,168.40948486328125,10083800,165.68739013671876
2025-10-23,167.47426420651104,170.37941800861987,167.02655490346194,169.16561889648438,6546400,166.8713409423828
2025-10-24,170.81718131341066,171.54346595885244,167.61354962533983,168.08116149902344,6256000,167.96376037597656
2025-10-27,168.09111234485692,204.90301686750104,167.96178354408704,186.72589111328125,81799300,172.0707763671875
2025-10-28,182.9949466138221,184.96489180583103,178.49793589676105,180.1096954345703,20323100,174.4983703613281
2025-10-29,181.07477677818443,182.55720761375008,177.29409158942912,177.76170349121094,11614600,176.36881408691406
2025-10-30,177.77163551203492,178.96554720569299,176.28921995506525,176.35885620117188,7862900,177.80746154785157
2025-10-31,177.6124713448115,181.22400737802164,175.93106028155154,179.98036193847656,9452800,180.1873016357422
2025-11-03,182.01994400971313,182.5174021869363,178.17956627430152,179.80128479003906,8535100,178.80238037109376
2025-11-04,176.57774537622012,178.42829035075616,171.41412721269776,171.96133422851562,12323600,177.1727081298828
2025-11-05,173.8715742371419,182.49749708934647,173.43382379945336,178.80636596679688,18845500,177.381640625
2025-11-06,176.89612493388378,177.60250702040676,169.1954671430674,172.3195037841797,16184700,176.57377014160156
2025-11-07,171.85189794496537,173.3641750570363,167.39467692020867,170.02125549316406,10614700,174.58194885253906
2025-11-10,172.87665366319354,173.9113751336765,168.63831562079443,170.6977996826172,10129300,172.7612518310547
2025-11-11,170.13068892671282,175.08536789734617,170.13068892671282,173.0955352783203,8419100,172.98809204101562
2025-11-12,174.11035739872494,176.51805309072108,173.99097229735568,175.77186584472656,8785800,172.38119201660157
2025-11-13,175.7320764235469,177.92088931576512,172.150371559031,173.61289978027344,9526100,172.6398712158203
2025-11-14,170.90672243363545,174.7968488473234,170.52864937803074,173.0955352783203,7949900,173.25472717285157
2025-11-17,171.9215448044221,173.95116743722699,164.330328350997,165.9022979736328,10211100,172.29562683105468
2025-11-18,164.05175227690833,165.94208722255368,160.56954513824286,164.22088623046875,11073200,170.52069702148438
2025-11-19,163.8527693689284,166.65842546625862,163.27571608792448,165.2655487060547,8176500,168.41943359375
2025-11-20,166.28036382533708,168.02146732676027,158.04245818738647,158.7786865234375,12075400,165.4525909423828
2025-11-21,159.93279379545692,164.42981968200175,158.29118798761743,162.46983337402344,10815000,163.32745056152345
2025-11-24,163.53439153699404,166.09133378008465,162.88770199801493,164.22088623046875,12070100,162.9911682128906
2025-11-25,163.15632804388216,164.13134175842606,161.0470951835071,162.46983337402344,7758100,162.64095764160157
2025-11-26,163.28565720427528,165.40483376707016,162.32058718524218,164.30047607421875,7967700,162.44794311523438
2025-11-28,164.19103224917427,167.3349713331634,163.2956136708869,167.2354736328125,5068800,164.13930053710936
