Date,Open,High,Low,Close,Volume,MA5
2021-01-08,419.98141313862595,421.27559671642126,414.6586633470286,419.494873046875,310500,413.00087890625
2021-01-11,415.33015223812714,426.97792493850284,414.3375912992532,426.72491455078125,697400,416.8032653808594
2021-01-12,425.615613005894,427.7466315742419,416.1572711612755,418.414794921875,542000,419.01555786132815
2021-01-13,417.57790836102555,417.57790836102555,401.6388500335239,402.028076171875,703400,417.13031005859375
2021-01-14,402.88444444969326,403.6045143850925,394.73976690754176,396.4426574707031,683100,412.6210632324219
2021-01-15,395.5473999713687,403.2152774543075,391.3923577985211,400.539306640625,1019200,408.8299499511719
2021-01-19,404.8013636482126,409.84191196274145,401.18150411236246,403.27362060546875,497200,404.1396911621094
2021-01-20,406.5043156734822,412.11897859495724,404.09106571810213,409.1997375488281,420600,402.2966796875
2021-01-21,409.42346789136724,412.4497328651713,407.3021603184709,410.0657043457031,359800,403.9042053222656
2021-01-22,410.3285228104489,410.3285228104489,401.38591184501473,407.93475341796875,412500,406.20262451171874
2021-01-25,409.11210973610366,414.98952257934644,406.70860040504635,407.82763671875,408200,407.66029052734376
2021-01-26,409.54027410372555,410.6982419600512,402.7579036721265,406.07611083984375,322600,408.2207885742188
2021-01-27,402.90394609887153,409.98797054579484,398.79754543593157,408.69378662109375,588600,408.1195983886719
2021-01-28,410.18254774057095,418.006121859524,410.18254774057095,411.4475402832031,618500,408.3959655761719
2021-01-29,408.6936859581161,414.12346043386856,381.99236276650174,382.33294677734375,1192700,403.2756042480469
2021-02-01,385.20353768613455,392.209727440496,378.86880538328785,380.8246765136719,817400,397.87501220703126
2021-02-02,382.87789724619785,391.2561041654027,380.5911526592196,387.28594970703125,888800,394.1169799804687
2021-02-03,385.1354497572932,392.6378903509632,383.4714611084765,390.8766174316406,619200,390.5535461425781
2021-02-04,392.61844356475694,395.07059518914474,390.1857428554642,392.88116455078125,437800,386.84027099609375
2021-02-05,395.6544657558628,400.60744104247584,393.3677210547996,394.04888916015625,494500,389.18345947265624
2021-02-08,394.768942134948,398.1260809875849,392.35569234406313,396.1993713378906,378900,392.2583984375
2021-02-09,396.3745613143874,398.35965361895023,391.4021347904563,392.86175537109375,677100,393.3735595703125
2021-02-10,396.5788579171203,396.5788579171203,389.8451589807585,391.0323181152344,742100,393.4046997070312
2021-02-11,391.9275024545394,393.75689798653383,387.0523908335258,389.2418212890625,341000,392.6768310546875
2021-02-12,386.8091627820979,391.26585752700726,384.3667217059883,385.3592529296875,716200,390.93890380859375
2021-02-16,387.26650166356205,387.43190868185843,373.2833130541659,373.46820068359375,774700,386.3926696777344
2021-02-17,373.46821871691674,377.7303153130161,366.79290190827163,376.6988525390625,1517100,383.16008911132815
2021-02-18,375.46305502610625,385.6803985933277,374.20777307295214,384.90191650390625,574100,381.9340087890625
2021-02-19,384.9019428010397,386.1085826980688,376.3582980222895,378.4407043457031,736000,379.77378540039064
2021-02-22,376.5140351538434,379.64735558843455,372.26167807033977,373.5850830078125,813400,377.4189514160156
2021-02-23,375.7159746577794,381.3209260064466,367.03611606782715,377.3994140625,1053100,378.2051940917969
2021-02-24,376.6501963574625,377.8957379453842,363.20221957333393,368.6222839355469,1298500,376.5898803710937
2021-02-25,367.7659621688882,370.9771152037271,363.2703360416925,368.9044494628906,747400,373.3903869628906
2021-02-26,371.5220276449222,375.14188736347893,367.4545593261719,367.4545593261719,531700,371.1931579589844
2021-03-01,369.5077859154474,377.77896830665003,369.5077859154474,374.5580749511719,819200,371.38775634765625
2021-03-02,376.60156693905503,376.95189132614115,367.86332392418615,370.8312072753906,502900,370.07411499023436
2021-03-03,369.5564727797628,375.60903404996463,368.50555901500735,370.34466552734375,796500,370.41859130859376
2021-03-04,369.6634875759879,370.21812077521844,355.39812688566474,361.87884521484375,619100,369.0134704589844
2021-03-05,364.7494330506042,368.4763474027091,357.3151146548304,366.79290771484375,637100,368.8811401367187
2021-03-08,368.1551229872578,380.5035118828165,365.80028576534284,375.005615234375,909100,368.97064819335935
2021-03-09,375.84251836480655,385.39817385468893,375.84251836480655,379.1802062988281,731500,370.64044799804685
2021-03-10,381.03878163405153,381.15557621805544,373.9839492586052,375.6673889160156,556900,371.7049926757812
2021-03-11,375.9593409289417,380.7079781818465,373.7018168988551,377.0102844238281,395300,374.7312805175781
2021-03-12,378.8395926244532,379.98782013956395,374.412059873058,375.968994140625,493100,376.5664978027344
2021-03-15,376.6988845605291,383.5688298975486,375.15169026807877,380.33819580078125,543000,377.6330139160156
2021-03-16,380.4549772205899,381.9145977888927,374.65539678137293,377.5357360839844,574900,377.3041198730469
2021-03-17,381.934027050261,388.53151045707045,379.29698768794304,382.95574951171875,671500,378.7617919921875
2021-03-18,388.41474082159885,397.00702690852853,386.75078180331616,390.4679260253906,794800,381.4533203125
2021-03-19,389.93271944338005,391.4993643936854,383.9482818377923,384.36669921875,1157800,383.132861328125
2021-03-22,382.8000978376974,392.7060487951935,380.4938724352125,390.4874267578125,488300,385.16270751953124
2021-03-23,387.772454563945,395.80036610761516,387.772454563945,393.7666320800781,547400,388.40888671875
2021-03-24,393.1341969361626,399.19646843763076,392.78387257246436,395.34307861328125,690700,390.8863525390625
2021-03-25,395.2750002199625,395.31393175275457,387.169253159458,392.49200439453125,631100,391.2911682128906
2021-03-26,393.3190235657696,399.51753960719816,390.97389675096565,399.31317138671875,448000,394.28046264648435
2021-03-29,396.72486456114024,398.77804981441795,390.954475604087,397.35736083984375,430500,395.6544494628906
2021-03-30,397.01673260722987,397.3962481498564,391.0614863694897,392.16107177734375,347100,395.3333374023438
2021-03-31,393.795841988536,396.1312286092377,390.896052202733,392.482177734375,609900,394.7611572265625
2021-04-01,394.96995349227274,401.0114964675938,393.2354505974324,399.8616638183594,421800,396.23508911132814
2021-04-05,401.66437008682556,406.33191848591787,401.66437008682556,404.23687744140625,249400,397.21983032226564
2021-04-06,406.38062905714736,409.59627045296105,403.60346799482056,405.01641845703125,479200,398.75164184570315
2021-04-07,403.4962700606807,407.82278784048907,403.4962700606807,404.139404296875,329000,401.1473083496094
2021-04-08,406.7704021096446,411.2528338878413,406.3124139330939,407.510986328125,381700,404.1530700683594
2021-04-09,409.2650235085545,412.1785911837017,407.7741306838474,410.80462646484375,339400,406.34166259765624
2021-04-12,409.79119245516836,414.9167289666756,409.79119245516836,414.77056884765625,436900,408.4484008789062
2021-04-13,414.6634172432503,414.6634172432503,409.82044678572083,410.8435974121094,285200,409.61383666992185
2021-04-14,410.7753691704708,414.63417485151837,407.433045487762,408.2905578613281,358800,410.4440673828125
2021-04-15,410.39533292207193,414.137180585205,409.4306464174344,414.0884704589844,359400,411.7595642089844
2021-04-16,417.60620734277086,417.60620734277086,409.4501453298008,412.4709167480469,477200,412.092822265625
2021-04-19,413.4550946636571,415.7353116159975,410.5122950420362,414.58544921875,533700,412.05579833984376
2021-04-20,413.30887106567883,417.0214864431759,410.9702201587014,415.64752197265625,368700,413.01658325195314
2021-04-21,416.0957669667223,421.54288473998577,414.5269026015371,418.66827392578125,387000,415.0921264648438
2021-04-22,418.51246838628805,423.6185571640464,417.33340363016947,420.1105651855469,447400,416.2965454101562
2021-04-23,421.5331479480841,424.7585431314823,418.9801189860042,423.1214904785156,346600,418.42666015625
2021-04-26,422.4004615133347,426.70747169561025,420.3931165437559,421.3188171386719,402300,419.77333374023436
2021-04-27,421.10441949160656,436.49084197451316,419.0775965124674,434.4639892578125,792200,423.5366271972656
2021-04-28,435.7113595580707,436.39345009702004,427.8183851961891,431.0340270996094,332200,426.00977783203126
2021-04-29,431.6088751249591,436.9195871494119,430.0302864500011,434.4542541503906,297600,428.878515625
2021-04-30,434.51278354459083,436.1400825888028,432.04745017478893,435.02923583984375,514500,431.26006469726565
2021-05-03,435.65288024129086,438.05002547264274,430.556575053744,433.69427490234375,344600,433.73515625
2021-05-04,433.62603348534725,438.49823610877814,430.90733609495464,436.9196472167969,452300,434.2262878417969
2021-05-05,437.9720123480146,438.9659606754053,430.83913059369803,438.6443786621094,449100,435.74835815429685
2021-05-06,437.1924336622582,440.68091721156463,430.60520703877705,434.7953186035156,459700,435.8165710449219
2021-05-07,434.7953084416957,438.0011958734101,432.7782097227637,433.0997619628906,327100,435.43067626953126
2021-05-10,434.5322440906408,438.98544430305003,432.6321029622781,433.0413513183594,402200,435.3000915527344
2021-05-11,431.1508995721375,433.26544836642387,423.79388630187077,429.1435546875,296800,433.744873046875
2021-05-12,428.4907074704801,428.4907074704801,416.30044799077876,418.4052429199219,501400,429.6970458984375
2021-05-13,419.2529873655944,427.8378050184102,417.7328627015073,426.25921630859375,464600,427.9898254394531
2021-05-14,428.49066750491926,431.3067846640209,426.2202048274104,427.14593505859375,353000,426.79906005859374
2021-05-17,426.9023457388631,428.5101664534275,421.6793297245858,421.9716796875,444800,424.5851257324219
2021-05-18,420.94854076680355,423.76468807705584,418.3175692675432,421.7475891113281,560600,423.1059326171875
2021-05-19,419.7402006116111,421.153151080952,414.2736042636296,420.25665283203125,458900,423.47621459960936
2021-05-20,419.2821968824842,427.711100048393,419.2821968824842,426.3176574707031,683400,423.48790283203124
2021-05-21,428.7343442251361,432.3495101732619,427.76962790335057,428.57843017578125,712800,423.77440185546874
2021-05-24,431.3652975327017,435.5164234259989,429.74772279370586,433.080322265625,393800,425.9961303710937
2021-05-25,434.04496822209603,437.07549324575314,432.37868351073024,434.4737243652344,333000,428.541357421875
2021-05-26,435.0682080390271,436.490882851971,430.1570195598464,433.0705871582031,227700,431.10414428710936
2021-05-27,435.3508002857148,437.6894814305116,433.83067538413644,436.0523986816406,443700,433.05109252929685
2021-05-28,437.5530331736111,440.47635478483824,434.9610177764818,438.50799560546875,339900,435.03700561523436
2021-06-01,442.68830327296985,443.23398756905624,434.5614731445788,436.9586181640625,363300,435.8126647949219
2021-06-02,438.11806887349894,440.0182392661922,435.50657612653447,437.77703857421875,310000,436.47332763671875
2021-06-03,435.80870843651394,438.09864928964373,433.0997653546899,435.67230224609375,353800,436.99367065429686
2021-06-04,438.49821170573273,441.3046050186595,436.7052448085991,439.5213623046875,232400,437.6874633789063
2021-06-07,439.39464029678203,439.7454245364513,434.57114883842,435.3604431152344,317700,437.0579528808594
2021-06-08,436.179007191547,439.6577665573716,433.1972219458576,438.19610595703125,347700,437.3054504394531
2021-06-09,440.35934357268945,441.148637879758,437.36780455142195,439.42388916015625,293000,437.63482055664065
2021-06-10,440.66145134048264,442.34724398568295,439.86240305286896,442.07440185546875,233800,438.9152404785156
2021-06-11,443.37033577576744,448.62258325821585,442.454359516259,447.501953125,387000,440.5113586425781
2021-06-14,448.1159220826234,454.69339507754427,446.43988332997066,452.4132080078125,582100,443.9219116210937
2021-06-15,452.62763423909377,452.66662018750566,445.7967964862245,450.92236328125,469100,446.4671630859375
2021-06-16,452.0136254317996,454.03072402653436,441.64559591458203,442.239990234375,468000,447.03038330078124
2021-06-17,442.6980329289412,444.1889256093098,437.2899003940413,443.27294921875,506400,447.2700927734375
2021-06-18,439.0048934158005,444.5202298381805,437.7478866675703,437.92327880859375,657600,445.35435791015624
2021-06-21,440.59319635666856,447.4824967377181,438.67354768615496,446.58599853515625,328600,444.188916015625
2021-06-22,446.342371508042,450.1621906026976,445.4166710573057,448.2327880859375,325600,443.6510009765625
2021-06-23,447.0342236036591,449.8698483313669,445.44588122039306,445.7479553222656,278200,444.35259399414065
2021-06-24,448.1061502515476,450.61046922875437,444.9099869134897,449.80169677734375,363200,445.65834350585936
2021-06-25,450.5715369601794,454.732387003959,449.77248864882523,454.157470703125,701700,448.9051818847656
2021-06-28,451.8091244420186,456.15512111721637,450.61055181898087,456.0771789550781,475000,450.80341796875
2021-06-29,456.9346488666377,459.31225630998193,455.18063813744965,455.6776123046875,450900,452.2923828125
2021-06-30,455.550914151368,460.0235922854375,453.7774253806513,458.1819152832031,473900,454.7791748046875
2021-07-01,458.40601756377396,459.26352992490604,456.4766444887896,458.415771484375,477100,456.5019897460937
2021-07-02,458.27924683262665,461.84570178736186,458.27924683262665,460.5204772949219,327600,457.77459106445315
2021-07-06,459.70199847354235,463.4925560493632,457.1392155423975,462.0406494140625,332800,458.96728515625
2021-07-07,463.1655883086173,471.7020788777598,463.1655883086173,470.0630798339844,408900,461.84437866210936
2021-07-08,465.86794937900856,466.0143130239744,460.82412002716535,463.6435852050781,402300,462.93671264648435
2021-07-09,465.5948279851751,469.6338218824567,464.5314287147254,469.4386901855469,386800,465.14129638671875
2021-07-12,471.7020106588182,471.7020106588182,468.9118124358879,470.5703125,261800,467.15126342773436
2021-07-13,469.8678882671929,471.3605532370197,469.07765562274994,469.9654541015625,311600,468.73622436523436
2021-07-14,469.88744946129844,476.102009439005,469.0971869932137,474.5995788574219,289600,469.6435241699219
2021-07-15,473.16544578586183,476.39467562166,471.69228198402067,474.7264099121094,392500,471.86008911132814
2021-07-16,474.78489048194695,479.06775350562515,473.0385603858486,474.1214904785156,342600,472.79664916992186
2021-07-19,470.2093538010304,472.3556830655126,466.15085922913556,469.9654541015625,408300,472.67567749023436
2021-07-20,471.5459149016845,481.1458034086066,471.5459149016845,479.5653381347656,475000,474.595654296875
2021-07-21,480.59947259153,482.7945698755404,478.6092427176118,481.7409362792969,446300,476.02392578125
2021-07-22,482.8531624296174,484.9799609125372,478.64833350021723,479.60443115234375,587500,476.99953002929686
2021-07-23,483.8092863042856,487.0287509796078,478.23862455057116,484.51171875,521000,479.07757568359375
2021-07-26,483.8384578838231,485.3018560433847,474.65806985675715,477.8287658691406,492900,480.6502380371094
2021-07-27,477.6044739712256,481.31176799950634,473.42891148209316,481.2825012207031,620300,480.99367065429686
2021-07-28,481.36041591489135,482.8043127789983,474.01415853937664,476.4433898925781,377700,479.9341613769531
2021-07-29,479.0190321476017,481.0775314163412,476.7946679753889,479.8482971191406,479200,479.9829345703125
2021-07-30,478.8531735812997,480.41413770610484,477.14587558261906,479.3507385253906,407900,478.95073852539065
2021-08-02,482.13120966870713,482.13120966870713,475.7312834404877,476.4337158203125,321200,478.671728515625
2021-08-03,477.25328601528315,481.22398116419373,474.550887453572,480.27764892578125,345300,478.47075805664065
2021-08-04,480.2579927031877,483.8286877511894,476.2190293032589,478.15069580078125,287400,478.8122192382813
2021-08-05,480.1897583594457,481.2336264851841,474.5312672543086,477.8678283691406,365000,478.41612548828124
2021-08-06,478.43365564264445,480.1409535786052,475.12639112289827,476.0531921386719,307000,477.7566162109375
2021-08-09,475.3410575298114,475.4093268246436,471.09719640697045,473.51666259765625,301000,477.17320556640624
2021-08-10,475.1361149472069,475.1361149472069,466.53135619322063,467.7020568847656,632800,474.6580871582031
2021-08-11,469.06796737917415,470.7850310736198,463.6046370294243,468.75579833984375,636300,472.77910766601565
2021-08-12,468.42404965931263,468.9508516057836,464.0533560601328,467.7996520996094,470600,470.7654724121094
2021-08-13,469.6630945451687,471.63379370781894,466.10216432881816,469.0289611816406,268300,469.3606262207031
2021-08-16,468.3752999576127,474.48255895921164,466.23873585874395,473.3508605957031,288400,469.3274658203125
2021-08-17,472.91175842100205,474.5312560210533,469.6532619629156,474.0727233886719,254200,470.6015991210937
2021-08-18,471.62396746116065,473.877598223538,466.5313407235874,466.5898742675781,289800,470.1684143066406
2021-08-19,464.1899249467158,468.52158626011703,463.4094577691125,465.4484558105469,540200,469.69817504882815
2021-08-20,467.57524802686135,470.3849774659421,466.2386823720144,468.2289123535156,883200,469.5381652832031
2021-08-23,470.14110878123574,473.0581697677609,467.82894412816876,470.4728088378906,406400,468.9625549316406
2021-08-24,472.6776163902767,472.9507828620832,466.843524875302,467.7410888671875,236700,467.69622802734375
2021-08-25,467.5362511263739,469.6240171991887,464.9606558519694,467.7996520996094,339500,467.93818359375
2021-08-26,467.5264731912347,467.5264731912347,464.3167446993975,466.4240417480469,236500,468.13330078125
2021-08-27,468.39476512662674,471.2922949982006,464.6875012827633,466.8728332519531,222300,467.8620849609375
2021-08-30,467.31190299374504,473.4191620257568,466.94117062436294,470.8728332519531,157100,467.94208984375
2021-08-31,470.2581626384928,472.95082508160635,467.7606318810512,471.4874267578125,288500,468.691357421875
2021-09-01,471.8387192326714,473.5850200231269,467.7606927456545,471.4484558105469,297700,469.4211181640625
2021-09-02,473.27272117649875,475.1361184635459,471.0581226112627,474.3751525878906,214000,471.01134033203124
2021-09-03,473.50691612229906,477.31174574957276,471.0093854042469,474.3556823730469,270700,472.50791015625
2021-09-07,474.6775548474791,475.3117178465534,465.09719785193323,465.10693359375,305900,471.3547302246094
2021-09-08,464.3850181624693,471.57517639010047,464.3850181624693,470.6873779296875,297000,471.19472045898436
2021-09-09,470.4434937039627,474.6093196761783,466.3459965668403,467.2240295410156,291300,470.34983520507814
2021-09-10,469.1264936991955,470.00455656671426,462.0339000979166,462.3948669433594,334400,467.9537780761719
2021-09-13,466.7850279545834,466.7850279545834,456.2290707870971,460.3558349609375,373400,465.15380859375
2021-09-14,460.5118833352872,460.99968271723986,456.38508984571985,457.28265380859375,177300,463.5889526367188
2021-09-15,456.41442980305646,464.88265105903287,454.6095956187586,463.21435546875,249500,462.09434814453124
2021-09-16,464.0436042712922,464.0436042712922,458.96074241055345,462.16070556640625,215700,461.08168334960936
2021-09-17,459.6046410623742,460.1607395727888,454.5510459793484,455.2632141113281,706000,459.6553527832031
2021-09-20,450.7071898998276,456.2680857581766,446.7364952369699,450.2486572265625,386200,457.6339172363281
2021-09-21,451.3803956079106,454.5022944969749,447.0584694758141,447.26336669921875,407600,455.63005981445315
2021-09-22,450.4535314603991,452.69739705192535,446.73650198238937,449.7218322753906,273100,452.9315551757812
2021-09-23,451.1267050053475,454.4144686373208,450.62914002348117,451.43890380859375,264500,450.7871948242188
2021-09-24,451.23396416093806,454.6778268706605,449.9559320640638,454.6290588378906,239900,450.6603637695313
2021-09-27,452.02422176318754,454.0534841324258,447.6730590390419,450.4632873535156,377000,450.7032897949219
2021-09-28,449.2633129067503,449.7608778946319,440.8048569773475,441.8585205078125,279600,449.6223205566406
2021-09-29,442.3853791011973,447.74140809163646,441.7317146701644,444.42437744140625,208000,448.5628295898438
2021-09-30,446.4340158875537,448.4047147411247,434.9219322082269,435.243896484375,408000,445.323828125
2021-10-01,437.8585055718766,440.2194678247135,428.6781170704391,436.65850830078125,357400,441.72971801757814
2021-10-04,441.04863751998545,446.43396128050176,433.6536126363012,434.61944580078125,547400,438.5609497070312
2021-10-05,435.1890311228755,443.02322378290603,433.70422536634374,436.54681396484375,467400,437.4986083984375
2021-10-06,433.30375459711234,443.56050548983654,432.11201663429597,443.3065490722656,510500,437.27504272460936
2021-10-07,446.26635964101933,451.67802520453523,441.49940772028395,442.8474426269531,338300,438.795751953125
2021-10-08,443.5311755487376,445.367627036743,438.08045851211125,441.128173828125,306400,439.68968505859374
2021-10-11,440.7961279438559,444.4201719728935,440.7961279438559,441.76318359375,275100,441.1184326171875
2021-10-12,443.09162776445214,443.951245909777,440.12204593803597,441.69476318359375,311900,442.1480224609375
2021-10-13,442.6618323292901,447.1650200471882,440.7081655063048,445.8658447265625,512800,442.6598815917969
2021-10-14,448.57167569392874,452.43017970666824,446.7450019305851,452.0687561035156,234000,444.5041442871094
2021-10-15,453.54370016685857,458.99444680579774,453.54370016685857,456.2690734863281,299800,447.53232421875
2021-10-18,453.75866952378357,459.41454362180383,452.96743680356104,457.67578125,295700,450.71484375
2021-10-19,461.46584155714373,464.4451713188141,458.41812630715737,463.14599609375,271700,455.0050903320313
2021-10-20,463.8884566281371,465.7053525566102,460.2155532751917,463.9372863769531,292100,458.6193786621094
2021-10-21,462.1594259408672,470.3062131399873,459.22892566158987,470.09130859375,418100,462.22388916015626
2021-10-22,478.6483293944027,493.30082927382324,473.76416276792924,475.9132080078125,598600,466.1527160644531
2021-10-25,473.3050369223368,479.5079343298316,467.5515042957673,476.61651611328125,457100,469.94086303710935
2021-10-26,477.0072937011719,479.8108007933485,474.7117292458843,477.0072937011719,252600,472.71312255859374
2021-10-27,478.88271780956075,479.9572403351646,469.57349822922896,470.0423889160156,320900,473.93414306640625
2021-10-28,470.101072464948,476.76308338927845,470.101072464948,475.2880554199219,308400,474.97349243164064
2021-10-29,474.7410447699575,477.0659130922291,472.21104977530615,476.5677185058594,360900,475.10439453125
2021-11-01,477.87663507546205,479.30283323088804,466.14488680655984,468.0887756347656,335500,473.3988464355469
2021-11-02,469.1242399912538,469.9252505331827,465.36342544201176,467.9031982421875,336800,471.57802734375
2021-11-03,466.877530212843,468.39161004160934,458.5646685327785,467.4049987792969,299100,471.05054931640626
2021-11-04,467.60039458000705,476.9877494848105,467.60039458000705,476.3528137207031,427200,471.2635009765625
2021-11-05,476.6653133432088,480.4651791136408,471.7127617031377,473.080322265625,345700,470.56602172851564
2021-11-08,474.68244476191234,477.31990697716833,469.9350187365698,477.1831359863281,263400,472.3848937988281
2021-11-09,477.18313692737917,478.40417873118514,473.39301839867085,478.0427551269531,377600,474.4128051757813
2021-11-10,476.7532924741428,478.3846173197174,470.7555510801152,474.6531066894531,285900,475.8624267578125
2021-11-11,474.69220535719484,474.69220535719484,466.0374458824069,468.2353210449219,275000,474.2389282226562
2021-11-12,471.4197788845112,476.84119203221815,467.06311050699617,476.4309387207031,245200,474.9090515136719
2021-11-15,475.57137668731343,480.16247606994983,474.0182150608193,474.379638671875,393700,474.3483520507813
2021-11-16,475.7179183725314,483.37628949760244,474.5847879260362,480.8853759765625,284300,474.9168762207031
2021-11-17,481.37375356852806,482.1259045766465,473.18788466815585,479.4103088378906,317800,475.8683166503906
2021-11-18,480.53358173607285,482.40911472480576,473.5785336468208,475.38568115234375,367300,477.298388671875
2021-11-19,477.476176306949,489.872195117029,475.25877511714805,486.8830871582031,816100,479.388818359375
2021-11-22,488.4166821671481,489.92101389518774,480.6606228694867,481.44207763671875,290200,480.8013061523437
2021-11-23,480.37733731749876,480.37733731749876,471.00950884362175,474.3893737792969,322200,479.5021057128906
2021-11-24,472.78733627807264,473.88138484852624,465.9201990943911,473.6371765136719,340000,478.34747924804685
2021-11-26,469.173050594398,473.8520907328769,462.71619639786275,464.3572692871094,280100,476.141796875
2021-11-29,466.3793597042393,471.67378025199554,464.21078827629066,470.3257751464844,281300,472.83033447265626
2021-11-30,466.92633392523123,468.30367250424774,450.59367937877033,453.3971862792969,759600,467.2213562011719
2021-12-01,457.5194487712128,462.0324142501659,448.9330749511719,448.9330749511719,375300,462.1300964355469
2021-12-02,450.22252210713805,457.470639277332,449.80249088660975,456.4449462890625,440100,458.691650390625
2021-12-03,457.4803894047349,459.1117143575162,449.1284754614036,455.27276611328125,417800,456.8747497558594
2021-12-06,457.812498078752,463.32182265701715,453.70000822225006,461.2314147949219,286800,455.0558776855469
2021-12-07,464.2791544813728,467.52221870947176,458.5353693265024,460.9969787597656,473600,456.5758361816406
2021-12-08,460.0298579266079,462.1789030232034,457.6952121257344,460.92852783203125,479200,458.9749267578125
2021-12-09,460.5769172510618,460.6746065466366,456.3472420290202,456.982177734375,252200,459.082373046875
2021-12-10,459.07258878833335,462.62827646019633,457.7441097530798,462.45245361328125,269800,460.518310546875
2021-12-13,463.5074740399902,465.8811721792674,460.24485388007764,464.94342041015625,324200,461.2607116699219
2021-12-14,462.8041127817525,464.7284757128082,450.91603755384835,455.4876403808594,406100,460.1588439941406
2021-12-15,456.4644392634874,470.5503586987641,456.4644392634874,468.1571350097656,542500,461.6045654296875
2021-12-16,470.0619325527815,477.13422574456376,468.87997263539387,475.6689758300781,574300,465.3419250488281
2021-12-17,475.44432963144794,476.5579041497081,462.4035984378605,464.5037841796875,849500,465.7521911621094
2021-12-20,459.86380316297937,460.4010793657962,450.81834705151635,456.18115234375,394500,463.99973754882814
2021-12-21,459.55125863276425,463.2729912887494,455.2629459433006,461.2802429199219,281000,465.15825805664065
2021-12-22,462.0520028697342,463.43908968424705,456.7868562293031,462.0031433105469,454700,463.9274597167969
2021-12-23,462.8725236040068,469.9154842392047,462.8725236040068,467.24871826171875,373000,462.243408203125
2021-12-27,469.8568735434003,477.1538203602921,468.12788912724636,476.7142333984375,282600,464.685498046875
2021-12-28,477.2222250782687,481.4616787012554,474.682452129821,480.6899719238281,371000,469.58726196289064
2021-12-29,478.970752584913,482.86833848569034,478.5604992125737,479.625244140625,267000,473.2562622070312
2021-12-30,478.81443107758514,481.57885642682436,477.7594343330651,477.82781982421875,314800,476.42119750976565
2021-12-31,476.9388560766006,482.5947291991583,475.6592068455533,480.4652099609375,241800,479.0644958496094
2022-01-03,479.6447165943959,480.94392168664734,461.36817236046113,463.966552734375,369400,476.51495971679685
2022-01-04,464.4549884582671,466.3402698086218,458.1153490874086,459.26800537109375,569900,472.23056640625
2022-01-05,459.99083352476197,463.41952823424805,454.4815087529491,455.7220764160156,494900,467.44993286132814
2022-01-06,455.5755527204145,464.42566068428204,452.67435641367723,460.5769348144531,397400,463.999755859375
2022-01-07,458.91410541622815,462.86571660214656,450.89354332877946,451.33367919921875,375300,458.17344970703124
2022-01-10,447.489694103043,448.6341071104164,436.368479596063,443.7043762207031,619000,454.1210144042969
2022-01-11,442.10024293082023,451.3923785944108,435.4001479374713,450.2088623046875,514800,452.30918579101564
2022-01-12,453.4562258384411,456.595981211672,451.2456661206108,454.3560791015625,344500,452.035986328125
2022-01-13,455.58848580131536,456.2144965903928,444.17381844600504,445.7681579589844,422900,449.07423095703126
2022-01-14,442.6676028080854,442.74583924361724,426.9492133783941,438.001953125,754100,446.4078857421875
2022-01-18,431.7908802141369,436.2217605090597,427.9957716463314,435.68377685546875,731700,444.80376586914065
2022-01-19,438.14868575505096,444.2716941391159,432.3093105624498,432.7983703613281,529100,441.32166748046876
2022-01-20,436.0163458906975,441.4351366157187,429.0912725338642,430.1182861328125,447500,436.47410888671874
2022-01-21,431.1941759408739,435.2240233099734,427.5947035189439,428.3576354980469,592700,432.99200439453125
2022-01-24,423.0268950406012,425.38416662893576,410.21355340875505,424.94403076171875,967800,430.380419921875
2022-01-25,418.52759210070633,421.7553747029428,410.30160303397685,418.4786682128906,570500,426.93939819335935
2022-01-26,422.43023913398156,427.2719125736952,411.1133897649587,417.48095703125,623900,423.87591552734375
2022-01-27,422.23470548632554,423.6529909931251,412.2774540912168,414.2141418457031,583500,420.69508666992186
2022-01-28,414.4585977358963,426.1080048792259,408.4040354784928,425.94171142578125,539700,420.21190185546874
2022-01-31,424.1420264447396,427.74149957444024,420.4740777759255,427.59478759765625,847600,420.74205322265624
2022-02-01,427.487118015693,433.0232779997989,423.0171345606316,432.31903076171875,647700,423.5101257324219
2022-02-02,435.85986116950824,452.9671932926513,435.85986116950824,442.4230651855469,896500,428.49854736328126
2022-02-03,444.0662736578856,454.3560805306238,439.8505808047593,451.363037109375,1082100,435.92832641601564
2022-02-04,447.8907131887192,447.8907131887192,436.25109686539747,438.1486511230469,526000,438.3697143554688
2022-02-07,438.6279102194205,440.2026682838107,433.14064431186927,433.5221252441406,419900,439.5551818847656
2022-02-08,432.1625745559283,438.4812487343147,427.5654302945404,436.03594970703125,367500,440.29856567382814
2022-02-09,440.1538117635325,447.71468687599094,438.4029693543399,444.134765625,405200,440.6409057617187
2022-02-10,439.8212030950902,441.2296975154992,430.4997257689575,432.63201904296875,515800,436.8947021484375
2022-02-11,433.15048030318576,436.0359450645956,424.8462544468948,428.2500915527344,469700,434.914990234375
2022-02-14,427.94681740391036,433.95248524444895,427.0567251091479,432.5146484375,568700,434.7134948730469
2022-02-15,436.661894129785,439.41040761805044,429.8248481746142,432.2799377441406,460800,433.96229248046876
2022-02-16,430.44103137571574,436.16303609960573,426.93934704629555,435.2631530761719,386100,432.18796997070314
2022-02-17,432.05493338589787,434.8719222348427,427.8392408591264,428.6021728515625,416800,431.3820007324219
2022-02-18,429.69773277489907,433.11136073568196,427.70236036938616,430.6954040527344,731400,431.8710632324219
2022-02-22,431.2040144411826,434.2948758359547,424.33759601899544,429.5998840332031,524300,431.2881103515625
2022-02-23,430.88126696045316,432.5342915933417,419.2807819839245,419.7796325683594,491800,428.7880493164063
2022-02-24,411.3188949288574,434.8231106647729,410.8396258168188,434.3438415527344,552500,428.60418701171875
2022-02-25,433.1113111483246,440.30049558418824,428.9836455834357,438.6083679199219,400800,430.6054260253906
2022-02-28,436.4272598700268,440.3788720743887,430.0499297549416,438.412841796875,540800,432.14891357421874
2022-03-01,439.3810400035089,443.8706048015269,433.4047443528272,436.49560546875,568300,433.52805786132814
2022-03-02,439.4299599218074,440.5645820819587,432.74938726718574,439.2538757324219,571400,437.42290649414065
2022-03-03,443.8902471431896,446.5213912735949,437.6791816697439,440.0657958984375,561900,438.5672973632812
2022-03-04,437.806350079068,447.1278289104535,434.5394341138542,444.63360595703125,444000,439.7723449707031
2022-03-07,444.3303686483414,445.7975480110363,435.0675750778671,435.42950439453125,460600,439.17567749023436
2022-03-08,435.39041019636113,438.0019729796344,424.640884656158,428.934814453125,770500,437.66351928710935
2022-03-09,433.2189469904588,437.57156121387203,429.52165617008376,433.59063720703125,381200,436.53087158203124
2022-03-10,427.52627955909105,430.6562741251487,424.73863281273356,426.84161376953125,496300,433.88603515625
2022-03-11,428.9542860823486,429.8052751039476,422.66498498890843,422.850830078125,440700,429.52947998046875
2022-03-14,421.8336192880111,430.70517101664916,421.1880567851166,425.579833984375,369200,427.5595458984375
2022-03-15,428.8075460697613,437.5910691727203,426.33290514089776,436.0456237792969,321800,428.98170776367186
2022-03-16,436.47603151063646,443.9977727740521,432.8374258151352,443.5380554199219,400200,430.97119140625
2022-03-17,441.131880550088,451.87164306640625,440.8971414294594,451.87164306640625,360300,435.977197265625
2022-03-18,449.9349975728059,458.52288611509323,445.9833861926895,458.28814697265625,905500,443.0646606445313
2022-03-21,456.81118739331504,458.1414455473517,449.50463291848894,452.5466003417969,391600,448.4580139160156
2022-03-22,452.8693417871488,454.10178194525673,450.62943970847556,453.71051025390625,294100,451.9909912109375
2022-03-23,452.458480586229,454.1310863322111,449.6121792637751,451.9107360839844,259000,453.66552734375
2022-03-24,452.6150241929725,453.837673612044,448.7808123306743,451.353271484375,224900,453.5618530273438
2022-03-25,452.6150199017799,455.9895442063595,449.3285526223972,455.666748046875,205900,453.0375732421875
2022-03-28,454.67888821474247,462.1712877050701,452.7030675788785,461.9267578125,260800,454.9136047363281
2022-03-29,468.0595319548714,469.27239060576204,460.2932605906404,466.20111083984375,297300,457.41172485351564
2022-03-30,465.3403516998977,469.94728618273444,463.7753545313597,467.8541259765625,383500,460.60040283203125
2022-03-31,465.79023500781886,470.11353592586846,461.75059707609324,461.8973388671875,601200,462.70921630859374
2022-04-01,462.10277070304437,468.0301723790427,460.57690669832226,466.51409912109375,397900,464.8786865234375
2022-04-04,467.7677826871217,471.93020210336766,464.9569301223424,471.34259033203125,395300,466.76185302734376
2022-04-05,469.2759973405111,475.25029867511347,466.21049346537205,466.9058837890625,629800,466.9028076171875
2022-04-06,465.5934538656439,472.2043537936056,461.568134811833,469.501220703125,491900,467.2322265625
2022-04-07,468.19862065550035,478.1688600427588,466.85685757517217,475.26983642578125,681100,469.90672607421874
2022-04-08,475.103446724516,476.69005825650686,471.65596498715723,472.2240295410156,479500,471.0487121582031
2022-04-11,472.06726625707853,473.9085292562056,467.80690217100334,470.8724060058594,413800,470.9546752929688
2022-04-12,471.77343908404015,474.12397540463814,460.588762163433,460.8042297363281,479700,469.7343444824219
2022-04-13,460.97074288813303,462.3614636868008,457.05317236324635,459.33514404296875,434700,467.7011291503906
2022-04-14,459.1098402925068,462.39081135125593,451.3236873618278,451.65667724609375,347000,462.97849731445314
2022-04-18,450.3541155443889,452.47941077633254,443.9978667192933,447.2004699707031,236400,457.9737854003906
2022-04-19,448.38549965808016,454.2912354763881,447.2395972357122,453.2138977050781,371000,454.44208374023435
2022-04-20,457.34699893815696,460.7748733028895,455.1923230962767,459.1098937988281,635600,454.10321655273435
2022-04-21,463.5171420530332,467.2584290956231,457.9052413778396,459.609375,562800,454.15806274414064
2022-04-22,457.98361130897683,461.0099311766806,444.40924278265373,444.7226257324219,620700,452.77125244140626
2022-04-25,445.54535901010445,446.5835129247563,437.9060776949726,445.88812255859375,1039100,452.5087829589844
2022-04-26,450.93192513502163,466.57282514987423,446.6029969695136,462.2830810546875,1022200,454.32261962890624
2022-04-27,464.1440033476149,469.39353393303077,458.3949729151092,464.9079284667969,776700,455.4822265625
2022-04-28,469.8636158527762,477.42452817783595,467.17028611104587,473.4286193847656,553000,458.24607543945314
2022-04-29,468.6296404764432,471.7343287317127,456.3186959803884,460.23626708984375,2822200,461.3488037109375
2022-05-02,456.3970110474723,460.10891785379573,443.3123385537145,449.81549072265625,805300,462.13427734375
2022-05-03,450.89269299162027,451.3725857193098,439.8745281226944,441.83331298828125,761700,458.04432373046876
2022-05-04,440.07047933796787,456.6516193565549,437.9354105679025,454.8201599121094,822600,456.0267700195312
2022-05-05,451.85265927676954,456.024882274557,431.295213449801,434.3607177734375,763800,448.21318969726565
2022-05-06,430.94255213859185,432.78381502864244,423.38163998949113,430.2471618652344,676800,442.2153686523437
2022-05-09,424.3414512676033,427.2698556745007,422.2651435898998,423.9986877441406,574300,437.0520080566406
2022-05-10,427.96520465280327,429.4930547856645,416.80990809606095,421.7166748046875,674000,433.0286804199219
2022-05-11,419.72854486783075,425.3404759558212,416.6630408488457,420.5218505859375,642600,426.1690185546875
2022-05-12,415.04699193415445,423.1074037357966,413.43100013317706,420.0027160644531,679700,423.29741821289065
2022-05-13,422.31413286545444,426.3883800860987,415.62486416624876,421.4620361328125,655200,421.54039306640624
2022-05-16,420.0810769427456,424.5079206273259,415.88927791207715,421.0016784667969,480100,420.9409912109375
2022-05-17,426.8584962427022,429.95338065593467,420.11049631165724,423.84197998046875,472500,421.3660522460938
2022-05-18,420.5120351614993,421.1388608358277,402.3345090476809,403.0005187988281,643500,417.8617858886719
2022-05-19,399.7097115220611,407.7015588924997,393.7745946325434,404.6654357910156,685600,414.79432983398436
2022-05-20,408.21086651670504,413.54856870172506,402.17783377031793,408.8572692871094,663400,412.27337646484375
2022-05-23,414.439802427348,417.348599828957,409.86602554490725,415.1743469238281,624800,411.10791015625
2022-05-24,413.2057067782126,420.1593997921371,412.3340629594564,418.1712341308594,510700,409.9737609863281
2022-05-25,416.03620869300494,418.8078767183676,414.4789779791337,416.96661376953125,529300,412.76697998046876
2022-05-26,419.5717798672053,425.67340646703565,418.4650614575528,423.60687255859375,412000,416.5552673339844
2022-05-27,428.05329339317814,434.74256105796223,427.1424655207501,434.7327575683594,387900,421.73036499023436
2022-05-31,430.560615170776,436.4663519723994,428.13174039688886,433.322509765625,2166300,425.35999755859376
2022-06-01,434.5466947524636,436.3683505985771,420.68829576972604,421.9516906738281,640100,426.1160888671875
2022-06-02,423.0192716728764,432.64668793301615,420.6785089750657,432.34307861328125,462700,429.1913818359375
2022-06-03,430.0513664983644,430.1688888472651,421.4718763642697,423.15643310546875,511100,429.1012939453125
2022-06-06,423.87132224529904,423.87132224529904,414.61605042676587,416.447509765625,787000,425.4442443847656
2022-06-07,412.9608916321055,419.99292345997867,411.3644768816853,419.4346923828125,456700,422.66668090820315
2022-06-08,416.3986100211322,417.7599503519627,408.72017472724485,409.4449157714844,451100,420.1653259277344
2022-06-09,406.67323783202477,409.2490155027777,397.4669226259383,397.85870361328125,407500,413.26845092773436
2022-06-10,391.91379684448395,391.98236150859435,380.74872574520515,382.6389465332031,742400,405.1649536132812
2022-06-13,375.4893336025102,384.34302095892525,373.7949736881628,377.2914123535156,1260000,397.3337341308594
2022-06-14,377.32079411129126,380.84658348064096,371.80680911574086,372.8155822753906,912800,388.009912109375
2022-06-15,376.8017389167643,381.75746325473506,373.60890936488204,376.390380859375,789000,381.3990051269531
2022-06-16,368.39857519550037,372.316146177005,363.9325466676807,364.6181335449219,807500,374.7508911132812
2022-06-17,364.33404414237344,369.79904165348546,361.8953661532206,366.9881896972656,1620300,371.62073974609376
2022-06-21,368.5845772817881,375.34237969006364,368.5845772817881,374.7449645996094,649200,371.1114501953125
2022-06-22,370.88622903032865,377.5363139231809,369.90683631692394,375.4403991699219,548600,371.63641357421875
2022-06-23,377.5362942703052,386.41936300306537,375.1171931985755,386.1549377441406,734200,373.5893249511719
2022-06-24,389.455568190396,400.48354145434746,388.3978370434185,399.3082580566406,945600,380.5273498535156
2022-06-27,398.05455001340596,398.24063700914536,389.49466776416216,390.5523986816406,505900,385.2401916503906
2022-06-28,391.7668084925834,394.10754105535926,383.37340748710744,383.6182556152344,467800,387.0148498535156
2022-06-29,385.1853501548632,386.69359334132963,382.00232398891796,385.4399719238281,366600,389.0147644042969
2022-06-30,381.9631336205973,388.25084758660694,379.1424780055161,386.5173034667969,525700,389.0872375488281
2022-07-01,386.7034231883472,393.5004111478209,385.71422696343734,392.4132995605469,392300,387.7082458496094
2022-07-05,389.7590701050158,393.6570634067221,383.2363118127849,393.31427001953125,582300,388.2606201171875
2022-07-06,395.5864934385964,400.3757080105516,391.0812812185788,396.4091796875,628200,390.8188049316406
2022-07-07,394.57490193366533,397.48816179532696,393.24086893220675,394.7024230957031,440700,392.6712951660156
2022-07-08,391.7106552731386,397.0663342691507,391.11232361600753,394.3394470214844,412700,394.2357238769531
2022-07-11,390.72978843316014,393.0839309145462,387.5222719215443,389.73907470703125,319000,393.70087890625
2022-07-12,390.4943739114624,393.8392300397111,382.01942525785654,383.4711608886719,605600,391.7322570800781
2022-07-13,377.1836327911024,379.98900864938963,372.91673265328194,377.68389892578125,419500,387.98720092773436
2022-07-14,373.91725545052293,381.8919081372614,373.4562335174799,380.72467041015625,380400,385.191650390625
2022-07-15,387.66943889777065,389.64104801576093,384.04993287182805,387.60076904296875,489100,383.8439147949219
2022-07-18,386.9631582251237,389.6410129101904,383.2161313591597,384.3539733886719,395800,382.76689453125
2022-07-19,388.92494456498196,397.40968200931394,387.9636564980696,396.4091796875,444600,385.3544982910156
2022-07-20,397.0762299891403,402.8733248917501,394.90845972510766,400.5780334472656,439900,389.9333251953125
2022-07-21,400.5289164029448,406.79685098306817,400.0286802157304,404.8448791503906,412100,394.7573669433594
2022-07-22,406.0906019720569,409.59240492697637,401.93161601400624,403.0694580078125,375600,397.8511047363281
2022-07-25,400.9801471296798,407.39518002386313,398.2924739936183,405.4824523925781,440900,402.07680053710936
2022-07-26,404.23673591296466,405.65904603026075,401.07828187634084,403.38336181640625,529600,403.4716369628906
2022-07-27,404.4721554562826,411.72095566472996,403.35392052168805,410.2986755371094,551700,405.4157653808594
2022-07-28,411.2403216186665,428.91604273386565,409.99459546378375,427.3662414550781,547900,409.9200378417969
2022-07-29,426.4442434842383,430.3874319229968,423.7173556721064,428.32757568359375,510500,414.97166137695314
2022-08-01,424.6000524280189,427.82720565282085,421.8731652777101,424.1292419433594,396900,418.7010192871094
2022-08-02,424.6099782464646,424.6099782464646,417.8908392014784,418.1556701660156,418200,421.6554809570313
2022-08-03,418.567669738467,422.8247520140288,416.1742826623188,421.5986328125,432600,423.91547241210935
2022-08-04,420.76486780379923,423.78604229432807,417.7437232478214,422.6187744140625,332400,422.9659790039062
2022-08-05,419.06781260577986,424.09977918275166,418.2242272774576,423.668212890625,310100,422.0341064453125
2022-08-08,427.2877594215475,429.0337816789404,421.5985790260847,422.7756652832031,320900,421.7633911132813
2022-08-09,420.75500063335966,422.5794513047749,418.0673274770129,420.63726806640625,374400,422.25971069335935
2022-08-10,430.45608013738223,430.77979234241815,425.88510455047845,430.29913330078125,398000,423.99981079101565
2022-08-11,431.5939041403282,434.85048351040564,425.1102009944391,425.4142761230469,292700,424.5589111328125
2022-08-12,427.2190752860578,431.1622629505358,424.9237842633427,430.7110595703125,282700,425.96748046875
2022-08-15,429.3378752099827,433.0848724221709,427.00333965851286,431.01519775390625,244600,427.6153869628906
2022-08-16,428.26860695766254,431.63309999295046,426.17932548252645,427.99395751953125,355500,429.08672485351565
2022-08-17,424.2862165647297,427.90572233091234,421.93207401738283,425.7085266113281,316900,428.168603515625
2022-08-18,427.31719362549376,427.31719362549376,423.0895078298188,425.4632873535156,318000,428.17840576171875
2022-08-19,423.61922434584295,425.1984812550542,419.0090346585841,425.0415344238281,325400,427.04450073242185
2022-08-22,421.01985119545884,422.2067260403308,413.4277317055396,414.0653076171875,376800,423.65452270507814
2022-08-23,410.4849990708177,412.9568439876096,405.00179896250984,408.7684326171875,699700,419.8094177246094
2022-08-24,411.1422182307598,412.7018380109299,408.7978942622367,410.6223449707031,470600,416.79218139648435
2022-08-25,413.20216941661704,416.81185714853416,410.8970593391929,416.5077819824219,432300,415.00108032226564
2022-08-26,418.75401356093874,420.8040811332884,401.6962300293999,402.00030517578125,372100,410.39283447265626
2022-08-29,398.5278839104397,404.04050965691334,398.38075563037324,401.3430480957031,318500,407.8483825683594
2022-08-30,403.5305256964987,405.61001891133463,396.2718766392885,399.9600524902344,566300,406.0867065429687
2022-08-31,403.118519406616,404.5408294834677,394.76130270868094,394.8887939453125,630100,402.93999633789065
2022-09-01,390.7788370446149,397.9099340792553,390.7788370446149,397.40966796875,493700,399.12037353515626
2022-09-02,402.0297355740799,402.5594274207637,391.78921612366986,393.26055908203125,295500,397.37242431640624
2022-09-06,390.83771307194246,393.19185561718393,387.55170809223927,389.3369445800781,502600,394.97120361328126
2022-09-07,390.1707162123788,400.19546746588793,389.7489384138786,399.06744384765625,364600,394.7926818847656
2022-09-08,396.6446391547241,402.0395634609124,396.6446391547241,400.28375244140625,334100,395.8716735839844
2022-09-09,401.38232360891266,403.805135924913,400.36218422992687,402.323974609375,542800,396.8545349121094
2022-09-12,404.8546581025285,405.83555326093716,399.263573660326,401.441162109375,1085900,398.49065551757815
2022-09-13,394.09436967550647,396.3602358593916,386.59052517468217,387.6204833984375,526700,398.14736328125
2022-09-14,387.9833042200087,391.32816051683324,386.61984549380054,388.6208801269531,436400,396.05805053710935
2022-09-15,387.47324306019436,389.1603841406177,376.5656923268034,376.6637878417969,582600,391.3340576171875
2022-09-16,373.40719492569445,377.8408605940945,371.5533184774007,374.8000793457031,891000,385.82927856445315
2022-09-19,372.5244105341065,376.2027678567487,369.9250440130156,375.0453186035156,640800,380.55010986328125
2022-09-20,372.3478520646141,372.6519272048452,365.7464160929635,371.30810546875,700500,377.2876342773437
2022-09-21,373.88790248728833,376.6736417543853,365.0794512615532,365.2854309082031,370400,372.62054443359375
2022-09-22,363.37259732950764,371.14126966325404,363.37259732950764,368.394775390625,662600,370.96674194335935
2022-09-23,366.57036277747136,371.21982671032174,364.78515613726563,370.7784118652344,744900,370.16240844726565
2022-09-26,371.6317492391378,374.2899667751089,367.44333762873316,369.86614990234375,791900,369.12657470703124
2022-09-27,372.60289846068457,373.6917078802826,357.99738206216983,359.8905029296875,583600,366.8430541992187
2022-09-28,362.12692668984107,365.19713382788746,358.585908956779,363.4511413574219,531000,366.4761962890625
2022-09-29,361.03816676089554,362.2152232465797,356.77126590573135,359.7433776855469,446300,364.74591674804685
2022-09-30,358.85072837826596,361.2146896132302,352.35720636469915,352.7691955566406,663400,361.1440734863281
2022-10-03,356.16305144846046,367.14905967657734,354.7799856307551,365.12841796875,514500,360.1965270996094
2022-10-04,369.52295045073566,375.6045144668457,368.9344071694097,372.6912536621094,445900,362.7566772460938
2022-10-05,367.8376564834964,376.5425794800597,367.8376564834964,373.7915954589844,478900,364.82476806640625
2022-10-06,373.5360803132278,377.67239030608306,372.8581539981896,373.6736145019531,570200,367.6108154296875
2022-10-07,370.1758769959124,371.3057740377568,360.8028647184787,362.9053955078125,577200,369.6380554199219
2022-10-10,364.59540683716904,365.39122831531984,358.1109099922365,358.7298889160156,419400,368.358349609375
2022-10-11,358.6119404999006,366.1477169354626,356.6567781450374,357.7571716308594,540100,365.371533203125
2022-10-12,358.8281143999945,363.386891988728,358.61196352401083,359.54534912109375,699700,362.52228393554685
2022-10-13,350.94843885136135,365.725193130966,349.98557962976173,364.0156555175781,483000,360.5906921386719
2022-10-14,367.85729171226143,370.33317730465217,356.3718810764755,356.8238220214844,469900,359.37437744140624
2022-10-17,364.7034572530296,366.5800030131695,362.9054681971297,364.447998046875,373400,360.51799926757815
2022-10-18,374.21403660997277,374.21403660997277,363.8290201820039,368.82012939453125,440300,362.7305908203125
2022-10-19,364.26129059212633,368.4565480673369,362.40435417923925,364.92938232421875,248700,363.8073974609375
2022-10-20,365.9414030681422,367.32672962745335,360.4296005716582,360.97979736328125,451400,363.2002258300781
2022-10-21,360.57696882330634,366.05929755437523,358.72003216672533,364.24169921875,744400,364.6838012695313
2022-10-24,367.27759895754053,369.23276139109186,364.0746442311007,366.226318359375,1057300,365.0394653320312
2022-10-25,367.59203035098614,373.3298184170521,366.5898626174916,371.38446044921875,1220900,365.5523315429688
2022-10-26,378.41914265601844,390.8968561698185,375.15724029518884,381.8480529785156,1385600,368.9360656738281
2022-10-27,385.8762514173749,395.4359717627706,385.8762514173749,393.3628845214844,1003400,375.4126831054688
2022-10-28,393.88364833638286,406.6168206847282,393.88364833638286,406.4694519042969,773600,383.8582336425781
2022-10-31,404.7500796686057,409.4464213689312,403.71846822169283,407.2849426269531,745700,392.06995849609376
2022-11-01,409.3973082705918,410.9005297979418,402.27419404281727,406.4694519042969,570000,399.0869567871094
2022-11-02,406.39088891686,409.62331761238863,395.2100503761099,396.0648193359375,522700,401.93031005859376
2022-11-03,388.8336191807243,395.34758908712433,387.0945776318723,390.7593078613281,630000,401.4095947265625
2022-11-04,395.94686159346253,396.8212995756487,381.8578379079798,389.0988464355469,857500,397.9354736328125
2022-11-07,390.7101943670914,405.8209962145976,390.7101943670914,405.3985290527344,725300,397.5581909179688
2022-11-08,408.6505964500703,416.67762243771347,405.98803389388667,409.141845703125,873000,398.09266967773436
2022-11-09,407.52070205850407,410.5173103094286,406.6659332123998,408.9158630371094,549600,400.6628784179687
2022-11-10,430.0297661326324,430.7568054199219,422.0420486181547,430.7568054199219,647400,408.6623779296875
2022-11-11,430.3343337385079,435.0110360925696,426.3552268925346,430.6880187988281,609200,416.98021240234374
2022-11-14,430.43255774638465,433.7534071566458,424.5178981517284,425.01898193359375,521800,420.9043029785156
2022-11-15,428.6247930749685,431.6705143519972,424.39022705848134,428.3202209472656,469400,424.73997802734374
2022-11-16,427.3868849397448,427.5146145532901,421.9241951998828,423.8498840332031,474700,427.7267822265625
2022-11-17,417.7091831600113,423.29960137969726,415.21362886211546,422.1009521484375,458200,425.9956115722656
2022-11-18,420.4995096447318,427.3671943235094,414.8992863682799,425.4316711425781,401500,424.9443420410156
2022-11-21,424.0954726362243,430.688029193074,423.9874121930099,426.8955993652344,406200,425.3196655273438
2022-11-22,428.09423809484775,429.4598953880569,420.07704691520195,425.1663818359375,557000,424.68889770507815
2022-11-23,425.83449364084305,428.3398527081862,424.17406885289535,426.0309753417969,651400,425.1251159667969
2022-11-25,425.8246542032912,431.2775085739897,424.9796899500626,428.74267578125,177700,426.4534606933594
2022-11-28,427.05275795069207,427.85841383436434,415.6164621877492,416.6087951660156,549200,424.6888854980469
2022-11-29,415.03684209815407,417.9155555621867,413.32730427016446,417.8074951171875,437500,422.8712646484375
2022-11-30,416.55968538818956,431.25785316133556,415.0171556931875,431.208740234375,589500,424.079736328125
2022-12-01,434.3822574119906,438.4890941859985,432.8593966413704,436.94659423828125,389900,426.2628601074219
2022-12-02,429.9609775528174,437.7620178379273,429.13568243237046,436.1015930175781,292900,427.7346435546875
2022-12-05,435.5219194979949,435.5219194979949,427.89772179506434,429.17498779296875,261100,430.2478820800781
2022-12-06,429.18479734602346,429.18479734602346,423.38806231719656,426.4632873535156,275900,431.9790405273437
2022-12-07,426.473114625822,431.73929199043835,423.751574696471,426.6204833984375,251200,431.06138916015624
2022-12-08,426.728563484559,431.37579221815724,425.215537371413,426.04083251953125,276500,428.88023681640624
2022-12-09,424.88145980923446,427.22961547526853,423.004884202134,423.7810363769531,270300,426.41612548828124
2022-12-12,426.19801498383373,432.27968284456136,424.4294997673054,432.1814270019531,316100,427.0174133300781
2022-12-13,442.12433006233397,443.35245320139603,432.3091795296622,436.08197021484375,421600,428.94114990234374
2022-12-14,435.3941830090627,440.6603903032125,427.8486020937024,431.1105041503906,377900,429.8391540527344
2022-12-15,427.2394460765744,428.15316241572395,419.4875191118268,422.0813293457031,462700,429.04725341796876
2022-12-16,418.69169447811294,419.94929125274507,413.7202548859365,416.9330139160156,655100,427.6776489257812
2022-12-19,416.60885719600077,420.6272726504963,414.03471580323884,415.9407653808594,282200,424.4295166015625
2022-12-20,414.5357465088845,419.70366780869693,413.33709723729083,417.0804138183594,301000,420.62920532226565
2022-12-21,419.7528771521474,425.2450405904847,417.4046911649286,423.2996826171875,251000,419.067041015625
2022-12-22,418.94718418863545,421.23639247470913,413.56308167619954,421.01043701171875,369900,418.8528625488281
2022-12-23,419.56618028148176,422.7298267446679,417.7583865858719,422.5824279785156,189900,419.9827453613281
2022-12-27,422.80836519636955,426.3453654944531,420.7745862770375,425.5691833496094,287800,421.90842895507814
2022-12-28,426.2471332962878,428.7033794751458,418.5345142979789,418.72119140625,200700,422.23658447265626
2022-12-29,421.3542984004325,430.1575066756139,420.4798903142168,429.22412109375,227500,423.4214721679688
2022-12-30,426.80711333706427,428.8408921248189,420.81386738408884,424.5277099609375,271600,424.1249267578125
2023-01-03,428.18264109262986,429.0767182676115,422.50380133058707,426.85626220703125,334900,424.9796936035156
2023-01-04,431.15968598208434,437.4869794228186,428.4676493880965,434.9914245605469,371300,426.8641418457031
2023-01-05,431.7785984990038,433.76323458994057,426.5320603317574,428.2907409667969,254800,428.7780517578125
2023-01-06,432.90881096653203,436.7662618796913,429.8582802489072,436.5891418457031,467300,430.2510559082031
2023-01-09,436.91392371975144,442.21791572190403,435.19185307445963,436.3333435058594,517500,432.6121826171875
2023-01-10,436.8056369334127,438.79338740897646,433.9814162164815,436.3824768066406,323100,434.5174255371094
2023-01-11,438.8032278496646,445.18963926382304,436.8449673922959,444.8944091796875,304100,436.4980224609375
2023-01-12,444.08754343193607,446.1933740013316,438.15378178401124,444.02850341796875,345900,439.64557495117185
2023-01-13,440.5055999425287,444.8255509373535,437.82900933400225,443.782470703125,279600,441.08424072265626
2023-01-17,443.7825019603707,444.96333229315525,436.6088398188884,437.95697021484375,512300,441.4089660644531
2023-01-18,440.98787749688154,441.5586077131528,429.79931296824,430.8227233886719,517400,440.29701538085936
2023-01-19,428.85463362363765,432.0822848539016,425.2825622558594,425.2825622558594,463200,436.37464599609376
2023-01-20,425.40055572711896,435.73297756672787,420.90351494964847,434.54229736328125,462700,434.47740478515624
2023-01-23,434.95564034231876,437.4747809788924,432.7808897686903,435.9593505859375,503700,432.91278076171875
2023-01-24,437.00241108863133,439.76756166258014,433.93221045353687,439.0590515136719,382400,433.13319702148436
2023-01-25,432.2495770114485,437.77987901528184,429.4450559866869,437.1402587890625,382000,434.3967041015625
2023-01-26,439.3838712296362,441.7750820997013,433.5288190690783,437.35675048828125,697700,436.81154174804686
2023-01-27,431.33435274697234,435.3787738201432,425.8729413314449,427.18170166015625,669100,435.33942260742185
2023-01-30,426.246939323404,426.6306994599774,416.01292526420997,416.721435546875,808800,431.49183959960936
2023-01-31,418.96498822493726,421.34634882293307,413.38546677036555,419.9391784667969,929000,427.66786499023436
2023-02-01,415.19614054822,429.41553571656544,413.5429599560793,426.9849548339844,832900,425.6368041992188
2023-02-02,427.95913776749694,433.6272197344422,424.7216366410481,425.6466369628906,806900,423.29478149414064
2023-02-03,422.2615129471001,425.4498238962821,418.7386619346803,423.4718933105469,779000,422.5528198242188
2023-02-06,422.69449378402203,423.9147241621477,419.3979828429737,423.2160339355469,329200,423.85173950195315
2023-02-07,422.15333385676604,429.00224666883094,418.8666425068595,427.61474609375,411200,425.38685302734376
2023-02-08,425.27267894393316,428.05749957833376,419.2601775293854,421.0806579589844,499100,424.20599365234375
2023-02-09,424.48546643454466,426.6011471084697,420.2442550737628,421.8187255859375,412900,423.44041137695314
2023-02-10,420.92321647994936,422.9011469900674,418.6205659011154,420.57879638671875,463100,422.8617919921875
2023-02-13,420.18516715561935,423.97372794755347,419.81122707317314,422.8223876953125,418800,422.78306274414064
2023-02-14,422.7142171220068,425.4301480464639,416.9182050902072,419.9490661621094,313500,421.2499267578125
2023-02-15,418.81734208942765,419.2798421923589,413.9758810418092,414.86151123046875,690600,420.0060974121094
2023-02-16,413.18871242584123,419.47671457721884,411.09270169853943,416.21954345703125,641900,418.8862609863281
2023-02-17,416.4458885641531,422.52725072613396,414.1136877065904,420.8543701171875,601700,418.9413757324219
2023-02-21,417.6562188481714,419.86048954898604,412.3915972178243,416.4556884765625,639000,417.66803588867185
2023-02-22,420.7166316921425,421.20865188122843,414.22195919010244,414.8714294433594,390800,416.6525085449219
2023-02-23,420.56899502249655,425.203816391583,418.83707449794343,424.1607360839844,586800,418.512353515625
2023-02-24,418.41392259721664,422.389423549941,417.54796238002126,421.6022033691406,402700,419.58888549804686
2023-02-27,424.6723926587454,426.6601430814754,421.2282519072528,422.1434020996094,330200,419.84669189453126
2023-02-28,420.3525264430362,424.2788378009993,420.0769963482761,423.33416748046875,584400,421.2223876953125
2023-03-01,421.99586649289296,425.03654761686306,413.35599329002923,414.4778137207031,539200,421.14366455078124
2023-03-02,413.2968676940477,420.7066889064844,412.43090754732896,419.8407287597656,389300,420.2796630859375
2023-03-03,419.47671367372715,424.34772535430415,418.53204335871305,423.2455749511719,433600,420.60833740234375
2023-03-06,423.6097299687359,426.8767213334248,421.92699923190617,422.09429931640625,315500,420.5985168457031
2023-03-07,422.6649910792812,425.3022419828182,414.88122847731273,415.442138671875,376100,419.0201110839844
2023-03-08,415.7570171019214,419.1716380649026,415.42244701134865,417.72509765625,409500,419.66956787109376
2023-03-09,421.0117869625939,426.22721842986505,415.7176454868831,416.0522155761719,486700,418.911865234375
2023-03-10,415.825944423287,418.3844553794874,410.83685256327556,413.6216735839844,847900,416.9870849609375
2023-03-13,413.8972165633947,419.6932289107198,411.5060056083466,414.75335693359375,771900,415.518896484375
2023-03-14,419.4964189347374,423.05867047994184,416.34750760979915,421.2381896972656,648500,416.6781066894531
2023-03-15,416.9477281387556,419.6735391268052,410.1283357230553,414.21209716796875,787500,415.9755065917969
2023-03-16,412.4112874302094,423.73757063434175,410.6793669273215,421.5825500488281,903700,417.0815734863281
2023-03-17,425.16442875330495,425.36124881585795,417.93172689709866,418.8665771484375,1642200,418.13055419921875
2023-03-20,420.6280704995063,431.0293544448402,420.6280704995063,425.2825622558594,561900,420.23639526367185
2023-03-21,426.7782935132582,429.0514242218776,415.79640007433625,423.5703125,948200,420.70281982421875
2023-03-22,425.0562313628114,428.87428260685294,421.2184500621598,421.739990234375,854100,422.2083984375
2023-03-23,421.8974688778682,425.68603040055154,417.675957209949,418.266357421875,852600,421.5451599121094
2023-03-24,418.374595213052,423.8261871137346,417.1937347909921,422.73388671875,673300,422.31862182617186
2023-03-27,426.1878286018509,426.22719861950384,422.70431778741874,423.3931579589844,393700,421.94074096679685
2023-03-28,422.6452462938097,427.18165699071767,421.9957761882753,425.1053466796875,409800,422.24774780273435
2023-03-29,427.368650002694,428.6282202667714,425.44978961684285,427.40802001953125,809900,423.3813537597656
2023-03-30,429.0415639637264,431.9838348040762,428.224823741172,430.0256042480469,436900,425.733203125
2023-03-31,432.00355772330767,433.65673828125,429.3860068246351,433.65673828125,957000,427.9177734375
2023-04-03,433.21388677641283,436.51042774729575,431.7968663592604,433.755126953125,609700,429.99016723632815
2023-04-04,434.89662291376175,437.484623679003,429.858311348452,430.03546142578125,590900,430.9761901855469
2023-04-05,431.1028219739651,431.42805034397537,427.72228767090974,431.09295654296875,450100,431.7131774902344
2023-04-06,431.97996597279683,431.97996597279683,427.0027959620139,429.41748046875,363500,431.591552734375
2023-04-10,427.6040201960096,430.05813654657345,424.8838379667909,429.94970703125,359100,430.850146484375
2023-04-11,430.20590861671707,433.1725156869711,429.49628942002124,432.384033203125,410900,430.575927734375
2023-04-12,433.9018757950878,439.14517200683594,433.9018757950878,436.0997314453125,659800,431.7887817382813
2023-04-13,436.3559672783531,438.03146641406806,430.7677418372692,436.1293029785156,729500,432.7960510253906
2023-04-14,435.58717003324614,438.7607405969795,431.75327734658765,433.5667419433594,456700,433.6259033203125
2023-04-17,433.84274028045763,436.87831538922353,432.73889478636096,436.53338623046875,410400,434.94263916015626
2023-04-18,437.5879653689032,439.20433215412316,434.0201680473032,435.3507080078125,327900,435.5359741210938
2023-04-19,435.3211155360075,438.02159686633627,433.52735155157654,436.6713562011719,374100,435.6502990722656
2023-04-20,437.2133960031713,439.65764672173526,434.5523464268038,436.7994689941406,484100,435.7843322753906
2023-04-21,439.19445131099667,441.8949327094298,436.819198298036,438.98748779296875,506600,436.8684814453125
2023-04-24,440.61367040087464,441.8357807471657,439.04660082142715,441.3035888671875,469700,437.82252197265626
2023-04-25,440.44614006531197,440.7615030064736,430.99439540071756,431.05352783203125,530700,436.9630859375
2023-04-26,429.7033354508807,431.1817065548361,423.82928268620805,424.8345642089844,646900,434.5957275390625
2023-04-27,429.21053705536593,447.59164149945974,429.21053705536593,446.4483642578125,823500,436.5255065917969
2023-04-28,445.48246849750217,450.4990705622074,445.09807759410364,448.2223815917969,560600,438.3724853515625
2023-05-01,448.93200385164397,455.8113678889629,447.4142011688329,452.0168762207031,446000,440.5151428222656
2023-05-02,452.9827110225524,457.01376237520765,450.3117958655846,454.07672119140625,687700,445.1197814941406
2023-05-03,455.52550388317127,456.4519520614338,449.60215480082894,449.8387145996094,406700,450.1206115722656
2023-05-04,450.7552931817509,451.6423097057646,445.16703794865833,446.94110107421875,376100,450.2191589355469
2023-05-05,449.3361266571241,454.18516713948054,448.8729024981048,451.5142517089844,329700,450.8775329589844
2023-05-08,449.5923090823385,453.69229785125526,449.5923090823385,451.6423034667969,341900,450.8026184082031
2023-05-09,451.7803067523352,453.86973281692997,450.44976692364463,450.952392578125,261900,450.17775268554686
2023-05-10,454.13585526315035,454.90460697476675,448.41949946677533,452.67718505859375,449700,450.7454467773438
2023-05-11,452.75602106821134,452.75602106821134,448.90239731096847,451.8492736816406,344800,451.7270812988281
2023-05-12,452.0267194911736,455.8803133281087,451.66202938898317,455.05242919921875,403700,452.434716796875
2023-05-15,455.6536591184181,457.2108633310965,452.92358143359405,455.2200012207031,338700,453.15025634765624
2023-05-16,452.627930878543,455.23971368574274,451.6522156224186,453.1995544433594,307400,453.5996887207031
2023-05-17,455.13130016688706,455.13130016688706,447.3846205600104,447.8774108886719,626900,452.6397338867188
2023-05-18,447.00022290401705,452.8348430710838,445.8668112570138,451.8985595703125,360100,452.64959106445315
2023-05-19,453.2192561419688,454.3526678445123,448.9418398414134,451.1199645996094,340600,451.86309814453125
2023-05-22,450.4891816572072,452.8545992340221,448.29135609933866,450.6863098144531,333600,450.95635986328125
2023-05-23,448.09425262364005,449.86831590396866,442.39759746484935,443.4916076660156,435800,449.0147705078125
2023-05-24,441.9146892953688,442.2497831318118,435.0254896679037,435.5182800292969,641600,446.5429443359375
2023-05-25,438.0807145484057,444.8418131553325,434.7001802837089,442.9593505859375,526800,444.7551025390625
2023-05-26,445.10796091859686,448.7546216215142,439.1156433621269,443.4718933105469,524100,443.22548828125
2023-05-30,444.14209030129444,449.22766012158337,442.82138572712995,445.21636962890625,619700,442.1315002441406
2023-05-31,441.6682581698463,450.0949606328547,441.6682581698463,447.6704406738281,2362400,442.96726684570314
2023-06-01,443.6590915052773,447.6211446814414,440.4165229795065,446.2708740234375,604500,445.11778564453124
2023-06-02,448.4786349856642,454.5990825040084,447.5127551044098,452.2435302734375,507400,446.97462158203126
2023-06-05,451.61275024045824,451.88871160933206,445.8273968475271,448.3307800292969,366300,447.94639892578124
2023-06-06,449.6809991507408,451.1495045708471,444.83192952670083,447.42401123046875,370700,448.38792724609374
2023-06-07,445.00931202553284,447.12833423633265,441.4908123769555,444.0730285644531,594800,447.66844482421874
2023-06-08,443.4620225524316,446.2807687554891,442.3778778291271,445.69927978515625,357300,447.5541259765625
2023-06-09,445.4726020909399,446.7440095903138,442.92981716972764,445.28533935546875,516200,446.16248779296876
2023-06-12,446.537052717029,447.61133206531025,441.6682816773651,447.4635009765625,441500,445.98903198242186
2023-06-13,447.463454207984,453.2882391161284,447.27619148929756,449.3459167480469,302600,446.3734130859375
2023-06-14,449.4247710680203,451.6127612881633,446.6257256645323,449.8584289550781,371900,447.5304931640625
2023-06-15,447.611298064415,456.0577311978555,447.611298064415,454.49066162109375,396900,449.28876953125
2023-06-16,456.718050475472,457.3291056436977,450.66660114631463,452.1646728515625,1015400,450.6646362304688
2023-06-20,449.93720036832735,452.3026176373762,447.9857702221511,449.1783142089844,425400,451.0075988769531
2023-06-21,449.26707511144406,451.44519990308316,446.63559164733334,449.75,447100,451.0884155273437
2023-06-22,452.5983876738045,455.74239263399363,447.4142233674981,455.3580017089844,516200,452.188330078125
2023-06-23,454.2639998756179,458.7385446342463,453.83034196539654,454.1654357910156,670300,452.1232849121094
2023-06-26,453.49515009716043,455.13121729973693,450.8439362054736,453.56414794921875,363500,452.40317993164064
2023-06-27,458.4329949456825,465.23349537019027,458.11760192116054,464.0803527832031,622900,455.3835876464844
2023-06-28,464.1789346321101,465.9037008242259,462.8385292653474,464.34649658203125,576600,458.3028869628906
2023-06-29,463.94236662557864,469.7277199346704,463.4889778937943,469.2644958496094,342900,461.0841857910156
2023-06-30,471.13710945308117,475.7890512504908,470.0529647397483,473.8671569824219,556400,465.0245300292969
2023-07-03,470.94984088970756,471.1469690451555,465.5390128987901,470.50634765625,297100,468.4129699707031
2023-07-05,466.2388135153518,470.2107026182662,465.12510248810776,470.0924377441406,352800,469.6153869628906
2023-07-06,466.6625204033353,472.73370014090654,465.4798418014902,470.1219177246094,517100,470.7704711914063
2023-07-07,466.4335720649044,473.39189725248303,466.4335720649044,470.2137756347656,392600,470.9603271484375
2023-07-10,470.73688415921725,475.82977641760976,467.4896657179753,469.4636535644531,330200,470.0796264648437
2023-07-11,470.6480967942811,472.06937056958196,466.84816385504854,470.7171936035156,486800,470.1217956542969
2023-07-12,473.8557694326217,475.6323463744321,469.5524604383606,471.0231018066406,379600,470.30792846679685
2023-07-13,472.72074521004777,474.0038252446935,469.611690297232,472.6220397949219,430100,470.8079528808594
2023-07-14,471.76333106875325,474.7144330404048,470.7861866756126,471.4178771972656,349900,471.04877319335935
2023-07-17,469.4241666904497,470.8750489665071,466.4335762994739,470.33221435546875,708800,471.2224853515625
2023-07-18,467.4797904047541,474.2209452745342,466.0387576696498,473.9544677734375,537100,471.86994018554685
2023-07-19,474.70458167599725,476.9154685125186,473.1155359416405,476.3528747558594,568200,472.93589477539064
2023-07-20,476.2541315903319,480.133010113316,474.072883659793,475.32635498046875,471600,473.4767578125
2023-07-21,493.4970022642823,495.4709902733394,486.88413038567427,492.88507080078125,838000,477.77019653320315
2023-07-24,493.6252397974448,495.59922750055455,485.71940940787846,488.7198791503906,745400,481.4477294921875
2023-07-25,485.3443482551295,489.766091565652,481.3963728380901,487.9302673339844,720000,484.2428894042969
2023-07-26,484.7127077075647,488.58170690718737,480.68575574964825,487.42694091796875,450900,486.45770263671875
2023-07-27,490.7531163003133,491.52297035025225,482.42288523653144,484.8015441894531,421000,488.3527404785156
2023-07-28,488.09809039290445,489.1541810910355,482.99531869530915,485.99578857421875,339000,486.9748840332031
2023-07-31,488.1671877150461,488.1671877150461,483.794811978193,486.6373291015625,354800,486.5583740234375
2023-08-01,485.11736584624305,487.9401538516601,483.37036742212985,486.2425231933594,279800,486.2208251953125
2023-08-02,483.5184402526901,487.545361979375,481.96885265161126,484.77191162109375,338600,485.6898193359375
2023-08-03,482.7683464021093,487.25915674094256,482.7189786331491,484.58441162109375,303000,485.6463928222656
2023-08-04,487.9105595145093,487.9105595145093,479.85668569908995,480.3797912597656,234000,484.523193359375
2023-08-07,482.0971766110339,486.3708468927088,481.9194948195013,486.2919006347656,312700,484.4541076660156
2023-08-08,486.29192550501585,486.39060080232554,481.53460749289917,484.890380859375,353100,484.1836791992188
2023-08-09,486.58800494767553,486.58800494767553,481.3371900385505,482.20574951171875,372700,483.6704467773437
2023-08-10,486.5879993838699,488.51264956357267,480.912784380914,481.63330078125,235000,483.080224609375
2023-08-11,481.238435809238,484.31788184375404,479.8468010225492,482.74853515625,319600,483.55397338867186
2023-08-14,482.66961674456024,491.3946390439767,482.64988771036565,489.7562255859375,376700,484.24683837890626
2023-08-15,488.9863820840847,491.0393462696853,487.59471706651806,488.37445068359375,370000,484.94365234375
2023-08-16,488.60152315579006,491.2170512582188,485.7984637818035,489.1937255859375,364000,486.34124755859375
2023-08-17,488.63109241653257,490.36818125221384,479.8468524589469,480.3995666503906,346000,486.09450073242186
2023-08-18,477.54712194959694,480.90289516429914,475.8198826354907,478.0406188964844,256100,485.1529174804688
2023-08-21,478.06038446402175,481.09046317842694,476.46145905322345,479.669189453125,287000,483.13551025390626
2023-08-22,480.9720096348912,484.58441103329295,479.18555303118404,481.2286376953125,258200,481.70634765625
2023-08-23,481.751713243294,487.55524200943194,481.3174335314971,486.6570739746094,253400,481.1990173339844
2023-08-24,488.56199047473876,491.93752293474734,482.1465299937573,482.3537902832031,229000,481.58986206054686
2023-08-25,484.4363389382943,490.0917945412595,483.54805047862743,488.3547058105469,206300,483.6526794433594
2023-08-28,488.937097504718,490.605119791311,487.1900988297498,489.1937255859375,170600,485.5575866699219
2023-08-29,487.53554378980635,492.09545121293434,487.53554378980635,491.6710510253906,238600,487.6460693359375
2023-08-30,492.6086779417676,497.5534970636175,490.97026439864976,496.0828857421875,298500,489.53123168945314
2023-08-31,498.1654829939023,498.1654829939023,492.38168260109893,492.5692138671875,395800,491.57431640625
2023-09-01,493.8620993430501,494.7701469223984,490.1312638595585,493.04290771484375,248800,492.5119567871094
2023-09-05,492.50007260773975,495.8262372049955,484.7521946508547,486.9729309082031,299000,492.0677978515625
2023-09-06,486.9729354778098,490.58530665081037,485.6207285315119,488.5619812011719,254300,491.44598388671875
2023-09-07,487.38744742484744,489.6970094988163,486.0846082690712,487.9105529785156,264300,489.8115173339844
2023-09-08,488.9863389786188,490.57541468494924,483.5578729912105,485.1173400878906,382900,488.321142578125
2023-09-11,483.90333510838326,492.0953718718174,483.90333510838326,491.3847351074219,285200,487.9895080566406
2023-09-12,489.9635165948867,490.8715340995697,485.63059899110317,487.2690124511719,307000,488.04872436523436
2023-09-13,488.50278144195624,492.69750567294847,488.4040760241529,489.0357666015625,373400,488.1434814453125
2023-09-14,489.6773115114257,494.05956704367384,489.14432634651314,492.9245300292969,309800,489.1462768554687
2023-09-15,493.1416537543125,493.3587634996016,486.98279124758426,489.3614501953125,725600,489.99509887695314
2023-09-18,490.19057360564625,496.10268826263666,489.69707659605217,492.6679382324219,229300,490.2517395019531
2023-09-19,491.41438357698945,497.2376412813966,490.7135962549835,496.2210388183594,316400,492.0421447753906
2023-09-20,496.6356017373188,502.281208258905,495.66836695677756,497.5929870605469,455500,493.7535888671875
2023-09-21,495.9742685626154,496.0137266280968,488.17699337556206,489.1837463378906,472700,493.00543212890625
2023-09-22,487.170322728836,492.6777656402817,486.1833288141633,488.5323791503906,436000,492.83961791992186
2023-09-25,488.30534994177555,488.5224898034879,483.07429434688277,486.1833190917969,437900,491.5426940917969
2023-09-26,482.7683267204883,483.39998714797866,476.0962383787665,477.17205810546875,377000,487.73289794921874
2023-09-27,479.8270743737529,483.71583271628197,477.16220893885003,480.30084228515625,488500,484.27446899414065
2023-09-28,480.300857886702,482.8374394994503,478.09985059351607,481.149658203125,411800,482.6676513671875
2023-09-29,483.1434346916745,483.1434346916745,476.6786060248079,477.9814453125,422900,480.5574645996094
2023-10-02,477.50763250785246,478.54399416599637,474.56640998934057,477.58660888671875,330200,478.83812255859374
2023-10-03,473.5300459620316,478.0702238629076,473.0957662424292,473.77679443359375,356600,478.15906982421876
2023-10-04,475.15866657483934,482.8078701044882,475.15866657483934,481.8011169433594,359100,478.45912475585936
2023-10-05,482.32786327665644,485.9255691940265,478.7104006825377,483.494140625,398200,478.9280212402344
2023-10-06,482.3871909620232,491.0848949598614,478.2557830711934,489.0784912109375,423700,481.1474304199219
2023-10-09,486.6273212718994,493.8622466536741,486.5087208825041,493.7535095214844,275400,484.380810546875
2023-10-10,493.5854821860367,498.1418845486739,490.857552689963,491.4110412597656,416100,487.90765991210935
2023-10-11,493.04186935966123,497.1535203843721,492.07324925654314,496.1947937011719,247200,490.78639526367186
2023-10-12,496.1651689378558,499.6343812652161,492.8837506213301,496.461669921875,251800,493.37990112304686
2023-10-13,496.26399209026226,497.55876327160775,490.02733696092145,492.0534973144531,314100,493.97490234375
2023-10-16,494.5145805817619,499.6541523136047,493.03201529329203,496.07623291015625,282000,494.4394470214844
2023-10-17,493.565713070478,496.85702467421163,491.2825650973387,494.11920166015625,396500,494.9810791015625
2023-10-18,493.35820841076077,493.35820841076077,486.7459646521642,487.17095947265625,289400,493.1763122558594
2023-10-19,486.0837311665486,489.99772527746467,481.79417918295013,481.8633728027344,428300,490.25665283203125
2023-10-20,484.3046186290156,484.3046186290156,475.399334254761,476.5162048339844,481600,487.1491943359375
2023-10-23,476.516212964012,477.1784386846885,472.06851741092294,472.2662048339844,458300,482.38718872070314
2023-10-24,475.50812527696974,481.0825552221645,472.8394956230468,476.9412536621094,638200,478.95159912109375
2023-10-25,479.1354097611957,499.5454147809815,473.5906303996594,475.6167907714844,911300,476.64076538085936
2023-10-26,477.31679650616695,480.0447261018305,472.7999073315692,474.79644775390625,509800,475.2273803710938
2023-10-27,473.14587656094045,476.6447390787859,468.9452749205364,470.0423889160156,450100,473.9326171875
2023-10-30,473.3040022850156,480.87497233484515,470.4871223195031,479.1650695800781,509800,475.31239013671876
2023-10-31,481.1121999164702,485.88607710729184,478.37440683515786,482.89129638671875,843900,476.5023986816406
2023-11-01,484.43313623720115,485.94535156723606,477.9394932823414,481.4877624511719,602500,477.6765930175781
2023-11-02,481.70526643973,489.24658734958183,481.1616711856009,488.3076171875,722800,480.3788269042969
2023-11-03,489.57266464668476,499.86167070325047,489.57266464668476,496.6988830566406,613200,485.7101257324219
2023-11-06,498.79424851509714,501.0378530329818,496.7384078427663,497.3512268066406,517100,489.34735717773435
2023-11-07,497.15354381510775,502.0163710739866,496.2244671850084,501.1663513183594,486400,493.0023681640625
2023-11-08,504.0721655394402,507.2547098635535,501.69017384352367,505.1198425292969,419600,497.7287841796875
2023-11-09,505.0605193867508,507.48205449005235,502.1645827475542,503.8151550292969,350100,500.8302917480469
2023-11-10,505.4657654566341,512.5721666534528,504.36865156182085,511.1390686035156,534900,503.71832885742185
2023-11-13,510.6251806043578,513.4321373165144,507.5018757082651,510.9908752441406,506200,506.4462585449219
2023-11-14,512.6808906487155,519.5204403997705,510.2692491306128,518.6012573242188,539500,509.93323974609376
2023-11-15,518.977001041144,522.297933212512,514.6380116250167,514.8258056640625,423500,511.8744323730469
2023-11-16,516.1699605474738,521.9322149659936,515.062983207051,518.9967041015625,384100,514.9107421875
2023-11-17,521.8728309148999,521.8728309148999,517.1582543912507,518.6210327148438,372500,516.4071350097656
2023-11-20,522.2187386560531,523.8297976262724,514.9443000661159,518.6210327148438,353100,517.9331665039062
2023-11-21,518.4233914735928,522.2978114368534,518.0576969026736,521.0228271484375,325000,518.41748046875
2023-11-22,523.483953324755,525.5694140957401,520.4101156584325,522.33740234375,404100,519.9197998046875
2023-11-24,521.1414227144398,522.9896823911545,518.5716069964307,519.48095703125,280800,520.016650390625
2023-11-27,520.0146366073546,521.9814965829821,517.4547144178763,518.8977661132812,589300,520.0719970703125
2023-11-28,519.9751646898129,524.8280681172174,519.2635020416299,519.7576904296875,434400,520.2993286132812
2023-11-29,522.2187626713709,525.1048664232522,519.1746054971843,519.7182006835938,377300,520.0384033203125
2023-11-30,520.1134668265838,533.0612381726462,519.8960529025411,531.9937744140625,1441800,521.969677734375
2023-12-01,531.9938180708,534.5734670671523,527.4374154541197,534.2967529296875,608600,524.9328369140625
2023-12-04,531.3513877234544,535.7397834933117,527.7932550779431,530.5112915039062,486600,527.2555419921875
2023-12-05,528.9495520219172,531.6181812294013,527.2692995338176,529.3152465820312,343300,529.1670532226562
2023-12-06,531.6973068443074,531.8060138131541,525.8065594520112,529.1472778320312,351400,531.0528686523437
2023-12-07,530.2542826168119,530.2542826168119,525.8559936022405,528.5839233398438,361400,530.3708984375
2023-12-08,527.2495646180552,531.3315652301167,525.5297988058503,530.3629150390625,394000,529.584130859375
2023-12-11,533.7235104483764,538.111906169537,530.7089730563616,533.9310913085938,593500,530.2680908203125
2023-12-12,535.7990112860678,538.6752214069037,535.7199845807047,537.1432495117188,693500,531.83369140625
2023-12-13,538.5368391321961,545.4949897890154,538.2008248169928,544.3682861328125,690600,534.8778930664063
2023-12-14,544.3682988113267,545.4159757858413,531.974015372859,532.5670776367188,985100,535.6745239257813
2023-12-15,529.5327523008208,535.7002137442091,526.7751424813817,535.2554321289062,8038300,536.65302734375
2023-12-18,538.1118196481522,538.5170275568681,532.7844546907746,536.6588745117188,653300,537.198583984375
2023-12-19,537.4991222608755,538.2206180792278,531.4798805167812,535.265380859375,499900,536.8230102539062
2023-12-20,534.1385756217138,538.6455714357281,528.593796228461,528.7222900390625,676200,533.6938110351563
2023-12-21,532.2409532012957,535.2851709018987,529.3746361011143,534.02001953125,407700,533.9843994140625
2023-12-22,536.8369055512973,539.5153681830938,535.057778976141,536.5403442382812,420800,534.2413818359375
2023-12-26,537.2914779271557,540.1182209925856,535.453111625224,537.232177734375,443600,534.3560424804688
2023-12-27,538.3689017472595,538.6654027478448,536.4316613338733,537.429931640625,539400,534.7889526367187
2023-12-28,537.8548075142211,541.0176249143849,537.251912225407,539.8019409179688,267800,537.0048828125
2023-12-29,540.0688450483349,542.4705934816474,537.4595760913091,538.8333740234375,398900,537.9675537109375
2024-01-02,536.0758345908527,538.9025778713092,524.7589077227873,528.2775268554688,618500,536.314990234375
2024-01-03,528.2775506703867,531.1833811201394,524.6304375582047,524.828125,488400,533.8341796875
2024-01-04,519.8862000598276,524.7786773156513,517.4251514645134,518.0774536132812,601000,529.9636840820312
2024-01-05,518.8977942653069,520.5286400347181,515.6361630522136,516.990234375,444000,525.4013427734375
2024-01-08,516.9903552876742,523.9485911169043,516.7329986112617,523.3844604492188,509200,522.3115600585937
2024-01-09,523.3744355879824,527.5909760958193,521.5531844175748,526.0963745117188,373000,521.8753295898438
2024-01-10,523.5723483818869,525.8984051726985,521.978791359628,524.8887939453125,401400,521.8874633789062
2024-01-11,524.4631943835057,527.4226747163164,522.8003443761444,526.9674072265625,336300,523.6654541015625
2024-01-12,530.4118321960107,530.4118321960107,525.6410087042923,528.7390747070312,435000,526.0152221679688
2024-01-16,527.0465581916783,532.0450763542206,525.957806749506,531.7877197265625,428800,527.6958740234375
2024-01-17,530.2139553863532,534.4898816893509,527.12579645847,531.7085571289062,427400,528.818310546875
2024-01-18,529.5507553087156,536.6871456388182,528.2244021181308,536.4100341796875,425000,531.12255859375
2024-01-19,537.7561449137216,542.9229113539503,535.7963682014033,542.8931884765625,427300,534.30771484375
2024-01-22,544.3879363687571,547.7532677767115,542.2994807845655,544.298828125,449200,537.4196655273438
2024-01-23,544.3878647786594,547.5552244380256,540.3297248607082,547.169189453125,304000,540.4959594726563
2024-01-24,547.7729144767349,548.5746468627914,541.7351827212331,542.1806030273438,353600,542.5903686523437
2024-01-25,546.555424917059,547.7233768818885,542.6655341053172,546.0704345703125,884500,544.5224487304688
2024-01-26,547.2978508672476,547.4364368184202,540.8246062054751,544.0711059570312,426300,544.7580322265625
2024-01-29,543.7048790412703,550.4849579838359,543.1307804028385,550.25732421875,413000,545.9497314453125
2024-01-30,552.5635601606482,556.9483494731461,549.4754012750408,555.8397827148438,621300,547.6838500976562
2024-01-31,522.0975096648632,543.7146781915643,519.8209912311182,531.5203857421875,993200,545.551806640625
2024-02-01,533.074546797539,540.6860819936622,529.3529034187643,540.2406616210938,561900,544.3858520507813
2024-02-02,538.5480250354207,545.6449064532279,533.0447612259381,544.01171875,489600,544.373974609375
2024-02-05,543.1901353906048,543.9622052831731,536.5288275162575,540.3197631835938,335600,542.3864624023438
2024-02-06,542.7743985799664,542.7743985799664,536.3407249249813,539.7357177734375,348600,539.1656494140625
2024-02-07,544.3878780880909,545.021362117924,541.2304259786855,543.0912475585938,413600,541.4798217773438
2024-02-08,545.219268760181,547.4364021892596,534.8659805946435,539.775390625,508800,541.386767578125
2024-02-09,542.893244236763,545.1500083053404,539.547728641151,544.6452026367188,388000,541.5134643554687
2024-02-12,543.2495507239705,543.2495507239705,534.5096948926928,536.7763061523438,343900,540.8047729492188
2024-02-13,531.3225274370009,532.5994030531834,526.6012411822561,529.9566040039062,433400,538.8489501953125
2024-02-14,530.4317215114326,536.3803449599638,529.0954606112522,536.1824340820312,460900,537.4671875
2024-02-15,537.6176034571544,543.3287460775001,532.7973014592129,542.388427734375,420600,537.989794921875
2024-02-16,544.3382403479313,544.8133230244681,538.4390353274405,540.0029296875,552700,537.0613403320312
2024-02-20,540.0029851675226,541.8439911405924,534.3017508139575,538.557861328125,440500,537.4176513671875
2024-02-21,537.3503920604587,543.9028370781897,534.9451949085445,543.4178466796875,381200,540.1098999023437
2024-02-22,546.882167352679,552.959469569393,546.882167352679,549.6436767578125,610300,542.8021484375
2024-02-23,553.4542941535077,554.2560264816221,549.2773841116245,551.1876831054688,985100,544.5619995117188
2024-02-26,548.4262382463637,550.8908208614899,540.2604204475261,542.3191528320312,847200,545.025244140625
2024-02-27,542.4181432563327,542.962519001592,536.984172605507,541.5173950195312,852200,545.6171508789063
2024-02-28,538.8351960494939,540.270412697166,536.1429188300006,537.90478515625,457300,544.5145385742187
2024-02-29,540.5770624835408,540.5770624835408,533.7573541385365,539.1715087890625,817900,542.4201049804688
2024-03-01,535.5488829555725,544.2095972114513,535.0836474611214,542.3685913085938,781700,540.6562866210937
2024-03-04,543.7443173229991,546.4266857819775,539.8841498172369,541.6360473632812,521200,540.5196655273437
2024-03-05,538.6866017389509,538.6866017389509,529.2736314775362,531.5303955078125,431400,538.522265625
2024-03-06,532.0153848222325,540.6266226683383,530.1249009199294,534.69775390625,441900,537.880859375
2024-03-07,539.5774701936799,543.536654665153,537.7463111282073,540.7454223632812,301800,538.1956420898438
2024-03-08,540.5968765175738,542.9525958833462,538.795440507727,540.379150390625,310400,537.79775390625
2024-03-11,539.6466960895049,548.6043377602423,537.3602697579425,548.2282104492188,521400,539.1161865234375
2024-03-12,548.9408151805718,552.5635022246232,547.9708344718488,549.5347290039062,465100,542.7170532226562
2024-03-13,552.078536763714,552.078536763714,542.0716532447976,543.9127197265625,439500,544.5600463867188
2024-03-14,544.021587379219,546.2090583160791,538.3203526791898,541.4976196289062,375900,544.7104858398437
2024-03-15,538.8646757231459,546.1594667917533,536.7564055888828,541.7647705078125,877100,544.9876098632812
2024-03-18,543.002079835992,545.5458628916767,539.8644433251246,540.5869750976562,373200,543.4593627929687
2024-03-19,541.4183463583399,546.6345899778747,540.2108243826698,546.2386474609375,317800,542.800146484375
2024-03-20,547.446238015164,551.0985872833285,544.4866975434551,548.4063110351562,442400,543.6988647460937
2024-03-21,550.8709025462175,552.9296949579065,548.8022629217844,550.6036987304688,425000,545.5200805664062
2024-03-22,553.2662968563874,553.2662968563874,547.3968132345964,550.7027587890625,240500,547.3076782226562
2024-03-25,548.3865195111046,548.3865195111046,542.2201101519024,545.3181762695312,576200,548.2539184570312
2024-03-26,545.3182653226565,549.9208413489894,543.5960297759852,548.7726440429688,419000,548.7607177734375
2024-03-27,552.0982901521422,554.127420285923,550.8610451497655,553.47412109375,362800,549.7742797851563
2024-03-28,554.285671376348,557.4035524427775,552.1081084420435,555.1171264648438,478100,550.6769653320313
2024-04-01,556.6117864443836,559.2347701507413,546.3971443365396,547.9708862304688,268400,550.1305908203125
2024-04-02,546.3674861071065,547.2286039424384,537.8750180488929,540.3693237304688,775300,549.1408203125
2024-04-03,537.3799588735275,543.6552912946822,537.3799588735275,539.1220092773438,927300,547.210693359375
2024-04-04,545.1978243956543,549.4697243747935,532.3622818866418,532.5308227539062,451500,543.0220336914062
2024-04-05,532.7686818568245,540.9754604256659,532.1244032482681,538.2101440429688,338800,539.6406372070312
2024-04-08,536.5451143930213,540.6881594442563,535.4250978043002,538.4282836914062,371900,537.7321166992188
2024-04-09,539.5779544139007,542.0260921526415,536.3764644150893,538.6759643554688,315700,537.3934448242187
2024-04-10,534.047338967793,535.0682636120043,529.7655171265613,531.2522583007812,481800,535.8194946289062
2024-04-11,533.0166510242805,539.8556253791926,531.0045652292325,534.8701171875,398000,536.287353515625
2024-04-12,529.6565546283027,540.0934472120183,529.607008683553,531.09375,590600,534.8640747070312
2024-04-15,537.5759021989512,537.5759021989512,522.3120010008645,523.5906372070312,800100,531.8965454101562
2024-04-16,526.3063851916368,527.4561051024044,522.2921960477806,522.3218994140625,405300,528.625732421875
2024-04-17,523.6500288090732,525.0178354160979,521.0234287531775,521.8163452148438,447800,526.7385498046875
2024-04-18,525.8206649063306,526.8514502407439,521.5190009134833,522.6093139648438,477300,524.2863891601562
2024-04-19,525.3845936657185,530.9648336091628,524.8691707096015,529.656494140625,776900,523.9989379882812
2024-04-22,534.1564035758032,535.890935112767,529.6763975430935,534.3447265625,584000,526.149755859375
2024-04-23,535.1772586774538,538.8445655489514,533.7202209182611,534.8501586914062,381500,528.6554077148437
2024-04-24,531.5198632521085,533.9482191420366,529.1311320129839,533.25439453125,631600,530.943017578125
2024-04-25,532.3029536137253,538.3093862971851,529.0420560044055,535.6332397460938,552900,533.547802734375
2024-04-26,525.6918115116915,535.5141873298219,521.8659457679031,522.1236572265625,856100,532.0412353515625
2024-04-29,517.7724988837346,522.0047143140777,507.097677831738,509.0403747558594,698100,526.9803649902344
2024-04-30,508.34654853860405,508.6538059623021,503.87640371641567,506.9390869140625,901800,521.3981506347657
2024-05-01,507.474377708438,518.7240296566404,506.6021512820988,510.2099914550781,767700,516.7892700195313
2024-05-02,510.8839372170458,510.8839372170458,503.7277548624099,506.3047790527344,694100,510.9235778808594
2024-05-03,508.4356724674875,514.9278234135903,506.97869528434666,512.6382446289062,1067600,509.0264953613281
2024-05-06,513.01492968449,514.2241167862645,508.2276062254678,510.9830017089844,651700,509.41502075195314
2024-05-07,513.3321125522932,516.3254378140432,511.9445235965786,515.661376953125,309900,511.15947875976565
2024-05-08,517.048929521992,523.5807059789855,516.315480190555,516.4443359375,463200,512.40634765625
2024-05-09,516.0379378098743,519.1799003902076,515.3936591360858,518.7041625976562,311600,514.8862243652344
2024-05-10,517.4057211707975,521.8262591174703,516.6722719417431,518.8726196289062,346700,516.1330993652343
2024-05-13,522.222809770941,522.7084688860797,516.5335564296232,517.1480712890625,344400,517.36611328125
2024-05-14,517.3858984336501,518.912264171668,512.6977275631563,516.2262573242188,419800,517.4790893554688
2024-05-15,519.4574850672889,528.0409108909004,518.1094604161451,526.7424926757812,626500,519.538720703125
2024-05-16,527.684100588271,534.7807851335344,526.4847742696608,534.0374145507812,792100,522.60537109375
2024-05-17,534.0374450971915,539.2905854166581,532.4218480986118,537.1001586914062,787900,526.25087890625
2024-05-20,535.9999722890818,541.8477847752642,535.3853969303984,541.54052734375,777900,531.1293701171875
2024-05-21,540.232141268209,540.8962020154304,533.4724178616523,536.6144409179688,380400,535.2070068359375
2024-05-22,536.6739187312031,545.0393178382847,534.0770824191242,542.6109619140625,512000,538.3807006835938
2024-05-23,542.7497481584921,544.9897206637562,538.368774034577,539.8059692382812,529500,539.5344116210938
2024-05-24,539.3995461342797,543.0271674078972,538.8444986034627,539.8455200195312,369900,540.0834838867188
2024-05-28,537.2487617186451,537.2487617186451,526.1874341491678,528.3085327148438,518300,537.4370849609375
2024-05-29,523.8779985127607,528.1003529564327,523.8185312880181,526.2468872070312,551800,535.36357421875
2024-05-30,522.9761041126013,524.1555878958883,519.6854429651481,521.9254760742188,476500,531.2264770507812
2024-05-31,523.7392564685888,528.2887112000128,519.8936081856493,528.0508422851562,765800,528.8754516601563
2024-06-03,528.0508051160107,531.618959579009,525.25572457188,531.4207153320312,549900,527.1904907226562
2024-06-04,530.261105570206,540.0736216673258,530.261105570206,538.5968017578125,506400,529.24814453125
2024-06-05,540.1826205813205,543.0074045824297,537.2983693537349,542.0856323242188,374000,532.4158935546875
2024-06-06,543.1461930191689,548.7561969824544,540.3808761864458,545.4952392578125,395500,537.1298461914063
2024-06-07,547.1603518157953,551.9377538305885,546.1791123648583,549.1328125,394000,541.346240234375
2024-06-10,548.4489520944367,551.699928110514,546.2783074893479,551.5809936523438,313200,545.3782958984375
2024-06-11,551.4620002386209,551.4620002386209,545.9016031788208,550.8078002929688,316300,547.8204956054688
2024-06-12,552.5225322226671,554.1381289679631,547.2495501545839,553.2559814453125,526300,550.0545654296875
2024-06-13,547.7749597893526,551.5414196293515,541.4910335217644,542.33349609375,482800,549.422216796875
2024-06-14,543.1957521250002,549.8365416950331,542.5812372583902,544.5933227539062,431100,548.5143188476562
2024-06-17,544.1473222933712,549.2616858083118,542.7894367294866,548.69677734375,632800,547.9374755859375
2024-06-18,546.8630797044566,556.9233865670999,546.8630797044566,555.149169921875,496100,548.8057495117188
2024-06-20,555.049989849666,558.9353228398321,551.1448142869691,554.27685546875,548300,549.0099243164062
2024-06-21,559.8868436209183,559.8868436209183,552.6513828353583,556.5267944335938,1028900,551.848583984375
2024-06-24,555.6744419605285,563.6532736956975,553.3154745959533,557.5774536132812,529100,554.44541015625
2024-06-25,560.0950848236788,561.4628310759103,556.8539696390377,558.0136108398438,391300,556.3087768554688
2024-06-26,555.0301900760381,557.5279345815725,551.7197469731548,552.6117553710938,372100,555.8012939453125
2024-06-27,555.1292571702069,560.4319422906864,552.0070770179268,557.0917358398438,435500,556.3642700195312
2024-06-28,557.0026091577338,564.4660790654689,554.9905841791214,558.6776733398438,742900,556.7944458007812
2024-07-01,562.0971187694665,563.5243925686286,555.6744169210609,557.65673828125,360400,556.810302734375
2024-07-02,559.1534930666351,562.5234036389223,556.2890237084481,558.132568359375,503700,556.8340942382813
2024-07-03,558.1722400635256,559.3517238593256,554.0886623241761,555.49609375,284800,557.4109619140625
2024-07-05,553.3849509183749,558.0830438199248,551.18454230251,557.5874633789062,324800,557.510107421875
2024-07-08,554.4313138595085,555.6024376513915,549.4093474953395,552.6150512695312,315300,556.2975830078125
2024-07-09,553.4784767251967,553.4784767251967,545.1118447600912,546.3325805664062,348700,554.0327514648437
2024-07-10,547.1167391586904,548.9031982421875,545.3302800751933,548.9031982421875,443700,552.1868774414063
2024-07-11,549.022195358594,553.9647454254734,549.022195358594,551.7515258789062,436300,551.4379638671875
2024-07-12,554.7587630303814,557.5277710067817,552.8234075177473,554.18310546875,400700,550.7570922851562
2024-07-15,553.6869137788036,556.4658565373505,550.123869983382,554.9473876953125,566500,551.2235595703125
2024-07-16,554.9572796323856,563.1552064680451,554.1633046151319,562.807861328125,405700,554.5186157226562
2024-07-17,565.7555219242912,569.9735786586609,562.3215662694492,566.976318359375,661700,558.1332397460938
2024-07-18,566.9763883424478,568.8620717106019,563.5820492422148,566.89697265625,352000,561.1623291015625
2024-07-19,568.4451351706389,570.6782238727496,560.1082464521955,563.0460205078125,459200,562.934912109375
2024-07-22,566.5296396470734,572.8914344845415,565.9639165822853,572.216552734375,505300,566.3887451171875
2024-07-23,573.1594388893849,574.747388861805,569.1696343199379,569.9537353515625,430800,567.817919921875
2024-07-24,541.8962591598059,541.8962591598059,516.5283707694475,527.9716796875,2064400,560.0169921875
2024-07-25,537.062832446429,544.0697665503775,530.5918178557347,536.8246459960938,1094500,554.0025268554688
2024-07-26,546.5112263280975,549.3893929897607,538.1942072740902,544.4071655273438,777900,550.274755859375
2024-07-29,544.9530970965319,551.7714568976987,538.5614981191113,541.5885620117188,400600,544.1491577148438
2024-07-30,542.4122569686214,547.3548068280596,537.5887397407377,540.715087890625,327000,538.3014282226562
2024-07-31,543.8812125329853,546.1242359849279,538.9187927106041,540.6556396484375,560500,540.8382202148438
2024-08-01,540.3579006566165,545.022587353852,533.8074702169623,540.3082885742188,441000,541.5349487304687
2024-08-02,542.7895167972193,543.8911594846047,528.0709623065427,532.001220703125,740000,539.053759765625
2024-08-05,566.8969220401153,566.8969220401153,512.0026360057067,513.6402587890625,934500,533.4640991210938
2024-08-06,516.5879141700649,525.2522799742858,514.0272885274799,514.2456665039062,596900,528.17021484375
2024-08-07,520.9647491456799,523.1680951227064,510.9208159241455,511.37738037109375,465800,522.3145629882813
2024-08-08,515.0693201255799,521.828193370492,512.4988208490814,519.0889282226562,347100,518.0706909179687
2024-08-09,517.3123448071785,523.8230365289279,514.0768377198211,522.8206787109375,300100,516.2345825195313
2024-08-12,520.5677639536375,522.2847417949242,515.3274196446469,516.1611328125,299000,516.7387573242188
2024-08-13,516.161166641813,521.212876332777,514.9701737138561,521.073974609375,388500,518.1044189453125
2024-08-14,520.2897498899449,524.4085817860129,519.763764989019,524.0314331054688,272600,520.6352294921875
2024-08-15,531.2171146660793,544.9431850425328,528.487783726715,542.4619750976562,608000,525.3098388671875
2024-08-16,544.3278293245037,545.667658413717,541.2610272945006,544.37744140625,389800,529.62119140625
2024-08-19,543.5041077143994,546.4418822942324,542.0153816473443,545.7471313476562,273900,535.5383911132812
2024-08-20,546.2829752763427,547.7220890571615,540.7350241575116,543.3353271484375,266800,539.9906616210938
2024-08-21,545.806618517798,547.7617827962255,543.2757965947461,547.3350219726562,324400,544.6513793945312
2024-08-22,548.4268202917292,550.3323725916058,540.9137092163944,541.866455078125,456400,544.532275390625
2024-08-23,546.0250155463322,546.5311921200521,538.6906042231759,543.70263671875,392100,544.397314453125
2024-08-26,543.8216549192988,548.1786739735675,541.2412208944157,542.6207275390625,330200,543.7720336914062
2024-08-27,539.2264165241514,547.5633053792508,539.2264165241514,547.05712890625,341600,544.5163940429687
2024-08-28,548.0098664159132,550.4414640100783,544.9530597146162,546.1936645507812,304000,544.2881225585937
2024-08-29,551.1660656977386,555.7910142700066,548.8237575280982,549.657470703125,278700,545.8463256835937
2024-08-30,553.1907510480258,553.1907510480258,544.9035336646383,550.2430419921875,407600,547.1544067382813
2024-09-03,549.131437888137,553.9450215229733,545.6676785002466,548.2084350585938,427300,548.2719482421875
2024-09-04,548.0992358939736,555.3840944017576,547.5136437370894,554.3121948242188,397300,549.7229614257812
2024-09-05,551.1759531860622,553.0616969756298,545.8959917281024,550.7392578125,315500,550.632080078125
2024-09-06,551.1361850258268,553.6968102305763,542.6603950510605,543.6429443359375,409400,549.4291748046875
2024-09-09,545.7470845005248,550.6698267471947,545.7470845005248,549.230712890625,309600,549.226708984375
2024-09-10,552.3569683559015,552.3569683559015,543.8811776503902,548.1786499023438,314400,549.220751953125
2024-09-11,546.1441539025833,546.4319524705168,533.886939499016,545.7074584960938,385700,547.4998046875
2024-09-12,546.3723457607808,547.3846987682186,540.4174420961583,547.1663208007812,354400,546.7852172851562
2024-09-13,547.7221258319815,551.4836182855664,547.1464681657216,547.6923828125,297900,547.5951049804687
2024-09-16,550.818745805142,553.3893063003475,548.0993490394826,552.376953125,241100,548.2243530273438
2024-09-17,552.5258221701406,553.9550016378386,546.4815675985543,547.6824951171875,297600,548.1251220703125
2024-09-18,547.503734563898,550.2131960626348,542.1144940054867,545.796630859375,281300,548.1429565429687
2024-09-19,554.6694978902723,557.547725563383,551.9004894892627,556.64453125,521400,550.0385986328125
2024-09-20,550.4414905595365,557.9149235297372,548.2580138272887,553.845703125,1507100,551.2692626953125
2024-09-23,555.7413378897027,555.8108190276173,552.6547276880483,553.557861328125,349600,551.5054443359375
2024-09-24,552.5455978272006,552.5455978272006,546.6601749775245,547.831298828125,357500,551.535205078125
2024-09-25,547.8510588992167,548.9229583671518,543.1863729128738,544.2384033203125,401600,551.2235595703125
2024-09-26,547.0174568906359,549.1711907939404,545.5188569290606,548.347412109375,415200,549.5641357421875
2024-09-27,548.9726869500387,553.8556913325417,548.1092307048526,549.6376342773438,310500,548.7225219726563
2024-09-30,550.024662658604,553.855636027859,545.2111399068294,552.2577514648438,593300,548.4625
2024-10-01,552.4165172346447,552.4165172346447,542.4619351682695,544.149169921875,445900,547.72607421875
2024-10-02,545.24092313911,548.0596043160558,541.7970327806022,547.2258911132812,367000,548.3235717773438
2024-10-03,544.8736803633756,548.4863364254352,540.9434221729183,544.80419921875,623400,547.6149291992188
2024-10-04,547.9007322680965,547.9007322680965,538.6607094575522,540.7647705078125,316600,545.8403564453125
2024-10-07,536.0902240010718,537.4598566833104,533.3112205101216,533.8273315429688,388700,542.1542724609375
2024-10-08,533.8273032246473,540.1185155853042,532.3762315844233,539.581787109375,309200,541.2407958984375
2024-10-09,540.4166841820526,546.8072594853364,536.3616785598007,542.5833129882812,512300,540.3122802734375
2024-10-10,541.3807189115669,541.987025581368,535.9641771246849,536.14306640625,577100,538.5800537109375
2024-10-11,536.9481159050529,548.9242350424297,535.9144524745145,548.1688842773438,843500,540.0608764648438
2024-10-14,550.693352381049,551.5977472216898,547.6719493209753,550.4349365234375,271900,543.3823974609375
2024-10-15,551.5181612398193,557.8690032309831,550.0869864342188,552.7704467773438,381600,546.0201293945313
2024-10-16,549.1429220211784,558.1572679275704,546.2805720801344,557.4218139648438,365300,548.9878295898437
2024-10-17,560.1648591361827,562.9973636364999,556.6962634423431,560.2841186523438,411500,553.8160400390625
2024-10-18,560.2842000431833,562.3117334344448,553.7843128242068,554.2017211914062,320500,555.022607421875
2024-10-21,552.4027363804654,555.0464031914114,547.7613816913598,553.3866577148438,422000,555.6129516601562
2024-10-22,551.8362196148636,552.6015187190856,547.3538574232676,548.7154541015625,519100,554.801953125
2024-10-23,546.6284748214524,546.6284748214524,531.7204255081401,539.6117553710938,718600,551.23994140625
2024-10-24,540.376970914303,547.2942659007789,538.6774317179713,538.7767944335938,369900,546.9384765625
2024-10-25,543.2491444412798,543.9747105593144,536.6896287981434,538.6773681640625,535300,543.8336059570313
2024-10-28,539.6713214374886,542.434308701355,537.6835817636857,541.7882690429688,282800,541.5139282226562
2024-10-29,540.3371734158935,549.6895221388862,538.6475826354667,545.4456787109375,424800,540.8599731445313
2024-10-30,545.097867348062,548.5565149357309,540.217932525598,543.8753662109375,626300,541.7126953125
2024-10-31,543.8753569490673,544.4319216164671,534.2149715089854,534.43359375,567000,540.8440551757812
2024-11-01,533.310539565246,539.3135523083973,532.8235530423882,537.5941162109375,510800,540.6274047851563
2024-11-04,538.7072766500271,538.9258988886824,530.040700452902,538.7569580078125,416300,540.021142578125
2024-11-05,540.3173574161387,542.265303460159,536.5207673857111,539.3731689453125,422100,538.806640625
2024-11-06,547.4433627873085,564.4584086702349,540.8241560425897,561.2084350585938,678400,542.2732543945312
2024-11-07,562.3514290552163,570.2029642397368,559.5884418372383,568.751953125,580200,549.1369262695313
2024-11-08,571.4750831354277,571.4750831354277,562.9377156374023,564.1403198242188,391900,554.4461669921875
2024-11-11,564.2795321899687,570.4017435196002,561.3972854808667,561.6755981445312,388000,559.0298950195313
2024-11-12,560.6320371495003,562.510404952311,556.2788826116252,561.307861328125,539700,563.4168334960938
2024-11-13,557.7696759870404,570.6104564425025,557.7696759870404,567.6984252929688,372100,564.7148315429688
2024-11-14,570.2128958332956,570.2128958332956,560.3636728943853,561.307861328125,549700,563.2260131835938
2024-11-15,559.3300552645474,561.7053578996931,543.9349616549495,544.8692016601562,581300,559.3717895507813
2024-11-18,544.272934519297,547.0060765249991,541.8180445195464,546.0022583007812,566000,556.2371215820312
2024-11-19,541.3310208063477,546.2506882106705,538.8662432330449,544.6008911132812,356200,552.8957275390625
2024-11-20,546.1414168723948,548.8845072933008,542.3945082231571,546.081787109375,360800,548.5723999023437
2024-11-21,547.0060848731774,551.876071331152,544.3325725894485,550.8623046875,536900,546.4832885742187
2024-11-22,552.1442882386938,558.6442347647713,552.1442882386938,556.7061767578125,250000,548.85068359375
2024-11-25,559.6381064517977,561.993572747462,553.3766789205466,554.5196533203125,531400,550.5541625976563
2024-11-26,555.8812946322412,558.7933257580671,550.4249593399635,558.4454956054688,360700,553.3230834960938
2024-11-27,557.7398306711709,561.2879530320745,553.85382655837,560.890380859375,358600,556.2848022460937
2024-11-29,559.9362996905704,566.0187777802481,557.7597224856663,562.9675903320312,365700,558.705859375
2024-12-02,562.9676486438663,565.8001534941458,558.4952342522653,565.1442260742188,595900,560.3934692382812
2024-12-03,560.8208694053498,564.0310493879797,556.3583431313102,563.385009765625,509000,562.1665405273437
2024-12-04,567.7680082356055,576.5339469684033,564.2198858441637,572.4193115234375,699700,564.9613037109375
2024-12-05,567.4995879935681,567.4995879935681,547.045732968372,554.4799194335938,750900,563.6792114257812
2024-12-06,553.5854159420679,556.5670250045926,546.6879578843213,547.8209838867188,544800,560.6498901367188
2024-12-09,546.459495977076,547.6918849289916,543.706456983488,545.05810546875,528400,556.632666015625
2024-12-10,544.4717231247859,548.8845075734961,537.5941002610032,546.1016235351562,587900,553.1759887695313
2024-12-11,548.496847446078,550.0671786503663,546.3401670541416,547.0159912109375,495700,548.0953247070313
2024-12-12,546.0419556457981,548.8148910865149,541.9373293639445,544.6704711914062,324400,546.1334350585937
2024-12-13,540.3173827642876,542.5137963688824,537.0276758986563,540.3272705078125,590300,544.6346923828125
2024-12-16,539.711032883229,542.5038045871783,538.4588078938804,538.7171630859375,598100,543.36650390625
2024-12-17,537.5047134349845,540.3173821681896,533.1118255696382,533.4596557617188,1086900,540.8381103515625
2024-12-18,533.4595702034119,534.7218041545821,523.1134131479658,523.4910278320312,840900,536.1331176757812
2024-12-19,525.3197638723744,529.4145021653085,518.2533648953977,518.551513671875,644700,530.909326171875
2024-12-20,516.4545600279714,527.2877053448935,515.3215338038794,522.1792602539062,1742100,527.2797241210938
2024-12-23,519.704460968591,523.0240129865101,518.8497474490017,521.7220458984375,546900,523.8807006835938
2024-12-24,519.6250190548727,524.9322503737192,518.442311442305,524.9024658203125,228100,522.1692626953125
2024-12-26,522.0897122106994,525.3098404719013,522.0101856461897,524.0078735351562,312600,522.2726318359375
2024-12-27,521.8412777636311,524.355797489376,517.0210334703004,520.6983032226562,422400,522.7019897460938
2024-12-30,516.325326887344,518.6211637762,510.75961942335925,516.68310546875,357200,521.6027587890625
2024-12-31,517.8658123427417,518.8199492196195,513.7412282746873,516.6632080078125,451900,520.5909912109375
2025-01-02,521.4834416609368,521.4834416609368,510.4713484433863,510.6402893066406,653400,517.7385559082031
2025-01-03,518.3004161577354,518.3004161577354,510.88422710556534,512.3077392578125,478700,515.3985290527344
2025-01-06,510.41636588688345,511.12317019683667,502.4725489264668,504.80194091796875,969000,512.2192565917969
2025-01-07,506.1657275199812,511.3321796377581,502.24358029910854,504.80194091796875,621700,509.8430236816406
2025-01-08,505.02092052912536,509.55028856197896,502.02455160873683,507.9873962402344,960700,508.107861328125
2025-01-10,505.17026221085735,508.4453611828483,499.8246026942452,500.43182373046875,575600,506.0661682128906
2025-01-13,497.20650293052336,507.54940172841435,497.20650293052336,505.6978454589844,572700,504.744189453125
2025-01-14,504.46348854479123,509.55031660380524,503.3087417557084,508.37567138671875,535800,505.458935546875
2025-01-15,515.6325999818207,518.6488977988809,511.44171773563704,515.6127319335938,1000800,507.62109375
2025-01-16,516.4489302621853,517.8426101542366,513.4724898335598,516.74755859375,619700,509.3731262207031
2025-01-17,526.6624494623468,526.6624494623468,517.7131992840546,519.9530029296875,763800,513.2773620605469
2025-01-21,521.7149334354885,529.0116712843295,520.6696432631948,528.384521484375,686400,517.814697265625
2025-01-22,528.4741255872955,533.5012274908694,527.5084899069815,532.0279541015625,481100,522.5451538085938
2025-01-23,528.6931088750995,530.9428766099937,525.6469787738539,530.8234252929688,387600,525.5872924804687
2025-01-24,530.0470010962929,532.5754683627297,526.9411452816657,528.9619140625,385400,528.0301635742187
2025-01-27,525.5175442118666,539.2151951527834,524.8108007379009,538.8767700195312,748400,531.8149169921875
2025-01-28,537.662299395755,550.7427657481298,533.262347091193,547.1292114257812,686000,535.5638549804687
2025-01-29,545.4170325782702,547.4178725551968,540.3998341350193,540.5591430664062,691300,537.2700927734375
2025-01-30,563.4250660976471,581.6620517610914,559.0549458903246,568.01416015625,1153800,544.7082397460938
2025-01-31,569.4077767469477,579.2828036949194,567.4865305255238,573.041259765625,1158100,553.5241088867188
2025-02-03,572.6330962165808,578.8647366367389,567.0982956620559,574.4249267578125,892400,560.633740234375
2025-02-04,575.4502745474027,576.9932380115299,568.5715556803938,575.0520629882812,768100,566.218310546875
2025-02-05,575.5199911619032,579.6113508209387,570.5227214295627,578.7850952148438,484800,573.8635009765625
2025-02-06,579.7307715889217,581.1244512781448,575.0919168242301,580.7760009765625,714800,576.415869140625
2025-02-07,580.8059250096305,581.7814643887294,569.9851906934094,570.1643676757812,496600,575.8404907226562
2025-02-10,570.7018790966733,572.6530185466704,564.8385571023528,571.9163818359375,569100,575.3387817382812
2025-02-11,567.9145877861649,578.7950475319531,567.9145877861649,578.7153930664062,552900,576.0714477539062
2025-02-12,571.0303895277607,573.2104671675949,563.8929000323666,564.1915283203125,688500,573.152734375
2025-02-13,566.799664937978,572.8222351450918,562.7182697916178,570.831298828125,400400,571.1637939453125
2025-02-14,572.3941996491633,575.3109141059141,570.3335732393997,570.9806518554688,353200,571.32705078125
2025-02-18,570.3336366983324,571.5381751951335,566.8992589665957,569.9354858398438,550800,570.9308715820313
2025-02-19,569.9354163810146,575.3308368107021,565.565296564507,574.4249267578125,478000,570.0727783203125
2025-02-20,572.3544096240582,579.2430324531067,566.4313617705271,578.7850952148438,474700,572.9914916992187
2025-02-21,576.76425144482,577.7696839025681,570.9407268631318,571.4484252929688,634300,573.1149169921875
2025-02-24,572.5136965290193,577.2720639401772,569.6866007166543,573.9671020507812,512100,573.71220703125
2025-02-25,575.5199646578038,591.2184558993172,574.4747352632116,584.6782836914062,984000,576.6607666015625
2025-02-26,582.5480227017785,584.2502344964794,571.8268103786154,572.5435791015625,646000,576.2844970703125
2025-02-27,571.4385166606268,577.3217674694988,569.3878546958407,569.905517578125,549100,574.5085815429687
2025-02-28,576.4258821360238,582.2792403485986,571.0602936480701,581.8511962890625,911100,576.5891357421875
2025-03-03,585.8230598351211,589.3171628701288,580.507293775915,583.1552124023438,709900,578.4267578125
2025-03-04,583.752483518164,587.3262411088458,579.8104683107746,582.1796875,870700,577.9270385742187
2025-03-05,579.9299048980017,592.4727796622414,579.3525163412216,591.1189575195312,629100,581.6421142578125
2025-03-06,587.0773678397243,589.6655608425895,580.2185773960077,585.6239624023438,569800,584.7858032226562
2025-03-07,582.9660601632606,587.246561108102,575.3507044206235,585.7135620117188,462700,585.5582763671875
2025-03-10,584.1706110889628,588.4809445770126,571.4783917503532,573.837646484375,748700,583.6947631835938
2025-03-11,573.4892292153081,574.0865466149176,561.3743977372988,563.1861572265625,611700,579.8960571289062
2025-03-12,564.0919910287348,566.650351628006,557.0639878730057,563.8530883789062,621500,574.4428833007812
2025-03-13,560.8865612806674,565.3263709793754,558.2386428090105,560.3291015625,431800,569.3839111328125
2025-03-14,563.743607144916,569.1987535662313,563.1562541593635,566.7100830078125,428900,565.5832153320313
2025-03-17,566.7101294895167,575.6195829711232,566.7101294895167,572.9816284179688,499000,565.41201171875
2025-03-18,571.2395158354468,574.7634514965563,567.0784051665261,574.2457885742188,459800,567.6239379882812
2025-03-19,576.5851156218213,577.7000350632012,569.6865287938256,575.2113647460938,488800,569.8955932617188
2025-03-20,571.707314804927,574.8231349969593,568.2629731086961,572.8421630859375,439200,572.3982055664062
2025-03-21,567.3372072928198,570.4928851649057,561.7028841361305,569.5869750976562,879700,572.973583984375
2025-03-24,574.6737966148403,576.9135999919953,571.5579763894913,574.0367431640625,568900,573.1846069335937
2025-03-25,573.160767742367,579.5217636167408,569.925495963751,576.44580078125,735500,573.624609375
2025-03-26,576.9335258867285,582.6176709682602,576.9335258867285,580.0692749023438,336500,574.59619140625
2025-03-27,585.0067952559019,591.5569931942014,575.4901214473944,589.8646850585938,627300,578.0006958007813
2025-03-28,586.689089503083,589.0383797358138,577.988707664617,579.9995727539062,876500,580.0832153320313
2025-03-31,580.1887922625893,589.3271837444404,577.560741432125,586.908203125,994700,582.6575073242187
2025-04-01,583.1452493020656,590.3126323695624,581.5823569641245,588.1027221679688,438600,584.9888916015625
2025-04-02,581.5425487572428,590.2628595892496,577.4412247850701,587.6845703125,411900,586.5119506835938
2025-04-03,587.1868673532985,587.8239815936419,574.1960192852014,577.0729370117188,994200,583.9536010742188
2025-04-04,574.9844894900685,576.5396307124983,539.0766017519202,540.1133422851562,1672600,575.9763549804687
2025-04-07,531.390563180234,545.9750237599926,517.9027147250197,530.8821411132812,1109300,564.771142578125
2025-04-08,533.1550781380072,540.2030760733107,512.3201168482911,517.57373046875,806300,550.6653442382812
2025-04-09,515.8989805054514,554.5283502129861,512.2702973675073,552.0361328125,1153100,543.5356567382812
2025-04-10,546.2342325367995,552.7438726178976,531.4404035699332,547.8890380859375,944000,537.698876953125
2025-04-11,547.0416849674443,562.9619395138101,541.6285964157901,558.4161376953125,669100,541.3594360351562
2025-04-14,566.6703751227417,568.9532241520224,556.9207923232045,564.1183471679688,378400,548.0066772460938
2025-04-15,568.1059073614017,569.9002915994911,561.5862889864567,565.3146362304688,340700,557.5548583984375
2025-04-16,560.8286226499392,568.1158631096476,550.809921948952,554.5382690429688,635200,558.0552856445313
2025-04-17,559.7519969725581,562.7127218737588,554.6977730644602,555.5052490234375,343100,559.5785278320312
2025-04-21,548.7064382998469,553.611165368871,533.2447136518865,537.5911865234375,372600,555.4135375976563
2025-04-22,543.8815159241568,550.0721439946881,541.8578065199082,549.5836791992188,517600,552.5066040039062
2025-04-23,554.0896750115859,562.3638239774463,548.6366721181522,549.3644409179688,623400,549.3165649414062
2025-04-24,549.4042718424139,559.6821727561193,546.2939897610211,557.9176635742188,674300,549.9924438476562
2025-04-25,557.4990511945392,557.4990511945392,549.3245659913483,555.9638671875,671000,550.0841674804688
2025-04-28,536.2753335366199,556.4622937702729,533.8628842144744,550.2317504882812,805900,552.6122802734375
2025-04-29,551.6970987835449,556.3226683309165,550.3114723161763,554.4385375976562,716500,553.583251953125
2025-04-30,553.1725589980778,559.1538803315796,546.0447934042628,558.33642578125,670400,555.3776489257813
2025-05-01,562.3837839633175,562.4535733469403,554.7974893435604,555.8541870117188,590200,554.9649536132813
2025-05-02,560.3500952597544,567.627418216363,560.3500952597544,564.27783203125,556000,556.6277465820312
2025-05-05,564.1582478477903,573.5290095514035,561.5563875012549,569.35205078125,647800,560.451806640625
2025-05-06,563.6897440889593,572.2330726434569,559.1937741610409,567.926513671875,584900,563.1494018554688
2025-05-07,568.6541675314875,574.6354887260204,567.7170914438715,572.5021362304688,396000,565.9825439453125
2025-05-08,574.9644903047746,580.3576215880478,570.7376996418864,573.1900024414062,485200,569.44970703125
2025-05-09,572.7513375894929,572.7513375894929,562.6130155617487,568.7039794921875,333200,570.3349365234375
2025-05-12,578.1146179114749,578.1146179114749,565.0354670153273,574.04736328125,750900,571.2739990234375
2025-05-13,576.0211636683729,580.7563761787446,573.6685253186859,575.2734985351562,554600,572.7433959960938
2025-05-14,571.0267695986895,575.074127885632,561.735776603337,564.1781616210938,623100,571.0786010742188
2025-05-15,563.9788025466131,572.9807207382237,563.5202734992994,572.6118774414062,515800,570.9629760742188
2025-05-16,577.2074823281474,581.2050084535845,572.4323552303649,581.0654296875,611500,573.4352661132813
2025-05-19,579.9389472546953,582.2118785656357,576.5994005170288,578.6629028320312,533500,574.3583740234375
2025-05-20,576.1108584104567,576.8685021591743,571.9538572414766,576.4099731445312,460200,574.5856689453125
2025-05-21,571.9737880406083,582.1320671073822,568.1556945069842,571.0267333984375,432200,575.9553833007812
2025-05-22,566.6803968748795,571.3059669092138,566.6803968748795,567.2984619140625,346400,574.8927001953125
2025-05-23,562.6728282331557,567.9563162826363,562.0447846603251,565.2647705078125,375100,571.732568359375
2025-05-27,569.4317702462931,572.9407706498612,566.6603955452872,572.0336303710938,433700,570.4067138671875
2025-05-28,572.4822283215036,574.7550986901091,566.8797291165657,567.3582153320312,360900,568.5963623046875
2025-05-29,568.3551090828631,569.7407964179856,560.7887110605936,562.5133666992188,782000,566.8936889648437
2025-05-30,563.1912445371506,570.9171177132777,561.4466925296381,568.4946899414062,808800,567.1329345703125
2025-06-02,564.1781161524825,566.6105223702116,561.3270345167834,564.92578125,385700,567.06513671875
2025-06-03,562.6329651642175,566.4410801059976,560.0909159502812,566.1021118164062,332500,565.8788330078125
2025-06-04,565.5140522585021,567.5177438970181,561.5464008644971,566.2417602539062,737200,565.6555419921875
2025-06-05,566.6404471790089,569.3021789688112,563.7395331173254,567.7171020507812,656700,566.6962890625
2025-06-06,571.0068408959331,573.2099829084087,569.212456596728,571.0866088867188,336700,567.2146728515625
2025-06-09,570.4585477080395,574.6953170166056,566.4311465519145,571.2959594726562,419300,568.4887084960938
2025-06-10,560.9781492433651,572.5320952578387,560.9781492433651,570.3987426757812,352900,569.3480346679687
2025-06-11,570.2990395375407,572.0136556938867,566.9494535182718,567.786865234375,336700,569.6570556640625
2025-06-12,568.2853078347135,571.2959255527315,567.9962325562515,570.2492065429688,274900,570.1634765625
2025-06-13,564.9158655573721,569.0629491667116,558.5258472508423,559.0043334960938,436800,567.747021484375
2025-06-16,560.72889394597,566.132064462476,560.72889394597,563.8989868164062,372600,566.267626953125
2025-06-17,563.5600734768994,564.148202636909,557.8279741694116,560.82861328125,454900,564.3536010742188
2025-06-18,560.8286520588173,560.8286520588173,553.312085854125,554.0198974609375,447100,561.6002075195313
2025-06-20,557.2397783996716,562.6030343899373,556.0435628848596,560.2404174804688,1124300,559.5984497070312
2025-06-23,560.8386295251416,564.5270623900872,556.4024706378054,564.4174194335938,374700,560.6810668945312
2025-06-24,566.7301961757204,569.7706890169565,561.5264758228382,569.2423706054688,460600,561.7497436523438
2025-06-25,569.062931988877,571.3158452223611,561.2373334925215,565.175048828125,494400,562.6190307617187
2025-06-26,564.3177322179307,564.616786107682,556.5420268586704,563.5501098632812,509800,564.5250732421875
2025-06-27,563.5501215254739,567.5974798375856,558.9046554214823,561.7557373046875,653000,564.8281372070312
2025-06-30,562.932047316028,565.8628971385847,560.2504192102018,565.0753784179688,910300,564.9597290039062
2025-07-01,565.4741209872816,573.1601409661956,564.1482443605884,570.9271240234375,563400,565.2966796875
2025-07-02,569.9501234577804,569.9501234577804,561.8155531885693,564.3177490234375,460600,565.1252197265625
2025-07-03,568.1756936856667,573.0205493559622,566.9594600434702,571.2161865234375,244000,566.6584350585938
2025-07-07,571.2161842588822,573.9775803966888,563.5601002948405,564.2379760742188,651900,567.1548828125
2025-07-08,563.514148161382,568.3960551141986,561.2578855156733,563.6539306640625,699400,566.8705932617188
2025-07-09,565.0615888675304,570.4126875231145,550.5956226051436,557.7138061523438,861800,564.2279296875
2025-07-10,552.6721829694712,554.9583642479042,543.7669283220162,548.888427734375,944600,561.1420654296875
2025-07-11,548.9184339804643,551.0548396871052,544.8451812988003,546.5523681640625,743000,556.2093017578125
2025-07-14,545.1147308021312,547.6704839432065,540.3027149400363,547.4208984375,545800,552.8458862304688
2025-07-15,547.5106937803816,550.1064194990461,543.8767752685857,543.9166870117188,669100,548.8984375
2025-07-16,544.6854381990822,548.0398526925186,541.0015537843741,544.3259887695312,669500,546.2208740234375
2025-07-17,542.3792963705997,546.0831063660598,542.3792963705997,545.4441528320312,461000,545.5320190429687
2025-07-18,548.6089178668526,548.6089178668526,539.5040436596142,543.88671875,642200,544.9988891601563
2025-07-21,548.7087527234365,555.0082886224637,534.8118484469921,550.9949340820312,914200,545.7136962890625
2025-07-22,553.2412076657341,563.6938806913886,550.5057601781499,562.9052124023438,812400,549.5114013671875
2025-07-23,562.9151287687473,565.3011808425924,555.4974548041578,556.0964965820312,885400,551.8655029296875
2025-07-24,555.6172509358103,561.9267798717605,553.2911578804734,559.44091796875,544500,554.6648559570312
2025-07-25,559.7704035628008,562.4758715396121,556.1863287671238,562.0965576171875,278500,558.3068237304688
2025-07-28,560.6888210335446,563.2245877405425,557.8335775791049,558.1031494140625,439600,559.728466796875
2025-07-29,560.7687342977551,562.3960366925733,555.2678599251568,562.12646484375,695800,559.5727172851563
2025-07-30,562.6456098701593,563.7437617130652,549.0382033311146,551.4242553710938,666600,558.6382690429688
2025-07-31,549.7669918808499,555.3077780624759,548.0897845516744,549.4874877929688,708100,556.6475830078125
2025-08-01,550.1862667140506,550.1962598837546,539.014816994401,541.211181640625,497000,552.4705078125
2025-08-04,542.139637130553,546.2328760373022,541.1512882646434,545.5140380859375,473800,549.952685546875
2025-08-05,548.3293934430744,548.3293934430744,536.4790778460577,537.0381469726562,668800,544.9350219726563
2025-08-06,538.9349732423374,541.3110320520158,534.9915101971006,540.941650390625,493700,542.8385009765625
2025-08-07,545.1247457665047,545.6139236278134,534.4324803383269,535.8201904296875,423300,540.1050415039062
2025-08-08,535.8201725447389,537.9366527723864,530.718598464606,533.4940185546875,358700,538.5616088867188
2025-08-11,533.4940535788021,536.0697932453062,524.8983427653585,526.60546875,504900,534.7798950195313
2025-08-12,526.8949797596349,529.0713580196241,517.3607648596153,518.638671875,844900,531.1
2025-08-13,520.5554903129826,523.091318096594,513.1977143404938,521.6636962890625,1105800,527.2444091796875
2025-08-14,522.681964241379,525.227724263338,517.2409879221568,524.0896606445312,890000,524.8983032226563
2025-08-15,522.7618563416281,529.7402575727599,522.3225833990551,528.7619018554688,697600,523.9518798828125
2025-08-18,529.1112797391451,533.0946546668928,529.1112797391451,531.3975219726562,735600,524.9102905273437
2025-08-19,531.3975476448567,537.147946798427,530.1196405436425,531.70703125,762700,527.5239624023437
2025-08-20,535.3808868084966,544.0364949349984,532.5056569578315,539.6238403320312,1337500,531.1159912109375
2025-08-21,536.4790451467984,539.4441526248618,525.786780201602,526.0663452148438,1191400,531.511328125
2025-08-22,528.8716795138289,537.3176748501246,527.1345741667943,535.949951171875,673500,532.9489379882813
2025-08-25,535.01151163037,535.6803837206842,528.3825060090463,529.4107666015625,570700,532.5515869140625
2025-08-26,528.122949555716,530.2095112713318,521.47401824938,523.5805053710938,752700,530.9262817382812
2025-08-27,524.4390259876434,528.9615444304484,522.622036261882,527.783447265625,656800,528.558203125
2025-08-28,527.3342892669294,527.953256478589,524.0097930963316,525.7169799804688,794000,528.488330078125
2025-08-29,528.6220913612715,531.2976406211476,523.2410133330848,525.4373779296875,872100,526.3858154296875
2025-09-02,523.2210974776103,524.1395550769672,515.3940692088515,518.1295166015625,681100,524.1295654296875
2025-09-03,516.4223681455567,523.8100622297834,516.4223681455567,523.260986328125,713000,524.0656616210938
2025-09-04,522.2227461210109,526.3558357112254,520.4556612735825,526.2460327148438,441600,523.7581787109375
2025-09-05,529.1212757623773,529.1212757623773,515.9232233775117,517.5804443359375,700600,522.1308715820312
2025-09-08,518.2393564967317,523.2011483883763,516.6520266906756,522.5621948242188,1086000,521.5558349609375
2025-09-09,520.8250811410835,524.0297811478871,517.6103879640649,518.8084106445312,969000,521.6916137695313
2025-09-10,518.5788156464406,518.5788156464406,508.285911176003,512.3790893554688,1117900,519.515234375
2025-09-11,513.1478157794835,518.3392066473137,512.1494737254378,516.522216796875,849800,517.5704711914062
2025-09-12,514.7251983235161,516.3025348506021,511.19102855719484,511.6802673339844,615400,516.3904357910156
2025-09-15,511.6802797415408,513.5371813289626,503.4239714955182,504.3923645019531,689100,512.7564697265625
2025-09-16,504.16271723062397,505.42063791809846,498.17266514471555,501.6069641113281,1871700,509.31618041992186
2025-09-17,503.5437715217373,516.5821163471768,502.90481798118554,508.8050231933594,940800,508.6013671875
2025-09-18,508.80499970423017,512.2692477003405,506.7683734714701,508.16607666015625,736900,506.9301391601563
2025-09-19,507.6669208754384,508.62532070377387,502.1161415663994,503.7833557128906,1437900,505.3507568359375
2025-09-22,500.6685389419934,509.6136751947286,500.6186340261996,508.7850646972656,665300,506.229296875
2025-09-23,506.5487756930478,507.89651305588484,501.31744275413064,503.1543884277344,1097900,506.5387817382813
2025-09-24,502.65521179993084,506.4988346542657,501.53707361692005,504.8415832519531,765700,505.74609375
2025-09-25,505.38070890247195,505.9797202200993,491.43386937961156,494.2092590332031,949300,502.95473022460936
2025-09-26,494.3989320466834,499.49048239762726,493.26080752966925,498.4821472167969,560900,501.8944885253906
2025-09-29,499.3906616809497,500.30914977281014,493.95967848929354,500.1294250488281,729100,500.1633605957031
2025-09-30,499.62028142062604,501.24755333830547,494.9879597743052,497.8631896972656,804800,499.10512084960936
2025-10-01,498.4322484031819,503.16437984514886,494.72837755976235,497.1443786621094,969100,497.5656799316406
2025-10-02,494.6185853445094,499.4605503574513,494.6185853445094,496.7650146484375,881200,498.0768310546875
2025-10-03,497.2699890136719,504.9100036621094,497.2699890136719,499.95001220703125,1075500,498.3704040527344
2025-10-06,501.8999938964844,507.3599853515625,497.1199951171875,506.989990234375,1210200,499.7425170898438
2025-10-07,505.8399963378906,511.0199890136719,503.6400146484375,510.57000732421875,1019400,502.28388061523435
2025-10-08,512.1300048828125,521.280029296875,509.45001220703125,520.0,1513200,506.8550048828125
2025-10-09,519.9000244140625,520.0499877929688,511.45001220703125,518.0700073242188,776900,511.1160034179687
2025-10-10,520.719970703125,520.8499755859375,503.8999938964844,509.0,1290900,512.9260009765625
2025-10-13,507.3500061035156,513.8499755859375,504.1099853515625,512.72998046875,731400,514.0739990234375
2025-10-14,508.3999938964844,515.3200073242188,506.7900085449219,513.8200073242188,712600,514.7239990234375
2025-10-15,507.79998779296875,515.5700073242188,499.1600036621094,499.7300109863281,1057400,510.6700012207031
2025-10-16,500.1700134277344,503.3299865722656,497.57000732421875,500.0799865722656,837000,507.0719970703125
2025-10-17,500.0400085449219,505.0400085449219,498.4200134277344,504.5199890136719,716300,506.1759948730469
2025-10-20,504.510009765625,506.9700012207031,501.5199890136719,505.8900146484375,887200,504.80800170898436
2025-10-21,507.2799987792969,517.5,505.8999938964844,514.52001953125,622300,504.9480041503906
2025-10-22,510.9800109863281,519.0999755859375,508.57000732421875,508.95001220703125,1147900,506.79200439453126
2025-10-23,467.05999755859375,481.4800109863281,456.989990234375,479.9599914550781,2230200,502.76800537109375
2025-10-24,482.5899963378906,483.3599853515625,474.79998779296875,478.79998779296875,1059300,497.62400512695314
2025-10-27,476.5199890136719,476.5299987792969,458.9200134277344,463.7300109863281,1631100,489.19200439453124
2025-10-28,463.7300109863281,464.9800109863281,455.7099914550781,456.1600036621094,1500200,477.52000122070314
2025-10-29,451.5799865722656,454.7799987792969,444.1300048828125,446.2799987792969,1657800,464.9859985351562
2025-10-30,446.30999755859375,453.0299987792969,442.69000244140625,443.3999938964844,1443300,457.6739990234375
2025-10-31,439.0799865722656,448.0,435.4200134277344,446.1499938964844,1164800,451.1440002441406
2025-11-03,447.5400085449219,448.8399963378906,437.3699951171875,448.5400085449219,1440100,448.1059997558594
2025-11-04,450.1099853515625,451.45001220703125,444.57000732421875,449.30999755859375,1193400,446.7359985351562
2025-11-05,446.1300048828125,451.4100036621094,444.3599853515625,445.8299865722656,1076000,446.64599609375
2025-11-06,443.55999755859375,447.32000732421875,440.95001220703125,444.4800109863281,991200,446.86199951171875
2025-11-07,444.9700012207031,448.8500061035156,443.7699890136719,447.04998779296875,769700,447.0419982910156
2025-11-10,445.0,451.9800109863281,441.8399963378906,449.82000732421875,821700,447.297998046875
2025-11-11,448.7900085449219,449.3900146484375,441.2900085449219,443.2699890136719,772900,446.0899963378906
2025-11-12,443.29998779296875,455.79998779296875,441.0299987792969,455.20001220703125,923600,447.96400146484376
2025-11-13,453.4700012207031,454.6600036621094,446.8599853515625,447.75,859400,448.6179992675781
2025-11-14,446.8900146484375,451.04998779296875,441.3800048828125,449.5,874500,449.1080017089844
2025-11-17,448.6600036621094,449.9700012207031,443.5,443.8800048828125,652100,447.9200012207031
2025-11-18,443.3999938964844,448.6400146484375,442.2300109863281,444.4100036621094,1071000,448.14800415039065
2025-11-19,442.07000732421875,445.5799865722656,437.3999938964844,444.7799987792969,1021100,446.0640014648437
2025-11-20,448.45001220703125,448.45001220703125,440.1499938964844,440.8599853515625,774200,444.6859985351563
2025-11-21,440.94000244140625,449.7900085449219,440.94000244140625,443.75,1085000,443.53599853515624
2025-11-24,442.57000732421875,445.9700012207031,438.7300109863281,439.6400146484375,1453100,442.68800048828126
2025-11-25,440.6099853515625,447.29998779296875,439.3999938964844,446.4100036621094,755900,443.08800048828124
2025-11-26,445.739990234375,448.17999267578125,443.7300109863281,446.0799865722656,532500,443.347998046875
2025-11-28,447.9599914550781,449.79998779296875,446.0,446.2200012207031,328300,444.4200012207031
