Date,Open,High,Low,Close,Volume,MA5
2021-01-08,3.246000051498413,3.2950000762939453,3.1459999084472656,3.187999963760376,2618000,3.1633999824523924
2021-01-11,3.1530001163482666,3.239000082015991,3.1429998874664307,3.2100000381469727,1859000,3.1843999862670898
2021-01-12,3.2249999046325684,3.2730000019073486,3.180999994277954,3.240999937057495,2702000,3.2093999862670897
2021-01-13,3.2320001125335693,3.2939999103546143,3.2249999046325684,3.253999948501587,2683000,3.2223999977111815
2021-01-14,3.2799999713897705,3.299999952316284,3.253000020980835,3.2669999599456787,1847000,3.231999969482422
2021-01-15,3.253999948501587,3.309999942779541,3.2260000705718994,3.234999895095825,2499000,3.241399955749512
2021-01-19,3.2760000228881836,3.2820000648498535,3.2090001106262207,3.246999979019165,1771000,3.24879994392395
2021-01-20,3.265000104904175,3.38700008392334,3.265000104904175,3.368000030517578,3077000,3.274199962615967
2021-01-21,3.368000030517578,3.430000066757202,3.3410000801086426,3.375999927520752,2628000,3.2985999584198
2021-01-22,3.3320000171661377,3.434000015258789,3.309000015258789,3.4210000038146973,3456000,3.3293999671936034
2021-01-25,3.430000066757202,3.507999897003174,3.4059998989105225,3.4700000286102295,3044000,3.3763999938964844
2021-01-26,3.4739999771118164,3.4800000190734863,3.359999895095825,3.378999948501587,2037000,3.4027999877929687
2021-01-27,3.305999994277954,3.306999921798706,3.2109999656677246,3.2239999771118164,2374000,3.3739999771118163
2021-01-28,3.242000102996826,3.242000102996826,3.124000072479248,3.180000066757202,1796000,3.3348000049591064
2021-01-29,3.1659998893737793,3.187999963760376,3.052000045776367,3.0999999046325684,3096000,3.2705999851226806
2021-02-01,3.132999897003174,3.197000026702881,3.0950000286102295,3.1540000438690186,2279000,3.2073999881744384
2021-02-02,3.184000015258789,3.2100000381469727,3.1410000324249268,3.174999952316284,3097000,3.166599988937378
2021-02-03,3.25,3.4739999771118164,3.25,3.302999973297119,4554000,3.1823999881744385
2021-02-04,3.3329999446868896,3.3580000400543213,3.242000102996826,3.2899999618530273,2096000,3.2043999671936034
2021-02-05,3.2709999084472656,3.2709999084472656,3.1029999256134033,3.194999933242798,3648000,3.2233999729156495
2021-02-08,3.196000099182129,3.384999990463257,3.194999933242798,3.380000114440918,4206000,3.2685999870300293
2021-02-09,3.380000114440918,3.4079999923706055,3.3299999237060547,3.390000104904175,1929000,3.3116000175476072
2021-02-10,3.4100000858306885,3.4179999828338623,3.3459999561309814,3.371999979019165,1591000,3.3254000186920165
2021-02-11,3.3559999465942383,3.4619998931884766,3.3559999465942383,3.421999931335449,2203000,3.351800012588501
2021-02-12,3.250999927520752,3.3499999046325684,3.1530001163482666,3.194999933242798,6508000,3.351800012588501
2021-02-16,3.236999988555908,3.2939999103546143,3.178999900817871,3.193000078201294,2847000,3.314400005340576
2021-02-17,3.1440000534057617,3.2049999237060547,3.1010000705718994,3.1530001163482666,1796000,3.2670000076293944
2021-02-18,3.1429998874664307,3.186000108718872,3.134000062942505,3.1630001068115234,1886000,3.2252000331878663
2021-02-19,3.1740000247955322,3.2119998931884766,3.134000062942505,3.1679999828338623,2102000,3.174400043487549
2021-02-22,3.131999969482422,3.2219998836517334,3.119999885559082,3.177999973297119,2730000,3.171000051498413
2021-02-23,3.1480000019073486,3.2939999103546143,3.059000015258789,3.2639999389648438,6735000,3.185200023651123
2021-02-24,3.23799991607666,3.3980000019073486,3.23799991607666,3.369999885559082,3126000,3.2285999774932863
2021-02-25,3.3340001106262207,3.369999885559082,3.25,3.25,2807000,3.2459999561309814
2021-02-26,3.2330000400543213,3.322999954223633,3.2049999237060547,3.263000011444092,3533000,3.2649999618530274
2021-03-01,3.3469998836517334,3.437000036239624,3.2880001068115234,3.427000045776367,2218000,3.314799976348877
2021-03-02,3.446000099182129,3.4600000381469727,3.377000093460083,3.4079999923706055,2531000,3.3435999870300295
2021-03-03,3.428999900817871,3.4670000076293945,3.3589999675750732,3.361999988555908,2916000,3.3420000076293945
2021-03-04,3.378999948501587,3.3940000534057617,3.2260000705718994,3.26200008392334,2857000,3.3444000244140626
2021-03-05,3.311000108718872,3.4070000648498535,3.2260000705718994,3.3910000324249268,3309000,3.3700000286102294
2021-03-08,3.447999954223633,3.5309998989105225,3.4000000953674316,3.4549999237060547,3371000,3.375600004196167
2021-03-09,3.496999979019165,3.5320000648498535,3.4159998893737793,3.431999921798706,3133000,3.380399990081787
2021-03-10,3.4560000896453857,3.5920000076293945,3.434000015258789,3.569999933242798,2794000,3.421999979019165
2021-03-11,3.569999933242798,3.6489999294281006,3.569999933242798,3.5810000896453857,2684000,3.4857999801635744
2021-03-12,3.571000099182129,3.6630001068115234,3.499000072479248,3.6459999084472656,2376000,3.536799955368042
2021-03-15,3.6700000762939453,3.7190001010894775,3.609999895095825,3.7100000381469727,2706000,3.5877999782562258
2021-03-16,3.740000009536743,3.75,3.6760001182556152,3.7139999866485596,2520000,3.644199991226196
2021-03-17,3.693000078201294,3.8299999237060547,3.6589999198913574,3.8299999237060547,3811000,3.6961999893188477
2021-03-18,3.815999984741211,3.880000114440918,3.7860000133514404,3.822999954223633,4225000,3.744599962234497
2021-03-19,3.757999897003174,3.875999927520752,3.74399995803833,3.8550000190734863,11351000,3.786399984359741
2021-03-22,3.869999885559082,3.937000036239624,3.7899999618530273,3.8919999599456787,3834000,3.8227999687194822
2021-03-23,3.867000102996826,3.86899995803833,3.746000051498413,3.7660000324249268,4155000,3.833199977874756
2021-03-24,3.7679998874664307,3.874000072479248,3.7309999465942383,3.739000082015991,3098000,3.8150000095367433
2021-03-25,3.7249999046325684,3.7669999599456787,3.6730000972747803,3.7060000896453857,3254000,3.7916000366210936
2021-03-26,3.7239999771118164,3.8310000896453857,3.7190001010894775,3.816999912261963,3403000,3.784000015258789
2021-03-29,3.765000104904175,3.8369998931884766,3.7290000915527344,3.746999979019165,4901000,3.7550000190734862
2021-03-30,3.7100000381469727,3.8239998817443848,3.693000078201294,3.7939999103546143,2912000,3.7605999946594237
2021-03-31,3.7950000762939453,3.930999994277954,3.7950000762939453,3.9059998989105225,3131000,3.79399995803833
2021-04-01,3.933000087738037,3.9600000381469727,3.884000062942505,3.9600000381469727,2893000,3.8447999477386476
2021-04-05,3.9619998931884766,4.031000137329102,3.9619998931884766,4.0,3522000,3.881399965286255
2021-04-06,3.9839999675750732,4.0329999923706055,3.9240000247955322,3.936000108718872,1776000,3.919199991226196
2021-04-07,3.940999984741211,3.9609999656677246,3.9170000553131104,3.934000015258789,2019000,3.9472000122070314
2021-04-08,3.9800000190734863,3.9800000190734863,3.9189999103546143,3.9579999446868896,4883000,3.9576000213623046
2021-04-09,3.937000036239624,3.9760000705718994,3.9110000133514404,3.9679999351501465,2759000,3.9592000007629395
2021-04-12,3.9690001010894775,4.071000099182129,3.9240000247955322,4.002999782562256,8111000,3.959799957275391
2021-04-13,4.005000114440918,4.033999919891357,3.933000087738037,3.953000068664551,1483000,3.9631999492645265
2021-04-14,3.9760000705718994,3.99399995803833,3.9189999103546143,3.927999973297119,1635000,3.961999940872192
2021-04-15,3.950000047683716,3.9649999141693115,3.9179999828338623,3.933000087738037,1841000,3.956999969482422
2021-04-16,3.9709999561309814,3.9769999980926514,3.9059998989105225,3.9170000553131104,1570000,3.9467999935150146
2021-04-19,3.9000000953674316,3.9260001182556152,3.8269999027252197,3.8559999465942383,2172000,3.917400026321411
2021-04-20,3.8459999561309814,3.884999990463257,3.752000093460083,3.7829999923706055,2317000,3.883400011062622
2021-04-21,3.7780001163482666,3.86299991607666,3.753000020980835,3.8499999046325684,1642000,3.867799997329712
2021-04-22,3.7860000133514404,3.8440001010894775,3.76200008392334,3.7790000438690186,2399000,3.8369999885559083
2021-04-23,3.7990000247955322,3.8589999675750732,3.7769999504089355,3.825000047683716,2118000,3.818599987030029
2021-04-26,3.818000078201294,3.8970000743865967,3.7980000972747803,3.865999937057495,1804000,3.820599985122681
2021-04-27,3.8580000400543213,3.890000104904175,3.828000068664551,3.8499999046325684,1539000,3.8339999675750733
2021-04-28,3.819999933242798,3.8489999771118164,3.7899999618530273,3.813999891281128,1379000,3.8267999649047852
2021-04-29,3.8559999465942383,3.868000030517578,3.7899999618530273,3.809999942779541,1063000,3.8329999446868896
2021-04-30,3.805999994277954,3.819000005722046,3.690999984741211,3.7019999027252197,2398000,3.8083999156951904
2021-05-03,3.742000102996826,3.760999917984009,3.7009999752044678,3.7260000705718994,1919000,3.780399942398071
2021-05-04,3.697000026702881,3.7339999675750732,3.638000011444092,3.6579999923706055,2466000,3.741999959945679
2021-05-05,3.559000015258789,3.696000099182129,3.5199999809265137,3.625999927520752,2728000,3.7043999671936034
2021-05-06,3.631999969482422,3.6559998989105225,3.507999897003174,3.617000102996826,2279000,3.6657999992370605
2021-05-07,3.6019999980926514,3.690999984741211,3.562000036239624,3.6389999389648438,1639000,3.6532000064849854
2021-05-10,3.6449999809265137,3.6449999809265137,3.5139999389648438,3.5169999599456787,2056000,3.6113999843597413
2021-05-11,3.4639999866485596,3.4679999351501465,3.38700008392334,3.4189999103546143,1679000,3.563599967956543
2021-05-12,3.36899995803833,3.424999952316284,3.3540000915527344,3.365000009536743,1941000,3.511399984359741
2021-05-13,3.375,3.4760000705718994,3.3480000495910645,3.4570000171661377,2064000,3.4793999671936033
2021-05-14,3.4820001125335693,3.6640000343322754,3.4800000190734863,3.625999927520752,2226000,3.476799964904785
2021-05-17,3.5920000076293945,3.63100004196167,3.565999984741211,3.61299991607666,1092000,3.4959999561309814
2021-05-18,3.565999984741211,3.6500000953674316,3.565999984741211,3.5950000286102295,1812000,3.5311999797821043
2021-05-19,3.5460000038146973,3.5959999561309814,3.5209999084472656,3.5799999237060547,1589000,3.5741999626159666
2021-05-20,3.571000099182129,3.5910000801086426,3.5429999828338623,3.5899999141693115,1236000,3.6007999420166015
2021-05-21,3.6010000705718994,3.640000104904175,3.558000087738037,3.565999984741211,1699000,3.5887999534606934
2021-05-24,3.566999912261963,3.6029999256134033,3.549999952316284,3.5929999351501465,1484000,3.584799957275391
2021-05-25,3.5880000591278076,3.6110000610351562,3.546999931335449,3.546999931335449,1942000,3.5751999378204347
2021-05-26,3.552000045776367,3.5880000591278076,3.5399999618530273,3.565999984741211,1229000,3.572399950027466
2021-05-27,3.549999952316284,3.6389999389648438,3.549999952316284,3.5980000495910645,3718000,3.5739999771118165
2021-05-28,3.559999942779541,3.562000036239624,3.4700000286102295,3.4739999771118164,1745000,3.5555999755859373
2021-06-01,3.507999897003174,3.5460000038146973,3.4719998836517334,3.5209999084472656,1952000,3.541199970245361
2021-06-02,3.5350000858306885,3.6389999389648438,3.4839999675750732,3.628000020980835,4564000,3.5573999881744385
2021-06-03,3.621999979019165,3.6449999809265137,3.5769999027252197,3.6410000324249268,1080000,3.5723999977111816
2021-06-04,3.6440000534057617,3.677000045776367,3.615000009536743,3.6689999103546143,973000,3.5865999698638915
2021-06-07,3.678999900817871,3.7149999141693115,3.6470000743865967,3.700000047683716,1671000,3.6317999839782713
2021-06-08,3.7200000286102295,3.739000082015991,3.681999921798706,3.684999942779541,1299000,3.6645999908447267
2021-06-09,3.684999942779541,3.697999954223633,3.628000020980835,3.63100004196167,1571000,3.6651999950408936
2021-06-10,3.6410000324249268,3.697999954223633,3.621999979019165,3.6410000324249268,905000,3.6651999950408936
2021-06-11,3.6600000858306885,3.6740000247955322,3.634000062942505,3.6649999618530273,831000,3.664400005340576
2021-06-14,3.6649999618530273,3.687999963760376,3.609999895095825,3.624000072479248,1262000,3.6492000102996824
2021-06-15,3.617000102996826,3.6470000743865967,3.6010000705718994,3.618000030517578,1962000,3.63580002784729
2021-06-16,3.622999906539917,3.622999906539917,3.552000045776367,3.5759999752044678,1261000,3.6248000144958494
2021-06-17,3.552000045776367,3.5889999866485596,3.50600004196167,3.5390000343322754,1746000,3.6044000148773194
2021-06-18,3.5,3.5190000534057617,3.3940000534057617,3.4260001182556152,3222000,3.556600046157837
2021-06-21,3.447999954223633,3.559000015258789,3.443000078201294,3.493000030517578,2228000,3.530400037765503
2021-06-22,3.4779999256134033,3.50600004196167,3.382999897003174,3.4019999504089355,1970000,3.4872000217437744
2021-06-23,3.4019999504089355,3.4660000801086426,3.3940000534057617,3.434000015258789,1786000,3.458800029754639
2021-06-24,3.4739999771118164,3.5409998893737793,3.4489998817443848,3.5369999408721924,1268000,3.458400011062622
2021-06-25,3.5399999618530273,3.6110000610351562,3.5199999809265137,3.6010000705718994,7820000,3.493400001525879
2021-06-28,3.5929999351501465,3.614000082015991,3.503000020980835,3.552999973297119,1188000,3.505399990081787
2021-06-29,3.559000015258789,3.572999954223633,3.50600004196167,3.5390000343322754,937000,3.532800006866455
2021-06-30,3.5220000743865967,3.5490000247955322,3.4830000400543213,3.5179998874664307,2181000,3.5495999813079835
2021-07-01,3.5350000858306885,3.5850000381469727,3.496999979019165,3.5460000038146973,1229000,3.551399993896484
2021-07-02,3.559000015258789,3.5920000076293945,3.499000072479248,3.5409998893737793,1439000,3.5393999576568604
2021-07-06,3.5369999408721924,3.5369999408721924,3.4590001106262207,3.4600000381469727,1422000,3.520799970626831
2021-07-07,3.4619998931884766,3.510999917984009,3.4019999504089355,3.427999973297119,1466000,3.4985999584198
2021-07-08,3.4000000953674316,3.447000026702881,3.3329999446868896,3.380000114440918,1406000,3.471000003814697
2021-07-09,3.428999900817871,3.490999937057495,3.4059998989105225,3.4560000896453857,3849000,3.453000020980835
2021-07-12,3.4790000915527344,3.4800000190734863,3.3499999046325684,3.3589999675750732,1658000,3.4166000366210936
2021-07-13,3.3459999561309814,3.3529999256134033,3.2880001068115234,3.2950000762939453,2295000,3.383600044250488
2021-07-14,3.322999954223633,3.4549999237060547,3.302999973297119,3.444999933242798,2560000,3.387000036239624
2021-07-15,3.437000036239624,3.4670000076293945,3.3980000019073486,3.4549999237060547,2657000,3.401999998092651
2021-07-16,3.4800000190734863,3.489000082015991,3.4000000953674316,3.4140000343322754,2676000,3.3935999870300293
2021-07-19,3.3540000915527344,3.494999885559082,3.3480000495910645,3.493000030517578,2979000,3.4203999996185304
2021-07-20,3.510999917984009,3.5920000076293945,3.4790000915527344,3.4830000400543213,2483000,3.4579999923706053
2021-07-21,3.486999988555908,3.5350000858306885,3.4590001106262207,3.513000011444092,1311000,3.4716000080108644
2021-07-22,3.48799991607666,3.510999917984009,3.428999900817871,3.441999912261963,945000,3.469000005722046
2021-07-23,3.4509999752044678,3.51200008392334,3.430000066757202,3.509999990463257,695000,3.488199996948242
2021-07-26,3.5179998874664307,3.5739998817443848,3.513000011444092,3.5280001163482666,992000,3.49520001411438
2021-07-27,3.507999897003174,3.507999897003174,3.440000057220459,3.496999979019165,1161000,3.4980000019073487
2021-07-28,3.492000102996826,3.5999999046325684,3.492000102996826,3.571000099182129,1182000,3.509600019454956
2021-07-29,3.5999999046325684,3.75,3.5789999961853027,3.734999895095825,1888000,3.5682000160217284
2021-07-30,3.7269999980926514,3.815999984741211,3.693000078201294,3.803999900817871,1868000,3.6269999980926513
2021-08-02,3.809999942779541,3.864000082015991,3.7300000190734863,3.746000051498413,1775000,3.6705999851226805
2021-08-03,3.743000030517578,3.8469998836517334,3.7230000495910645,3.7880001068115234,1363000,3.7288000106811525
2021-08-04,3.759999990463257,3.8350000381469727,3.759999990463257,3.7799999713897705,1934000,3.7705999851226806
2021-08-05,3.803999900817871,3.872999906539917,3.803999900817871,3.859999895095825,1951000,3.7955999851226805
2021-08-06,3.880000114440918,3.938999891281128,3.8510000705718994,3.8949999809265137,1963000,3.813800001144409
2021-08-09,3.9189999103546143,3.940999984741211,3.8350000381469727,3.890000104904175,2981000,3.8426000118255614
2021-08-10,3.8970000743865967,3.940999984741211,3.8299999237060547,3.8570001125335693,2374000,3.8564000129699707
2021-08-11,3.950000047683716,3.9630000591278076,3.812999963760376,3.881999969482422,3618000,3.876800012588501
2021-08-12,3.867000102996826,3.924999952316284,3.8010001182556152,3.8329999446868896,3219000,3.871400022506714
2021-08-13,3.8010001182556152,3.816999912261963,3.621000051498413,3.630000114440918,3036000,3.8184000492095946
2021-08-16,3.630000114440918,3.7119998931884766,3.569999933242798,3.7060000896453857,2510000,3.7816000461578367
2021-08-17,3.690999984741211,3.7019999027252197,3.6110000610351562,3.6570000648498535,2037000,3.7416000366210938
2021-08-18,3.6419999599456787,3.6600000858306885,3.553999900817871,3.562000036239624,1186000,3.677600049972534
2021-08-19,3.5139999389648438,3.5199999809265137,3.430000066757202,3.4760000705718994,1614000,3.606200075149536
2021-08-20,3.4639999866485596,3.569999933242798,3.4639999866485596,3.563999891281128,1556000,3.593000030517578
2021-08-23,3.5769999027252197,3.6010000705718994,3.552000045776367,3.5929999351501465,1226000,3.5703999996185303
2021-08-24,3.5850000381469727,3.615000009536743,3.5420000553131104,3.5490000247955322,1442000,3.548799991607666
2021-08-25,3.5490000247955322,3.5899999141693115,3.5399999618530273,3.559000015258789,1474000,3.548199987411499
2021-08-26,3.562999963760376,3.6019999980926514,3.493000030517578,3.496999979019165,2488000,3.5523999691009522
2021-08-27,3.489000082015991,3.5910000801086426,3.4660000801086426,3.572999954223633,3027000,3.554199981689453
2021-08-30,3.5810000896453857,3.5810000896453857,3.5269999504089355,3.549999952316284,2546000,3.5455999851226805
2021-08-31,3.558000087738037,3.700000047683716,3.5339999198913574,3.6540000438690186,5254000,3.566599988937378
2021-09-01,3.6710000038146973,3.7929999828338623,3.638000011444092,3.753999948501587,1768000,3.6055999755859376
2021-09-02,3.753999948501587,3.821000099182129,3.7309999465942383,3.7839999198913574,1498000,3.662999963760376
2021-09-03,3.799999952316284,3.865000009536743,3.7929999828338623,3.799999952316284,1512000,3.7083999633789064
2021-09-07,3.799999952316284,3.799999952316284,3.6579999923706055,3.671999931335449,1130000,3.7327999591827394
2021-09-08,3.6429998874664307,3.677999973297119,3.622999906539917,3.632999897003174,1187000,3.7285999298095702
2021-09-09,3.6429998874664307,3.680000066757202,3.628000020980835,3.6480000019073486,1109000,3.7073999404907227
2021-09-10,3.6589999198913574,3.694999933242798,3.6559998989105225,3.6589999198913574,1411000,3.682399940490723
2021-09-13,3.686000108718872,3.7330000400543213,3.631999969482422,3.7130000591278076,1109000,3.6649999618530273
2021-09-14,3.734999895095825,3.734999895095825,3.578000068664551,3.6070001125335693,1272000,3.651999998092651
2021-09-15,3.621000051498413,3.6449999809265137,3.5820000171661377,3.6440000534057617,1210000,3.654200029373169
2021-09-16,3.622999906539917,3.6679999828338623,3.6010000705718994,3.6429998874664307,977000,3.6532000064849854
2021-09-17,3.621000051498413,3.749000072479248,3.6080000400543213,3.7249999046325684,4647000,3.6664000034332274
2021-09-20,3.6540000438690186,3.6689999103546143,3.565000057220459,3.631999969482422,2115000,3.6501999855041505
2021-09-21,3.6689999103546143,3.690000057220459,3.632999897003174,3.6670000553131104,2585000,3.6621999740600586
2021-09-22,3.687999963760376,3.803999900817871,3.687999963760376,3.7739999294281006,1637000,3.6881999492645265
2021-09-23,3.7990000247955322,3.875,3.73799991607666,3.75,1540000,3.7095999717712402
2021-09-24,3.7249999046325684,3.7799999713897705,3.680999994277954,3.7300000190734863,1068000,3.710599994659424
2021-09-27,3.7209999561309814,3.812999963760376,3.7190001010894775,3.7880001068115234,1399000,3.7418000221252443
2021-09-28,3.756999969482422,3.7739999294281006,3.7109999656677246,3.7300000190734863,1269000,3.7544000148773193
2021-09-29,3.734999895095825,3.753999948501587,3.6579999923706055,3.6700000762939453,900000,3.733600044250488
2021-09-30,3.684999942779541,3.7760000228881836,3.632999897003174,3.6570000648498535,1269000,3.715000057220459
2021-10-01,3.671999931335449,3.753999948501587,3.630000114440918,3.734999895095825,891000,3.716000032424927
2021-10-04,3.7799999713897705,3.7799999713897705,3.6700000762939453,3.687999963760376,788000,3.696000003814697
2021-10-05,3.686000108718872,3.74399995803833,3.6579999923706055,3.7279999256134033,759000,3.695599985122681
2021-10-06,3.690999984741211,3.7209999561309814,3.627000093460083,3.6519999504089355,1431000,3.6919999599456785
2021-10-07,3.684999942779541,3.7790000438690186,3.6579999923706055,3.7300000190734863,1413000,3.7065999507904053
2021-10-08,3.7360000610351562,3.7720000743865967,3.6760001182556152,3.687999963760376,512000,3.6971999645233153
2021-10-11,3.693000078201294,3.7219998836517334,3.680000066757202,3.6989998817443848,595000,3.699399948120117
2021-10-12,3.7149999141693115,3.7279999256134033,3.5789999961853027,3.5880000591278076,1017000,3.671399974822998
2021-10-13,3.615999937057495,3.617000102996826,3.5420000553131104,3.5799999237060547,1111000,3.656999969482422
2021-10-14,3.618000030517578,3.634000062942505,3.569999933242798,3.5959999561309814,1636000,3.6301999568939207
2021-10-15,3.6500000953674316,3.6710000038146973,3.5390000343322754,3.5439999103546143,3294000,3.6013999462127684
2021-10-18,3.5250000953674316,3.565000057220459,3.4800000190734863,3.496999979019165,1287000,3.5609999656677247
2021-10-19,3.503000020980835,3.5329999923706055,3.4779999256134033,3.5239999294281006,1291000,3.548199939727783
2021-10-20,3.5390000343322754,3.5510001182556152,3.496999979019165,3.5350000858306885,1296000,3.53919997215271
2021-10-21,3.5360000133514404,3.556999921798706,3.4860000610351562,3.5369999408721924,1203000,3.5273999691009523
2021-10-22,3.5320000648498535,3.622999906539917,3.510999917984009,3.5299999713897705,1024000,3.5245999813079836
2021-10-25,3.5250000953674316,3.5490000247955322,3.509999990463257,3.5329999923706055,1135000,3.5317999839782717
2021-10-26,3.5269999504089355,3.5850000381469727,3.4820001125335693,3.5450000762939453,3700000,3.5360000133514404
2021-10-27,3.5339999198913574,3.5889999866485596,3.503999948501587,3.5309998989105225,1073000,3.5351999759674073
2021-10-28,3.5339999198913574,3.6089999675750732,3.5309998989105225,3.5439999103546143,1832000,3.5365999698638917
2021-10-29,3.549999952316284,3.617000102996826,3.5339999198913574,3.5390000343322754,3371000,3.5383999824523924
2021-11-01,3.5450000762939453,3.671999931335449,3.5450000762939453,3.6649999618530273,1541000,3.564799976348877
2021-11-02,3.6679999828338623,3.7060000896453857,3.6549999713897705,3.7060000896453857,1735000,3.596999979019165
2021-11-03,4.140999794006348,4.400000095367432,4.026000022888184,4.186999797821045,8587000,3.7281999588012695
2021-11-04,4.190999984741211,4.714000225067139,4.190999984741211,4.697000026702881,11788000,3.9587999820709228
2021-11-05,4.599999904632568,4.705999851226807,4.473999977111816,4.6579999923706055,7256000,4.182599973678589
2021-11-08,4.656000137329102,4.699999809265137,4.492000102996826,4.504000186920166,2578000,4.350400018692016
2021-11-09,4.480999946594238,4.550000190734863,4.465000152587891,4.484000205993652,1802000,4.50600004196167
2021-11-10,4.453000068664551,4.474999904632568,4.334000110626221,4.381999969482422,2333000,4.545000076293945
2021-11-11,4.372000217437744,4.460999965667725,4.372000217437744,4.431000232696533,1178000,4.491800117492676
2021-11-12,4.460999965667725,4.482999801635742,4.330999851226807,4.36899995803833,938000,4.43400011062622
2021-11-15,4.36299991607666,4.36299991607666,4.230000019073486,4.309000015258789,1584000,4.395000076293945
2021-11-16,4.281000137329102,4.4019999504089355,4.257999897003174,4.401000022888184,2560000,4.378400039672852
2021-11-17,4.379000186920166,4.414999961853027,4.218999862670898,4.25,1447000,4.352000045776367
2021-11-18,4.25600004196167,4.293000221252441,4.190000057220459,4.285999774932861,1600000,4.322999954223633
2021-11-19,4.238999843597412,4.308000087738037,4.193999767303467,4.2179999351501465,1850000,4.292799949645996
2021-11-22,4.229000091552734,4.348999977111816,4.2129998207092285,4.2170000076293945,1682000,4.274399948120117
2021-11-23,4.201000213623047,4.265999794006348,4.164000034332275,4.177999973297119,1326000,4.2297999382019045
2021-11-24,4.165999889373779,4.230999946594238,4.136000156402588,4.196000099182129,1079000,4.21899995803833
2021-11-26,4.123000144958496,4.145999908447266,3.936000108718872,4.043000221252441,1884000,4.1704000473022464
2021-11-29,4.061999797821045,4.107999801635742,3.994999885559082,4.063000202178955,2072000,4.1394001007080075
2021-11-30,4.02400016784668,4.166999816894531,3.9760000705718994,4.139999866485596,3548000,4.124000072479248
2021-12-01,4.199999809265137,4.315999984741211,4.171000003814697,4.243000030517578,3351000,4.13700008392334
2021-12-02,4.25,4.328999996185303,4.203999996185303,4.283999919891357,1762000,4.154600048065186
2021-12-03,4.289000034332275,4.349999904632568,4.188000202178955,4.322999954223633,1889000,4.2105999946594235
2021-12-06,4.368000030517578,4.394999980926514,4.269999980926514,4.269999980926514,2012000,4.251999950408935
2021-12-07,4.321000099182129,4.410999774932861,4.304999828338623,4.388000011444092,1663000,4.301599979400635
2021-12-08,4.421999931335449,4.484000205993652,4.317999839782715,4.373000144958496,1529000,4.327600002288818
2021-12-09,4.3429999351501465,4.376999855041504,4.241000175476074,4.24399995803833,1490000,4.319600009918213
2021-12-10,4.3379998207092285,4.35099983215332,4.215000152587891,4.2870001792907715,2192000,4.312400054931641
2021-12-13,4.28000020980835,4.317999839782715,4.185999870300293,4.190999984741211,1459000,4.29660005569458
2021-12-14,4.178999900817871,4.2129998207092285,4.11299991607666,4.163000106811523,1409000,4.251600074768066
2021-12-15,4.160999774932861,4.25,4.131999969482422,4.23799991607666,2239000,4.224600028991699
2021-12-16,4.260000228881836,4.288000106811523,4.140999794006348,4.159999847412109,2796000,4.207800006866455
2021-12-17,4.140999794006348,4.179999828338623,4.064000129699707,4.093999862670898,4024000,4.1691999435424805
2021-12-20,4.033999919891357,4.1479997634887695,3.993000030517578,4.127999782562256,3541000,4.15659990310669
2021-12-21,4.178999900817871,4.316999912261963,4.178999900817871,4.263000011444092,1731000,4.1765998840332035
2021-12-22,4.294000148773193,4.297999858856201,4.2230000495910645,4.258999824523926,1888000,4.180799865722657
2021-12-23,4.265999794006348,4.315000057220459,4.263000011444092,4.271999835968018,1260000,4.203199863433838
2021-12-27,4.309000015258789,4.480000019073486,4.28000020980835,4.47599983215332,3247000,4.279599857330322
2021-12-28,4.48799991607666,4.497000217437744,4.370999813079834,4.416999816894531,1408000,4.337399864196778
2021-12-29,4.421000003814697,4.558000087738037,4.4029998779296875,4.554999828338623,2500000,4.395799827575684
2021-12-30,4.554999828338623,4.640999794006348,4.4679999351501465,4.4679999351501465,1363000,4.437599849700928
2021-12-31,4.456999778747559,4.491000175476074,4.38100004196167,4.394999980926514,925000,4.462199878692627
2022-01-03,4.460999965667725,4.561999797821045,4.420000076293945,4.561999797821045,2522000,4.479399871826172
2022-01-04,4.669000148773193,4.752999782562256,4.650000095367432,4.714000225067139,3054000,4.5387999534606935
2022-01-05,4.73799991607666,4.798999786376953,4.519999980926514,4.535999774932861,2963000,4.534999942779541
2022-01-06,4.540999889373779,4.609000205993652,4.493000030517578,4.510000228881836,1548000,4.543400001525879
2022-01-07,4.510000228881836,4.541999816894531,4.40500020980835,4.4079999923706055,1360000,4.546000003814697
2022-01-10,4.388000011444092,4.420000076293945,4.26800012588501,4.418000221252441,1695000,4.517200088500976
2022-01-11,4.400000095367432,4.510000228881836,4.383999824523926,4.491000175476074,2053000,4.472600078582763
2022-01-12,4.533999919891357,4.5370001792907715,4.436999797821045,4.484000205993652,1861000,4.462200164794922
2022-01-13,4.519000053405762,4.565000057220459,4.485000133514404,4.5289998054504395,1677000,4.466000080108643
2022-01-14,4.550000190734863,4.591000080108643,4.546000003814697,4.557000160217285,3038000,4.495800113677978
2022-01-18,4.550000190734863,4.668000221252441,4.53000020980835,4.617000102996826,2581000,4.535600090026856
2022-01-19,4.617000102996826,4.617000102996826,4.208000183105469,4.215000152587891,4047000,4.480400085449219
2022-01-20,4.215000152587891,4.381999969482422,4.163000106811523,4.230000019073486,2331000,4.429600048065185
2022-01-21,4.15500020980835,4.322999954223633,4.099999904632568,4.10099983215332,2124000,4.344000053405762
2022-01-24,4.034999847412109,4.105000019073486,3.8940000534057617,4.093999862670898,2353000,4.251399993896484
2022-01-25,4.033999919891357,4.067999839782715,3.869999885559082,3.944999933242798,1777000,4.116999959945678
2022-01-26,4.013999938964844,4.078000068664551,3.8399999141693115,3.9010000228881836,1661000,4.054199934005737
2022-01-27,3.9709999561309814,4.006999969482422,3.8499999046325684,3.881999969482422,1563000,3.9845999240875245
2022-01-28,3.875,4.017000198364258,3.815999984741211,4.014999866485596,1900000,3.9673999309539796
2022-01-31,3.990999937057495,4.052000045776367,3.930000066757202,4.052000045776367,2436000,3.9589999675750733
2022-02-01,4.079999923706055,4.175000190734863,3.9719998836517334,4.170000076293945,6249000,4.003999996185303
2022-02-02,4.3520002365112305,4.401000022888184,4.093999862670898,4.38100004196167,8629000,4.1
2022-02-03,4.341000080108643,4.341000080108643,3.86899995803833,3.930999994277954,6119000,4.109800004959107
2022-02-04,3.9179999828338623,3.9820001125335693,3.808000087738037,3.819999933242798,3542000,4.070800018310547
2022-02-07,3.8399999141693115,3.871000051498413,3.7209999561309814,3.8010001182556152,2829000,4.020600032806397
2022-02-08,3.799999952316284,3.8610000610351562,3.7690000534057617,3.8499999046325684,2084000,3.956599998474121
2022-02-09,3.9000000953674316,3.9000000953674316,3.805999994277954,3.865000009536743,2203000,3.8533999919891357
2022-02-10,3.8259999752044678,3.9149999618530273,3.805999994277954,3.8570001125335693,2871000,3.838600015640259
2022-02-11,3.8420000076293945,3.878999948501587,3.760999917984009,3.805999994277954,1849000,3.83580002784729
2022-02-14,3.7750000953674316,3.8350000381469727,3.7669999599456787,3.806999921798706,1582000,3.8369999885559083
2022-02-15,3.8410000801086426,3.9790000915527344,3.8410000801086426,3.9730000495910645,1995000,3.8616000175476075
2022-02-16,3.937999963760376,3.996000051498413,3.9010000228881836,3.9760000705718994,1383000,3.8838000297546387
2022-02-17,3.9230000972747803,3.946000099182129,3.884000062942505,3.884999990463257,1297000,3.889400005340576
2022-02-18,3.881999969482422,3.937000036239624,3.8550000190734863,3.9159998893737793,2713000,3.911399984359741
2022-02-22,3.8929998874664307,4.019000053405762,3.8329999446868896,3.9179999828338623,3737000,3.9335999965667723
2022-02-23,3.943000078201294,3.996999979019165,3.875999927520752,3.9030001163482666,2805000,3.919600009918213
2022-02-24,3.734999895095825,3.9230000972747803,3.700000047683716,3.9189999103546143,2322000,3.908199977874756
2022-02-25,3.933000087738037,4.01800012588501,3.861999988555908,4.017000198364258,3176000,3.934600019454956
2022-02-28,3.9549999237060547,4.065999984741211,3.890000104904175,3.928999900817871,3127000,3.9372000217437746
2022-03-01,3.927000045776367,4.034999847412109,3.878000020980835,3.990000009536743,3623000,3.9516000270843508
2022-03-02,4.013000011444092,4.245999813079834,4.013000011444092,4.2170000076293945,2610000,4.014400005340576
2022-03-03,4.236999988555908,4.295000076293945,4.168000221252441,4.210999965667725,1711000,4.072800016403198
2022-03-04,4.159999847412109,4.191999912261963,4.043000221252441,4.1570000648498535,1750000,4.100799989700318
2022-03-07,4.150000095367432,4.168000221252441,4.007999897003174,4.044000148773193,2256000,4.123800039291382
2022-03-08,4.052000045776367,4.117000102996826,3.999000072479248,4.047999858856201,2738000,4.135400009155274
2022-03-09,4.113999843597412,4.193999767303467,4.086999893188477,4.159999847412109,1519000,4.123999977111817
2022-03-10,4.107999801635742,4.203999996185303,4.081999778747559,4.118000030517578,1764000,4.1053999900817875
2022-03-11,4.1620001792907715,4.197000026702881,4.085999965667725,4.158999919891357,1586000,4.105799961090088
2022-03-14,4.15500020980835,4.184999942779541,4.01800012588501,4.052000045776367,1998000,4.107399940490723
2022-03-15,4.065999984741211,4.185999870300293,4.0329999923706055,4.182000160217285,1587000,4.13420000076294
2022-03-16,4.199999809265137,4.303999900817871,4.170000076293945,4.275000095367432,1999000,4.157200050354004
2022-03-17,4.248000144958496,4.28000020980835,4.177999973297119,4.193999767303467,1262000,4.172399997711182
2022-03-18,4.195000171661377,4.321000099182129,4.158999919891357,4.289000034332275,3294000,4.198400020599365
2022-03-21,4.254000186920166,4.355999946594238,4.254000186920166,4.298999786376953,1115000,4.247799968719482
2022-03-22,4.314000129699707,4.359000205993652,4.26800012588501,4.295000076293945,4410000,4.270399951934815
2022-03-23,4.281000137329102,4.298999786376953,4.117000102996826,4.234000205993652,1189000,4.262199974060058
2022-03-24,4.255000114440918,4.302999973297119,4.2170000076293945,4.250999927520752,1150000,4.273600006103516
2022-03-25,4.263000011444092,4.263000011444092,4.172999858856201,4.198999881744385,1534000,4.2555999755859375
2022-03-28,4.196000099182129,4.216000080108643,4.111999988555908,4.185999870300293,1592000,4.232999992370606
2022-03-29,4.229000091552734,4.303999900817871,4.205999851226807,4.248000144958496,2423000,4.223600006103515
2022-03-30,4.242000102996826,4.313000202178955,3.943000078201294,3.9579999446868896,3358000,4.168399953842163
2022-03-31,3.9560000896453857,3.9839999675750732,3.799999952316284,3.806999921798706,2953000,4.0795999526977536
2022-04-01,3.8299999237060547,3.8989999294281006,3.686000108718872,3.7920000553131104,2423000,3.998199987411499
2022-04-04,3.7679998874664307,3.7980000972747803,3.7190001010894775,3.7739999294281006,2131000,3.9157999992370605
2022-04-05,3.7639999389648438,3.7929999828338623,3.635999917984009,3.640000104904175,1410000,3.794199991226196
2022-04-06,3.6110000610351562,3.628000020980835,3.5260000228881836,3.5350000858306885,1864000,3.709600019454956
2022-04-07,3.5260000228881836,3.572000026702881,3.4679999351501465,3.5399999618530273,1804000,3.6562000274658204
2022-04-08,3.4749999046325684,3.562000036239624,3.4110000133514404,3.5309998989105225,2627000,3.6039999961853026
2022-04-11,3.5,3.565999984741211,3.453000068664551,3.5190000534057617,1645000,3.553000020980835
2022-04-12,3.5329999923706055,3.61899995803833,3.4790000915527344,3.4830000400543213,1387000,3.5216000080108643
2022-04-13,3.509999990463257,3.578000068664551,3.4830000400543213,3.559999942779541,1073000,3.526599979400635
2022-04-14,3.5810000896453857,3.6659998893737793,3.5739998817443848,3.6519999504089355,2904000,3.5489999771118166
2022-04-18,3.622999906539917,3.681999921798706,3.61899995803833,3.6610000133514404,2720000,3.575
2022-04-19,4.199999809265137,4.486000061035156,4.111000061035156,4.465000152587891,16522000,3.7642000198364256
2022-04-20,4.479000091552734,4.684000015258789,4.4770002365112305,4.505000114440918,5634000,3.968600034713745
2022-04-21,4.510000228881836,4.614999771118164,4.230999946594238,4.271999835968018,6325000,4.111000013351441
2022-04-22,4.310999870300293,4.355000019073486,4.164000034332275,4.236000061035156,3640000,4.227800035476685
2022-04-25,4.202000141143799,4.314000129699707,4.170000076293945,4.2779998779296875,1783000,4.351200008392334
2022-04-26,4.230999946594238,4.26200008392334,4.105000019073486,4.125,2456000,4.283199977874756
2022-04-27,4.130000114440918,4.291999816894531,4.110000133514404,4.164000034332275,2294000,4.214999961853027
2022-04-28,4.13100004196167,4.302000045776367,4.13100004196167,4.297999858856201,2062000,4.220199966430664
2022-04-29,4.252999782562256,4.375999927520752,4.190000057220459,4.210000038146973,2460000,4.214999961853027
2022-05-02,4.2129998207092285,4.242000102996826,4.105000019073486,4.239999771118164,3241000,4.207399940490722
2022-05-03,4.275000095367432,4.36899995803833,4.218999862670898,4.322999954223633,4112000,4.246999931335449
2022-05-04,4.831999778747559,5.696000099182129,4.824999809265137,5.671999931335449,25745000,4.548599910736084
2022-05-05,5.664999961853027,5.834000110626221,5.133999824523926,5.303999900817871,8558000,4.749799919128418
2022-05-06,5.236999988555908,5.2820000648498535,5.001999855041504,5.120999813079834,7552000,4.93199987411499
2022-05-09,5.039000034332275,5.133999824523926,4.879000186920166,4.916999816894531,4605000,5.067399883270264
2022-05-10,4.9670000076293945,5.150000095367432,4.882999897003174,5.107999801635742,4121000,5.224399852752685
2022-05-11,5.039999961853027,5.197000026702881,4.9120001792907715,4.934999942779541,3501000,5.076999855041504
2022-05-12,4.875,5.11899995803833,4.874000072479248,5.113999843597412,4788000,5.038999843597412
2022-05-13,5.142000198364258,5.25,5.039999961853027,5.235000133514404,4153000,5.0617999076843265
2022-05-16,5.203000068664551,5.34499979019165,5.175000190734863,5.258999824523926,3026000,5.130199909210205
2022-05-17,5.349999904632568,5.443999767303467,5.215000152587891,5.4079999923706055,3911000,5.190199947357177
2022-05-18,5.360000133514404,5.489999771118164,5.193999767303467,5.236999988555908,3413000,5.250599956512451
2022-05-19,5.228000164031982,5.260000228881836,5.005000114440918,5.039000034332275,4025000,5.235599994659424
2022-05-20,5.10099983215332,5.122000217437744,4.85699987411499,4.97599983215332,4500000,5.183799934387207
2022-05-23,4.999000072479248,5.020999908447266,4.875,4.933000087738037,2823000,5.118599987030029
2022-05-24,4.89300012588501,4.925000190734863,4.672999858856201,4.744999885559082,5057000,4.985999965667725
2022-05-25,4.715000152587891,4.882999897003174,4.715000152587891,4.876999855041504,3169000,4.913999938964844
2022-05-26,4.821000099182129,5.013999938964844,4.815000057220459,4.926000118255615,3392000,4.891399955749511
2022-05-27,4.9710001945495605,4.99399995803833,4.910999774932861,4.947000026702881,2907000,4.885599994659424
2022-05-31,4.949999809265137,5.060999870300293,4.849999904632568,5.00600004196167,5850000,4.90019998550415
2022-06-01,5.058000087738037,5.2210001945495605,4.932000160217285,5.170000076293945,6557000,4.985200023651123
2022-06-02,5.224999904632568,5.60699987411499,5.208000183105469,5.548999786376953,8895000,5.119600009918213
2022-06-03,5.47599983215332,5.6479997634887695,5.369999885559082,5.480999946594238,5702000,5.230599975585937
2022-06-06,5.554999828338623,5.764999866485596,5.445000171661377,5.499000072479248,6406000,5.340999984741211
2022-06-07,5.413000106811523,5.686999797821045,5.360000133514404,5.61899995803833,5024000,5.463599967956543
2022-06-08,5.599999904632568,5.671999931335449,5.386000156402588,5.427000045776367,4419000,5.514999961853027
2022-06-09,5.400000095367432,5.428999900817871,5.014999866485596,5.019000053405762,4710000,5.409000015258789
2022-06-10,4.959000110626221,4.960000038146973,4.802000045776367,4.875,4279000,5.287800025939942
2022-06-13,4.716000080108643,4.783999919891357,4.547999858856201,4.688000202178955,6159000,5.125600051879883
2022-06-14,4.688000202178955,4.710000038146973,4.5980000495910645,4.642000198364258,2984000,4.930200099945068
2022-06-15,4.675000190734863,4.795000076293945,4.5279998779296875,4.7210001945495605,3749000,4.789000129699707
2022-06-16,4.571000099182129,4.631999969482422,4.2820000648498535,4.290999889373779,6068000,4.643400096893311
2022-06-17,4.283999919891357,4.410999774932861,4.242000102996826,4.311999797821045,5683000,4.53080005645752
2022-06-21,4.429999828338623,4.547999858856201,4.3480000495910645,4.502999782562256,4013000,4.4937999725341795
2022-06-22,4.38700008392334,4.508999824523926,4.304999828338623,4.3379998207092285,3889000,4.432999897003174
2022-06-23,4.343999862670898,4.36299991607666,4.139999866485596,4.164999961853027,4757000,4.321799850463867
2022-06-24,4.234000205993652,4.322000026702881,4.131999969482422,4.269999980926514,16980000,4.317599868774414
2022-06-27,4.323999881744385,4.443999767303467,4.247000217437744,4.328000068664551,3577000,4.320799922943115
2022-06-28,4.375999927520752,4.4730000495910645,4.178999900817871,4.179999828338623,3312000,4.256199932098388
2022-06-29,4.159999847412109,4.198999881744385,4.001999855041504,4.111999988555908,4068000,4.210999965667725
2022-06-30,4.043000221252441,4.132999897003174,3.9809999465942383,4.034999847412109,4464000,4.184999942779541
2022-07-01,4.007999897003174,4.078000068664551,3.7869999408721924,3.9130001068115234,7995000,4.113599967956543
2022-07-05,3.8340001106262207,3.8989999294281006,3.7009999752044678,3.8989999294281006,4018000,4.027799940109253
2022-07-06,3.878000020980835,3.930999994277954,3.7760000228881836,3.9100000858306885,3501000,3.973799991607666
2022-07-07,3.9619998931884766,4.070000171661377,3.9619998931884766,4.038000106811523,3311000,3.959000015258789
2022-07-08,4.015999794006348,4.0929999351501465,3.9779999256134033,4.046000003814697,2307000,3.9612000465393065
2022-07-11,4.033999919891357,4.067999839782715,3.996000051498413,4.035999774932861,2187000,3.9857999801635744
2022-07-12,4.0289998054504395,4.123000144958496,4.025000095367432,4.067999839782715,2516000,4.019599962234497
2022-07-13,4.041999816894531,4.144999980926514,3.994999885559082,4.110000133514404,2210000,4.05959997177124
2022-07-14,4.060999870300293,4.111999988555908,3.9630000591278076,4.105000019073486,2571000,4.072999954223633
2022-07-15,4.228000164031982,4.265999794006348,4.132999897003174,4.216000080108643,3789000,4.1069999694824215
2022-07-18,4.271999835968018,4.349999904632568,4.239999771118164,4.25,3732000,4.14980001449585
2022-07-19,4.309000015258789,4.459000110626221,4.281000137329102,4.375999927520752,3267000,4.211400032043457
2022-07-20,4.425000190734863,4.581999778747559,4.360000133514404,4.557000160217285,4790000,4.300800037384033
2022-07-21,5.38100004196167,5.39900016784668,5.019000053405762,5.163000106811523,21059000,4.512400054931641
2022-07-22,5.0920000076293945,5.23199987411499,5.040999889373779,5.072000026702881,6217000,4.683600044250488
2022-07-25,5.105999946594238,5.256999969482422,5.060999870300293,5.248000144958496,4439000,4.883200073242188
2022-07-26,5.239999771118164,5.34499979019165,5.13100004196167,5.170000076293945,4050000,5.042000102996826
2022-07-27,5.169000148773193,5.175000190734863,5.085999965667725,5.138000011444092,4173000,5.158200073242187
2022-07-28,5.181000232696533,5.329999923706055,5.026000022888184,5.313000202178955,3801000,5.1882000923156735
2022-07-29,5.326000213623047,5.514999866485596,5.25600004196167,5.401000022888184,5482000,5.254000091552735
2022-08-01,5.389999866485596,5.659999847412109,5.34499979019165,5.52400016784668,5303000,5.309200096130371
2022-08-02,5.480999946594238,5.642000198364258,5.408999919891357,5.616000175476074,4224000,5.398400115966797
2022-08-03,5.639999866485596,5.810999870300293,5.581999778747559,5.724999904632568,4398000,5.515800094604492
2022-08-04,5.76200008392334,5.973999977111816,5.698999881744385,5.913000106811523,5098000,5.635800075531006
2022-08-05,5.849999904632568,6.031000137329102,5.800000190734863,5.908999919891357,5736000,5.737400054931641
2022-08-08,5.940000057220459,6.197999954223633,5.932000160217285,6.109000205993652,7312000,5.8544000625610355
2022-08-09,6.051000118255615,6.078000068664551,5.710999965667725,5.818999767303467,7538000,5.894999980926514
2022-08-10,6.375999927520752,6.880000114440918,6.309000015258789,6.373000144958496,17490000,6.024600028991699
2022-08-11,6.453000068664551,6.798999786376953,6.40500020980835,6.421999931335449,7553000,6.126399993896484
2022-08-12,6.335000038146973,6.697999954223633,6.25,6.531000137329102,10325000,6.250800037384034
2022-08-15,6.519000053405762,6.748000144958496,6.449999809265137,6.703000068664551,6417000,6.369600009918213
2022-08-16,6.6529998779296875,6.691999912261963,6.546999931335449,6.611999988555908,5988000,6.5282000541687015
2022-08-17,6.635000228881836,6.8480000495910645,6.538000106811523,6.761000156402588,7222000,6.60580005645752
2022-08-18,6.789999961853027,7.256999969482422,6.764999866485596,7.196000099182129,11503000,6.7606000900268555
2022-08-19,7.109000205993652,7.109000205993652,6.915999889373779,6.982999801635742,7269000,6.851000022888184
2022-08-22,6.888999938964844,7.013000011444092,6.764999866485596,6.795000076293945,8291000,6.8694000244140625
2022-08-23,6.829999923706055,6.999000072479248,6.765999794006348,6.767000198364258,4169000,6.900400066375733
2022-08-24,6.767000198364258,7.197999954223633,6.650000095367432,7.0289998054504395,7871000,6.953999996185303
2022-08-25,7.1479997634887695,7.493000030517578,7.104000091552734,7.436999797821045,8134000,7.002199935913086
2022-08-26,7.409999847412109,7.409999847412109,6.940000057220459,6.98199987411499,7460000,7.001999950408935
2022-08-29,6.835999965667725,7.117000102996826,6.800000190734863,6.926000118255615,7657000,7.028199958801269
2022-08-30,6.959000110626221,7.001999855041504,6.429999828338623,6.460000038146973,8903000,6.966799926757813
2022-08-31,6.493000030517578,6.613999843597412,6.369999885559082,6.507999897003174,9380000,6.862599945068359
2022-09-01,6.389999866485596,6.432000160217285,6.190000057220459,6.329999923706055,8452000,6.641199970245362
2022-09-02,6.440000057220459,6.678999900817871,6.395999908447266,6.453999996185303,5792000,6.535599994659424
2022-09-06,6.461999893188477,6.525000095367432,6.11299991607666,6.1579999923706055,5930000,6.381999969482422
2022-09-07,6.144000053405762,6.359000205993652,6.084000110626221,6.330999851226807,5778000,6.356199932098389
2022-09-08,6.269999980926514,6.506999969482422,6.22599983215332,6.498000144958496,3824000,6.354199981689453
2022-09-09,6.627999782562256,6.708000183105469,6.5320000648498535,6.688000202178955,4571000,6.425800037384033
2022-09-12,6.709000110626221,6.816999912261963,6.500999927520752,6.665999889373779,5517000,6.468200016021728
2022-09-13,6.400000095367432,6.499000072479248,6.261000156402588,6.3420000076293945,5031000,6.505000019073487
2022-09-14,6.363999843597412,6.445000171661377,6.247000217437744,6.438000202178955,4023000,6.526400089263916
2022-09-15,6.409999847412109,6.5929999351501465,6.355999946594238,6.535999774932861,5366000,6.534000015258789
2022-09-16,6.466000080108643,6.466000080108643,6.044000148773193,6.230000019073486,7534000,6.442399978637695
2022-09-19,5.814000129699707,5.979000091552734,5.603000164031982,5.796999931335449,10360000,6.268599987030029
2022-09-20,5.723999977111816,5.757999897003174,5.566999912261963,5.579999923706055,7407000,6.116199970245361
2022-09-21,5.629000186920166,5.7230000495910645,5.47599983215332,5.502999782562256,5878000,5.929199886322022
2022-09-22,5.504000186920166,5.520999908447266,5.283999919891357,5.419000148773193,5417000,5.705799961090088
2022-09-23,5.2729997634887695,5.363999843597412,5.163000106811523,5.3429999351501465,6422000,5.52839994430542
2022-09-26,5.317999839782715,5.39900016784668,5.166999816894531,5.215000152587891,4331000,5.411999988555908
2022-09-27,5.304999828338623,5.364999771118164,5.229000091552734,5.349999904632568,2847000,5.365999984741211
2022-09-28,5.349999904632568,5.591000080108643,5.320000171661377,5.565000057220459,3567000,5.378400039672852
2022-09-29,5.491000175476074,5.491000175476074,5.321000099182129,5.445000171661377,2531000,5.383600044250488
2022-09-30,5.414000034332275,5.7210001945495605,5.400000095367432,5.506999969482422,5652000,5.416400051116943
2022-10-03,5.65500020980835,5.781000137329102,5.519000053405762,5.706999778747559,4566000,5.514799976348877
2022-10-04,5.89300012588501,6.072999954223633,5.870999813079834,6.0269999504089355,5597000,5.65019998550415
2022-10-05,5.966000080108643,6.168000221252441,5.88100004196167,6.046999931335449,6562000,5.746599960327148
2022-10-06,6.017000198364258,6.189000129699707,6.010000228881836,6.144999980926514,3981000,5.886599922180176
2022-10-07,6.000999927520752,6.0279998779296875,5.839000225067139,5.89300012588501,4738000,5.963799953460693
2022-10-10,5.986999988555908,5.999000072479248,5.613999843597412,5.625,3812000,5.947399997711182
2022-10-11,5.550000190734863,5.690999984741211,5.479000091552734,5.573999881744385,3596000,5.856799983978272
2022-10-12,5.5,5.520999908447266,5.230000019073486,5.242000102996826,4438000,5.695800018310547
2022-10-13,5.178999900817871,5.539999961853027,5.0279998779296875,5.514999866485596,5678000,5.569799995422363
2022-10-14,5.605999946594238,5.605999946594238,5.309999942779541,5.4019999504089355,3711000,5.471599960327149
2022-10-17,5.544000148773193,5.639999866485596,5.484000205993652,5.611999988555908,3521000,5.46899995803833
2022-10-18,5.793000221252441,5.796999931335449,5.443999767303467,5.535999774932861,3448000,5.461399936676026
2022-10-19,5.466000080108643,5.613999843597412,5.464000225067139,5.559000015258789,2617000,5.524799919128418
2022-10-20,6.440000057220459,6.5,6.011000156402588,6.133999824523926,17913000,5.648599910736084
2022-10-21,6.064000129699707,6.543000221252441,6.064000129699707,6.453000068664551,9935000,5.858799934387207
2022-10-24,6.510000228881836,6.561999797821045,6.28000020980835,6.301000118255615,5167000,5.996599960327148
2022-10-25,6.309000015258789,6.7179999351501465,6.309000015258789,6.703999996185303,6506000,6.230200004577637
2022-10-26,6.6479997634887695,6.817999839782715,6.550000190734863,6.565000057220459,4006000,6.431400012969971
2022-10-27,6.699999809265137,6.829999923706055,6.658999919891357,6.682000160217285,5358000,6.541000080108643
2022-10-28,6.677999973297119,6.885000228881836,6.6620001792907715,6.872000217437744,4890000,6.624800109863282
2022-10-31,6.857999801635742,7.019000053405762,6.775000095367432,6.959000110626221,6475000,6.756400108337402
2022-11-01,7.019999980926514,7.21999979019165,6.916999816894531,7.185999870300293,9145000,6.852800083160401
2022-11-02,7.5,8.595000267028809,7.414999961853027,8.083999633789062,38508000,7.156599998474121
2022-11-03,7.869999885559082,8.140999794006348,7.520999908447266,7.96999979019165,11733000,7.414199924468994
2022-11-04,8.026000022888184,8.291000366210938,7.5370001792907715,7.663000106811523,11962000,7.57239990234375
2022-11-07,7.698999881744385,7.86899995803833,7.684999942779541,7.715000152587891,6215000,7.723599910736084
2022-11-08,7.849999904632568,7.989999771118164,7.704999923706055,7.830999851226807,7400000,7.8525999069213865
2022-11-09,7.861999988555908,8.112000465393066,7.620999813079834,7.64900016784668,5952000,7.76560001373291
2022-11-10,8.086000442504883,8.111000061035156,7.854000091552734,8.071999549865723,7966000,7.785999965667725
2022-11-11,8.187999725341797,8.614999771118164,8.140999794006348,8.347000122070312,13950000,7.922799968719483
2022-11-14,8.293999671936035,8.409000396728516,8.0600004196167,8.192999839782715,9173000,8.018399906158447
2022-11-15,8.524999618530273,8.968999862670898,8.399999618530273,8.689000129699707,11979000,8.189999961853028
2022-11-16,8.696000099182129,8.772000312805176,8.128999710083008,8.217000007629395,9814000,8.30359992980957
2022-11-17,8.25,8.803000450134277,8.25,8.70199966430664,10298000,8.429599952697753
2022-11-18,8.861000061035156,8.861000061035156,8.425000190734863,8.64900016784668,9333000,8.489999961853027
2022-11-21,8.600000381469727,8.64900016784668,8.338000297546387,8.390999794006348,5267000,8.529599952697755
2022-11-22,8.390999794006348,8.791999816894531,8.303999900817871,8.772000312805176,7020000,8.546199989318847
2022-11-23,8.824000358581543,9.173999786376953,8.763999938964844,9.121999740600586,8899000,8.727199935913086
2022-11-25,9.187000274658203,9.49899959564209,9.154999732971191,9.38700008392334,6418000,8.864200019836426
2022-11-28,9.300000190734863,9.522000312805176,9.185999870300293,9.25,9647000,8.98439998626709
2022-11-29,9.244000434875488,9.48900032043457,8.984000205993652,9.14900016784668,9169000,9.136000061035157
2022-11-30,9.144000053405762,9.14900016784668,8.569999694824219,9.02299976348877,12409000,9.186199951171876
2022-12-01,9.175999641418457,9.321999549865723,8.902999877929688,9.050999641418457,8106000,9.17199993133545
2022-12-02,8.869000434875488,8.949999809265137,8.53499984741211,8.670000076293945,8437000,9.02859992980957
2022-12-05,8.649999618530273,8.666999816894531,8.255999565124512,8.331000328063965,8409000,8.844799995422363
2022-12-06,8.335000038146973,8.642999649047852,8.102999687194824,8.628000259399414,9917000,8.74060001373291
2022-12-07,8.467000007629395,8.715999603271484,8.277000427246094,8.609999656677246,6674000,8.657999992370605
2022-12-08,8.631999969482422,8.996999740600586,8.515000343322754,8.560999870300293,10308000,8.560000038146972
2022-12-09,8.538000106811523,8.649999618530273,8.329999923706055,8.402000427246094,6624000,8.506400108337402
2022-12-12,8.515000343322754,8.947999954223633,8.428999900817871,8.916000366210938,7253000,8.623400115966797
2022-12-13,9.272000312805176,9.300000190734863,8.876999855041504,9.00100040435791,8398000,8.698000144958495
2022-12-14,9.050000190734863,9.154999732971191,8.793000221252441,9.003999710083008,10121000,8.776800155639648
2022-12-15,8.833000183105469,8.87399959564209,7.88700008392334,8.057999610900879,16608000,8.676200103759765
2022-12-16,8.02400016784668,8.236000061035156,7.880000114440918,8.072999954223633,13279000,8.610400009155274
2022-12-19,8.067000389099121,8.137999534606934,7.747000217437744,7.828999996185303,11343000,8.392999935150147
2022-12-20,8.331999778747559,8.585000038146973,8.260000228881836,8.331000328063965,33385000,8.258999919891357
2022-12-21,8.402000427246094,8.529000282287598,8.269000053405762,8.38700008392334,84309000,8.135599994659424
2022-12-22,8.305999755859375,8.338000297546387,7.947000026702881,8.199999809265137,12991000,8.164000034332275
2022-12-23,8.194999694824219,8.234999656677246,8.012999534606934,8.218999862670898,9660000,8.193200016021729
2022-12-27,8.25100040435791,8.39799976348877,8.218999862670898,8.288999557495117,7902000,8.285199928283692
2022-12-28,8.234999656677246,8.4350004196167,8.055999755859375,8.0600004196167,8998000,8.230999946594238
2022-12-29,8.178999900817871,8.333999633789062,8.109999656677246,8.190999984741211,8643000,8.191799926757813
2022-12-30,8.053000450134277,8.279999732971191,7.952000141143799,8.210000038146973,6392000,8.19379997253418
2023-01-03,8.307999610900879,8.524999618530273,8.194000244140625,8.38599967956543,8152000,8.227199935913086
2023-01-04,8.461000442504883,8.77400016784668,8.206000328063965,8.225000381469727,14496000,8.214400100708009
2023-01-05,8.152000427246094,8.156000137329102,7.9629998207092285,8.024999618530273,10978000,8.207399940490722
2023-01-06,8.145000457763672,8.51200008392334,8.053000450134277,8.439000129699707,10331000,8.256999969482422
2023-01-09,8.595000267028809,9.279999732971191,8.465999603271484,8.47700023651123,26216000,8.310400009155273
2023-01-10,8.100000381469727,8.149999618530273,7.511000156402588,7.836999893188477,41583000,8.200600051879883
2023-01-11,7.830999851226807,7.869999885559082,7.4039998054504395,7.560999870300293,21214000,8.067799949645996
2023-01-12,7.644999980926514,8.081999778747559,7.565999984741211,8.045000076293945,10803000,8.071800041198731
2023-01-13,7.960999965667725,8.21500015258789,7.954999923706055,8.057999610900879,6679000,7.995599937438965
2023-01-17,8.055000305175781,8.491000175476074,8.020000457763672,8.482999801635742,11697000,7.9967998504638675
2023-01-18,8.598999977111816,8.682000160217285,7.863999843597412,7.88700008392334,15376000,8.00679988861084
2023-01-19,7.64900016784668,7.675000190734863,6.9019999504089355,7.085999965667725,49103000,7.911799907684326
2023-01-20,7.150000095367432,7.291999816894531,7.085999965667725,7.197999954223633,13990000,7.742399883270264
2023-01-23,7.296000003814697,7.492000102996826,7.151000022888184,7.375,11822000,7.605799961090088
2023-01-24,7.321000099182129,7.8470001220703125,7.236999988555908,7.824999809265137,12759000,7.474199962615967
2023-01-25,7.7179999351501465,7.807000160217285,7.460000038146973,7.730999946594238,10446000,7.442999935150146
2023-01-26,7.940000057220459,7.973999977111816,7.60099983215332,7.626999855041504,7199000,7.551199913024902
2023-01-27,7.573999881744385,7.638000011444092,7.392000198364258,7.429999828338623,9050000,7.597599887847901
2023-01-30,7.307000160217285,7.506999969482422,7.163000106811523,7.2129998207092285,11483000,7.565199851989746
2023-01-31,7.255000114440918,7.39300012588501,7.204999923706055,7.232999801635742,15716000,7.446799850463867
2023-02-01,7.199999809265137,8.07699966430664,7.011000156402588,7.973999977111816,32033000,7.495399856567383
2023-02-02,8.027000427246094,8.454000473022461,7.98199987411499,8.187999725341797,15180000,7.607599830627441
2023-02-03,8.100000381469727,8.585000038146973,8.067999839782715,8.434000015258789,14010000,7.808399868011475
2023-02-06,8.350000381469727,8.4399995803833,8.180000305175781,8.321000099182129,8776000,8.029999923706054
2023-02-07,8.315999984741211,8.477999687194824,8.0,8.197999954223633,8763000,8.222999954223633
2023-02-08,8.267999649047852,8.74899959564209,8.232999801635742,8.522000312805176,17580000,8.332600021362305
2023-02-09,8.6899995803833,9.387999534606934,8.654999732971191,8.699999809265137,24657000,8.435000038146972
2023-02-10,8.600000381469727,9.092000007629395,8.57699966430664,9.001999855041504,13977000,8.548600006103516
2023-02-13,8.944999694824219,9.154999732971191,8.760000228881836,9.053000450134277,10810000,8.695000076293946
2023-02-14,8.982999801635742,9.482999801635742,8.904000282287598,9.288000106811523,15172000,8.913000106811523
2023-02-15,9.302000045776367,9.383999824523926,9.168999671936035,9.300000190734863,10519000,9.068600082397461
2023-02-16,9.267999649047852,9.795999526977539,9.206999778747559,9.588000297546387,16980000,9.24620018005371
2023-02-17,9.508000373840332,9.571999549865723,9.065999984741211,9.197999954223633,13869000,9.285400199890137
2023-02-21,9.050000190734863,9.322999954223633,8.791000366210938,8.805999755859375,11200000,9.236000061035156
2023-02-22,8.758999824523926,8.871999740600586,8.560999870300293,8.670999526977539,8710000,9.112599945068359
2023-02-23,8.932999610900879,9.494999885559082,8.930000305175781,9.427000045776367,18328000,9.13799991607666
2023-02-24,9.248000144958496,9.836000442504883,9.196000099182129,9.815999984741211,19451000,9.183599853515625
2023-02-27,9.88599967956543,10.39799976348877,9.869999885559082,10.11299991607666,18911000,9.366599845886231
2023-02-28,10.092000007629395,10.300000190734863,9.78600025177002,9.79699993133545,17416000,9.564799880981445
2023-03-01,9.916000366210938,10.305999755859375,9.862000465393066,10.199999809265137,10785000,9.870599937438964
2023-03-02,10.005999565124512,10.093000411987305,9.510000228881836,9.836999893188477,13194000,9.952599906921387
2023-03-03,9.847999572753906,10.0,9.552000045776367,9.782999992370605,9969000,9.945999908447266
2023-03-06,9.885000228881836,9.998000144958496,9.687000274658203,9.829999923706055,8265000,9.889399909973145
2023-03-07,9.854999542236328,10.074999809265137,9.70199966430664,9.85099983215332,9664000,9.900199890136719
2023-03-08,9.875,10.366000175476074,9.812000274658203,10.234999656677246,14610000,9.90719985961914
2023-03-09,10.25,10.430000305175781,9.815999984741211,9.855999946594238,11651000,9.910999870300293
2023-03-10,9.800999641418457,9.800999641418457,9.208999633789062,9.276000022888184,17333000,9.809599876403809
2023-03-13,9.100000381469727,9.237000465393066,8.855999946594238,8.928000450134277,12826000,9.629199981689453
2023-03-14,9.184000015258789,9.460000038146973,9.126999855041504,9.246999740600586,10673000,9.508399963378906
2023-03-15,8.935999870300293,9.182000160217285,8.725000381469727,9.175000190734863,12431000,9.29640007019043
2023-03-16,9.005999565124512,9.72700023651123,9.005999565124512,9.722999572753906,15443000,9.269799995422364
2023-03-17,9.6850004196167,9.803999900817871,9.406999588012695,9.550000190734863,18256000,9.3246000289917
2023-03-20,9.548999786376953,10.020999908447266,9.541000366210938,9.85200023651123,15409000,9.50939998626709
2023-03-21,9.99899959564209,10.835000038146973,9.99899959564209,10.824999809265137,20352000,9.825
2023-03-22,10.885000228881836,11.626999855041504,10.836999893188477,11.253999710083008,24499000,10.240799903869629
2023-03-23,11.399999618530273,11.836000442504883,11.175000190734863,11.399999618530273,20620000,10.576199913024903
2023-03-24,11.281999588012695,11.307000160217285,10.61400032043457,11.083000183105469,18312000,10.882799911499024
2023-03-27,11.194999694824219,11.359999656677246,10.98900032043457,11.09000015258789,17689000,11.130399894714355
2023-03-28,11.041000366210938,11.104999542236328,10.144000053405762,10.277999877929688,20761000,11.020999908447266
2023-03-29,10.454999923706055,10.588000297546387,10.251999855041504,10.5649995803833,13826000,10.883199882507324
2023-03-30,10.732000350952148,10.732000350952148,10.130999565124512,10.333999633789062,12857000,10.669999885559083
2023-03-31,10.355999946594238,10.774999618530273,10.319999694824219,10.654999732971191,12560000,10.584399795532226
2023-04-03,10.656999588012695,11.279999732971191,10.654999732971191,11.272000312805176,18587000,10.620799827575684
2023-04-04,11.383999824523926,11.706999778747559,10.859000205993652,10.946000099182129,17407000,10.754399871826172
2023-04-05,10.831000328063965,11.020000457763672,10.621000289916992,10.803000450134277,8392000,10.802000045776367
2023-04-06,9.984000205993652,10.4350004196167,9.70199966430664,10.069000244140625,33959000,10.74900016784668
2023-04-10,10.0,10.687999725341797,9.923999786376953,10.654999732971191,13198000,10.74900016784668
2023-04-11,10.737000465393066,10.878999710083008,10.454999923706055,10.468000411987305,10210000,10.588200187683105
2023-04-12,10.586999893188477,11.053999900817871,10.5600004196167,10.810999870300293,14954000,10.561200141906738
2023-04-13,10.812999725341797,10.859000205993652,10.380999565124512,10.824000358581543,12298000,10.565400123596191
2023-04-14,10.824000358581543,10.975000381469727,10.770000457763672,10.914999961853027,9470000,10.734600067138672
2023-04-17,10.914999961853027,11.062000274658203,10.727999687194824,11.043000221252441,7951000,10.812200164794922
2023-04-18,11.199999809265137,11.923999786376953,11.199999809265137,11.588000297546387,15251000,11.036200141906738
2023-04-19,11.350000381469727,11.659000396728516,10.958000183105469,10.982000350952148,15361000,11.07040023803711
2023-04-20,10.815999984741211,11.196000099182129,10.70199966430664,10.800999641418457,11040000,11.065800094604493
2023-04-21,10.699000358581543,10.807000160217285,10.232999801635742,10.732000350952148,10987000,11.029200172424316
2023-04-24,9.75100040435791,10.336999893188477,9.690999984741211,9.859000205993652,42351000,10.79240016937256
2023-04-25,9.798999786376953,9.798999786376953,9.319000244140625,9.32800006866455,21711000,10.340400123596192
2023-04-26,9.46399974822998,9.618000030517578,9.401000022888184,9.48900032043457,15043000,10.041800117492675
2023-04-27,9.42199993133545,9.87600040435791,9.333999633789062,9.857999801635742,10006000,9.853200149536132
2023-04-28,9.845000267028809,10.550000190734863,9.802000045776367,10.543000221252441,15037000,9.815400123596191
2023-05-01,10.543999671936035,10.795999526977539,10.312000274658203,10.51099967956543,15845000,9.945800018310546
2023-05-02,10.520000457763672,10.779999732971191,10.170999526977539,10.442999839782715,20409000,10.16879997253418
2023-05-03,11.600000381469727,13.663999557495117,11.432000160217285,13.395000457763672,81628000,10.95
2023-05-04,13.281999588012695,13.949999809265137,13.123000144958496,13.640000343322754,21228000,11.706400108337402
2023-05-05,13.819999694824219,14.352999687194824,13.503000259399414,13.722999572753906,23659000,12.342399978637696
2023-05-08,13.595000267028809,13.92300033569336,13.439000129699707,13.663000106811523,14877000,12.972800064086915
2023-05-09,13.678999900817871,13.75,13.208999633789062,13.225000381469727,14636000,13.529200172424316
2023-05-10,13.244999885559082,13.557999610900879,13.105999946594238,13.428000450134277,10211000,13.535800170898437
2023-05-11,13.342000007629395,13.746999740600586,13.300000190734863,13.642999649047852,10927000,13.536400032043456
2023-05-12,13.880999565124512,13.98799991607666,13.269000053405762,13.449999809265137,7929000,13.481800079345703
2023-05-15,13.600000381469727,13.934000015258789,13.555000305175781,13.784000396728516,10019000,13.506000137329101
2023-05-16,13.782999992370605,14.75,13.760000228881836,14.583999633789062,22891000,13.777799987792969
2023-05-17,14.699999809265137,15.600000381469727,14.699999809265137,15.430999755859375,27513000,14.178399848937989
2023-05-18,15.545000076293945,16.655000686645508,15.545000076293945,16.45599937438965,32787000,14.740999794006347
2023-05-19,16.740999221801758,17.16699981689453,16.02400016784668,16.41900062561035,27764000,15.33479995727539
2023-05-22,16.420000076293945,16.94099998474121,16.2549991607666,16.481000900268555,17537000,15.874200057983398
2023-05-23,16.291000366210938,16.56599998474121,15.958000183105469,16.19099998474121,14375000,16.19560012817383
2023-05-24,15.963000297546387,16.79199981689453,15.826000213623047,16.761999130249023,15512000,16.461800003051756
2023-05-25,19.60099983215332,21.340999603271484,19.25,20.68600082397461,71372000,17.30780029296875
2023-05-26,20.9950008392334,22.770999908447266,20.701000213623047,21.917999267578125,49892000,18.407600021362306
2023-05-30,22.799999237060547,24.298999786376953,22.767000198364258,23.40999984741211,48300000,19.793399810791016
2023-05-31,22.634000778198242,22.756000518798828,21.600000381469727,22.395000457763672,44163000,21.034199905395507
2023-06-01,22.663000106811523,23.249000549316406,22.02400016784668,23.101999282836914,29689000,22.302199935913087
2023-06-02,23.448999404907227,23.788000106811523,22.020000457763672,22.194000244140625,27312000,22.60379981994629
2023-06-05,21.913999557495117,22.76799964904785,21.70199966430664,22.365999221801758,19231000,22.693399810791014
2023-06-06,22.100000381469727,23.573999404907227,22.011999130249023,23.315000534057617,20715000,22.67439994812012
2023-06-07,24.402999877929688,26.165000915527344,23.700000762939453,23.97800064086914,44948000,22.99099998474121
2023-06-08,24.062999725341797,25.9689998626709,23.711999893188477,25.434999465942383,35221000,23.457600021362303
2023-06-09,26.299999237060547,27.01799964904785,25.687999725341797,26.166000366210938,35077000,24.252000045776366
2023-06-12,26.469999313354492,26.643999099731445,24.534000396728516,25.864999771118164,34685000,24.95180015563965
2023-06-13,26.084999084472656,26.100000381469727,23.211000442504883,24.423999786376953,45205000,25.173600006103516
2023-06-14,24.316999435424805,25.299999237060547,23.913999557495117,24.777000427246094,26456000,25.333399963378906
2023-06-15,24.445999145507812,24.89900016784668,23.920000076293945,24.392000198364258,21982000,25.12480010986328
2023-06-16,24.5,24.577999114990234,23.03700065612793,23.07699966430664,30346000,24.506999969482422
2023-06-20,22.729999542236328,23.570999145507812,21.933000564575195,22.239999771118164,33633000,23.78199996948242
2023-06-21,22.100000381469727,22.700000762939453,21.719999313354492,21.990999221801758,26036000,23.295399856567382
2023-06-22,22.198999404907227,24.19700050354004,22.11400032043457,22.645999908447266,39366000,22.869199752807617
2023-06-23,22.233999252319336,22.448999404907227,21.42300033569336,21.606000900268555,25132000,22.311999893188478
2023-06-26,21.97100067138672,22.999000549316406,21.308000564575195,21.649999618530273,28406000,22.026599884033203
2023-06-27,22.240999221801758,22.833999633789062,21.85099983215332,22.617000579833984,24325000,22.102000045776368
2023-06-28,22.32699966430664,23.81599998474121,22.02899932861328,23.5939998626709,26667000,22.422600173950194
2023-06-29,24.079999923706055,24.881999969482422,23.135000228881836,23.593000411987305,27266000,22.612000274658204
2023-06-30,24.0,25.395999908447266,23.988000869750977,24.924999237060547,25530000,23.2757999420166
2023-07-03,25.48900032043457,26.298999786376953,24.67099952697754,24.920000076293945,17109000,23.929800033569336
2023-07-05,24.799999237060547,26.33799934387207,24.795000076293945,25.5,20598000,24.50639991760254
2023-07-06,25.298999786376953,25.600000381469727,24.510000228881836,25.05299949645996,17578000,24.79819984436035
2023-07-07,25.5,26.777000427246094,25.454999923706055,26.000999450683594,28712000,25.27979965209961
2023-07-10,26.200000762939453,27.020000457763672,25.33099937438965,26.993000030517578,25112000,25.693399810791014
2023-07-11,27.517000198364258,28.290000915527344,26.253999710083008,27.094999313354492,29304000,26.128399658203126
2023-07-12,27.30500030517578,27.799999237060547,26.520999908447266,27.663999557495117,27742000,26.561199569702147
2023-07-13,28.025999069213867,29.538999557495117,27.92099952697754,29.405000686645508,30651000,27.431599807739257
2023-07-14,29.799999237060547,30.684999465942383,28.8439998626709,29.538000106811523,37569000,28.138999938964844
2023-07-17,29.90999984741211,30.51099967956543,29.2189998626709,30.204999923706055,25495000,28.78139991760254
2023-07-18,30.25,31.937000274658203,29.614999771118164,31.84000015258789,26622000,29.73040008544922
2023-07-19,32.400001525878906,32.90700149536133,29.639999389648438,30.367000579833984,44017000,30.27100028991699
2023-07-20,29.874000549316406,30.797000885009766,28.134000778198242,30.295000076293945,49297000,30.44900016784668
2023-07-21,30.899999618530273,31.516000747680664,29.60099983215332,30.315000534057617,40185000,30.6044002532959
2023-07-24,30.350000381469727,31.275999069213867,29.472999572753906,30.937000274658203,29033000,30.750800323486327
2023-07-25,30.916000366210938,32.39899826049805,30.916000366210938,32.1349983215332,23513000,30.80979995727539
2023-07-26,31.952999114990234,32.362998962402344,30.7189998626709,31.736000061035156,23560000,31.083599853515626
2023-07-27,32.5,33.66400146484375,32.10100173950195,32.73400115966797,32282000,31.57140007019043
2023-07-28,33.44900131225586,33.77899932861328,32.48400115966797,33.45000076293945,20439000,32.1984001159668
2023-07-31,33.51499938964844,33.630001068115234,32.10200119018555,33.027000427246094,23549000,32.616400146484374
2023-08-01,32.249000549316406,33.78799819946289,32.0,33.75600051879883,20667000,32.9406005859375
2023-08-02,32.86600112915039,33.775001525878906,31.20199966430664,31.961000442504883,27797000,32.98560066223145
2023-08-03,31.399999618530273,32.4370002746582,31.299999237060547,32.12099838256836,14907000,32.863000106811526
2023-08-04,32.400001525878906,34.797000885009766,32.02199935913086,33.808998107910156,34715000,32.93479957580566
2023-08-07,35.20000076293945,35.70000076293945,34.08300018310547,35.32899856567383,33192000,33.39519920349121
2023-08-08,34.47999954223633,35.37699890136719,34.10300064086914,34.7400016784668,45527000,33.5919994354248
2023-08-09,29.714000701904297,29.80299949645996,26.024999618530273,26.613000869750977,114567000,32.522399520874025
2023-08-10,26.54199981689453,27.979000091552734,26.229999542236328,27.711999893188477,56630000,31.64059982299805
2023-08-11,26.92799949645996,27.200000762939453,25.049999237060547,25.44300079345703,58175000,29.967400360107423
2023-08-14,25.038000106811523,27.259000778198242,24.84000015258789,26.945999145507812,49950000,28.290800476074217
2023-08-15,26.73699951171875,27.198999404907227,25.92300033569336,26.422000885009766,23201000,26.627200317382812
2023-08-16,26.340999603271484,26.385000228881836,25.18600082397461,25.37299919128418,24945000,26.379199981689453
2023-08-17,25.5,25.5939998626709,24.253000259399414,24.4060001373291,25041000,25.71800003051758
2023-08-18,23.600000381469727,24.70199966430664,23.514999389648438,24.354999542236328,27394000,25.500399780273437
2023-08-21,24.450000762939453,25.57200050354004,24.225000381469727,25.263999938964844,26742000,25.163999938964842
2023-08-22,25.70400047302246,26.37700080871582,25.400999069213867,25.80900001525879,27649000,25.04139976501465
2023-08-23,26.02899932861328,28.457000732421875,25.924999237060547,27.76099967956543,44601000,25.5189998626709
2023-08-24,29.804000854492188,29.834999084472656,25.649999618530273,26.25,57836000,25.88779983520508
2023-08-25,26.100000381469727,26.393999099731445,24.301000595092773,25.395999908447266,41026000,26.095999908447265
2023-08-28,25.736000061035156,26.209999084472656,25.37299919128418,25.516000747680664,19743000,26.14640007019043
2023-08-29,25.36400032043457,27.760000228881836,25.10099983215332,26.163000106811523,36371000,26.217200088500977
2023-08-30,26.374000549316406,27.58799934387207,25.73200035095215,26.79199981689453,34838000,26.023400115966798
2023-08-31,27.0,28.304000854492188,26.405000686645508,27.507999420166016,66372000,26.275
2023-09-01,27.700000762939453,28.33300018310547,26.655000686645508,28.215999603271484,37534000,26.838999938964843
2023-09-05,27.940000534057617,28.69300079345703,27.427000045776367,28.027999877929688,33603000,27.34139976501465
2023-09-06,27.709999084472656,28.200000762939453,27.030000686645508,27.402999877929688,24613000,27.58939971923828
2023-09-07,26.511999130249023,26.79400062561035,25.420000076293945,26.74799919128418,29229000,27.58059959411621
2023-09-08,26.625,28.125999450683594,26.558000564575195,28.06599998474121,29341000,27.69219970703125
2023-09-11,28.547000885009766,28.773000717163086,27.506000518798828,27.73200035095215,29538000,27.595399856567383
2023-09-12,27.354000091552734,27.982999801635742,26.566999435424805,26.76799964904785,22138000,27.343399810791016
2023-09-13,26.70199966430664,27.718000411987305,26.621000289916992,27.09600067138672,25819000,27.28199996948242
2023-09-14,27.177000045776367,27.628999710083008,26.79199981689453,27.07699966430664,24127000,27.347800064086915
2023-09-15,26.799999237060547,26.92799949645996,24.719999313354492,24.926000595092773,45786000,26.719800186157226
2023-09-18,24.100000381469727,24.847999572753906,23.91200065612793,24.43000030517578,26113000,26.059400177001955
2023-09-19,24.850000381469727,25.05900001525879,24.408000946044922,24.77400016784668,20272000,25.66060028076172
2023-09-20,24.77400016784668,25.468000411987305,24.23900032043457,24.30699920654297,15696000,25.10279998779297
2023-09-21,23.408000946044922,23.739999771118164,22.826000213623047,23.15399932861328,25497000,24.318199920654298
2023-09-22,23.489999771118164,23.761999130249023,23.13599967956543,23.575000762939453,16011000,24.047999954223634
2023-09-25,23.399999618530273,25.006000518798828,23.336000442504883,24.88599967956543,25589000,24.139199829101564
2023-09-26,24.54800033569336,25.520000457763672,24.54800033569336,24.92099952697754,19898000,24.168599700927736
2023-09-27,25.29199981689453,26.16200065612793,25.107999801635742,25.753999710083008,28056000,24.457999801635744
2023-09-28,25.638999938964844,27.259000778198242,25.5,26.937999725341797,27133000,25.214799880981445
2023-09-29,27.400999069213867,28.363000869750977,27.299999237060547,27.422000885009766,33610000,25.984199905395506
2023-10-02,27.5,29.200000762939453,27.46299934387207,28.88599967956543,34866000,26.784199905395507
2023-10-03,28.6560001373291,28.899999618530273,26.632999420166016,26.996999740600586,37898000,27.199399948120117
2023-10-04,27.395000457763672,28.097000122070312,27.059999465942383,28.040000915527344,30931000,27.656600189208984
2023-10-05,27.96500015258789,28.809999465942383,27.649999618530273,28.760000228881836,28573000,28.02100028991699
2023-10-06,28.441999435424805,29.440000534057617,28.06100082397461,28.966999053955078,28279000,28.329999923706055
2023-10-09,28.402000427246094,29.198999404907227,27.663999557495117,29.0,24301000,28.35279998779297
2023-10-10,29.5,31.75,29.49799919128418,31.0310001373291,51385000,29.159600067138673
2023-10-11,31.110000610351562,31.597000122070312,30.256000518798828,30.88599967956543,36998000,29.72879981994629
2023-10-12,31.253000259399414,31.55500030517578,29.22599983215332,29.320999145507812,40555000,29.840999603271484
2023-10-13,29.299999237060547,29.698999404907227,27.759000778198242,28.520000457763672,37952000,29.751599884033205
2023-10-16,28.479000091552734,29.427000045776367,27.785999298095703,29.16900062561035,24176000,29.785400009155275
2023-10-17,28.100000381469727,30.055999755859375,27.42799949645996,29.854000091552734,42879000,29.55
2023-10-18,29.270000457763672,29.82699966430664,28.145999908447266,28.503000259399414,32132000,29.0734001159668
2023-10-19,28.75,28.948999404907227,26.375,26.5049991607666,40216000,28.510200119018556
2023-10-20,26.47100067138672,26.665000915527344,24.804000854492188,24.857999801635742,36142000,27.777799987792967
2023-10-23,24.614999771118164,25.797000885009766,23.865999221801758,25.48900032043457,29471000,27.04179992675781
2023-10-24,25.989999771118164,26.524999618530273,25.319000244140625,26.261999130249023,25149000,26.32339973449707
2023-10-25,26.125,26.666000366210938,25.280000686645508,25.39900016784668,22382000,25.702599716186523
2023-10-26,25.238000869750977,25.334999084472656,23.466999053955078,23.945999145507812,31039000,25.190799713134766
2023-10-27,24.799999237060547,24.89900016784668,23.958999633789062,24.139999389648438,18117000,25.047199630737303
2023-10-30,24.584999084472656,24.83099937438965,23.28700065612793,23.66200065612793,26313000,24.681799697875977
2023-10-31,23.636999130249023,24.238000869750977,22.659000396728516,23.94700050354004,19313000,24.21879997253418
2023-11-01,24.1299991607666,25.399999618530273,24.121000289916992,25.226999282836914,38150000,24.184399795532226
2023-11-02,26.076000213623047,26.350000381469727,22.73699951171875,24.59000015258789,74670000,24.313199996948242
2023-11-03,24.93600082397461,26.858999252319336,24.832000732421875,25.5,50001000,24.585200119018555
2023-11-06,25.770000457763672,25.999000549316406,24.920000076293945,25.259000778198242,25232000,24.904600143432617
2023-11-07,25.299999237060547,26.100000381469727,25.020999908447266,25.437999725341797,19305000,25.202799987792968
2023-11-08,25.540000915527344,26.40399932861328,25.224000930786133,26.027000427246094,21287000,25.362800216674806
2023-11-09,26.6200008392334,28.01799964904785,26.10300064086914,26.488000869750977,40156000,25.74240036010742
2023-11-10,26.761999130249023,27.235000610351562,26.35099983215332,26.60300064086914,25303000,25.96300048828125
2023-11-13,26.475000381469727,26.506000518798828,25.309999465942383,25.579999923706055,29892000,26.027200317382814
2023-11-14,26.600000381469727,29.466999053955078,26.452999114990234,29.386999130249023,62504000,26.81700019836426
2023-11-15,29.4950008392334,29.74799919128418,28.31399917602539,28.777999877929688,36055000,27.367200088500976
2023-11-16,28.299999237060547,28.929000854492188,27.799999237060547,28.367000579833984,18334000,27.743000030517578
2023-11-17,28.5,29.542999267578125,28.3700008392334,28.858999252319336,23318000,28.194199752807616
2023-11-20,28.899999618530273,30.589000701904297,28.899999618530273,30.459999084472656,29063000,29.170199584960937
2023-11-21,29.899999618530273,30.298999786376953,28.96500015258789,28.985000610351562,28861000,29.089799880981445
2023-11-22,29.31999969482422,30.15999984741211,27.652000427246094,28.666000366210938,39728000,29.067399978637695
2023-11-24,28.356000900268555,28.829999923706055,28.066999435424805,28.566999435424805,9655000,29.10739974975586
2023-11-27,28.410999298095703,29.836999893188477,28.351999282836914,29.03700065612793,23570000,29.143000030517577
2023-11-28,29.10300064086914,29.548999786376953,28.20599937438965,28.56100082397461,23327000,28.76320037841797
2023-11-29,29.128000259399414,30.652000427246094,28.674999237060547,28.76300048828125,36634000,28.718800354003907
2023-11-30,28.988000869750977,29.17300033569336,26.77199935913086,27.347000122070312,40837000,28.45500030517578
2023-12-01,26.22599983215332,27.06999969482422,26.024999618530273,26.96299934387207,42976000,28.134200286865234
2023-12-04,26.719999313354492,26.916000366210938,25.680999755859375,26.635000228881836,29598000,27.653800201416015
2023-12-05,26.344999313354492,26.993999481201172,25.97100067138672,26.29599952697754,25598000,27.2007999420166
2023-12-06,26.75,26.805999755859375,25.336999893188477,25.341999053955078,28599000,26.516599655151367
2023-12-07,25.549999237060547,25.850000381469727,25.128999710083008,25.614999771118164,23997000,26.170199584960937
2023-12-08,25.5,27.420000076293945,25.461000442504883,27.264999389648438,31575000,26.23059959411621
2023-12-11,26.304000854492188,27.06999969482422,25.70199966430664,26.22599983215332,31360000,26.14879951477051
2023-12-12,26.156999588012695,26.854999542236328,25.825000762939453,26.53700065612793,21783000,26.196999740600585
2023-12-13,26.700000762939453,27.56100082397461,26.25,27.332000732421875,27358000,26.595000076293946
2023-12-14,27.799999237060547,29.632999420166016,27.790000915527344,29.440000534057617,45441000,27.360000228881837
2023-12-15,29.5,30.19099998474121,29.246000289916992,30.01099967956543,37527000,27.909200286865236
2023-12-18,30.441999435424805,32.755001068115234,30.295000076293945,32.21900177001953,57410000,29.107800674438476
2023-12-19,31.5,32.13399887084961,30.801000595092773,31.5939998626709,40143000,30.11920051574707
2023-12-20,31.551000595092773,32.0620002746582,30.107999801635742,30.20800018310547,31229000,30.69440040588379
2023-12-21,30.893999099731445,31.398000717163086,30.072999954223633,30.417999267578125,25084000,30.89000015258789
2023-12-22,30.756999969482422,30.924999237060547,28.5049991607666,28.972000122070312,44395000,30.682200241088868
2023-12-26,29.090999603271484,29.67099952697754,28.743999481201172,29.433000564575195,24221000,30.125
2023-12-27,29.799999237060547,29.899999618530273,29.084999084472656,29.5,14117000,29.70620002746582
2023-12-28,29.361000061035156,29.725000381469727,29.06399917602539,29.145000457763672,12651000,29.49360008239746
2023-12-29,29.150999069213867,29.333999633789062,28.017000198364258,28.426000595092773,21044000,29.09520034790039
2024-01-02,28.0,28.700000762939453,27.58799934387207,28.545000076293945,19042000,29.009800338745116
2024-01-03,27.725000381469727,28.788999557495117,27.652000427246094,28.06399917602539,16776000,28.736000061035156
2024-01-04,28.049999237060547,29.54800033569336,27.62700080871582,28.8799991607666,23111000,28.611999893188475
2024-01-05,28.8799991607666,29.88800048828125,28.756999969482422,29.21299934387207,23431000,28.625599670410157
2024-01-08,29.48900032043457,32.18199920654297,29.351999282836914,32.02799987792969,42626000,29.34599952697754
2024-01-09,31.83300018310547,34.917999267578125,31.72100067138672,34.37300109863281,67033000,30.511599731445312
2024-01-10,34.70000076293945,35.79899978637695,33.2239990234375,34.237998962402344,53454000,31.746399688720704
2024-01-11,34.48400115966797,35.518001556396484,33.07400131225586,34.33100128173828,41729000,32.836600112915036
2024-01-12,34.553001403808594,34.948001861572266,33.82899856567383,33.95600128173828,22892000,33.78520050048828
2024-01-16,34.05500030517578,35.20000076293945,32.430999755859375,32.63100051879883,47329000,33.90580062866211
2024-01-17,32.05099868774414,32.20000076293945,30.575000762939453,31.822999954223633,35858000,33.39580039978027
2024-01-18,33.000999450683594,33.400001525878906,30.64699935913086,31.143999099731445,48751000,32.777000427246094
2024-01-19,34.75600051879883,42.86899948120117,33.88800048828125,42.33599853515625,231125000,34.37799987792969
2024-01-22,45.6349983215332,48.58599853515625,41.01900100708008,43.624000549316406,188233000,36.31159973144531
2024-01-23,43.599998474121094,45.82699966430664,41.65399932861328,45.737998962402344,96772000,38.93299942016601
2024-01-24,47.12900161743164,49.678001403808594,46.02299880981445,47.01900100708008,121170000,41.97219963073731
2024-01-25,47.611000061035156,48.36600112915039,46.611000061035156,47.55799865722656,67173000,45.25499954223633
2024-01-26,46.709999084472656,48.32500076293945,45.970001220703125,47.415000915527344,50356000,46.270800018310545
2024-01-29,47.56700134277344,49.571998596191406,47.189998626708984,49.56700134277344,115251000,47.45940017700195
2024-01-30,54.731998443603516,55.444000244140625,50.117000579833984,51.297000885009766,179564000,48.57120056152344
2024-01-31,50.334999084472656,54.599998474121094,50.33300018310547,52.96099853515625,119973000,49.75960006713867
2024-02-01,54.0,58.76100158691406,53.599998474121094,58.349998474121094,136096000,51.918000030517575
2024-02-02,59.25199890136719,60.599998474121094,56.5,57.9630012512207,121896000,54.02760009765625
2024-02-05,58.987998962402344,67.0,58.79499816894531,66.33499908447266,175964000,57.38119964599609
2024-02-06,67.30000305175781,68.5999984741211,62.58100128173828,68.15899658203125,184890000,60.75359878540039
2024-02-07,67.5,69.97699737548828,66.0,68.36000061035156,123330000,63.83339920043945
2024-02-08,67.07599639892578,71.4489974975586,66.6050033569336,69.80000305175781,94137000,66.1234001159668
2024-02-09,71.00499725341797,74.51699829101562,70.88999938964844,74.02899932861328,108348000,69.33659973144532
2024-02-12,76.13400268554688,81.0,74.50700378417969,77.3010025024414,168723000,71.52980041503906
2024-02-13,75.0,80.0,74.5510025024414,79.14900207519531,144805000,73.72780151367188
2024-02-14,82.33100128173828,88.60299682617188,82.08799743652344,88.05500030517578,201286000,77.66680145263672
2024-02-15,94.5,100.63500213623047,91.77100372314453,100.4000015258789,252406000,83.78680114746093
2024-02-16,104.55000305175781,107.78700256347656,80.11499786376953,80.33200073242188,340383000,85.04740142822266
2024-02-20,79.0,80.19999694824219,69.25,78.75700378417969,254126000,85.3386016845703
2024-02-21,74.9749984741211,77.25,70.80799865722656,73.41699981689453,145555000,84.19220123291015
2024-02-22,86.4990005493164,100.35399627685547,83.4000015258789,97.552001953125,253727000,86.0916015625
2024-02-23,93.81600189208984,99.5,82.4020004272461,86.0009994506836,193844000,83.21180114746093
2024-02-26,88.4469985961914,89.59600067138672,83.00199890136719,87.63400268554688,96078000,84.67220153808594
2024-02-27,86.29399871826172,86.9000015258789,81.4000015258789,85.11100006103516,69104000,85.94300079345703
2024-02-28,82.0,84.6500015258789,81.19999694824219,81.65399932861328,60325000,87.59040069580078
2024-02-29,83.9000015258789,89.052001953125,83.9000015258789,86.61199951171875,88429000,85.40240020751953
2024-03-01,88.18800354003906,92.69999694824219,88.0999984741211,90.5479965209961,108816000,86.31179962158203
2024-03-04,103.9000015258789,115.5,102.03399658203125,107.43399810791016,201621000,90.27179870605468
2024-03-05,103.5,109.75,97.61000061035156,109.08300018310547,133044000,95.06619873046876
2024-03-06,115.80000305175781,116.94999694824219,109.19999694824219,112.47000122070312,118933000,101.22939910888672
2024-03-07,113.30000305175781,116.20500183105469,109.02999877929688,115.97599792480469,88243000,107.10219879150391
2024-03-08,121.19999694824219,122.9000015258789,109.19999694824219,114.0009994506836,117506000,111.79279937744141
2024-03-11,110.0250015258789,111.0999984741211,102.5,108.02200317382812,71155000,111.910400390625
2024-03-12,112.42900085449219,116.63200378417969,109.4000015258789,116.30000305175781,67473000,113.35380096435547
2024-03-13,114.87300109863281,119.80000305175781,112.23400115966797,118.80699920654297,58760000,114.62120056152344
2024-03-14,117.5,119.56300354003906,111.05500030517578,113.01100158691406,62445000,114.02820129394532
2024-03-15,112.34500122070312,113.55999755859375,106.6259994506836,106.88300323486328,169640000,112.60460205078125
2024-03-18,110.69999694824219,114.77899932861328,95.20600128173828,100.06800079345703,115307000,111.01380157470703
2024-03-19,88.86100006103516,92.5,86.30000305175781,91.09700012207031,104844000,105.97320098876953
2024-03-20,90.0,90.55000305175781,85.5,89.64700317382812,76457000,100.14120178222656
2024-03-21,93.80000305175781,99.44400024414062,90.61599731445312,97.16100311279297,85630000,96.97120208740235
2024-03-22,95.4540023803711,98.5469970703125,94.72000122070312,97.27400207519531,50691000,95.04940185546874
2024-03-25,97.2750015258789,107.27400207519531,96.69999694824219,104.27899932861328,70172000,95.8916015625
2024-03-26,108.69999694824219,110.61100006103516,102.21099853515625,102.50599670410156,63563000,98.17340087890625
2024-03-27,104.21199798583984,104.78099822998047,98.63400268554688,102.3290023803711,52578000,100.70980072021484
2024-03-28,100.86199951171875,103.30000305175781,99.7020034790039,101.00299835205078,34631000,101.4781997680664
2024-04-01,101.0,106.9000015258789,100.5,103.71499633789062,51852000,102.76639862060547
2024-04-02,100.0,101.26000213623047,97.50900268554688,100.99099731445312,42301000,102.10879821777344
2024-04-03,97.5,104.24500274658203,96.58300018310547,101.55699920654297,61824000,101.91899871826172
2024-04-04,103.06999969482422,105.71800231933594,95.61599731445312,95.79900360107422,58166000,100.61299896240234
2024-04-05,96.80000305175781,98.1989974975586,93.2020034790039,94.802001953125,53445000,99.37279968261718
2024-04-08,96.25,96.4000015258789,90.19999694824219,92.8499984741211,43167000,97.19980010986328
2024-04-09,92.5,93.7239990234375,88.0999984741211,90.41999816894531,40212000,95.08560028076172
2024-04-10,87.61499786376953,92.4000015258789,87.11000061035156,90.85399627685547,41373000,92.94499969482422
2024-04-11,91.19999694824219,94.53600311279297,90.71900177001953,93.72799682617188,36770000,92.53079833984376
2024-04-12,92.02999877929688,92.4990005493164,89.4000015258789,89.8489990234375,33322000,91.54019775390626
2024-04-15,91.19999694824219,93.63600158691406,88.10800170898438,88.2750015258789,42011000,90.62519836425781
2024-04-16,90.13200378417969,98.14600372314453,89.30000305175781,97.62999725341797,71214000,92.06719818115235
2024-04-17,99.20099639892578,102.03299713134766,94.94100189208984,96.00800323486328,71675000,93.0979995727539
2024-04-18,96.18800354003906,97.29900360107422,91.74600219726562,92.8479995727539,43007000,92.92200012207032
2024-04-19,87.0999984741211,89.08300018310547,71.09500122070312,71.36499786376953,172385000,89.22519989013672
2024-04-22,73.19200134277344,73.38400268554688,67.0999984741211,71.7020034790039,93035000,85.91060028076171
2024-04-23,73.0,79.33699798583984,71.40599822998047,76.18599700927734,83426000,81.62180023193359
2024-04-24,78.89900207519531,80.6989974975586,73.70500183105469,75.47200012207031,67404000,77.514599609375
2024-04-25,72.59600067138672,79.68599700927734,72.11199951171875,78.73999786376953,50817000,74.69299926757813
2024-04-26,79.9219970703125,86.0999984741211,78.80500030517578,85.74400329589844,70680000,77.56880035400391
2024-04-29,83.9000015258789,89.78399658203125,83.0,89.03500366210938,58663000,81.035400390625
2024-04-30,87.5999984741211,91.08399963378906,85.10800170898438,85.87999725341797,73693000,82.97420043945313
2024-05-01,77.73600006103516,78.13500213623047,70.0,73.83000183105469,135363000,82.64580078125
2024-05-02,76.71600341796875,76.82099914550781,70.91200256347656,76.25199890136719,64962000,82.14820098876953
2024-05-03,77.0,80.15899658203125,76.80000305175781,78.2699966430664,52329000,80.65339965820313
2024-05-06,79.18299865722656,83.30799865722656,78.69000244140625,83.03500366210938,53428000,79.45339965820312
2024-05-07,81.0999984741211,83.41999816894531,80.6259994506836,81.92900085449219,40793000,78.66320037841797
2024-05-08,80.23500061035156,84.37699890136719,80.03800201416016,82.26399993896484,37196000,80.35
2024-05-09,82.85099792480469,83.08599853515625,79.0510025024414,79.97000122070312,38821000,81.09360046386719
2024-05-10,81.74400329589844,83.33899688720703,79.32499694824219,79.8499984741211,37913000,81.40960083007812
2024-05-13,81.08200073242188,81.1989974975586,76.26300048828125,78.2760009765625,28147000,80.45780029296876
2024-05-14,77.5,82.92400360107422,76.677001953125,82.23699951171875,49962000,80.51940002441407
2024-05-15,84.4010009765625,95.44999694824219,83.5270004272461,95.23600006103516,97529000,83.11380004882812
2024-05-16,92.4000015258789,97.10199737548828,90.0999984741211,90.44000244140625,70098000,85.20780029296876
2024-05-17,92.5199966430664,93.1989974975586,87.80000305175781,88.78900146484375,51924000,86.99560089111328
2024-05-20,90.19999694824219,92.5250015258789,87.00499725341797,90.39399719238281,53631000,89.41920013427735
2024-05-21,88.9000015258789,93.99400329589844,87.7770004272461,89.8949966430664,59188000,90.95079956054687
2024-05-22,91.01200103759766,91.16500091552734,86.2509994506836,87.3270034790039,56322000,89.36900024414062
2024-05-23,93.4489974975586,97.23100280761719,83.56600189208984,84.73799896240234,114602000,88.22859954833984
2024-05-24,85.80000305175781,89.91999816894531,83.86100006103516,88.38800048828125,68504000,88.14839935302734
2024-05-28,89.9000015258789,90.96499633789062,86.5,87.47200012207031,62351000,87.56399993896484
2024-05-29,85.86299896240234,86.37999725341797,82.70899963378906,83.97200012207031,49323000,86.37940063476563
2024-05-30,83.19999694824219,84.52400207519531,81.5199966430664,82.79399871826172,47142000,85.4727996826172
2024-05-31,81.5999984741211,81.96499633789062,76.0009994506836,78.45099639892578,74080000,84.21539916992188
2024-06-03,80.19999694824219,80.6050033569336,74.12200164794922,77.05899810791016,61558000,81.94959869384766
2024-06-04,75.9000015258789,78.06600189208984,75.4000015258789,77.16100311279297,40783000,79.88739929199218
2024-06-05,79.5,82.25399780273438,78.01799774169922,80.25199890136719,63075000,79.14339904785156
2024-06-06,80.5,80.80000305175781,75.55500030517578,77.79199981689453,50339000,78.14299926757812
2024-06-07,76.36399841308594,78.29100036621094,75.84700012207031,76.91100311279297,34449000,77.83500061035156
2024-06-10,76.16500091552734,80.4000015258789,75.3030014038086,78.68599700927734,48721000,78.160400390625
2024-06-11,78.0,78.49800109863281,76.30899810791016,76.76100158691406,30387000,78.08040008544921
2024-06-12,78.5,80.13500213623047,76.61599731445312,77.4739990234375,41190000,77.52480010986328
2024-06-13,78.5,88.31700134277344,78.4000015258789,87.11000061035156,116137000,79.38840026855469
2024-06-14,84.69300079345703,87.19999694824219,82.56099700927734,84.4540023803711,65988000,80.89700012207031
2024-06-17,85.73999786376953,92.19100189208984,82.80899810791016,88.74099731445312,89118000,82.90800018310547
2024-06-18,89.69999694824219,93.88800048828125,88.33100128173828,92.0009994506836,87621000,85.95599975585938
2024-06-20,96.12899780273438,101.4020004272461,90.03199768066406,91.76399993896484,134329000,88.81399993896484
2024-06-21,90.01000213623047,91.79499816894531,86.3219985961914,90.5260009765625,73587000,89.49720001220703
2024-06-24,88.0999984741211,88.25,82.0,82.697998046875,77210000,89.14599914550782
2024-06-25,84.6510009765625,85.72200012207031,82.30000305175781,84.31199645996094,47024000,88.26019897460938
2024-06-26,84.3499984741211,85.21399688720703,80.8270034790039,83.11599731445312,45500000,86.48319854736329
2024-06-27,83.10099792480469,89.27799987792969,82.56199645996094,89.03600311279297,71513000,85.9375991821289
2024-06-28,89.9000015258789,89.98799896240234,81.5199966430664,81.93499755859375,165059000,84.21939849853516
2024-07-01,83.14399719238281,83.19999694824219,77.38099670410156,81.23200225830078,71230000,83.92619934082032
2024-07-02,79.94000244140625,85.09200286865234,79.62899780273438,83.71700286865234,54936000,83.8072006225586
2024-07-03,83.71900177001953,85.71900177001953,82.10099792480469,84.69999694824219,31979000,84.1240005493164
2024-07-05,84.7300033569336,86.66999816894531,82.82499694824219,84.65799713134766,48093000,83.24839935302734
2024-07-08,86.4000015258789,92.68800354003906,86.00499725341797,89.93399810791016,98216000,84.84819946289062
2024-07-09,90.78299713134766,93.45500183105469,88.302001953125,89.56099700927734,65269000,86.51399841308594
2024-07-10,88.87000274658203,91.39800262451172,87.33599853515625,89.99800109863281,50402000,87.77019805908203
2024-07-11,91.03500366210938,91.51399993896484,86.58100128173828,88.9219970703125,56522000,88.61459808349609
2024-07-12,88.96099853515625,92.5999984741211,87.58000183105469,90.99600219726562,51601000,89.88219909667968
2024-07-15,94.0,96.33000183105469,88.19999694824219,89.76799774169922,86770000,89.8489990234375
2024-07-16,90.13200378417969,90.39800262451172,86.60099792480469,87.69599914550781,43654000,89.47599945068359
2024-07-17,84.55000305175781,84.66500091552734,81.4800033569336,81.63099670410156,57594000,87.80259857177734
2024-07-18,83.1050033569336,83.49500274658203,77.40699768066406,80.16100311279297,59697000,86.05039978027344
2024-07-19,78.822998046875,82.19200134277344,77.83200073242188,79.6780014038086,83513000,83.78679962158203
2024-07-22,80.63999938964844,80.875,76.54000091552734,78.62799835205078,49287000,81.55879974365234
2024-07-23,77.85399627685547,80.5469970703125,76.21900177001953,78.3219985961914,42112000,79.68399963378906
2024-07-24,76.5,77.36499786376953,70.51000213623047,71.15599822998047,67812000,77.58899993896485
2024-07-25,69.9990005493164,72.05000305175781,66.31999969482422,69.56099700927734,70478000,75.46899871826172
2024-07-26,71.06099700927734,72.42900085449219,69.75499725341797,71.21900177001953,43822000,73.7771987915039
2024-07-29,72.072998046875,73.0009994506836,69.23100280761719,69.77300262451172,39196000,72.00619964599609
2024-07-30,70.5,70.69999694824219,65.63099670410156,66.63099670410156,48963000,69.66799926757812
2024-07-31,71.0,72.05599975585938,69.18099975585938,70.16500091552734,49680000,69.4697998046875
2024-08-01,70.45600128173828,72.44499969482422,65.85800170898438,67.2239990234375,54317000,69.00240020751953
2024-08-02,63.0,63.698001861572266,58.24599838256836,62.46500015258789,77147000,67.2515998840332
2024-08-05,53.558998107910156,62.67399978637695,52.95000076293945,60.882999420166016,70791000,65.47359924316406
2024-08-06,61.60100173950195,62.87900161743164,58.88199996948242,61.694000244140625,111233000,64.48619995117187
2024-08-07,53.24599838256836,54.70000076293945,48.88800048828125,49.27000045776367,181205000,60.30719985961914
2024-08-08,49.70000076293945,52.86199951171875,47.85599899291992,50.99399948120117,118238000,57.06119995117187
2024-08-09,51.03900146484375,51.49599838256836,49.20399856567383,50.875999450683594,59190000,54.74339981079102
2024-08-12,51.111000061035156,56.400001525878906,51.047000885009766,54.097999572753906,91752000,53.386399841308595
2024-08-13,56.38399887084961,58.387001037597656,54.862998962402344,56.74300003051758,81160000,52.396199798583986
2024-08-14,58.4119987487793,58.529998779296875,54.63600158691406,57.70899963378906,70012000,54.08399963378906
2024-08-15,58.448001861572266,63.67499923706055,57.319000244140625,62.66899871826172,95604000,56.41899948120117
2024-08-16,62.4010009765625,63.972999572753906,61.207000732421875,62.880001068115234,80612000,58.8197998046875
2024-08-19,62.20000076293945,62.979000091552734,59.52799987792969,62.36199951171875,68802000,60.472599792480466
2024-08-20,61.67399978637695,63.04999923706055,59.8380012512207,61.090999603271484,60604000,61.34219970703125
2024-08-21,61.28900146484375,62.875,60.178001403808594,62.37799835205078,57375000,62.27599945068359
2024-08-22,62.9370002746582,63.08100128173828,60.2239990234375,60.481998443603516,61153000,61.838599395751956
2024-08-23,61.1150016784668,62.698001861572266,60.38800048828125,61.32400131225586,53374000,61.52739944458008
2024-08-26,61.0,61.81800079345703,55.52399826049805,56.250999450683594,90386000,60.305199432373044
2024-08-27,51.88999938964844,55.70000076293945,51.349998474121094,54.763999938964844,116837000,59.039799499511716
2024-08-28,48.59400177001953,48.74700164794922,39.518001556396484,44.3489990234375,369735000,55.433999633789064
2024-08-29,43.5880012512207,47.53300094604492,43.5359992980957,44.88199996948242,130533000,52.31399993896484
2024-08-30,45.797000885009766,45.93000030517578,41.95500183105469,43.77000045776367,109332000,48.803199768066406
2024-09-03,43.005001068115234,46.439998626708984,42.87099838256836,44.178001403808594,97224000,46.3886001586914
2024-09-04,42.012001037597656,43.54199981689453,40.84000015258789,42.34700012207031,71634000,43.9052001953125
2024-09-05,41.1349983215332,42.19300079345703,40.68299865722656,41.459999084472656,61987000,43.32740020751953
2024-09-06,40.20000076293945,40.66899871826172,38.279998779296875,38.645999908447266,90480000,42.0802001953125
2024-09-09,39.27399826049805,41.777000427246094,38.750999450683594,40.98699951171875,80224000,41.523600006103514
2024-09-10,41.064998626708984,41.88800048828125,40.073001861572266,41.27199935913086,49475000,40.94239959716797
2024-09-11,41.599998474121094,44.599998474121094,41.12200164794922,44.540000915527344,73376000,41.38099975585938
2024-09-12,44.13399887084961,44.95000076293945,43.172000885009766,44.2130012512207,49342000,41.931600189208986
2024-09-13,44.292999267578125,46.95000076293945,43.895999908447266,45.715999603271484,69967000,43.34560012817383
2024-09-16,44.715999603271484,45.715999603271484,43.35499954223633,44.90999984741211,43034000,44.1302001953125
2024-09-17,45.27799987792969,45.78799819946289,43.53200149536133,43.9379997253418,36491000,44.66340026855469
2024-09-18,44.369998931884766,46.095001220703125,43.6150016784668,43.6879997253418,57557000,44.49300003051758
2024-09-19,45.507999420166016,45.76100158691406,43.55799865722656,43.720001220703125,49492000,44.39440002441406
2024-09-20,43.917999267578125,45.81800079345703,43.62099838256836,45.72700119018555,76344000,44.396600341796876
2024-09-23,45.06100082397461,48.35100173950195,44.88800048828125,46.59400177001953,71532000,44.73340072631836
2024-09-24,46.50600051879883,47.36199951171875,45.22600173950195,46.361000061035156,53494000,45.21800079345703
2024-09-25,46.5,47.67399978637695,45.79199981689453,45.814998626708984,49986000,45.64340057373047
2024-09-26,47.15800094604492,48.43600082397461,37.30099868774414,40.2400016784668,239230000,44.947400665283205
2024-09-27,40.0,42.39699935913086,40.0,41.9739990234375,107420000,44.196800231933594
2024-09-30,41.3489990234375,43.79800033569336,41.24599838256836,41.63999938964844,68311000,43.205999755859374
2024-10-01,41.75,42.7400016784668,40.0,40.54999923706055,30604000,42.043799591064456
2024-10-02,40.0099983215332,42.060001373291016,39.84000015258789,42.0,22026900,41.280799865722656
2024-10-03,41.79999923706055,44.22999954223633,41.2599983215332,41.54999923706055,30466100,41.542799377441405
2024-10-04,42.29999923706055,42.91999816894531,40.52000045776367,41.22999954223633,30991900,41.39399948120117
2024-10-07,41.529998779296875,48.5,41.5099983215332,47.7400016784668,104771200,42.613999938964845
2024-10-08,50.09000015258789,50.099998474121094,44.060001373291016,45.349998474121094,106186100,43.57399978637695
2024-10-09,45.849998474121094,49.349998474121094,45.529998779296875,47.290000915527344,65379000,44.63199996948242
2024-10-10,45.79999923706055,47.0,44.400001525878906,46.470001220703125,40610900,45.61600036621094
2024-10-11,45.83000183105469,48.150001525878906,45.75,47.79999923706055,40748100,46.93000030517578
2024-10-14,48.18000030517578,49.459999084472656,46.439998626708984,47.38999938964844,45227800,46.85999984741211
2024-10-15,47.349998474121094,48.61000061035156,45.72999954223633,47.7599983215332,38228200,47.34199981689453
2024-10-16,48.29999923706055,50.349998474121094,47.2599983215332,48.75,50139200,47.63399963378906
2024-10-17,50.400001525878906,50.61000061035156,47.150001525878906,47.59000015258789,47789300,47.85799942016602
2024-10-18,48.08000183105469,48.97999954223633,47.0099983215332,47.2599983215332,31933200,47.74999923706055
2024-10-21,47.38999938964844,48.880001068115234,46.93000030517578,47.79999923706055,36216800,47.83199920654297
2024-10-22,47.790000915527344,48.18000030517578,44.810001373291016,45.970001220703125,41248100,47.47399978637695
2024-10-23,45.439998626708984,46.13999938964844,44.61000061035156,45.36000061035156,24301000,46.795999908447264
2024-10-24,45.66999816894531,47.2400016784668,45.630001068115234,46.22999954223633,23717700,46.523999786376955
2024-10-25,46.68000030517578,48.400001525878906,46.459999084472656,47.27000045776367,32279200,46.52600021362305
2024-10-28,47.79999923706055,48.720001220703125,47.279998779296875,47.720001220703125,27230200,46.51000061035156
2024-10-29,47.66999816894531,49.70000076293945,46.75,49.119998931884766,35234800,47.14000015258789
2024-10-30,34.849998474121094,38.0,32.20000076293945,33.06999969482422,236424500,44.68199996948242
2024-10-31,30.059999465942383,30.889999389648438,27.219999313354492,29.110000610351562,129887200,41.258000183105466
2024-11-01,27.600000381469727,28.75,25.709999084472656,26.049999237060547,102739000,37.013999938964844
2024-11-04,24.889999389648438,27.969999313354492,23.899999618530273,26.030000686645508,92052000,32.67599983215332
2024-11-05,25.979999542236328,28.0,25.100000381469727,27.700000762939453,106628300,28.392000198364258
2024-11-06,20.8700008392334,23.0,20.200000762939453,22.700000762939453,122890800,26.318000411987306
2024-11-07,22.479999542236328,25.780000686645508,22.110000610351562,25.479999542236328,88234700,25.592000198364257
2024-11-08,25.690000534057617,26.25,23.760000228881836,24.520000457763672,60549600,25.286000442504882
2024-11-11,22.350000381469727,23.65999984741211,21.299999237060547,23.229999542236328,71258400,24.726000213623045
2024-11-12,22.110000610351562,23.059999465942383,21.579999923706055,21.700000762939453,44022500,23.526000213623046
2024-11-13,21.010000228881836,21.799999237060547,20.270000457763672,20.329999923706055,55525500,23.052000045776367
2024-11-14,17.989999771118164,19.239999771118164,17.360000610351562,18.010000228881836,95152100,21.55800018310547
2024-11-15,17.799999237060547,18.790000915527344,17.25,18.579999923706055,74025400,20.370000076293945
2024-11-18,20.030000686645508,23.8799991607666,20.0,21.540000915527344,178890800,20.03200035095215
2024-11-19,27.110000610351562,29.5,25.610000610351562,28.270000457763672,235282900,21.346000289916994
2024-11-20,27.290000915527344,27.709999084472656,24.81999969482422,25.799999237060547,105366500,22.440000152587892
2024-11-21,27.68000030517578,30.5,26.510000228881836,29.700000762939453,118032600,24.778000259399413
2024-11-22,30.84000015258789,34.369998931884766,30.5,33.150001525878906,159607100,27.692000579833984
2024-11-25,36.029998779296875,39.22999954223633,35.54999923706055,38.40999984741211,170113700,31.066000366210936
2024-11-26,37.59000015258789,37.66999816894531,34.029998779296875,34.43000030517578,95313000,32.29800033569336
2024-11-27,35.2599983215332,37.13999938964844,34.43000030517578,35.06999969482422,63261300,34.152000427246094
2024-11-29,32.970001220703125,33.4900016784668,31.110000610351562,32.63999938964844,60119900,34.74000015258789
2024-12-02,37.779998779296875,44.150001525878906,35.31999969482422,42.0,263221600,36.50999984741211
2024-12-03,44.41999816894531,45.9900016784668,38.81999969482422,40.209999084472656,204353000,36.869999694824216
2024-12-04,40.150001525878906,42.5,39.52000045776367,41.810001373291016,96994400,38.34599990844727
2024-12-05,42.41999816894531,42.83000183105469,40.91999816894531,41.13999938964844,71100400,39.55999984741211
2024-12-06,42.029998779296875,44.970001220703125,41.34000015258789,43.93000030517578,108671300,41.81800003051758
2024-12-09,47.93000030517578,48.0,44.09000015258789,44.15999984741211,98777300,42.25
2024-12-10,43.38999938964844,43.40999984741211,39.77000045776367,40.540000915527344,83380600,42.316000366210936
2024-12-11,38.189998626708984,38.79999923706055,36.06999969482422,38.290000915527344,79559900,41.6120002746582
2024-12-12,37.810001373291016,39.79999923706055,37.5,37.93000030517578,39402400,40.970000457763675
2024-12-13,37.0,37.54999923706055,35.54999923706055,36.45000076293945,64847400,39.47400054931641
2024-12-16,31.510000228881836,35.380001068115234,31.200000762939453,33.439998626708984,82607200,37.33000030517578
2024-12-17,33.63999938964844,35.369998931884766,33.34000015258789,33.79999923706055,41821700,35.98199996948242
2024-12-18,33.79999923706055,34.720001220703125,32.0099983215332,32.22999954223633,48011000,34.76999969482422
2024-12-19,32.91999816894531,33.470001220703125,30.81999969482422,31.239999771118164,39138300,33.431999588012694
2024-12-20,30.950000762939453,33.470001220703125,30.510000228881836,31.59000015258789,85656300,32.45999946594238
2024-12-23,31.81999969482422,32.59000015258789,31.579999923706055,32.400001525878906,26032300,32.25200004577637
2024-12-24,32.29999923706055,35.5,32.189998626708984,34.33000183105469,41339700,32.35800056457519
2024-12-26,35.09000015258789,35.40999984741211,33.0,33.7400016784668,28146700,32.66000099182129
2024-12-27,33.25,33.560001373291016,31.639999389648438,31.979999542236328,32070600,32.80800094604492
2024-12-30,31.280000686645508,31.489999771118164,30.1200008392334,30.68000030517578,32119900,32.6260009765625
2024-12-31,30.8700008392334,31.389999389648438,29.950000762939453,30.479999542236328,26546700,32.242000579833984
2025-01-02,30.969999313354492,31.389999389648438,29.899999618530273,30.049999237060547,24396500,31.386000061035155
2025-01-03,30.40999984741211,33.45000076293945,30.1299991607666,33.33000183105469,34497000,31.304000091552734
2025-01-06,34.95000076293945,38.5,34.91999816894531,36.45000076293945,56472600,32.19800033569336
2025-01-07,36.34000015258789,36.54999923706055,34.060001373291016,34.380001068115234,33287800,32.93800048828125
2025-01-08,33.970001220703125,33.970001220703125,31.719999313354492,32.61000061035156,25899100,33.364000701904295
2025-01-10,32.29999923706055,34.08000183105469,31.709999084472656,32.599998474121094,29754900,33.874000549316406
2025-01-13,30.84000015258789,31.239999771118164,29.010000228881836,31.079999923706055,33913100,33.42400016784668
2025-01-14,31.950000762939453,32.38999938964844,30.399999618530273,30.530000686645508,21517900,32.24000015258789
2025-01-15,31.3799991607666,31.709999084472656,30.479999542236328,30.989999771118164,27416700,31.561999893188478
2025-01-16,31.899999618530273,32.81999969482422,30.889999389648438,31.1200008392334,26766800,31.263999938964844
2025-01-17,31.75,31.829999923706055,30.760000228881836,30.81999969482422,24396500,30.908000183105468
2025-01-21,31.3799991607666,33.4900016784668,31.110000610351562,32.45000076293945,40097600,31.182000350952148
2025-01-22,33.97999954223633,34.97999954223633,32.70000076293945,33.86000061035156,46466200,31.84800033569336
2025-01-23,33.25,33.849998474121094,32.790000915527344,33.40999984741211,21534400,32.33200035095215
2025-01-24,34.0,34.70000076293945,33.060001373291016,33.27000045776367,31728400,32.762000274658206
2025-01-27,30.309999465942383,31.950000762939453,28.420000076293945,29.06999969482422,59858800,32.412000274658205
2025-01-28,29.440000534057617,29.700000762939453,27.219999313354492,28.18000030517578,35715300,31.55800018310547
2025-01-29,28.31999969482422,28.510000228881836,27.610000610351562,27.799999237060547,25802700,30.345999908447265
2025-01-30,28.579999923706055,28.809999465942383,27.809999465942383,28.639999389648438,22577100,29.391999816894533
2025-01-31,28.700000762939453,30.760000228881836,28.34000015258789,28.520000457763672,37988200,28.44199981689453
2025-02-03,27.200000762939453,27.610000610351562,25.709999084472656,26.850000381469727,44755500,27.997999954223634
2025-02-04,27.81999969482422,29.450000762939453,27.350000381469727,29.15999984741211,35954600,28.1939998626709
2025-02-05,31.030000686645508,33.130001068115234,29.75,31.489999771118164,82863100,28.931999969482423
2025-02-06,31.969999313354492,34.45000076293945,31.850000381469727,33.84000015258789,66262400,29.972000122070312
2025-02-07,34.54999923706055,36.959999084472656,34.33000183105469,36.279998779296875,72679900,31.523999786376955
2025-02-10,38.0,42.880001068115234,37.36000061035156,42.650001525878906,134627800,34.68400001525879
2025-02-11,40.59000015258789,42.38999938964844,38.41999816894531,38.61000061035156,153179100,36.57400016784668
2025-02-12,42.29999923706055,43.88999938964844,38.86000061035156,39.68000030517578,161454200,38.2120002746582
2025-02-13,39.0099983215332,43.290000915527344,37.5,42.279998779296875,110368100,39.9
2025-02-14,42.939998626708984,48.18000030517578,42.849998474121094,47.90999984741211,133562000,42.226000213623045
2025-02-18,51.0,56.22999954223633,50.9900016784668,55.79999923706055,163200100,44.85599975585937
2025-02-19,59.040000915527344,66.44000244140625,55.61000061035156,60.25,337992700,49.183999633789064
2025-02-20,57.209999084472656,62.470001220703125,54.29999923706055,59.27000045776367,181555200,53.10199966430664
2025-02-21,61.0,62.43000030517578,55.06999969482422,56.06999969482422,104690400,55.85999984741211
2025-02-24,53.880001068115234,56.25,50.2599983215332,51.61000061035156,84122600,56.6
2025-02-25,50.119998931884766,50.66999816894531,44.0,45.540000915527344,146548400,54.54800033569336
2025-02-26,55.02000045776367,56.189998626708984,50.04999923706055,51.11000061035156,144521900,52.720000457763675
2025-02-27,49.06999969482422,50.0,42.54999923706055,42.95000076293945,121404800,49.45600051879883
2025-02-28,40.22999954223633,43.4900016784668,38.880001068115234,41.459999084472656,96058000,46.534000396728516
2025-03-03,42.279998779296875,42.380001068115234,35.61000061035156,36.06999969482422,104518500,43.42600021362305
2025-03-04,35.0,40.61000061035156,34.5099983215332,39.13999938964844,109691900,42.145999908447266
2025-03-05,39.349998474121094,40.900001525878906,38.22999954223633,38.900001525878906,69735700,39.704000091552736
2025-03-06,37.5,39.65999984741211,35.65999984741211,37.04999923706055,71552600,38.523999786376955
2025-03-07,36.369998931884766,38.4900016784668,35.36000061035156,38.2400016784668,59174000,37.880000305175784
2025-03-10,37.79999923706055,39.45000076293945,35.9900016784668,36.900001525878906,73154000,38.04600067138672
2025-03-11,36.810001373291016,41.470001220703125,36.61000061035156,40.84000015258789,95890600,38.38600082397461
2025-03-12,43.959999084472656,44.9900016784668,41.849998474121094,42.470001220703125,92434500,39.10000076293945
2025-03-13,42.130001068115234,42.970001220703125,38.900001525878906,39.08000183105469,56116700,39.50600128173828
2025-03-14,40.47999954223633,42.2599983215332,40.25,42.16999816894531,57205600,40.29200057983398
2025-03-17,42.68000030517578,43.16999816894531,40.900001525878906,41.939998626708984,40651100,41.3
2025-03-18,41.06999969482422,41.22999954223633,37.849998474121094,37.900001525878906,53505500,40.7120002746582
2025-03-19,38.790000915527344,41.310001373291016,38.150001525878906,40.099998474121094,60767800,40.237999725341794
2025-03-20,39.810001373291016,40.70000076293945,38.54999923706055,39.099998474121094,43863900,40.24199905395508
2025-03-21,39.2599983215332,42.630001068115234,38.90999984741211,42.150001525878906,64539600,40.237999725341794
2025-03-24,40.810001373291016,42.70000076293945,39.720001220703125,41.720001220703125,85032200,40.194000244140625
2025-03-25,41.58000183105469,43.38999938964844,40.09000015258789,40.63999938964844,57736800,40.741999816894534
2025-03-26,40.29999923706055,40.84000015258789,36.619998931884766,37.040000915527344,59258300,40.130000305175784
2025-03-27,36.38999938964844,36.779998779296875,34.65999984741211,34.720001220703125,48512300,39.25400085449219
2025-03-28,34.7599983215332,36.09000015258789,33.88999938964844,34.2599983215332,45561600,37.67600021362305
2025-03-31,32.75,34.56999969482422,32.13999938964844,34.2400016784668,43814800,36.18000030517578
2025-04-01,34.25,35.900001525878906,33.900001525878906,35.04999923706055,41752300,35.0620002746582
2025-04-02,34.02000045776367,36.04999923706055,33.77000045776367,35.09000015258789,39934500,34.672000122070315
2025-04-03,32.029998779296875,33.15999984741211,31.549999237060547,32.31999969482422,45050100,34.19199981689453
2025-04-04,30.700000762939453,31.190000534057617,27.649999618530273,29.81999969482422,54490200,33.30400009155274
2025-04-07,27.90999984741211,34.150001525878906,27.600000381469727,33.0,73010200,33.055999755859375
2025-04-08,35.13999938964844,35.4900016784668,30.920000076293945,31.709999084472656,61430900,32.3879997253418
2025-04-09,32.0,37.38999938964844,31.40999984741211,36.709999084472656,69891800,32.71199951171875
2025-04-10,35.09000015258789,35.47999954223633,32.5,33.68000030517578,38130400,32.98399963378906
2025-04-11,34.08000183105469,34.33000183105469,32.56999969482422,33.150001525878906,27608700,33.65
2025-04-14,35.029998779296875,35.119998931884766,32.970001220703125,33.119998931884766,33565600,33.67399978637695
2025-04-15,33.220001220703125,34.59000015258789,33.06999969482422,33.47999954223633,27661300,34.02799987792969
2025-04-16,31.860000610351562,33.650001525878906,30.920000076293945,31.889999389648438,38843500,33.06399993896484
2025-04-17,32.08000183105469,32.25,30.440000534057617,31.510000228881836,26958500,32.62999992370605
2025-04-21,30.75,30.90999984741211,28.899999618530273,29.510000228881836,35384400,31.90199966430664
2025-04-22,30.079999923706055,31.049999237060547,29.56999969482422,30.579999923706055,32367200,31.3939998626709
2025-04-23,33.02000045776367,34.9900016784668,32.630001068115234,32.900001525878906,56445100,31.278000259399413
2025-04-24,33.650001525878906,36.47999954223633,33.5099983215332,35.810001373291016,50380400,32.06200065612793
2025-04-25,35.90999984741211,36.7400016784668,35.29999923706055,36.470001220703125,38163400,33.05400085449219
2025-04-28,36.540000915527344,37.81999969482422,36.060001373291016,37.27000045776367,42508700,34.606000900268555
2025-04-29,36.91999816894531,37.290000915527344,35.939998626708984,36.0,43312300,35.69000091552734
2025-04-30,29.1200008392334,32.0,28.780000686645508,31.860000610351562,98230500,35.482000732421874
2025-05-01,32.150001525878906,33.779998779296875,31.149999618530273,32.72999954223633,55087500,34.86600036621094
2025-05-02,32.939998626708984,34.130001068115234,32.689998626708984,33.709999084472656,45306800,34.31399993896484
2025-05-05,33.099998474121094,33.4900016784668,32.119998931884766,32.16999816894531,33477400,33.29399948120117
2025-05-06,31.719999313354492,33.34000015258789,31.520000457763672,32.939998626708984,44675900,32.68199920654297
2025-05-07,31.100000381469727,32.970001220703125,30.540000915527344,32.47999954223633,58448500,32.805998992919925
2025-05-08,32.93000030517578,33.189998626708984,31.950000762939453,32.11000061035156,42736600,32.68199920654297
2025-05-09,32.130001068115234,32.84000015258789,31.200000762939453,31.989999771118164,31459200,32.33799934387207
2025-05-12,33.88999938964844,35.06999969482422,32.95000076293945,33.52000045776367,51333900,32.60799980163574
2025-05-13,34.459999084472656,39.099998474121094,34.18000030517578,38.88999938964844,96752000,33.797999954223634
2025-05-14,45.93000030517578,46.56999969482422,43.08000183105469,45.0,169224100,36.30200004577637
2025-05-15,44.04999923706055,45.380001068115234,41.40999984741211,43.959999084472656,87035100,38.67199974060058
2025-05-16,45.5,47.79999923706055,45.029998779296875,46.150001525878906,99288900,41.50400009155273
2025-05-19,44.22999954223633,46.40999984741211,44.13999938964844,44.790000915527344,45618300,43.758000183105466
2025-05-20,44.790000915527344,44.83000183105469,42.400001525878906,42.77000045776367,43284200,44.534000396728516
2025-05-21,43.529998779296875,44.33000183105469,41.22999954223633,41.650001525878906,54954000,43.864000701904295
2025-05-22,41.689998626708984,42.439998626708984,41.18000030517578,41.31999969482422,30515100,43.33600082397461
2025-05-23,39.77000045776367,40.47999954223633,39.11000061035156,40.09000015258789,37900700,42.124000549316406
2025-05-27,41.40999984741211,43.09000015258789,40.810001373291016,41.56999969482422,40092300,41.48000030517578
2025-05-28,41.93000030517578,42.939998626708984,40.95000076293945,41.959999084472656,39353300,41.31800003051758
2025-05-29,43.16999816894531,43.970001220703125,41.040000915527344,41.150001525878906,35885100,41.21800003051758
2025-05-30,40.709999084472656,40.93000030517578,39.04999923706055,40.02000045776367,34887500,40.95800018310547
2025-06-02,39.650001525878906,41.2400016784668,39.5099983215332,41.20000076293945,25940400,41.18000030517578
2025-06-03,41.33000183105469,43.900001525878906,41.130001068115234,43.189998626708984,41728700,41.50400009155273
2025-06-04,43.93000030517578,44.720001220703125,42.880001068115234,44.130001068115234,31201600,41.93800048828125
2025-06-05,43.59000015258789,44.18000030517578,40.34000015258789,40.77000045776367,40439400,41.8620002746582
2025-06-06,42.040000915527344,42.41999816894531,41.38999938964844,41.54999923706055,25509600,42.168000030517575
2025-06-09,42.2400016784668,43.369998931884766,41.880001068115234,43.119998931884766,27406300,42.55199966430664
2025-06-10,43.189998626708984,43.650001525878906,42.34000015258789,42.90999984741211,21494900,42.49599990844727
2025-06-11,43.650001525878906,44.54999923706055,42.779998779296875,43.209999084472656,34008900,42.31199951171875
2025-06-12,42.650001525878906,44.08000183105469,42.31999969482422,43.36000061035156,24671700,42.82999954223633
2025-06-13,42.029998779296875,42.470001220703125,40.7400016784668,41.560001373291016,36493500,42.831999969482425
2025-06-16,42.279998779296875,44.41999816894531,42.06999969482422,43.689998626708984,33860900,42.94599990844726
2025-06-17,43.2400016784668,44.220001220703125,42.90999984741211,43.11000061035156,20761000,42.986000061035156
2025-06-18,43.06999969482422,45.66999816894531,42.790000915527344,44.470001220703125,40654600,43.23800048828125
2025-06-20,45.70000076293945,46.18000030517578,44.13999938964844,45.31999969482422,51588500,43.630000305175784
2025-06-23,43.470001220703125,43.599998474121094,40.779998779296875,40.88999938964844,69270800,43.49599990844727
2025-06-24,41.38999938964844,43.150001525878906,41.060001373291016,42.84000015258789,58068400,43.32600021362305
2025-06-25,43.34000015258789,46.93000030517578,43.119998931884766,46.61000061035156,86439500,44.02600021362305
2025-06-26,47.060001373291016,49.52000045776367,46.06999969482422,49.27000045776367,72397600,44.986000061035156
2025-06-27,49.47999954223633,49.970001220703125,46.86000061035156,47.58000183105469,53757300,45.43800048828125
2025-06-30,48.70000076293945,50.54999923706055,48.22999954223633,49.0099983215332,49238000,47.0620002746582
2025-07-01,48.2400016784668,48.66999816894531,46.369998931884766,47.20000076293945,42243100,47.934000396728514
2025-07-02,47.189998626708984,48.880001068115234,47.06999969482422,48.7400016784668,27703100,48.36000061035156
2025-07-03,49.22999954223633,49.630001068115234,48.41999816894531,48.560001373291016,18665600,48.21800079345703
2025-07-07,48.22999954223633,48.349998474121094,46.220001220703125,47.11000061035156,33006700,48.124000549316406
2025-07-08,47.439998626708984,49.2599983215332,47.36000061035156,49.11000061035156,29002600,48.14400100708008
2025-07-09,48.75,50.20000076293945,48.369998931884766,50.02000045776367,35063600,48.70800094604492
2025-07-10,50.79999923706055,51.70000076293945,49.68000030517578,50.36000061035156,33264400,49.03200073242188
2025-07-11,49.7599983215332,50.2599983215332,49.08000183105469,49.2400016784668,24861400,49.16800079345703
2025-07-14,49.2400016784668,50.65999984741211,48.779998779296875,49.72999954223633,25603000,49.69200057983399
2025-07-15,51.869998931884766,54.20000076293945,51.529998779296875,53.16999816894531,62012800,50.50400009155273
2025-07-16,53.04999923706055,53.290000915527344,51.41999816894531,53.220001220703125,30066100,51.14400024414063
2025-07-17,53.5099983215332,54.150001525878906,52.61000061035156,52.75,31534600,51.62200012207031
2025-07-18,53.33000183105469,53.869998931884766,51.27000045776367,51.77000045776367,31842400,52.12799987792969
2025-07-21,52.689998626708984,53.97999954223633,51.400001525878906,51.5,38140200,52.48199996948242
2025-07-22,51.84000015258789,51.86000061035156,48.849998474121094,49.86000061035156,31829300,51.82000045776367
2025-07-23,50.70000076293945,52.15999984741211,50.58000183105469,51.70000076293945,25249600,51.51600036621094
2025-07-24,51.81999969482422,53.349998474121094,51.33000183105469,52.52000045776367,37679300,51.470000457763675
2025-07-25,52.150001525878906,54.52000045776367,51.619998931884766,54.470001220703125,34308400,52.01000061035156
2025-07-28,55.810001373291016,60.08000183105469,55.29999923706055,60.04999923706055,72578800,53.720000457763675
2025-07-29,59.72999954223633,61.47999954223633,58.150001525878906,58.630001068115234,57488300,55.47400054931641
2025-07-30,59.560001373291016,62.279998779296875,59.02000045776367,60.709999084472656,53032900,57.27600021362305
2025-07-31,62.11000061035156,62.36000061035156,58.459999084472656,58.970001220703125,46751800,58.566000366210936
2025-08-01,57.11000061035156,58.04999923706055,55.06999969482422,56.63999938964844,40840300,59.0
2025-08-04,58.15999984741211,59.189998626708984,57.619998931884766,58.22999954223633,32743600,58.636000061035155
2025-08-05,58.810001373291016,59.400001525878906,56.790000915527344,57.2599983215332,49970600,58.36199951171875
2025-08-06,47.33000183105469,48.130001068115234,44.83000183105469,46.790000915527344,115217900,55.577999877929685
2025-08-07,47.150001525878906,48.81999969482422,46.56999969482422,46.66999816894531,43942200,53.11799926757813
2025-08-08,46.90999984741211,47.369998931884766,44.529998779296875,44.599998474121094,43796800,50.709999084472656
2025-08-11,45.08000183105469,46.47999954223633,44.97999954223633,45.20000076293945,31865900,48.103999328613284
2025-08-12,45.66999816894531,46.599998474121094,44.79999923706055,46.43000030517578,30326100,45.9379997253418
2025-08-13,46.43000030517578,46.63999938964844,45.560001373291016,46.06999969482422,26004400,45.79399948120117
2025-08-14,45.349998474121094,45.66999816894531,44.66999816894531,45.4900016784668,22948700,45.55800018310547
2025-08-15,45.2599983215332,45.56999969482422,44.15999984741211,45.369998931884766,27407500,45.7120002746582
2025-08-18,45.279998779296875,46.63999938964844,45.18000030517578,45.86000061035156,22586500,45.844000244140624
2025-08-19,45.849998474121094,45.849998474121094,43.16999816894531,43.2400016784668,30319200,45.20600051879883
2025-08-20,43.29999923706055,43.470001220703125,41.310001373291016,42.61000061035156,31496600,44.514000701904294
2025-08-21,42.599998474121094,42.959999084472656,41.81999969482422,42.310001373291016,16552100,43.87800064086914
2025-08-22,41.650001525878906,44.099998474121094,41.630001068115234,43.880001068115234,24089100,43.58000106811524
2025-08-25,43.599998474121094,44.93000030517578,43.279998779296875,44.06999969482422,18782000,43.22200088500976
2025-08-26,44.060001373291016,44.38999938964844,43.63999938964844,44.36000061035156,18168200,43.44600067138672
2025-08-27,44.369998931884766,45.0099983215332,43.869998931884766,44.7599983215332,18925100,43.876000213623044
2025-08-28,44.81999969482422,45.34000015258789,43.90999984741211,43.970001220703125,22120100,44.20800018310547
2025-08-29,42.79999923706055,42.86000061035156,41.439998626708984,41.540000915527344,36835900,43.74000015258789
2025-09-02,40.029998779296875,40.86000061035156,39.560001373291016,40.779998779296875,29924300,43.081999969482425
2025-09-03,40.900001525878906,40.97999954223633,39.77000045776367,40.099998474121094,20472800,42.22999954223633
2025-09-04,40.279998779296875,40.79999923706055,39.75,40.70000076293945,22479400,41.418000030517575
2025-09-05,40.9900016784668,41.18000030517578,39.7400016784668,40.40999984741211,21771700,40.705999755859374
2025-09-08,40.900001525878906,41.119998931884766,39.88999938964844,40.040000915527344,19033300,40.405999755859376
2025-09-09,40.2400016784668,43.0,40.16999816894531,42.91999816894531,37459000,40.83399963378906
2025-09-10,44.0,45.56999969482422,43.33000183105469,43.90999984741211,40876000,41.59599990844727
2025-09-11,44.290000915527344,44.5099983215332,43.459999084472656,43.95000076293945,24437700,42.24599990844727
2025-09-12,46.560001373291016,47.0,44.630001068115234,45.0,38138300,43.16399993896484
2025-09-15,45.22999954223633,45.77000045776367,44.20000076293945,45.380001068115234,22441800,44.23199996948242
2025-09-16,45.54999923706055,45.81999969482422,44.5,44.90999984741211,18139200,44.630000305175784
2025-09-17,44.599998474121094,45.400001525878906,43.689998626708984,44.900001525878906,22589200,44.82800064086914
2025-09-18,45.41999816894531,46.33000183105469,44.540000915527344,45.939998626708984,26315800,45.226000213623045
2025-09-19,46.0,46.52000045776367,45.45000076293945,45.810001373291016,28688400,45.38800048828125
2025-09-22,45.400001525878906,48.529998779296875,45.16999816894531,46.869998931884766,39930600,45.68600006103516
2025-09-23,47.38999938964844,47.70000076293945,45.86000061035156,46.9900016784668,27042500,46.1020004272461
2025-09-24,47.22999954223633,48.150001525878906,46.16999816894531,46.20000076293945,24991300,46.3620002746582
2025-09-25,45.060001373291016,47.15999984741211,44.20000076293945,46.2400016784668,24372200,46.422000885009766
2025-09-26,45.63999938964844,45.970001220703125,44.400001525878906,45.81999969482422,22879400,46.4240005493164
2025-09-29,46.279998779296875,47.380001068115234,45.939998626708984,46.36000061035156,25012600,46.322000885009764
2025-09-30,46.220001220703125,48.20000076293945,46.20000076293945,47.939998626708984,32168500,46.512000274658206
2025-10-01,47.56999969482422,52.47999954223633,47.36000061035156,52.38999938964844,48357200,47.75
2025-10-02,52.45000076293945,52.93000030517578,51.060001373291016,52.5,32744400,49.00199966430664
2025-10-03,52.7400016784668,53.5099983215332,50.79999923706055,51.959999084472656,32220400,50.22999954223633
2025-10-06,54.08000183105469,56.11000061035156,53.959999084472656,54.619998931884766,40241600,51.88199920654297
2025-10-07,56.2599983215332,57.47999954223633,53.599998474121094,55.06999969482422,37885900,53.30799942016601
2025-10-08,55.27000045776367,58.689998626708984,54.58000183105469,58.68000030517578,45151400,54.565999603271486
2025-10-09,57.630001068115234,58.779998779296875,57.2599983215332,57.97999954223633,29801500,55.66199951171875
2025-10-10,58.2400016784668,58.5099983215332,52.560001373291016,52.86000061035156,45087800,55.84199981689453
2025-10-13,54.810001373291016,55.650001525878906,54.02000045776367,54.75,24588900,55.86800003051758
2025-10-14,54.130001068115234,55.209999084472656,52.97999954223633,53.11000061035156,19789100,55.476000213623045
2025-10-15,54.5,55.06999969482422,52.86000061035156,53.939998626708984,16646000,54.52799987792969
2025-10-16,54.0,56.22999954223633,53.27000045776367,53.84000015258789,24656600,53.7
2025-10-17,53.06999969482422,53.630001068115234,51.619998931884766,52.18000030517578,20681800,53.56399993896484
2025-10-20,55.040000915527344,56.599998474121094,54.599998474121094,55.040000915527344,45553300,53.62200012207031
2025-10-21,55.15999984741211,55.349998474121094,53.90999984741211,54.81999969482422,29016500,53.96399993896485
2025-10-22,54.4900016784668,54.529998779296875,50.029998779296875,52.5,34326200,53.67600021362305
2025-10-23,51.72999954223633,51.84000015258789,47.380001068115234,47.91999816894531,57175700,52.491999816894534
2025-10-24,48.880001068115234,49.63999938964844,48.209999084472656,48.290000915527344,25206600,51.71399993896485
2025-10-27,49.720001220703125,51.630001068115234,49.720001220703125,51.56999969482422,27434500,51.01999969482422
2025-10-28,51.66999816894531,54.029998779296875,51.369998931884766,52.36000061035156,28064400,50.52799987792969
2025-10-29,53.79999923706055,54.08000183105469,51.560001373291016,52.689998626708984,25028500,50.565999603271486
2025-10-30,51.900001525878906,52.31999969482422,50.33000183105469,50.369998931884766,17736600,51.055999755859375
2025-10-31,51.38999938964844,52.9900016784668,50.79999923706055,51.959999084472656,19822800,51.789999389648436
2025-11-03,52.869998931884766,53.0099983215332,50.54999923706055,50.75,23811300,51.625999450683594
2025-11-04,48.630001068115234,49.43000030517578,46.86000061035156,47.400001525878906,37973500,50.63399963378906
2025-11-05,44.97999954223633,46.34000015258789,42.02000045776367,42.029998779296875,61413600,48.50199966430664
2025-11-06,42.5,42.81999969482422,40.29999923706055,40.34000015258789,32092100,46.49599990844727
2025-11-07,39.849998474121094,40.09000015258789,38.13999938964844,39.7599983215332,32960200,44.055999755859375
2025-11-10,41.459999084472656,41.630001068115234,39.900001525878906,40.189998626708984,26396700,41.943999481201175
2025-11-11,39.9900016784668,39.9900016784668,38.58000183105469,38.81999969482422,21707800,40.22799911499023
2025-11-12,39.189998626708984,39.45000076293945,37.56999969482422,37.90999984741211,24749700,39.40399932861328
2025-11-13,37.7599983215332,37.79999923706055,34.779998779296875,35.09000015258789,37471500,38.353999328613284
2025-11-14,34.2400016784668,37.349998474121094,33.689998626708984,36.41999816894531,37325200,37.6859992980957
2025-11-17,35.58000183105469,35.81999969482422,33.63999938964844,34.099998474121094,32689500,36.46799926757812
2025-11-18,34.310001373291016,35.779998779296875,33.54999923706055,34.900001525878906,28024900,35.683999633789064
2025-11-19,34.54999923706055,34.970001220703125,33.20000076293945,33.72999954223633,28892800,34.847999572753906
2025-11-20,35.529998779296875,35.540000915527344,31.450000762939453,31.559999465942383,37801500,34.14199943542481
2025-11-21,32.13999938964844,32.56999969482422,31.030000686645508,32.189998626708984,28321200,33.29599952697754
2025-11-24,32.38999938964844,33.540000915527344,31.979999542236328,33.31999969482422,27885100,33.13999977111816
2025-11-25,32.15999984741211,32.630001068115234,31.170000076293945,32.47999954223633,22199800,32.65599937438965
2025-11-26,33.189998626708984,33.41999816894531,32.45000076293945,32.83000183105469,21642400,32.47599983215332
2025-11-28,33.33000183105469,33.86000061035156,32.880001068115234,33.849998474121094,10755800,32.933999633789064
