Date,Open,High,Low,Close,Volume,Dividends,Stock Splits,MA5
2021-01-08 00:00:00-05:00,51.71441290374565,51.77404052976882,50.070386644622495,50.257789611816406,3144300,0.0,0.0,50.976731872558595
2021-01-11 00:00:00-05:00,49.76372500052931,50.41963209110505,49.440033124241296,50.0192756652832,4921400,0.0,0.0,50.74503402709961
2021-01-12 00:00:00-05:00,50.20667590375288,50.60703558329174,50.002239269130875,50.28334045410156,4107700,0.0,0.0,50.552519989013675
2021-01-13 00:00:00-05:00,50.2748301483197,51.20332171233138,50.24927637803658,51.01591873168945,4296200,0.0,0.0,50.555928802490236
2021-01-14 00:00:00-05:00,51.10961249011812,51.697371863948284,50.65814528628314,51.075538635253906,3074900,0.0,0.0,50.530372619628906
2021-01-15 00:00:00-05:00,50.896657477812376,52.038105658339276,50.87110371053831,51.544044494628906,6259900,0.0,0.0,50.78762359619141
2021-01-19 00:00:00-05:00,52.13180874407913,52.54068528037262,51.05850499302958,52.14884567260742,4425200,0.0,0.0,51.21353759765625
2021-01-20 00:00:00-05:00,52.38735394901298,52.83882116272957,52.106249514423,52.31920623779297,2795600,0.0,0.0,51.62071075439453
2021-01-21 00:00:00-05:00,52.31920589476127,53.67361077649258,52.08921549455595,53.613983154296875,6121800,0.0,0.0,52.140323638916016
2021-01-22 00:00:00-05:00,51.54403793219074,51.74847779273987,49.704092185094,51.1096076965332,9787600,0.0,0.0,52.14713745117187
2021-01-25 00:00:00-05:00,51.203323327034965,52.65994676942616,50.37705006756128,52.123294830322266,4524200,0.0,0.0,52.262987518310545
2021-01-26 00:00:00-05:00,52.344759464101365,55.292082771725674,52.344759464101365,55.249488830566406,4653700,0.0,0.0,52.88311614990234
2021-01-27 00:00:00-05:00,55.06209618063893,65.65030593917065,54.627662595511914,61.09303283691406,20290200,0.0,0.0,54.637881469726565
2021-01-28 00:00:00-05:00,59.62789217290531,60.019731827313464,56.476134757621544,56.77427291870117,7263000,0.0,0.0,55.26993942260742
2021-01-29 00:00:00-05:00,57.37905549736085,58.39273149956907,55.487998904535374,56.322792053222656,4117100,0.0,0.0,56.31257629394531
2021-02-01 00:00:00-05:00,55.888370889077656,57.3535143924776,55.75207544740122,56.85093307495117,2352700,0.0,0.0,57.258103942871095
2021-02-02 00:00:00-05:00,57.566470149667914,57.59202391980893,56.05873272210565,56.885005950927734,2312700,0.0,0.0,57.58520736694336
2021-02-03 00:00:00-05:00,56.655011845578215,58.435327038440114,56.655011845578215,57.4642448425293,2215200,0.0,0.0,56.859449768066405
2021-02-04 00:00:00-05:00,57.65164468060741,57.856081316301214,56.94462679596714,57.68571853637695,2010500,0.0,0.0,57.04173889160156
2021-02-05 00:00:00-05:00,57.787931643922114,59.42344417074733,57.71979043361864,59.15085983276367,1831700,0.0,0.0,57.60735244750977
2021-02-08 00:00:00-05:00,59.35528961709631,61.33152746432316,59.295662003129564,60.82895278930664,2307600,0.0,0.0,58.40295639038086
2021-02-09 00:00:00-05:00,60.96525100660056,61.757450283993556,60.64155912403485,61.6381950378418,1820600,0.0,0.0,59.35359420776367
2021-02-10 00:00:00-05:00,62.012990819306296,62.31112888596285,60.24118959614384,60.4711799621582,2076800,0.0,0.0,59.95498123168945
2021-02-11 00:00:00-05:00,60.58192854169738,61.748927179024015,60.40304568120768,61.72337341308594,1809400,0.0,0.0,60.76251220703125
2021-02-12 00:00:00-05:00,61.59560696601066,62.36225254931229,61.1441397055453,61.51042556762695,1496800,0.0,0.0,61.2344253540039
2021-02-16 00:00:00-05:00,61.77448754419956,62.08966585525974,60.42860590260554,60.479713439941406,2290000,0.0,0.0,61.16457748413086
2021-02-17 00:00:00-05:00,60.09638124690232,61.1185707717387,59.67046786173341,60.82895278930664,1924000,0.0,0.0,61.00272903442383
2021-02-18 00:00:00-05:00,61.78303352310756,62.90744530813982,61.19527060175209,61.73192596435547,2934100,0.0,0.0,61.254878234863284
2021-02-19 00:00:00-05:00,62.49001906870996,62.8903787333732,61.220798864993704,62.302616119384766,2491300,0.0,0.0,61.37072677612305
2021-02-22 00:00:00-05:00,62.08965437822889,63.409988506020234,61.75744244910614,62.59223556518555,2130300,0.0,0.0,61.58708877563477
2021-02-23 00:00:00-05:00,61.50190547811135,62.047074226476035,60.22416500558335,61.51042556762695,3031800,0.0,0.0,61.79323120117188
2021-02-24 00:00:00-05:00,61.86819795755785,64.98588816347498,61.484878374369586,63.32482147216797,4154700,0.0,0.0,62.29240493774414
2021-02-25 00:00:00-05:00,64.19367114056537,64.37255399697827,61.97892265779034,62.05558395385742,2933900,0.0,0.0,62.35713653564453
2021-02-26 00:00:00-05:00,61.83411251621149,64.28737818579674,61.80855874864058,62.37928771972656,3657800,0.0,0.0,62.37247085571289
2021-03-01 00:00:00-05:00,64.13403947974577,64.18514700723613,62.660376280854905,62.87333297729492,2539600,0.0,0.0,62.428690338134764
2021-03-02 00:00:00-05:00,62.336695439014704,63.19704246410894,61.67227146873503,61.77448654174805,2241700,0.0,0.0,62.481502532958984
2021-03-03 00:00:00-05:00,62.76262811510262,65.12218659052036,62.541151224253326,64.68775939941406,5505500,0.0,0.0,62.7540901184082
2021-03-04 00:00:00-05:00,62.01300476682472,62.566687087036094,59.93454492222261,60.99932861328125,8329100,0.0,0.0,62.54283905029297
2021-03-05 00:00:00-05:00,62.08113615157877,63.035184527279554,60.64155324853412,62.507049560546875,4810500,0.0,0.0,62.56839141845703
2021-03-08 00:00:00-05:00,62.83074568568949,64.15959339495706,62.081133953140494,63.512203216552734,4064900,0.0,0.0,62.69616546630859
2021-03-09 00:00:00-05:00,64.25331920590058,64.91774331227218,63.6059287822122,64.01480865478516,3097000,0.0,0.0,63.144229888916016
2021-03-10 00:00:00-05:00,64.58551031128037,64.64513792971948,63.486652915254304,63.82738494873047,2122500,0.0,0.0,62.972154998779295
2021-03-11 00:00:00-05:00,64.54292036200012,66.44249717934618,64.32996364027144,65.80362701416016,2712400,0.0,0.0,63.933014678955075
2021-03-12 00:00:00-05:00,65.58215742220294,65.72697294809942,64.94328718669928,65.40327453613281,2614500,0.0,0.0,64.51225967407227
2021-03-15 00:00:00-04:00,65.70141164379918,65.78659953966262,63.248152317753494,64.23627471923828,2650900,0.0,0.0,64.65707397460938
2021-03-16 00:00:00-04:00,63.96367237149251,64.73031780420926,63.63146043380239,64.29589080810547,2454300,0.0,0.0,64.71329040527344
2021-03-17 00:00:00-04:00,65.49697368954418,66.47657598218727,64.26182721116191,66.42546844482422,3426700,0.0,0.0,65.23290710449218
2021-03-18 00:00:00-04:00,65.41178269063586,65.49696407337603,62.62630533267929,62.9244499206543,4150600,0.0,0.0,64.65707168579101
2021-03-19 00:00:00-04:00,63.231116616737104,64.41515554344213,62.9925996144373,63.571842193603516,9605100,0.0,0.0,64.29078521728516
2021-03-22 00:00:00-04:00,64.37258099701029,65.24144187814865,64.1085166456799,64.68775939941406,3088000,0.0,0.0,64.3810821533203
2021-03-23 00:00:00-04:00,64.17208127634674,64.6705401695512,61.60244968889453,62.393104553222656,2921700,0.67,0.0,64.00052490234376
2021-03-24 00:00:00-04:00,62.779843475018886,63.30408360147588,61.23290432206847,61.301658630371094,1936800,0.0,0.0,62.975762939453126
2021-03-25 00:00:00-04:00,61.00947417170768,63.01189973600413,60.614146617014704,62.719703674316406,2680700,0.0,0.0,62.93481369018555
2021-03-26 00:00:00-04:00,62.642341960619675,65.38385966487364,62.3845165536392,65.33229064941406,2832600,0.0,0.0,63.286903381347656
2021-03-29 00:00:00-04:00,65.05725993077897,66.2862150867286,64.52443053684571,64.6533432006836,2365500,0.0,0.0,63.28002014160156
2021-03-30 00:00:00-04:00,64.52444435669142,65.2893180207076,64.2408377468593,65.0572738647461,1913600,0.0,0.0,63.81285400390625
2021-03-31 00:00:00-04:00,65.16900087539895,66.62999388519735,64.82523588580761,65.95965576171875,2765200,0.0,0.0,64.74445343017578
2021-04-01 00:00:00-04:00,66.39795509936505,67.4636206469365,66.00262766327842,67.45502471923828,3178800,0.0,0.0,65.69151763916015
2021-04-05 00:00:00-04:00,67.94490689914309,68.6324370604036,67.68708800625058,68.06522369384766,2188700,0.0,0.0,66.23810424804688
2021-04-06 00:00:00-04:00,67.6011474943856,68.18553960003628,67.0425300652374,67.6527099609375,2314200,0.0,0.0,66.83797760009766
2021-04-07 00:00:00-04:00,67.79019344619724,68.58085487130751,67.61831423369638,67.85894775390625,1680900,0.0,0.0,67.39831237792968
2021-04-08 00:00:00-04:00,68.7441353959308,68.87304807851615,67.24876532554627,68.75273132324219,2302200,0.0,0.0,67.95692749023438
2021-04-09 00:00:00-04:00,68.68397373036647,69.4144701543525,68.2370838831376,69.20821380615234,2022300,0.0,0.0,68.30756530761718
2021-04-12 00:00:00-04:00,69.46606247377763,69.46606247377763,68.09100876298403,68.67540740966797,1954500,0.0,0.0,68.42960205078126
2021-04-13 00:00:00-04:00,69.14806266631912,69.18243982074452,67.66128843885805,68.73554992675781,2465300,0.0,0.0,68.64617004394532
2021-04-14 00:00:00-04:00,68.76134005908749,69.34573864646488,67.93630791633811,68.99337768554688,3445100,0.0,0.0,68.87305603027343
2021-04-15 00:00:00-04:00,69.19963359450063,70.17077029483177,68.83868326398569,69.89575958251953,2535000,0.0,0.0,69.1016616821289
2021-04-16 00:00:00-04:00,70.14499903658076,71.20206894861086,69.89576951862261,70.53173065185547,5786300,0.0,0.0,69.36636505126953
2021-04-19 00:00:00-04:00,70.41999601726273,71.47706572258143,70.07623100603475,70.75516510009766,3111500,0.0,0.0,69.78231658935547
2021-04-20 00:00:00-04:00,70.91846547039209,71.94976075232898,70.72940089763878,70.82393646240234,2832400,0.0,0.0,70.19999389648437
2021-04-21 00:00:00-04:00,70.9614256705222,72.1560040735156,70.1277976000651,72.08724975585938,2646400,0.0,0.0,70.81876831054687
2021-04-22 00:00:00-04:00,72.2935095425764,73.10994571947555,71.44268965158243,72.2591323852539,4529300,0.0,0.0,71.29144287109375
2021-04-23 00:00:00-04:00,71.7520665472689,76.67648375534728,71.50283711234138,76.61632537841797,4343700,0.0,0.0,72.50836181640625
2021-04-26 00:00:00-04:00,76.98588855600637,80.57821978039328,76.98588855600637,80.1571044921875,5177900,0.0,0.0,74.38874969482421
2021-04-27 00:00:00-04:00,79.6930256634542,81.30011682564184,79.67583380600897,80.98213958740234,3829500,0.0,0.0,76.42039031982422
2021-04-28 00:00:00-04:00,81.35168252770534,82.03061006337181,80.79306520539278,81.81575775146484,2972900,0.0,0.0,78.36609191894532
2021-04-29 00:00:00-04:00,82.33142313667982,83.4658432823258,81.08527557270705,83.21661376953125,3231400,0.0,0.0,80.55758819580078
2021-04-30 00:00:00-04:00,83.37129344707914,83.44863713257772,79.34925788184633,79.78755187988281,4829600,0.0,0.0,81.19183349609375
2021-05-03 00:00:00-04:00,80.78446918445019,80.78446918445019,78.1460830595268,78.72188568115234,3622700,0.0,0.0,80.90478973388672
2021-05-04 00:00:00-04:00,78.32657593568993,78.32657593568993,74.65690050724936,76.0405502319336,5893000,0.0,0.0,79.91647186279297
2021-05-05 00:00:00-04:00,76.7796098768845,76.96868093789215,75.04360628874157,75.99755096435547,3836900,0.0,0.0,78.7528305053711
2021-05-06 00:00:00-04:00,76.41008451022245,77.3554334350536,75.44754372748615,77.33824157714844,3609400,0.0,0.0,77.57715606689453
2021-05-07 00:00:00-04:00,77.39839377409372,79.04846449202557,75.95458599388591,78.68750762939453,4634900,0.0,0.0,77.35714721679688
2021-05-10 00:00:00-04:00,79.46098361112172,79.49536077015938,76.33273426319457,77.33824157714844,4500400,0.0,0.0,77.08041839599609
2021-05-11 00:00:00-04:00,75.96154730409451,77.16508657628465,74.16056529752336,75.12166595458984,5254500,0.67,0.0,76.89664154052734
2021-05-12 00:00:00-04:00,74.37702222940098,75.06970297742875,72.6366500418345,73.08689880371094,3179100,0.0,0.0,76.31451110839843
2021-05-13 00:00:00-04:00,73.60641390108185,75.99617149348046,73.45055957062486,75.44202423095703,3082500,0.0,0.0,75.93526763916016
2021-05-14 00:00:00-04:00,76.62824730140446,85.7803439182492,76.55897724383809,84.8279037475586,9345400,0.0,0.0,77.16334686279296
2021-05-17 00:00:00-04:00,84.21313765369102,91.97120489309695,84.16984222095098,90.24815368652344,10344500,0.0,0.0,79.74532928466797
2021-05-18 00:00:00-04:00,90.69839827204805,91.04474192554297,87.0011967813259,87.5986328125,4536000,0.0,0.0,82.24072265625
2021-05-19 00:00:00-04:00,82.05716937118086,86.51632904660545,79.3816775295003,86.20462036132812,4625400,0.0,0.0,84.86426696777343
2021-05-20 00:00:00-04:00,87.45144653147409,88.31730243772631,82.68923904708689,83.83216857910156,3285700,0.0,0.0,86.54229583740235
2021-05-21 00:00:00-04:00,82.24763234100351,83.58971133874432,80.85360411438015,81.3211669921875,3355000,0.0,0.0,85.84094848632813
2021-05-24 00:00:00-04:00,82.44678419100853,86.23922993434303,81.35580411461449,84.9837417602539,3465600,0.0,0.0,84.78806610107422
2021-05-25 00:00:00-04:00,84.99241885095387,85.22619703880768,80.59386926578024,80.95752716064453,3244700,0.0,0.0,83.45984497070313
2021-05-26 00:00:00-04:00,81.90129615624284,83.82349707053966,81.15666625294895,83.80618286132812,2589400,0.0,0.0,82.98015747070312
2021-05-27 00:00:00-04:00,84.1352000824199,84.85386192702697,82.92300073369994,83.49446868896484,3255200,0.0,0.0,82.91261749267578
2021-05-28 00:00:00-04:00,84.89717966680568,84.89717966680568,82.2130209014109,82.90570831298828,2333600,0.0,0.0,83.22952575683594
2021-06-01 00:00:00-04:00,84.98373588302373,85.60715302642087,83.5637331034878,85.07032012939453,2214800,0.0,0.0,83.24684143066406
2021-06-02 00:00:00-04:00,85.61580539753493,86.92324929555647,84.46422238871511,84.87982940673828,2157200,0.0,0.0,84.03130187988282
2021-06-03 00:00:00-04:00,83.46850993759034,84.84521764536282,83.17411549699956,84.48155975341797,1392000,0.0,0.0,84.16637725830078
2021-06-04 00:00:00-04:00,84.9491226101004,86.16132218747627,84.61143933863976,85.82363891601562,1250000,0.0,0.0,84.63221130371093
2021-06-07 00:00:00-04:00,86.32583175544401,86.36046678462732,84.54217069122043,85.41668701171875,1734400,0.0,0.0,85.13440704345703
2021-06-08 00:00:00-04:00,85.7976585911429,87.6159612792807,83.88411783078446,87.30425262451172,3200600,0.0,0.0,85.58119354248046
2021-06-09 00:00:00-04:00,88.01424013452336,88.01424013452336,85.97948040100383,86.00545501708984,2284700,0.0,0.0,85.80631866455079
2021-06-10 00:00:00-04:00,86.32583754411081,86.7154766940833,83.8321747293054,84.38632202148438,2105200,0.0,0.0,85.78727111816406
2021-06-11 00:00:00-04:00,84.75862502465861,86.02277371920084,83.13947227584995,83.78886413574219,2318400,0.0,0.0,85.38031616210938
2021-06-14 00:00:00-04:00,83.78020994046848,83.99667389274939,81.41642067494055,81.9619140625,2018700,0.0,0.0,84.68936157226562
2021-06-15 00:00:00-04:00,82.36019569728269,82.8623869774836,81.19128522979358,81.33848571777344,1382800,0.0,0.0,83.49620819091797
2021-06-16 00:00:00-04:00,81.17396945147378,81.6242114954113,79.98774479974595,80.25616455078125,1840000,0.0,0.0,82.34635009765626
2021-06-17 00:00:00-04:00,79.65874118425693,80.15227877300809,75.86629479732456,76.90531921386719,3802900,0.0,0.0,80.85014953613282
2021-06-18 00:00:00-04:00,75.57187324282911,76.08273146524027,73.59772359625855,73.85748291015625,4831700,0.0,0.0,78.86387329101562
2021-06-21 00:00:00-04:00,74.80127567224778,75.04371421867737,73.3206631728772,73.86614990234375,2641800,0.0,0.0,77.24472045898438
2021-06-22 00:00:00-04:00,73.88347203177317,73.90944664707385,72.46346914372545,73.16481018066406,2459800,0.0,0.0,75.6099853515625
2021-06-23 00:00:00-04:00,73.41592823533841,74.4549527533655,72.67129157523483,73.38995361328125,2263600,0.0,0.0,74.2367431640625
2021-06-24 00:00:00-04:00,75.2169061677606,75.2169061677606,74.03068117891323,74.8012924194336,2002700,0.0,0.0,73.81593780517578
2021-06-25 00:00:00-04:00,74.67140578332551,75.9355545168651,74.55018649421594,74.89653015136719,1727900,0.0,0.0,74.02374725341797
2021-06-28 00:00:00-04:00,74.89653050602949,75.42470309934616,74.46360258402932,74.64543151855469,1428500,0.0,0.0,74.17960357666016
2021-06-29 00:00:00-04:00,74.89653321114235,76.0394627022649,74.72336467847013,75.91824340820312,1739600,0.0,0.0,74.73029022216797
2021-06-30 00:00:00-04:00,76.66288486522362,76.88800925678044,75.38141518169613,76.13471221923828,1533600,0.0,0.0,75.27924194335938
2021-07-01 00:00:00-04:00,76.28189005339206,76.53298901294697,74.88786177107822,75.00042724609375,1648800,0.0,0.0,75.3190689086914
2021-07-02 00:00:00-04:00,75.27749150744258,75.47663460544557,74.28175619956471,75.35541534423828,1294800,0.0,0.0,75.41084594726563
2021-07-06 00:00:00-04:00,75.07838333568483,75.85765516449445,73.70167527641945,74.14325714111328,1729100,0.0,0.0,75.31041107177734
2021-07-07 00:00:00-04:00,74.51555110798435,76.25592318744512,74.06530898003153,76.03945922851562,2161800,0.0,0.0,75.33465423583985
2021-07-08 00:00:00-04:00,73.60640679958351,76.17799970104004,73.2340885241882,74.89653015136719,1894300,0.0,0.0,75.08701782226562
2021-07-09 00:00:00-04:00,75.79700960685113,76.72347495183303,75.36408175207539,76.1606674194336,1437000,0.0,0.0,75.31906585693359
2021-07-12 00:00:00-04:00,76.58492945832455,77.43347090037342,75.99614735317648,77.04383850097656,1384200,0.0,0.0,75.65675048828125
2021-07-13 00:00:00-04:00,76.20397497712973,77.32092981295801,75.79702167191061,76.62824249267578,1584100,0.0,0.0,76.15374755859375
2021-07-14 00:00:00-04:00,77.4940792597189,78.21274102152296,76.92261137029757,77.59798431396484,1500100,0.0,0.0,76.4654525756836
2021-07-15 00:00:00-04:00,78.42054820995821,78.55042788238164,73.99602518282728,74.59346771240234,2136300,0.0,0.0,76.40484008789062
2021-07-16 00:00:00-04:00,74.80127451987127,75.32078662649612,72.79248952988829,73.13017272949219,1611900,0.0,0.0,75.79874114990234
2021-07-19 00:00:00-04:00,71.90934213812587,73.11288142782008,71.11274961204673,72.98300170898438,1938100,0.0,0.0,74.9865737915039
2021-07-20 00:00:00-04:00,72.94836649384736,74.47227487205144,72.78385174333782,74.02202606201172,2470500,0.0,0.0,74.4653305053711
2021-07-21 00:00:00-04:00,70.78371532031403,72.72323056321525,68.28139245703873,71.51969146728516,6407600,0.0,0.0,73.24967193603516
2021-07-22 00:00:00-04:00,71.4157898840863,72.5846939026088,70.96554116500964,71.98725128173828,2309900,0.0,0.0,72.72842864990234
2021-07-23 00:00:00-04:00,72.04787006809565,74.1172651814571,72.01323503869739,74.01336669921875,2723200,0.0,0.0,72.90506744384766
2021-07-26 00:00:00-04:00,74.22981614607438,75.58920940552616,74.22981614607438,74.69737243652344,2467300,0.0,0.0,73.24794158935546
2021-07-27 00:00:00-04:00,74.44628839197071,74.51555183898122,71.97859395120176,73.75360107421875,2111700,0.0,0.0,73.19425659179687
2021-07-28 00:00:00-04:00,73.78825245696031,75.38142439260177,73.69300776450812,74.9831314086914,1436900,0.0,0.0,73.88694458007812
2021-07-29 00:00:00-04:00,75.96154131896121,75.96154131896121,74.24714372344913,75.50263214111328,1011200,0.0,0.0,74.59002075195312
2021-07-30 00:00:00-04:00,75.11299100556026,77.01787113219514,74.90518746224413,76.10872650146484,3085100,0.0,0.0,75.00909271240235
2021-08-02 00:00:00-04:00,76.75812219097318,77.29494858853384,76.03946025222264,76.62824249267578,2174100,0.0,0.0,75.39526672363282
2021-08-03 00:00:00-04:00,76.76678595924155,78.87946982725964,76.35117222768937,78.29068756103516,1962200,0.0,0.0,76.3026840209961
2021-08-04 00:00:00-04:00,77.87507456368544,78.25604663243061,77.06982838685776,77.33824157714844,1617100,0.0,0.0,76.7737060546875
2021-08-05 00:00:00-04:00,77.75385870533789,78.88812776562432,77.50275971375618,78.706298828125,1784000,0.0,0.0,77.41443939208985
2021-08-06 00:00:00-04:00,79.09592509137494,80.68044277242544,79.08726468380785,79.78861236572266,1472100,0.0,0.0,78.15041656494141
2021-08-09 00:00:00-04:00,79.52019604441529,80.63715085485323,79.08726813056907,80.10897827148438,1044400,0.0,0.0,78.84656372070313
2021-08-10 00:00:00-04:00,80.4120455929051,81.19997108346101,79.87521251816165,80.32545471191406,1547200,0.0,0.0,79.2535171508789
2021-08-11 00:00:00-04:00,80.351400196258,81.64152315645381,79.4855446191688,81.50298309326172,1704500,0.0,0.0,80.08646545410156
2021-08-12 00:00:00-04:00,81.80605825521812,81.80605825521812,77.88372596268096,78.64568328857422,2058700,0.0,0.0,80.0743423461914
2021-08-13 00:00:00-04:00,78.2820212733163,79.44226480367779,78.02226190678056,78.22140502929688,1347400,0.0,0.0,79.76090087890626
2021-08-16 00:00:00-04:00,79.45957587695108,79.99640879716536,78.44652627815033,78.5417709350586,1787400,0.0,0.0,79.4474594116211
2021-08-17 00:00:00-04:00,77.58067602121534,78.92275511315918,77.05250347065333,78.10884857177734,1255600,0.0,0.0,79.00413818359375
2021-08-18 00:00:00-04:00,78.10885308076917,78.65433987167837,77.04385411671464,77.08714294433594,1384200,0.0,0.0,78.1209701538086
2021-08-19 00:00:00-04:00,76.26457908714622,76.8793359014504,75.72774612259145,76.3165283203125,1435100,0.0,0.0,77.65513916015625
2021-08-20 00:00:00-04:00,76.48104581697942,77.51140974602713,76.18665140442606,77.44214630126953,1269800,0.0,0.0,77.49928741455078
2021-08-23 00:00:00-04:00,77.98765014037099,79.95314036596329,77.89240545130258,79.36436462402344,1254900,0.0,0.0,77.66380615234375
2021-08-24 00:00:00-04:00,78.53310998483782,78.9314094233098,73.32932194190155,74.52420043945312,5323300,0.0,0.0,76.9468765258789
2021-08-25 00:00:00-04:00,74.37701179266463,77.5200658523723,74.37701179266463,75.23420715332031,3235600,0.0,0.0,76.57628936767578
2021-08-26 00:00:00-04:00,75.26884597030882,75.50262413283178,73.28603536893313,73.37261962890625,2325000,0.0,0.0,75.98750762939453
2021-08-27 00:00:00-04:00,73.47652915651842,75.41604444244837,73.45920833990094,74.73201751708984,1659000,0.0,0.0,75.44548187255859
2021-08-30 00:00:00-04:00,74.76665045685144,75.56323624415857,74.273112892329,75.19091796875,1484200,0.0,0.0,74.61079254150391
2021-08-31 00:00:00-04:00,75.33812535998032,76.39447063808703,74.93983242996502,75.84031677246094,1896900,0.0,0.0,74.87401580810547
2021-09-01 00:00:00-04:00,76.38579551674725,76.38579551674725,74.46359468989256,75.49396514892578,2051900,0.0,0.0,74.92596740722657
2021-09-02 00:00:00-04:00,76.11738728419175,77.58067910827816,75.71908779910312,77.49409484863281,1629000,0.0,0.0,75.75026245117188
2021-09-03 00:00:00-04:00,77.61532688126377,78.57642751488099,77.44215833353098,78.20410919189453,1484600,0.0,0.0,76.4446807861328
2021-09-07 00:00:00-04:00,78.48983889981578,78.61971860641017,76.16934481637495,76.24726867675781,1810500,0.0,0.0,76.65595092773438
2021-09-08 00:00:00-04:00,74.80993739278301,74.83591200807729,72.18639555278068,73.01761627197266,3542800,0.0,0.0,76.09141082763672
2021-09-09 00:00:00-04:00,73.11284911335356,76.71480498093045,73.04357907979627,75.62382507324219,4818400,0.0,0.0,76.1173828125
2021-09-10 00:00:00-04:00,75.52861579866148,76.19532195918346,72.39421494901435,72.66262817382812,3662700,0.0,0.0,75.15108947753906
2021-09-13 00:00:00-04:00,72.61932962717022,73.41591539203422,72.01322659272147,72.67993927001953,1856000,0.0,0.0,74.04625549316407
2021-09-14 00:00:00-04:00,72.45480823138044,73.58042333023096,71.06077996835458,71.63224792480469,2100000,0.0,0.0,73.12325134277344
2021-09-15 00:00:00-04:00,71.84870928057006,73.06956238906565,71.64955956187467,73.03492736816406,1867000,0.0,0.0,73.12671356201172
2021-09-16 00:00:00-04:00,72.86176511542337,74.47225739264931,72.84444430051042,73.44188690185547,1782600,0.0,0.0,72.69032592773438
2021-09-17 00:00:00-04:00,72.93967984950663,73.75358629386345,72.31626270965498,72.50675201416016,4437200,0.0,0.0,72.65915069580078
2021-09-20 00:00:00-04:00,71.26859901379115,71.90067674513826,70.41140349841922,71.82274627685547,2267000,0.0,0.0,72.48771209716797
2021-09-21 00:00:00-04:00,72.5210551263472,72.58215829937672,70.95855209059683,71.20296478271484,1697600,0.67,0.0,72.40185546875
2021-09-22 00:00:00-04:00,72.05842416208598,73.254301637613,71.70926027896424,72.39885711669922,1504700,0.0,0.0,72.27464141845704
2021-09-23 00:00:00-04:00,72.86150127329554,74.85172688167432,72.71310877752552,74.23196411132812,1564500,0.0,0.0,72.43265686035156
2021-09-24 00:00:00-04:00,74.27561116278414,75.29691683296662,73.6296622151267,75.1397933959961,1247600,0.0,0.0,72.95926513671876
2021-09-27 00:00:00-04:00,75.061232133382,77.0252718646967,74.79936416505578,75.86431121826172,1250200,0.0,0.0,73.767578125
2021-09-28 00:00:00-04:00,75.29689439228942,75.9515740745949,73.22810419869552,73.49870300292969,2114400,0.0,0.0,74.22672576904297
2021-09-29 00:00:00-04:00,73.2717656551393,73.75186018130914,71.99732310495148,72.53852081298828,1578800,0.0,0.0,74.25465850830078
2021-09-30 00:00:00-04:00,72.91385608724332,73.08844132851843,71.99730854459645,72.03221893310547,1228400,0.0,0.0,73.81470947265625
2021-10-01 00:00:00-04:00,73.03606665423403,74.21448879713805,71.00219342892592,73.68202209472656,1655500,0.0,0.0,73.52315521240234
2021-10-04 00:00:00-04:00,73.52490750573118,74.81680522197684,72.95751702533062,73.44634246826172,2131600,0.0,0.0,73.03956146240235
2021-10-05 00:00:00-04:00,73.69949394340051,74.87791635258517,72.30284491548728,74.32798767089844,2085000,0.0,0.0,73.20541839599609
2021-10-06 00:00:00-04:00,70.85380803818882,71.53467393722818,69.27384964889251,70.36498260498047,4414100,0.0,0.0,72.77071075439453
2021-10-07 00:00:00-04:00,71.01966478717205,72.12825297786503,70.41735724386596,71.38628387451172,2111200,0.0,0.0,72.64152374267579
2021-10-08 00:00:00-04:00,71.77909544373664,72.05842522239482,69.69284304281635,69.77140808105469,1985700,0.0,0.0,71.85940093994141
2021-10-11 00:00:00-04:00,69.70156839055957,71.77035876856114,69.57063111047778,71.25534057617188,2514400,0.0,0.0,71.42120056152343
2021-10-12 00:00:00-04:00,71.53467835528613,71.66561565005293,68.26127928485361,68.96833801269531,2558100,0.0,0.0,70.34927062988281
2021-10-13 00:00:00-04:00,69.16036837800026,70.09437784313951,68.75010135560092,69.4571533203125,1357400,0.0,0.0,70.16770477294922
2021-10-14 00:00:00-04:00,70.26898022275982,72.8789690520184,70.11185677077862,72.0147933959961,2102600,0.0,0.0,70.2934066772461
2021-10-15 00:00:00-04:00,71.97984707261645,72.7130917703715,71.33389832583525,71.569580078125,1733200,0.0,0.0,70.65304107666016
2021-10-18 00:00:00-04:00,71.04586957649303,71.76165274160086,70.52212693417617,70.91493225097656,1911800,0.0,0.0,70.5849594116211
2021-10-19 00:00:00-04:00,70.9236408330975,71.15059834849255,69.69283968473076,70.81016540527344,2425500,0.0,0.0,70.95332489013671
2021-10-20 00:00:00-04:00,70.9062123148715,71.74420192576187,70.25153230701189,70.29517364501953,1983200,0.0,0.0,71.12092895507813
2021-10-21 00:00:00-04:00,69.96344776908055,71.79654983723061,69.69284226234254,71.7878189086914,2606300,0.0,0.0,71.07553405761719
2021-10-22 00:00:00-04:00,75.50639879035225,77.66247852657267,74.28432857624688,76.14362335205078,5172600,0.0,0.0,71.99034271240234
2021-10-25 00:00:00-04:00,77.33076799594068,78.44809368411768,76.44913740429453,77.82833099365234,3979600,0.0,0.0,73.3730224609375
2021-10-26 00:00:00-04:00,76.60626273631318,77.68866473986988,75.01757345408998,76.87686157226562,3877500,0.0,0.0,74.58636169433593
2021-10-27 00:00:00-04:00,77.40062439682701,77.68868516487916,76.41424236471504,76.84196472167969,2154400,0.0,0.0,75.89571990966797
2021-10-28 00:00:00-04:00,77.24348453501287,78.55284411914229,77.24348453501287,78.16876983642578,1766100,0.0,0.0,77.17191009521484
2021-10-29 00:00:00-04:00,77.03398815186803,78.16003818294602,76.60626588974834,77.74977111816406,2702300,0.0,0.0,77.4931396484375
2021-11-01 00:00:00-04:00,78.16875680288642,81.39850724132471,78.0901917778697,80.22008514404297,2293400,0.0,0.0,77.97149047851562
2021-11-02 00:00:00-04:00,80.42087507343359,80.42960600333957,78.98930891727015,80.15027618408203,1754500,0.0,0.0,78.62617340087891
2021-11-03 00:00:00-04:00,80.48196140970167,82.76897840452975,80.22882443317101,81.58182525634766,2722000,0.0,0.0,79.5741455078125
2021-11-04 00:00:00-04:00,82.05319969431187,83.21416677768772,81.730221936304,83.18798065185547,1375900,0.0,0.0,80.57798767089844
2021-11-05 00:00:00-04:00,83.53714278808287,84.98617066031332,83.3887502931429,84.45369720458984,1636900,0.0,0.0,81.9187728881836
2021-11-08 00:00:00-05:00,84.77667252753979,85.66703413115367,84.6719213613363,85.3004150390625,1275200,0.0,0.0,82.9348388671875
2021-11-09 00:00:00-05:00,85.27421916230323,86.85417744500808,84.5758914536206,86.67086791992188,2631900,0.0,0.0,84.23895721435547
2021-11-10 00:00:00-05:00,86.57485651332092,87.87548517700394,85.70195011841338,86.43518829345703,1876500,0.0,0.0,85.20962982177734
2021-11-11 00:00:00-05:00,86.5486746175229,93.12165902690397,86.50502663174511,91.88213348388672,5507400,0.0,0.0,86.94846038818359
2021-11-12 00:00:00-05:00,92.4757180173291,102.068958719991,92.17892634016422,94.37865447998047,7778500,0.0,0.0,88.93345184326172
2021-11-15 00:00:00-05:00,94.43974483438262,94.53576507043775,91.83848085172555,92.23129272460938,3037300,0.0,0.0,90.31962738037109
2021-11-16 00:00:00-05:00,92.60662962764587,92.92087644015751,90.19741294471903,90.4854736328125,2918100,0.0,0.0,91.08254852294922
2021-11-17 00:00:00-05:00,90.49420654173838,91.21872046530459,87.60488843610963,88.0675277709961,3194800,0.0,0.0,91.40901641845703
2021-11-18 00:00:00-05:00,88.53889068115767,88.98407478103942,87.50886092951268,88.38176727294922,2736700,0.0,0.0,90.70894317626953
2021-11-19 00:00:00-05:00,88.9316999007572,89.75223403187994,87.85802877914703,87.97150421142578,1831300,0.0,0.0,89.4275131225586
2021-11-22 00:00:00-05:00,88.25082741682773,90.5116582434898,87.84929130972199,88.70474243164062,2405400,0.0,0.0,88.72220306396484
2021-11-23 00:00:00-05:00,88.9753462186424,90.31962282244729,87.29936759302089,88.66983032226562,2040700,0.0,0.0,88.35907440185547
2021-11-24 00:00:00-05:00,88.32066980314052,88.80949525593698,87.72709318485312,88.1984634399414,1644700,0.0,0.0,88.38526153564453
2021-11-26 00:00:00-05:00,86.60977922130867,87.60489204367452,85.60593546969463,86.0860366821289,1345400,0.0,0.0,87.92611541748047
2021-11-29 00:00:00-05:00,87.96277017579439,91.1576106213393,87.89294272903012,90.83463287353516,2425400,0.0,0.0,88.49874114990234
2021-11-30 00:00:00-05:00,89.86570482331142,91.41948369896777,88.72219965177625,89.62129211425781,4115800,0.0,0.0,88.68205108642579
2021-12-01 00:00:00-05:00,90.92191450702072,94.66667630697975,90.52910271461351,90.642578125,3057500,0.0,0.0,89.07660064697265
2021-12-02 00:00:00-05:00,90.16250833674437,92.62410426801115,89.57766261152709,91.7511978149414,2016200,0.0,0.0,89.78714752197266
2021-12-03 00:00:00-05:00,90.58151151496732,92.80742592441368,89.98793478309818,92.0130844116211,3038400,0.0,0.0,90.9725570678711
2021-12-06 00:00:00-05:00,91.42819806503852,91.97813326059429,88.68727299366059,90.42435455322266,1937800,0.0,0.0,90.8905014038086
2021-12-07 00:00:00-05:00,91.75120591598858,95.48724479943593,91.0354228276622,94.72781372070312,2593200,0.0,0.0,91.91180572509765
2021-12-08 00:00:00-05:00,95.0071225714038,95.14679078207432,91.18379521088067,92.26619720458984,2301000,0.0,0.0,92.23652954101563
2021-12-09 00:00:00-05:00,91.96941405078007,92.68519699514152,89.76096203926535,89.84825134277344,1519800,0.0,0.0,91.85594024658204
2021-12-10 00:00:00-05:00,90.35452575117213,90.76479274491842,88.73091963024847,90.70368957519531,1214000,0.0,0.0,91.59406127929688
2021-12-13 00:00:00-05:00,90.50294648973835,90.59023580808132,87.94533016977579,88.75713348388672,1458900,0.0,0.0,91.26061706542968
2021-12-14 00:00:00-05:00,88.20719288397459,89.57765564228058,87.35174169623234,89.4205322265625,1824100,0.0,0.0,90.19916076660157
2021-12-15 00:00:00-05:00,89.66494513515586,91.39329605189876,87.81438119726968,91.24490356445312,1610900,0.0,0.0,89.99490203857422
2021-12-16 00:00:00-05:00,92.03051067660054,93.17401578855646,90.77352348439182,91.31472778320312,2084000,0.0,0.0,90.28819732666015
2021-12-17 00:00:00-05:00,90.72989872804145,91.92577630472712,89.50782836361459,91.22745513916016,4205400,0.0,0.0,90.39295043945313
2021-12-20 00:00:00-05:00,90.68625172245635,92.5193539590504,90.0403028058894,91.7686538696289,1986700,0.0,0.0,90.99525451660156
2021-12-21 00:00:00-05:00,94.50159976270427,96.03063621714016,92.96377385442075,95.97791290283203,2088600,0.7,0.0,92.30673065185547
2021-12-22 00:00:00-05:00,95.2221706623775,96.97089634652563,94.24674922495696,96.93574523925781,1583800,0.0,0.0,93.44489898681641
2021-12-23 00:00:00-05:00,97.23450782202829,98.58779502493675,97.10269287091889,97.91114807128906,1105300,0.0,0.0,94.7641830444336
2021-12-27 00:00:00-05:00,98.05179327641972,100.13444489394206,97.9902805008893,99.8356704711914,849200,0.0,0.0,96.48582611083984
2021-12-28 00:00:00-05:00,100.17838522224298,100.4332257786509,99.29962745713559,100.03778076171875,753200,0.0,0.0,98.13965148925782
2021-12-29 00:00:00-05:00,100.26623811728939,102.24344266401047,100.26623811728939,101.05712127685547,1456000,0.0,0.0,99.1554931640625
2021-12-30 00:00:00-05:00,101.04834236041232,101.83043614853725,99.89717196080147,99.98504638671875,1446700,0.0,0.0,99.76535339355469
2021-12-31 00:00:00-05:00,99.9059452369295,101.17135151488652,99.07991101741126,99.28202819824219,1060200,0.0,0.0,100.0395294189453
2022-01-03 00:00:00-05:00,99.32597328239287,100.53866309571801,98.05177740788106,99.44021606445312,1421700,0.0,0.0,99.96043853759765
2022-01-04 00:00:00-05:00,99.89717098847605,102.37526731980125,99.56324549148502,101.95346069335938,1590000,0.0,0.0,100.34357452392578
2022-01-05 00:00:00-05:00,101.90950527578609,103.40339029900001,100.44198190407552,100.8022689819336,2276300,0.0,0.0,100.2926040649414
2022-01-06 00:00:00-05:00,100.7671394806412,101.4965099490688,98.43843033573717,98.7547836303711,1644000,0.0,0.0,100.04655151367187
2022-01-07 00:00:00-05:00,98.42084375906103,98.99203749675459,96.68969034523975,97.5069351196289,1501500,0.0,0.0,99.69153289794922
2022-01-10 00:00:00-05:00,96.66332538921449,100.688036364473,96.07455947089686,100.54743194580078,2566100,0.0,0.0,99.91297607421875
2022-01-11 00:00:00-05:00,100.39804484133563,101.05711296939693,95.45942525481685,98.17478942871094,2403500,0.0,0.0,99.15724182128906
2022-01-12 00:00:00-05:00,99.02719434300604,100.57380286457109,98.38569835638826,99.50172424316406,1286200,0.0,0.0,98.89713287353516
2022-01-13 00:00:00-05:00,100.17835080072852,100.37167851532665,97.04118692540752,97.40147399902344,1195100,0.0,0.0,98.62647094726563
2022-01-14 00:00:00-05:00,96.77757198384819,97.91117009131389,95.03763569193409,95.9603271484375,1288000,0.0,0.0,98.31714935302735
2022-01-18 00:00:00-05:00,95.02884533070691,95.19581141835957,92.28711923389037,92.67377471923828,1579200,0.0,0.0,96.74241790771484
2022-01-19 00:00:00-05:00,93.19224060393032,93.44707439287065,89.71235481560291,89.94962310791016,2063200,0.0,0.0,95.09738464355469
2022-01-20 00:00:00-05:00,91.25018382170755,91.38199879948786,88.0866578769214,88.25362396240234,2158100,0.0,0.0,92.84776458740234
2022-01-21 00:00:00-05:00,87.19033398252638,87.48910836157097,83.7016650842648,83.93892669677734,2735400,0.0,0.0,90.15525512695312
2022-01-24 00:00:00-05:00,82.33080631936467,85.58220694045526,80.78419097916034,85.38009643554688,3036700,0.0,0.0,88.039208984375
2022-01-25 00:00:00-05:00,83.6137779443464,84.70343537335327,80.74902660072469,83.28863525390625,2324900,0.0,0.0,86.1621810913086
2022-01-26 00:00:00-05:00,85.97763859151539,86.95306004373604,83.04259148619437,84.63314056396484,3665600,0.0,0.0,85.09888458251953
2022-01-27 00:00:00-05:00,94.28190410886829,102.84100129198335,90.090226584612,91.10958862304688,11944400,0.0,0.0,85.67007751464844
2022-01-28 00:00:00-05:00,90.1693218852184,94.20281623061732,88.45574717071338,94.04463958740234,3850900,0.0,0.0,87.69122009277343
2022-01-31 00:00:00-05:00,93.58767316998669,96.30303061005206,93.34162214421362,94.15886688232422,3820500,0.0,0.0,89.44697418212891
2022-02-01 00:00:00-05:00,94.15887501722608,95.55609633617429,92.71771313799887,94.87066650390625,1931800,0.0,0.0,91.76338043212891
2022-02-02 00:00:00-05:00,94.96733276322573,97.20816730609029,94.41371789347266,97.00605010986328,2075100,0.0,0.0,94.23796234130859
2022-02-03 00:00:00-05:00,95.4418464605248,96.61937821653174,94.99367828717881,95.05519104003906,1565500,0.0,0.0,95.02708282470704
2022-02-04 00:00:00-05:00,94.7388633646239,96.5754704026728,93.85132293471018,95.53853607177734,1297400,0.0,0.0,95.32586212158203
2022-02-07 00:00:00-05:00,96.34698296954525,96.69848735130546,95.34519983938117,96.17123413085938,1374100,0.0,0.0,95.72833557128907
2022-02-08 00:00:00-05:00,96.32940212682627,97.54208509551522,95.51215736190454,97.31360626220703,1284300,0.0,0.0,96.21692352294922
2022-02-09 00:00:00-05:00,98.59658888220952,98.74598275264107,96.89180389008716,98.49114227294922,1227400,0.0,0.0,96.51394195556641
2022-02-10 00:00:00-05:00,97.38391367353086,99.73898423013603,96.2766772577121,96.73363494873047,1794300,0.0,0.0,96.8496307373047
2022-02-11 00:00:00-05:00,97.17300300979889,98.10448378612388,95.01126042993549,95.52972412109375,1734400,0.0,0.0,96.84786834716797
2022-02-14 00:00:00-05:00,95.2221673549035,95.46821839284368,92.63861804775568,93.26253509521484,1809500,0.0,0.0,96.26612854003906
2022-02-15 00:00:00-05:00,94.74765071950206,97.01484709342469,94.07101027061559,96.5930404663086,1204800,0.0,0.0,96.12201538085938
2022-02-16 00:00:00-05:00,96.13608609925716,98.9744694907736,95.86366667486978,98.2890396118164,1329200,0.0,0.0,96.08159484863282
2022-02-17 00:00:00-05:00,98.04297083577639,98.97445161024503,97.28723887386836,97.70904541015625,1221900,0.0,0.0,96.27667694091797
2022-02-18 00:00:00-05:00,97.3048226359597,97.52451201482276,95.29246712104748,95.46821594238281,1906500,0.0,0.0,96.26437530517578
2022-02-22 00:00:00-05:00,94.21159209936178,95.26610513686867,92.65619425235292,94.3346176147461,3470800,0.0,0.0,96.47879180908203
2022-02-23 00:00:00-05:00,94.88824295060611,95.45942999310087,91.85652538840736,92.12015533447266,2818100,0.0,0.0,95.58421478271484
2022-02-24 00:00:00-05:00,88.22726090920006,90.80202084406069,87.37486499803906,90.65263366699219,2948600,0.0,0.0,94.05693359375
2022-02-25 00:00:00-05:00,91.01291442377624,92.3046890273962,90.07264416264415,92.1816635131836,1911300,0.0,0.0,92.95145721435547
2022-02-28 00:00:00-05:00,90.67020586836982,91.86531669369417,89.26419510457299,90.65263366699219,2011900,0.0,0.0,91.98834075927735
2022-03-01 00:00:00-05:00,90.33628512250951,91.62805317942149,87.9284844404114,88.42059326171875,1672300,0.0,0.0,90.80553588867187
2022-03-02 00:00:00-05:00,89.10602047860448,93.22738899413659,89.03571826273651,92.88467407226562,1652000,0.0,0.0,90.95843963623047
2022-03-03 00:00:00-05:00,93.11312945152558,93.6931125296632,91.47864021872074,91.97074890136719,950800,0.0,0.0,91.22206268310546
2022-03-04 00:00:00-05:00,90.75807857660901,91.74228944494497,89.48388281247439,90.67020416259766,1591900,0.0,0.0,90.91977081298828
2022-03-07 00:00:00-05:00,89.87054117250027,91.74229924233302,87.87576427342458,87.95484924316406,1541300,0.0,0.0,90.38021392822266
2022-03-08 00:00:00-05:00,88.39422111962017,90.92504722266297,79.29029882420325,79.58907318115234,5207500,0.0,0.0,88.61390991210938
2022-03-09 00:00:00-05:00,80.643575927408,80.98629753362907,76.67159482453744,79.43089294433594,3827200,0.0,0.0,85.92315368652343
2022-03-10 00:00:00-05:00,78.51699380596057,78.91243876665847,76.73311686917108,77.96337890625,2047700,0.0,0.0,83.1216796875
2022-03-11 00:00:00-05:00,78.59609215635813,78.85971544816199,75.80164235514552,76.74191284179688,1871100,0.0,0.0,80.33602142333984
2022-03-14 00:00:00-04:00,76.66280040517539,77.18127080281197,74.26379624776898,75.88070678710938,2426300,0.0,0.0,77.9211929321289
2022-03-15 00:00:00-04:00,76.0476789923452,78.19184955441538,75.60830021843822,77.86670684814453,2165200,0.0,0.0,77.57671966552735
2022-03-16 00:00:00-04:00,78.63123177844597,79.75604041629926,77.45369312642633,79.47483825683594,1852900,0.0,0.0,77.58550872802735
2022-03-17 00:00:00-04:00,79.02667599347129,81.23235957947912,78.20943110809876,80.93357849121094,1756200,0.0,0.0,78.17954864501954
2022-03-18 00:00:00-04:00,80.51177188873778,83.11289352086767,80.27450358769343,82.88441467285156,3945100,0.0,0.0,79.40804901123047
2022-03-21 00:00:00-04:00,83.00836027817903,83.86712957173565,81.30852528016764,81.68921661376953,1267800,0.7,0.0,80.5697509765625
2022-03-22 00:00:00-04:00,81.98137963550796,83.06148098408626,81.00752008916463,82.92868041992188,1445600,0.0,0.0,81.58214569091797
2022-03-23 00:00:00-04:00,82.69848171343763,82.69848171343763,80.38777537273363,80.92782592773438,1397300,0.0,0.0,81.87274322509765
2022-03-24 00:00:00-04:00,81.51215360736656,83.20313343154966,81.25540766133534,83.15000915527344,1296200,0.0,0.0,82.31602935791015
2022-03-25 00:00:00-04:00,82.81358814990898,82.81358814990898,78.37809264553505,80.49402618408203,2736300,0.0,0.0,81.83795166015625
2022-03-28 00:00:00-04:00,80.12218650075286,81.87513896745287,79.9008544938447,81.79545593261719,1316900,0.0,0.0,81.85919952392578
2022-03-29 00:00:00-04:00,82.91983539712082,83.82286711227863,80.8924331811245,82.91098022460938,1410300,0.0,0.0,81.85565948486328
2022-03-30 00:00:00-04:00,82.9198275615242,83.23853944212593,80.37893365224969,80.89242553710938,1160400,0.0,0.0,81.84857940673828
2022-03-31 00:00:00-04:00,81.17574164452921,81.52986750706427,79.50247195233499,79.59100341796875,2125400,0.0,0.0,81.13677825927735
2022-04-01 00:00:00-04:00,80.11333932714142,80.38779563617867,77.52818284945506,79.1660385131836,1834800,0.0,0.0,80.87118072509766
2022-04-04 00:00:00-04:00,79.66181152677166,80.75961628818476,79.24570631156642,80.53828430175781,1111800,0.0,0.0,80.61974639892578
2022-04-05 00:00:00-04:00,80.27268769933042,81.27311265674257,77.68753157457111,78.04166412353516,1663300,0.0,0.0,79.64588317871093
2022-04-06 00:00:00-04:00,76.74022982723537,77.46619850302592,75.77521881353482,76.22673797607422,1544200,0.0,0.0,78.7127456665039
2022-04-07 00:00:00-04:00,76.48349174383688,77.06781151462614,75.35912806226578,76.60743713378906,1476700,0.0,0.0,78.11603240966797
2022-04-08 00:00:00-04:00,76.30643592015245,76.45694008557452,75.11123750604682,75.2883071899414,1117500,0.0,0.0,77.34048614501953
2022-04-11 00:00:00-04:00,75.19092205850292,75.4830819768926,73.52650752366233,74.82793426513672,1376600,0.0,0.0,76.19841613769532
2022-04-12 00:00:00-04:00,75.64243041738239,76.8641806893283,73.49108299525967,73.61502838134766,1891200,0.0,0.0,75.3130889892578
2022-04-13 00:00:00-04:00,73.88949095474644,74.89876456502516,73.22549480300948,74.45610046386719,1519400,0.0,0.0,74.9589614868164
2022-04-14 00:00:00-04:00,71.87092603498502,73.28744945894853,71.61418010899844,72.07455444335938,2806400,0.0,0.0,74.05238494873046
2022-04-18 00:00:00-04:00,72.06571564244418,73.71242660764918,71.95061865545068,72.8713607788086,1909400,0.0,0.0,73.56899566650391
2022-04-19 00:00:00-04:00,72.16308806171023,74.7570994038993,71.95945964721028,74.4826431274414,1865400,0.0,0.0,73.49993743896485
2022-04-20 00:00:00-04:00,75.27058028969456,76.98811869587821,74.97842719592917,75.92572784423828,1863100,0.0,0.0,73.96207733154297
2022-04-21 00:00:00-04:00,76.3329796506816,76.91729260616154,74.28787417472714,74.58888244628906,1310500,0.0,0.0,73.98863372802734
2022-04-22 00:00:00-04:00,74.25245667608525,74.44722314887308,72.7916642258216,72.9687271118164,1564400,0.0,0.0,74.16746826171875
2022-04-25 00:00:00-04:00,72.17193571592877,73.26974730112646,71.53450522859295,73.0749740600586,2155300,0.0,0.0,74.20819091796875
2022-04-26 00:00:00-04:00,72.50837258970286,72.6411731553294,69.89665064743862,70.15339660644531,2797600,0.0,0.0,73.34234161376953
2022-04-27 00:00:00-04:00,70.82624051943795,75.11122482869595,70.62261210595724,72.28703308105469,3259100,0.0,0.0,72.6146026611328
2022-04-28 00:00:00-04:00,72.31359714213815,73.58847172639973,70.81739054002655,72.74740600585938,2145600,0.0,0.0,72.24630737304688
2022-04-29 00:00:00-04:00,73.46451943028548,75.1732027176331,72.49950841083222,72.63230895996094,2798400,0.0,0.0,72.17902374267578
2022-05-02 00:00:00-04:00,72.68542160997562,73.0572577190205,70.8616482379322,72.99528503417969,1960800,0.0,0.0,72.1630859375
2022-05-03 00:00:00-04:00,73.45567190631438,74.54462166259971,72.54378506428964,74.27017211914062,2309900,0.0,0.0,72.98644104003907
2022-05-04 00:00:00-04:00,74.47380407300963,76.79335943034219,73.08383919130051,76.53661346435547,2099700,0.0,0.0,73.83635711669922
2022-05-05 00:00:00-04:00,75.3768290976224,75.51848482677758,72.41098150223445,73.23433685302734,2042600,0.0,0.0,73.93374328613281
2022-05-06 00:00:00-04:00,72.59689196834955,74.24360249726122,71.92404083445153,73.14579772949219,1479600,0.0,0.0,74.03644104003907
2022-05-09 00:00:00-04:00,71.72043842820354,73.07498947563168,70.7908411286456,71.14497375488281,1592100,0.0,0.0,73.66637878417968
2022-05-10 00:00:00-04:00,72.19849607584752,72.74739507474634,70.64917218370071,71.53450012207031,1867400,0.0,0.0,73.11924438476562
2022-05-11 00:00:00-04:00,71.00330370558916,72.41983392531014,68.09942891329115,68.28534698486328,1611500,0.0,0.0,71.46899108886718
2022-05-12 00:00:00-04:00,67.79843108137149,69.36545892871914,67.53282993560924,69.14412689208984,1780200,0.0,0.0,70.65094909667968
2022-05-13 00:00:00-04:00,70.20652480857116,71.86208412174096,70.00289636262931,71.454833984375,1399300,0.0,0.0,70.31275634765625
2022-05-16 00:00:00-04:00,71.41055834301167,74.18163249786778,71.19807476386343,73.33171844482422,3144500,0.0,0.0,70.75010528564454
2022-05-17 00:00:00-04:00,74.01343479268354,77.24488401349255,74.01343479268354,77.1120834350586,1895700,0.0,0.0,71.8656219482422
2022-05-18 00:00:00-04:00,76.04969392984314,76.58974467361732,73.6593037308792,74.45610046386719,1892500,0.0,0.0,73.09977264404297
2022-05-19 00:00:00-04:00,73.65928787270586,74.81021698973929,72.75625627274604,73.04841613769531,1584800,0.0,0.0,73.88063049316406
2022-05-20 00:00:00-04:00,73.54421050602446,73.91604671479458,69.14412843869103,70.9324951171875,2312700,0.0,0.0,73.77616271972656
2022-05-23 00:00:00-04:00,71.45482606701489,72.66772792649694,70.89707182743717,72.53492736816406,1274900,0.0,0.0,73.61680450439454
2022-05-24 00:00:00-04:00,72.20735332651068,72.39327140577333,69.35659593544933,70.42784881591797,1959700,0.0,0.0,72.2799575805664
2022-05-25 00:00:00-04:00,70.20652549233789,73.95145981074039,70.02945580837745,73.18122863769531,1806600,0.0,0.0,72.02498321533203
2022-05-26 00:00:00-04:00,72.63230024660035,76.13819784862297,72.63230024660035,75.89916229248047,1640400,0.0,0.0,72.59513244628906
2022-05-27 00:00:00-04:00,77.03239493047396,78.13019981278259,76.14706688726962,78.05937194824219,1451800,0.0,0.0,74.0205078125
2022-05-31 00:00:00-04:00,76.85533317329349,77.04125127094508,72.65002453557881,74.96073150634766,4015100,0.0,0.0,74.50566864013672
2022-06-01 00:00:00-04:00,75.34140785333028,76.51889565821713,74.07538860357204,74.08424377441406,1904800,0.0,0.0,75.23694763183593
2022-06-02 00:00:00-04:00,74.08425937610292,75.50078305590534,73.95145880357069,74.93417358398438,1086400,0.0,0.0,75.58753662109375
2022-06-03 00:00:00-04:00,73.827510136963,74.12852520501765,72.3844277574124,73.2254867553711,1159700,0.0,0.0,75.05280151367188
2022-06-06 00:00:00-04:00,74.09310261276643,74.70397434077783,72.71198633724727,73.0749740600586,1175500,0.0,0.0,74.05592193603516
2022-06-07 00:00:00-04:00,72.34015769467086,74.94302445047849,72.17194319549444,74.8013687133789,1305200,0.0,0.0,74.0240493774414
2022-06-08 00:00:00-04:00,74.62430462762768,74.66856697889,73.00415262114473,74.09310913085938,1841000,0.0,0.0,74.02582244873047
2022-06-09 00:00:00-04:00,73.59732469351923,75.4299536444266,73.30517154532984,73.34943389892578,1613800,0.0,0.0,73.70887451171875
2022-06-10 00:00:00-04:00,72.18079504815225,72.77396322231343,70.94133442360203,71.36629486083984,1540500,0.0,0.0,73.3370361328125
2022-06-13 00:00:00-04:00,69.6310596956676,70.3570285016815,67.87810700311233,68.20568084716797,2376300,0.0,0.0,72.36317749023438
2022-06-14 00:00:00-04:00,68.61292523182999,68.71031185961719,66.29336326333423,66.95735931396484,1558900,0.0,0.0,70.79437561035157
2022-06-15 00:00:00-04:00,67.17869497330874,68.44471444866942,66.3641947281233,67.4974136352539,1815700,0.0,0.0,69.47523651123046
2022-06-16 00:00:00-04:00,65.5054129928849,65.57624084982137,62.07034298566089,62.69892501831055,3201200,0.0,0.0,67.34513473510742
2022-06-17 00:00:00-04:00,62.805183134162554,64.79717153546807,62.2916911696306,64.35450744628906,3171200,0.0,0.0,65.94277725219726
2022-06-21 00:00:00-04:00,65.26638835552183,66.08088858322787,63.68165025222485,64.36334991455078,2077000,0.0,0.0,65.17431106567383
2022-06-22 00:00:00-04:00,64.08002760645213,64.59351938257986,62.999933298945685,63.38947296142578,3195800,0.0,0.0,64.46073379516602
2022-06-23 00:00:00-04:00,63.988507277394774,63.988507277394774,62.38812321845719,63.25537109375,1790900,0.7,0.0,63.612325286865236
2022-06-24 00:00:00-04:00,63.452050446525895,66.54552702362433,63.39840851262314,66.2951889038086,1948500,0.0,0.0,64.33157806396484
2022-06-27 00:00:00-04:00,66.9031715605986,66.9031715605986,65.67829481931498,66.34884643554688,1046100,0.0,0.0,64.7304458618164
2022-06-28 00:00:00-04:00,66.7601256255165,67.25186626740981,64.83787605430354,65.18656921386719,1657400,0.0,0.0,64.89508972167968
2022-06-29 00:00:00-04:00,65.18657717027264,65.31174629054044,63.54148658485857,63.908058166503906,1411100,0.0,0.0,64.99880676269531
2022-06-30 00:00:00-04:00,62.92456627000129,64.60542015538158,62.41494727354552,63.872283935546875,1526600,0.0,0.0,65.12218933105468
2022-07-01 00:00:00-04:00,63.487834827181985,63.94380505727229,60.81456389109349,61.771217346191406,1782500,0.0,0.0,64.21739501953125
2022-07-05 00:00:00-04:00,60.43906620838098,63.7739467547688,60.224491547054775,63.75606155395508,1796300,0.0,0.0,63.69883804321289
2022-07-06 00:00:00-04:00,63.55041148693281,64.34613216755,62.763626582985175,63.95273971557617,1610100,0.0,0.0,63.45207214355469
2022-07-07 00:00:00-04:00,64.63224833130968,66.98364732758583,64.4534304399623,66.59919738769531,1714400,0.0,0.0,63.990299987792966
2022-07-08 00:00:00-04:00,65.88394036563633,67.54690908910584,65.56207501133873,66.9389419555664,1105000,0.0,0.0,64.60363159179687
2022-07-11 00:00:00-04:00,66.65285015127012,67.04623589334705,65.81242306469602,66.4561538696289,1330900,0.0,0.0,65.54061889648438
2022-07-12 00:00:00-04:00,66.73331323973616,67.83302117081045,66.33992067557861,66.85848236083984,1163200,0.0,0.0,66.16110305786133
2022-07-13 00:00:00-04:00,65.71407037011569,67.16246458084592,65.49055312395883,66.66178131103516,1432800,0.0,0.0,66.70291137695312
2022-07-14 00:00:00-04:00,65.74088645811808,67.85088965058237,64.3908404818166,67.57373046875,1550100,0.0,0.0,66.89781799316407
2022-07-15 00:00:00-04:00,68.18169158771467,69.66584231376903,67.38597086651849,69.36186218261719,1985300,0.0,0.0,67.38240203857421
2022-07-18 00:00:00-04:00,69.88043976097198,71.03378282519913,68.99530649604584,69.2992935180664,1577800,0.0,0.0,67.95102996826172
2022-07-19 00:00:00-04:00,69.61220464932654,72.41958043146732,69.49597814871207,72.23182678222656,2298200,0.0,0.0,69.02569885253907
2022-07-20 00:00:00-04:00,71.7669017160197,73.50139742255799,71.54338450935049,73.37622833251953,2211000,0.0,0.0,70.36858825683593
2022-07-21 00:00:00-04:00,73.69810353384173,74.90509524739214,72.49111182029132,74.75310516357422,3380600,0.0,0.0,71.80446319580078
2022-07-22 00:00:00-04:00,67.0551669857249,70.84601718271401,67.0551669857249,68.69131469726562,8009900,0.0,0.0,71.67035369873047
2022-07-25 00:00:00-04:00,68.76284722383988,70.62250548290838,67.30551044846578,68.41415405273438,3441500,0.0,0.0,71.49332580566406
2022-07-26 00:00:00-04:00,68.34263512215274,69.54068428307052,67.94029998779297,67.94029998779297,2383400,0.0,0.0,70.63502044677735
2022-07-27 00:00:00-04:00,68.04758763817273,70.74767283838356,67.38597853183842,70.34534454345703,2387800,0.0,0.0,70.02884368896484
2022-07-28 00:00:00-04:00,70.2559449141684,71.65069039633873,68.90589879007479,71.34671020507812,1859600,0.0,0.0,69.34756469726562
2022-07-29 00:00:00-04:00,71.07848851379345,72.29442295104658,70.62251139452215,71.50764465332031,3995200,0.0,0.0,69.91083068847657
2022-08-01 00:00:00-04:00,70.60463111803817,71.71327478532041,69.43340289263206,71.11425018310547,1325600,0.0,0.0,70.45084991455079
2022-08-02 00:00:00-04:00,70.63144588947912,71.89208636244426,70.01453614132984,70.64038848876953,1309700,0.0,0.0,70.9908676147461
2022-08-03 00:00:00-04:00,71.07848268138942,72.11560595444087,70.66721177624295,71.66857147216797,1169900,0.0,0.0,71.25551300048828
2022-08-04 00:00:00-04:00,71.71328146203214,72.16925861150469,70.82815496581381,71.87421417236328,1180600,0.0,0.0,71.36101379394532
2022-08-05 00:00:00-04:00,70.68509563086252,72.45535531915246,70.29170989440227,72.37488555908203,1223800,0.0,0.0,71.53446197509766
2022-08-08 00:00:00-04:00,72.25865191954881,73.08119371251418,71.84738102306612,72.4911117553711,1163000,0.0,0.0,71.80983428955078
2022-08-09 00:00:00-04:00,71.8384426870604,71.8563278869107,67.65419949996091,69.14729309082031,2195500,0.0,0.0,71.51121520996094
2022-08-10 00:00:00-04:00,70.30959122754813,72.16925653310581,70.22912828530275,71.82950592041016,1282900,0.0,0.0,71.54340209960938
2022-08-11 00:00:00-04:00,72.6967406245653,74.77992281436777,71.90996244226422,73.7338638305664,1766200,0.0,0.0,71.91533203125
2022-08-12 00:00:00-04:00,73.90374064413763,74.66369786644964,73.55504748774042,74.59217071533203,1019000,0.0,0.0,72.3587890625
2022-08-15 00:00:00-04:00,74.10044467887842,74.12727248173718,72.6252361183245,73.49247741699219,1259600,0.0,0.0,72.55906219482422
2022-08-16 00:00:00-04:00,72.95603290903179,73.67129087548726,72.75933662719626,73.17955017089844,845800,0.0,0.0,73.36551361083984
2022-08-17 00:00:00-04:00,72.34805970809711,72.34805970809711,69.77314351971042,70.84602355957031,2550500,0.0,0.0,73.16881713867187
2022-08-18 00:00:00-04:00,71.09635557629967,73.13483838806549,71.08741979861087,72.98284149169922,1067400,0.0,0.0,73.01861267089843
2022-08-19 00:00:00-04:00,72.28547359775995,72.28547359775995,71.15000902702153,71.49869537353516,1014700,0.0,0.0,72.39991760253906
2022-08-22 00:00:00-04:00,69.92511931726817,70.34533274038087,68.21745147368664,68.45884704589844,1880700,0.0,0.0,71.39319152832032
2022-08-23 00:00:00-04:00,68.53933620295345,69.12941822510206,67.23398939575296,67.55585479736328,1658600,0.0,0.0,70.26845245361328
2022-08-24 00:00:00-04:00,67.35915977511992,68.56615846431897,67.32340301534427,68.01183319091797,1131100,0.0,0.0,69.70161437988281
2022-08-25 00:00:00-04:00,68.54826657021968,70.86390875891745,68.52144559240392,70.84602355957031,1215500,0.0,0.0,69.27425079345703
2022-08-26 00:00:00-04:00,70.41688437912946,70.44370536079485,66.6617900582367,66.71543884277344,1789400,0.0,0.0,68.31759948730469
2022-08-29 00:00:00-04:00,65.79453191104267,67.01940884967347,64.82000001261753,64.87364196777344,1290000,0.0,0.0,67.60055847167969
2022-08-30 00:00:00-04:00,64.49814564326589,64.55178760757363,61.52983644359742,62.06627655029297,3582100,0.0,0.0,66.50264282226563
2022-08-31 00:00:00-04:00,58.48104912563205,60.64469419333616,58.20388313246692,59.866851806640625,6244300,0.0,0.0,64.87364654541015
2022-09-01 00:00:00-04:00,58.194940535422255,59.15160079212484,56.773374280375165,58.93701934814453,3028500,0.0,0.0,62.491845703125
2022-09-02 00:00:00-04:00,59.804267033607644,60.2960076477018,58.17706193952005,58.534690856933594,1727200,0.0,0.0,60.85569610595703
2022-09-06 00:00:00-04:00,58.61515997775158,59.09795804411024,57.00583650049187,58.427406311035156,2432400,0.0,0.0,59.56644897460937
2022-09-07 00:00:00-04:00,57.98930988903014,59.05325407179347,57.5065118604116,58.66880416870117,1734800,0.0,0.0,58.88695449829102
2022-09-08 00:00:00-04:00,58.15919319292689,59.249951680894895,57.023721703722984,59.12478256225586,1813700,0.0,0.0,58.73854064941406
2022-09-09 00:00:00-04:00,60.01885114889189,61.86957375644541,59.732749333948526,61.53877258300781,2292300,0.0,0.0,59.25889129638672
2022-09-12 00:00:00-04:00,61.887453987339995,62.45071497181675,61.22584487238567,61.4851188659668,1917900,0.0,0.0,59.84897689819336
2022-09-13 00:00:00-04:00,59.81321350199525,60.126136267025075,57.935670090611616,58.32905578613281,2466100,0.0,0.0,59.82930679321289
2022-09-14 00:00:00-04:00,58.17706698408886,58.33799966981932,55.96871556036729,56.523040771484375,2989200,0.0,0.0,59.40015411376953
2022-09-15 00:00:00-04:00,56.38893574362287,56.80914929621352,55.52168765784315,55.950843811035156,3894900,0.0,0.0,58.76536636352539
2022-09-16 00:00:00-04:00,55.72731863655077,56.15647131824177,55.0210033557958,56.06706237792969,3219400,0.0,0.0,57.671024322509766
2022-09-19 00:00:00-04:00,55.23557911501545,56.12964807271062,54.86007178987263,55.450157165527344,2315400,0.0,0.0,56.46403198242187
2022-09-20 00:00:00-04:00,54.8804582054465,55.016100859228466,53.55117606624877,54.19321060180664,2143300,0.7,0.0,55.63686294555664
2022-09-21 00:00:00-04:00,54.292687133528965,56.00176681340962,53.795336433228,53.831504821777344,1875200,0.0,0.0,55.09855575561524
2022-09-22 00:00:00-04:00,53.424581433227,53.75916229737813,52.954357906820334,53.20755386352539,1290000,0.0,0.0,54.54989776611328
2022-09-23 00:00:00-04:00,52.52934233970485,52.755411121774586,51.43517026237594,52.24901580810547,2087500,0.0,0.0,53.78628845214844
2022-09-26 00:00:00-04:00,51.6069894326876,52.13147074557069,49.87982380330402,50.087806701660156,2443500,0.0,0.0,52.713818359375
2022-09-27 00:00:00-04:00,51.109637811879445,51.344747860316,50.24153439521725,51.11867904663086,1524300,0.0,0.0,52.09891204833984
2022-09-28 00:00:00-04:00,51.12771680231849,51.733579485113395,50.90164801926919,51.525596618652344,1429900,0.0,0.0,51.63773040771484
2022-09-29 00:00:00-04:00,50.38621310743668,50.38621310743668,47.962755398422686,49.17448425292969,4334000,0.0,0.0,50.8311164855957
2022-09-30 00:00:00-04:00,49.17448509417091,50.06067435374138,48.03509643934027,48.13456726074219,2632600,0.0,0.0,50.008226776123045
2022-10-03 00:00:00-04:00,48.442025854992806,50.304834149836346,48.442025854992806,49.51811218261719,4374100,0.0,0.0,49.89428787231445
2022-10-04 00:00:00-04:00,50.431427841537364,52.050081262135215,50.359084170443424,51.54368591308594,4755700,0.0,0.0,49.97928924560547
2022-10-05 00:00:00-04:00,50.52185506401509,52.23093466058552,49.93407824668784,51.932525634765625,2745200,0.0,0.0,50.060675048828124
2022-10-06 00:00:00-04:00,51.435170445662,51.64315331196299,49.3643795666355,50.377166748046875,3313400,0.0,0.0,50.301211547851565
2022-10-07 00:00:00-04:00,49.25586081466519,50.630359241468575,48.13455828637927,48.61382293701172,2926300,0.0,0.0,50.39706268310547
2022-10-10 00:00:00-04:00,48.76756180356839,48.92128693176459,46.65155769795118,47.23029327392578,1889700,0.0,0.0,49.93949890136719
2022-10-11 00:00:00-04:00,47.148914815967444,48.07127605989364,46.42549524706551,46.99518966674805,2802800,0.0,0.0,49.02979965209961
2022-10-12 00:00:00-04:00,47.19412372093646,47.709560333817755,46.63347403578311,46.85954284667969,1573800,0.0,0.0,48.01520309448242
2022-10-13 00:00:00-04:00,45.80153994917929,48.79468863317604,45.48504156160416,47.9627571105957,2100600,0.0,0.0,47.53232116699219
2022-10-14 00:00:00-04:00,48.27021485796119,48.27021485796119,44.87013791246543,46.669647216796875,3943900,0.0,0.0,47.14348602294922
2022-10-17 00:00:00-04:00,47.772863509747594,48.11648562393318,47.139870139587075,47.9808464050293,1861100,0.0,0.0,47.29359664916992
2022-10-18 00:00:00-04:00,49.08406208660346,49.32821683108253,47.194126575223855,47.89946365356445,1625700,0.0,0.0,47.4744514465332
2022-10-19 00:00:00-04:00,47.38402584584716,48.46915341750121,47.38402584584716,47.79094696044922,2211100,0.0,0.0,47.66073226928711
2022-10-20 00:00:00-04:00,48.24308024967349,49.68992263068252,47.727643664740256,47.953712463378906,2690200,0.0,0.0,47.65892333984375
2022-10-21 00:00:00-04:00,47.89945481947349,50.43142449776986,47.763812169933956,50.377166748046875,3434400,0.0,0.0,48.40042724609375
2022-10-24 00:00:00-04:00,50.65749812841165,51.13676289012001,49.680879237153654,50.91973876953125,3276800,0.0,0.0,48.98820571899414
2022-10-25 00:00:00-04:00,50.603245084860426,52.447967529296875,50.603245084860426,52.447967529296875,4275700,0.0,0.0,49.89790649414063
2022-10-26 00:00:00-04:00,47.926588118721895,49.57236879325095,45.63877284634019,48.27925491333008,10041400,0.0,0.0,49.995568084716794
2022-10-27 00:00:00-04:00,48.05317847411069,49.07501030748957,46.83240846353829,46.98613357543945,5480800,0.0,0.0,49.8020523071289
2022-10-28 00:00:00-04:00,47.02231023253045,47.64625887647525,46.43452997480937,46.524959564208984,4390500,0.0,0.0,49.03161087036133
2022-10-31 00:00:00-04:00,46.15420798807394,46.40740394544594,44.83396699672536,44.906307220458984,4408000,0.0,0.0,47.828924560546874
2022-11-01 00:00:00-04:00,45.66589594031879,46.75102683078802,44.98768956496752,46.14516067504883,2528800,0.0,0.0,46.568363189697266
2022-11-02 00:00:00-04:00,45.955270726704285,46.36219530388432,44.70736983986434,44.752586364746094,2400300,0.0,0.0,45.86302947998047
2022-11-03 00:00:00-04:00,44.07438121098874,44.381834961930515,42.92595112510436,43.84831237792969,2154700,0.0,0.0,45.23546524047852
2022-11-04 00:00:00-04:00,45.050993889236615,46.443578639534174,44.89726874838455,46.2265510559082,2675000,0.0,0.0,45.17578353881836
2022-11-07 00:00:00-05:00,46.55209007064627,47.80903213281488,46.11803835886019,47.537750244140625,2224600,0.0,0.0,45.70207214355469
2022-11-08 00:00:00-05:00,48.01701993613783,48.90321281899254,47.19412950166135,47.92659378051758,2848900,0.0,0.0,46.05835876464844
2022-11-09 00:00:00-05:00,47.18507775186841,47.29358980434079,45.70206705311411,45.74728012084961,1933100,0.0,0.0,46.25729751586914
2022-11-10 00:00:00-05:00,48.10745291383693,49.445780118152186,47.890425295782336,48.65001678466797,3155500,0.0,0.0,47.217638397216795
2022-11-11 00:00:00-05:00,48.830860666433935,52.086249997715086,48.785647596464834,51.67932891845703,2597600,0.0,0.0,48.30819396972656
2022-11-14 00:00:00-05:00,51.127727180350846,52.086256807341634,50.937830191932285,50.99208450317383,2131200,0.0,0.0,48.999060821533206
2022-11-15 00:00:00-05:00,52.33041232403408,52.50222684424973,50.2505797572146,50.395263671875,3516400,0.0,0.0,49.492794799804685
2022-11-16 00:00:00-05:00,49.73513752263185,49.73513752263185,47.23029472800223,48.74947738647461,2886100,0.0,0.0,50.09323425292969
2022-11-17 00:00:00-05:00,47.88137339200083,49.38247011304631,47.62817398575746,49.20161437988281,1314300,0.0,0.0,50.20355377197266
2022-11-18 00:00:00-05:00,49.83461151431867,49.93408234760656,48.49628450630076,49.3463020324707,1405300,0.0,0.0,49.73694839477539
2022-11-21 00:00:00-05:00,48.77659983742323,49.33725290820697,48.224994899320635,48.92128372192383,1667900,0.0,0.0,49.32278823852539
2022-11-22 00:00:00-05:00,49.337252871979736,49.5814075736832,48.46914611607767,48.930328369140625,1647500,0.0,0.0,49.02980117797851
2022-11-23 00:00:00-05:00,49.13831731714061,49.69896700734476,48.93033442318643,49.56332778930664,1213900,0.0,0.0,49.19257125854492
2022-11-25 00:00:00-05:00,49.37342995845998,50.114935427870414,49.21970481336742,49.46385955810547,883000,0.0,0.0,49.24502029418945
2022-11-28 00:00:00-05:00,48.930333748330646,49.264914620987,47.14891042313515,47.30263900756836,2083200,0.0,0.0,48.83628768920899
2022-11-29 00:00:00-05:00,46.931884092666955,47.28455086748515,46.280804847134206,46.524959564208984,2313600,0.0,0.0,48.35702285766602
2022-11-30 00:00:00-05:00,45.991442222274934,48.01701695867413,44.92439709434559,47.89946365356445,4164300,0.0,0.0,48.15084991455078
2022-12-01 00:00:00-05:00,48.234040183714875,48.71330494458468,47.718603586298165,48.19786834716797,2449200,0.0,0.0,47.87775802612305
2022-12-02 00:00:00-05:00,47.022315510384445,47.9718038836676,46.61539093625266,47.89946365356445,1992800,0.0,0.0,47.56487884521484
2022-12-05 00:00:00-05:00,47.85424533977427,48.74043813454317,47.13082581810858,47.248382568359375,1867700,0.0,0.0,47.55402755737305
2022-12-06 00:00:00-05:00,47.248380032559396,47.646259885737386,46.63347260976128,47.20316696166992,2660300,0.0,0.0,47.68966903686523
2022-12-07 00:00:00-05:00,46.534004151463144,48.08935870584889,46.41645085107733,47.537750244140625,1835100,0.0,0.0,47.61732635498047
2022-12-08 00:00:00-05:00,47.908503830861214,49.71705438747902,47.7457340048027,49.219703674316406,2433600,0.0,0.0,47.821693420410156
2022-12-09 00:00:00-05:00,48.984593281709,50.38622281174822,48.79469628909065,48.95746612548828,2454900,0.0,0.0,48.033293914794925
2022-12-12 00:00:00-05:00,48.830862890436364,50.35908680202622,48.22500013627688,50.2957878112793,2566600,0.0,0.0,48.642774963378905
2022-12-13 00:00:00-05:00,52.086258239104055,52.61073959243327,50.51282107818975,50.79314422607422,2859000,0.0,0.0,49.36077041625977
2022-12-14 00:00:00-05:00,50.232483139956905,51.27240092669014,49.20161003632828,49.509063720703125,2212800,0.0,0.0,49.75503311157227
2022-12-15 00:00:00-05:00,48.369678451463834,48.65904621847673,47.18507678369887,47.35688781738281,4101400,0.0,0.0,49.382469940185544
2022-12-16 00:00:00-05:00,46.9137970813185,47.72764266972917,46.4164464245893,47.13986587524414,4321300,0.0,0.0,49.01894989013672
2022-12-19 00:00:00-05:00,47.022317736366645,47.64626647988139,45.57547857044696,46.10900115966797,2546300,0.0,0.0,48.181592559814455
2022-12-20 00:00:00-05:00,45.907281655947315,47.236732301669626,45.888943995603775,46.76913070678711,2468300,0.7,0.0,47.37678985595703
2022-12-21 00:00:00-05:00,47.236738565121016,47.62181899074258,45.96230073144264,46.06315612792969,2079400,0.0,0.0,46.687608337402345
2022-12-22 00:00:00-05:00,45.1737916856371,46.06314895520765,44.87122554329004,46.035640716552734,2214400,0.0,0.0,46.42335891723633
2022-12-23 00:00:00-05:00,45.98980672886427,46.329044755559444,45.531375639662045,46.310707092285156,1072500,0.0,0.0,46.25752716064453
2022-12-27 00:00:00-05:00,46.448229993758176,47.88770309156654,45.89811417840442,47.73183822631836,2427000,0.0,0.0,46.58209457397461
2022-12-28 00:00:00-05:00,47.5851438964599,48.19027273629407,46.51241343183718,46.805809020996094,1683700,0.0,0.0,46.589430236816405
2022-12-29 00:00:00-05:00,47.392601730691815,49.06129050953454,47.28257925558994,48.612030029296875,2045200,0.0,0.0,47.099205017089844
2022-12-30 00:00:00-05:00,47.896876512275504,48.547847748496444,47.57597268631991,48.236114501953125,1220500,0.0,0.0,47.53929977416992
2023-01-03 00:00:00-05:00,48.44699357101997,49.02461767413458,46.70495417958603,47.56680679321289,2887200,0.0,0.0,47.79051971435547
2023-01-04 00:00:00-05:00,48.5661843719183,49.40969578715614,47.91520965205732,48.12609100341797,2649800,0.0,0.0,47.86937026977539
2023-01-05 00:00:00-05:00,47.78685365847371,49.152979783165826,47.57597578641681,49.0429573059082,2111800,0.0,0.0,48.31679992675781
2023-01-06 00:00:00-05:00,49.51055789623573,51.408462335787306,48.740393522392225,51.26176452636719,2499100,0.0,0.0,48.846746826171874
2023-01-09 00:00:00-05:00,51.83021179245158,52.00441782450222,50.60161647650787,50.7391471862793,2025400,0.0,0.0,49.34735336303711
2023-01-10 00:00:00-05:00,50.89500973017719,51.79353759713613,50.57410941879977,51.766029357910156,1918400,0.0,0.0,50.187197875976565
2023-01-11 00:00:00-05:00,51.53681231403221,52.56370027492783,51.45429459391651,52.45367431640625,1618600,0.0,0.0,51.05271453857422
2023-01-12 00:00:00-05:00,52.84792427216912,53.51723310172043,52.16944836168737,52.96711730957031,2669700,0.0,0.0,51.83754653930664
2023-01-13 00:00:00-05:00,52.27030383606338,53.05880575723073,52.16028136957875,52.49951934814453,1268600,0.0,0.0,52.08509750366211
2023-01-17 00:00:00-05:00,52.19695926109649,52.38949946131304,51.22508418289897,52.242801666259766,2771500,0.0,0.0,52.3858283996582
2023-01-18 00:00:00-05:00,54.35158296844717,54.91086939670373,52.71040250383111,53.82897186279297,3945300,0.0,0.0,52.79841690063476
2023-01-19 00:00:00-05:00,53.71894576056851,54.00317424519305,52.40783279536499,53.35219955444336,2462800,0.0,0.0,52.97812194824219
2023-01-20 00:00:00-05:00,53.27885717449833,54.49828194840291,52.3344903310003,54.40659713745117,2185100,0.0,0.0,53.26601791381836
2023-01-23 00:00:00-05:00,55.52516651973258,58.44078809294408,55.460986456600025,57.97318649291992,4092400,0.0,0.0,54.36075134277344
2023-01-24 00:00:00-05:00,59.04592038706097,59.51352201469438,56.836282875391944,57.05632781982422,3787400,0.0,0.0,55.323456573486325
2023-01-25 00:00:00-05:00,55.97442986270442,57.73480689321573,55.42431400804224,57.07466506958008,4527700,0.0,0.0,55.97259521484375
2023-01-26 00:00:00-05:00,63.07094850835659,65.09721303234538,60.25618197112831,63.27265930175781,9520500,0.0,0.0,57.95668716430664
2023-01-27 00:00:00-05:00,62.60333939452865,64.16200907011033,62.60333939452865,63.254310607910156,3587500,0.0,0.0,59.72622985839844
2023-01-30 00:00:00-05:00,62.34662386160489,63.171801164676104,61.090520244979665,61.209716796875,2803000,0.0,0.0,60.37353591918945
2023-01-31 00:00:00-05:00,60.55875262075764,62.20910042492012,59.916944867663645,62.144920349121094,4584300,0.0,0.0,61.39125442504883
2023-02-01 00:00:00-05:00,62.26411657769482,65.18890229624076,61.934045619629515,64.6296157836914,3877400,0.0,0.0,62.902244567871094
2023-02-02 00:00:00-05:00,65.38143861120129,67.60941394730344,64.73963789508264,66.35331726074219,3689500,0.0,0.0,63.518376159667966
2023-02-03 00:00:00-05:00,64.71213573532734,66.44500473319695,64.6387850805246,64.9963607788086,1673600,0.0,0.0,63.86678619384766
2023-02-06 00:00:00-05:00,64.00615085348967,64.29038290508211,63.162639269965794,63.951141357421875,1616700,0.0,0.0,64.41507110595703
2023-02-07 00:00:00-05:00,64.07031173790173,65.60147653912107,63.65772665077838,65.37226104736328,2165200,0.0,0.0,65.06053924560547
2023-02-08 00:00:00-05:00,64.84049181335183,65.61065265512367,64.56543037266017,65.17056274414062,2091200,0.0,0.0,65.16872863769531
2023-02-09 00:00:00-05:00,66.22494214816913,66.81173324029862,63.34598917133801,63.99696731567383,2567200,0.0,0.0,64.69745864868165
2023-02-10 00:00:00-05:00,64.40956079390232,65.63815261723288,63.52937404097089,65.35392761230469,3299500,0.0,0.0,64.76897201538085
2023-02-13 00:00:00-05:00,65.11554064779367,65.61064700131247,64.75796500276937,65.39977264404297,1576000,0.0,0.0,65.05869827270507
2023-02-14 00:00:00-05:00,64.40956469281262,66.57335988124703,64.08866434603273,66.43582916259766,1234100,0.0,0.0,65.27141189575195
2023-02-15 00:00:00-05:00,65.53730417825034,66.2982943839833,65.29891808019656,65.98656463623047,1093000,0.0,0.0,65.43461227416992
2023-02-16 00:00:00-05:00,64.88631994334787,65.49145221429318,64.34537472698936,64.66627502441406,1214000,0.0,0.0,65.56847381591797
2023-02-17 00:00:00-05:00,64.65710313611557,65.12470470009174,63.40100671234076,64.4187240600586,1804400,0.0,0.0,65.38143310546874
2023-02-21 00:00:00-05:00,63.45601085034858,63.74023579908319,61.34723269100917,61.50309753417969,2095200,0.0,0.0,64.60209808349609
2023-02-22 00:00:00-05:00,61.39308305175133,61.65897389009489,60.21033014812756,60.8704719543457,1711900,0.0,0.0,63.489026641845705
2023-02-23 00:00:00-05:00,61.814827220520726,62.03487911157441,60.34784958900176,61.50309753417969,1679600,0.0,0.0,62.592333221435545
2023-02-24 00:00:00-05:00,59.28429964783972,61.429753347398474,59.275129069308605,60.59540557861328,1302600,0.0,0.0,61.77815933227539
2023-02-27 00:00:00-05:00,60.77878957239373,61.09051932938033,58.83503939819174,58.908390045166016,2633600,0.0,0.0,60.676092529296874
2023-02-28 00:00:00-05:00,58.94506201874466,59.66938387747055,58.725017085429926,59.19261169433594,2159700,0.0,0.0,60.213995361328124
2023-03-01 00:00:00-05:00,58.890055218781434,59.476846397772,58.18406749102231,58.78919982910156,1908400,0.0,0.0,59.7977409362793
2023-03-02 00:00:00-05:00,58.229912101060755,59.797748995137056,57.27637814786963,59.46767807006836,2793500,0.0,0.0,59.39065704345703
2023-03-03 00:00:00-05:00,59.63270850882661,59.7152227355909,58.73418062292461,59.2017822265625,2127400,0.0,0.0,59.111932373046876
2023-03-06 00:00:00-05:00,59.8252501000364,59.935276066733124,57.881503489893625,58.05570602416992,1829500,0.0,0.0,58.94139556884765
2023-03-07 00:00:00-05:00,57.707301106534025,57.95485430092603,56.67124941960445,56.973812103271484,2331500,0.0,0.0,58.49763565063476
2023-03-08 00:00:00-05:00,57.42307322001522,58.50497075742793,56.83628204668316,58.339935302734375,3477300,0.0,0.0,58.40778274536133
2023-03-09 00:00:00-05:00,57.881505085195165,59.431000767925866,57.881505085195165,57.99152755737305,2477600,0.0,0.0,58.112552642822266
2023-03-10 00:00:00-05:00,57.9915308624144,58.413286611092325,56.18531131159386,56.61623764038086,1646500,0.0,0.0,57.59544372558594
2023-03-13 00:00:00-04:00,55.93775170048819,56.3870156404484,55.030060236612044,55.323455810546875,2514300,0.0,0.0,57.04899368286133
2023-03-14 00:00:00-04:00,56.36867800275464,57.26720238548851,55.140082724822385,55.946922302246094,2090300,0.0,0.0,56.84361572265625
2023-03-15 00:00:00-04:00,54.74583877069687,55.3051252482781,53.957336752962775,54.87419891357422,2259300,0.0,0.0,56.15046844482422
2023-03-16 00:00:00-04:00,53.92982858178365,56.396186378048895,53.92982858178365,56.111961364746094,2279100,0.0,0.0,55.77455520629883
2023-03-17 00:00:00-04:00,56.35034724281338,57.07466918513754,55.66270062612497,55.97443389892578,5781300,0.0,0.0,55.64619445800781
2023-03-20 00:00:00-04:00,55.43348908049921,57.43224900346259,54.855868399107926,56.90047073364258,2243300,0.0,0.0,55.96159744262695
2023-03-21 00:00:00-04:00,57.6330502851239,57.901970913995015,56.6593595820546,57.5866813659668,1680100,0.7,0.0,56.28954925537109
2023-03-22 00:00:00-04:00,57.34557390959258,57.762869380919284,56.09369103306402,56.12150955200195,2025600,0.0,0.0,56.53901138305664
2023-03-23 00:00:00-04:00,56.4182534089164,57.976154176614415,56.214241499173305,57.123016357421875,2950300,0.0,0.0,56.7412223815918
2023-03-24 00:00:00-04:00,56.826277879580545,57.234301729141926,56.26988622329923,57.16011428833008,1758100,0.0,0.0,56.97835845947266
2023-03-27 00:00:00-04:00,57.697959858570776,57.939061954758564,57.16011155079935,57.50321960449219,2265900,0.0,0.0,57.098908233642575
2023-03-28 00:00:00-04:00,55.834039695631446,56.25133517550309,54.878899459720955,56.03805160522461,2594500,0.0,0.0,56.78918228149414
2023-03-29 00:00:00-04:00,57.49394390654895,59.29294668433586,57.35484424018155,59.15385055541992,2919100,0.0,0.0,57.395650482177736
2023-03-30 00:00:00-04:00,59.9884458405605,60.45210671222994,59.16312651752947,60.25736999511719,1667000,0.0,0.0,58.0225212097168
2023-03-31 00:00:00-04:00,60.22027425671902,61.397969718304154,60.071899386807374,61.31451416015625,2096800,0.0,0.0,58.85340118408203
2023-04-03 00:00:00-04:00,61.20322780826699,61.64834530528426,60.53555510019239,60.971397399902344,2112500,0.0,0.0,59.547036743164064
2023-04-04 00:00:00-04:00,61.073416915409744,61.138329161178525,59.951358338604216,60.59120559692383,1841600,0.0,0.0,60.45766754150391
2023-04-05 00:00:00-04:00,60.09045060695621,60.220275082457455,59.172400542773396,60.146087646484375,1405900,0.0,0.0,60.656114959716795
2023-04-06 00:00:00-04:00,59.70097017238197,60.1553629120483,59.38568418149838,59.719520568847656,1023700,0.0,0.0,60.54854507446289
2023-04-10 00:00:00-04:00,59.69170456603545,61.972915259177086,59.6175171268511,61.52779769897461,2317300,0.0,0.0,60.59120178222656
2023-04-11 00:00:00-04:00,61.8152632203106,62.53857295935827,61.62979464946339,62.01926803588867,1278200,0.0,0.0,60.80077590942383
2023-04-12 00:00:00-04:00,62.89096003920845,62.89096003920845,61.11050399878018,61.55561447143555,1805900,0.0,0.0,60.99365768432617
2023-04-13 00:00:00-04:00,61.40725165106951,61.48143909416164,59.441326858551975,60.60047912597656,2539100,0.0,0.0,61.08453598022461
2023-04-14 00:00:00-04:00,60.18318142086135,61.82453776260974,59.2094907787864,59.31149673461914,2600200,0.0,0.0,61.00293121337891
2023-04-17 00:00:00-04:00,59.04257314371177,60.03480711673271,58.76437733082349,59.580421447753906,1948700,0.0,0.0,60.61345596313477
2023-04-18 00:00:00-04:00,59.45060069797241,59.700974469052085,58.56964428738764,59.598968505859375,2579700,0.0,0.0,60.12939605712891
2023-04-19 00:00:00-04:00,58.47690791935753,58.643826109049776,57.24356835523721,58.29144287109375,2927600,0.0,0.0,59.47656173706055
2023-04-20 00:00:00-04:00,54.38742102097351,57.42903517130196,52.44931845873333,52.93152618408203,7959700,0.0,0.0,57.94277114868164
2023-04-21 00:00:00-04:00,52.02274965796207,52.606963361032435,50.372118046455775,52.31949234008789,5906600,0.0,0.0,56.54437026977539
2023-04-24 00:00:00-04:00,52.33803836551223,52.93152725775407,51.72600615120349,52.86661148071289,2325200,0.0,0.0,55.20160827636719
2023-04-25 00:00:00-04:00,52.53277878118287,52.72751550054224,51.9021997054415,52.01347732543945,2386500,0.0,0.0,53.6845100402832
2023-04-26 00:00:00-04:00,52.67187123568222,53.41372787950421,51.93001459186023,52.245304107666016,1939500,0.0,0.0,52.47528228759766
2023-04-27 00:00:00-04:00,52.310216292876156,52.85733623044372,51.735277836645466,52.671871185302734,2686800,0.0,0.0,52.4233512878418
2023-04-28 00:00:00-04:00,53.024257477322344,54.67488904568583,52.8666109417468,54.49869918823242,2891900,0.0,0.0,52.8591926574707
2023-05-01 00:00:00-04:00,54.47088090475964,54.79544210080888,54.062857072638614,54.30396270751953,2335800,0.0,0.0,53.146662902832034
2023-05-02 00:00:00-04:00,54.33178019403286,54.36887391214741,52.616236411928874,52.718238830566406,1876600,0.0,0.0,53.28761520385742
2023-05-03 00:00:00-04:00,52.95934240926603,53.54355606585756,51.735278058518126,51.85582733154297,2351400,0.0,0.0,53.209719848632815
2023-05-04 00:00:00-04:00,51.661091661090076,51.75382595464357,50.51121472063958,51.11397171020508,1841500,0.0,0.0,52.89813995361328
2023-05-05 00:00:00-04:00,51.846559683410455,52.40295132682618,50.94705644035163,51.8743782043457,1564400,0.0,0.0,52.37327575683594
2023-05-08 00:00:00-04:00,51.73527941879342,52.300946231919234,51.38289617599426,52.19894027709961,885100,0.0,0.0,51.95227127075195
2023-05-09 00:00:00-04:00,51.51271409886646,53.33953878023918,51.104693868932195,53.14480209350586,2185900,0.0,0.0,52.037583923339845
2023-05-10 00:00:00-04:00,53.78465617801441,53.877386928858016,52.78314708913678,53.10771179199219,2091100,0.0,0.0,52.287960815429685
2023-05-11 00:00:00-04:00,52.74605861833973,52.848064570039845,51.94856140044957,52.671871185302734,1562300,0.0,0.0,52.59954071044922
2023-05-12 00:00:00-04:00,53.37663837365,53.41372855322029,52.6347781830193,53.38591003417969,1853700,0.0,0.0,52.90184707641602
2023-05-15 00:00:00-04:00,54.53579468957522,56.67790571911351,53.90521560156389,56.62226867675781,2576500,0.0,0.0,53.786512756347655
2023-05-16 00:00:00-04:00,56.62226636796695,57.18792965441182,55.713491492877225,56.381160736083984,2061500,0.0,0.0,54.43378448486328
2023-05-17 00:00:00-04:00,56.84481678850597,57.33629967150763,55.871129757484084,56.69644546508789,1806700,0.0,0.0,55.15153121948242
2023-05-18 00:00:00-04:00,56.66863452806879,58.48618436744019,56.53881004489253,58.1894416809082,2010800,0.0,0.0,56.255045318603514
2023-05-19 00:00:00-04:00,58.21725408603565,58.4490845066235,57.19720165042972,57.73504638671875,1308100,0.0,0.0,57.12487258911133
2023-05-22 00:00:00-04:00,57.373399197915255,58.6809228040436,57.19720932810078,58.374908447265625,1307200,0.0,0.0,57.47540054321289
2023-05-23 00:00:00-04:00,58.72727900714522,58.98692792484609,57.70722311805386,57.8370475769043,1304500,0.0,0.0,57.766577911376956
2023-05-24 00:00:00-04:00,57.327029859457795,57.68868477317366,56.47389555402055,56.86336898803711,1443900,0.0,0.0,57.7999626159668
2023-05-25 00:00:00-04:00,57.28993572084646,57.71650640789022,55.240555533176455,55.741310119628906,2866500,0.0,0.0,57.31033630371094
2023-05-26 00:00:00-04:00,55.85259046040652,58.133801193301785,55.85259046040652,57.762874603271484,3603600,0.0,0.0,57.31590194702149
2023-05-30 00:00:00-04:00,57.52176778566199,57.697961184474806,55.45384068014892,56.566627502441406,2916200,0.0,0.0,56.95424575805664
2023-05-31 00:00:00-04:00,55.463115967531856,55.991689089912875,54.52651900510107,55.73203659057617,5061800,0.0,0.0,56.533243560791014
2023-06-01 00:00:00-04:00,56.102969010656075,57.076656195086166,55.982416185931754,56.844825744628906,2483500,0.0,0.0,56.529534912109376
2023-06-02 00:00:00-04:00,57.56812947445513,57.90196229551423,56.733538578178994,57.68867874145508,1715500,0.0,0.0,56.91900863647461
2023-06-05 00:00:00-04:00,57.401217373226864,57.63304780924563,56.42752671198668,56.43680191040039,1922000,0.0,0.0,56.65379409790039
2023-06-06 00:00:00-04:00,55.17564597395784,56.121514615148484,54.313236434562015,54.331783294677734,2864300,0.0,0.0,56.206825256347656
2023-06-07 00:00:00-04:00,54.776893583954816,55.37965411546701,52.91297848777446,54.990177154541016,5208100,0.0,0.0,56.05845336914062
2023-06-08 00:00:00-04:00,54.721257882237,55.64857968258806,53.63629307380319,55.52803039550781,2327600,0.0,0.0,55.7950942993164
2023-06-09 00:00:00-04:00,55.99168616450156,56.51098406113949,55.24982949969622,56.46461868286133,2142600,0.0,0.0,55.55028228759765
2023-06-12 00:00:00-04:00,56.65008186962751,58.829286414069145,56.622263351066174,58.80146789550781,2347200,0.0,0.0,56.02321548461914
2023-06-13 00:00:00-04:00,59.37640954112404,60.52628651118428,59.2836787826343,59.98844528198242,2341100,0.0,0.0,57.15454788208008
2023-06-14 00:00:00-04:00,60.10899559685043,60.80448690986932,59.33004518477119,60.544837951660156,1791000,0.0,0.0,58.265480041503906
2023-06-15 00:00:00-04:00,60.3315482576421,62.08418572555462,60.3315482576421,61.33305740356445,2613300,0.0,0.0,59.42648544311523
2023-06-16 00:00:00-04:00,61.64835465835489,61.71326689954914,59.32077502426893,59.626792907714844,4024200,0.0,0.0,60.058920288085936
2023-06-20 00:00:00-04:00,58.90489518981479,59.373659263292026,58.44550482419723,58.67051315307617,1950500,0.7,0.0,60.03272933959961
2023-06-21 00:00:00-04:00,58.02361482215426,58.604881255642795,57.54547705417203,57.72360610961914,1623300,0.0,0.0,59.57976150512695
2023-06-22 00:00:00-04:00,57.57360153862611,57.89236124155407,57.24546812813524,57.40484619140625,1311600,0.0,0.0,58.95176315307617
2023-06-23 00:00:00-04:00,56.82357696159809,57.2079633276937,56.42043960491419,56.551692962646484,1176400,0.0,0.0,57.99549026489258
2023-06-26 00:00:00-04:00,56.66419007510671,57.3579623569944,56.50481203446459,56.76731872558594,1419000,0.0,0.0,57.4235954284668
2023-06-27 00:00:00-04:00,57.029835040007804,58.42674988174564,56.25168501398252,58.2298698425293,2204000,0.0,0.0,57.33546676635742
2023-06-28 00:00:00-04:00,57.929866573186345,58.08924464567013,56.86108502993745,57.770484924316406,2101600,0.0,0.0,57.344842529296876
2023-06-29 00:00:00-04:00,57.86423042930957,58.65175410767426,57.47984408489262,58.07048416137695,1525800,0.0,0.0,57.477970123291016
2023-06-30 00:00:00-04:00,58.398623568242506,58.53925063105591,57.65797554438049,58.004859924316406,1534700,0.0,0.0,57.768603515625
2023-07-03 00:00:00-04:00,58.12674254916254,58.71738625709854,57.97673819531691,58.29549789428711,817800,0.0,0.0,58.074239349365236
2023-07-05 00:00:00-04:00,57.94861260534573,57.98611101094099,56.43919180627181,57.02045822143555,1555900,0.0,0.0,57.832357025146486
2023-07-06 00:00:00-04:00,56.19543249978047,57.086084901709555,56.02667715725135,57.02045822143555,1466000,0.0,0.0,57.682351684570314
2023-07-07 00:00:00-04:00,57.05796252017279,57.8079843083192,56.36419013089611,56.51419448852539,1139000,0.0,0.0,57.37109375
2023-07-10 00:00:00-04:00,56.045427554887546,57.179839251297906,55.92355147931803,56.6266975402832,1616800,0.0,0.0,57.09546127319336
2023-07-11 00:00:00-04:00,56.72045488608293,57.545480685814084,56.54232581939426,57.2454719543457,1190200,0.0,0.0,56.88545608520508
2023-07-12 00:00:00-04:00,58.126746630861426,58.614261709189826,56.43919663750074,57.770484924316406,1964800,0.0,0.0,57.03546142578125
2023-07-13 00:00:00-04:00,58.126741562750205,59.026767670550505,57.97673721145015,58.14549255371094,2255400,0.0,0.0,57.260468292236325
2023-07-14 00:00:00-04:00,57.76110809278252,58.67051151437168,57.48922407942696,57.72360610961914,2223100,0.0,0.0,57.502350616455075
2023-07-17 00:00:00-04:00,57.03920913695361,57.47984848368393,56.23293440735593,57.142337799072266,1859800,0.0,0.0,57.60547866821289
2023-07-18 00:00:00-04:00,56.67358013045227,57.74236170104767,56.67358013045227,57.55485534667969,1414800,0.0,0.0,57.667355346679685
2023-07-19 00:00:00-04:00,57.620473451408614,57.901731152872806,56.05480331488033,56.12042999267578,2138500,0.0,0.0,57.337344360351565
2023-07-20 00:00:00-04:00,55.6610475244565,56.20481559020374,55.40791448451067,55.595420837402344,1691100,0.0,0.0,56.82733001708984
2023-07-21 00:00:00-04:00,55.717295832162286,56.129806912832,54.7610167313323,55.886051177978516,2163300,0.0,0.0,56.45981903076172
2023-07-24 00:00:00-04:00,55.62354323650549,56.17668137567982,54.79851751680531,55.576663970947266,2393600,0.0,0.0,56.14668426513672
2023-07-25 00:00:00-04:00,55.28603002374447,55.679790086446936,54.5828839891595,54.60163497924805,2299300,0.0,0.0,55.55604019165039
2023-07-26 00:00:00-04:00,54.48913400138361,55.0797777256166,53.73911221146093,54.348506927490234,3603400,0.0,0.0,55.201655578613284
2023-07-27 00:00:00-04:00,54.873517875949666,59.84241960615254,54.17974909322957,58.267372131347656,9241400,0.0,0.0,55.736045837402344
2023-07-28 00:00:00-04:00,58.839263582837546,60.07680399877406,58.0798680900687,59.48616027832031,3232700,0.0,0.0,56.456067657470705
2023-07-31 00:00:00-04:00,60.12368312061995,60.986214532713056,59.49554091999142,59.533042907714844,2815500,0.0,0.0,57.24734344482422
2023-08-01 00:00:00-04:00,59.16739790097587,61.34246276781556,59.13927320292429,61.23933410644531,2991800,0.0,0.0,58.57488327026367
2023-08-02 00:00:00-04:00,60.836201626560026,61.50184576069362,60.22680689304352,60.948707580566406,3010600,0.0,0.0,59.89492340087891
2023-08-03 00:00:00-04:00,60.648697003151234,64.43631150571989,60.41431497071088,64.01441955566406,4846300,0.0,0.0,61.044332885742186
2023-08-04 00:00:00-04:00,63.94878454470203,63.958161827554605,62.14873248664451,62.617496490478516,2958000,0.0,0.0,61.67060012817383
2023-08-07 00:00:00-04:00,63.44252938249863,65.09258096019032,63.04876926878642,64.23005676269531,2696500,0.0,0.0,62.61000289916992
2023-08-08 00:00:00-04:00,63.75191861190067,64.0613046394768,62.045617546928355,62.87063980102539,1601500,0.0,0.0,62.93626403808594
2023-08-09 00:00:00-04:00,62.8425255367559,63.480045114873654,62.59876615762369,62.68314743041992,1620500,0.0,0.0,63.28315200805664
2023-08-10 00:00:00-04:00,63.030013420485766,63.592528815217236,62.57061952984041,62.95500946044922,1677900,0.0,0.0,63.07126998901367
2023-08-11 00:00:00-04:00,62.805005192365115,64.01441729538696,62.58937773568587,62.67375183105469,1922700,0.0,0.0,63.08252105712891
2023-08-14 00:00:00-04:00,62.76750153133458,63.6394029240171,62.579998778126715,63.57377624511719,1703800,0.0,0.0,62.95126495361328
2023-08-15 00:00:00-04:00,63.09564599344233,63.264401342908634,61.39871521470562,61.4080924987793,1958400,0.0,0.0,62.658755493164065
2023-08-16 00:00:00-04:00,60.92994597435889,61.40808728269479,60.114301148530366,60.179927825927734,2097700,0.0,0.0,62.158111572265625
2023-08-17 00:00:00-04:00,60.620565952240646,61.71747203246892,60.583063972646784,60.873695373535156,1995300,0.0,0.0,61.74184875488281
2023-08-18 00:00:00-04:00,59.94554677988112,60.75182511269195,59.65491535120655,60.329933166503906,1629400,0.0,0.0,61.273085021972655
2023-08-21 00:00:00-04:00,60.208057637139795,61.45497176637571,60.123676386020655,61.4080924987793,1113100,0.0,0.0,60.83994827270508
2023-08-22 00:00:00-04:00,62.204985653664544,62.345616293904335,61.56746628364609,61.77372360229492,1840000,0.0,0.0,60.9130744934082
2023-08-23 00:00:00-04:00,61.59559008557656,62.31749069035148,61.55809525797782,62.026859283447266,1283900,0.0,0.0,61.28246078491211
2023-08-24 00:00:00-04:00,62.27060904632962,62.364360417285475,60.82681504474186,60.8455696105957,2127900,0.0,0.0,61.27683563232422
2023-08-25 00:00:00-04:00,61.19246257379816,61.323723102578434,59.542414512522384,60.395565032958984,1507300,0.0,0.0,61.28996200561524
2023-08-28 00:00:00-04:00,60.62057107783834,61.998731392390084,60.53618982842474,61.942481994628906,878900,0.0,0.0,61.39683990478515
2023-08-29 00:00:00-04:00,61.87685651947259,62.692508566772645,61.62372707183987,62.251869201660156,1899700,0.0,0.0,61.492469024658206
2023-08-30 00:00:00-04:00,61.783107251165966,64.32380770958379,61.67060129682846,63.911293029785156,1627400,0.0,0.0,61.86935577392578
2023-08-31 00:00:00-04:00,64.5581926568571,66.52700045339719,64.24880663307682,66.36762237548828,3442000,0.0,0.0,62.9737663269043
2023-09-01 00:00:00-04:00,67.03325122158309,69.85521247158923,66.33948251241529,69.09580993652344,4548800,0.0,0.0,64.71381530761718
2023-09-05 00:00:00-04:00,68.48643668577,69.41458758492958,65.15820877226477,66.46137237548828,5134200,0.0,0.0,65.61759338378906
2023-09-06 00:00:00-04:00,66.01135573728853,67.27701721839935,65.62696579004502,66.7801284790039,2786500,0.0,0.0,66.52324523925782
2023-09-07 00:00:00-04:00,62.88000785980732,63.264397804839284,59.15802024839957,59.47677993774414,11692900,0.0,0.0,65.6363426208496
2023-09-08 00:00:00-04:00,59.64553521127425,61.3049603354486,59.44865517358894,61.28621292114258,10087300,0.0,0.0,64.62006072998047
2023-09-11 00:00:00-04:00,61.6799678322234,61.6799678322234,59.448650196121065,60.292423248291016,4318700,0.0,0.0,62.85938339233398
2023-09-12 00:00:00-04:00,60.07680427056612,60.40493768542161,58.717387767162265,58.80176544189453,2841000,0.0,0.0,61.32746200561523
2023-09-13 00:00:00-04:00,58.64237743646683,59.617407443925096,58.52987507449414,59.429901123046875,2706200,0.0,0.0,59.85741653442383
2023-09-14 00:00:00-04:00,59.56116175933846,60.3393118344193,59.27053032399804,60.236183166503906,2481200,0.0,0.0,60.00929718017578
2023-09-15 00:00:00-04:00,60.07680007087012,60.70494215722178,59.65491172670108,59.76741409301758,3973800,0.0,0.0,59.70553741455078
2023-09-18 00:00:00-04:00,59.75804357982094,60.81745135038093,59.61741293211985,60.21743392944336,1699300,0.0,0.0,59.69053955078125
2023-09-19 00:00:00-04:00,60.10493187591907,61.379970766235196,60.02055062072122,60.81745529174805,2535500,0.0,0.0,60.09367752075195
2023-09-20 00:00:00-04:00,61.22058562109421,62.28936704498862,61.2018310542068,61.529964447021484,2270900,0.0,0.0,60.51369018554688
2023-09-21 00:00:00-04:00,60.69557333869304,62.617508999462395,60.27368851207171,61.3612174987793,2506500,0.0,0.0,60.73869705200195
2023-09-22 00:00:00-04:00,61.98936127172597,62.82376071825933,61.51121993235984,61.783103942871094,2115600,0.0,0.0,61.14183502197265
2023-09-25 00:00:00-04:00,61.593586158892656,61.77363126266428,60.55123460827068,61.07240676879883,1827600,0.7,0.0,61.31282958984375
2023-09-26 00:00:00-04:00,60.835507826498954,61.906293249553464,60.00162803923407,60.09638595581055,2065600,0.0,0.0,61.16861572265625
2023-09-27 00:00:00-04:00,60.63651807416178,61.6883439687781,60.532282196324694,60.92079544067383,1557000,0.0,0.0,61.04678192138672
2023-09-28 00:00:00-04:00,60.740747515773876,62.4748455160784,60.53227938456601,62.2474250793457,2210100,0.0,0.0,61.2240234375
2023-09-29 00:00:00-04:00,62.740169841753364,62.84440571354893,62.001048008705,62.49379348754883,2034700,0.0,0.0,61.36616134643555
2023-10-02 00:00:00-04:00,62.61698985910623,63.39401635959807,62.25689964672524,62.72122573852539,2096800,0.0,0.0,61.69592514038086
2023-10-03 00:00:00-04:00,62.294803005151124,63.09078541108322,61.82100619172376,61.991573333740234,2138200,0.0,0.0,62.0749626159668
2023-10-04 00:00:00-04:00,61.93471606452081,62.72122045955387,61.51777258193651,62.51274871826172,1835600,0.0,0.0,62.39335327148437
2023-10-05 00:00:00-04:00,62.825451553916174,63.85832499234776,62.47483935843772,63.12868118286133,1728500,0.0,0.0,62.5696044921875
2023-10-06 00:00:00-04:00,62.313755194144264,63.34662871536346,62.06737884163965,62.588558197021484,1863700,0.0,0.0,62.588557434082034
2023-10-09 00:00:00-04:00,62.38008588536625,63.09078105645394,61.96314240486729,62.759124755859375,1622600,0.0,0.0,62.59613723754883
2023-10-10 00:00:00-04:00,62.73069577184944,63.94362169800041,62.72122504078271,63.09078598022461,2068500,0.0,0.0,62.8159797668457
2023-10-11 00:00:00-04:00,63.2613466184637,65.99041340514408,63.2613466184637,65.91460418701172,3240600,0.0,0.0,63.496350860595705
2023-10-12 00:00:00-04:00,66.20836703644069,66.4452654350159,64.9764924720235,65.71561431884766,2374100,0.0,0.0,64.01373748779297
2023-10-13 00:00:00-04:00,66.12308390817508,66.55897612073403,64.63536216307995,64.84383392333984,3446200,0.0,0.0,64.46479263305665
2023-10-16 00:00:00-04:00,65.00491445148864,65.8388013814672,64.77749402947853,65.3365707397461,2496800,0.0,0.0,64.98028182983398
2023-10-17 00:00:00-04:00,64.73012920782256,65.7819588886418,64.73012920782256,65.32711791992188,5386900,0.0,0.0,65.42754821777343
2023-10-18 00:00:00-04:00,64.86277858273921,65.1375815923999,64.09523008547116,64.8912124633789,3180200,0.0,0.0,65.22286987304688
2023-10-19 00:00:00-04:00,64.76801977765375,65.43133962170597,62.92969314769056,63.36558532714844,2892900,0.0,0.0,64.75286407470703
2023-10-20 00:00:00-04:00,63.583532218603075,64.05732904173658,62.67384318573464,63.19502258300781,2198000,0.0,0.0,64.42310180664063
2023-10-23 00:00:00-04:00,62.80649498566072,63.08129796366853,61.66938569627246,61.830474853515625,2148500,0.0,0.0,63.72188262939453
2023-10-24 00:00:00-04:00,63.11920791338403,65.34605134417562,63.05287665304778,64.53112030029297,4260300,0.0,0.0,63.56268310546875
2023-10-25 00:00:00-04:00,63.91518291236047,64.9764903052291,63.57404865142288,63.583526611328125,3147600,0.0,0.0,63.30114593505859
2023-10-26 00:00:00-04:00,65.85775280482237,66.63477923938012,60.75970202487671,62.389556884765625,5171000,0.0,0.0,63.10594024658203
2023-10-27 00:00:00-04:00,63.35611296986734,65.38396283298897,63.28978170255274,64.62588500976562,4000800,0.0,0.0,63.392112731933594
2023-10-30 00:00:00-04:00,65.30814737284946,65.857753380763,63.905712932146585,64.8343505859375,2985900,0.0,0.0,63.99288787841797
2023-10-31 00:00:00-04:00,64.13312791838932,64.97648554909617,63.42243279838481,64.67325592041016,3707600,0.0,0.0,64.02131500244141
2023-11-01 00:00:00-04:00,64.8343551323073,67.65818736132647,64.73959721419325,67.5065689086914,4662800,0.0,0.0,64.80592346191406
2023-11-02 00:00:00-04:00,68.22672933656882,68.61524612659296,67.04223750780895,68.04668426513672,2608100,0.0,0.0,65.93734893798828
2023-11-03 00:00:00-04:00,68.70053718200475,69.95136046634278,68.23621833429439,68.4920654296875,2313400,0.0,0.0,66.71058502197266
2023-11-06 00:00:00-05:00,68.13197188165934,68.6910485582986,66.87167083252295,67.4023208618164,2219600,0.0,0.0,67.22417907714843
2023-11-07 00:00:00-05:00,67.09909867909282,67.51604216522314,66.62530189196845,67.12752532958984,1868300,0.0,0.0,67.71503295898438
2023-11-08 00:00:00-05:00,67.288624933441,68.16040932813586,66.72007020775156,68.09407806396484,1777800,0.0,0.0,67.83253479003906
2023-11-09 00:00:00-05:00,68.10353818168853,69.23116937716259,67.85716188093161,68.22672271728516,2333600,0.0,0.0,67.86854248046875
2023-11-10 00:00:00-05:00,68.75738022051398,68.75738022051398,67.34546796728898,68.62471771240234,1964800,0.0,0.0,67.89507293701172
2023-11-13 00:00:00-05:00,68.56786801576878,69.02270885900288,67.91402617035932,68.67210388183594,2538600,0.0,0.0,68.14902954101562
2023-11-14 00:00:00-05:00,69.64812181507804,70.8894669788657,69.36384087502738,70.699951171875,2673200,0.0,0.0,68.86351470947265
2023-11-15 00:00:00-05:00,70.83262802798939,71.13585771832456,70.17878607119296,70.64311218261719,1891900,0.0,0.0,69.37332153320312
2023-11-16 00:00:00-05:00,70.4346457737115,71.67599128334429,70.4346457737115,71.62860870361328,1738800,0.0,0.0,70.05369873046875
2023-11-17 00:00:00-05:00,72.0171104360931,72.23506013552678,71.45803370684628,71.90339660644531,1478600,0.0,0.0,70.70943450927734
2023-11-20 00:00:00-05:00,71.90339992921456,73.20160576681656,71.72336206090877,73.02156066894531,1512500,0.0,0.0,71.57932586669922
2023-11-21 00:00:00-05:00,72.77520685726641,72.83206017190298,71.5622807183395,72.07398223876953,1725300,0.0,0.0,71.85413208007813
2023-11-22 00:00:00-05:00,72.12134843967311,73.27741377181803,72.12134843967311,72.53829193115234,936800,0.0,0.0,72.23316802978516
2023-11-24 00:00:00-05:00,71.67597492413893,72.43405264941288,71.67597492413893,72.0929183959961,647500,0.0,0.0,72.32602996826172
2023-11-27 00:00:00-05:00,72.49090684544396,74.04495969487651,72.37719301637631,73.49535369873047,1923400,0.0,0.0,72.64442138671875
2023-11-28 00:00:00-05:00,72.9457617629627,73.33427139691926,72.3013977970364,72.91732788085938,1279100,0.0,0.0,72.62357482910156
2023-11-29 00:00:00-05:00,74.24395755736994,74.89779945873472,73.8364920177545,74.36714935302734,2052800,0.0,0.0,73.08220825195312
2023-11-30 00:00:00-05:00,74.3861037472288,75.2578881961769,73.89335821551735,74.95465850830078,3095200,0.0,0.0,73.56548156738282
2023-12-01 00:00:00-05:00,74.77460946900736,75.23892827782282,74.15867222409258,75.03045654296875,2030000,0.0,0.0,74.15298919677734
2023-12-04 00:00:00-05:00,74.50927148844048,75.08730407997568,74.01652606805794,74.47136688232422,1450100,0.0,0.0,74.34819183349609
2023-12-05 00:00:00-05:00,74.04495659501549,74.25342832479606,72.84151601341593,72.92679595947266,1808000,0.0,0.0,74.35008544921875
2023-12-06 00:00:00-05:00,74.04495398256371,75.20101918542065,73.63748849679553,73.73224639892578,2522800,0.0,0.0,74.22310485839844
2023-12-07 00:00:00-05:00,74.13025604149938,75.40002809007362,74.00706423738345,74.65142822265625,2238400,0.0,0.0,74.16245880126954
2023-12-08 00:00:00-05:00,74.36715354948065,76.5181879746953,74.272388399915,76.36656951904297,2360000,0.0,0.0,74.42968139648437
2023-12-11 00:00:00-05:00,76.75507595756162,78.39441594605884,76.7266493083818,77.69319152832031,2399900,0.0,0.0,75.0740463256836
2023-12-12 00:00:00-05:00,77.75005333742494,78.29965209960938,77.02988021822102,78.29965209960938,2107800,0.0,0.0,76.14861755371093
2023-12-13 00:00:00-05:00,77.93957850877354,80.99083124967734,77.87324724177849,80.95292663574219,3645200,0.0,0.0,77.59275360107422
2023-12-14 00:00:00-05:00,82.0047492906603,83.32190378865428,80.66863887250746,80.85816192626953,3462000,0.0,0.0,78.83410034179687
2023-12-15 00:00:00-05:00,80.39383981472818,80.94344585328048,79.62629129060332,79.86318969726562,5120500,0.0,0.0,79.5334243774414
2023-12-18 00:00:00-05:00,79.90108376989875,80.28960057576606,79.26619785888914,79.56942749023438,1953000,0.0,0.0,79.90867156982422
2023-12-19 00:00:00-05:00,79.3041189837243,80.2327567601984,79.19988309846775,79.50311279296875,1426300,0.0,0.0,80.1493637084961
2023-12-20 00:00:00-05:00,79.28332571643784,79.67510405229336,78.1844231708283,78.21308898925781,1890600,0.7,0.0,79.60139617919921
2023-12-21 00:00:00-05:00,79.79933184598094,81.54801237332994,79.60821424026574,81.50979614257812,2041900,0.0,0.0,79.73172302246094
2023-12-22 00:00:00-05:00,81.62445665290669,81.91112940658098,81.07022655067821,81.37601470947266,1003500,0.0,0.0,80.03428802490234
2023-12-26 00:00:00-05:00,81.37601516977546,82.19779533481551,81.26134460957891,82.0544662475586,938400,0.0,0.0,80.53129577636719
2023-12-27 00:00:00-05:00,82.42714735393818,82.522702521541,81.55757856085084,81.87291717529297,962500,0.0,0.0,81.00525665283203
2023-12-28 00:00:00-05:00,81.98758522619387,82.97181727394259,81.9015804747251,82.93359375,1589200,0.0,0.0,81.94935760498046
2023-12-29 00:00:00-05:00,82.72336721953329,83.11515286839075,81.38557305594948,81.57669067382812,1295800,0.0,0.0,81.96273651123047
2024-01-02 00:00:00-05:00,80.93644492126242,81.03200736259201,78.66220025119792,79.01576232910156,2011400,0.0,0.0,81.49068603515624
2024-01-03 00:00:00-05:00,77.69708150248138,78.69087117561664,76.51218151506254,76.85618591308594,2874600,0.0,0.0,80.45102996826172
2024-01-04 00:00:00-05:00,76.29240676501472,77.75442926800883,76.26374094365264,77.18108367919922,1361600,0.0,0.0,79.51266326904297
2024-01-05 00:00:00-05:00,77.52507457033582,78.18441750802438,76.26372761805601,76.71284484863281,1395200,0.0,0.0,78.26851348876953
2024-01-08 00:00:00-05:00,76.51218329602925,77.74486453590758,76.51218329602925,77.38175201416016,2167300,0.0,0.0,77.42952575683594
2024-01-09 00:00:00-05:00,76.39750570703087,76.69373615134066,75.8719487336386,76.55039978027344,1471700,0.0,0.0,76.93645324707032
2024-01-10 00:00:00-05:00,76.42618120986386,79.07309614495,76.17773197825002,78.98709869384766,2260200,0.0,0.0,77.36263580322266
2024-01-11 00:00:00-05:00,77.84997155145575,78.20352634359567,75.8623923081964,78.10797119140625,2752000,0.0,0.0,77.54801330566406
2024-01-12 00:00:00-05:00,78.748213667183,79.1495497195819,78.24175745966073,79.10176849365234,2112600,0.0,0.0,78.02579803466797
2024-01-16 00:00:00-05:00,79.89488844795075,81.57668695669132,78.70043072960486,81.04156494140625,3012300,0.0,0.0,78.75776062011718
2024-01-17 00:00:00-05:00,80.94600559361237,80.9937868160304,78.77687369710624,79.62732696533203,2412400,0.0,0.0,79.3731460571289
2024-01-18 00:00:00-05:00,80.94600082184614,82.46535466240348,79.42665427167933,80.23888397216797,1720000,0.0,0.0,79.62350311279297
2024-01-19 00:00:00-05:00,80.84088680996356,81.64356608731595,80.13376997044132,81.62445068359375,2327300,0.0,0.0,80.32679901123046
2024-01-22 00:00:00-05:00,83.12469213952969,84.46248612379675,82.08312860067012,83.22980499267578,4171400,0.0,0.0,81.15240631103515
2024-01-23 00:00:00-05:00,83.65982336503654,85.33206420781826,82.92403331159333,85.26517486572266,4020500,0.0,0.0,81.99712829589843
2024-01-24 00:00:00-05:00,86.11561684771044,86.26850362789807,84.1375953745462,85.20782470703125,3775900,0.0,0.0,83.11322784423828
2024-01-25 00:00:00-05:00,87.14762846241459,87.14762846241459,82.65647055094728,86.94696044921875,5756700,0.0,0.0,84.45484313964843
2024-01-26 00:00:00-05:00,86.85141914885912,87.95032183580656,85.43718512823864,86.42141723632812,3071000,0.0,0.0,85.41423645019532
2024-01-29 00:00:00-05:00,86.65073940462082,87.5203008164497,84.4624920303387,84.69182586669922,2648300,0.0,0.0,85.706640625
2024-01-30 00:00:00-05:00,84.85428539417444,85.21739794239966,83.31582315790696,83.69804382324219,2406100,0.0,0.0,85.39321441650391
2024-01-31 00:00:00-05:00,83.46871107447542,83.87960485652039,81.59580208597038,81.87291717529297,5221000,0.0,0.0,84.72623291015626
2024-02-01 00:00:00-05:00,82.06401934248927,83.62159685191511,82.06401934248927,82.94314575195312,2001900,0.0,0.0,83.92546997070312
2024-02-02 00:00:00-05:00,82.79981137700638,84.06115844941824,82.12136026059612,83.63114929199219,2160200,0.0,0.0,83.36741638183594
2024-02-05 00:00:00-05:00,83.29669076946635,83.31580617307135,81.3377847425961,81.70089721679688,2095600,0.0,0.0,82.76923065185547
2024-02-06 00:00:00-05:00,82.21691757973439,82.91447683038528,81.67224513167332,82.36980438232422,2560000,0.0,0.0,82.50358276367187
2024-02-07 00:00:00-05:00,82.6469079326288,83.44002952598504,81.53845507465785,82.90491485595703,1818600,0.0,0.0,82.7099822998047
2024-02-08 00:00:00-05:00,82.84757675676303,84.33826480868952,81.9780154093307,83.7840347290039,1670600,0.0,0.0,82.87816009521484
2024-02-09 00:00:00-05:00,83.82225534398458,85.4944959369014,83.46869327979876,85.43716430664062,1536700,0.0,0.0,83.23936309814454
2024-02-12 00:00:00-05:00,85.36072121531078,86.63162587432136,85.03582495124914,85.14093780517578,1599800,0.0,0.0,83.92737121582032
2024-02-13 00:00:00-05:00,83.45914242686943,83.85092804017704,82.22646853276306,83.28714752197266,2040700,0.0,0.0,84.11083984375
2024-02-14 00:00:00-05:00,84.18537900096854,84.27138374817314,82.32202786610193,82.95269775390625,1854000,0.0,0.0,84.12039642333984
2024-02-15 00:00:00-05:00,83.00046752015753,84.56759525579066,82.95268630159697,84.24270629882812,1299700,0.0,0.0,84.21213073730469
2024-02-16 00:00:00-05:00,84.29049229247728,84.7491672689868,83.22025554088272,83.63114929199219,1797500,0.0,0.0,83.850927734375
2024-02-20 00:00:00-05:00,83.28715200581756,83.47826232625216,81.73913216488822,82.91447448730469,1781100,0.0,0.0,83.40563507080078
2024-02-21 00:00:00-05:00,82.10223769233419,82.24557406563935,80.21977130589033,81.1275634765625,1928200,0.0,0.0,82.97371826171874
2024-02-22 00:00:00-05:00,82.47490771051189,84.47204464936334,82.1977926668248,84.10892486572266,2214400,0.0,0.0,83.20496368408203
2024-02-23 00:00:00-05:00,84.30005070289326,84.49116102531393,83.16292460043327,84.07071685791016,1461900,0.0,0.0,83.17056579589844
2024-02-26 00:00:00-05:00,84.26182217821871,85.76206072037452,83.83182033310307,84.72049713134766,2134200,0.0,0.0,83.38843536376953
2024-02-27 00:00:00-05:00,86.73673491892973,88.86765060904777,85.94362056709457,86.66984558105469,3381400,0.0,0.0,84.13950958251954
2024-02-28 00:00:00-05:00,86.10605675759416,87.87385247987979,86.10605675759416,87.5394058227539,1979600,0.0,0.0,85.42187805175782
2024-02-29 00:00:00-05:00,88.36121323984594,89.28811367862596,88.1223216748157,88.91544342041016,2184700,0.0,0.0,86.38318176269532
2024-03-01 00:00:00-05:00,90.77878517994094,93.78882004135407,89.9378895838676,92.84281158447266,5101500,0.0,0.0,88.13760070800781
2024-03-04 00:00:00-05:00,93.19636096782304,95.48972107577596,92.46057827542684,94.00859069824219,3563000,0.0,0.0,89.99521942138672
2024-03-05 00:00:00-05:00,93.06258990453864,94.40994172087646,92.73770090196696,94.24748992919922,2392400,0.0,0.0,91.51074829101563
2024-03-06 00:00:00-05:00,95.54706149759163,96.76063464406128,88.83899003746622,89.95700073242188,5282100,0.0,0.0,91.99426727294922
2024-03-07 00:00:00-05:00,90.42521889140968,90.75967286417027,87.28140549635272,89.64165496826172,4626700,0.0,0.0,92.13950958251954
2024-03-08 00:00:00-05:00,89.22121164772146,90.6832266513935,88.35164297524722,88.57142639160156,2746900,0.0,0.0,91.28523254394531
2024-03-11 00:00:00-04:00,87.26229922657818,87.82608703768375,86.10606507714769,87.66363525390625,2602100,0.0,0.0,90.01624145507813
2024-03-12 00:00:00-04:00,88.17963313843029,88.62875034437367,86.71761826147612,87.0616226196289,2893900,0.0,0.0,88.57906799316406
2024-03-13 00:00:00-04:00,86.46917145613355,86.52651037768184,84.49114998689487,84.73004150390625,3737300,0.0,0.0,87.53367614746094
2024-03-14 00:00:00-04:00,84.16626928291126,84.21404321676758,81.47157299819094,81.94935607910156,3321400,0.0,0.0,85.9952163696289
2024-03-15 00:00:00-04:00,81.15622694184138,82.21690586702188,80.88866960763198,82.18824005126953,6079500,0.0,0.0,84.7185791015625
2024-03-18 00:00:00-04:00,82.80936005345649,83.27758539169355,81.32822971220438,81.59578704833984,2265400,0.0,0.0,83.50500946044922
2024-03-19 00:00:00-04:00,80.87912272292543,82.98136545035985,80.46822896460789,82.7233657836914,1894200,0.0,0.0,82.63735809326172
2024-03-20 00:00:00-04:00,82.96420977797995,84.6404469259025,82.31875576226771,84.21656799316406,2319100,0.7,0.0,82.53466339111328
2024-03-21 00:00:00-04:00,88.00254978412882,88.11815512465117,84.89091470407126,85.20881652832031,3747600,0.0,0.0,83.18655548095703
2024-03-22 00:00:00-04:00,85.5556230822517,86.33594624927433,84.43813421748305,85.74829864501953,2454100,0.0,0.0,83.89856719970703
2024-03-25 00:00:00-04:00,85.42075814830955,85.75793121279085,84.40923895486561,84.97761535644531,1835000,0.0,0.0,84.57493286132812
2024-03-26 00:00:00-04:00,90.07377387609,94.36070455914088,89.3608925899941,91.24906921386719,7346800,0.0,0.0,86.28007354736329
2024-03-27 00:00:00-04:00,92.15461512817518,92.80006172060715,89.91962271888039,91.11418914794922,2762500,0.0,0.0,87.65959777832032
2024-03-28 00:00:00-04:00,91.09492073343176,91.17199096023607,88.36862944607677,89.6402587890625,3296300,0.0,0.0,88.54588623046875
2024-04-01 00:00:00-04:00,89.73659391032982,90.88298231024012,88.34935921148276,88.41679382324219,2672700,0.0,0.0,89.07958526611328
2024-04-02 00:00:00-04:00,86.58641882486903,87.64611611124488,85.94097218667403,86.92359924316406,3246200,0.0,0.0,89.46878204345703
2024-04-03 00:00:00-04:00,86.40338775661021,89.30308354700018,86.36485264098029,88.27229309082031,2585000,0.0,0.0,88.87342681884766
2024-04-04 00:00:00-04:00,89.65953093116967,90.77702727332286,87.27040512887574,87.4341812133789,2281200,0.0,0.0,88.13742523193359
2024-04-05 00:00:00-04:00,88.03145447858691,88.03145447858691,86.36485298247766,86.69239044189453,2598100,0.0,0.0,87.5478515625
2024-04-08 00:00:00-04:00,87.97364358949643,88.66726088018648,85.47855581585286,85.88316345214844,2612900,0.0,0.0,87.04112548828125
2024-04-09 00:00:00-04:00,86.74055821211144,87.62684379537463,84.61154274913675,86.2492446899414,2816700,0.0,0.0,86.90625457763672
2024-04-10 00:00:00-04:00,85.32441887790698,85.60379292867688,83.16650404588223,84.76567077636719,3200200,0.0,0.0,86.20493011474609
2024-04-11 00:00:00-04:00,84.89090719755083,85.5941527448682,84.18765430041275,85.52671813964844,1970600,0.0,0.0,85.8234375
2024-04-12 00:00:00-04:00,84.17801163739426,84.44775738550881,81.98156199434521,82.06826782226562,2529700,0.0,0.0,84.89861297607422
2024-04-15 00:00:00-04:00,83.50368122957423,83.90828890254537,80.24754126403944,80.80628204345703,2925200,0.0,0.0,83.88323669433593
2024-04-16 00:00:00-04:00,80.47874771381511,81.60587228207298,79.97779856137487,80.61361694335938,2454000,0.0,0.0,82.75611114501953
2024-04-17 00:00:00-04:00,81.8370645109894,83.13760059754101,80.96041463801292,81.11454772949219,3465900,0.0,0.0,82.02588653564453
2024-04-18 00:00:00-04:00,80.71958119305742,82.07790901261856,80.2571671875724,80.38240814208984,1811700,0.0,0.0,80.99702453613281
2024-04-19 00:00:00-04:00,80.70031005885077,81.2012591778812,79.29381150896295,79.43831634521484,2883500,0.0,0.0,80.47103424072266
2024-04-22 00:00:00-04:00,79.59245866518135,82.51142555672764,79.51538843739536,82.05864715576172,3562900,0.0,0.0,80.7215072631836
2024-04-23 00:00:00-04:00,82.51142617322644,84.40923828516316,82.47289105904552,83.35917663574219,6008700,0.0,0.0,81.27061920166015
2024-04-24 00:00:00-04:00,84.35143013671818,87.66537638725619,80.28606755026081,83.91792297363281,7274500,0.0,0.0,81.83129425048828
2024-04-25 00:00:00-04:00,82.75226682565054,84.90054619919371,81.36503208590564,84.06243133544922,3166500,0.0,0.0,82.56729888916016
2024-04-26 00:00:00-04:00,84.3996067599566,84.48630525869976,82.02975224662592,82.88713836669922,3637400,0.0,0.0,83.25706329345704
2024-04-29 00:00:00-04:00,82.82934032215549,83.82159568492416,82.23205704124977,82.92567443847656,2050400,0.0,0.0,83.43046875
2024-04-30 00:00:00-04:00,82.30912344501992,83.46514748673562,82.27058833031985,82.76190185546875,2113000,0.0,0.0,83.3110137939453
2024-05-01 00:00:00-04:00,83.78305410393058,84.56336994069244,81.24942367622597,82.66555786132812,2047700,0.0,0.0,83.06054077148437
2024-05-02 00:00:00-04:00,83.46514853444822,83.55185438106717,81.37466814702407,83.12797546386719,1415500,0.0,0.0,82.87364959716797
2024-05-03 00:00:00-04:00,84.57300657132707,84.678976297322,83.50368104524844,84.29363250732422,1655400,0.0,0.0,83.15494842529297
2024-05-06 00:00:00-04:00,84.84274584059578,87.63647915784415,84.77531122793006,86.5575180053711,1932600,0.0,0.0,83.88131713867188
2024-05-07 00:00:00-04:00,86.82725636607856,87.52087372410537,86.13364635787329,86.22998046875,1305900,0.0,0.0,84.57493286132812
2024-05-08 00:00:00-04:00,85.5074684195653,86.88506759703169,85.5074684195653,86.75019836425781,913300,0.0,0.0,85.39186096191406
2024-05-09 00:00:00-04:00,86.86579538502775,88.56130374199323,86.49008719084533,88.31082916259766,1740100,0.0,0.0,86.42843170166016
2024-05-10 00:00:00-04:00,89.01407534499785,90.60361384844485,88.91774123717528,90.56507873535156,2789100,0.0,0.0,87.68272094726562
2024-05-13 00:00:00-04:00,91.08529475750754,91.11419425583041,89.06224167704835,89.7365951538086,2008400,0.0,0.0,88.31853637695312
2024-05-14 00:00:00-04:00,91.07566133285346,93.06980761314989,90.2182752294781,92.69409942626953,2353500,0.0,0.0,89.61136016845703
2024-05-15 00:00:00-04:00,93.67670832522938,95.29514623176583,93.24320119036926,95.10247802734375,2872300,0.0,0.0,91.28181610107421
2024-05-16 00:00:00-04:00,95.27587870474034,95.56488100031241,94.42812099815947,94.64006042480469,1854600,0.0,0.0,92.54766235351562
2024-05-17 00:00:00-04:00,94.8905503775097,94.8905503775097,91.30686547154494,91.7789077758789,2661000,0.0,0.0,92.7904281616211
2024-05-20 00:00:00-04:00,91.73073433865927,93.58037558743445,91.68256361194098,93.26246643066406,1486900,0.0,0.0,93.49560241699218
2024-05-21 00:00:00-04:00,90.28570268780604,91.49953299911608,89.64025609481764,90.17009735107422,3084300,0.0,0.0,92.99080200195313
2024-05-22 00:00:00-04:00,90.59397809420886,91.58623336792479,90.20863431368642,91.20088958740234,2129500,0.0,0.0,92.21048431396484
2024-05-23 00:00:00-04:00,92.4821493309096,93.21430173772916,89.6017177794905,90.03522491455078,1841000,0.0,0.0,91.28951721191406
2024-05-24 00:00:00-04:00,90.53617579058727,91.20088625412735,89.58244831494193,90.73847961425781,1301700,0.0,0.0,91.08143157958985
2024-05-28 00:00:00-04:00,91.51881050770298,93.36845207190132,91.09493155972419,93.2913818359375,2979600,0.0,0.0,91.08721466064453
2024-05-29 00:00:00-04:00,91.80781441667139,92.82896925429137,89.94853735300262,90.80592346191406,3602500,0.0,0.0,91.2143798828125
2024-05-30 00:00:00-04:00,91.09491288899228,92.28947925212758,88.95626205317669,90.27606201171875,2273400,0.0,0.0,91.02941436767578
2024-05-31 00:00:00-04:00,90.41094323795315,91.29722883820781,87.12590367729253,89.82329559326172,3589700,0.0,0.0,90.98702850341797
2024-06-03 00:00:00-04:00,90.19901349466463,90.48802321492236,87.23188280248796,87.9832992553711,2696900,0.0,0.0,90.43599243164063
2024-06-04 00:00:00-04:00,87.57868812558308,89.01408635418578,86.95250532255864,88.48423767089844,3724000,0.0,0.0,89.47456359863281
2024-06-05 00:00:00-04:00,89.59208612212322,94.10059139516486,89.59208612212322,93.06016540527344,2962900,0.0,0.0,89.92541198730468
2024-06-06 00:00:00-04:00,92.70372990943179,93.05053122826939,91.26832450588518,92.4821548461914,1440400,0.0,0.0,90.36663055419922
2024-06-07 00:00:00-04:00,92.24131845795895,93.58038244079896,91.595871831662,92.58812713623047,1779200,0.0,0.0,90.91959686279297
2024-06-10 00:00:00-04:00,91.96194662836788,95.90207579405597,91.52843944489769,95.8731689453125,2231800,0.0,0.0,92.49757080078125
2024-06-11 00:00:00-04:00,95.3722228786057,98.04071517371194,94.92908009872407,97.91548156738281,2768600,0.0,0.0,94.38381958007812
2024-06-12 00:00:00-04:00,99.32197755124044,101.42209340552645,98.32972229276137,99.08113861083984,3311800,0.0,0.0,95.5880142211914
2024-06-13 00:00:00-04:00,99.08114469141834,101.15236117593757,98.94627546450282,100.92115783691406,1964000,0.0,0.0,97.27581481933593
2024-06-14 00:00:00-04:00,99.55318143943133,100.26606999892246,99.2352796221677,100.05413055419922,1311300,0.0,0.0,98.76901550292969
2024-06-17 00:00:00-04:00,100.59361827852919,102.85750310524975,99.93853599230407,102.0964584350586,2086700,0.0,0.0,100.0136734008789
2024-06-18 00:00:00-04:00,102.26985517329452,103.95572782193257,101.65330069995684,102.1060791015625,2848900,0.0,0.0,100.85179290771484
2024-06-20 00:00:00-04:00,101.93151651656406,102.33881411000124,99.24527605790405,99.51681518554688,3109500,0.7,0.0,100.93892822265624
2024-06-21 00:00:00-04:00,99.50711730253336,100.61264358959897,97.95550211004519,99.96290588378906,3420600,0.0,0.0,100.74727783203124
2024-06-24 00:00:00-04:00,99.69138090946849,100.6126504115945,98.95436086855648,100.20535278320312,1784800,0.0,0.0,100.77752227783203
2024-06-25 00:00:00-04:00,100.61264309619575,101.03934004654431,98.91556236927197,100.60294342041016,2274100,0.0,0.0,100.47881927490235
2024-06-26 00:00:00-04:00,100.48658522493615,100.8550915497643,98.7313136966659,99.64289093017578,1953300,0.0,0.0,99.986181640625
2024-06-27 00:00:00-04:00,99.59439083528513,101.17510503378764,98.71191271226789,100.95205688476562,1366800,0.0,0.0,100.27322998046876
2024-06-28 00:00:00-04:00,101.31088042813458,102.2806409263096,100.00170523533538,100.14716339111328,1550000,0.0,0.0,100.3100814819336
2024-07-01 00:00:00-04:00,99.88533342032214,100.23444779892878,98.71192408060529,99.34226989746094,1298000,0.0,0.0,100.13746490478516
2024-07-02 00:00:00-04:00,99.16770384537543,100.84538524942828,98.92526373738173,100.01139068603516,1102600,0.0,0.0,100.01915435791015
2024-07-03 00:00:00-04:00,100.01139965106148,100.21504847218908,98.14946123044999,98.30462646484375,1059800,0.0,0.0,99.75150146484376
2024-07-05 00:00:00-04:00,98.40159778037989,99.23559239093115,98.0136921059189,98.95436096191406,1548500,0.0,0.0,99.35196228027344
2024-07-08 00:00:00-04:00,99.7204751898301,101.34967314536873,99.43924375360601,100.30233001708984,2001000,0.0,0.0,99.38299560546875
2024-07-09 00:00:00-04:00,100.27323429515621,101.80545761676294,99.86593667255754,101.19450378417969,1618100,0.0,0.0,99.7534423828125
2024-07-10 00:00:00-04:00,101.82484417571554,103.74497306416465,101.44663820352909,103.50253295898438,2067500,0.0,0.0,100.45167083740235
2024-07-11 00:00:00-04:00,103.76436179047386,103.76436179047386,101.8248410093435,102.90127563476562,1584300,0.0,0.0,101.37100067138672
2024-07-12 00:00:00-04:00,103.21159807212489,105.67479033788202,102.61034396989479,103.86133575439453,2040600,0.0,0.0,102.3523956298828
2024-07-15 00:00:00-04:00,104.10377569026342,105.65539082414551,102.95945814177202,105.64569854736328,2212100,0.0,0.0,103.4210693359375
2024-07-16 00:00:00-04:00,105.99482335779855,106.31483869299944,104.9183886337707,105.42266082763672,1933500,0.0,0.0,104.2667007446289
2024-07-17 00:00:00-04:00,103.67709260402071,103.67709260402071,101.3593583364145,101.7375717163086,2825000,0.0,0.0,103.91370849609375
2024-07-18 00:00:00-04:00,102.57155472045547,102.57155472045547,99.38104950074462,100.34111022949219,2237600,0.0,0.0,103.40167541503907
2024-07-19 00:00:00-04:00,100.81630304619124,101.11692644063136,99.37136193908417,99.52651977539062,1977200,0.0,0.0,102.53471221923829
2024-07-22 00:00:00-04:00,100.99084983698022,103.03704492095227,100.27322919575076,102.96916198730469,2310900,0.0,0.0,101.99940490722656
2024-07-23 00:00:00-04:00,101.9897100911464,103.36676822656678,101.3399723313096,102.11578369140625,3793900,0.0,0.0,101.33802947998046
2024-07-24 00:00:00-04:00,105.70389311575477,110.13569824677064,103.91953737049081,106.21786499023438,9398100,0.0,0.0,102.23408813476563
2024-07-25 00:00:00-04:00,105.51964431057726,105.77178412815474,100.5059839841934,100.8163070678711,4194900,0.0,0.0,102.32912750244141
2024-07-26 00:00:00-04:00,101.83455253229857,102.552173233173,99.7689579249256,100.54476928710938,3069200,0.0,0.0,102.53277740478515
2024-07-29 00:00:00-04:00,100.93267437302848,101.14602286630523,98.29492463558032,100.25383758544922,2977500,0.0,0.0,101.98971252441406
2024-07-30 00:00:00-04:00,100.3702115251591,100.56416066525045,95.65717491382202,96.10326385498047,3058400,0.0,0.0,100.7872085571289
2024-07-31 00:00:00-04:00,99.25498626409625,99.6719835774335,97.17969937409755,99.08042907714844,2670500,0.0,0.0,99.35972137451172
2024-08-01 00:00:00-04:00,98.94466472756616,101.03935100331562,95.14320526270856,96.0159912109375,3437000,0.0,0.0,98.399658203125
2024-08-02 00:00:00-04:00,92.61213612640545,93.25218166566408,90.62412396212333,91.71025848388672,4204800,0.0,0.0,96.63275604248047
2024-08-05 00:00:00-04:00,87.85060075619663,91.06051306468486,87.27844560857612,89.74163818359375,3365600,0.0,0.0,94.53031616210937
2024-08-06 00:00:00-04:00,90.56592891764701,92.98063039541832,90.29439717218649,90.84716033935547,3209100,0.0,0.0,93.47909545898438
2024-08-07 00:00:00-04:00,91.80722561863034,92.43757142926746,89.25675814328476,89.31494140625,3288400,0.0,0.0,91.52599792480468
2024-08-08 00:00:00-04:00,89.50889712326294,92.7285016878115,88.44215465415024,92.56363677978516,2332500,0.0,0.0,90.83552703857421
2024-08-09 00:00:00-04:00,92.33088693977092,94.05705927066629,91.42900947042074,93.3685302734375,1483600,0.0,0.0,91.16718139648438
2024-08-12 00:00:00-04:00,93.10670133910484,94.15403698481452,92.22421579280427,92.93214416503906,1284500,0.0,0.0,91.80528259277344
2024-08-13 00:00:00-04:00,94.25102361956142,95.25957540875217,93.78553533274827,95.23047637939453,1637500,0.0,0.0,92.68194580078125
2024-08-14 00:00:00-04:00,95.83172705215485,95.9965845524184,93.76613996409822,94.12494659423828,2176000,0.0,0.0,93.64394683837891
2024-08-15 00:00:00-04:00,95.87052658736577,97.13121823583572,95.24988044006277,96.59784698486328,2196900,0.0,0.0,94.45078887939454
2024-08-16 00:00:00-04:00,97.17000013413156,99.4683352061598,96.35540485717098,98.65373992919922,2494400,0.0,0.0,95.50783081054688
2024-08-19 00:00:00-04:00,98.48888024094545,100.84539870092121,97.70337655384884,100.8163070678711,2951900,0.0,0.0,97.08466339111328
2024-08-20 00:00:00-04:00,100.69023292386007,101.84424286979659,99.72047243895035,100.418701171875,1703300,0.0,0.0,98.12230834960937
2024-08-21 00:00:00-04:00,101.04902861003082,101.72786531506354,100.3023163730478,101.28177642822266,1150100,0.0,0.0,99.55367431640624
2024-08-22 00:00:00-04:00,101.65029112947222,102.02849711700799,99.79805249803871,100.1083755493164,989000,0.0,0.0,100.25578002929687
2024-08-23 00:00:00-04:00,101.18479521705528,101.5048179204143,100.35080809111706,101.252685546875,949000,0.0,0.0,100.77556915283203
2024-08-26 00:00:00-04:00,100.61264952640731,102.04789828832601,99.83683818504282,101.59210968017578,1404700,0.0,0.0,100.93072967529297
2024-08-27 00:00:00-04:00,99.846534673841,99.8659340260327,97.4900164931336,97.6645736694336,2423600,0.0,0.0,100.3799041748047
2024-08-28 00:00:00-04:00,96.97605392494489,96.99544588030815,94.49346931204575,96.24873352050781,2058200,0.0,0.0,99.37329559326172
2024-08-29 00:00:00-04:00,96.06446378013125,97.30575592027736,94.22192492136202,94.5904312133789,2042800,0.0,0.0,98.26970672607422
2024-08-30 00:00:00-04:00,95.83172919539004,96.57844150066809,94.96864297037239,96.53965759277344,1975700,0.0,0.0,97.32710113525391
2024-09-03 00:00:00-04:00,96.53966491690673,96.53966491690673,93.34915184584041,93.85342407226562,1670300,0.0,0.0,95.77936401367188
2024-09-04 00:00:00-04:00,93.19397951668624,97.98459859729705,91.8363133814342,97.68397521972656,3916900,0.0,0.0,95.78324432373047
2024-09-05 00:00:00-04:00,97.05362232723483,99.0513263778831,96.84027385606178,97.76154327392578,1736200,0.0,0.0,96.08580627441407
2024-09-06 00:00:00-04:00,97.26697184037538,97.66456976016967,94.38678224605464,95.01712799072266,2612500,0.0,0.0,96.17114562988282
2024-09-09 00:00:00-04:00,96.34569910333124,98.31431163049913,95.01713202370554,98.27552032470703,2318500,0.0,0.0,96.51831817626953
2024-09-10 00:00:00-04:00,98.20763358704797,99.64288225104886,96.91785786314918,99.1677017211914,1878900,0.0,0.0,97.58117370605468
2024-09-11 00:00:00-04:00,99.22590133881015,99.63319900298671,97.03424037649637,99.42955017089844,2373500,0.0,0.0,97.93028869628907
2024-09-12 00:00:00-04:00,98.87677650209663,99.18709955613727,97.05362948444359,97.57730102539062,2002600,0.0,0.0,97.89344024658203
2024-09-13 00:00:00-04:00,97.79064925155751,99.6622873887351,96.97605394974879,99.04164123535156,1795100,0.0,0.0,98.6983428955078
2024-09-16 00:00:00-04:00,98.75071118225236,99.01254325571009,97.93610853397837,98.37250518798828,1593500,0.0,0.0,98.71773986816406
2024-09-17 00:00:00-04:00,99.22589196312849,99.42954077597436,98.03308331796241,98.98345184326172,1499300,0.0,0.0,98.68088989257812
2024-09-18 00:00:00-04:00,99.09012261495376,100.35081415354999,97.67427325239716,97.87792205810547,1833300,0.0,0.0,98.37056427001953
2024-09-19 00:00:00-04:00,100.36050463021081,101.31087310514908,99.48771876520318,100.9714584350586,1507100,0.0,0.0,99.04939575195313
2024-09-20 00:00:00-04:00,100.6902299618909,102.60065924475427,100.6902299618909,101.57270812988281,5499800,0.0,0.0,99.55560913085938
2024-09-23 00:00:00-04:00,102.61733565074823,104.21844274671757,102.41231665719341,103.36907196044922,1477300,0.7,0.0,100.55492248535157
2024-09-24 00:00:00-04:00,103.5155182134748,104.25749704853074,102.3537364459028,104.10128784179688,1626000,0.0,0.0,101.5784896850586
2024-09-25 00:00:00-04:00,103.7303055106586,105.20449829101562,103.54480893376598,105.20449829101562,1695300,0.0,0.0,103.04380493164062
2024-09-26 00:00:00-04:00,107.40114026433132,108.29932088852097,105.2630732265957,108.13335418701172,2660800,0.0,0.0,104.47618408203125
2024-09-27 00:00:00-04:00,108.05524286589151,108.09429516649007,105.58524257863503,106.16124725341797,1320000,0.0,0.0,105.39389190673828
2024-09-30 00:00:00-04:00,106.17101673228703,107.01062260990922,105.25330625012673,106.9325180053711,1600500,0.0,0.0,106.10658111572266
2024-10-01 00:00:00-04:00,106.67868743450649,106.67868743450649,103.97438053271742,105.26307678222656,2155000,0.0,0.0,106.3389389038086
2024-10-02 00:00:00-04:00,105.49738440122123,107.39138021765983,104.65777846909683,105.98552703857422,1476900,0.0,0.0,106.49514465332031
2024-10-03 00:00:00-04:00,105.47786210812093,106.82513310749285,105.26307815565607,106.21984100341797,1135000,0.0,0.0,106.11244201660156
2024-10-04 00:00:00-04:00,107.27421546104542,107.27421546104542,103.83769482262944,104.69682312011719,1447800,0.0,0.0,105.8195571899414
2024-10-07 00:00:00-04:00,103.57409161971346,104.0915290240659,102.0413241784107,103.61314392089844,1871300,0.0,0.0,105.15568237304687
2024-10-08 00:00:00-04:00,104.43322773252515,106.36626823326223,103.97437250249685,106.0733871459961,1551400,0.0,0.0,105.31774444580078
2024-10-09 00:00:00-04:00,106.51272271233917,106.79584633776447,103.04691443240648,106.6982192993164,3410500,0.0,0.0,105.46028289794921
2024-10-10 00:00:00-04:00,105.19473339281889,106.15149619427316,103.98414179479661,105.55596160888672,1255900,0.0,0.0,105.32750701904297
2024-10-11 00:00:00-04:00,105.41927539096625,107.28397618286051,105.38022309055162,107.20587158203125,1054900,0.0,0.0,105.82931671142578
2024-10-14 00:00:00-04:00,107.39137146098031,108.77769465039047,106.25887705940136,108.42623138427734,1619100,0.0,0.0,106.79193420410157
2024-10-15 00:00:00-04:00,109.38299494556341,112.58520921694479,108.7288856477374,109.13892364501953,2511100,0.0,0.0,107.40504150390625
2024-10-16 00:00:00-04:00,108.59221016481112,110.19331735725969,107.99667557449565,109.08035278320312,1238100,0.0,0.0,107.8814682006836
2024-10-17 00:00:00-04:00,109.71492449633611,110.62287000049768,109.33417387670043,109.78326416015625,1728300,0.0,0.0,108.7269287109375
2024-10-18 00:00:00-04:00,109.9785353394826,111.95062827499916,109.05105987921563,109.46110534667969,1951000,0.0,0.0,109.17797546386718
2024-10-21 00:00:00-04:00,108.9631933972746,109.91019124719006,106.72749936202702,109.74422454833984,2419300,0.0,0.0,109.44157409667969
2024-10-22 00:00:00-04:00,109.24630871099885,110.07614959072606,107.71354133836147,109.96875762939453,3166100,0.0,0.0,109.60754089355468
2024-10-23 00:00:00-04:00,103.23238713030403,105.24353955467633,100.03017310900682,101.06503295898438,8774000,0.0,0.0,108.00447692871094
2024-10-24 00:00:00-04:00,102.05108965314123,102.58804948668094,99.92278764237501,101.5141372680664,2746300,0.0,0.0,106.35065155029297
2024-10-25 00:00:00-04:00,101.74844284814395,103.14453095618269,100.47926913230334,100.567138671875,2485700,0.0,0.0,104.57185821533203
2024-10-28 00:00:00-04:00,101.3091091346357,101.42626603685429,98.63408984592839,98.9172134399414,2766700,0.0,0.0,102.40645599365234
2024-10-29 00:00:00-04:00,98.95627406023668,99.29797240985422,97.81402209931568,98.92698669433594,2014700,0.0,0.0,100.19810180664062
2024-10-30 00:00:00-04:00,98.57551688384918,98.89769278436964,96.5936591387416,97.42350006103516,2862200,0.0,0.0,99.46979522705078
2024-10-31 00:00:00-04:00,97.06227826184042,98.80982976205895,96.56437814469898,97.98975372314453,2708500,0.0,0.0,98.76491851806641
2024-11-01 00:00:00-04:00,97.22824102815835,98.58528433017646,96.32030292834663,96.75962829589844,2001600,0.0,0.0,98.0034164428711
2024-11-04 00:00:00-05:00,96.48626588872176,98.8683966570821,96.48626588872176,97.52112579345703,1961200,0.0,0.0,97.72419891357421
2024-11-05 00:00:00-05:00,97.83354202657526,99.4541790840045,97.65781038719697,99.23939514160156,1519500,0.0,0.0,97.78668060302735
2024-11-06 00:00:00-05:00,101.50436965267704,102.31468812610798,100.14733387113108,100.53784942626953,2411600,0.0,0.0,98.40955047607422
2024-11-07 00:00:00-05:00,101.3188789574336,102.7833067876878,100.53785525037709,102.61734008789062,1953500,0.0,0.0,99.33506774902344
2024-11-08 00:00:00-05:00,102.96879753351861,103.7205338331654,101.71915371420386,102.29515838623047,1329800,0.0,0.0,100.44217376708984
2024-11-11 00:00:00-05:00,102.20730759720844,102.33422200123015,99.20034716922716,99.42488861083984,1633400,0.0,0.0,100.8229263305664
2024-11-12 00:00:00-05:00,98.52670805518899,99.81540431880926,96.40817079843981,97.43327331542969,2064800,0.0,0.0,100.46170196533203
2024-11-13 00:00:00-05:00,97.50159922488962,98.26310043930216,95.88096232368179,95.93953704833984,1630300,0.0,0.0,99.54203948974609
2024-11-14 00:00:00-05:00,95.41235911867682,96.41793171712592,94.68990268320843,95.14875793457031,1814400,0.0,0.0,98.04832305908204
2024-11-15 00:00:00-05:00,94.62155855793057,95.23662299289799,94.12365847534203,94.49464416503906,1926400,0.0,0.0,96.48822021484375
2024-11-18 00:00:00-05:00,95.08041307349448,95.2366222775398,94.0553106552253,94.71918487548828,1384500,0.0,0.0,95.54707946777344
2024-11-19 00:00:00-05:00,94.68990153754955,95.50998499672338,93.82100828638504,95.48069763183594,1766600,0.0,0.0,95.15656433105468
2024-11-20 00:00:00-05:00,95.67595029046885,96.09575322743706,94.2896270840957,95.69547271728516,1875600,0.0,0.0,95.10775146484374
2024-11-21 00:00:00-05:00,96.4081706869372,97.83354629137884,95.74429640350877,97.55042266845703,1744500,0.0,0.0,95.5880844116211
2024-11-22 00:00:00-05:00,98.01903913373118,98.27287538053102,96.81820501674346,97.25753784179688,2675600,0.0,0.0,96.14066314697266
2024-11-25 00:00:00-05:00,98.60480504322847,100.93812607164153,98.41930847201459,98.95626831054688,4038900,0.0,0.0,96.98807983398437
2024-11-26 00:00:00-05:00,99.50298191641461,100.72333836882885,98.84887264555212,99.24915313720703,2412500,0.0,0.0,97.7417709350586
2024-11-27 00:00:00-05:00,98.91722100943444,99.00509055493866,96.29101130933617,97.62852478027344,1799200,0.0,0.0,98.12838134765624
2024-11-29 00:00:00-05:00,97.62852551732384,99.89350701138714,97.59923815142311,98.92698669433594,1460300,0.0,0.0,98.40369415283203
2024-12-02 00:00:00-05:00,99.40535885749722,102.62710299984666,99.03437316260336,100.71358489990234,2476800,0.0,0.0,99.09490356445312
2024-12-03 00:00:00-05:00,99.62990464900317,100.28401392573853,95.58808463819523,96.45697784423828,3267100,0.0,0.0,98.59504547119141
2024-12-04 00:00:00-05:00,97.61876160551256,97.84331049388797,92.71781285034176,95.31472778320312,4572300,0.0,0.0,97.80816040039062
2024-12-05 00:00:00-05:00,95.70524029552212,97.04275374752524,95.54903853128688,95.8516845703125,2285600,0.0,0.0,97.45279235839844
2024-12-06 00:00:00-05:00,95.85168273390487,96.74009840660574,95.29520045913517,96.17385864257812,2720200,0.0,0.0,96.90216674804688
2024-12-09 00:00:00-05:00,96.09574520188545,97.53088552813942,95.7735693228357,96.62294006347656,2437000,0.0,0.0,96.08403778076172
2024-12-10 00:00:00-05:00,96.50578667158773,96.5936562092761,94.47511174915131,95.27566528320312,2812400,0.0,0.0,95.84777526855468
2024-12-11 00:00:00-05:00,95.62712618698558,96.77914294655068,94.27985537941193,96.05669403076172,2555600,0.0,0.0,95.99616851806641
2024-12-12 00:00:00-05:00,96.12503934022315,97.8042510662305,94.81682075507993,95.3244857788086,2834700,0.0,0.0,95.89072875976562
2024-12-13 00:00:00-05:00,95.97362794894629,96.69160639785483,93.94753481741319,94.17375183105469,4938000,0.72,0.0,95.49070739746094
2024-12-16 00:00:00-05:00,93.75082408792005,95.5507000876374,93.47543470073231,94.00654602050781,3552500,0.0,0.0,94.9674285888672
2024-12-17 00:00:00-05:00,93.23938821554397,94.87205709263313,92.5410697609152,92.93448638916016,2406200,0.0,0.0,94.49919281005859
2024-12-18 00:00:00-05:00,93.04268527885694,93.74099629820581,90.01338669907398,90.09207153320312,3132100,0.0,0.0,93.30626831054687
2024-12-19 00:00:00-05:00,90.09206090479354,90.59366728344246,85.97104262878149,86.0988998413086,4522300,0.0,0.0,91.46115112304688
2024-12-20 00:00:00-05:00,86.6398466248828,87.54470716042445,85.43993673694412,85.87268829345703,6072500,0.0,0.0,89.80093841552734
2024-12-23 00:00:00-05:00,86.02021615939806,87.16112362343732,85.86285401141217,87.07260131835938,2106800,0.0,0.0,88.41414947509766
2024-12-24 00:00:00-05:00,86.86606452288947,87.6627277977005,86.58083763965872,87.03326416015625,1142200,0.0,0.0,87.23390502929688
2024-12-26 00:00:00-05:00,87.26931721802325,87.70206877184965,86.69886346093578,86.94474792480469,1382800,0.0,0.0,86.60444030761718
2024-12-27 00:00:00-05:00,86.49232672390714,87.3676748687385,85.56779868176214,85.95137786865234,1611400,0.0,0.0,86.57493591308594
2024-12-30 00:00:00-05:00,85.25306196484652,85.43009907971518,83.84660252555622,85.10552978515625,1731200,0.0,0.0,86.42150421142578
2024-12-31 00:00:00-05:00,85.16454193428686,85.78417560480605,84.31870625594698,84.88915252685547,1458400,0.0,0.0,85.984814453125
2025-01-02 00:00:00-05:00,85.77433521151147,86.09890450373082,84.37771326194728,84.96783447265625,2046500,0.0,0.0,85.571728515625
2025-01-03 00:00:00-05:00,85.48911078883857,87.71190850026612,85.36125356571608,87.68240356445312,2351500,0.0,0.0,85.7192596435547
2025-01-06 00:00:00-05:00,88.83313867982945,90.08222845283241,87.28898454908489,87.64305877685547,2499300,0.0,0.0,86.0575958251953
2025-01-07 00:00:00-05:00,88.3512093842234,89.39375713371822,87.80042306994437,88.12499237060547,2379100,0.0,0.0,86.66148834228515
2025-01-08 00:00:00-05:00,87.8004267590884,87.95779642800852,86.44314713174701,87.22998046875,3189100,0.0,0.0,87.12965393066406
2025-01-10 00:00:00-05:00,86.00055348952667,87.52503268105916,85.21372019442714,87.40701293945312,2201900,0.0,0.0,87.61748962402343
2025-01-13 00:00:00-05:00,86.10874669684542,88.22334719232101,85.53829291028794,87.46602630615234,2715800,0.0,0.0,87.57421417236328
2025-01-14 00:00:00-05:00,87.88894612402045,90.23960107207917,87.63322417250735,89.72816467285156,3252100,0.0,0.0,87.9912353515625
2025-01-15 00:00:00-05:00,90.61334649863771,93.41643559317811,90.61334649863771,92.7869644165039,3853600,0.0,0.0,88.92362976074219
2025-01-16 00:00:00-05:00,92.82629275048807,94.24258955147735,92.15748676155398,93.50493621826172,3820500,0.0,0.0,90.17862091064453
2025-01-17 00:00:00-05:00,95.0097562036635,96.31786336427369,94.02621833922848,96.06214141845703,5656300,0.0,0.0,91.9096466064453
2025-01-21 00:00:00-05:00,98.20625922560382,100.85197861584214,97.58663304106642,99.58321380615234,6545200,0.0,0.0,94.33308410644531
2025-01-22 00:00:00-05:00,106.84172083442589,110.06773149366401,104.117324115899,106.39913177490234,9814200,0.0,0.0,97.66727752685547
2025-01-23 00:00:00-05:00,105.64180973328962,106.7433673819081,104.17633285549745,106.63517761230469,3602100,0.0,0.0,100.43692016601562
2025-01-24 00:00:00-05:00,106.94990739833982,108.42521422424662,105.82867481095454,106.40896606445312,3320400,0.0,0.0,103.01772613525391
2025-01-27 00:00:00-05:00,103.36983110157078,105.2385545998988,100.63559695836811,101.77650451660156,4188600,0.0,0.0,104.16059875488281
2025-01-28 00:00:00-05:00,102.30760600422724,102.31744348399738,97.19321207832235,98.61933898925781,3460800,0.0,0.0,103.9678237915039
2025-01-29 00:00:00-05:00,99.80943129897071,100.35037265201774,97.45876876960327,97.7439956665039,2548200,0.0,0.0,102.23679656982422
2025-01-30 00:00:00-05:00,99.48485816548772,99.75041009169057,96.33753244395868,96.66210174560547,4212800,0.0,0.0,100.24218139648437
2025-01-31 00:00:00-05:00,96.48505822720134,98.34394409872058,94.68518222341346,94.7737045288086,2799400,0.0,0.0,97.91512908935547
2025-02-03 00:00:00-05:00,93.04268158123809,94.05572439304531,91.38050767315958,91.94112396240234,3437000,0.0,0.0,95.94805297851562
2025-02-04 00:00:00-05:00,91.35099862697531,93.22955964198923,91.15429404596178,92.95417022705078,2909700,0.0,0.0,94.81501922607421
2025-02-05 00:00:00-05:00,93.06235316887263,94.54748990528327,92.61975663837158,93.85901641845703,2680700,0.0,0.0,94.03802337646485
2025-02-06 00:00:00-05:00,94.5179855751062,95.1867916110707,94.05572158651037,94.95074462890625,2301100,0.0,0.0,93.695751953125
2025-02-07 00:00:00-05:00,95.4621847632627,96.63259724819686,93.88852564725788,94.56716918945312,1976100,0.0,0.0,93.65444488525391
2025-02-10 00:00:00-05:00,95.80643088831306,96.58341922959936,95.11794985281811,96.19001007080078,1946300,0.0,0.0,94.5042221069336
2025-02-11 00:00:00-05:00,95.62939171013899,97.72432470053367,95.5900492943449,96.21951293945312,2133900,0.0,0.0,95.15729064941407
2025-02-12 00:00:00-05:00,95.12778269400809,99.00292425035174,94.51798652152914,97.57678985595703,3386000,0.0,0.0,95.90084533691406
2025-02-13 00:00:00-05:00,97.75382732422648,101.0486776551116,97.75382732422648,99.8094253540039,2555000,0.0,0.0,96.8725814819336
2025-02-14 00:00:00-05:00,100.46839713091447,100.71428160382234,98.9635853573261,99.79959106445312,2235000,0.0,0.0,97.9190658569336
2025-02-18 00:00:00-05:00,100.8716367827339,101.58962269560126,99.27831031100324,101.40274810791016,2365500,0.0,0.0,98.96161346435547
2025-02-19 00:00:00-05:00,101.23555785852645,101.7568317527009,100.78313131822789,101.30440521240234,1727300,0.0,0.0,99.97859191894531
2025-02-20 00:00:00-05:00,101.3732465907434,101.66831094927515,99.8782723502185,100.95032501220703,1479200,0.0,0.0,100.6532989501953
2025-02-21 00:00:00-05:00,100.97983513883939,101.71748856929437,98.845559680968,99.1897964477539,2484200,0.0,0.0,100.52937316894531
2025-02-24 00:00:00-05:00,99.30782033654377,100.31102566633382,97.60629651288404,98.4324722290039,4204100,0.0,0.0,100.25594940185547
2025-02-25 00:00:00-05:00,98.3537890669829,100.01597050343047,97.65547806506315,98.07839965820312,3405900,0.0,0.0,99.59107971191406
2025-02-26 00:00:00-05:00,98.66851888431012,99.68156169048063,98.05872270313439,98.61933898925781,1924100,0.0,0.0,99.05406646728515
2025-02-27 00:00:00-05:00,100.88147981605556,102.13056961906963,98.9340715165282,99.01275634765625,4616000,0.0,0.0,98.666552734375
2025-02-28 00:00:00-05:00,98.5996691533506,100.60608726151547,98.0390528807603,100.23234558105469,4521400,0.0,0.0,98.87506256103515
2025-03-03 00:00:00-05:00,101.2552198399399,102.16008037540698,98.13740661989546,98.41279602050781,3190400,0.0,0.0,98.87112731933594
2025-03-04 00:00:00-05:00,97.32106687912706,97.98004293896203,92.46239502152399,92.53124237060547,7037600,0.0,0.0,97.7616958618164
2025-03-05 00:00:00-05:00,92.13783150340973,92.22634631328887,88.70528630623075,90.90840911865234,5175600,0.0,0.0,96.21950988769531
2025-03-06 00:00:00-05:00,89.05935898251921,89.1773787269431,84.96783775638933,85.2137222290039,5272900,0.0,0.0,93.45970306396484
2025-03-07 00:00:00-05:00,85.43009802073621,88.29218925453658,84.87931922743816,86.55133056640625,4617700,0.0,0.0,90.72350006103515
2025-03-10 00:00:00-04:00,85.77433647239792,86.50215239284464,82.97125505247611,84.98751068115234,4520500,0.0,0.0,88.03844299316407
2025-03-11 00:00:00-04:00,84.98750553088342,86.51198462992444,83.99413024444387,85.53828430175781,3805500,0.0,0.0,86.63985137939453
2025-03-12 00:00:00-04:00,86.55133593569599,87.99713786159325,84.84981205256142,85.30224609375,3808900,0.0,0.0,85.51861877441407
2025-03-13 00:00:00-04:00,85.36124769425227,86.00054877348828,83.60071410845377,84.21051025390625,1573500,0.0,0.0,85.31797637939454
2025-03-14 00:00:00-04:00,85.51861456523501,87.17095848254793,85.49894710955917,86.4529800415039,2261100,0.0,0.0,85.29830627441406
2025-03-17 00:00:00-04:00,86.19725560278319,89.5511232353289,86.19725560278319,89.02001190185547,2948500,0.0,0.0,86.10480651855468
2025-03-18 00:00:00-04:00,88.99050729445084,89.07902209845605,86.98408919521886,87.18079376220703,2204900,0.0,0.0,86.43330841064453
2025-03-19 00:00:00-04:00,87.69642626896163,88.88633401420645,87.43861015023397,88.18230438232422,2225500,0.72,0.0,87.00932006835937
2025-03-20 00:00:00-04:00,87.54769268960439,89.025163226843,87.54769268960439,87.63693237304688,2060500,0.0,0.0,87.6946044921875
2025-03-21 00:00:00-04:00,87.21054566455625,87.94432946322523,85.87189748195648,87.5278549194336,2576000,0.0,0.0,87.90957946777344
2025-03-24 00:00:00-04:00,88.65827754247692,89.31272457355522,87.73609633462843,88.04348754882812,1715000,0.0,0.0,87.71427459716797
2025-03-25 00:00:00-04:00,87.5774328224416,87.69642662354678,85.00921236189195,87.220458984375,3154000,0.0,0.0,87.72220764160156
2025-03-26 00:00:00-04:00,86.86348006631076,87.44852343096856,85.21744085615622,86.89322662353516,3534900,0.0,0.0,87.46439208984376
2025-03-27 00:00:00-04:00,86.47676532229009,88.49961456298828,85.57442024498913,86.76432800292969,2977400,0.0,0.0,87.28987121582031
2025-03-28 00:00:00-04:00,86.2586201201399,86.62551202891784,83.62098828956606,84.20602416992188,1886200,0.0,0.0,86.62550506591796
2025-03-31 00:00:00-04:00,83.77963199589334,84.5927373859525,82.18316777457919,84.23576354980469,2628600,0.0,0.0,85.86396026611328
2025-04-01 00:00:00-04:00,83.88870912199575,84.612574847438,82.60955411583006,83.82921600341797,2728200,0.0,0.0,85.18571166992187
2025-04-02 00:00:00-04:00,83.03593139287484,85.61406968313274,82.81777989138601,84.80096435546875,2810100,0.0,0.0,84.76725921630859
2025-04-03 00:00:00-04:00,79.50587146364747,80.47763525304315,70.68069841987638,70.92859649658203,12915600,0.0,0.0,81.60011291503906
2025-04-04 00:00:00-04:00,68.08273410150548,68.10256261971402,63.412331277474316,66.16896057128906,9249900,0.0,0.0,77.9927001953125
2025-04-07 00:00:00-04:00,64.45350158743845,71.94993719734389,63.64039617771458,68.08273315429688,7297500,0.0,0.0,74.76209411621093
2025-04-08 00:00:00-04:00,70.39313539050028,71.82103072605281,64.86005609573196,65.98055267333984,5679900,0.0,0.0,71.1923614501953
2025-04-09 00:00:00-04:00,65.18727990405681,75.38084819756456,62.65872013187879,73.66539764404297,10253500,0.0,0.0,68.96524810791016
2025-04-10 00:00:00-04:00,71.10707867165861,71.87060893352482,68.07280883604341,69.15364074707031,5483500,0.0,0.0,68.61025695800781
2025-04-11 00:00:00-04:00,68.64794042312953,70.61128900252173,67.06138664088442,69.5602035522461,3879000,0.0,0.0,69.28850555419922
2025-04-14 00:00:00-04:00,74.30001416822385,74.59749489564054,70.99800986794516,72.05901336669922,3437300,0.0,0.0,70.0837615966797
2025-04-15 00:00:00-04:00,71.48388536671216,72.88203414281209,71.24590533267877,71.39464569091797,3147600,0.0,0.0,71.16658020019531
2025-04-16 00:00:00-04:00,70.8889363754203,72.49531873745784,70.70053896958986,72.20775604248047,5798900,0.0,0.0,70.87505187988282
2025-04-17 00:00:00-04:00,72.87212062336695,75.79732263275507,72.27716671874119,75.14286804199219,4588400,0.0,0.0,72.0728973388672
2025-04-21 00:00:00-04:00,73.82404293581666,74.02236593288916,72.00943479540834,73.30841827392578,2950600,0.0,0.0,72.82254028320312
2025-04-22 00:00:00-04:00,74.07194768128964,75.27178111723583,73.97278995644477,74.72640228271484,2177900,0.0,0.0,73.35601806640625
2025-04-23 00:00:00-04:00,78.48453417280011,80.49746538559832,76.90789843938855,77.43344116210938,4013700,0.0,0.0,74.56377716064453
2025-04-24 00:00:00-04:00,78.49445190363012,82.56988939028109,78.4746158206348,82.34182739257812,4105400,0.0,0.0,76.59059143066406
2025-04-25 00:00:00-04:00,82.62939247148704,83.10535256369816,81.3105728282471,82.00468444824219,4055400,0.0,0.0,77.96295471191407
2025-04-28 00:00:00-04:00,81.51879809589165,82.19308112958699,79.88266936770826,81.46922302246094,2895700,0.0,0.0,79.5951156616211
2025-04-29 00:00:00-04:00,80.89410428235716,81.98485433480583,80.53713043751954,80.91393280029297,6502500,0.0,0.0,80.83262176513672
2025-04-30 00:00:00-04:00,86.40735488551366,90.7406160838083,84.75139751286125,90.2646484375,11880100,0.0,0.0,83.39886322021485
2025-05-01 00:00:00-04:00,91.22649384109279,92.38665504493387,89.13423343147389,89.25322723388672,5496500,0.0,0.0,84.78114318847656
2025-05-02 00:00:00-04:00,90.78028145104571,92.5056499986351,90.52246532523377,92.2874984741211,3409300,0.0,0.0,86.83770599365235
2025-05-05 00:00:00-04:00,91.5537224669906,93.53690714480564,91.20666666142282,92.793212890625,2805700,0.0,0.0,89.10250396728516
2025-05-06 00:00:00-04:00,91.68262406209739,93.6162336054795,91.14716330694154,93.11051940917969,2754100,0.0,0.0,91.5418212890625
2025-05-07 00:00:00-04:00,93.19975994772402,94.8656353463109,92.54531295109115,94.6474838256836,3715800,0.0,0.0,92.41838836669922
2025-05-08 00:00:00-04:00,95.50025929269638,96.41253002802463,94.17152914044026,95.49034881591797,2392700,0.0,0.0,93.66581268310547
2025-05-09 00:00:00-04:00,96.2935347734051,96.90832476066043,94.82597475054531,94.90530395507812,2568200,0.0,0.0,94.18937377929687
2025-05-12 00:00:00-04:00,100.27972906904768,102.17367404046162,99.1592324656752,101.09283447265625,5791900,0.0,0.0,95.84929809570312
2025-05-13 00:00:00-04:00,101.04326000593228,105.08895853062995,100.69620420325582,104.58324432373047,4336000,0.0,0.0,98.14384307861329
2025-05-14 00:00:00-04:00,104.26593079852242,104.96996041653836,103.60156577993328,104.30559539794922,4245700,0.0,0.0,100.07546539306641
2025-05-15 00:00:00-04:00,106.06071431221916,107.09197123939134,105.01954690876342,106.52676391601562,4711900,0.0,0.0,102.28274841308594
2025-05-16 00:00:00-04:00,106.61600910764913,108.0637406363213,106.10038440002235,106.88374328613281,3234900,0.0,0.0,104.67843627929688
2025-05-19 00:00:00-04:00,105.01954867060043,108.74793043302235,104.77165058486896,108.12322998046875,3286200,0.0,0.0,106.08451538085937
2025-05-20 00:00:00-04:00,108.5496137638713,108.55953180545825,105.38643180480354,106.07063293457031,3404100,0.0,0.0,106.38199310302734
2025-05-21 00:00:00-04:00,105.60458250233474,106.91348406735935,102.85787509365966,103.55198669433594,4800400,0.0,0.0,106.23127136230468
2025-05-22 00:00:00-04:00,105.18811486301765,110.53279684947627,104.4642491424852,107.94474029541016,8056800,0.0,0.0,106.51486663818359
2025-05-23 00:00:00-04:00,107.36961348888765,112.21849925123064,107.36961348888765,111.7921142578125,5981600,0.0,0.0,107.49654083251953
2025-05-27 00:00:00-04:00,112.91262347943136,116.3732786584149,112.2482508561572,116.06588745117188,4485900,0.0,0.0,109.08507232666015
2025-05-28 00:00:00-04:00,116.25428161199065,117.63259433315304,115.83781465277231,116.35343933105469,4094000,0.0,0.0,111.14163360595703
2025-05-29 00:00:00-04:00,116.57158790943427,117.20620637372271,115.3023509808574,117.14671325683594,2434800,0.0,0.0,113.86057891845704
2025-05-30 00:00:00-04:00,116.18486449075088,118.12838443263142,115.68906835562069,116.94839477539062,4352600,0.0,0.0,115.66130981445312
2025-06-02 00:00:00-04:00,116.02621696342564,118.7530957842459,115.79814740606571,118.14822387695312,3097600,0.0,0.0,116.93253173828126
2025-06-03 00:00:00-04:00,118.09865023311436,122.99711898166883,117.75159441525612,122.19393157958984,4835200,0.0,0.0,118.15814056396485
2025-06-04 00:00:00-04:00,122.68971914930279,126.6164237668067,122.68971914930279,126.56684112548828,5769200,0.0,0.0,120.20082092285156
2025-06-05 00:00:00-04:00,126.83458382880454,128.85742560858986,126.28920499855641,126.6263427734375,4765100,0.0,0.0,122.09674682617188
2025-06-06 00:00:00-04:00,127.81623929427298,128.86733982442817,125.69423997799646,125.90247344970703,4377400,0.0,0.0,123.88756256103515
2025-06-09 00:00:00-04:00,128.45086874835917,131.11825464030233,127.79642928437772,129.07557678222656,5425500,0.0,0.0,126.07303314208984
2025-06-10 00:00:00-04:00,128.87725070964714,129.59119836649327,125.2876839083925,126.91389465332031,6119700,0.0,0.0,127.01702575683593
2025-06-11 00:00:00-04:00,127.96499522088334,127.99474178081033,124.65307285277648,125.426513671875,4553200,0.0,0.0,126.78896026611328
2025-06-12 00:00:00-04:00,125.0992875236505,126.27927720990807,124.73239565114251,125.01004028320312,3005000,0.0,0.0,126.4656997680664
2025-06-13 00:00:00-04:00,124.11760881401078,127.23120809196706,123.58214805366015,126.199951171875,3000800,0.0,0.0,126.5251953125
2025-06-16 00:00:00-04:00,127.6179253416606,130.3844763178166,126.53709337141936,129.93824768066406,3530300,0.0,0.0,126.6977294921875
2025-06-17 00:00:00-04:00,129.35320166367868,132.3775609512101,128.90698819218963,129.76966857910156,3410800,0.0,0.0,127.26888427734374
2025-06-18 00:00:00-04:00,129.7696828713828,132.63538408851315,129.26397623206503,130.19607543945312,2816800,0.0,0.0,128.22279663085936
2025-06-20 00:00:00-04:00,131.05875068868193,131.49505371561366,129.22431403698852,129.8589324951172,6027300,0.0,0.0,129.19257507324218
2025-06-23 00:00:00-04:00,131.21741112028755,132.76429269030356,129.81926234335089,131.9611053466797,4372700,0.0,0.0,130.3448059082031
2025-06-24 00:00:00-04:00,132.87336469793843,136.38359469000247,132.7246319090576,135.1639404296875,4670500,0.0,0.0,131.38994445800782
2025-06-25 00:00:00-04:00,137.237413859532,138.25421309204472,135.8517821021495,138.10467529296875,3574900,0.72,0.0,133.05694580078125
2025-06-26 00:00:00-04:00,138.10467143127343,140.35757976993978,137.56637491784397,140.2479248046875,3047100,0.0,0.0,135.06731567382812
2025-06-27 00:00:00-04:00,141.13513443996976,142.0223373067942,139.84917931169173,140.99557495117188,4651100,0.0,0.0,137.29464416503907
2025-06-30 00:00:00-04:00,141.5538147447919,144.02601795453796,141.13513627296066,143.87649536132812,3663500,0.0,0.0,139.67772216796874
2025-07-01 00:00:00-04:00,143.18866409701974,145.27209339848065,142.18184312240487,144.58425903320312,4951400,0.0,0.0,141.56178588867186
2025-07-02 00:00:00-04:00,144.58425709928983,151.57224042208387,144.33504263467307,151.46258544921875,6703600,0.0,0.0,144.23336791992188
2025-07-03 00:00:00-04:00,151.52238193941002,151.68188283415898,148.77105995378196,148.97042846679688,3619700,0.0,0.0,145.97786865234374
2025-07-07 00:00:00-04:00,149.00034488152912,151.32302551019333,147.27578505051474,147.92373657226562,3661700,0.0,0.0,147.3635009765625
2025-07-08 00:00:00-04:00,148.5916260456481,149.23959276313494,142.97931158245217,144.01605224609375,4598800,0.0,0.0,147.39141235351562
2025-07-09 00:00:00-04:00,145.46148401183225,145.46148401183225,141.2647213170865,141.5637664794922,6198800,0.0,0.0,146.78731384277344
2025-07-10 00:00:00-04:00,144.04595947265625,145.78049760933797,142.00239783589274,144.04595947265625,5593500,0.0,0.0,145.30398864746093
2025-07-11 00:00:00-04:00,143.5475286732131,147.44524647042846,143.04909975420887,146.717529296875,2868600,0.0,0.0,144.85340881347656
2025-07-14 00:00:00-04:00,148.08323881430516,149.48881205385896,145.16243736166828,148.611572265625,2856700,0.0,0.0,144.99097595214843
2025-07-15 00:00:00-04:00,149.8377004495465,150.4856671761733,147.3355927311382,148.5816650390625,2461100,0.0,0.0,145.9040985107422
2025-07-16 00:00:00-04:00,148.51187096239897,148.5318123774588,145.05277317539878,146.65771484375,2694300,0.0,0.0,146.92288818359376
2025-07-17 00:00:00-04:00,146.65772448912114,149.17977367513683,145.89015488352953,146.2589874267578,5155500,0.0,0.0,147.36549377441406
2025-07-18 00:00:00-04:00,147.146189110102,149.43896522695294,145.76055729514087,148.6016082763672,3336500,0.0,0.0,147.7423095703125
2025-07-21 00:00:00-04:00,148.99037181662368,150.44577567029552,147.56485726890764,149.1598358154297,3453900,0.0,0.0,147.85196228027343
2025-07-22 00:00:00-04:00,148.53181018852865,148.81092915188128,144.30512769786446,146.12937927246094,3045000,0.0,0.0,147.36150512695312
2025-07-23 00:00:00-04:00,146.68762566581157,152.34978612958443,146.53810307354334,152.27999877929688,4024900,0.0,0.0,148.4859619140625
2025-07-24 00:00:00-04:00,151.75166263958118,153.39648717949268,150.6052822236662,152.25009155273438,2429700,0.0,0.0,149.6841827392578
2025-07-25 00:00:00-04:00,151.92112815265793,152.84821384996323,147.97357963937526,150.41587829589844,3125900,0.0,0.0,150.04703674316406
2025-07-28 00:00:00-04:00,151.00401237817496,151.56225030169418,149.26948957450355,149.9872283935547,2585200,0.0,0.0,150.21251525878907
2025-07-29 00:00:00-04:00,151.2731706392022,155.0313287915482,149.52866949509277,152.2002410888672,6242800,0.0,0.0,151.42668762207032
2025-07-30 00:00:00-04:00,140.5569467392489,148.07324769480397,137.86543378002753,146.95677185058594,12025100,0.0,0.0,150.36204223632814
2025-07-31 00:00:00-04:00,147.83402388434783,156.955267231608,146.438413751914,156.5166473388672,7049800,0.0,0.0,151.2153533935547
2025-08-01 00:00:00-04:00,152.8781217695881,156.11790980932304,150.44578616140592,154.3235626220703,3827300,0.0,0.0,151.99689025878905
2025-08-04 00:00:00-04:00,156.2973369226264,157.12473077038305,151.92113153277205,154.3235626220703,2510000,0.0,0.0,152.8641571044922
2025-08-05 00:00:00-04:00,156.30731234778725,156.90541792525673,146.74744931317997,151.26321411132812,3449500,0.0,0.0,152.67675170898437
2025-08-06 00:00:00-04:00,152.5192418536128,152.5192418536128,146.3885725301086,146.8072509765625,3776600,0.0,0.0,152.6468475341797
2025-08-07 00:00:00-04:00,144.5244369323983,148.08322651428574,144.29516390164233,147.6346435546875,3472500,0.0,0.0,150.87044677734374
2025-08-08 00:00:00-04:00,149.03023730181195,150.60527441097167,148.09318855995875,149.9772491455078,1901600,0.0,0.0,150.00118408203124
2025-08-11 00:00:00-04:00,151.13361319735193,155.6095102405943,150.75480236204504,151.21336364746094,2759400,0.0,0.0,149.37914428710937
2025-08-12 00:00:00-04:00,151.7516618489556,157.5035357358122,151.7516618489556,155.10110473632812,2361600,0.0,0.0,150.14672241210937
2025-08-13 00:00:00-04:00,155.85872461733862,157.00510501405643,154.37340100511167,156.4269256591797,2052600,0.0,0.0,152.0706573486328
2025-08-14 00:00:00-04:00,154.77213723615554,156.34717439241803,153.71547039722017,155.24066162109375,2319600,0.0,0.0,153.59186096191405
2025-08-15 00:00:00-04:00,155.2606075662176,155.2606075662176,151.5722366244697,153.9447479248047,1431500,0.0,0.0,154.38536071777344
2025-08-18 00:00:00-04:00,154.4631227376568,158.32097300854224,153.58589816211324,158.2013397216797,2016300,0.0,0.0,155.7829559326172
2025-08-19 00:00:00-04:00,157.59324723779488,158.4804500786032,154.82198374804113,157.43374633789062,2546400,0.0,0.0,156.24948425292968
2025-08-20 00:00:00-04:00,156.68609973843425,158.17142331771632,152.0208125941272,157.9022674560547,2177100,0.0,0.0,156.5445526123047
2025-08-21 00:00:00-04:00,157.7427892039948,158.85926511114232,152.54915319358366,154.11422729492188,2300000,0.0,0.0,156.31926574707032
2025-08-22 00:00:00-04:00,154.63258708803076,160.0654746187319,153.7354210942356,158.70974731445312,1920000,0.0,0.0,157.272265625
2025-08-25 00:00:00-04:00,158.50039114603183,164.76065695052966,158.18138934692323,163.48468017578125,2515400,0.0,0.0,158.3289337158203
2025-08-26 00:00:00-04:00,163.20556650447173,166.38554544240566,163.20556650447173,164.72079467773438,3272300,0.0,0.0,159.78634338378907
2025-08-27 00:00:00-04:00,165.37870701147875,167.6714830501536,165.01983758620057,166.71450805664062,2688400,0.0,0.0,161.54879150390624
2025-08-28 00:00:00-04:00,166.58491843952947,172.66575750076657,166.58491843952947,171.83836364746094,3079800,0.0,0.0,165.09361877441407
2025-08-29 00:00:00-04:00,171.51935400994984,172.87508125306573,166.13632786834327,166.87399291992188,2798500,0.0,0.0,166.72646789550782
2025-09-02 00:00:00-04:00,163.89340324257978,170.2134783792356,163.34512838132713,169.96426391601562,3175400,0.0,0.0,168.0223846435547
2025-09-03 00:00:00-04:00,170.56237697916754,175.93543995415365,169.47579040855067,175.76597595214844,3790400,0.0,0.0,170.2314208984375
2025-09-04 00:00:00-04:00,176.85255314235073,183.53149763185846,175.2675528264807,183.4019012451172,5571800,0.0,0.0,173.56889953613282
2025-09-05 00:00:00-04:00,185.41555481705268,188.63540132177508,182.44492276772954,187.5687713623047,3761500,0.0,0.0,176.71498107910156
2025-09-08 00:00:00-04:00,189.3930291325897,190.9182204321427,186.5918457861074,188.6453857421875,4019700,0.0,0.0,181.0692596435547
2025-09-09 00:00:00-04:00,188.4260745748252,191.41664811702904,187.4092753114397,190.9879913330078,3230800,0.0,0.0,185.2740051269531
2025-09-10 00:00:00-04:00,192.40352138573957,193.1910475776146,189.30329297284123,192.4334259033203,4343800,0.0,0.0,188.6074951171875
2025-09-11 00:00:00-04:00,192.69262380764343,198.6139618199967,192.38360031050775,196.19158935546875,3625600,0.0,0.0,191.16543273925782
2025-09-12 00:00:00-04:00,196.08193658273086,197.7466873714285,192.71256738399902,195.37417602539062,3293200,0.0,0.0,192.726513671875
2025-09-15 00:00:00-04:00,199.37156511004656,213.5269431906912,199.02265878676667,210.4566192626953,7398100,0.0,0.0,197.08876037597656
2025-09-16 00:00:00-04:00,210.63606251653727,214.52380196911443,207.00750062385077,210.4665985107422,4888200,0.0,0.0,200.98448181152344
2025-09-17 00:00:00-04:00,209.73888453962448,213.5369257068343,205.6118936690506,212.68959045410156,4268800,0.0,0.0,205.03571472167968
2025-09-18 00:00:00-04:00,216.03902474170266,218.840192740345,214.42411996488377,215.9592742919922,3044200,0.0,0.0,208.98925170898437
2025-09-19 00:00:00-04:00,217.74364613839595,220.96350784609697,215.32128893903652,220.53485107421875,4834900,0.0,0.0,214.02138671875
2025-09-22 00:00:00-04:00,222.19960183005912,230.09472914418802,221.27253135934646,228.60940551757812,5243400,0.0,0.0,217.65194396972657
2025-09-23 00:00:00-04:00,228.6492714420183,231.2311447350121,222.80768405600423,227.41317749023438,4389400,0.0,0.0,221.041259765625
2025-09-24 00:00:00-04:00,227.00445816392406,230.6828658590968,222.2295008105438,222.99708557128906,4121100,0.0,0.0,223.1027587890625
2025-09-25 00:00:00-04:00,219.2588716004801,221.83076656775913,215.3312494072906,219.15919494628906,4200900,0.0,0.0,223.74274291992188
2025-09-26 00:00:00-04:00,219.63768442830994,220.12615023406175,212.3905238468308,216.8265380859375,2477000,0.0,0.0,223.00108032226564
2025-09-29 00:00:00-04:00,226.03750860945576,233.3843458079251,224.10360202267856,228.4199981689453,5108400,0.0,0.0,222.96319885253905
2025-09-30 00:00:00-04:00,226.8800048828125,236.50999450683594,226.25999450683594,236.05999755859375,4184000,0.72,0.0,224.69256286621095
2025-10-01 00:00:00-04:00,234.33999633789062,258.3999938964844,232.5800018310547,256.8399963378906,9751900,0.0,0.0,231.46114501953124
2025-10-02 00:00:00-04:00,263.29998779296875,264.8299865722656,251.89999389648438,254.74000549316406,4801300,0.0,0.0,238.57730712890626
2025-10-03 00:00:00-04:00,254.97000122070312,261.2900085449219,251.64999389648438,252.7899932861328,4916000,0.0,0.0,245.7699981689453
2025-10-06 00:00:00-04:00,260.1099853515625,261.239990234375,242.4499969482422,242.8300018310547,5233600,0.0,0.0,248.6519989013672
2025-10-07 00:00:00-04:00,244.64999389648438,244.74000549316406,223.00999450683594,225.00999450683594,10019400,0.0,0.0,246.44199829101564
2025-10-08 00:00:00-04:00,224.8699951171875,229.0500030517578,222.72000122070312,224.35000610351562,5190300,0.0,0.0,239.94400024414062
2025-10-09 00:00:00-04:00,223.50999450683594,225.07000732421875,218.6300048828125,221.6999969482422,3427000,0.0,0.0,233.33599853515625
2025-10-10 00:00:00-04:00,220.39999389648438,224.25999450683594,212.6300048828125,214.3800048828125,5191000,0.0,0.0,225.65400085449218
2025-10-13 00:00:00-04:00,225.55999755859375,225.64999389648438,216.50999450683594,219.50999450683594,3348800,0.0,0.0,220.98999938964843
2025-10-14 00:00:00-04:00,215.3800048828125,217.39999389648438,210.57000732421875,211.6300048828125,3646700,0.0,0.0,218.31400146484376
2025-10-15 00:00:00-04:00,215.66000366210938,220.58999633789062,212.35000610351562,219.3800048828125,6236800,0.0,0.0,217.32000122070312
2025-10-16 00:00:00-04:00,224.14999389648438,233.0,221.86000061035156,226.02999877929688,5196500,0.0,0.0,218.18600158691407
2025-10-17 00:00:00-04:00,222.42999267578125,230.4499969482422,220.94000244140625,225.39999389648438,3258800,0.0,0.0,220.38999938964844
2025-10-20 00:00:00-04:00,230.0,233.27999877929688,209.3699951171875,214.39999389648438,4602000,0.0,0.0,219.3679992675781
2025-10-21 00:00:00-04:00,212.6300048828125,216.52999877929688,210.67999267578125,214.57000732421875,2817500,0.0,0.0,219.95599975585938
2025-10-22 00:00:00-04:00,213.6699981689453,219.32000732421875,209.0,215.0500030517578,2925200,0.0,0.0,219.08999938964843
2025-10-23 00:00:00-04:00,218.25,226.91000366210938,218.25,226.41000366210938,2569600,0.0,0.0,219.16600036621094
2025-10-24 00:00:00-04:00,234.0800018310547,240.85000610351562,230.52999877929688,234.1199951171875,3664000,0.0,0.0,220.91000061035157
2025-10-27 00:00:00-04:00,241.3300018310547,242.0,227.6300048828125,230.32000732421875,4942400,0.0,0.0,224.09400329589843
2025-10-28 00:00:00-04:00,229.17999267578125,230.0,217.6699981689453,223.0,6501000,0.0,0.0,225.78000183105468
2025-10-29 00:00:00-04:00,240.52000427246094,268.9100036621094,240.05999755859375,265.6199951171875,9900800,0.0,0.0,235.8940002441406
2025-10-30 00:00:00-04:00,258.2099914550781,274.4800109863281,258.0,268.3399963378906,7175700,0.0,0.0,244.27999877929688
2025-10-31 00:00:00-04:00,276.8299865722656,280.3500061035156,243.33999633789062,255.8800048828125,8616100,0.0,0.0,248.6320007324219
2025-11-03 00:00:00-05:00,258.75,269.55999755859375,253.64999389648438,265.54998779296875,4450400,0.0,0.0,255.67799682617186
2025-11-04 00:00:00-05:00,255.05999755859375,260.32000732421875,249.47999572753906,250.3800048828125,3438000,0.0,0.0,261.15399780273435
2025-11-05 00:00:00-05:00,258.2900085449219,283.94000244140625,257.30999755859375,275.7699890136719,9050400,0.0,0.0,263.1839965820312
2025-11-06 00:00:00-05:00,277.2699890136719,284.4200134277344,273.5199890136719,278.4700012207031,4075300,0.0,0.0,265.2099975585937
2025-11-07 00:00:00-05:00,273.9599914550781,279.80999755859375,263.4599914550781,279.3500061035156,5098700,0.0,0.0,269.90399780273435
2025-11-10 00:00:00-05:00,290.7099914550781,296.0,287.1099853515625,293.989990234375,3971600,0.0,0.0,275.5919982910156
2025-11-11 00:00:00-05:00,289.2699890136719,296.1499938964844,283.5199890136719,288.0,3881100,0.0,0.0,283.1159973144531
2025-11-12 00:00:00-05:00,288.0,297.8800048828125,279.0,283.260009765625,3985300,0.0,0.0,284.61400146484374
2025-11-13 00:00:00-05:00,273.6199951171875,277.5,258.8500061035156,262.55999755859375,5350200,0.0,0.0,281.4320007324219
2025-11-14 00:00:00-05:00,254.14999389648438,267.80999755859375,251.08999633789062,258.2099914550781,4718800,0.0,0.0,277.20399780273436
2025-11-17 00:00:00-05:00,257.5,269.79998779296875,254.47999572753906,261.3800048828125,2851600,0.0,0.0,270.6820007324219
2025-11-18 00:00:00-05:00,257.3900146484375,261.3599853515625,249.52999877929688,253.86000061035156,2479400,0.0,0.0,263.8540008544922
2025-11-19 00:00:00-05:00,253.99000549316406,263.82000732421875,253.99000549316406,259.1400146484375,2306500,0.0,0.0,259.0300018310547
2025-11-20 00:00:00-05:00,273.17999267578125,275.70001220703125,237.39999389648438,240.5,4071000,0.0,0.0,254.61800231933594
2025-11-21 00:00:00-05:00,237.39999389648438,240.5,228.61000061035156,237.49000549316406,4177300,0.0,0.0,250.47400512695313
2025-11-24 00:00:00-05:00,242.9199981689453,256.70001220703125,242.91000366210938,253.3800048828125,4200400,0.0,0.0,248.87400512695314
2025-11-25 00:00:00-05:00,251.17999267578125,263.57000732421875,247.0,261.8900146484375,2555300,0.0,0.0,250.48000793457032
2025-11-26 00:00:00-05:00,264.6600036621094,275.0,262.7200012207031,272.2799987792969,3487500,0.0,0.0,253.10800476074218
2025-11-28 00:00:00-05:00,275.0,277.5799865722656,269.510009765625,276.69000244140625,1243100,0.0,0.0,260.34600524902345
