Date,Open,High,Low,Close,Volume,MA5
2021-01-08,356.20001220703125,369.92999267578125,355.5,368.3299865722656,566200,366.25400390625
2021-01-11,366.30999755859375,375.9700012207031,363.29998779296875,372.19000244140625,435900,368.21400146484376
2021-01-12,373.32000732421875,385.69000244140625,372.989990234375,382.510009765625,442600,369.6180053710938
2021-01-13,382.6400146484375,391.1099853515625,381.0,386.9599914550781,377800,373.23200073242185
2021-01-14,386.1199951171875,393.239990234375,386.010009765625,388.1199951171875,348500,379.6219970703125
2021-01-15,386.8900146484375,386.8900146484375,377.7300109863281,382.5899963378906,453500,382.4739990234375
2021-01-19,387.010009765625,390.6700134277344,384.80999755859375,387.2200012207031,352400,385.47999877929686
2021-01-20,387.75,390.95001220703125,386.3500061035156,387.75,377200,386.5279968261719
2021-01-21,385.67999267578125,390.07000732421875,383.32000732421875,387.67999267578125,336800,386.6719970703125
2021-01-22,384.4200134277344,390.5199890136719,384.2699890136719,389.1700134277344,251200,386.8820007324219
2021-01-25,386.2799987792969,389.32000732421875,383.1400146484375,385.95001220703125,279700,387.55400390625
2021-01-26,389.3399963378906,390.0,383.20001220703125,383.67999267578125,285600,386.84600219726565
2021-01-27,383.5799865722656,392.29998779296875,379.1000061035156,387.6199951171875,397400,386.82000122070315
2021-01-28,389.8299865722656,391.9100036621094,366.1300048828125,367.95001220703125,396600,382.87400512695314
2021-01-29,367.8999938964844,369.4800109863281,353.82000732421875,357.010009765625,409200,376.44200439453124
2021-02-01,366.0,374.2300109863281,362.2200012207031,373.4599914550781,296800,373.9440002441406
2021-02-02,377.4700012207031,386.79998779296875,374.2799987792969,383.7699890136719,299000,373.9619995117188
2021-02-03,380.7099914550781,384.4200134277344,376.2699890136719,378.5299987792969,219000,372.1440002441406
2021-02-04,378.7699890136719,387.4599914550781,378.7699890136719,387.44000244140625,236700,376.0419982910156
2021-02-05,387.3599853515625,390.9800109863281,383.010009765625,385.1600036621094,281500,381.6719970703125
2021-02-08,386.04998779296875,388.6600036621094,383.29998779296875,387.05999755859375,196100,384.3919982910156
2021-02-09,385.92999267578125,390.5299987792969,384.3399963378906,389.6499938964844,176200,385.5679992675781
2021-02-10,389.95001220703125,392.1000061035156,386.2699890136719,388.30999755859375,203500,387.5239990234375
2021-02-11,387.94000244140625,394.8399963378906,385.7099914550781,388.9599914550781,202200,387.8279968261719
2021-02-12,385.4700012207031,389.6300048828125,383.3800048828125,387.9100036621094,300400,388.37799682617185
2021-02-16,395.2799987792969,396.760009765625,389.5899963378906,390.3699951171875,297800,389.0399963378906
2021-02-17,390.25,409.4800109863281,389.8599853515625,403.239990234375,632600,391.75799560546875
2021-02-18,399.4800109863281,412.3800048828125,397.0899963378906,408.510009765625,411600,395.797998046875
2021-02-19,413.30999755859375,413.30999755859375,404.1099853515625,405.9100036621094,233600,399.18800048828126
2021-02-22,403.5899963378906,406.1499938964844,397.8999938964844,398.1099853515625,220500,401.2279968261719
2021-02-23,385.44000244140625,390.989990234375,377.7799987792969,380.9100036621094,296500,399.33599853515625
2021-02-24,384.3299865722656,395.0199890136719,383.1099853515625,390.82000732421875,420600,396.852001953125
2021-02-25,389.42999267578125,389.42999267578125,372.75,378.04998779296875,235400,390.75999755859374
2021-02-26,380.7300109863281,380.7300109863281,370.1099853515625,371.0,303000,383.7779968261719
2021-03-01,376.6199951171875,384.0799865722656,376.6199951171875,380.2900085449219,273300,380.21400146484376
2021-03-02,380.260009765625,380.42999267578125,373.3299865722656,374.80999755859375,233600,378.99400024414064
2021-03-03,375.2300109863281,377.8999938964844,370.1199951171875,370.6300048828125,238300,374.95599975585935
2021-03-04,369.32000732421875,370.760009765625,354.1700134277344,367.6600036621094,336200,372.8780029296875
2021-03-05,373.1600036621094,387.9200134277344,363.32000732421875,387.1499938964844,354800,376.1080017089844
2021-03-08,389.6400146484375,394.3800048828125,383.6199951171875,390.1300048828125,370800,378.0760009765625
2021-03-09,390.19000244140625,393.3299865722656,382.6499938964844,383.8900146484375,305600,379.8920043945312
2021-03-10,387.9800109863281,392.30999755859375,381.8800048828125,390.19000244140625,344200,383.80400390625
2021-03-11,390.7900085449219,397.6600036621094,389.57000732421875,390.8599853515625,247000,388.4440002441406
2021-03-12,391.0199890136719,395.3699951171875,390.0,395.0400085449219,174400,390.0220031738281
2021-03-15,399.1000061035156,401.3299865722656,390.4800109863281,399.1400146484375,336600,391.8240051269531
2021-03-16,399.1000061035156,399.5899963378906,389.20001220703125,391.489990234375,172800,393.3440002441406
2021-03-17,391.489990234375,393.94000244140625,388.5,392.760009765625,165700,393.8580017089844
2021-03-18,392.70001220703125,398.7099914550781,389.6099853515625,393.3500061035156,228200,394.356005859375
2021-03-19,392.07000732421875,393.239990234375,383.5400085449219,386.3900146484375,384700,392.6260070800781
2021-03-22,386.3900146484375,397.1499938964844,383.75,394.20001220703125,226800,391.63800659179685
2021-03-23,391.30999755859375,396.9800109863281,387.510009765625,389.70001220703125,216500,391.28001098632814
2021-03-24,389.260009765625,395.8599853515625,387.9800109863281,388.1000061035156,166000,390.34801025390624
2021-03-25,384.489990234375,400.45001220703125,383.8900146484375,398.7200012207031,197600,391.42200927734376
2021-03-26,399.4599914550781,402.6600036621094,393.9100036621094,400.7799987792969,187600,394.3000061035156
2021-03-29,400.19000244140625,409.70001220703125,397.760009765625,406.1199951171875,241100,396.6840026855469
2021-03-30,406.8900146484375,407.760009765625,400.4200134277344,404.4100036621094,209400,399.6260009765625
2021-03-31,405.25,418.6700134277344,405.25,413.6499938964844,480400,404.7359985351562
2021-04-01,416.1199951171875,424.04998779296875,414.3399963378906,417.42999267578125,472000,408.4779968261719
2021-04-05,421.7200012207031,423.1000061035156,417.1499938964844,420.94000244140625,304400,412.50999755859374
2021-04-06,419.9800109863281,422.5799865722656,417.2099914550781,419.5,268200,415.1859985351563
2021-04-07,419.29998779296875,419.29998779296875,412.25,415.05999755859375,223800,417.3159973144531
2021-04-08,414.2900085449219,420.1700134277344,411.4800109863281,419.1000061035156,244200,418.4059997558594
2021-04-09,420.5899963378906,420.5899963378906,416.2300109863281,419.7200012207031,213400,418.86400146484374
2021-04-12,420.54998779296875,428.6300048828125,419.07000732421875,427.4599914550781,293100,420.1679992675781
2021-04-13,426.6600036621094,427.0400085449219,423.1199951171875,423.9100036621094,174700,421.05
2021-04-14,425.7300109863281,428.0799865722656,422.70001220703125,423.510009765625,208100,422.74000244140626
2021-04-15,423.5400085449219,428.1700134277344,421.80999755859375,426.80999755859375,196800,424.28200073242186
2021-04-16,430.1199951171875,430.8900146484375,425.75,429.25,227800,426.18800048828126
2021-04-19,430.010009765625,430.45001220703125,426.6300048828125,429.20001220703125,341500,426.5360046386719
2021-04-20,429.42999267578125,431.9200134277344,420.1099853515625,425.6400146484375,270000,426.8820068359375
2021-04-21,426.0299987792969,437.6199951171875,423.3500061035156,436.010009765625,195100,429.3820068359375
2021-04-22,434.760009765625,442.2900085449219,433.67999267578125,437.6499938964844,197600,431.5500061035156
2021-04-23,439.5400085449219,444.1300048828125,436.010009765625,443.4599914550781,173200,434.3920043945312
2021-04-26,445.9599914550781,446.1199951171875,438.5899963378906,440.4200134277344,190700,436.63600463867186
2021-04-27,441.44000244140625,445.0799865722656,437.1400146484375,442.9100036621094,231500,440.0900024414062
2021-04-28,452.3599853515625,453.760009765625,441.3599853515625,450.2699890136719,372300,442.94199829101564
2021-04-29,453.8699951171875,457.7900085449219,449.2200012207031,452.2200012207031,203300,445.8559997558594
2021-04-30,450.5899963378906,452.75,446.7200012207031,447.75,194600,446.71400146484376
2021-05-03,448.489990234375,449.7699890136719,440.3900146484375,442.1600036621094,375000,447.06199951171874
2021-05-04,440.2799987792969,440.6000061035156,428.3999938964844,432.30999755859375,273300,444.94199829101564
2021-05-05,434.0199890136719,434.0199890136719,424.2799987792969,429.2799987792969,366200,440.74400024414064
2021-05-06,429.739990234375,434.9700012207031,427.2200012207031,433.8699951171875,205700,437.0739990234375
2021-05-07,432.32000732421875,439.9800109863281,430.010009765625,435.989990234375,197900,434.7219970703125
2021-05-10,434.6199951171875,438.75,431.510009765625,431.9800109863281,551200,432.6859985351563
2021-05-11,428.25,428.25,418.25,423.6099853515625,258100,430.94599609375
2021-05-12,422.1199951171875,424.1099853515625,412.4200134277344,412.4200134277344,454000,427.5739990234375
2021-05-13,414.4800109863281,417.2099914550781,408.8399963378906,409.4100036621094,1582000,422.6820007324219
2021-05-14,413.2799987792969,428.3500061035156,412.6300048828125,425.8399963378906,355700,420.652001953125
2021-05-17,423.3800048828125,426.1700134277344,415.5299987792969,416.2900085449219,637700,417.5140014648438
2021-05-18,414.6600036621094,417.739990234375,408.6099853515625,409.42999267578125,473100,414.6780029296875
2021-05-19,405.989990234375,405.989990234375,398.44000244140625,402.5799865722656,365100,412.7099975585937
2021-05-20,403.42999267578125,415.54998779296875,400.2799987792969,406.44000244140625,329600,412.1159973144531
2021-05-21,409.17999267578125,411.04998779296875,403.489990234375,406.239990234375,344500,408.19599609375
2021-05-24,412.3699951171875,412.6400146484375,407.0,410.6700134277344,427000,407.0719970703125
2021-05-25,416.0,418.9599914550781,408.6300048828125,409.8599853515625,304800,407.1579956054687
2021-05-26,408.8299865722656,413.32000732421875,407.7699890136719,409.3699951171875,308600,408.5159973144531
2021-05-27,412.0,418.8800048828125,410.17999267578125,417.3399963378906,447000,410.69599609375
2021-05-28,416.92999267578125,420.07000732421875,414.1099853515625,419.4700012207031,261300,413.3419982910156
2021-06-01,422.3699951171875,429.42999267578125,420.2200012207031,429.07000732421875,369100,417.0219970703125
2021-06-02,429.6400146484375,430.4800109863281,422.57000732421875,423.4200134277344,301200,419.7340026855469
2021-06-03,420.2300109863281,423.1300048828125,419.760009765625,421.3599853515625,218700,422.1320007324219
2021-06-04,421.6000061035156,423.6300048828125,420.6400146484375,422.1600036621094,220800,423.09600219726565
2021-06-07,421.8800048828125,421.8800048828125,415.6199951171875,416.9700012207031,230600,422.59600219726565
2021-06-08,416.79998779296875,425.04998779296875,415.6199951171875,422.6300048828125,285100,421.30800170898436
2021-06-09,420.5199890136719,423.3800048828125,415.2699890136719,418.7699890136719,296000,420.37799682617185
2021-06-10,422.239990234375,424.42999267578125,419.32000732421875,421.5199890136719,202700,420.4099975585938
2021-06-11,423.7099914550781,424.8999938964844,420.6400146484375,424.0799865722656,179300,420.793994140625
2021-06-14,422.1400146484375,424.8999938964844,420.4700012207031,424.80999755859375,526300,422.36199340820315
2021-06-15,426.5400085449219,428.95001220703125,421.9800109863281,426.6499938964844,306700,423.1659912109375
2021-06-16,427.2300109863281,431.7799987792969,425.2200012207031,429.4800109863281,316600,425.30799560546876
2021-06-17,430.2900085449219,432.25,423.6499938964844,425.989990234375,271500,426.2019958496094
2021-06-18,421.6400146484375,427.3800048828125,421.6400146484375,422.8599853515625,555200,425.95799560546874
2021-06-21,425.5299987792969,434.6099853515625,425.0,433.5,303700,427.69599609375
2021-06-22,432.0,433.0199890136719,428.70001220703125,429.8999938964844,323200,428.34599609375
2021-06-23,429.6300048828125,430.7300109863281,421.05999755859375,422.1199951171875,243900,426.8739929199219
2021-06-24,424.8699951171875,425.25,420.1099853515625,423.82000732421875,199800,426.43999633789065
2021-06-25,423.82000732421875,428.8699951171875,423.20001220703125,427.6600036621094,278000,427.4
2021-06-28,424.69000244140625,426.32000732421875,418.8900146484375,421.4800109863281,229800,424.9960021972656
2021-06-29,421.67999267578125,424.4200134277344,416.17999267578125,418.0,229700,422.6160034179687
2021-06-30,416.2900085449219,422.010009765625,415.8500061035156,418.8299865722656,192400,421.9580017089844
2021-07-01,419.6300048828125,421.30999755859375,417.2200012207031,421.29998779296875,133300,421.45399780273436
2021-07-02,423.0899963378906,424.42999267578125,420.2799987792969,422.5199890136719,135900,420.4259948730469
2021-07-06,421.9700012207031,422.4200134277344,414.6600036621094,422.3299865722656,264400,420.5959899902344
2021-07-07,421.7200012207031,427.2300109863281,419.6199951171875,427.0299987792969,135900,422.40198974609376
2021-07-08,416.739990234375,425.29998779296875,416.739990234375,418.05999755859375,165400,422.24799194335935
2021-07-09,423.6700134277344,427.0,421.94000244140625,426.7900085449219,133200,423.34599609375
2021-07-12,424.29998779296875,427.2200012207031,422.95001220703125,426.8599853515625,143600,424.2139953613281
2021-07-13,424.05999755859375,439.57000732421875,424.05999755859375,437.2099914550781,464700,427.18999633789065
2021-07-14,438.8299865722656,438.8999938964844,430.69000244140625,434.0,215000,428.58399658203126
2021-07-15,431.510009765625,438.6000061035156,430.30999755859375,436.4100036621094,182900,432.2539978027344
2021-07-16,439.79998779296875,439.79998779296875,433.2300109863281,434.8599853515625,163300,433.8679931640625
2021-07-19,427.2300109863281,427.9200134277344,417.32000732421875,420.260009765625,222800,432.547998046875
2021-07-20,421.6000061035156,438.8500061035156,421.3699951171875,436.4700012207031,254600,432.4
2021-07-21,438.2699890136719,442.3900146484375,433.9700012207031,442.3800048828125,224500,434.0760009765625
2021-07-22,442.4800109863281,442.9800109863281,439.57000732421875,442.010009765625,195500,435.1960021972656
2021-07-23,445.7300109863281,447.2099914550781,443.0,445.6600036621094,178600,437.356005859375
2021-07-26,445.79998779296875,447.44000244140625,440.80999755859375,444.989990234375,190100,442.302001953125
2021-07-27,442.5400085449219,443.3999938964844,439.2300109863281,441.510009765625,211200,443.31000366210935
2021-07-28,445.510009765625,459.8399963378906,445.510009765625,456.07000732421875,471400,446.0480041503906
2021-07-29,457.7200012207031,457.7200012207031,448.94000244140625,448.94000244140625,216000,447.4340026855469
2021-07-30,446.3800048828125,453.3599853515625,446.1499938964844,452.7699890136719,271700,448.8559997558594
2021-08-02,454.67999267578125,462.8500061035156,451.8299865722656,452.8500061035156,280800,450.4280029296875
2021-08-03,451.6099853515625,455.2799987792969,448.2699890136719,454.3900146484375,194700,453.00400390625
2021-08-04,453.07000732421875,457.32000732421875,450.2699890136719,453.3900146484375,227700,452.46800537109374
2021-08-05,457.2799987792969,460.79998779296875,453.9100036621094,454.25,241100,453.5300048828125
2021-08-06,457.2699890136719,460.32000732421875,456.1199951171875,458.17999267578125,172600,454.61200561523435
2021-08-09,456.69000244140625,459.4599914550781,454.989990234375,456.07000732421875,180500,455.256005859375
2021-08-10,456.739990234375,458.260009765625,452.5,452.8699951171875,169500,454.952001953125
2021-08-11,452.5899963378906,457.260009765625,451.0,456.95001220703125,138900,455.66400146484375
2021-08-12,459.04998779296875,460.4700012207031,456.04998779296875,456.7099914550781,242800,456.1559997558594
2021-08-13,455.55999755859375,460.44000244140625,454.92999267578125,455.3500061035156,108300,455.5900024414062
2021-08-16,450.0,455.2699890136719,446.010009765625,454.82000732421875,166100,455.3400024414062
2021-08-17,452.2900085449219,456.95001220703125,450.2099914550781,455.7900085449219,222500,455.92400512695315
2021-08-18,453.8800048828125,459.8299865722656,451.760009765625,451.94000244140625,295500,454.9220031738281
2021-08-19,447.3399963378906,451.55999755859375,444.9800109863281,446.0299987792969,169000,452.7860046386719
2021-08-20,444.3699951171875,453.19000244140625,443.1499938964844,450.4599914550781,220100,451.80800170898436
2021-08-23,453.54998779296875,459.3900146484375,451.92999267578125,454.4800109863281,203900,451.74000244140626
2021-08-24,455.94000244140625,460.2300109863281,455.94000244140625,455.9599914550781,204500,451.7739990234375
2021-08-25,457.9800109863281,461.0899963378906,456.7900085449219,458.0299987792969,295700,452.99199829101565
2021-08-26,456.8599853515625,457.80999755859375,451.95001220703125,453.80999755859375,200000,454.547998046875
2021-08-27,456.30999755859375,460.75,454.80999755859375,458.8900146484375,257900,456.2340026855469
2021-08-30,460.0,463.44000244140625,458.30999755859375,458.9800109863281,216700,457.1340026855469
2021-08-31,459.7699890136719,464.2300109863281,453.5299987792969,463.3800048828125,1234200,458.6180053710938
2021-09-01,464.55999755859375,465.3999938964844,453.8999938964844,457.9100036621094,394100,458.59400634765626
2021-09-02,459.5899963378906,465.3299865722656,458.5799865722656,459.8299865722656,401000,459.7980041503906
2021-09-03,455.04998779296875,456.42999267578125,447.6700134277344,448.80999755859375,288000,457.78200073242186
2021-09-07,445.04998779296875,446.2300109863281,439.20001220703125,443.5899963378906,306200,454.70399780273436
2021-09-08,442.69000244140625,446.8999938964844,437.42999267578125,445.57000732421875,243800,451.1419982910156
2021-09-09,445.8900146484375,447.25,440.25,440.9700012207031,228600,447.7539978027344
2021-09-10,444.19000244140625,444.19000244140625,432.510009765625,432.82000732421875,301400,442.352001953125
2021-09-13,434.2799987792969,434.2799987792969,423.9100036621094,428.20001220703125,451100,438.2300048828125
2021-09-14,434.4800109863281,434.6700134277344,424.57000732421875,431.3900146484375,464000,435.7900085449219
2021-09-15,430.6499938964844,434.3399963378906,427.9700012207031,431.5899963378906,360600,432.99400634765624
2021-09-16,431.6000061035156,431.8900146484375,427.3500061035156,427.9599914550781,265800,430.3920043945312
2021-09-17,426.510009765625,426.80999755859375,420.1700134277344,423.1499938964844,1060500,428.4580017089844
2021-09-20,415.0,420.3399963378906,412.510009765625,418.6700134277344,415300,426.552001953125
2021-09-21,421.42999267578125,422.3900146484375,414.0899963378906,418.1499938964844,295300,423.90399780273435
2021-09-22,419.0,430.1199951171875,419.0,427.25,233000,423.03599853515624
2021-09-23,430.42999267578125,434.9700012207031,428.9599914550781,433.0799865722656,223400,424.05999755859375
2021-09-24,431.1300048828125,436.8500061035156,431.1300048828125,433.489990234375,242600,426.12799682617185
2021-09-27,434.75,437.489990234375,431.92999267578125,432.5199890136719,282600,428.8979919433594
2021-09-28,431.9200134277344,435.3800048828125,429.3900146484375,432.260009765625,230100,431.7199951171875
2021-09-29,434.45001220703125,435.9599914550781,432.0199890136719,432.5199890136719,202200,432.77399291992185
2021-09-30,434.0899963378906,438.3399963378906,429.260009765625,429.5799865722656,396300,432.07399291992186
2021-10-01,431.9599914550781,440.29998779296875,430.1400146484375,436.9800109863281,287500,432.7719970703125
2021-10-04,435.92999267578125,437.6700134277344,424.1499938964844,429.67999267578125,355200,432.20399780273436
2021-10-05,431.94000244140625,433.45001220703125,428.54998779296875,429.05999755859375,283500,431.5639953613281
2021-10-06,425.1099853515625,429.67999267578125,422.4200134277344,428.7900085449219,235400,430.8179992675781
2021-10-07,432.55999755859375,436.20001220703125,429.20001220703125,429.4700012207031,178600,430.79600219726564
2021-10-08,429.9200134277344,430.2200012207031,421.1700134277344,422.6300048828125,254900,427.9260009765625
2021-10-11,422.94000244140625,427.70001220703125,421.32000732421875,422.44000244140625,141100,426.4780029296875
2021-10-12,423.44000244140625,428.54998779296875,422.010009765625,424.3599853515625,202300,425.5380004882812
2021-10-13,422.8399963378906,424.239990234375,419.3999938964844,423.6499938964844,147200,424.50999755859374
2021-10-14,426.3800048828125,430.0400085449219,425.3800048828125,428.17999267578125,232000,424.2519958496094
2021-10-15,430.75,430.75,425.7799987792969,429.3900146484375,336300,425.6039978027344
2021-10-18,428.54998779296875,436.1099853515625,427.57000732421875,432.80999755859375,190300,427.67799682617186
2021-10-19,432.6199951171875,437.6400146484375,431.95001220703125,436.7300109863281,286300,430.152001953125
2021-10-20,437.67999267578125,442.5,435.57000732421875,439.5799865722656,175900,433.33800048828124
2021-10-21,438.260009765625,444.45001220703125,438.260009765625,444.2799987792969,244900,436.55800170898436
2021-10-22,444.8900146484375,450.32000732421875,442.67999267578125,446.1600036621094,200500,439.91199951171876
2021-10-25,447.0199890136719,449.79998779296875,443.9700012207031,445.07000732421875,179100,442.36400146484374
2021-10-26,444.1600036621094,446.42999267578125,435.9200134277344,437.6300048828125,372500,442.54400024414065
2021-10-27,457.989990234375,462.19000244140625,445.4100036621094,452.3399963378906,561800,445.09600219726565
2021-10-28,452.2099914550781,454.07000732421875,444.55999755859375,446.57000732421875,274800,445.55400390625
2021-10-29,445.1700134277344,456.2900085449219,444.7699890136719,449.2200012207031,395300,446.16600341796874
2021-11-01,448.760009765625,452.2799987792969,439.7300109863281,450.8500061035156,253300,447.32200317382814
2021-11-02,453.29998779296875,455.80999755859375,446.2900085449219,448.9599914550781,134900,449.58800048828124
2021-11-03,446.07000732421875,448.44000244140625,439.5299987792969,445.2099914550781,203900,448.16199951171876
2021-11-04,444.1000061035156,450.6300048828125,443.489990234375,447.6000061035156,142800,448.3679992675781
2021-11-05,451.0199890136719,455.3500061035156,442.0899963378906,446.3500061035156,244500,447.79400024414065
2021-11-08,448.3500061035156,448.3500061035156,441.25,441.6499938964844,294200,445.95399780273436
2021-11-09,440.5400085449219,443.6700134277344,438.1499938964844,438.989990234375,255400,443.9599975585937
2021-11-10,438.0,445.3800048828125,436.69000244140625,442.9800109863281,269600,443.5140014648438
2021-11-11,443.7699890136719,446.7799987792969,440.3500061035156,443.55999755859375,187200,442.70599975585935
2021-11-12,444.6199951171875,444.6400146484375,439.70001220703125,444.3599853515625,196300,442.30799560546876
2021-11-15,445.8999938964844,447.9200134277344,443.20001220703125,443.8399963378906,143800,442.74599609375
2021-11-16,443.55999755859375,452.4599914550781,443.55999755859375,449.6700134277344,199600,444.8820007324219
2021-11-17,448.6700134277344,452.2300109863281,448.6400146484375,451.2099914550781,148200,446.5279968261719
2021-11-18,451.2799987792969,451.4200134277344,446.2699890136719,449.510009765625,118700,447.71799926757814
2021-11-19,445.010009765625,449.4100036621094,443.2300109863281,444.2200012207031,205200,447.69000244140625
2021-11-22,444.1199951171875,448.5,438.489990234375,438.760009765625,259900,446.67400512695315
2021-11-23,439.6099853515625,439.7300109863281,434.2900085449219,435.8900146484375,169500,443.9180053710937
2021-11-24,433.8699951171875,438.0299987792969,430.1199951171875,437.7200012207031,145900,441.2200073242187
2021-11-26,426.489990234375,428.7200012207031,420.9599914550781,426.29998779296875,138100,436.5780029296875
2021-11-29,430.3900146484375,436.42999267578125,427.8500061035156,431.8800048828125,211300,434.11000366210936
2021-11-30,428.8299865722656,429.0400085449219,414.45001220703125,415.2900085449219,627000,429.41600341796874
2021-12-01,424.010009765625,424.92999267578125,412.8299865722656,412.8599853515625,241500,424.80999755859375
2021-12-02,415.5899963378906,424.32000732421875,415.5899963378906,421.6400146484375,413200,421.5940002441406
2021-12-03,419.0299987792969,421.8299865722656,411.95001220703125,415.80999755859375,232100,419.4960021972656
2021-12-06,421.54998779296875,428.82000732421875,417.6600036621094,424.54998779296875,227100,418.0299987792969
2021-12-07,428.0799865722656,435.5400085449219,426.8399963378906,432.55999755859375,206900,421.48399658203124
2021-12-08,435.1099853515625,437.6499938964844,433.8699951171875,434.6400146484375,141800,425.8400024414062
2021-12-09,432.5899963378906,436.7699890136719,430.95001220703125,431.1099853515625,199100,427.73399658203124
2021-12-10,432.8599853515625,438.2099914550781,432.8599853515625,435.3699951171875,148300,431.64599609375
2021-12-13,435.45001220703125,435.6199951171875,429.8699951171875,432.5400085449219,215900,433.24400024414064
2021-12-14,431.80999755859375,434.6199951171875,430.0,432.05999755859375,156900,433.1440002441406
2021-12-15,434.6300048828125,439.489990234375,427.9200134277344,439.010009765625,153000,434.01799926757815
2021-12-16,440.760009765625,442.2099914550781,430.8900146484375,432.32000732421875,210400,434.2600036621094
2021-12-17,429.6400146484375,430.2300109863281,417.07000732421875,417.3699951171875,567200,430.6600036621094
2021-12-20,412.7799987792969,413.8599853515625,405.0400085449219,411.5199890136719,227600,426.45599975585935
2021-12-21,414.260009765625,424.19000244140625,413.25,423.0400085449219,175500,424.652001953125
2021-12-22,422.8999938964844,426.1099853515625,420.3299865722656,425.95001220703125,136100,422.0400024414063
2021-12-23,427.2799987792969,431.7099914550781,425.2799987792969,428.7300109863281,129700,421.32200317382814
2021-12-27,428.7699890136719,434.17999267578125,427.6499938964844,433.2900085449219,107500,424.506005859375
2021-12-28,431.9800109863281,436.8900146484375,431.9800109863281,434.760009765625,133200,429.1540100097656
2021-12-29,434.19000244140625,439.6199951171875,434.19000244140625,436.5299987792969,121200,431.8520080566406
2021-12-30,439.3599853515625,441.92999267578125,435.0899963378906,435.3399963378906,100000,433.7300048828125
2021-12-31,434.0199890136719,438.6300048828125,434.0199890136719,436.8900146484375,188100,435.36200561523435
2022-01-03,437.5,443.5,435.1000061035156,442.1700134277344,216800,437.13800659179685
2022-01-04,443.3900146484375,449.4200134277344,442.6199951171875,448.0799865722656,256100,439.802001953125
2022-01-05,448.8399963378906,451.30999755859375,428.739990234375,428.9200134277344,200300,438.2800048828125
2022-01-06,430.7799987792969,437.8399963378906,426.4700012207031,426.8800048828125,179100,436.5880065917969
2022-01-07,425.2699890136719,428.3399963378906,421.5299987792969,422.010009765625,160500,433.61200561523435
2022-01-10,418.8699951171875,421.3599853515625,412.8299865722656,421.2900085449219,185500,429.4360046386719
2022-01-11,422.260009765625,429.6400146484375,418.57000732421875,428.7099914550781,173100,425.5620056152344
2022-01-12,431.95001220703125,431.95001220703125,425.79998779296875,428.510009765625,127100,425.4800048828125
2022-01-13,429.1000061035156,430.57000732421875,422.19000244140625,423.010009765625,142800,424.706005859375
2022-01-14,418.6199951171875,421.70001220703125,415.4100036621094,420.4800109863281,176800,424.40000610351564
2022-01-18,415.1000061035156,415.739990234375,409.92999267578125,412.6400146484375,233900,422.6700073242188
2022-01-19,413.3399963378906,421.5,412.6499938964844,416.79998779296875,232200,420.2880065917969
2022-01-20,418.5,426.7699890136719,416.57000732421875,417.9700012207031,263000,418.1800048828125
2022-01-21,418.3500061035156,421.7799987792969,411.6000061035156,414.2699890136719,294600,416.4320007324219
2022-01-24,407.2300109863281,417.1600036621094,397.5799865722656,417.010009765625,314900,415.7380004882813
2022-01-25,410.510009765625,411.4700012207031,397.5899963378906,405.2300109863281,366000,414.25599975585936
2022-01-26,409.25,415.20001220703125,400.6400146484375,405.989990234375,348300,412.0940002441406
2022-01-27,425.0,427.0,396.5799865722656,397.4100036621094,392200,407.98200073242185
2022-01-28,399.3800048828125,410.45001220703125,391.2799987792969,410.0400085449219,345000,407.13600463867186
2022-01-31,408.2200012207031,422.0299987792969,408.2200012207031,421.42999267578125,309500,408.02000122070314
2022-02-01,420.9700012207031,424.4800109863281,415.6099853515625,422.29998779296875,290500,411.4339965820312
2022-02-02,423.0,429.7799987792969,420.8299865722656,428.4200134277344,320600,415.9200012207031
2022-02-03,424.57000732421875,429.0899963378906,421.5,422.7200012207031,171800,420.98200073242185
2022-02-04,420.739990234375,423.92999267578125,414.0299987792969,417.7099914550781,195000,422.5159973144531
2022-02-07,417.7300109863281,424.2900085449219,417.7300109863281,421.8900146484375,157600,422.6080017089844
2022-02-08,421.44000244140625,424.3900146484375,417.20001220703125,423.5,189100,422.84800415039064
2022-02-09,429.0299987792969,433.2699890136719,427.3599853515625,432.2099914550781,158500,423.6059997558594
2022-02-10,423.3500061035156,433.3599853515625,421.45001220703125,424.8900146484375,162900,424.0400024414063
2022-02-11,425.70001220703125,428.0,417.3500061035156,421.44000244140625,239000,424.7860046386719
2022-02-14,421.8399963378906,424.5899963378906,411.5799865722656,416.94000244140625,187900,423.79600219726564
2022-02-15,419.9100036621094,426.07000732421875,418.9599914550781,425.44000244140625,169500,424.1840026855469
2022-02-16,422.7099914550781,429.489990234375,419.19000244140625,426.4700012207031,207800,423.0360046386719
2022-02-17,422.75,426.8500061035156,418.2699890136719,419.9800109863281,169100,422.05400390625
2022-02-18,419.3599853515625,424.1199951171875,416.45001220703125,419.9200134277344,177300,421.7500061035156
2022-02-22,419.44000244140625,421.2799987792969,412.239990234375,416.7699890136719,146000,421.71600341796875
2022-02-23,418.80999755859375,418.8999938964844,404.8500061035156,406.7200012207031,202200,417.9720031738281
2022-02-24,398.45001220703125,418.1000061035156,398.45001220703125,418.0799865722656,240700,416.29400024414065
2022-02-25,418.6400146484375,428.9599914550781,417.1199951171875,428.6300048828125,167200,418.0239990234375
2022-02-28,423.9200134277344,431.6199951171875,421.4700012207031,429.3800048828125,322300,419.91599731445314
2022-03-01,428.0,429.6000061035156,421.80999755859375,425.7300109863281,226700,421.7080017089844
2022-03-02,427.510009765625,442.0400085449219,425.8800048828125,440.82000732421875,277400,428.5280029296875
2022-03-03,442.1300048828125,443.5,437.739990234375,442.0400085449219,243300,433.32000732421875
2022-03-04,441.45001220703125,450.510009765625,435.9700012207031,450.0299987792969,351200,437.6000061035156
2022-03-07,447.3800048828125,451.45001220703125,433.8699951171875,435.0,426900,438.7240051269531
2022-03-08,436.260009765625,441.3900146484375,427.32000732421875,430.55999755859375,251100,439.69000244140625
2022-03-09,436.010009765625,443.9200134277344,433.0,441.4200134277344,244400,439.81000366210935
2022-03-10,435.6700134277344,440.0199890136719,421.8999938964844,425.07000732421875,373900,436.41600341796874
2022-03-11,428.489990234375,429.989990234375,420.0400085449219,420.3999938964844,205700,430.49000244140626
2022-03-14,421.8999938964844,427.6499938964844,415.8800048828125,418.67999267578125,169200,427.2260009765625
2022-03-15,420.1600036621094,429.1499938964844,419.6300048828125,426.510009765625,253800,426.41600341796874
2022-03-16,430.0,436.2900085449219,424.3500061035156,428.5299987792969,316100,423.83800048828124
2022-03-17,427.0400085449219,433.29998779296875,423.8599853515625,432.9100036621094,254600,425.4059997558594
2022-03-18,432.8399963378906,437.79998779296875,431.5400085449219,437.3800048828125,328700,428.802001953125
2022-03-21,436.9200134277344,449.1099853515625,435.0,448.739990234375,330700,434.8140014648437
2022-03-22,450.0,452.3999938964844,444.54998779296875,449.80999755859375,252000,439.4739990234375
2022-03-23,449.2099914550781,456.0,446.1199951171875,454.6400146484375,386800,444.6960021972656
2022-03-24,458.29998779296875,468.1199951171875,455.4200134277344,467.92999267578125,314900,451.7
2022-03-25,469.7699890136719,474.4200134277344,466.32000732421875,471.5799865722656,309200,458.5399963378906
2022-03-28,471.42999267578125,473.5299987792969,467.2900085449219,470.8299865722656,340600,462.95799560546874
2022-03-29,475.0,475.989990234375,464.0400085449219,471.3699951171875,286200,467.2699951171875
2022-03-30,473.4700012207031,474.5299987792969,469.9599914550781,473.1199951171875,256400,470.9659912109375
2022-03-31,473.1000061035156,478.0899963378906,471.9599914550781,472.6300048828125,272000,471.90599365234374
2022-04-01,471.739990234375,477.1499938964844,467.0899963378906,474.29998779296875,269900,472.4499938964844
2022-04-04,475.32000732421875,485.5,474.04998779296875,484.70001220703125,397600,475.2239990234375
2022-04-05,484.1000061035156,490.75,480.6600036621094,481.2799987792969,350600,477.20599975585935
2022-04-06,478.2900085449219,481.32000732421875,475.05999755859375,476.25,250500,477.8320007324219
2022-04-07,474.4100036621094,481.239990234375,473.6499938964844,479.70001220703125,248500,479.2460021972656
2022-04-08,480.1099853515625,482.82000732421875,475.1499938964844,480.67999267578125,217200,480.5220031738281
2022-04-11,480.6499938964844,488.0799865722656,472.7699890136719,473.2699890136719,317300,478.2359985351562
2022-04-12,476.8900146484375,483.94000244140625,475.0,477.6499938964844,198100,477.50999755859374
2022-04-13,478.4200134277344,484.7200012207031,476.4100036621094,480.20001220703125,299400,478.3
2022-04-14,482.6600036621094,486.8500061035156,480.1099853515625,480.239990234375,206500,478.4079956054687
2022-04-18,478.8299865722656,482.9100036621094,476.6600036621094,481.3299865722656,145600,478.5379943847656
2022-04-19,481.8399963378906,486.6700134277344,479.5400085449219,482.4599914550781,212300,480.37599487304686
2022-04-20,483.45001220703125,490.7200012207031,482.3999938964844,488.6300048828125,241600,482.5719970703125
2022-04-21,491.2099914550781,493.9700012207031,478.3500061035156,479.4100036621094,204600,482.41399536132815
2022-04-22,475.75,480.0400085449219,467.0299987792969,467.8800048828125,202600,479.94199829101564
2022-04-25,465.7900085449219,469.260009765625,457.20001220703125,468.67999267578125,312000,477.41199951171876
2022-04-26,466.8299865722656,469.55999755859375,462.57000732421875,462.57000732421875,405900,473.4340026855469
2022-04-27,456.9200134277344,470.7699890136719,450.1099853515625,451.1600036621094,402700,465.94000244140625
2022-04-28,457.1600036621094,460.17999267578125,450.9599914550781,452.8900146484375,374400,460.63600463867186
2022-04-29,449.510009765625,452.95001220703125,430.8500061035156,431.54998779296875,448500,453.3700012207031
2022-05-02,430.8800048828125,437.5,418.94000244140625,428.4599914550781,310500,445.3260009765625
2022-05-03,428.1000061035156,428.6499938964844,417.8500061035156,417.9800109863281,315000,436.4080017089844
2022-05-04,418.7099914550781,428.05999755859375,413.5799865722656,427.94000244140625,305800,431.7640014648438
2022-05-05,423.4599914550781,424.8800048828125,411.8699951171875,417.9599914550781,450700,424.7779968261719
2022-05-06,416.1600036621094,418.1199951171875,402.8699951171875,407.5199890136719,516900,419.9719970703125
2022-05-09,401.0199890136719,405.2900085449219,396.69000244140625,399.0,549700,414.0799987792969
2022-05-10,401.6300048828125,401.6400146484375,388.8999938964844,392.010009765625,564000,408.88599853515626
2022-05-11,390.7099914550781,398.32000732421875,385.42999267578125,388.4700012207031,439000,400.99199829101565
2022-05-12,387.3299865722656,387.5799865722656,374.6499938964844,384.7699890136719,616700,394.3539978027344
2022-05-13,387.3299865722656,400.95001220703125,387.0,400.95001220703125,482400,393.0400024414063
2022-05-16,398.1400146484375,400.1199951171875,392.8999938964844,396.1000061035156,332100,392.4600036621094
2022-05-17,401.1400146484375,407.5299987792969,400.67999267578125,406.44000244140625,312100,395.34600219726565
2022-05-18,402.260009765625,405.010009765625,389.29998779296875,390.95001220703125,230000,395.8420043945313
2022-05-19,389.1600036621094,393.80999755859375,385.5400085449219,390.6000061035156,316300,397.0080078125
2022-05-20,390.2900085449219,391.760009765625,374.0299987792969,386.1000061035156,401700,394.0380065917969
2022-05-23,389.7900085449219,395.20001220703125,381.2699890136719,393.4200134277344,302800,393.50200805664065
2022-05-24,391.3299865722656,391.8299865722656,383.75,390.75,199600,390.3640075683594
2022-05-25,389.5199890136719,390.4599914550781,383.69000244140625,387.7799987792969,227000,389.7300048828125
2022-05-26,390.010009765625,392.5899963378906,387.4800109863281,388.25,313100,389.2600036621094
2022-05-27,392.1499938964844,398.2300109863281,388.5299987792969,398.2099914550781,302300,391.6820007324219
2022-05-31,397.1099853515625,407.260009765625,393.42999267578125,405.1499938964844,886200,394.0279968261719
2022-06-01,407.9200134277344,407.9200134277344,395.2900085449219,398.8299865722656,163300,395.643994140625
2022-06-02,398.8999938964844,414.4100036621094,397.0199890136719,414.2200012207031,247500,400.93199462890624
2022-06-03,410.1300048828125,416.17999267578125,404.6400146484375,405.1499938964844,171800,404.31199340820314
2022-06-06,407.8599853515625,409.32000732421875,403.2699890136719,406.739990234375,332700,406.0179931640625
2022-06-07,401.7699890136719,413.1400146484375,401.7699890136719,412.94000244140625,166100,407.57599487304685
2022-06-08,410.25,413.17999267578125,401.8399963378906,402.17999267578125,223500,408.24599609375
2022-06-09,400.54998779296875,405.7900085449219,393.3399963378906,393.7300109863281,269100,404.147998046875
2022-06-10,385.70001220703125,387.4200134277344,380.2200012207031,380.5799865722656,278100,399.23399658203124
2022-06-13,374.1600036621094,379.32000732421875,366.94000244140625,369.3800048828125,323800,391.7619995117187
2022-06-14,369.0,370.6000061035156,361.260009765625,364.8299865722656,360100,382.13999633789064
2022-06-15,368.0899963378906,377.7300109863281,367.5299987792969,372.6700134277344,320700,376.2380004882813
2022-06-16,364.80999755859375,364.80999755859375,351.69000244140625,352.6099853515625,417500,368.0139953613281
2022-06-17,353.3599853515625,354.989990234375,344.6600036621094,350.3500061035156,434300,361.96799926757814
2022-06-21,353.8999938964844,366.1400146484375,353.8999938964844,364.2099914550781,451000,360.9339965820312
2022-06-22,360.04998779296875,367.3800048828125,360.04998779296875,363.44000244140625,367900,360.6559997558594
2022-06-23,365.239990234375,366.69000244140625,358.2300109863281,365.2300109863281,193500,359.1679992675781
2022-06-24,370.1700134277344,378.2300109863281,369.0,378.0199890136719,371800,364.25
2022-06-27,381.4700012207031,381.4700012207031,375.7300109863281,378.3399963378906,206500,369.847998046875
2022-06-28,379.6400146484375,385.5400085449219,371.4800109863281,372.010009765625,190600,371.4080017089844
2022-06-29,372.9700012207031,373.1099853515625,366.6700134277344,371.75,229500,373.07000122070315
2022-06-30,367.79998779296875,380.7099914550781,367.7099914550781,375.1099853515625,394400,375.04599609375
2022-07-01,374.30999755859375,380.0400085449219,371.2200012207031,379.6300048828125,239800,375.3679992675781
2022-07-05,373.4700012207031,380.05999755859375,366.8900146484375,379.739990234375,307700,375.647998046875
2022-07-06,380.30999755859375,385.79998779296875,377.260009765625,382.1300048828125,223600,377.6719970703125
2022-07-07,382.5299987792969,387.3800048828125,382.1600036621094,384.8599853515625,193000,380.293994140625
2022-07-08,383.67999267578125,386.3999938964844,382.6600036621094,384.1600036621094,177700,382.1039978027344
2022-07-11,381.7900085449219,383.7699890136719,378.7900085449219,380.54998779296875,145500,382.2879943847656
2022-07-12,379.9700012207031,384.3800048828125,374.32000732421875,375.9800109863281,193100,381.53599853515624
2022-07-13,370.7900085449219,377.8900146484375,368.7300109863281,375.4599914550781,185000,380.2019958496094
2022-07-14,371.260009765625,374.0299987792969,367.1300048828125,372.6199951171875,152400,377.7539978027344
2022-07-15,378.9599914550781,382.989990234375,375.0,382.0299987792969,221900,377.3279968261719
2022-07-18,384.2099914550781,386.67999267578125,380.6400146484375,382.0400085449219,257800,377.6260009765625
2022-07-19,385.9800109863281,397.0,384.8500061035156,395.57000732421875,234500,381.54400024414065
2022-07-20,397.8999938964844,402.07000732421875,396.19000244140625,399.6700134277344,171200,386.38600463867186
2022-07-21,399.7200012207031,404.1700134277344,398.67999267578125,404.1099853515625,161300,392.6840026855469
2022-07-22,404.8900146484375,406.3900146484375,399.3699951171875,400.92999267578125,139600,396.46400146484376
2022-07-25,400.2200012207031,402.8299865722656,397.4599914550781,400.0,166100,400.0559997558594
2022-07-26,400.20001220703125,400.5299987792969,395.70001220703125,400.07000732421875,196700,400.95599975585935
2022-07-27,379.1000061035156,384.3500061035156,368.4100036621094,372.010009765625,868400,395.4239990234375
2022-07-28,373.54998779296875,383.7200012207031,371.7099914550781,383.4599914550781,413300,391.29400024414065
2022-07-29,383.010009765625,399.2200012207031,381.2699890136719,391.3999938964844,434100,389.38800048828125
2022-08-01,386.94000244140625,395.1600036621094,384.4800109863281,393.1499938964844,181200,388.01799926757815
2022-08-02,391.25,397.989990234375,389.9800109863281,391.489990234375,183700,386.3019958496094
2022-08-03,393.30999755859375,400.2300109863281,391.2900085449219,399.3500061035156,215500,391.7699951171875
2022-08-04,398.6199951171875,400.0,394.7699890136719,398.1600036621094,199600,394.7099975585937
2022-08-05,394.6199951171875,399.1600036621094,390.3699951171875,398.989990234375,139500,396.2279968261719
2022-08-08,403.1600036621094,403.1600036621094,391.7300109863281,392.8299865722656,184400,396.16399536132815
2022-08-09,393.489990234375,398.3599853515625,386.29998779296875,387.9800109863281,206000,395.4619995117188
2022-08-10,394.4100036621094,395.8299865722656,388.9100036621094,395.2799987792969,301700,394.647998046875
2022-08-11,398.760009765625,401.92999267578125,394.5299987792969,395.0899963378906,205100,394.03399658203125
2022-08-12,397.8699951171875,401.5799865722656,394.5199890136719,401.5,249900,394.53599853515624
2022-08-15,399.1400146484375,404.1000061035156,399.1400146484375,401.92999267578125,300800,396.3559997558594
2022-08-16,399.20001220703125,405.79998779296875,399.20001220703125,405.25,182400,399.80999755859375
2022-08-17,402.0,403.7300109863281,396.82000732421875,399.989990234375,172600,400.7519958496094
2022-08-18,401.0,404.2900085449219,400.0199890136719,403.4800109863281,148000,402.42999877929685
2022-08-19,401.6600036621094,401.79998779296875,396.1099853515625,397.1099853515625,180100,401.5519958496094
2022-08-22,392.57000732421875,392.9200134277344,384.7099914550781,385.4700012207031,135500,398.25999755859374
2022-08-23,387.67999267578125,387.67999267578125,382.79998779296875,383.5799865722656,113800,393.9259948730469
2022-08-24,385.3599853515625,387.70001220703125,383.57000732421875,386.6300048828125,130700,391.2539978027344
2022-08-25,389.2200012207031,393.4599914550781,385.5,393.2699890136719,152600,389.2119934082031
2022-08-26,393.239990234375,393.4200134277344,383.70001220703125,383.70001220703125,312800,386.5299987792969
2022-08-29,379.8399963378906,382.1400146484375,376.6600036621094,377.739990234375,148700,384.98399658203124
2022-08-30,378.6700134277344,378.6700134277344,370.29998779296875,371.19000244140625,222400,382.50599975585936
2022-08-31,370.67999267578125,371.54998779296875,365.6400146484375,368.3599853515625,282700,378.85199584960935
2022-09-01,367.1700134277344,372.1700134277344,364.5799865722656,371.9800109863281,213300,374.5940002441406
2022-09-02,376.54998779296875,376.54998779296875,366.1000061035156,367.7099914550781,243600,371.39599609375
2022-09-06,369.1000061035156,370.6499938964844,364.8599853515625,366.7200012207031,296400,369.19199829101564
2022-09-07,366.6600036621094,377.69000244140625,366.45001220703125,377.010009765625,183600,370.3559997558594
2022-09-08,374.9100036621094,380.30999755859375,373.6600036621094,380.07000732421875,145700,372.6980041503906
2022-09-09,382.3699951171875,388.8599853515625,382.3699951171875,387.6499938964844,154600,375.8320007324219
2022-09-12,389.2900085449219,391.2300109863281,387.7200012207031,390.0,182400,380.2900024414063
2022-09-13,383.3299865722656,383.6400146484375,373.32000732421875,374.9599914550781,226400,381.93800048828126
2022-09-14,373.5400085449219,380.9700012207031,372.8399963378906,380.2099914550781,229600,382.5779968261719
2022-09-15,379.5,380.5299987792969,371.6499938964844,372.29998779296875,212400,381.02399291992185
2022-09-16,369.0400085449219,372.4599914550781,366.739990234375,371.3599853515625,299200,377.7659912109375
2022-09-19,369.04998779296875,372.1000061035156,366.57000732421875,372.05999755859375,190700,374.17799072265626
2022-09-20,369.94000244140625,374.7200012207031,367.6000061035156,372.8399963378906,252800,373.7539916992188
2022-09-21,375.5,378.67999267578125,367.3399963378906,368.1499938964844,237300,371.3419921875
2022-09-22,367.2699890136719,368.1499938964844,360.3399963378906,360.3399963378906,430000,368.9499938964844
2022-09-23,357.4700012207031,357.4700012207031,348.6099853515625,351.3999938964844,278100,364.95799560546874
2022-09-26,350.0199890136719,354.489990234375,347.5199890136719,348.5400085449219,170500,360.2539978027344
2022-09-27,353.0,353.0,340.8800048828125,343.760009765625,229100,354.43800048828126
2022-09-28,344.57000732421875,351.739990234375,343.010009765625,350.0,207000,350.80800170898436
2022-09-29,345.6400146484375,347.6000061035156,340.9800109863281,344.17999267578125,280200,347.5760009765625
2022-09-30,344.4599914550781,346.79998779296875,337.05999755859375,337.4700012207031,432700,344.7900024414063
2022-10-03,341.7799987792969,349.30999755859375,338.8399963378906,347.6000061035156,382000,344.602001953125
2022-10-04,353.489990234375,358.57000732421875,353.489990234375,357.6300048828125,345200,347.3760009765625
2022-10-05,352.8800048828125,357.69000244140625,352.739990234375,354.0,198700,348.1760009765625
2022-10-06,353.6600036621094,355.3599853515625,348.67999267578125,349.0199890136719,210300,349.1440002441406
2022-10-07,344.82000732421875,345.4100036621094,338.489990234375,340.1300048828125,206500,349.6760009765625
2022-10-10,342.9100036621094,344.8999938964844,336.2099914550781,337.8999938964844,182100,347.7359985351562
2022-10-11,337.3399963378906,339.6000061035156,330.9700012207031,333.1600036621094,224100,342.8419982910156
2022-10-12,334.2900085449219,335.0400085449219,329.5899963378906,332.0799865722656,201600,338.45799560546874
2022-10-13,325.67999267578125,341.239990234375,325.0,341.239990234375,655200,336.90199584960936
2022-10-14,342.2300109863281,347.5400085449219,330.95001220703125,331.1000061035156,299400,335.09599609375
2022-10-17,336.0,342.6600036621094,336.0,341.3500061035156,255400,335.78599853515624
2022-10-18,350.6000061035156,352.5799865722656,345.4200134277344,346.1499938964844,281900,338.3839965820313
2022-10-19,343.4200134277344,350.1099853515625,343.4200134277344,348.510009765625,181700,341.6700012207031
2022-10-20,349.0199890136719,349.489990234375,338.9599914550781,340.489990234375,196900,341.52000122070314
2022-10-21,341.6499938964844,352.0,340.82000732421875,350.4800109863281,468600,345.3960021972656
2022-10-24,351.8800048828125,357.82000732421875,349.8800048828125,357.1499938964844,260500,348.5559997558594
2022-10-25,358.3399963378906,362.0899963378906,355.5400085449219,360.3900146484375,320400,351.40400390625
2022-10-26,365.0,382.2799987792969,360.2799987792969,376.6700134277344,419300,357.0360046386719
2022-10-27,380.82000732421875,383.94000244140625,379.0,379.92999267578125,354400,364.92400512695315
2022-10-28,382.0,395.3699951171875,380.1600036621094,395.1400146484375,410400,373.856005859375
2022-10-31,392.45001220703125,401.1099853515625,392.45001220703125,397.9800109863281,553100,382.0220092773437
2022-11-01,401.75,402.7900085449219,398.3999938964844,400.9599914550781,318700,390.13600463867186
2022-11-02,400.2799987792969,403.04998779296875,390.4200134277344,390.67999267578125,429400,392.93800048828126
2022-11-03,384.7699890136719,392.7699890136719,382.79998779296875,391.0299987792969,373900,395.1580017089844
2022-11-04,395.5199890136719,402.55999755859375,392.25,395.0299987792969,342500,395.13599853515626
2022-11-07,396.6499938964844,408.29998779296875,393.2799987792969,408.2799987792969,366200,397.19599609375
2022-11-08,410.0,413.1099853515625,403.7200012207031,408.2099914550781,464500,398.64599609375
2022-11-09,406.1600036621094,408.0799865722656,402.5299987792969,405.3599853515625,245200,401.5819946289063
2022-11-10,418.6000061035156,422.4599914550781,415.82000732421875,421.25,297400,407.62599487304686
2022-11-11,419.20001220703125,420.2300109863281,410.05999755859375,412.989990234375,273300,411.2179931640625
2022-11-14,411.57000732421875,418.3599853515625,406.3699951171875,407.0199890136719,331300,410.9659912109375
2022-11-15,412.5899963378906,413.29998779296875,406.260009765625,413.2699890136719,296600,411.9779907226563
2022-11-16,412.8500061035156,416.55999755859375,411.8399963378906,414.5299987792969,214700,413.81199340820314
2022-11-17,410.1300048828125,411.6099853515625,403.8999938964844,404.760009765625,203900,410.5139953613281
2022-11-18,410.29998779296875,410.29998779296875,404.3299865722656,407.0899963378906,269400,409.33399658203126
2022-11-21,404.67999267578125,405.45001220703125,403.5899963378906,404.8599853515625,304300,408.90199584960936
2022-11-22,408.4599914550781,415.4200134277344,406.04998779296875,415.20001220703125,211800,409.2880004882812
2022-11-23,414.8399963378906,420.9200134277344,412.19000244140625,419.94000244140625,173500,410.3700012207031
2022-11-25,421.0,421.44000244140625,417.94000244140625,420.1700134277344,59800,413.452001953125
2022-11-28,417.5899963378906,418.989990234375,412.0,413.3299865722656,156400,414.7
2022-11-29,412.8999938964844,415.2200012207031,407.79998779296875,408.7799987792969,200000,415.4840026855469
2022-11-30,407.989990234375,420.1199951171875,406.79998779296875,420.1000061035156,257900,416.46400146484376
2022-12-01,420.5,428.4700012207031,419.2799987792969,424.45001220703125,219300,417.3660034179687
2022-12-02,420.0,428.17999267578125,420.0,427.19000244140625,155200,418.77000122070314
2022-12-05,423.3999938964844,424.9599914550781,421.1300048828125,423.5299987792969,231100,420.81000366210935
2022-12-06,424.7900085449219,424.7900085449219,412.8399963378906,413.260009765625,178400,421.706005859375
2022-12-07,412.2900085449219,418.010009765625,411.0,411.1300048828125,157200,419.91200561523436
2022-12-08,413.989990234375,415.95001220703125,409.4200134277344,411.2300109863281,136000,417.26800537109375
2022-12-09,409.8599853515625,410.6499938964844,405.4800109863281,405.69000244140625,125800,412.96800537109374
2022-12-12,411.0899963378906,420.1400146484375,407.1000061035156,419.79998779296875,276000,412.2220031738281
2022-12-13,430.7099914550781,430.7099914550781,417.75,420.9100036621094,234500,413.752001953125
2022-12-14,420.510009765625,425.04998779296875,417.489990234375,421.07000732421875,223600,415.74000244140626
2022-12-15,415.9200134277344,415.9200134277344,404.4100036621094,405.2099914550781,182100,414.53599853515624
2022-12-16,400.8599853515625,403.4800109863281,394.8999938964844,396.4599914550781,331600,412.68999633789065
2022-12-19,396.05999755859375,398.25,389.8599853515625,390.2799987792969,193700,406.78599853515624
2022-12-20,391.0,394.239990234375,389.42999267578125,392.1499938964844,203200,401.03399658203125
2022-12-21,394.3699951171875,399.7099914550781,392.3500061035156,399.6600036621094,157000,396.7519958496094
2022-12-22,397.1400146484375,397.1400146484375,388.25,393.30999755859375,132700,394.3719970703125
2022-12-23,393.739990234375,395.9100036621094,391.32000732421875,393.75,94600,393.8299987792969
2022-12-27,395.75,398.260009765625,391.6199951171875,397.0299987792969,97500,395.17999877929685
2022-12-28,396.95001220703125,400.67999267578125,390.010009765625,390.69000244140625,124700,394.88800048828125
2022-12-29,393.760009765625,399.510009765625,392.1300048828125,398.1499938964844,115400,394.58599853515625
2022-12-30,395.7300109863281,401.2699890136719,392.75,399.9100036621094,157800,395.9059997558594
2023-01-03,403.5,403.5,396.1199951171875,400.7699890136719,206800,397.30999755859375
2023-01-04,404.6400146484375,409.0899963378906,401.989990234375,408.4800109863281,186700,399.6
2023-01-05,404.5899963378906,405.30999755859375,396.9599914550781,398.42999267578125,127200,401.147998046875
2023-01-06,403.2799987792969,409.5799865722656,399.6099853515625,408.5400085449219,165700,403.2260009765625
2023-01-09,410.95001220703125,417.9200134277344,406.1700134277344,408.3999938964844,151000,404.9239990234375
2023-01-10,409.0899963378906,411.3599853515625,406.760009765625,409.25,93500,406.6200012207031
2023-01-11,411.45001220703125,413.57000732421875,407.8299865722656,410.9800109863281,144800,407.1200012207031
2023-01-12,411.4100036621094,416.44000244140625,408.55999755859375,416.1300048828125,144000,410.6600036621094
2023-01-13,414.29998779296875,418.3999938964844,412.5400085449219,416.1300048828125,157700,412.1780029296875
2023-01-17,417.260009765625,420.8500061035156,413.5299987792969,415.9700012207031,282900,413.69200439453124
2023-01-18,419.1700134277344,420.3999938964844,404.6300048828125,405.7300109863281,210500,412.9880065917969
2023-01-19,404.1600036621094,405.17999267578125,399.2200012207031,400.8299865722656,166200,410.9580017089844
2023-01-20,402.1700134277344,406.94000244140625,400.7099914550781,404.2300109863281,211700,408.5780029296875
2023-01-23,405.04998779296875,410.9599914550781,403.55999755859375,407.7799987792969,251000,406.9080017089844
2023-01-24,407.79998779296875,413.0,404.8500061035156,410.32000732421875,286000,405.7780029296875
2023-01-25,418.0,432.1600036621094,418.0,429.5,512900,410.53200073242186
2023-01-26,434.4800109863281,435.489990234375,422.79998779296875,426.6199951171875,213900,415.69000244140625
2023-01-27,421.6199951171875,425.0,419.0799865722656,422.32000732421875,188600,419.30800170898436
2023-01-30,420.1300048828125,424.45001220703125,417.4200134277344,418.8599853515625,179600,421.5239990234375
2023-01-31,419.8399963378906,424.260009765625,417.05999755859375,424.260009765625,204000,424.31199951171874
2023-02-01,421.5799865722656,430.82000732421875,420.82000732421875,429.6700134277344,262800,424.34600219726565
2023-02-02,433.5400085449219,436.3699951171875,431.010009765625,434.0299987792969,210000,425.8280029296875
2023-02-03,431.1400146484375,436.1199951171875,429.1300048828125,433.5799865722656,183400,428.0799987792969
2023-02-06,433.92999267578125,436.8999938964844,431.239990234375,432.0199890136719,130200,430.7119995117188
2023-02-07,431.0400085449219,439.489990234375,429.9200134277344,437.3900146484375,154900,433.33800048828124
2023-02-08,434.8299865722656,437.739990234375,431.5,433.79998779296875,130100,434.16399536132815
2023-02-09,436.0899963378906,440.29998779296875,434.67999267578125,435.989990234375,192200,434.5559936523438
2023-02-10,434.1099853515625,439.25,432.6700134277344,438.3599853515625,144200,435.5119934082031
2023-02-13,438.19000244140625,444.5299987792969,435.54998779296875,444.5,172600,438.00799560546875
2023-02-14,442.010009765625,447.6000061035156,438.70001220703125,441.45001220703125,173600,438.8199951171875
2023-02-15,438.8599853515625,446.510009765625,433.94000244140625,446.44000244140625,151800,441.347998046875
2023-02-16,440.69000244140625,445.3500061035156,438.3299865722656,438.5799865722656,195200,441.8659973144531
2023-02-17,435.3999938964844,439.07000732421875,435.3800048828125,438.95001220703125,166300,441.9840026855469
2023-02-21,436.70001220703125,436.70001220703125,427.30999755859375,428.9100036621094,130600,438.8660034179687
2023-02-22,428.9700012207031,431.5799865722656,427.260009765625,428.94000244140625,141000,436.36400146484374
2023-02-23,430.79998779296875,433.57000732421875,425.760009765625,431.17999267578125,124700,433.31199951171874
2023-02-24,426.2799987792969,430.55999755859375,425.2900085449219,429.6400146484375,111700,431.5240051269531
2023-02-27,433.6300048828125,434.9200134277344,427.32000732421875,430.1400146484375,123500,429.7620056152344
2023-02-28,430.2300109863281,437.54998779296875,427.8500061035156,430.07000732421875,242100,429.99400634765624
2023-03-01,429.3500061035156,432.80999755859375,425.8699951171875,428.3999938964844,140300,429.88600463867186
2023-03-02,426.3399963378906,432.8599853515625,424.0,432.6499938964844,123400,430.1800048828125
2023-03-03,435.1300048828125,440.6000061035156,433.3399963378906,437.9100036621094,132700,431.83400268554686
2023-03-06,437.6600036621094,441.45001220703125,437.4800109863281,438.4200134277344,126800,433.49000244140626
2023-03-07,439.44000244140625,441.010009765625,427.67999267578125,429.05999755859375,107400,433.2880004882812
2023-03-08,429.0799865722656,430.9800109863281,424.2099914550781,428.8299865722656,117700,433.3739990234375
2023-03-09,431.8500061035156,431.8500061035156,420.4599914550781,421.1099853515625,132100,431.0659973144531
2023-03-10,421.1099853515625,421.1099853515625,409.29998779296875,412.54998779296875,187300,425.993994140625
2023-03-13,408.0,412.0400085449219,405.0799865722656,407.4800109863281,176600,419.8059936523438
2023-03-14,411.32000732421875,415.4700012207031,408.7900085449219,414.7200012207031,247800,416.9379943847656
2023-03-15,406.57000732421875,408.82000732421875,400.3800048828125,405.5199890136719,190900,412.2759948730469
2023-03-16,401.6300048828125,413.6300048828125,401.6300048828125,413.1199951171875,129800,410.67799682617186
2023-03-17,411.29998779296875,412.8900146484375,405.70001220703125,408.260009765625,411900,409.82000122070315
2023-03-20,409.8900146484375,421.05999755859375,409.7300109863281,418.25,201100,411.9739990234375
2023-03-21,422.42999267578125,425.3999938964844,418.7799987792969,424.55999755859375,218900,413.94199829101564
2023-03-22,423.67999267578125,433.0,420.67999267578125,421.04998779296875,347200,417.047998046875
2023-03-23,421.0,425.5299987792969,415.0899963378906,418.32000732421875,120200,418.08800048828124
2023-03-24,416.0299987792969,425.0,415.0799865722656,424.9599914550781,154900,421.42799682617186
2023-03-27,428.9100036621094,429.489990234375,424.8699951171875,427.20001220703125,216300,423.21799926757814
2023-03-28,426.9599914550781,430.57000732421875,424.510009765625,428.8900146484375,147500,424.08400268554686
2023-03-29,432.94000244140625,435.7200012207031,431.3800048828125,433.9100036621094,141000,426.656005859375
2023-03-30,435.0,439.1199951171875,434.3399963378906,438.4100036621094,161800,430.67400512695315
2023-03-31,440.3399963378906,447.489990234375,440.3399963378906,447.3599853515625,192000,435.15400390625
2023-04-03,446.3500061035156,448.7099914550781,443.30999755859375,445.5899963378906,169700,438.8320007324219
2023-04-04,445.1499938964844,445.1499938964844,437.0899963378906,438.3399963378906,136800,440.7219970703125
2023-04-05,435.9800109863281,436.04998779296875,432.5,433.739990234375,150500,440.6879943847656
2023-04-06,432.3599853515625,438.0,431.2699890136719,433.8299865722656,321900,439.77199096679686
2023-04-10,433.42999267578125,436.7799987792969,432.3599853515625,436.1600036621094,143300,437.53199462890626
2023-04-11,436.989990234375,440.32000732421875,436.2099914550781,437.75,111300,435.9639953613281
2023-04-12,440.17999267578125,443.260009765625,437.54998779296875,439.3699951171875,119400,436.1699951171875
2023-04-13,439.2200012207031,442.6400146484375,438.1400146484375,442.489990234375,154500,437.9199951171875
2023-04-14,440.8599853515625,443.3800048828125,438.0,439.9200134277344,119100,439.13800048828125
2023-04-17,441.739990234375,443.0400085449219,435.4800109863281,438.1099853515625,152200,439.5279968261719
2023-04-18,438.4200134277344,440.95001220703125,434.8599853515625,436.0899963378906,134700,439.19599609375
2023-04-19,432.05999755859375,432.1300048828125,427.05999755859375,427.6400146484375,272200,436.85
2023-04-20,426.2099914550781,428.44000244140625,423.3900146484375,426.20001220703125,202300,433.5920043945313
2023-04-21,426.5299987792969,428.489990234375,425.3699951171875,427.7900085449219,136500,431.16600341796874
2023-04-24,426.9100036621094,428.9100036621094,422.6600036621094,425.989990234375,160300,428.74200439453125
2023-04-25,423.7300109863281,423.7300109863281,415.2799987792969,416.0799865722656,204200,424.74000244140626
2023-04-26,408.70001220703125,414.92999267578125,395.94000244140625,404.9200134277344,542700,420.1960021972656
2023-04-27,404.8599853515625,412.6300048828125,400.55999755859375,410.989990234375,353800,417.15399780273435
2023-04-28,409.1000061035156,415.9599914550781,408.8800048828125,414.3999938964844,202700,414.4759948730469
2023-05-01,414.9100036621094,419.8299865722656,414.7300109863281,416.760009765625,161900,412.6299987792969
2023-05-02,414.7900085449219,416.260009765625,409.94000244140625,413.0,168000,412.0140014648438
2023-05-03,415.8599853515625,417.0,410.5799865722656,411.05999755859375,198300,413.24199829101565
2023-05-04,408.70001220703125,410.20001220703125,403.79998779296875,408.57000732421875,155100,412.75800170898435
2023-05-05,412.6000061035156,415.0400085449219,411.3900146484375,413.0,135900,412.4780029296875
2023-05-08,414.4100036621094,416.0,411.0299987792969,413.45001220703125,114700,411.8160034179688
2023-05-09,411.260009765625,413.3500061035156,410.4599914550781,410.5799865722656,155400,411.3320007324219
2023-05-10,414.2300109863281,415.510009765625,407.510009765625,413.8999938964844,216900,411.9
2023-05-11,413.29998779296875,415.1400146484375,410.1300048828125,413.6400146484375,243400,412.91400146484375
2023-05-12,415.32000732421875,415.5,409.510009765625,410.9800109863281,204300,412.5100036621094
2023-05-15,411.3599853515625,415.0799865722656,409.19000244140625,414.6700134277344,228300,412.75400390625
2023-05-16,413.45001220703125,416.2300109863281,409.29998779296875,409.9599914550781,198800,412.6300048828125
2023-05-17,413.0199890136719,414.3900146484375,409.3800048828125,412.9700012207031,230400,412.4440063476562
2023-05-18,413.2900085449219,417.8500061035156,413.0,417.7200012207031,229900,413.2600036621094
2023-05-19,420.5799865722656,421.75,415.0799865722656,416.260009765625,204900,414.3160034179688
2023-05-22,416.0,421.69000244140625,413.8500061035156,420.9100036621094,252600,415.5640014648437
2023-05-23,418.0,419.5400085449219,404.6000061035156,404.6700134277344,227300,414.506005859375
2023-05-24,401.739990234375,402.0799865722656,391.04998779296875,394.1600036621094,473800,410.74400634765624
2023-05-25,394.6099853515625,396.42999267578125,393.0199890136719,395.1300048828125,759200,406.22600708007815
2023-05-26,396.42999267578125,399.9100036621094,395.19000244140625,397.30999755859375,525700,402.4360046386719
2023-05-30,397.20001220703125,399.7799987792969,393.79998779296875,396.5199890136719,371500,397.55800170898436
2023-05-31,393.5,395.3699951171875,386.2200012207031,388.6499938964844,925100,394.3539978027344
2023-06-01,390.55999755859375,391.5400085449219,387.010009765625,391.4100036621094,259200,393.8039978027344
2023-06-02,393.7799987792969,398.7799987792969,392.54998779296875,397.4200134277344,317500,394.2619995117187
2023-06-05,397.2699890136719,397.2699890136719,388.8999938964844,391.1600036621094,236900,393.03200073242186
2023-06-06,392.2200012207031,393.7300109863281,391.29998779296875,391.989990234375,325900,392.1260009765625
2023-06-07,392.739990234375,398.2900085449219,391.6000061035156,397.9800109863281,477500,393.99200439453125
2023-06-08,396.95001220703125,399.7699890136719,392.5299987792969,396.80999755859375,329100,395.07200317382814
2023-06-09,397.489990234375,397.489990234375,391.1199951171875,391.989990234375,344600,393.9859985351562
2023-06-12,392.239990234375,399.8500061035156,392.1000061035156,398.760009765625,314400,395.50599975585936
2023-06-13,398.6199951171875,403.9599914550781,398.6199951171875,402.54998779296875,197100,397.6179992675781
2023-06-14,402.0899963378906,405.92999267578125,397.69000244140625,398.7200012207031,237100,397.7659973144531
2023-06-15,396.9700012207031,410.3999938964844,396.0400085449219,409.010009765625,281800,400.20599975585935
2023-06-16,410.6499938964844,413.0799865722656,405.8599853515625,406.42999267578125,372000,403.0940002441406
2023-06-20,403.3800048828125,405.2799987792969,399.25,399.6700134277344,249000,403.2760009765625
2023-06-21,394.6099853515625,403.9800109863281,394.6099853515625,401.94000244140625,236900,403.15400390625
2023-06-22,401.2799987792969,401.5400085449219,397.69000244140625,398.9200134277344,191800,403.1940063476562
2023-06-23,395.54998779296875,400.3699951171875,395.54998779296875,399.0899963378906,343300,401.2100036621094
2023-06-26,400.4200134277344,403.4100036621094,396.6499938964844,402.010009765625,253700,400.3260070800781
2023-06-27,403.69000244140625,405.25,401.95001220703125,403.010009765625,171500,400.99400634765624
2023-06-28,401.8900146484375,403.1000061035156,399.510009765625,401.510009765625,144400,400.9080078125
2023-06-29,401.5799865722656,407.67999267578125,401.5799865722656,407.2799987792969,149600,402.5800048828125
2023-06-30,410.1000061035156,416.0400085449219,407.4700012207031,411.1099853515625,240700,404.9840026855469
2023-07-03,409.57000732421875,411.79998779296875,406.1499938964844,410.45001220703125,97300,406.6720031738281
2023-07-05,407.4700012207031,408.04998779296875,404.260009765625,406.75,240900,407.4200012207031
2023-07-06,403.5899963378906,408.17999267578125,401.3999938964844,407.69000244140625,220200,408.6559997558594
2023-07-07,406.8800048828125,414.45001220703125,406.8800048828125,409.9700012207031,192700,409.1940002441406
2023-07-10,409.9700012207031,417.5400085449219,409.4100036621094,414.1000061035156,187300,409.79200439453126
2023-07-11,415.510009765625,416.82000732421875,411.25,416.5899963378906,156800,411.02000122070314
2023-07-12,420.1000061035156,420.1000061035156,416.45001220703125,418.239990234375,171800,413.3179992675781
2023-07-13,418.2200012207031,420.1199951171875,414.5199890136719,416.239990234375,179800,415.0279968261719
2023-07-14,415.3999938964844,415.7300109863281,409.2099914550781,411.5299987792969,148000,415.3399963378906
2023-07-17,411.5899963378906,415.7699890136719,411.3500061035156,414.6700134277344,102900,415.45399780273436
2023-07-18,413.260009765625,416.1700134277344,408.7200012207031,408.7900085449219,228300,413.8940002441406
2023-07-19,407.7099914550781,410.6499938964844,405.5,406.67999267578125,314600,411.5820007324219
2023-07-20,406.760009765625,409.8599853515625,403.8599853515625,407.9200134277344,259500,409.9180053710937
2023-07-21,408.92999267578125,413.3900146484375,406.989990234375,412.45001220703125,276600,410.1020080566406
2023-07-24,413.8399963378906,414.0899963378906,409.5,413.80999755859375,216900,409.9300048828125
2023-07-25,412.9700012207031,415.8399963378906,408.5299987792969,414.7200012207031,305700,411.1160034179687
2023-07-26,416.9200134277344,416.9200134277344,387.2099914550781,387.8699951171875,743100,407.35400390625
2023-07-27,389.79998779296875,389.79998779296875,372.55999755859375,378.7699890136719,728000,401.5239990234375
2023-07-28,380.260009765625,385.5,379.739990234375,382.0199890136719,696600,395.4379943847656
2023-07-31,381.70001220703125,385.30999755859375,380.6099853515625,384.5299987792969,318700,389.5819946289063
2023-08-01,381.989990234375,390.05999755859375,381.1000061035156,389.25,373300,384.4879943847656
2023-08-02,387.7699890136719,391.010009765625,382.4100036621094,382.57000732421875,340900,383.42799682617186
2023-08-03,382.3699951171875,383.3500061035156,377.760009765625,381.95001220703125,245300,384.0640014648437
2023-08-04,382.4800109863281,383.3800048828125,378.2300109863281,379.260009765625,242400,383.5120056152344
2023-08-07,381.0299987792969,382.45001220703125,378.3800048828125,382.2300109863281,270200,383.0520080566406
2023-08-08,379.82000732421875,385.9100036621094,378.7699890136719,385.0,240500,382.20200805664064
2023-08-09,384.1700134277344,384.7799987792969,380.54998779296875,383.2799987792969,210400,382.34400634765626
2023-08-10,383.9800109863281,387.04998779296875,382.1000061035156,383.8399963378906,237200,382.7220031738281
2023-08-11,383.25,384.8999938964844,379.8399963378906,383.3900146484375,463900,383.5480041503906
2023-08-14,389.57000732421875,402.9200134277344,387.55999755859375,402.489990234375,406600,387.6
2023-08-15,401.04998779296875,403.07000732421875,398.5799865722656,400.1300048828125,270100,390.6260009765625
2023-08-16,398.6099853515625,402.8500061035156,398.5199890136719,400.82000732421875,313100,394.1340026855469
2023-08-17,403.489990234375,404.32000732421875,400.1099853515625,400.42999267578125,267700,397.452001953125
2023-08-18,396.82000732421875,404.2699890136719,395.6199951171875,403.6300048828125,280500,401.5
2023-08-21,403.1099853515625,406.4800109863281,402.6199951171875,404.4200134277344,246500,401.88600463867186
2023-08-22,405.5899963378906,407.3800048828125,403.9800109863281,406.260009765625,212500,403.11200561523435
2023-08-23,407.9100036621094,413.29998779296875,407.6099853515625,411.739990234375,228500,405.29600219726564
2023-08-24,411.7300109863281,413.5899963378906,404.6499938964844,406.0,275100,406.4100036621094
2023-08-25,407.8900146484375,410.54998779296875,405.75,408.54998779296875,238700,407.3940002441406
2023-08-28,410.1400146484375,417.3900146484375,409.8999938964844,416.1300048828125,240300,409.7359985351562
2023-08-29,416.1300048828125,418.0799865722656,413.5799865722656,417.9100036621094,221900,412.0659973144531
2023-08-30,416.2200012207031,421.8800048828125,413.3999938964844,420.07000732421875,193400,413.73200073242185
2023-08-31,421.29998779296875,421.82000732421875,418.17999267578125,418.29998779296875,323900,416.19199829101564
2023-09-01,420.2799987792969,423.5899963378906,418.4700012207031,420.5299987792969,268900,418.58800048828124
2023-09-05,421.5899963378906,421.5899963378906,412.7799987792969,412.8999938964844,253300,417.94199829101564
2023-09-06,412.5199890136719,415.17999267578125,411.1099853515625,414.010009765625,248000,417.16199951171876
2023-09-07,411.7099914550781,413.239990234375,407.6499938964844,410.010009765625,348600,415.15
2023-09-08,410.2099914550781,413.0,406.17999267578125,410.2200012207031,305000,413.53400268554685
2023-09-11,411.0799865722656,411.42999267578125,400.6000061035156,409.2200012207031,300900,411.2720031738281
2023-09-12,407.4700012207031,412.25,405.92999267578125,408.8500061035156,251700,410.4620056152344
2023-09-13,409.1300048828125,410.3500061035156,405.3599853515625,409.3500061035156,269000,409.5300048828125
2023-09-14,411.29998779296875,416.6300048828125,407.2799987792969,415.7200012207031,326300,410.6720031738281
2023-09-15,418.0899963378906,420.0,412.82000732421875,415.0400085449219,405800,411.63600463867186
2023-09-18,415.4599914550781,421.2799987792969,412.9800109863281,420.05999755859375,313600,413.80400390625
2023-09-19,420.1499938964844,423.3999938964844,418.5,421.8500061035156,322800,416.40400390625
2023-09-20,423.82000732421875,426.1700134277344,418.5199890136719,419.1400146484375,224300,418.36200561523435
2023-09-21,416.3399963378906,416.3399963378906,412.05999755859375,414.5400085449219,315600,418.1260070800781
2023-09-22,414.95001220703125,419.8399963378906,412.07000732421875,417.8800048828125,279100,418.6940063476562
2023-09-25,416.19000244140625,419.0,413.7099914550781,414.8800048828125,262200,417.6580078125
2023-09-26,412.510009765625,414.0199890136719,406.9599914550781,407.260009765625,270100,414.74000854492186
2023-09-27,411.010009765625,414.9100036621094,408.1499938964844,413.44000244140625,275700,413.6000061035156
2023-09-28,414.6300048828125,416.20001220703125,409.1000061035156,410.32000732421875,364900,412.756005859375
2023-09-29,412.1700134277344,412.6600036621094,405.67999267578125,408.5799865722656,525000,410.8960021972656
2023-10-02,406.4700012207031,407.2300109863281,400.4599914550781,402.2799987792969,403000,408.3760009765625
2023-10-03,401.5799865722656,402.9800109863281,396.05999755859375,399.29998779296875,325000,406.78399658203125
2023-10-04,400.260009765625,402.0,395.5400085449219,401.2799987792969,243700,404.35199584960935
2023-10-05,401.8399963378906,403.7099914550781,396.1300048828125,398.1000061035156,266300,401.9079956054687
2023-10-06,395.0799865722656,403.8800048828125,395.0799865722656,401.4200134277344,240300,400.4760009765625
2023-10-09,400.6000061035156,413.7099914550781,400.6000061035156,410.5,243500,402.1200012207031
2023-10-10,411.4599914550781,413.9599914550781,410.2799987792969,411.0199890136719,179800,404.46400146484376
2023-10-11,411.5799865722656,414.1499938964844,409.1000061035156,412.5899963378906,155700,406.7260009765625
2023-10-12,413.8900146484375,413.8900146484375,405.1400146484375,406.9700012207031,173300,408.5
2023-10-13,408.29998779296875,408.6400146484375,402.1400146484375,404.5799865722656,179400,409.1319946289062
2023-10-16,407.25,410.5,403.4700012207031,409.29998779296875,140700,408.8919921875
2023-10-17,406.70001220703125,411.7900085449219,404.8699951171875,410.0299987792969,156800,408.693994140625
2023-10-18,406.0,408.30999755859375,398.5,398.8500061035156,157800,405.94599609375
2023-10-19,398.04998779296875,402.44000244140625,392.260009765625,393.6099853515625,261600,403.27399291992185
2023-10-20,394.20001220703125,394.3800048828125,388.07000732421875,388.3800048828125,194200,400.03399658203125
2023-10-23,386.3599853515625,389.80999755859375,384.3500061035156,385.04998779296875,245600,395.1839965820312
2023-10-24,386.8299865722656,389.6600036621094,384.7200012207031,386.19000244140625,238200,390.41599731445314
2023-10-25,383.55999755859375,395.010009765625,371.0299987792969,373.2799987792969,487200,385.3019958496094
2023-10-26,373.1300048828125,375.9200134277344,371.2300109863281,372.239990234375,287400,381.0279968261719
2023-10-27,371.3900146484375,376.1400146484375,367.7300109863281,370.7099914550781,282800,377.493994140625
2023-10-30,373.8299865722656,374.8599853515625,369.1199951171875,372.3599853515625,282500,374.95599365234375
2023-10-31,374.0,378.19000244140625,372.9100036621094,374.5899963378906,182800,372.6359924316406
2023-11-01,375.0,375.3299865722656,364.9800109863281,368.8399963378906,359800,371.74799194335935
2023-11-02,372.1199951171875,375.5199890136719,372.1199951171875,373.1600036621094,254100,371.93199462890624
2023-11-03,376.82000732421875,382.2900085449219,376.82000732421875,379.4599914550781,304500,373.68199462890624
2023-11-06,380.3699951171875,380.3699951171875,374.3900146484375,377.17999267578125,188400,374.64599609375
2023-11-07,376.82000732421875,379.6600036621094,373.2900085449219,378.5400085449219,164700,375.4359985351563
2023-11-08,380.70001220703125,380.70001220703125,375.5899963378906,378.7799987792969,165100,377.4239990234375
2023-11-09,380.7099914550781,381.3500061035156,375.2900085449219,376.44000244140625,129800,378.0799987792969
2023-11-10,378.3699951171875,383.6000061035156,376.5199890136719,382.79998779296875,174300,378.747998046875
2023-11-13,382.5,386.7799987792969,377.3299865722656,384.2699890136719,161800,380.16599731445314
2023-11-14,390.1600036621094,394.5,388.79998779296875,393.4599914550781,154600,383.1499938964844
2023-11-15,394.5899963378906,395.5299987792969,390.94000244140625,393.0,212500,385.993994140625
2023-11-16,392.989990234375,398.0299987792969,389.3500061035156,389.6499938964844,177600,388.6359924316406
2023-11-17,392.0199890136719,392.0199890136719,388.489990234375,390.489990234375,195600,390.1739929199219
2023-11-20,390.739990234375,392.2200012207031,387.9800109863281,390.9800109863281,165700,391.5159973144531
2023-11-21,390.2200012207031,395.7099914550781,390.2200012207031,392.8699951171875,150500,391.397998046875
2023-11-22,394.94000244140625,397.94000244140625,394.57000732421875,395.44000244140625,142600,391.88599853515626
2023-11-24,394.3399963378906,399.760009765625,393.5,399.5799865722656,126100,393.8719970703125
2023-11-27,398.6000061035156,399.6199951171875,396.3800048828125,398.4200134277344,209800,395.4580017089844
2023-11-28,399.1000061035156,401.8500061035156,394.95001220703125,395.0400085449219,144200,396.27000122070314
2023-11-29,398.4200134277344,401.1400146484375,397.9599914550781,399.1000061035156,194400,397.51600341796876
2023-11-30,400.8500061035156,404.0,397.2300109863281,402.9599914550781,797100,399.02000122070314
2023-12-01,402.5799865722656,409.3699951171875,402.5799865722656,409.0199890136719,241900,400.9080017089844
2023-12-04,406.5,411.8599853515625,406.5,409.5799865722656,230800,403.13999633789064
2023-12-05,409.1499938964844,409.1499938964844,401.7300109863281,402.04998779296875,169500,404.5419921875
2023-12-06,403.9100036621094,407.20001220703125,401.9700012207031,404.5899963378906,166300,405.639990234375
2023-12-07,405.4100036621094,407.3800048828125,403.69000244140625,406.989990234375,184700,406.44598999023435
2023-12-08,407.0299987792969,411.79998779296875,404.0299987792969,411.489990234375,202800,406.939990234375
2023-12-11,408.55999755859375,418.239990234375,408.0899963378906,417.3900146484375,405600,408.5019958496094
2023-12-12,417.3900146484375,423.5,414.45001220703125,420.5899963378906,345500,412.2099975585937
2023-12-13,421.1700134277344,425.0,416.05999755859375,421.8999938964844,215800,415.6719970703125
2023-12-14,424.8599853515625,428.6099853515625,412.79998779296875,428.1700134277344,373600,419.9080017089844
2023-12-15,428.2300109863281,431.8599853515625,424.44000244140625,425.9200134277344,411200,422.79400634765625
2023-12-18,427.0400085449219,427.4800109863281,420.2699890136719,425.9700012207031,258700,424.5100036621094
2023-12-19,427.9100036621094,429.17999267578125,424.55999755859375,428.82000732421875,212400,426.156005859375
2023-12-20,427.75,431.3299865722656,421.8900146484375,421.9800109863281,258800,426.17200927734376
2023-12-21,424.3399963378906,427.4200134277344,420.3999938964844,426.29998779296875,226300,425.7980041503906
2023-12-22,430.45001220703125,435.0,421.0299987792969,433.45001220703125,219400,427.30400390625
2023-12-26,433.0,438.010009765625,433.0,437.4800109863281,125700,429.606005859375
2023-12-27,437.79998779296875,441.8500061035156,436.04998779296875,441.7300109863281,239500,432.18800659179686
2023-12-28,441.8900146484375,445.4800109863281,441.20001220703125,444.2099914550781,241400,436.6340026855469
2023-12-29,442.80999755859375,448.19000244140625,442.80999755859375,446.2900085449219,313500,440.6320068359375
2024-01-02,441.3800048828125,445.3800048828125,437.5799865722656,438.29998779296875,310500,441.602001953125
2024-01-03,435.7200012207031,441.82000732421875,433.29998779296875,439.3399963378906,309200,441.9739990234375
2024-01-04,440.6000061035156,443.1099853515625,438.1600036621094,438.19000244140625,251000,441.2659973144531
2024-01-05,438.17999267578125,438.9100036621094,432.4800109863281,435.4700012207031,165700,439.51799926757815
2024-01-08,435.4700012207031,441.9200134277344,435.42999267578125,441.29998779296875,209400,438.5199951171875
2024-01-09,437.0400085449219,440.1300048828125,436.9200134277344,438.25,160800,438.50999755859374
2024-01-10,438.2799987792969,441.95001220703125,436.8500061035156,440.8299865722656,153900,438.80799560546876
2024-01-11,441.7900085449219,442.0299987792969,437.4800109863281,440.2300109863281,114800,439.21599731445315
2024-01-12,443.32000732421875,443.32000732421875,439.1199951171875,440.4599914550781,169700,440.2139953613281
2024-01-16,438.7699890136719,439.2200012207031,436.0299987792969,436.57000732421875,165600,439.26799926757815
2024-01-17,434.0899963378906,437.7099914550781,425.3699951171875,425.4100036621094,227900,436.7
2024-01-18,427.0799865722656,433.5799865722656,424.0,432.5400085449219,192700,435.04200439453126
2024-01-19,435.1000061035156,436.25,430.3599853515625,435.6300048828125,170800,434.12200317382815
2024-01-22,438.5899963378906,442.489990234375,437.760009765625,438.6600036621094,198500,433.7620056152344
2024-01-23,440.3299865722656,442.1300048828125,438.1400146484375,441.9800109863281,246900,434.84400634765626
2024-01-24,447.8800048828125,447.8800048828125,417.7200012207031,417.9200134277344,490500,433.34600830078125
2024-01-25,419.6700134277344,429.75,415.8800048828125,424.9100036621094,303800,431.82000732421875
2024-01-26,425.04998779296875,426.239990234375,416.42999267578125,418.9599914550781,213000,428.4860046386719
2024-01-29,418.1099853515625,429.4200134277344,416.8800048828125,429.1700134277344,211200,426.5880065917969
2024-01-30,428.2699890136719,431.0,424.8800048828125,428.2699890136719,177700,423.84600219726565
2024-01-31,429.75,429.75,418.0199890136719,418.4700012207031,273800,423.95599975585935
2024-02-01,419.1400146484375,427.79998779296875,415.8699951171875,427.5799865722656,300300,424.4899963378906
2024-02-02,425.510009765625,434.6199951171875,425.0199890136719,432.739990234375,177000,427.24599609375
2024-02-05,431.010009765625,431.010009765625,423.3699951171875,430.4100036621094,175000,427.493994140625
2024-02-06,431.69000244140625,434.17999267578125,430.4100036621094,434.0400085449219,165100,428.647998046875
2024-02-07,436.05999755859375,436.05999755859375,431.17999267578125,432.0899963378906,225400,431.3719970703125
2024-02-08,433.3500061035156,434.7699890136719,428.8399963378906,430.6700134277344,167300,431.99000244140626
2024-02-09,429.69000244140625,434.2799987792969,428.0,434.0299987792969,148200,432.2480041503906
2024-02-12,433.70001220703125,435.6300048828125,425.9700012207031,427.07000732421875,214500,431.5800048828125
2024-02-13,424.9599914550781,433.05999755859375,415.4800109863281,420.19000244140625,240000,428.81000366210935
2024-02-14,423.760009765625,427.6000061035156,422.80999755859375,427.5299987792969,191000,427.89800415039065
2024-02-15,428.3900146484375,431.5299987792969,424.94000244140625,431.4800109863281,248400,428.06000366210935
2024-02-16,431.1000061035156,433.6700134277344,426.7099914550781,432.260009765625,162900,427.706005859375
2024-02-20,429.4700012207031,431.8500061035156,426.7300109863281,430.760009765625,193600,428.4440063476562
2024-02-21,431.8299865722656,431.8299865722656,422.94000244140625,426.4800109863281,206200,429.70200805664064
2024-02-22,429.94000244140625,433.5299987792969,426.4700012207031,430.94000244140625,142300,430.3840087890625
2024-02-23,432.44000244140625,435.6099853515625,428.30999755859375,432.8699951171875,125000,430.66200561523436
2024-02-26,431.8599853515625,432.05999755859375,425.7699890136719,426.2300109863281,208500,429.456005859375
2024-02-27,427.30999755859375,427.9800109863281,424.8399963378906,424.8999938964844,127900,428.28400268554685
2024-02-28,423.1700134277344,425.4599914550781,422.0199890136719,425.42999267578125,277500,428.0739990234375
2024-02-29,426.9700012207031,428.8599853515625,423.17999267578125,427.2699890136719,296200,427.3399963378906
2024-03-01,427.2699890136719,428.32000732421875,423.010009765625,425.0,215600,425.7659973144531
2024-03-04,425.6499938964844,432.1099853515625,424.94000244140625,428.45001220703125,357600,426.2099975585937
2024-03-05,428.1600036621094,430.29998779296875,420.510009765625,423.2099914550781,203600,425.8719970703125
2024-03-06,425.54998779296875,429.510009765625,423.75,425.4100036621094,167400,425.8679992675781
2024-03-07,427.0799865722656,428.7900085449219,424.9700012207031,428.1400146484375,127100,426.04200439453126
2024-03-08,428.7799987792969,430.0,424.010009765625,425.9800109863281,210600,426.2380065917969
2024-03-11,424.8399963378906,427.1600036621094,423.489990234375,424.8999938964844,140300,425.5280029296875
2024-03-12,426.25,426.57000732421875,423.6000061035156,424.8699951171875,170500,425.86000366210936
2024-03-13,426.5299987792969,426.5299987792969,421.05999755859375,421.239990234375,190700,425.0260009765625
2024-03-14,419.94000244140625,420.510009765625,414.0,415.55999755859375,227100,422.50999755859374
2024-03-15,410.75,416.1700134277344,410.75,415.1199951171875,286900,420.33799438476564
2024-03-18,416.9800109863281,418.7300109863281,413.7900085449219,414.67999267578125,237500,418.293994140625
2024-03-19,415.07000732421875,421.6700134277344,413.1600036621094,421.5,201100,417.6199951171875
2024-03-20,421.8699951171875,427.1700134277344,421.8699951171875,423.70001220703125,247500,418.11199951171875
2024-03-21,426.0400085449219,430.25,422.5400085449219,423.5400085449219,253100,419.7080017089844
2024-03-22,423.79998779296875,427.9599914550781,422.9800109863281,424.0299987792969,169900,421.49000244140626
2024-03-25,423.7900085449219,424.3299865722656,419.6400146484375,422.010009765625,180700,422.956005859375
2024-03-26,422.7900085449219,424.6099853515625,421.25,423.45001220703125,217900,423.34600830078125
2024-03-27,425.1400146484375,429.94000244140625,425.1400146484375,429.010009765625,182300,424.4080078125
2024-03-28,429.2900085449219,432.80999755859375,426.9800109863281,429.32000732421875,248600,425.5640075683594
2024-04-01,429.7300109863281,429.95001220703125,422.95001220703125,424.92999267578125,138600,425.74400634765624
2024-04-02,423.8500061035156,424.07000732421875,420.2799987792969,422.4700012207031,155100,425.83600463867185
2024-04-03,420.8699951171875,426.5799865722656,420.8599853515625,420.92999267578125,146500,425.3320007324219
2024-04-04,425.07000732421875,426.6600036621094,415.20001220703125,416.8500061035156,207000,422.9
2024-04-05,415.6199951171875,418.8699951171875,413.1099853515625,416.8599853515625,218600,420.4079956054687
2024-04-08,417.75,418.8999938964844,413.510009765625,414.57000732421875,275600,418.33599853515625
2024-04-09,415.010009765625,417.0,412.7699890136719,416.05999755859375,529500,417.0539978027344
2024-04-10,411.3299865722656,411.67999267578125,399.9599914550781,402.4800109863281,320000,413.36400146484374
2024-04-11,402.8299865722656,406.739990234375,399.489990234375,403.6600036621094,188000,410.7260009765625
2024-04-12,400.0,403.0799865722656,397.3699951171875,398.4800109863281,163500,407.0500061035156
2024-04-15,402.9700012207031,402.9700012207031,396.489990234375,399.989990234375,238400,404.1340026855469
2024-04-16,401.3299865722656,405.04998779296875,398.510009765625,401.0,214300,401.12200317382815
2024-04-17,403.9800109863281,403.9800109863281,397.7900085449219,400.2699890136719,187600,400.67999877929685
2024-04-18,401.3500061035156,401.8699951171875,397.3299865722656,400.1400146484375,187300,399.9760009765625
2024-04-19,401.8599853515625,402.9700012207031,399.6099853515625,401.3599853515625,185700,400.5519958496094
2024-04-22,403.6300048828125,406.9700012207031,400.25,404.0799865722656,235400,401.3699951171875
2024-04-23,402.69000244140625,410.67999267578125,399.6300048828125,407.05999755859375,292400,402.5819946289063
2024-04-24,369.989990234375,382.989990234375,355.4100036621094,362.5,1097300,395.0279968261719
2024-04-25,365.44000244140625,378.3800048828125,361.4599914550781,376.9800109863281,684300,390.39599609375
2024-04-26,372.9599914550781,381.0199890136719,372.9599914550781,374.6400146484375,471400,385.052001953125
2024-04-29,375.94000244140625,385.7200012207031,375.94000244140625,382.8900146484375,351200,380.8140075683594
2024-04-30,382.07000732421875,385.9800109863281,380.44000244140625,381.4800109863281,331100,375.69801025390626
2024-05-01,380.8900146484375,386.4100036621094,378.5299987792969,383.0299987792969,333900,379.80401000976565
2024-05-02,384.8599853515625,385.8299865722656,383.05999755859375,385.6000061035156,356400,381.52800903320315
2024-05-03,390.04998779296875,392.3500061035156,383.2200012207031,385.3399963378906,386100,383.6680053710937
2024-05-06,387.8900146484375,390.9200134277344,387.0199890136719,390.44000244140625,225500,385.1780029296875
2024-05-07,393.0899963378906,395.1600036621094,391.739990234375,393.0299987792969,184500,387.4880004882813
2024-05-08,391.05999755859375,393.6499938964844,388.95001220703125,391.7200012207031,200400,389.2260009765625
2024-05-09,391.3999938964844,394.0899963378906,390.20001220703125,392.6199951171875,194000,390.6299987792969
2024-05-10,393.4700012207031,395.8999938964844,391.7200012207031,393.489990234375,174600,392.25999755859374
2024-05-13,394.2300109863281,398.8599853515625,390.6499938964844,390.82000732421875,198000,392.33599853515625
2024-05-14,392.6000061035156,396.5400085449219,391.4200134277344,396.0,224100,392.92999877929685
2024-05-15,397.82000732421875,406.3500061035156,397.2300109863281,403.5199890136719,370700,395.2899963378906
2024-05-16,404.6400146484375,404.6400146484375,399.67999267578125,402.260009765625,224700,397.21799926757814
2024-05-17,403.5799865722656,407.32000732421875,402.8900146484375,406.42999267578125,246900,399.8059997558594
2024-05-20,406.4599914550781,410.8500061035156,405.739990234375,407.54998779296875,268100,403.15199584960936
2024-05-21,406.0899963378906,409.9599914550781,401.7099914550781,407.8999938964844,238700,405.53199462890626
2024-05-22,408.8500061035156,412.69000244140625,407.1700134277344,409.2200012207031,148200,406.6719970703125
2024-05-23,410.0,410.0400085449219,399.3999938964844,400.9800109863281,277500,406.41599731445314
2024-05-24,402.1600036621094,404.3399963378906,400.3800048828125,402.489990234375,140000,405.62799682617185
2024-05-28,402.3999938964844,403.6000061035156,394.2799987792969,394.95001220703125,233600,403.1080017089844
2024-05-29,391.0199890136719,394.6600036621094,385.8999938964844,385.94000244140625,325800,398.71600341796875
2024-05-30,388.69000244140625,394.1700134277344,387.3399963378906,393.70001220703125,192700,395.61200561523435
2024-05-31,393.95001220703125,397.4100036621094,391.5400085449219,396.95001220703125,365200,394.806005859375
2024-06-03,397.94000244140625,398.67999267578125,392.2699890136719,393.6099853515625,233900,393.0300048828125
2024-06-04,392.67999267578125,397.44000244140625,390.79998779296875,395.3999938964844,288500,393.1200012207031
2024-06-05,397.6499938964844,397.6499938964844,390.9800109863281,395.0,234300,394.9320007324219
2024-06-06,395.2900085449219,396.25,392.1099853515625,393.0,232700,394.7919982910156
2024-06-07,391.0,394.8699951171875,388.9200134277344,389.05999755859375,251300,393.2139953613281
2024-06-10,387.7099914550781,390.70001220703125,386.9200134277344,389.0799865722656,219400,392.30799560546876
2024-06-11,386.57000732421875,389.0,384.6499938964844,388.1300048828125,174500,390.8539978027344
2024-06-12,390.989990234375,397.6300048828125,388.6199951171875,397.19000244140625,229400,391.2919982910156
2024-06-13,394.8500061035156,397.8800048828125,390.30999755859375,394.2300109863281,233000,391.5380004882812
2024-06-14,391.5299987792969,394.7099914550781,389.3500061035156,389.6000061035156,172500,391.6460021972656
2024-06-17,389.1000061035156,389.7900085449219,386.2099914550781,387.6099853515625,303200,391.352001953125
2024-06-18,387.6700134277344,391.70001220703125,385.760009765625,386.3699951171875,418700,391.0
2024-06-20,384.8599853515625,387.2900085449219,381.3999938964844,386.5400085449219,402200,388.8700012207031
2024-06-21,387.8800048828125,389.6000061035156,385.6099853515625,388.6000061035156,486400,387.74400024414064
2024-06-24,389.5400085449219,391.82000732421875,386.7200012207031,391.2300109863281,327900,388.07000122070315
2024-06-25,390.2699890136719,390.2699890136719,383.80999755859375,385.1600036621094,275600,387.5800048828125
2024-06-26,382.79998779296875,385.82000732421875,380.6300048828125,384.2799987792969,181000,387.16200561523436
2024-06-27,386.0400085449219,387.5400085449219,383.75,386.4100036621094,201100,387.13600463867186
2024-06-28,388.4100036621094,391.70001220703125,384.4200134277344,387.9800109863281,406100,387.0120056152344
2024-07-01,389.6600036621094,390.5,382.8800048828125,382.9100036621094,261800,385.34800415039064
2024-07-02,382.5899963378906,388.19000244140625,381.5,384.55999755859375,193400,385.2280029296875
2024-07-03,384.7200012207031,390.6300048828125,384.7200012207031,387.2799987792969,136100,385.8280029296875
2024-07-05,386.0899963378906,388.05999755859375,381.0299987792969,381.4700012207031,292500,384.8400024414062
2024-07-08,384.04998779296875,385.010009765625,381.9700012207031,382.8399963378906,349000,383.81199951171874
2024-07-09,382.3999938964844,386.55999755859375,381.3900146484375,381.69000244140625,203600,383.5679992675781
2024-07-10,383.6199951171875,389.5899963378906,382.80999755859375,388.70001220703125,173300,384.3960021972656
2024-07-11,391.0,396.7300109863281,391.0,393.989990234375,291200,385.7380004882813
2024-07-12,396.32000732421875,397.8399963378906,393.80999755859375,394.1099853515625,193000,388.2659973144531
2024-07-15,394.3599853515625,398.010009765625,392.6499938964844,394.8699951171875,212200,390.6719970703125
2024-07-16,395.8500061035156,404.5400085449219,394.3699951171875,403.4200134277344,332800,395.01799926757815
2024-07-17,402.95001220703125,405.8500061035156,401.69000244140625,402.05999755859375,270400,397.68999633789065
2024-07-18,400.3999938964844,404.7300109863281,398.8699951171875,399.1199951171875,269400,398.71599731445315
2024-07-19,401.0299987792969,401.0299987792969,391.5799865722656,392.92999267578125,414000,398.47999877929686
2024-07-22,395.5400085449219,398.9700012207031,392.7300109863281,397.739990234375,209000,399.0539978027344
2024-07-23,400.29998779296875,404.8599853515625,399.8900146484375,402.1700134277344,326700,398.8039978027344
2024-07-24,419.0,424.1000061035156,410.4700012207031,417.0,733300,401.7919982910156
2024-07-25,415.80999755859375,422.8599853515625,413.69000244140625,415.70001220703125,480900,405.1080017089844
2024-07-26,420.0,425.8999938964844,415.9100036621094,421.55999755859375,335600,410.83400268554686
2024-07-29,422.20001220703125,424.010009765625,421.010009765625,423.0400085449219,314700,415.8940063476563
2024-07-30,424.739990234375,426.2300109863281,421.510009765625,423.9800109863281,218500,420.256005859375
2024-07-31,424.5,429.8299865722656,420.9100036621094,421.8599853515625,316300,421.2280029296875
2024-08-01,422.4200134277344,424.5,414.6499938964844,418.17999267578125,222200,421.7239990234375
2024-08-02,415.239990234375,416.2799987792969,407.8299865722656,410.5400085449219,328700,419.52000122070314
2024-08-05,404.0400085449219,405.3299865722656,397.7799987792969,399.7300109863281,296600,414.8580017089844
2024-08-06,400.2200012207031,411.92999267578125,399.05999755859375,406.5400085449219,340200,411.3700012207031
2024-08-07,408.30999755859375,414.32000732421875,403.7799987792969,404.6199951171875,183700,407.9220031738281
2024-08-08,404.75,410.6099853515625,404.45001220703125,410.17999267578125,153300,406.32200317382814
2024-08-09,409.8599853515625,410.1000061035156,405.3800048828125,409.0400085449219,137200,406.0220031738281
2024-08-12,409.2699890136719,410.5400085449219,404.75,407.5899963378906,170500,407.5940002441406
2024-08-13,408.3599853515625,410.9800109863281,406.3599853515625,410.8599853515625,159600,408.45799560546874
2024-08-14,410.7699890136719,410.9599914550781,406.4200134277344,408.5299987792969,132000,409.2399963378906
2024-08-15,411.6300048828125,414.0,409.05999755859375,413.3599853515625,132700,409.87599487304686
2024-08-16,413.3599853515625,416.9700012207031,412.79998779296875,416.5799865722656,144200,411.3839904785156
2024-08-19,416.42999267578125,419.44000244140625,415.9700012207031,419.4200134277344,124400,413.7499938964844
2024-08-20,419.45001220703125,419.45001220703125,415.0199890136719,415.45001220703125,142200,414.6679992675781
2024-08-21,417.2699890136719,420.8299865722656,415.7799987792969,418.7300109863281,231000,416.7080017089844
2024-08-22,418.9700012207031,420.94000244140625,417.2300109863281,417.75,122500,417.58600463867185
2024-08-23,420.0,422.94000244140625,418.55999755859375,422.5199890136719,104200,418.7740051269531
2024-08-26,424.0,427.0,421.7799987792969,422.1700134277344,80100,419.3240051269531
2024-08-27,422.1700134277344,426.3699951171875,421.6700134277344,425.5299987792969,97200,421.3400024414062
2024-08-28,426.2900085449219,429.3900146484375,424.29998779296875,425.4599914550781,138200,422.6859985351563
2024-08-29,427.44000244140625,432.05999755859375,425.29998779296875,426.6099853515625,170600,424.45799560546874
2024-08-30,428.1199951171875,433.79998779296875,424.7300109863281,432.79998779296875,297000,426.5139953613281
2024-09-03,431.7799987792969,432.0,419.25,420.0,209200,426.0799926757812
2024-09-04,420.70001220703125,430.5899963378906,420.70001220703125,429.6000061035156,329700,426.893994140625
2024-09-05,430.20001220703125,432.54998779296875,427.4700012207031,430.4700012207031,255500,427.89599609375
2024-09-06,429.2900085449219,431.5199890136719,421.2699890136719,421.7699890136719,235100,426.92799682617186
2024-09-09,424.6099853515625,431.1600036621094,422.17999267578125,424.260009765625,262400,425.2200012207031
2024-09-10,425.29998779296875,429.6199951171875,422.9100036621094,427.7099914550781,175600,426.7619995117187
2024-09-11,425.4700012207031,426.2099914550781,416.0,425.6700134277344,144200,425.9760009765625
2024-09-12,424.6499938964844,427.5899963378906,418.9100036621094,427.5899963378906,182000,425.4
2024-09-13,428.3800048828125,429.69000244140625,426.7300109863281,427.75,141900,426.59600219726565
2024-09-16,429.6600036621094,432.30999755859375,427.760009765625,429.1400146484375,135000,427.57200317382814
2024-09-17,429.1400146484375,432.20001220703125,426.2699890136719,428.8900146484375,170900,427.8080078125
2024-09-18,429.5,432.7799987792969,425.9599914550781,426.75,161300,428.0240051269531
2024-09-19,432.0,437.45001220703125,427.239990234375,436.6099853515625,251300,429.8280029296875
2024-09-20,434.45001220703125,437.3399963378906,428.760009765625,432.1300048828125,625600,430.70400390625
2024-09-23,432.4800109863281,433.29998779296875,430.0,432.739990234375,169600,431.4239990234375
2024-09-24,431.0199890136719,435.8699951171875,430.0199890136719,435.2799987792969,164600,432.7019958496094
2024-09-25,436.0400085449219,436.0400085449219,432.1700134277344,433.510009765625,150000,434.0539978027344
2024-09-26,436.2699890136719,438.82000732421875,433.07000732421875,436.19000244140625,189800,433.9700012207031
2024-09-27,438.3800048828125,439.80999755859375,433.5,435.739990234375,209700,434.69199829101564
2024-09-30,435.239990234375,438.0,432.04998779296875,437.6600036621094,186000,435.6760009765625
2024-10-01,438.2900085449219,442.2900085449219,432.260009765625,439.4800109863281,208800,436.51600341796876
2024-10-02,438.3599853515625,444.0400085449219,437.6600036621094,443.1700134277344,220500,438.4480041503906
2024-10-03,443.1700134277344,443.1700134277344,437.6600036621094,439.5400085449219,154100,439.1180053710938
2024-10-04,442.75,444.1499938964844,437.989990234375,440.70001220703125,184900,440.110009765625
2024-10-07,438.1600036621094,438.7200012207031,433.4200134277344,436.5899963378906,207900,439.89600830078126
2024-10-08,439.2300109863281,442.3999938964844,436.9100036621094,441.25,197400,440.2500061035156
2024-10-09,441.25,448.010009765625,441.25,445.489990234375,191600,440.71400146484376
2024-10-10,442.989990234375,447.45001220703125,441.6600036621094,446.6000061035156,154900,442.1260009765625
2024-10-11,446.6000061035156,455.69000244140625,445.1400146484375,454.0799865722656,271300,444.8019958496094
2024-10-14,454.0,455.54998779296875,451.9200134277344,453.8399963378906,165300,448.2519958496094
2024-10-15,455.9200134277344,458.1499938964844,448.94000244140625,450.29998779296875,303700,450.06199340820314
2024-10-16,448.5799865722656,450.6600036621094,444.6000061035156,445.4700012207031,305100,450.05799560546876
2024-10-17,446.8399963378906,449.82000732421875,444.9700012207031,448.7300109863281,192200,450.48399658203124
2024-10-18,450.0400085449219,452.3399963378906,448.260009765625,450.05999755859375,289900,449.67999877929685
2024-10-21,449.55999755859375,453.29998779296875,445.9700012207031,446.92999267578125,202500,448.297998046875
2024-10-22,446.92999267578125,446.92999267578125,442.3999938964844,443.489990234375,241900,446.9359985351563
2024-10-23,445.8900146484375,470.8399963378906,445.8900146484375,470.0899963378906,501800,451.85999755859376
2024-10-24,470.55999755859375,474.1499938964844,466.5199890136719,472.8599853515625,324200,456.6859924316406
2024-10-25,475.7300109863281,475.7300109863281,465.8699951171875,469.19000244140625,205900,460.5119934082031
2024-10-28,470.0,472.010009765625,466.57000732421875,466.7200012207031,234900,464.4699951171875
2024-10-29,466.1700134277344,466.17999267578125,462.3399963378906,463.6000061035156,174100,468.49199829101565
2024-10-30,461.19000244140625,465.32000732421875,460.75,461.5199890136719,160100,466.7779968261719
2024-10-31,460.0,462.260009765625,455.2799987792969,455.32000732421875,277900,463.27000122070314
2024-11-01,455.95001220703125,460.8299865722656,453.05999755859375,455.20001220703125,192200,460.4720031738281
2024-11-04,457.05999755859375,460.0199890136719,455.0,457.9200134277344,189500,458.7120056152344
2024-11-05,459.80999755859375,462.1199951171875,457.67999267578125,459.3699951171875,200400,457.8660034179687
2024-11-06,474.05999755859375,483.5199890136719,473.8800048828125,480.739990234375,358000,461.7100036621094
2024-11-07,480.0,483.239990234375,477.2900085449219,477.6600036621094,249800,466.1780029296875
2024-11-08,479.7799987792969,492.0,479.3500061035156,489.239990234375,343500,472.9859985351562
2024-11-11,490.8900146484375,491.05999755859375,480.5,487.6199951171875,254900,478.9259948730469
2024-11-12,487.8399963378906,491.8699951171875,487.6700134277344,487.8299865722656,187900,484.6179931640625
2024-11-13,486.760009765625,491.8500061035156,484.5299987792969,486.7699890136719,237100,485.82399291992186
2024-11-14,485.82000732421875,486.4599914550781,475.5,476.55999755859375,242200,485.60399169921874
2024-11-15,472.6000061035156,475.95001220703125,468.6300048828125,470.1499938964844,292800,481.78599243164064
2024-11-18,471.8500061035156,473.3800048828125,465.1499938964844,465.8900146484375,261700,477.43999633789065
2024-11-19,461.0,469.8500061035156,458.8900146484375,464.82000732421875,241700,472.83800048828124
2024-11-20,467.2799987792969,470.7699890136719,462.6700134277344,470.45001220703125,257400,469.5740051269531
2024-11-21,472.6099853515625,481.8399963378906,471.6700134277344,480.2200012207031,269700,470.306005859375
2024-11-22,483.1199951171875,486.1600036621094,482.010009765625,483.69000244140625,226000,473.0140075683594
2024-11-25,485.3299865722656,485.67999267578125,475.70001220703125,477.6099853515625,752400,475.3580017089844
2024-11-26,477.8999938964844,483.1099853515625,476.0,479.0299987792969,150300,478.2
2024-11-27,479.4100036621094,486.5,478.3299865722656,485.67999267578125,201500,481.24599609375
2024-11-29,486.9800109863281,488.760009765625,484.6700134277344,485.260009765625,157600,482.2539978027344
2024-12-02,485.4599914550781,485.4599914550781,478.94000244140625,480.1000061035156,252900,481.53599853515624
2024-12-03,481.9800109863281,481.9800109863281,477.1400146484375,478.5199890136719,152600,481.71799926757814
2024-12-04,478.57000732421875,481.7799987792969,476.0400085449219,478.8900146484375,158200,481.69000244140625
2024-12-05,480.0299987792969,480.0299987792969,475.260009765625,476.7200012207031,189900,479.89800415039065
2024-12-06,474.8999938964844,477.94000244140625,472.25,473.54998779296875,255100,477.5559997558594
2024-12-09,473.44000244140625,473.9100036621094,469.0799865722656,470.739990234375,275600,475.6839965820312
2024-12-10,473.4100036621094,476.45001220703125,467.6700134277344,471.0199890136719,367000,474.1839965820312
2024-12-11,472.6400146484375,477.7699890136719,472.6400146484375,474.82000732421875,285300,473.3699951171875
2024-12-12,474.2099914550781,480.1400146484375,467.69000244140625,478.9599914550781,233700,473.8179931640625
2024-12-13,479.2300109863281,480.80999755859375,474.0,475.04998779296875,176100,474.1179931640625
2024-12-16,474.6199951171875,480.5799865722656,471.5899963378906,475.9599914550781,264000,475.1619934082031
2024-12-17,475.0899963378906,477.3999938964844,469.2300109863281,470.6600036621094,194300,475.0899963378906
2024-12-18,471.29998779296875,472.5799865722656,458.04998779296875,458.44000244140625,209500,471.8139953613281
2024-12-19,458.6400146484375,465.9200134277344,457.5400085449219,464.95001220703125,259700,469.0119995117187
2024-12-20,463.6199951171875,471.5400085449219,460.8900146484375,467.25,609300,467.452001953125
2024-12-23,466.8299865722656,470.4200134277344,461.8399963378906,470.1000061035156,169600,466.2800048828125
2024-12-24,470.0199890136719,475.17999267578125,468.7200012207031,475.010009765625,102500,467.15000610351564
2024-12-26,472.989990234375,477.6400146484375,471.95001220703125,476.57000732421875,109800,470.7760070800781
2024-12-27,472.7799987792969,477.9599914550781,469.29998779296875,471.44000244140625,201200,472.0740051269531
2024-12-30,468.32000732421875,468.32000732421875,461.4599914550781,465.2300109863281,152300,471.6700073242188
2024-12-31,467.05999755859375,467.05999755859375,461.2699890136719,464.1300048828125,159100,470.47600708007815
2025-01-02,464.3900146484375,466.5,456.6700134277344,457.989990234375,218500,467.07200317382814
2025-01-03,460.8399963378906,463.0199890136719,457.0199890136719,459.70001220703125,216100,463.6980041503906
2025-01-06,459.5,461.1499938964844,454.1099853515625,455.510009765625,214300,460.5120056152344
2025-01-07,455.7099914550781,465.6700134277344,455.7099914550781,458.7799987792969,240000,459.2220031738281
2025-01-08,458.79998779296875,462.760009765625,455.95001220703125,461.9599914550781,167200,458.7880004882812
2025-01-10,458.07000732421875,459.75,454.9200134277344,456.3999938964844,186200,458.4700012207031
2025-01-13,454.0799865722656,461.7099914550781,452.92999267578125,460.7900085449219,197600,458.68800048828126
2025-01-14,461.55999755859375,466.25,460.17999267578125,465.92999267578125,136400,460.7719970703125
2025-01-15,470.30999755859375,472.7200012207031,466.0199890136719,468.9800109863281,177200,462.81199951171874
2025-01-16,469.32000732421875,473.9200134277344,466.80999755859375,472.0799865722656,211900,464.83599853515625
2025-01-17,474.1300048828125,477.3399963378906,471.2799987792969,473.8900146484375,264400,468.33400268554686
2025-01-21,474.0,482.0199890136719,474.0,480.4100036621094,377400,472.25800170898435
2025-01-22,493.54998779296875,515.989990234375,490.0,511.6700134277344,668700,481.406005859375
2025-01-23,514.719970703125,518.8499755859375,505.0,515.0800170898438,384700,490.6260070800781
2025-01-24,513.8499755859375,515.47998046875,500.7900085449219,514.4099731445312,333500,499.0920043945313
2025-01-27,511.5299987792969,514.8800048828125,501.1499938964844,508.6000061035156,336500,506.03400268554685
2025-01-28,509.57000732421875,511.05999755859375,504.8800048828125,509.17999267578125,220800,511.7880004882812
2025-01-29,511.1199951171875,511.2099914550781,505.8999938964844,508.75,226300,511.20399780273436
2025-01-30,512.4500122070312,519.3800048828125,512.4500122070312,518.8400268554688,217800,511.95599975585935
2025-01-31,518.75,522.5,510.5299987792969,511.3299865722656,297400,511.3400024414062
2025-02-03,506.2699890136719,513.2100219726562,495.239990234375,507.5,264500,511.1200012207031
2025-02-04,508.0,517.5800170898438,508.0,514.469970703125,242600,512.1779968261719
2025-02-05,516.989990234375,516.989990234375,509.6400146484375,515.47998046875,179100,513.5239929199219
2025-02-06,517.5800170898438,517.5800170898438,508.6600036621094,510.0,259300,511.7559875488281
2025-02-07,511.4200134277344,514.0599975585938,508.7300109863281,511.55999755859375,195300,511.80198974609374
2025-02-10,512.3200073242188,513.77001953125,505.5899963378906,511.25,170600,512.5519897460938
2025-02-11,507.8399963378906,510.2799987792969,506.0799865722656,508.5400085449219,139900,511.3659973144531
2025-02-12,505.0,509.6000061035156,503.07000732421875,505.9200134277344,223300,509.45400390625
2025-02-13,505.29998779296875,509.1499938964844,498.4200134277344,499.2799987792969,259100,507.31000366210935
2025-02-14,499.3699951171875,500.4200134277344,487.239990234375,489.7300109863281,322000,502.9440063476562
2025-02-18,491.0299987792969,497.5199890136719,489.20001220703125,496.8900146484375,270200,500.07200927734374
2025-02-19,498.5199890136719,504.0299987792969,498.32000732421875,502.07000732421875,171800,498.77800903320315
2025-02-20,500.1099853515625,501.4700012207031,497.1600036621094,500.989990234375,140800,497.79200439453126
2025-02-21,501.19000244140625,501.9200134277344,489.239990234375,491.0299987792969,253700,496.1420043945312
2025-02-24,491.95001220703125,498.1600036621094,488.1400146484375,496.0299987792969,244700,497.402001953125
2025-02-25,496.5299987792969,501.7799987792969,493.7099914550781,500.42999267578125,216500,498.10999755859376
2025-02-26,500.8399963378906,504.1099853515625,499.8800048828125,501.2900085449219,198500,497.95399780273436
2025-02-27,501.0,504.0,498.8900146484375,500.8599853515625,232400,497.92799682617186
2025-02-28,502.07000732421875,515.8499755859375,498.54998779296875,515.02001953125,443500,502.7260009765625
2025-03-03,518.1599731445312,520.9199829101562,509.510009765625,512.9600219726562,363300,506.11200561523435
2025-03-04,506.2900085449219,507.0899963378906,491.6400146484375,492.9599914550781,443000,504.6180053710938
2025-03-05,491.3399963378906,499.3999938964844,489.8299865722656,497.0199890136719,251000,503.7640014648438
2025-03-06,493.1499938964844,496.6000061035156,489.1099853515625,491.2699890136719,258800,501.84600219726565
2025-03-07,487.20001220703125,490.1400146484375,476.8900146484375,482.94000244140625,379900,495.42999877929685
2025-03-10,478.5199890136719,485.0,474.4700012207031,479.05999755859375,329600,488.6499938964844
2025-03-11,480.1000061035156,494.8500061035156,474.25,488.4200134277344,441600,487.74199829101565
2025-03-12,490.44000244140625,491.8699951171875,481.8900146484375,485.3999938964844,391900,485.4179992675781
2025-03-13,482.739990234375,486.6000061035156,479.19000244140625,481.0,186200,483.36400146484374
2025-03-14,484.5299987792969,492.3599853515625,483.57000732421875,491.45001220703125,168100,485.0660034179688
2025-03-17,491.2300109863281,500.9200134277344,487.5799865722656,497.29998779296875,184800,488.71400146484376
2025-03-18,497.69000244140625,500.6199951171875,494.8599853515625,498.5199890136719,200300,490.73399658203124
2025-03-19,499.1199951171875,508.7099914550781,499.0400085449219,500.7200012207031,338500,493.797998046875
2025-03-20,494.4700012207031,501.3699951171875,494.4700012207031,499.2900085449219,190600,497.45599975585935
2025-03-21,497.0,503.0199890136719,495.0,501.82000732421875,653600,499.5299987792969
2025-03-24,506.510009765625,508.1300048828125,498.94000244140625,507.70001220703125,290700,501.61000366210936
2025-03-25,507.6300048828125,513.5900268554688,505.1600036621094,512.25,220600,504.356005859375
2025-03-26,513.4600219726562,514.75,508.05999755859375,509.0,246300,506.0120056152344
2025-03-27,507.7300109863281,510.55999755859375,501.29998779296875,506.9100036621094,251200,507.5360046386719
2025-03-28,505.6099853515625,510.75,493.8999938964844,495.5199890136719,200500,506.2760009765625
2025-03-31,492.739990234375,499.4800109863281,490.1000061035156,497.7099914550781,271500,504.2779968261719
2025-04-01,494.82000732421875,501.3500061035156,492.75,498.3299865722656,312600,501.493994140625
2025-04-02,490.07000732421875,502.6000061035156,490.07000732421875,499.67999267578125,207500,499.62999267578124
2025-04-03,496.0899963378906,496.0899963378906,469.1199951171875,471.6000061035156,310400,492.5679931640625
2025-04-04,461.4700012207031,463.0,435.9100036621094,436.57000732421875,433300,480.7779968261719
2025-04-07,426.20001220703125,445.8999938964844,419.0,437.8999938964844,509000,468.8159973144531
2025-04-08,445.0299987792969,457.6099853515625,428.8900146484375,435.5400085449219,349000,456.25800170898435
2025-04-09,431.2900085449219,470.8599853515625,431.2900085449219,468.69000244140625,416200,450.06000366210935
2025-04-10,460.19000244140625,464.1400146484375,443.4100036621094,458.92999267578125,346500,447.5260009765625
2025-04-11,459.92999267578125,466.8900146484375,449.239990234375,464.79998779296875,247200,453.1719970703125
2025-04-14,470.0,472.5299987792969,464.3500061035156,466.80999755859375,393400,458.95399780273436
2025-04-15,466.3900146484375,474.5400085449219,466.3299865722656,468.6199951171875,212700,465.5699951171875
2025-04-16,464.2699890136719,466.94000244140625,457.1499938964844,460.8900146484375,230600,464.00999755859374
2025-04-17,462.6300048828125,465.7099914550781,457.80999755859375,462.19000244140625,224100,464.66199951171876
2025-04-21,459.80999755859375,461.94000244140625,447.45001220703125,453.3500061035156,327500,462.37200317382815
2025-04-22,456.2699890136719,462.8500061035156,456.2699890136719,461.1000061035156,346900,461.2300048828125
2025-04-23,446.6300048828125,462.7799987792969,438.8599853515625,448.5199890136719,635400,457.2100036621094
2025-04-24,445.1499938964844,459.4599914550781,440.57000732421875,459.1300048828125,424800,456.8580017089844
2025-04-25,457.8699951171875,468.1400146484375,453.8900146484375,458.6000061035156,314500,456.14000244140624
2025-04-28,461.5199890136719,464.489990234375,457.4100036621094,463.0400085449219,242100,458.0780029296875
2025-04-29,461.8800048828125,465.4599914550781,456.2200012207031,462.6199951171875,267000,458.3820007324219
2025-04-30,461.4800109863281,466.80999755859375,456.5899963378906,466.0299987792969,268800,461.8840026855469
2025-05-01,468.7900085449219,471.1499938964844,462.7699890136719,466.260009765625,273100,463.31000366210935
2025-05-02,473.7799987792969,480.8800048828125,465.9100036621094,478.8299865722656,369500,467.3559997558594
2025-05-05,476.4100036621094,480.9700012207031,474.8299865722656,478.70001220703125,316700,470.4880004882813
2025-05-06,474.4200134277344,481.1400146484375,471.9599914550781,476.2300109863281,450600,473.2100036621094
2025-05-07,478.04998779296875,483.6099853515625,478.04998779296875,481.6700134277344,206000,476.3380065917969
2025-05-08,486.0899963378906,488.82000732421875,480.9200134277344,481.95001220703125,331700,479.47600708007815
2025-05-09,484.45001220703125,486.0899963378906,480.6099853515625,484.9599914550781,269200,480.70200805664064
2025-05-12,491.1499938964844,500.0,483.69000244140625,493.9200134277344,506800,483.7460083007812
2025-05-13,493.4599914550781,496.510009765625,489.6300048828125,493.1700134277344,313700,487.1340087890625
2025-05-14,491.79998779296875,493.7200012207031,486.7300109863281,491.1099853515625,410100,489.0220031738281
2025-05-15,492.6099853515625,497.6400146484375,490.92999267578125,496.20001220703125,263000,491.87200317382815
2025-05-16,496.3999938964844,499.42999267578125,493.2699890136719,499.1700134277344,340500,494.71400756835936
2025-05-19,495.80999755859375,497.8299865722656,494.0899963378906,497.0400085449219,253700,495.3380065917969
2025-05-20,496.3900146484375,496.3900146484375,491.2799987792969,495.44000244140625,385000,495.79200439453126
2025-05-21,494.4700012207031,496.8699951171875,487.69000244140625,489.2300109863281,366200,495.4160095214844
2025-05-22,489.4200134277344,490.05999755859375,483.2300109863281,488.0400085449219,179600,493.7840087890625
2025-05-23,484.8299865722656,487.989990234375,483.2300109863281,486.2200012207031,156300,491.1940063476562
2025-05-27,491.4599914550781,495.69000244140625,488.010009765625,494.95001220703125,176600,490.7760070800781
2025-05-28,495.2900085449219,498.3999938964844,493.7200012207031,496.239990234375,441800,490.9360046386719
2025-05-29,495.9599914550781,498.25,494.75,497.489990234375,362100,492.58800048828124
2025-05-30,495.4200134277344,500.5299987792969,491.739990234375,498.8599853515625,556500,494.7519958496094
2025-06-02,497.9599914550781,498.8999938964844,488.0,494.239990234375,271600,496.3559936523437
2025-06-03,494.239990234375,499.2099914550781,490.7799987792969,498.7300109863281,335400,497.11199340820315
2025-06-04,500.92999267578125,500.92999267578125,497.0799865722656,498.1099853515625,464300,497.4859924316406
2025-06-05,500.1099853515625,501.19000244140625,494.489990234375,500.0199890136719,313400,497.9919921875
2025-06-06,502.7300109863281,503.0199890136719,498.29998779296875,500.6700134277344,241500,498.3539978027344
2025-06-09,501.1000061035156,507.75,498.6400146484375,505.3599853515625,235300,500.5779968261719
2025-06-10,506.6000061035156,506.6000061035156,498.010009765625,500.55999755859375,408100,500.943994140625
2025-06-11,500.67999267578125,501.6199951171875,493.8599853515625,498.239990234375,487100,500.9699951171875
2025-06-12,495.2799987792969,502.04998779296875,494.739990234375,494.95001220703125,394800,499.95599975585935
2025-06-13,490.04998779296875,493.92999267578125,486.489990234375,487.4700012207031,266300,497.3159973144531
2025-06-16,490.6199951171875,492.260009765625,487.29998779296875,488.6000061035156,381700,493.96400146484376
2025-06-17,486.54998779296875,491.2799987792969,483.54998779296875,490.6499938964844,334900,491.98200073242185
2025-06-18,490.7799987792969,494.7799987792969,487.6700134277344,488.94000244140625,358100,490.12200317382815
2025-06-20,491.2099914550781,492.5299987792969,484.739990234375,486.5899963378906,697600,488.45
2025-06-23,486.9700012207031,493.1099853515625,486.5,491.0,418200,489.1559997558594
2025-06-24,495.0,496.989990234375,490.44000244140625,494.6300048828125,538000,490.36199951171875
2025-06-25,497.42999267578125,498.7799987792969,492.1600036621094,497.2300109863281,336400,491.6780029296875
2025-06-26,500.0,507.94000244140625,494.2699890136719,506.6700134277344,308800,495.2240051269531
2025-06-27,506.5299987792969,509.7900085449219,503.07000732421875,509.69000244140625,373500,499.84400634765626
2025-06-30,510.260009765625,513.8400268554688,508.1199951171875,512.3099975585938,426000,504.106005859375
2025-07-01,510.4200134277344,513.0599975585938,507.70001220703125,511.57000732421875,304900,507.49400634765624
2025-07-02,510.57000732421875,511.1300048828125,504.4700012207031,509.510009765625,253000,509.95000610351565
2025-07-03,510.3299865722656,518.3499755859375,502.5,517.9600219726562,216000,512.2080078125
2025-07-07,517.7999877929688,520.9600219726562,512.9400024414062,515.47998046875,238500,513.3660034179687
2025-07-08,513.4099731445312,517.4000244140625,513.4099731445312,515.0499877929688,239600,513.9140014648438
2025-07-09,518.2000122070312,520.9199829101562,516.3800048828125,519.8599853515625,221600,515.5719970703125
2025-07-10,520.8699951171875,530.4400024414062,516.8599853515625,527.52001953125,495000,519.1739990234375
2025-07-11,523.8499755859375,534.5,523.5399780273438,530.72998046875,401700,521.7279907226563
2025-07-14,528.8499755859375,536.75,526.530029296875,536.72998046875,270600,525.9779907226563
2025-07-15,537.5599975585938,542.2999877929688,532.97998046875,535.030029296875,353700,529.9739990234375
2025-07-16,536.4500122070312,541.4000244140625,533.4099731445312,540.0599975585938,441300,534.0140014648438
2025-07-17,539.8599853515625,559.4500122070312,539.719970703125,559.0,537600,540.3099975585938
2025-07-18,559.239990234375,564.8499755859375,558.7899780273438,563.6599731445312,867900,546.89599609375
2025-07-21,561.6500244140625,564.0,556.75,559.27001953125,766500,551.40400390625
2025-07-22,556.780029296875,561.5900268554688,553.3300170898438,555.9500122070312,598200,555.5880004882813
2025-07-23,566.72998046875,570.5599975585938,519.22998046875,546.5800170898438,1222700,556.8920043945312
2025-07-24,548.97998046875,555.0,545.72998046875,549.9299926757812,539000,555.0780029296875
2025-07-25,551.2000122070312,556.4299926757812,545.0700073242188,555.8900146484375,553000,553.5240112304688
2025-07-28,556.0,561.75,552.3300170898438,556.9600219726562,467800,553.06201171875
2025-07-29,559.7999877929688,561.969970703125,549.77001953125,552.47998046875,264500,552.3680053710938
2025-07-30,553.25,558.739990234375,545.5700073242188,550.5900268554688,414300,553.1700073242188
2025-07-31,549.5499877929688,560.1300048828125,549.5499877929688,551.02001953125,373400,553.3880126953125
2025-08-01,545.8699951171875,550.9400024414062,535.510009765625,544.6900024414062,446300,551.1480102539062
2025-08-04,547.25,555.0,546.3499755859375,552.260009765625,532600,550.2080078125
2025-08-05,552.260009765625,555.969970703125,547.1799926757812,552.1599731445312,285800,550.1440063476563
2025-08-06,555.0599975585938,556.4500122070312,547.739990234375,548.9600219726562,246400,549.8180053710937
2025-08-07,551.9400024414062,556.3900146484375,544.7100219726562,550.1300048828125,222200,549.6400024414063
2025-08-08,554.0,554.0,544.97998046875,545.9299926757812,207500,549.8880004882812
2025-08-11,545.6199951171875,545.989990234375,540.510009765625,542.030029296875,275800,547.8420043945313
2025-08-12,545.0399780273438,552.8200073242188,542.5499877929688,552.2999877929688,220500,547.8700073242187
2025-08-13,554.0499877929688,554.0499877929688,540.0,550.1199951171875,387800,548.102001953125
2025-08-14,548.77001953125,548.77001953125,539.6300048828125,541.9199829101562,232300,546.4599975585937
2025-08-15,541.6300048828125,542.239990234375,535.3499755859375,538.469970703125,601700,544.9679931640625
2025-08-18,538.4199829101562,539.4299926757812,534.5499877929688,536.5900268554688,276100,543.8799926757813
2025-08-19,536.2999877929688,543.239990234375,536.2999877929688,543.1500244140625,255000,542.05
2025-08-20,543.0,543.719970703125,534.6300048828125,541.8099975585938,267900,540.3880004882812
2025-08-21,540.0,543.2000122070312,538.8400268554688,542.4400024414062,216900,540.4920043945312
2025-08-22,545.4400024414062,553.6699829101562,544.0499877929688,551.0599975585938,146900,543.010009765625
2025-08-25,551.47998046875,552.0,540.6599731445312,541.1300048828125,276100,543.9180053710937
2025-08-26,541.1099853515625,545.030029296875,541.1099853515625,544.77001953125,232200,544.2420043945312
2025-08-27,543.5700073242188,545.6799926757812,540.8200073242188,541.2899780273438,178800,544.1380004882812
2025-08-28,541.9400024414062,543.3099975585938,539.0,542.0900268554688,188500,544.0680053710937
2025-08-29,540.6300048828125,544.4099731445312,534.5,538.1699829101562,269900,541.4900024414062
2025-09-02,534.8499755859375,537.9099731445312,528.8099975585938,537.9099731445312,246800,540.84599609375
2025-09-03,537.6400146484375,545.22998046875,533.9299926757812,544.6400146484375,288700,540.8199951171875
2025-09-04,546.3099975585938,549.7000122070312,544.4199829101562,547.0,302500,541.9619995117188
2025-09-05,549.0999755859375,549.97998046875,542.989990234375,549.030029296875,266600,543.35
2025-09-08,547.1300048828125,548.8900146484375,544.4299926757812,546.2999877929688,227500,544.9760009765625
2025-09-09,545.25,546.27001953125,539.0999755859375,544.760009765625,138100,546.3460083007812
2025-09-10,543.0999755859375,550.77001953125,542.5,544.969970703125,221600,546.4119995117187
2025-09-11,546.22998046875,568.0800170898438,546.22998046875,566.1099853515625,437000,550.2339965820313
2025-09-12,565.3099975585938,565.510009765625,553.9500122070312,556.2899780273438,285000,551.685986328125
2025-09-15,555.02001953125,558.9299926757812,554.8400268554688,556.6599731445312,204700,553.7579833984375
2025-09-16,556.1900024414062,560.0,553.8699951171875,554.8800048828125,238100,555.781982421875
2025-09-17,556.7000122070312,558.8200073242188,546.5700073242188,550.8699951171875,237600,556.9619873046875
2025-09-18,550.8699951171875,564.030029296875,550.8699951171875,562.6300048828125,201900,556.2659912109375
2025-09-19,566.5,567.22998046875,559.780029296875,565.4099731445312,407900,558.089990234375
2025-09-22,562.8499755859375,568.52001953125,562.2899780273438,567.9199829101562,249600,560.3419921875
2025-09-23,568.9600219726562,573.2899780273438,565.9299926757812,567.9099731445312,292700,562.9479858398438
2025-09-24,569.0,571.8499755859375,562.8400268554688,563.9199829101562,290900,565.5579833984375
2025-09-25,562.5599975585938,568.3300170898438,559.3200073242188,566.0,308800,566.231982421875
2025-09-26,568.0900268554688,579.4600219726562,568.0900268554688,577.1099853515625,410900,568.5719848632813
2025-09-29,579.1300048828125,585.9600219726562,577.3900146484375,579.3499755859375,344100,570.8579833984375
2025-09-30,579.6599731445312,586.280029296875,577.5499877929688,586.0399780273438,274300,574.483984375
2025-10-01,581.6300048828125,581.6300048828125,571.75,575.0700073242188,328500,576.7139892578125
2025-10-02,575.0700073242188,585.5399780273438,572.6400146484375,582.1699829101562,202500,579.9479858398438
2025-10-03,583.6599731445312,590.0900268554688,583.3499755859375,587.6199951171875,197300,582.0499877929688
2025-10-06,592.0,595.530029296875,588.47998046875,593.6199951171875,169800,584.9039916992188
2025-10-07,595.9299926757812,595.989990234375,588.030029296875,588.5700073242188,178900,585.4099975585938
2025-10-08,586.5,592.1400146484375,583.9600219726562,588.010009765625,223300,587.997998046875
2025-10-09,590.780029296875,591.3300170898438,576.1500244140625,576.4400024414062,221200,586.852001953125
2025-10-10,577.27001953125,579.52001953125,565.8499755859375,567.4400024414062,238900,582.8160034179688
2025-10-13,571.489990234375,573.7999877929688,567.6699829101562,567.8200073242188,202700,577.656005859375
2025-10-14,562.3699951171875,577.5499877929688,562.3699951171875,571.9299926757812,200300,574.3280029296875
2025-10-15,575.8499755859375,577.3699951171875,561.52001953125,565.02001953125,268500,569.7300048828125
2025-10-16,567.9299926757812,571.6500244140625,559.0,561.489990234375,334200,566.7400024414062
2025-10-17,561.0800170898438,566.0700073242188,559.0,562.260009765625,288700,565.70400390625
2025-10-20,566.25,574.7100219726562,562.1900024414062,571.8300170898438,222000,566.506005859375
2025-10-21,571.8300170898438,580.1400146484375,571.7000122070312,573.75,339900,566.8700073242187
2025-10-22,559.780029296875,560.760009765625,531.0,543.72998046875,793900,562.6119995117188
2025-10-23,544.1199951171875,545.6799926757812,535.3200073242188,536.6900024414062,344900,557.652001953125
2025-10-24,542.6799926757812,542.6799926757812,531.1799926757812,532.0900268554688,310100,551.6180053710938
2025-10-27,534.9299926757812,535.1900024414062,526.5999755859375,528.4600219726562,306600,542.9440063476562
2025-10-28,529.6699829101562,529.9400024414062,524.2100219726562,525.4500122070312,276100,533.2840087890625
2025-10-29,523.5,525.719970703125,513.780029296875,515.3300170898438,369900,527.6040161132812
2025-10-30,515.77001953125,527.4500122070312,515.77001953125,517.75,444200,523.816015625
2025-10-31,517.02001953125,530.0700073242188,516.010009765625,526.8200073242188,398000,522.76201171875
2025-11-03,521.5599975585938,525.7100219726562,516.0599975585938,518.3200073242188,365100,520.7340087890625
2025-11-04,514.22998046875,517.97998046875,510.1600036621094,511.20001220703125,311800,517.8840087890625
2025-11-05,509.70001220703125,516.489990234375,508.2699890136719,512.6900024414062,344000,517.356005859375
2025-11-06,512.6900024414062,513.0,504.0,506.67999267578125,357500,515.1420043945312
2025-11-07,507.1400146484375,514.5999755859375,504.8500061035156,513.1699829101562,344500,512.4119995117187
2025-11-10,516.6699829101562,521.3099975585938,512.9199829101562,520.1500244140625,332900,512.7780029296875
2025-11-11,519.219970703125,519.25,512.5599975585938,514.9099731445312,375300,513.5199951171875
2025-11-12,514.760009765625,523.8599853515625,514.760009765625,519.4299926757812,535900,514.8679931640625
2025-11-13,518.9500122070312,521.47998046875,503.7900085449219,505.4100036621094,496200,514.6139953613281
2025-11-14,501.3299865722656,505.5400085449219,496.0,501.2300109863281,475200,512.2260009765625
2025-11-17,501.8299865722656,502.67999267578125,496.6000061035156,499.54998779296875,588800,508.1059936523437
2025-11-18,499.54998779296875,505.1400146484375,494.54998779296875,504.1700134277344,575800,505.9580017089844
2025-11-19,502.9800109863281,504.30999755859375,492.010009765625,493.94000244140625,379000,500.86000366210936
2025-11-20,498.1700134277344,502.92999267578125,483.82000732421875,484.4700012207031,456000,496.6720031738281
2025-11-21,485.94000244140625,496.2900085449219,483.0199890136719,494.8699951171875,609700,495.4
2025-11-24,493.989990234375,498.1600036621094,490.20001220703125,492.3500061035156,588300,493.9600036621094
2025-11-25,493.5,499.9700012207031,489.67999267578125,497.7699890136719,274900,492.67999877929685
2025-11-26,497.79998779296875,500.57000732421875,495.2699890136719,497.67999267578125,333500,493.42799682617186
2025-11-28,500.54998779296875,504.5199890136719,497.69000244140625,499.5199890136719,210700,496.4379943847656
