Date,Open,High,Low,Close,Volume,Dividends,Stock Splits,MA5
2021-01-08 00:00:00-05:00,120.1819908282661,121.90297456330532,118.65531785678417,120.71864318847656,2301300,0.0,0.0,116.24407958984375
2021-01-11 00:00:00-05:00,118.88663279902953,120.90369231860413,118.88663279902953,120.71864318847656,2445800,0.0,0.0,118.12606048583984
2021-01-12 00:00:00-05:00,121.10724601484958,121.24602932760813,118.78484916518362,119.84889221191406,1473500,0.0,0.0,119.40662078857422
2021-01-13 00:00:00-05:00,120.15424992888245,120.72790654304463,119.58059331472026,120.20051574707031,1430300,0.0,0.0,120.10612335205079
2021-01-14 00:00:00-05:00,120.80190509443048,122.10652466978314,120.37629353545616,120.46881103515625,1970800,0.0,0.0,120.39110107421875
2021-01-15 00:00:00-05:00,119.71010688830685,119.71010688830685,117.54499547641215,118.38697814941406,1482500,0.0,0.0,119.92476806640624
2021-01-19 00:00:00-05:00,119.97844397575803,120.7279022010726,119.3955257479156,119.83966064453125,1612500,0.0,0.0,119.74897155761718
2021-01-20 00:00:00-05:00,120.38555188004648,121.5236174689733,119.36776046338413,120.6353759765625,1362500,0.0,0.0,119.90626831054688
2021-01-21 00:00:00-05:00,120.96847912755692,121.9492523198046,120.03395763361355,120.57061004638672,1498100,0.0,0.0,119.98028717041015
2021-01-22 00:00:00-05:00,119.42329720710016,119.8766655038986,118.5998023760196,118.79411315917969,1540500,0.0,0.0,119.64534759521484
2021-01-25 00:00:00-05:00,118.16491711031989,119.27523300151847,116.97133123334639,118.1556625366211,1479400,0.0,0.0,119.59908447265624
2021-01-26 00:00:00-05:00,118.01687281425363,118.14640860231243,114.25106626901027,114.30657958984375,2722700,0.0,0.0,118.49246826171876
2021-01-27 00:00:00-05:00,113.34431737975815,115.65746671403893,108.13510762025959,110.96640014648438,2444000,0.0,0.0,116.55867309570313
2021-01-28 00:00:00-05:00,112.60410888849289,114.84324285119082,110.75358938623879,110.89237976074219,3148400,0.0,0.0,114.62302703857422
2021-01-29 00:00:00-05:00,110.16140880643742,112.24324296482048,109.05110007896809,111.40126037597656,3439400,0.0,0.0,113.14445648193359
2021-02-01 00:00:00-05:00,113.05748330828561,116.02756605369196,111.96567659627449,115.22258758544922,2544600,0.0,0.0,112.55784149169922
2021-02-02 00:00:00-05:00,116.86955787205966,117.34144232560351,114.5471609601356,114.9172592163086,2396900,0.0,0.0,112.67997741699219
2021-02-03 00:00:00-05:00,115.19483759332061,119.45103804330267,114.88025267022314,119.0716781616211,3415500,0.0,0.0,114.30103302001953
2021-02-04 00:00:00-05:00,119.12717046183023,120.968442101474,118.0168617938153,119.25670623779297,2615800,0.0,0.0,115.9738983154297
2021-02-05 00:00:00-05:00,120.71864129859387,120.71864129859387,117.97987327238555,118.48876190185547,1866600,0.0,0.0,117.39139862060547
2021-02-08 00:00:00-05:00,118.89587875373061,120.28376838898818,118.04464147164053,120.27452087402344,1347300,0.0,0.0,118.40178527832032
2021-02-09 00:00:00-05:00,120.05244004980344,120.19122335050115,118.74782054987752,119.1641845703125,1761000,0.0,0.0,119.2511703491211
2021-02-10 00:00:00-05:00,120.28375811109483,120.28375811109483,116.87880221450622,117.03609466552734,1806400,0.0,0.0,118.84405364990235
2021-02-11 00:00:00-05:00,117.80406915450958,118.72933594849795,116.97133398134012,118.07239532470703,1323000,0.0,0.0,118.60719146728516
2021-02-12 00:00:00-05:00,117.37844429529056,120.18198001355758,117.37844429529056,120.07095336914062,1126200,0.0,0.0,118.92362976074219
2021-02-16 00:00:00-05:00,120.73712239254037,122.7356722679315,120.70010410468971,121.4495620727539,1174300,0.0,0.0,119.15863800048828
2021-02-17 00:00:00-05:00,121.10723386488515,121.38481458089733,119.11793128375761,120.01543426513672,1910800,0.0,0.0,119.32888793945312
2021-02-18 00:00:00-05:00,119.80184286164186,119.97829745566263,118.35307865715198,119.42107391357422,873700,0.48,0.0,119.8058837890625
2021-02-19 00:00:00-05:00,120.15477187562684,123.18231772121139,120.13619397561625,122.79226684570312,1681600,0.0,0.0,120.74985809326172
2021-02-22 00:00:00-05:00,121.82641335414105,122.81084365495938,120.62840097363345,120.66554260253906,2154200,0.0,0.0,120.8687759399414
2021-02-23 00:00:00-05:00,120.40547935462442,120.51693255576012,116.99717244414079,119.83897399902344,2080200,0.0,0.0,120.54665832519531
2021-02-24 00:00:00-05:00,119.05887394762115,123.01512962449101,118.97529467380109,121.3991928100586,1766700,0.0,0.0,120.82341003417969
2021-02-25 00:00:00-05:00,120.60051787417972,121.30632205310438,116.13349035366926,116.96002960205078,1841100,0.0,0.0,120.331201171875
2021-02-26 00:00:00-05:00,118.34378309955234,121.51993018759016,117.53581467695997,120.75839233398438,2262000,0.0,0.0,119.92442626953125
2021-03-01 00:00:00-05:00,122.17929257143297,125.20685181688391,122.17929257143297,124.61247253417969,1613800,0.0,0.0,120.71381225585938
2021-03-02 00:00:00-05:00,125.22544614804569,125.86624906939714,123.60022709798037,125.17900848388672,2186700,0.0,0.0,121.78181915283203
2021-03-03 00:00:00-05:00,124.5381840635444,125.42044274672944,121.2877468943922,121.92853546142578,1141500,0.0,0.0,121.88768768310547
2021-03-04 00:00:00-05:00,120.70268370180305,121.65923995096088,115.81773819009139,118.74313354492188,2086000,0.0,0.0,122.24430847167969
2021-03-05 00:00:00-05:00,120.32190698934144,121.24132155488705,114.97262066354327,120.7676773071289,1343700,0.0,0.0,122.2461654663086
2021-03-08 00:00:00-05:00,121.19488719566802,122.22574082600272,118.07446654471833,118.08375549316406,1390200,0.0,0.0,120.94042205810547
2021-03-09 00:00:00-05:00,119.63467446553548,121.1948775818552,118.61310277929127,120.18260192871094,1543500,0.0,0.0,119.9411407470703
2021-03-10 00:00:00-05:00,120.47977853549041,121.63136715893383,119.76469251917094,120.8141098022461,877800,0.0,0.0,119.71825561523437
2021-03-11 00:00:00-05:00,122.10500591921743,122.95940495720893,121.35276405809357,122.27217864990234,1349700,0.0,0.0,120.42406463623047
2021-03-12 00:00:00-05:00,121.14844495830812,122.43933241318264,120.87912923208944,121.85426330566406,1062900,0.0,0.0,120.6413818359375
2021-03-15 00:00:00-04:00,122.53220394427035,125.11397877439363,122.27217008877464,124.79822540283203,1628400,0.0,0.0,121.9842758178711
2021-03-16 00:00:00-04:00,124.91896551840247,124.9746992138263,123.14516591065069,124.4453353881836,1435700,0.0,0.0,122.83682250976562
2021-03-17 00:00:00-04:00,123.85094654560766,125.05825464200464,122.62506055428038,124.24099731445312,2375800,0.0,0.0,123.52220001220704
2021-03-18 00:00:00-04:00,123.97168025971554,126.31198484736441,122.26286821423679,122.47647857666016,1765900,0.0,0.0,123.5630599975586
2021-03-19 00:00:00-04:00,122.69937657875992,123.2380222472057,119.89472336238967,119.94114685058594,5239000,0.0,0.0,123.18043670654296
2021-03-22 00:00:00-04:00,119.82041548138399,120.96270810449403,118.78956189347024,119.34677124023438,3112100,0.0,0.0,122.09014587402343
2021-03-23 00:00:00-04:00,118.7338396331949,119.06817800718632,114.51755690286782,114.92618560791016,2275300,0.0,0.0,120.18631591796876
2021-03-24 00:00:00-04:00,115.62271037220131,117.62869814591188,115.31623883698579,115.98490142822266,1318600,0.0,0.0,118.53509674072265
2021-03-25 00:00:00-04:00,115.31622661231617,117.74012470589655,114.59184457706522,116.9228744506836,1845900,0.0,0.0,117.42437591552735
2021-03-26 00:00:00-04:00,117.5172532632097,119.97830034880673,116.63498735722263,119.56967163085938,2152400,0.0,0.0,117.35008087158204
2021-03-29 00:00:00-04:00,119.64395924616204,119.64395924616204,117.07146624316867,118.49237060546875,3170000,0.0,0.0,117.1792007446289
2021-03-30 00:00:00-04:00,118.4737922826409,119.34676202765498,117.95372459749287,118.39021301269531,1543400,0.0,0.0,117.87200622558593
2021-03-31 00:00:00-04:00,118.82669292301163,120.71194534454294,118.65024543788184,119.90398406982422,1727800,0.0,0.0,118.65582275390625
2021-04-01 00:00:00-04:00,120.88838524160364,121.52918790064729,119.63465384723018,121.46417236328125,1149100,0.0,0.0,119.56408233642578
2021-04-05 00:00:00-04:00,122.9500999122398,124.34314433189844,121.98426201641996,123.30300903320312,949000,0.0,0.0,120.31074981689453
2021-04-06 00:00:00-04:00,123.01514031611636,123.75808615346492,122.46719863051406,122.6808090209961,1791500,0.0,0.0,121.1484375
2021-04-07 00:00:00-04:00,122.18859801748516,122.67150996571127,119.79255948993324,120.26618957519531,2193400,0.0,0.0,121.5236328125
2021-04-08 00:00:00-04:00,121.46420265480702,121.72425069834391,119.72754482517746,121.603515625,1294900,0.0,0.0,121.86353912353516
2021-04-09 00:00:00-04:00,121.85424825644029,122.17928346030088,120.84195851550723,122.16070556640625,912300,0.0,0.0,122.00284576416016
2021-04-12 00:00:00-04:00,122.42078989052659,122.79226285394836,121.90070790263682,122.45793151855469,923500,0.0,0.0,121.83383026123047
2021-04-13 00:00:00-04:00,122.17929486717088,122.8479574019952,120.83268793509886,122.06785583496094,1730300,0.0,0.0,121.71123962402343
2021-04-14 00:00:00-04:00,120.69338395591372,122.40218183998472,120.43333594063346,121.54778289794922,1359600,0.0,0.0,121.96755828857422
2021-04-15 00:00:00-04:00,121.9192463586285,123.28443102225489,121.6777904275989,123.1822738647461,908900,0.0,0.0,122.28330993652344
2021-04-16 00:00:00-04:00,123.78592724877191,124.34315071354592,123.01512176728781,123.8880844116211,1696700,0.0,0.0,122.6287857055664
2021-04-19 00:00:00-04:00,122.18859856974551,122.94084042594298,120.8698371421694,121.05558776855469,1810000,0.0,0.0,122.3483169555664
2021-04-20 00:00:00-04:00,120.52623151063824,121.28776944813879,118.4459533194576,119.23534393310547,3714800,0.0,0.0,121.78181457519531
2021-04-21 00:00:00-04:00,122.12358696183908,124.07385523562678,119.25391824334365,123.9809799194336,3229800,0.0,0.0,122.2684539794922
2021-04-22 00:00:00-04:00,124.07384415493138,124.99324451752999,122.56934635750952,122.59720611572266,2050400,0.0,0.0,122.1514404296875
2021-04-23 00:00:00-04:00,122.78296023564958,125.12326501703868,122.58792775180909,125.11398315429688,1655500,0.0,0.0,122.39662017822266
2021-04-26 00:00:00-04:00,125.37402180120543,126.51631447646373,125.23472300085076,125.53189849853516,1450300,0.0,0.0,123.29188232421875
2021-04-27 00:00:00-04:00,126.29340601192754,126.46984639300055,123.72091347493541,125.51329040527344,1313100,0.0,0.0,124.54747161865234
2021-04-28 00:00:00-04:00,125.20686644502695,126.64633465480799,124.5939233662135,126.22842407226562,2006400,0.0,0.0,124.99696044921875
2021-04-29 00:00:00-04:00,127.05499110264267,128.39231659526465,126.40490625783667,128.32730102539062,1748900,0.0,0.0,126.14297943115234
2021-04-30 00:00:00-04:00,127.22213207646082,127.81649723898191,124.72393635295116,124.8818130493164,1923500,0.0,0.0,126.09654541015625
2021-05-03 00:00:00-04:00,126.40487218151286,126.40487218151286,123.39589063427705,123.8230972290039,1309200,0.0,0.0,125.75478515625
2021-05-04 00:00:00-04:00,122.838674342127,123.8788097547,120.61909055729431,123.78593444824219,2200000,0.0,0.0,125.40931396484375
2021-05-05 00:00:00-04:00,124.98397835865975,125.84765931334921,123.70237263669814,125.1047134399414,1329900,0.0,0.0,125.1845718383789
2021-05-06 00:00:00-04:00,124.8075105807737,126.08911616746445,123.38660620021773,126.0612564086914,1606300,0.0,0.0,124.73136291503906
2021-05-07 00:00:00-04:00,126.43273450476556,128.55944314632106,125.93124465544815,128.1601104736328,973300,0.0,0.0,125.38702239990235
2021-05-10 00:00:00-04:00,128.16014250032194,129.0795573197423,126.73923770626392,126.76709747314453,1071000,0.0,0.0,125.97582244873047
2021-05-11 00:00:00-04:00,124.57534698720596,124.76108345162386,122.09572905172806,124.25029754638672,1585000,0.0,0.0,126.06869506835938
2021-05-12 00:00:00-04:00,123.34016838440137,123.34016838440137,119.83897893840279,119.93185424804688,1405200,0.0,0.0,125.03412322998047
2021-05-13 00:00:00-04:00,120.48906355619519,123.12655765799322,120.48906355619519,122.16070556640625,1641200,0.0,0.0,124.25401306152344
2021-05-14 00:00:00-04:00,123.38660037415211,125.28113473517642,122.97797170373184,124.63105010986328,1272700,0.0,0.0,123.54820098876954
2021-05-17 00:00:00-04:00,123.71164391170433,124.74249740114637,123.06154514640579,124.59390258789062,913100,0.0,0.0,123.11356201171876
2021-05-18 00:00:00-04:00,124.584617105357,124.94680813660047,121.89140319824219,121.89140319824219,1622500,0.0,0.0,122.64178314208985
2021-05-19 00:00:00-04:00,120.4612134894049,123.83237170720078,120.01542902476537,123.23800659179688,1525500,0.0,0.0,123.30301361083984
2021-05-20 00:00:00-04:00,124.70159817138801,124.79481053396306,123.02361917685654,124.44989776611328,1395700,0.5,0.0,123.76085205078125
2021-05-21 00:00:00-04:00,124.88802047788275,126.24903743002079,123.83461992806633,123.88123321533203,1321700,0.0,0.0,123.610888671875
2021-05-24 00:00:00-04:00,125.10244779343778,125.88549995735228,124.87872673196553,125.41939544677734,810500,0.0,0.0,123.77598724365234
2021-05-25 00:00:00-04:00,125.88549058721269,126.6405917866189,124.49650835269036,124.86006927490234,1361600,0.0,0.0,124.36972045898438
2021-05-26 00:00:00-04:00,124.63631418397638,125.6617495575848,124.20750610001467,125.54055786132812,1056200,0.0,0.0,124.83023071289062
2021-05-27 00:00:00-04:00,126.4541083674363,127.12529979009835,125.8388614169764,126.14649200439453,2835500,0.0,0.0,125.16954956054687
2021-05-28 00:00:00-04:00,126.99480387877988,127.61006511534697,126.0998913750257,126.48208618164062,1128100,0.0,0.0,125.6897201538086
2021-06-01 00:00:00-04:00,127.94565682083494,128.86854864654796,127.33039560369293,128.19735717773438,1393500,0.0,0.0,126.2453125
2021-06-02 00:00:00-04:00,128.32787357742805,128.98973389461906,127.47956011091962,127.87108612060547,1747200,0.0,0.0,126.84751586914062
2021-06-03 00:00:00-04:00,126.8549795932536,128.86855408466508,126.23040138260224,127.82447052001953,1362500,0.0,0.0,127.3042984008789
2021-06-04 00:00:00-04:00,128.6261753865599,129.95924146201784,128.34650988180007,129.91262817382812,1336200,0.0,0.0,128.05752563476562
2021-06-07 00:00:00-04:00,129.9219605467219,130.11773069058,128.7101002563682,129.58636474609375,1759000,0.0,0.0,128.67838134765626
2021-06-08 00:00:00-04:00,129.81941226446523,130.0431475315327,127.94567741005638,128.5982208251953,1504600,0.0,0.0,128.75855407714843
2021-06-09 00:00:00-04:00,128.83124040511524,128.83124040511524,126.19308805855573,126.49140167236328,1673600,0.0,0.0,128.4826171875
2021-06-10 00:00:00-04:00,127.32106628545317,127.79648760291951,126.08122700428993,127.65666198730469,962500,0.0,0.0,128.44905548095704
2021-06-11 00:00:00-04:00,129.33465680494533,129.521095724066,127.0973471023642,127.71260833740234,952200,0.0,0.0,128.00905151367186
2021-06-14 00:00:00-04:00,127.24652372858456,127.8244887351106,126.68719265980583,127.80585479736328,1177500,0.0,0.0,127.65294952392578
2021-06-15 00:00:00-04:00,127.77789283153439,127.9177184900027,126.84568384339818,127.3863525390625,597400,0.0,0.0,127.41057586669922
2021-06-16 00:00:00-04:00,127.36771182682945,128.20669418177883,126.18380249203592,126.74313354492188,976200,0.0,0.0,127.46092224121094
2021-06-17 00:00:00-04:00,126.65920899507563,126.88294423472449,123.69479174771212,124.73886108398438,1519600,0.0,0.0,126.87736206054687
2021-06-18 00:00:00-04:00,123.06090859252161,123.61092272924493,120.39479020504753,120.40412139892578,2580200,0.0,0.0,125.41566467285156
2021-06-21 00:00:00-04:00,121.38292861416271,122.86513736946266,121.31766716266162,122.71598052978516,1568000,0.0,0.0,124.39768981933594
2021-06-22 00:00:00-04:00,122.41767621208926,123.35920205444297,121.6346099470772,122.75325775146484,1049600,0.0,0.0,123.4710708618164
2021-06-23 00:00:00-04:00,123.36852630130474,124.07701419124214,122.34310501360602,123.21005249023438,1040100,0.0,0.0,122.7644546508789
2021-06-24 00:00:00-04:00,124.51515133233997,124.83209894889683,123.72276806656868,124.58039855957031,661900,0.0,0.0,122.73276214599609
2021-06-25 00:00:00-04:00,125.10242343938012,125.53124576435651,124.36598471476397,124.72954559326172,1078300,0.0,0.0,123.59784698486328
2021-06-28 00:00:00-04:00,125.22360827883749,125.39139903308343,122.5854557001895,124.01173400878906,1620200,0.0,0.0,123.85699768066407
2021-06-29 00:00:00-04:00,124.40328426070249,126.32363246391364,124.32870583614147,125.99736785888672,1120000,0.0,0.0,124.50581970214844
2021-06-30 00:00:00-04:00,125.2608791894591,126.52868359774436,124.95324860976018,126.0439453125,1562100,0.0,0.0,125.07259826660156
2021-07-01 00:00:00-04:00,126.84569034681522,127.59144619605507,126.02534184339413,127.4609375,1711900,0.0,0.0,125.6487060546875
2021-07-02 00:00:00-04:00,127.88974282021354,128.95246041014585,127.40499020349976,128.8965301513672,1262700,0.0,0.0,126.48210296630859
2021-07-06 00:00:00-04:00,128.42109851809946,128.71941220675143,125.69905011885834,126.61262512207031,1718900,0.0,0.0,127.00228118896484
2021-07-07 00:00:00-04:00,127.10665023534801,128.21596653776635,126.34223234400764,127.75919342041016,1145100,0.0,0.0,127.35464630126953
2021-07-08 00:00:00-04:00,124.98125324732695,126.70583116661403,123.99309987120043,125.88548278808594,1164800,0.0,0.0,127.32295379638671
2021-07-09 00:00:00-04:00,127.67536051031304,128.8312906537296,126.64060787344015,128.6448516845703,1027600,0.0,0.0,127.55973663330079
2021-07-12 00:00:00-04:00,128.598228592786,129.53976878556705,128.11347593038292,129.241455078125,590600,0.0,0.0,127.62872161865235
2021-07-13 00:00:00-04:00,128.5795952939125,128.94317050102984,128.12282193511155,128.2812957763672,1263200,0.0,0.0,127.96245574951172
2021-07-14 00:00:00-04:00,129.353274484655,130.0431140455285,127.92699630726703,129.00836181640625,1090500,0.0,0.0,128.21228942871093
2021-07-15 00:00:00-04:00,127.78720035254082,128.635513882875,126.64990433315154,127.60076141357422,1011500,0.0,0.0,128.5553451538086
2021-07-16 00:00:00-04:00,128.07616854160483,128.4770257287867,125.07445501893908,125.20496368408203,846200,0.0,0.0,127.86736755371093
2021-07-19 00:00:00-04:00,122.88378802880092,123.89989234905089,121.85835251564444,123.40582275390625,1255200,0.0,0.0,126.70024108886719
2021-07-20 00:00:00-04:00,123.54561482417051,126.77106310529776,123.18205400911756,126.33292388916016,1358800,0.0,0.0,126.31056671142578
2021-07-21 00:00:00-04:00,127.33039733145306,129.8939715466195,127.1346414479463,129.856689453125,1153600,0.0,0.0,126.48023223876953
2021-07-22 00:00:00-04:00,129.97788413604684,129.97788413604684,127.37702748299827,128.6168670654297,1388900,0.0,0.0,126.68345336914062
2021-07-23 00:00:00-04:00,129.77280003203782,129.8753435743271,128.1973648024925,128.97109985351562,1527500,0.0,0.0,127.43668060302734
2021-07-26 00:00:00-04:00,128.94312323445317,129.5210881170958,128.0948098442425,129.26007080078125,1155100,0.0,0.0,128.60753021240234
2021-07-27 00:00:00-04:00,128.69144985813278,128.69144985813278,126.42617468715453,128.3185577392578,1737600,0.0,0.0,129.00465698242186
2021-07-28 00:00:00-04:00,131.44146314087885,134.8626683114499,130.7702715528474,132.30841064453125,3087400,0.0,0.0,129.49500122070313
2021-07-29 00:00:00-04:00,133.80927213322153,136.71777385389046,132.8677461743282,136.260986328125,1745300,0.0,0.0,131.0238250732422
2021-07-30 00:00:00-04:00,135.58980360741754,137.6779570021937,135.56183847384128,137.47286987304688,1762000,0.0,0.0,132.72417907714845
2021-08-02 00:00:00-04:00,138.23727427364673,140.37204097164323,137.9669399068813,138.43304443359375,2823300,0.0,0.0,134.55877380371095
2021-08-03 00:00:00-04:00,138.85248159044443,139.45842577383092,137.46349974534652,139.27197265625,1550400,0.0,0.0,136.74945678710938
2021-08-04 00:00:00-04:00,139.02030737841625,139.83132450876616,138.1813108967369,138.8431854248047,1255400,0.0,0.0,138.05641174316406
2021-08-05 00:00:00-04:00,139.36523619119185,139.36523619119185,137.7711526489402,138.45167541503906,1061400,0.0,0.0,138.4945495605469
2021-08-06 00:00:00-04:00,138.87118163101275,139.98051266295013,138.62881240173155,139.47711181640625,849300,0.0,0.0,138.89539794921876
2021-08-09 00:00:00-04:00,139.1135447254085,139.84999779914645,138.46100127198156,139.46778869628906,698100,0.0,0.0,139.10234680175782
2021-08-10 00:00:00-04:00,138.84321442229944,140.595771940633,138.84321442229944,139.82203674316406,1179600,0.0,0.0,139.2123596191406
2021-08-11 00:00:00-04:00,139.9618424248848,141.3415076017158,139.89659519914557,141.27626037597656,1154200,0.0,0.0,139.698974609375
2021-08-12 00:00:00-04:00,141.27622997543304,142.46013899590793,140.43723361885108,142.30165100097656,1318100,0.0,0.0,140.4689697265625
2021-08-13 00:00:00-04:00,142.46017931391768,142.75847878280484,141.69576114320597,142.2271270751953,876700,0.0,0.0,141.01897277832032
2021-08-16 00:00:00-04:00,141.79829220615645,143.07541381005146,141.22964422479106,143.0381317138672,772900,0.0,0.0,141.73304138183593
2021-08-17 00:00:00-04:00,142.1152509739798,142.1711812348395,138.7779412403471,140.24151611328125,1069400,0.0,0.0,141.8169372558594
2021-08-18 00:00:00-04:00,139.86860779484965,141.07116516152183,139.07623881717615,139.216064453125,831800,0.0,0.0,141.40489807128907
2021-08-19 00:00:00-04:00,137.0647897146449,138.3275050904437,136.81225805721576,137.51376342773438,1580200,0.5,0.0,140.44732055664062
2021-08-20 00:00:00-04:00,137.76627987459284,138.86998895720816,137.60727372082386,138.4864959716797,1092900,0.0,0.0,139.6991943359375
2021-08-23 00:00:00-04:00,139.44990189701596,140.8061426720515,138.44909505403643,140.4413604736328,1268500,0.0,0.0,139.17984008789062
2021-08-24 00:00:00-04:00,140.93708260211142,142.10625808536028,140.92773433622364,141.37669372558594,1755700,0.0,0.0,139.40687561035156
2021-08-25 00:00:00-04:00,141.38607545012349,141.80697582677809,140.71262913861065,141.05870056152344,1812500,0.0,0.0,139.77540283203126
2021-08-26 00:00:00-04:00,140.0111167456002,141.47024559012416,140.0111167456002,141.0961151123047,884200,0.0,0.0,140.49187316894532
2021-08-27 00:00:00-04:00,141.15223908478023,143.07903824221538,140.85292327243593,142.8264923095703,730800,0.0,0.0,141.35987243652343
2021-08-30 00:00:00-04:00,143.1071072238458,143.61218485194232,142.54589717292572,142.81715393066406,884000,0.0,0.0,141.83503112792968
2021-08-31 00:00:00-04:00,143.21934849357325,143.35965814725296,140.31980118900344,140.50686645507812,2193600,0.0,0.0,141.66106567382812
2021-09-01 00:00:00-04:00,141.23639624869838,141.23639624869838,140.0578725173165,140.75001525878906,1337500,0.0,0.0,141.59932861328124
2021-09-02 00:00:00-04:00,141.39538019791942,141.58244538861635,140.16073852159235,141.3112030029297,951400,0.0,0.0,141.64234619140626
2021-09-03 00:00:00-04:00,141.06803581001878,141.64794224912552,139.89886039429655,139.9923858642578,1077500,0.0,0.0,141.07552490234374
2021-09-07 00:00:00-04:00,139.77727694348104,139.77727694348104,138.5893905943706,139.094482421875,1006300,0.0,0.0,140.33099060058595
2021-09-08 00:00:00-04:00,138.56134562523005,138.96354947489303,136.50359931244628,137.5231170654297,972300,0.0,0.0,139.73424072265624
2021-09-09 00:00:00-04:00,137.1957382450014,138.34621734061847,136.26976028043578,136.34458923339844,804100,0.0,0.0,138.85315551757813
2021-09-10 00:00:00-04:00,137.54185590955998,137.77569108986452,135.89564710602934,135.99853515625,937900,0.0,0.0,137.79062194824218
2021-09-13 00:00:00-04:00,136.94321201174068,137.39217147514464,135.8769243660538,136.8777313232422,1194100,0.0,0.0,137.16769104003907
2021-09-14 00:00:00-04:00,137.47633325148396,137.71953089896496,135.23152191453008,135.3811798095703,1349400,0.0,0.0,136.42503051757814
2021-09-15 00:00:00-04:00,135.77400174579938,136.1855537624741,134.88543131279374,135.6243438720703,1864200,0.0,0.0,136.04527587890624
2021-09-16 00:00:00-04:00,135.12862309551986,135.83012836627026,133.47306666034376,134.49258422851562,1734600,0.0,0.0,135.67487487792968
2021-09-17 00:00:00-04:00,133.6788652746607,134.80127104312737,131.61177071989928,132.6593475341797,3016800,0.0,0.0,135.0070373535156
2021-09-20 00:00:00-04:00,130.37709966637163,131.00377603075475,128.79637208401684,130.51739501953125,1895600,0.0,0.0,133.73497009277344
2021-09-21 00:00:00-04:00,131.45273949530036,131.74270702106122,128.42224559610477,129.3014678955078,1905900,0.0,0.0,132.51902770996094
2021-09-22 00:00:00-04:00,130.48935913376096,132.27586306627725,130.48935913376096,131.4527587890625,1462100,0.0,0.0,131.68471069335936
2021-09-23 00:00:00-04:00,132.6686870654036,134.9696308705865,132.29455659127171,134.68902587890625,1161300,0.0,0.0,131.7239990234375
2021-09-24 00:00:00-04:00,133.83786095969356,134.98833998394582,133.83786095969356,134.7357940673828,1245500,0.0,0.0,132.13928833007813
2021-09-27 00:00:00-04:00,134.08105650346982,136.16686166856167,134.08105650346982,135.53082275390625,933100,0.0,0.0,133.14197387695313
2021-09-28 00:00:00-04:00,134.5861652567433,135.40926959399624,131.58371549720243,131.8175506591797,1315800,0.0,0.0,133.6451904296875
2021-09-29 00:00:00-04:00,132.36003088644617,132.48162972025588,129.666259913471,129.7410888671875,1156600,0.0,0.0,133.3028564453125
2021-09-30 00:00:00-04:00,130.30228563074127,130.81672577146256,128.28194668108875,128.34742736816406,1516400,0.0,0.0,132.03453674316407
2021-10-01 00:00:00-04:00,129.16114241793974,133.01475427286948,128.6092950499531,132.56578063964844,1898300,0.0,0.0,131.60053405761718
2021-10-04 00:00:00-04:00,131.93913405742228,133.28602671620598,130.4893533685325,131.2189178466797,1460400,0.0,0.0,130.73815307617187
2021-10-05 00:00:00-04:00,132.17295354224757,135.05380377195075,131.83623041742092,134.33358764648438,1762300,0.0,0.0,131.24136047363282
2021-10-06 00:00:00-04:00,132.65000002280865,135.22218646494284,132.02330931194822,135.05381774902344,1620400,0.0,0.0,132.30390625
2021-10-07 00:00:00-04:00,136.4194183877609,138.5239345243911,135.79272768979382,136.94320678710938,1123300,0.0,0.0,134.02306213378907
2021-10-08 00:00:00-04:00,137.60727835549784,137.85982426571292,135.58695389026394,136.25103759765625,1079700,0.0,0.0,134.76011352539064
2021-10-11 00:00:00-04:00,136.55970971524752,138.4491014760066,136.0265587924333,136.21363830566406,1469000,0.0,0.0,135.7590576171875
2021-10-12 00:00:00-04:00,136.60648505806464,136.88709006697246,132.023307971673,132.3600311279297,1997300,0.0,0.0,135.36434631347657
2021-10-13 00:00:00-04:00,132.76224474723983,133.62275637167036,131.14410953348263,132.27586364746094,1642600,0.0,0.0,134.80875549316406
2021-10-14 00:00:00-04:00,133.78175644851393,137.5324668802549,133.3982634013529,137.40151977539062,1383000,0.0,0.0,134.90041809082032
2021-10-15 00:00:00-04:00,138.43043147358773,138.84198368854246,137.0461311550587,137.77569580078125,2814100,0.0,0.0,135.20534973144532
2021-10-18 00:00:00-04:00,137.13957704530213,137.83173393879136,136.67190694022645,137.71949768066406,757000,0.0,0.0,135.50652160644532
2021-10-19 00:00:00-04:00,138.13108624894437,138.47717195920865,137.34540360842107,137.50440979003906,1144900,0.0,0.0,136.5353973388672
2021-10-20 00:00:00-04:00,137.91594507424963,138.28072727509718,137.03672277678052,137.62599182128906,3074300,0.0,0.0,137.6054229736328
2021-10-21 00:00:00-04:00,137.4950678810898,139.15997300345498,136.91516127752763,139.08514404296875,1752700,0.0,0.0,137.94214782714843
2021-10-22 00:00:00-04:00,139.33767103277194,140.8342214944437,137.89723871578437,138.05625915527344,1065100,0.0,0.0,137.99826049804688
2021-10-25 00:00:00-04:00,138.52391962693824,139.4686082975842,137.54180934769843,138.1404266357422,1244900,0.0,0.0,138.0824462890625
2021-10-26 00:00:00-04:00,138.7390705889893,138.7390705889893,137.06480295059427,137.410888671875,1715200,0.0,0.0,138.0637420654297
2021-10-27 00:00:00-04:00,135.6711432214085,136.4942331614455,133.51050893654573,133.60403442382812,1964000,0.0,0.0,137.2593505859375
2021-10-28 00:00:00-04:00,133.32345626526748,135.9237165254147,133.01480639570235,135.79275512695312,1383500,0.0,0.0,136.6008728027344
2021-10-29 00:00:00-04:00,135.0444757476296,137.00868237673382,134.9789950572439,136.55972290039062,1671400,0.0,0.0,136.30156555175782
2021-11-01 00:00:00-04:00,136.9806011383563,142.28397958711105,136.69999615898132,141.35800170898438,2123700,0.0,0.0,136.94508056640626
2021-11-02 00:00:00-04:00,141.42344566394016,142.63939086674435,141.22703220007415,142.21849060058594,1310300,0.0,0.0,137.90660095214844
2021-11-03 00:00:00-04:00,142.46170342149676,144.0237202796955,141.64796178700402,143.537353515625,1368000,0.0,0.0,139.8932647705078
2021-11-04 00:00:00-04:00,143.64956928742262,145.5295982087316,143.12578098728645,144.94969177246094,1191200,0.0,0.0,141.7246520996094
2021-11-05 00:00:00-04:00,146.34338063405193,148.81267897851342,145.93182853128113,148.53207397460938,1534400,0.0,0.0,144.11912231445314
2021-11-08 00:00:00-05:00,149.62645103287576,150.08477310807285,147.20392207576174,147.78382873535156,1848400,0.0,0.0,145.40428771972657
2021-11-09 00:00:00-05:00,150.60852771923655,151.10425703065695,148.93426027170025,150.64593505859375,1603600,0.0,0.0,147.08977661132812
2021-11-10 00:00:00-05:00,149.61705932948536,151.2819641293761,149.45803889914964,150.20631408691406,1230100,0.0,0.0,148.42356872558594
2021-11-11 00:00:00-05:00,150.57109744945808,152.75044234989488,149.22420495544029,152.6756134033203,1348700,0.0,0.0,149.9687530517578
2021-11-12 00:00:00-05:00,152.2359953114926,153.8915517824801,150.31855894769436,153.68577575683594,1553900,0.0,0.0,150.99949340820314
2021-11-15 00:00:00-05:00,153.83547932778072,155.0327142295296,152.67565177263893,153.61099243164062,1128000,0.0,0.0,152.16492614746093
2021-11-16 00:00:00-05:00,153.59228262929474,155.67808812251974,152.72240847002436,154.23765563964844,1409600,0.0,0.0,152.88327026367188
2021-11-17 00:00:00-05:00,153.8260903691398,155.5938831761503,153.44259737507073,155.3132781982422,1323300,0.0,0.0,153.9046630859375
2021-11-18 00:00:00-05:00,155.1913214994922,155.7260826582945,152.90219559249584,153.99984741210938,1373500,0.5,0.0,154.1695098876953
2021-11-19 00:00:00-05:00,154.30007716584754,155.32267410023513,153.3994320091015,155.03184509277344,1743000,0.0,0.0,154.4387237548828
2021-11-22 00:00:00-05:00,155.36020878610802,156.08258589672414,152.47065739783608,152.48941040039062,1279100,0.0,0.0,154.21440734863282
2021-11-23 00:00:00-05:00,152.22672912392267,152.95849706989048,150.09710374245535,150.8101043701172,2317900,0.0,0.0,153.52889709472657
2021-11-24 00:00:00-05:00,149.87190196199518,150.66934816802456,148.28640036441163,150.44418334960938,1678400,0.0,0.0,152.555078125
2021-11-26 00:00:00-05:00,147.320130139052,148.79305687356884,145.1060589440704,146.35382080078125,1843400,0.0,0.0,151.02587280273437
2021-11-29 00:00:00-05:00,148.3708494601437,149.94697474608668,146.62586127674308,149.5341796875,1515400,0.0,0.0,149.92633972167968
2021-11-30 00:00:00-05:00,147.84550888318338,147.89242002478272,143.9333601703439,144.4118194580078,3319300,0.0,0.0,148.31082153320312
2021-12-01 00:00:00-05:00,148.20201091116624,149.06512148671024,143.23910720770075,143.27664184570312,1458700,0.0,0.0,146.80412902832032
2021-12-02 00:00:00-05:00,143.78325809572613,148.8587375471703,143.78325809572613,147.751708984375,1618100,0.0,0.0,146.26563415527343
2021-12-03 00:00:00-05:00,148.4083957996994,149.85316430346077,144.73078892940165,146.30690002441406,1459000,0.0,0.0,146.25625
2021-12-06 00:00:00-05:00,148.00498097738273,149.5341952907317,146.8135211247276,147.97683715820312,888800,0.0,0.0,145.9447814941406
2021-12-07 00:00:00-05:00,149.6467564891167,150.4442027982357,148.830557179155,149.37469482421875,1509900,0.0,0.0,146.9373565673828
2021-12-08 00:00:00-05:00,150.1252638302567,150.528668168297,148.96193332880725,149.05575561523438,997000,0.0,0.0,148.09317932128906
2021-12-09 00:00:00-05:00,148.1550925222321,148.9431480984827,147.3670369459815,147.42332458496094,946300,0.0,0.0,148.02750244140626
2021-12-10 00:00:00-05:00,149.00879163096928,150.95078629696107,148.94311319070678,150.44418334960938,1050500,0.0,0.0,148.8549591064453
2021-12-13 00:00:00-05:00,150.02203547332948,150.2002891932462,147.0668058165765,148.30519104003906,1129700,0.0,0.0,148.9206298828125
2021-12-14 00:00:00-05:00,148.3051860344783,149.17767297270495,146.09111514944803,147.3857879638672,1393300,0.0,0.0,148.5228485107422
2021-12-15 00:00:00-05:00,147.96746404571851,150.93207046620165,146.8698121267668,150.8101043701172,1093300,0.0,0.0,148.87371826171875
2021-12-16 00:00:00-05:00,151.95463413635204,153.5776560901362,149.7311869657464,150.16273498535156,1403600,0.0,0.0,149.42160034179688
2021-12-17 00:00:00-05:00,149.46849821895745,150.04076529303603,145.88470000349253,146.73843383789062,2772600,0.0,0.0,148.68045043945312
2021-12-20 00:00:00-05:00,144.2616933665784,144.79644018507173,141.73802622360367,143.60498046875,1426400,0.0,0.0,147.74040832519532
2021-12-21 00:00:00-05:00,145.92224300353442,147.19814854625614,144.71201591148542,147.12310791015625,1258000,0.0,0.0,147.68787231445313
2021-12-22 00:00:00-05:00,146.77598922351746,147.42332570724747,146.12865273978747,147.0668182373047,729900,0.0,0.0,146.93921508789063
2021-12-23 00:00:00-05:00,147.87360383052618,149.5716806621789,147.40452120011312,148.65228271484375,632300,0.0,0.0,146.63712463378906
2021-12-27 00:00:00-05:00,148.99943454908023,152.88343870248573,148.55849566926278,152.72393798828125,829700,0.0,0.0,147.8342254638672
2021-12-28 00:00:00-05:00,152.54572199389764,153.21181150840505,151.9077619849997,152.5363311767578,687500,0.0,0.0,149.62049560546876
2021-12-29 00:00:00-05:00,153.70903199989894,153.97171719453308,152.14229733359193,152.38621520996094,1156400,0.0,0.0,150.6731170654297
2021-12-30 00:00:00-05:00,152.21734650896875,153.15551197281448,150.25658412519573,150.6599884033203,675400,0.0,0.0,151.39175109863282
2021-12-31 00:00:00-05:00,150.4160901138324,152.12354403632781,150.4160901138324,151.36363220214844,592200,0.0,0.0,151.93402099609375
2022-01-03 00:00:00-05:00,151.96407611230794,152.59264541361827,149.9470255829579,151.044677734375,1152600,0.0,0.0,151.5981689453125
2022-01-04 00:00:00-05:00,151.98278238195147,154.82542216646664,151.0446170586061,153.9810791015625,1257800,0.0,0.0,151.88711853027343
2022-01-05 00:00:00-05:00,154.20628026092544,155.55724106066017,150.76321411132812,150.76321411132812,1216600,0.0,0.0,151.56251831054686
2022-01-06 00:00:00-05:00,150.48173197005337,152.48940545398742,149.4591350685058,151.57000732421875,982000,0.0,0.0,151.74452209472656
2022-01-07 00:00:00-05:00,150.9696036225606,152.03911181261475,148.45532673604657,148.76492309570312,1523300,0.0,0.0,151.2247802734375
2022-01-10 00:00:00-05:00,147.54530912379275,148.52099505703214,145.79092970309813,148.4834747314453,1323600,0.0,0.0,150.71253967285156
2022-01-11 00:00:00-05:00,149.0932795874652,150.8476447274499,147.93933987559572,150.3504180908203,1031000,0.0,0.0,149.9864074707031
2022-01-12 00:00:00-05:00,151.71077056086867,152.12355141387965,149.8438158007809,150.76321411132812,911000,0.0,0.0,149.9864074707031
2022-01-13 00:00:00-05:00,151.10094546182478,152.31118707207077,149.49669034254882,149.74998474121094,1239600,0.0,0.0,149.62240295410157
2022-01-14 00:00:00-05:00,147.967471507868,151.1290848265638,147.967471507868,150.8007354736328,2385200,0.0,0.0,150.0295654296875
2022-01-18 00:00:00-05:00,149.1589375803275,150.12524689739686,146.44763986553943,149.21522521972656,2135600,0.0,0.0,150.17591552734376
2022-01-19 00:00:00-05:00,150.05019341359747,150.90392746025424,147.22630607700506,147.28260803222656,2388800,0.0,0.0,149.562353515625
2022-01-20 00:00:00-05:00,148.05190170621015,148.83995732483334,144.17727344174108,144.4774932861328,2218700,0.0,0.0,148.30520935058593
2022-01-21 00:00:00-05:00,144.7026205444273,144.96530568233268,141.09067842532875,141.5691375732422,3608500,0.0,0.0,146.66903991699218
2022-01-24 00:00:00-05:00,139.4301867477859,143.39863810794014,136.11846285337504,143.07965087890625,2567000,0.0,0.0,145.12482299804688
2022-01-25 00:00:00-05:00,140.59345094999466,141.73801374916238,138.19175009773005,139.97425842285156,1543600,0.0,0.0,143.27662963867186
2022-01-26 00:00:00-05:00,139.5896180143278,139.5896180143278,130.52695149044948,132.0186309814453,3361300,0.0,0.0,140.2238342285156
2022-01-27 00:00:00-05:00,134.31713724096647,134.31713724096647,127.90008940556709,128.78196716308594,2558100,0.0,0.0,137.08472900390626
2022-01-28 00:00:00-05:00,128.78196735871043,131.81223756637416,125.99561499945248,131.7371826171875,2461300,0.0,0.0,135.11833801269532
2022-01-31 00:00:00-05:00,130.85531501843565,134.3640590101881,130.4143761047702,134.1670379638672,1778800,0.0,0.0,133.3358154296875
2022-02-01 00:00:00-05:00,134.20461472788762,134.76750559429084,131.04298638473213,134.25152587890625,2264300,0.0,0.0,132.19126892089844
2022-02-02 00:00:00-05:00,135.28347753910705,139.70224384264034,134.87068238197193,138.8109893798828,2025500,0.0,0.0,133.54974060058595
2022-02-03 00:00:00-05:00,136.6813595045689,139.0455410142494,135.5837073824638,136.3154754638672,1674300,0.0,0.0,135.0564422607422
2022-02-04 00:00:00-05:00,135.92140714029392,137.34740823508392,134.1013639817861,135.67747497558594,1593300,0.0,0.0,135.84450073242186
2022-02-07 00:00:00-05:00,136.13720448163662,136.94402743286892,134.14829808266555,134.50479125976562,1780700,0.0,0.0,135.91205139160155
2022-02-08 00:00:00-05:00,135.2740675613842,137.54442604852937,134.9269509539055,136.7657470703125,1033400,0.0,0.0,136.4148956298828
2022-02-09 00:00:00-05:00,138.829735802385,140.68731392141584,138.20116659392238,140.63101196289062,1090600,0.0,0.0,136.77890014648438
2022-02-10 00:00:00-05:00,138.30432023825827,142.37595401117832,137.43183342203213,138.2667999267578,1426800,0.0,0.0,137.1691650390625
2022-02-11 00:00:00-05:00,138.6233091576739,138.6983641046945,133.54784541340442,134.57981872558594,1660300,0.0,0.0,136.9496337890625
2022-02-14 00:00:00-05:00,134.5892125759028,136.1653235530733,132.86297738603847,134.65487670898438,1529500,0.0,0.0,136.97965087890626
2022-02-15 00:00:00-05:00,136.97215691260033,139.15808414828433,136.3435877733679,138.839111328125,1506700,0.0,0.0,137.39432373046876
2022-02-16 00:00:00-05:00,138.069788983845,140.8842849552049,137.6007063219517,140.4808807373047,1273400,0.0,0.0,137.36429748535156
2022-02-17 00:00:00-05:00,138.46647704729477,139.14422027206632,135.52017703858579,135.830810546875,983400,0.5,0.0,136.877099609375
2022-02-18 00:00:00-05:00,135.78377163713475,136.80979460995593,134.371808673837,135.0589599609375,1293100,0.0,0.0,136.97292785644532
2022-02-22 00:00:00-05:00,134.60712152062064,135.20015049837815,131.06780657307846,132.42327880859375,1565800,0.0,0.0,136.5266082763672
2022-02-23 00:00:00-05:00,133.8729114193265,134.305905335729,129.86294191879574,130.1829833984375,1242000,0.0,0.0,134.79538269042968
2022-02-24 00:00:00-05:00,126.60601783586704,133.33636917255583,126.25773821946686,133.13870239257812,1617800,0.0,0.0,133.3269470214844
2022-02-25 00:00:00-05:00,133.5528614418891,136.47090932396276,132.95983246016988,136.21676635742188,1042300,0.0,0.0,133.40413818359374
2022-02-28 00:00:00-05:00,133.46815018310352,134.78599094085484,132.10325548237176,134.07058715820312,1875300,0.0,0.0,133.2064636230469
2022-03-01 00:00:00-05:00,133.2987333776566,133.4211081120477,126.53072113070479,127.34965515136719,2808600,0.0,0.0,132.19173889160157
2022-03-02 00:00:00-05:00,128.5168662120547,131.9338211380388,127.26492400952273,130.51243591308594,1630300,0.0,0.0,132.25762939453125
2022-03-03 00:00:00-05:00,130.8136725301765,131.1901902687471,128.08388301746183,128.63925170898438,2174400,0.0,0.0,131.3577392578125
2022-03-04 00:00:00-05:00,126.24829822790662,127.55671653889459,124.49746374901646,125.59879302978516,2558500,0.0,0.0,129.23414459228516
2022-03-07 00:00:00-05:00,126.07887163615878,126.38950518654596,119.80975313902597,120.2051010131836,4066500,0.0,0.0,126.46104736328125
2022-03-08 00:00:00-05:00,120.87343910126407,125.51408354072498,119.24497208587842,121.20288848876953,2004600,0.0,0.0,125.23169403076172
2022-03-09 00:00:00-05:00,124.45040658784073,125.79647088616396,122.27597182687298,122.77486419677734,2769200,0.0,0.0,123.6841796875
2022-03-10 00:00:00-05:00,120.95813819692376,123.4337840652025,118.65193532184578,122.64307403564453,2022000,0.0,0.0,122.48494415283203
2022-03-11 00:00:00-05:00,123.14200153018292,123.8573909162405,119.4803043625301,119.94154357910156,3147000,0.0,0.0,121.3534942626953
2022-03-14 00:00:00-04:00,121.07109712166623,121.28760842256786,118.68017980314526,119.0002212524414,2358400,0.0,0.0,121.11251831054688
2022-03-15 00:00:00-04:00,120.55338961989779,120.62868166221249,118.11539680714839,119.90387725830078,3103400,0.0,0.0,120.85271606445312
2022-03-16 00:00:00-04:00,121.33468106794764,124.11155311787294,120.86402673585594,123.65030670166016,2467600,0.0,0.0,121.02780456542969
2022-03-17 00:00:00-04:00,122.77488706189902,124.87401580810547,122.6054583899528,124.87401580810547,2224700,0.0,0.0,121.47399291992187
2022-03-18 00:00:00-04:00,124.10211647113177,126.38008145114188,123.31142073193395,125.98473358154297,2550700,0.0,0.0,122.68263092041016
2022-03-21 00:00:00-04:00,125.76822237070628,126.84131342739973,123.62204025731938,124.26212310791016,1770800,0.0,0.0,123.73501129150391
2022-03-22 00:00:00-04:00,125.14696572640355,125.2411023243455,123.49026789051415,124.09270477294922,3416800,0.0,0.0,124.5727767944336
2022-03-23 00:00:00-04:00,123.07608714005084,124.17741636830945,121.56057987110121,121.64529418945312,2180400,0.0,0.0,124.1717742919922
2022-03-24 00:00:00-04:00,122.77486421790307,124.1397730719202,121.20288070222448,124.09270477294922,2227400,0.0,0.0,124.01551208496093
2022-03-25 00:00:00-04:00,124.74223350100543,125.66471200940727,122.65252702864446,124.47866821289062,1766100,0.0,0.0,123.71429901123047
2022-03-28 00:00:00-04:00,123.75382404216353,124.22447827085868,121.43819891716338,123.7255859375,1780200,0.0,0.0,123.60699157714843
2022-03-29 00:00:00-04:00,125.37289510133304,129.24167403325555,125.30699660478886,128.88397216796875,1704500,0.0,0.0,124.56524505615235
2022-03-30 00:00:00-04:00,127.87678692541024,128.95928613674042,125.1469831994681,125.74942016601562,1518500,0.0,0.0,125.38607025146484
2022-03-31 00:00:00-04:00,124.94928402228659,125.62702722930085,123.26433391812766,123.29257202148438,2237900,0.0,0.0,125.22604370117188
2022-04-01 00:00:00-04:00,124.67630467250233,124.91163179131158,122.52071458402955,124.08329010009766,1360600,0.0,0.0,125.14696807861328
2022-04-04 00:00:00-04:00,124.35629775698189,124.90225854775476,123.36792071098328,124.3939437866211,1037600,0.0,0.0,125.2806396484375
2022-04-05 00:00:00-04:00,123.22671752141909,123.97976730613746,119.60267351177878,120.04508972167969,1903600,0.0,0.0,123.51286315917969
2022-04-06 00:00:00-04:00,118.4636816262013,118.93433590932615,116.56224148228728,117.72004699707031,2022600,0.0,0.0,121.90698852539063
2022-04-07 00:00:00-04:00,117.47532396581052,118.8402186539424,116.39281756749118,118.04010772705078,2125600,0.0,0.0,120.8564956665039
2022-04-08 00:00:00-04:00,117.56943520573715,119.01905118366292,116.94816813736294,117.43765258789062,1746100,0.0,0.0,119.5273681640625
2022-04-11 00:00:00-04:00,116.48693713866872,117.64474985559379,115.82802400325744,115.98804473876953,1553600,0.0,0.0,117.84618835449218
2022-04-12 00:00:00-04:00,117.01407307770356,118.23777716496271,115.68683164860128,116.15748596191406,1377600,0.0,0.0,117.06866760253907
2022-04-13 00:00:00-04:00,116.0727445358047,117.1364276976228,115.92213891582465,116.89168548583984,1024000,0.0,0.0,116.90299530029297
2022-04-14 00:00:00-04:00,117.35294571772184,117.49414344919359,113.66301759475505,113.78538513183594,1576500,0.0,0.0,116.05205078125
2022-04-18 00:00:00-04:00,114.07719532192348,115.47032807450113,113.64419421333234,114.83965301513672,1160000,0.0,0.0,115.53245086669922
2022-04-19 00:00:00-04:00,115.16910082780643,117.3246982910293,115.10320951590069,117.0799560546875,972000,0.0,0.0,115.7508331298828
2022-04-20 00:00:00-04:00,118.32249464435252,120.23335723983287,118.23778031287597,119.23556518554688,1442500,0.0,0.0,116.36644897460937
2022-04-21 00:00:00-04:00,120.7981306862701,121.75826945076183,118.26600833119394,118.62370300292969,1249900,0.0,0.0,116.71285247802734
2022-04-22 00:00:00-04:00,117.7859358683514,118.27542033436085,115.52680110146382,115.6679916381836,1269200,0.0,0.0,117.08937377929688
2022-04-25 00:00:00-04:00,114.62315424657845,117.21175310399691,113.51240972231247,117.09880065917969,1411300,0.0,0.0,117.54120330810547
2022-04-26 00:00:00-04:00,116.26101972105793,116.7504970016732,113.20176696777344,113.20176696777344,1727400,0.0,0.0,116.76556549072265
2022-04-27 00:00:00-04:00,114.46311397615726,119.65914100013818,113.16411081096905,117.83300018310547,3210100,0.0,0.0,116.48505249023438
2022-04-28 00:00:00-04:00,119.64973501679283,120.53456738631009,116.69402662940942,119.50853729248047,1903900,0.0,0.0,116.66201934814453
2022-04-29 00:00:00-04:00,118.6048795352954,120.53456497180908,117.15526347918139,117.45648193359375,1424600,0.0,0.0,117.01971740722657
2022-05-02 00:00:00-04:00,117.69181516850496,118.75549850135243,115.69624549781663,118.39779663085938,1193600,0.0,0.0,117.2795166015625
2022-05-03 00:00:00-04:00,119.03786737951948,120.2803942635228,118.40719243284201,119.51793670654297,1343800,0.0,0.0,118.54275054931641
2022-05-04 00:00:00-04:00,119.64974008046177,124.15860208125602,118.84021408719997,123.47145080566406,1916100,0.0,0.0,119.67044067382812
2022-05-05 00:00:00-04:00,121.89946236228165,122.07831329243565,118.76490303509263,120.15804290771484,1841300,0.0,0.0,119.800341796875
2022-05-06 00:00:00-04:00,119.42381132350992,120.50631752887857,117.738868255984,119.83798217773438,1511100,0.0,0.0,120.27664184570312
2022-05-09 00:00:00-04:00,117.6823842260752,118.90608813536912,115.50796391291642,116.05392456054688,1818000,0.0,0.0,119.80786743164063
2022-05-10 00:00:00-04:00,117.81418928741732,118.75549789911629,115.05615476787477,117.494140625,1449500,0.0,0.0,119.40310821533203
2022-05-11 00:00:00-04:00,116.72227671343282,119.88507446342281,114.60433217629392,114.85848236083984,1787400,0.0,0.0,117.68051452636719
2022-05-12 00:00:00-04:00,114.1807293520395,116.39280299590276,112.77817444958475,115.4138412475586,1576100,0.0,0.0,116.73167419433594
2022-05-13 00:00:00-04:00,116.70344582636987,118.36014382622317,116.22337641948695,117.87066650390625,1349600,0.0,0.0,116.33821105957031
2022-05-16 00:00:00-04:00,116.87287079250308,117.37176316545693,114.73609640293594,116.48693084716797,1334200,0.0,0.0,116.42481231689453
2022-05-17 00:00:00-04:00,119.08494613206496,121.57941521459139,118.4919171520174,121.56058502197266,1216500,0.0,0.0,117.23810119628907
2022-05-18 00:00:00-04:00,120.06389247483216,120.12978377731403,114.68901504855623,115.1408462524414,1510600,0.0,0.0,117.29457397460938
2022-05-19 00:00:00-04:00,114.12903174186773,116.9659452251683,113.71294878896423,116.01084899902344,1429000,0.56,0.0,117.41397552490234
2022-05-20 00:00:00-04:00,117.5900624398795,117.5900624398795,113.079373175875,116.01084899902344,1981600,0.0,0.0,117.04201202392578
2022-05-23 00:00:00-04:00,117.23073495153628,117.23073495153628,114.51675150407503,116.92813110351562,1423800,0.0,0.0,117.13025207519532
2022-05-24 00:00:00-04:00,115.963564743661,117.3820214916949,114.31815693604199,116.9092025756836,1291500,0.0,0.0,116.1999755859375
2022-05-25 00:00:00-04:00,116.18105161699911,116.73897441242302,114.40325528903159,115.72714233398438,2138300,0.0,0.0,116.31723480224609
2022-05-26 00:00:00-04:00,116.98487557092653,118.68702684887934,116.1527167320637,118.0534439086914,2509300,0.0,0.0,116.72575378417969
2022-05-27 00:00:00-04:00,119.48133608019832,122.53574938681182,119.05580195073807,122.45064544677734,1342600,0.0,0.0,118.01371307373047
2022-05-31 00:00:00-04:00,122.24261480086088,123.61378686358319,120.50263732139224,122.35608673095703,2183600,0.0,0.0,119.09930419921875
2022-06-01 00:00:00-04:00,122.23313264508549,122.74378511998889,120.01089254880414,121.19293975830078,1359500,0.0,0.0,119.95605163574218
2022-06-02 00:00:00-04:00,121.8832587370695,124.60670029155872,120.91871132961727,124.51213073730469,914400,0.0,0.0,121.71304931640626
2022-06-03 00:00:00-04:00,122.92347748448158,123.71780986823684,122.25206821747857,122.99913024902344,967200,0.0,0.0,122.70218658447266
2022-06-06 00:00:00-04:00,124.34192952568539,125.74146954214348,123.97313133116978,124.76746368408203,1385800,0.0,0.0,123.1655502319336
2022-06-07 00:00:00-04:00,123.41519759599593,125.56179967722464,123.40574641150472,125.45777893066406,1038400,0.0,0.0,123.785888671875
2022-06-08 00:00:00-04:00,124.8241927394997,125.30646283508587,123.38681920714721,123.6894302368164,871300,0.0,0.0,124.28518676757812
2022-06-09 00:00:00-04:00,122.83836036291912,123.8123662687659,120.74850863456422,120.84307098388672,875700,0.0,0.0,123.55137481689454
2022-06-10 00:00:00-04:00,117.84540201970633,119.25440052231019,116.0014037182525,116.67280578613281,1190100,0.0,0.0,122.2861099243164
2022-06-13 00:00:00-04:00,112.83352644718674,114.65860808508567,111.6041941550555,112.08647155761719,2444400,0.0,0.0,119.74991149902344
2022-06-14 00:00:00-04:00,112.15266178222917,113.10775815188639,111.09355187336112,111.9540786743164,1135000,0.0,0.0,117.0491714477539
2022-06-15 00:00:00-04:00,112.97536181689344,115.43401893027682,111.57581454116432,114.04393005371094,1068500,0.0,0.0,115.12007141113281
2022-06-16 00:00:00-04:00,111.11244674142667,111.18809950050989,105.92089699462974,106.73414611816406,1906600,0.0,0.0,112.29828643798828
2022-06-17 00:00:00-04:00,106.99892669744675,110.31811764943723,106.52610776128007,109.24954223632812,2980200,0.0,0.0,110.81363372802734
2022-06-21 00:00:00-04:00,110.55453360379583,112.08646242948225,110.55453360379583,111.51908111572266,1301800,0.0,0.0,110.70015563964844
2022-06-22 00:00:00-04:00,109.50485424615205,110.57342230550503,108.03911284899537,108.36062622070312,2604900,0.0,0.0,109.98146514892578
2022-06-23 00:00:00-04:00,108.63487999624955,109.52378193618507,107.27316631816657,109.30628204345703,1383200,0.0,0.0,109.033935546875
2022-06-24 00:00:00-04:00,110.75312162704063,112.28505052083769,110.46942735022516,111.9540786743164,1611500,0.0,0.0,110.07792205810547
2022-06-27 00:00:00-04:00,112.94699941672084,112.94699941672084,111.03680671143063,111.15974426269531,1819600,0.0,0.0,110.4599624633789
2022-06-28 00:00:00-04:00,111.77439778642112,112.67275812737938,108.57814425617795,108.6727066040039,1645800,0.0,0.0,109.89068756103515
2022-06-29 00:00:00-04:00,108.98478093250138,108.98478093250138,106.51666514288871,106.7530746459961,2302200,0.0,0.0,109.56917724609374
2022-06-30 00:00:00-04:00,104.94689933383418,108.0675001350346,104.12419174774723,106.99893188476562,1997700,0.0,0.0,109.10770721435547
2022-07-01 00:00:00-04:00,106.30860911657707,107.33935816106198,103.91614642600227,104.96580505371094,1861200,0.0,0.0,107.71005249023438
2022-07-05 00:00:00-04:00,103.28257020628322,105.4102554321289,101.29673210508948,105.4102554321289,2284100,0.0,0.0,106.56015472412109
2022-07-06 00:00:00-04:00,105.53319300064128,107.29208015187237,104.54027748923336,106.60176849365234,1626900,0.0,0.0,106.14596710205078
2022-07-07 00:00:00-04:00,107.82164426182563,109.01315019150103,107.12187414455715,108.58761596679688,913100,0.0,0.0,106.51287536621093
2022-07-08 00:00:00-04:00,108.54031834114059,109.77910169667351,107.54740286272879,108.78618621826172,1516900,0.0,0.0,106.87032623291016
2022-07-11 00:00:00-04:00,107.61358721305974,108.54976663833665,106.4977342926102,106.64903259277344,1177200,0.0,0.0,107.20697174072265
2022-07-12 00:00:00-04:00,106.91381656675007,108.75781476434183,106.52610878697543,106.86653900146484,2093100,0.0,0.0,107.49822845458985
2022-07-13 00:00:00-04:00,104.7955889144765,107.98239114732257,104.7766793314389,107.34880828857422,1286500,0.0,0.0,107.64763641357422
2022-07-14 00:00:00-04:00,105.26841633581222,106.66796367666016,103.97288974666591,106.3086166381836,1876000,0.0,0.0,107.19183654785157
2022-07-15 00:00:00-04:00,108.11478971073986,109.38194111425584,106.8570894922805,109.37248992919922,1029500,0.0,0.0,107.30909729003906
2022-07-18 00:00:00-04:00,110.10062042171398,110.75311287805857,108.21880303045205,108.8145523071289,1500600,0.0,0.0,107.74220123291016
2022-07-19 00:00:00-04:00,110.20464298574872,113.5994796223483,110.20464298574872,113.48600769042969,1391300,0.0,0.0,109.06609497070312
2022-07-20 00:00:00-04:00,113.27796427625218,115.8501005042788,112.9469924560233,115.56640625,1358300,0.0,0.0,110.70961456298828
2022-07-21 00:00:00-04:00,115.83118496015004,118.04398140940414,115.26380366009465,118.0345230102539,1300500,0.0,0.0,113.05479583740234
2022-07-22 00:00:00-04:00,118.33712806973162,118.7342942623954,115.91629731675842,116.36074829101562,1290200,0.0,0.0,114.45244750976562
2022-07-25 00:00:00-04:00,116.41748589309772,116.984867206968,115.27326486597661,116.37020111083984,974800,0.0,0.0,115.96357727050781
2022-07-26 00:00:00-04:00,115.79335977047339,116.44585224031012,114.54511801164098,116.36074829101562,1748300,0.0,0.0,116.538525390625
2022-07-27 00:00:00-04:00,118.02505950295688,121.63740306967306,116.63497068846543,120.88088989257812,1978600,0.0,0.0,117.60142211914062
2022-07-28 00:00:00-04:00,122.53575735786629,124.42703310453015,121.0510989706765,124.09605407714844,1692500,0.0,0.0,118.81372833251953
2022-07-29 00:00:00-04:00,123.67998887539498,127.07484029471193,123.67998887539498,126.46016693115234,1972000,0.0,0.0,120.83361206054687
2022-08-01 00:00:00-04:00,125.20242835798408,127.38686361181438,124.89038060815196,124.9281997680664,1391100,0.0,0.0,122.54521179199219
2022-08-02 00:00:00-04:00,123.83129246212157,125.85495719266035,123.50032782170597,124.24737548828125,1216600,0.0,0.0,124.1225372314453
2022-08-03 00:00:00-04:00,124.38919728958358,126.696555968027,124.20007260414972,125.9873275756836,1085000,0.0,0.0,125.14382476806641
2022-08-04 00:00:00-04:00,126.00624248067203,126.36558947810177,125.33483326378307,126.01569366455078,962900,0.0,0.0,125.52775268554687
2022-08-05 00:00:00-04:00,124.69180639653034,126.26156867694264,124.48376491699193,125.9022216796875,947200,0.0,0.0,125.41616363525391
2022-08-08 00:00:00-04:00,127.18828518851642,127.18828518851642,125.20244001980586,125.69417572021484,706200,0.0,0.0,125.5693588256836
2022-08-09 00:00:00-04:00,125.0417009240407,125.28757602349697,123.69889677905829,123.91638946533203,907600,0.0,0.0,125.50316162109375
2022-08-10 00:00:00-04:00,126.82893650276011,127.226102645317,125.36320946330771,126.91405487060547,1131700,0.0,0.0,125.68850708007812
2022-08-11 00:00:00-04:00,127.73677187783933,128.3230627704661,126.80058514313473,126.96134185791016,1049500,0.0,0.0,125.87763671875
2022-08-12 00:00:00-04:00,127.61382929946399,129.8928200582816,127.20721193623267,129.8455352783203,836300,0.0,0.0,126.66629943847656
2022-08-15 00:00:00-04:00,129.25922669209422,129.8644342764955,128.3892416913478,129.7225799560547,1067200,0.0,0.0,127.47198028564453
2022-08-16 00:00:00-04:00,129.29706012098265,130.7249825195055,129.15522021417706,129.97792053222656,732200,0.0,0.0,128.68428649902344
2022-08-17 00:00:00-04:00,128.89988252039473,129.16465994247417,126.66817679909124,128.578369140625,1515100,0.0,0.0,129.01714935302735
2022-08-18 00:00:00-04:00,129.26205027408855,130.62940252046585,128.94869751021366,130.11663818359375,974400,0.56,0.0,129.64820861816406
2022-08-19 00:00:00-04:00,129.3095345258539,129.31903928575474,127.23952532232737,128.0656280517578,1445700,0.0,0.0,129.29222717285157
2022-08-22 00:00:00-04:00,125.9481386630896,126.0051092667083,122.98555136321087,123.22293853759766,1411400,0.0,0.0,127.99229888916015
2022-08-23 00:00:00-04:00,122.96654496467572,125.08403430754419,122.96654496467572,123.78315734863281,1012000,0.0,0.0,126.7533462524414
2022-08-24 00:00:00-04:00,123.65021447137092,123.65021447137092,122.05496535851653,122.60570526123047,1834200,0.0,0.0,125.5588134765625
2022-08-25 00:00:00-04:00,123.69771036573479,125.76771952950374,123.2799066290937,125.72974395751953,907300,0.0,0.0,124.68143463134766
2022-08-26 00:00:00-04:00,126.07158215481131,126.07158215481131,120.34579753566402,120.37428283691406,1106400,0.0,0.0,123.1431655883789
2022-08-29 00:00:00-04:00,119.37726295220973,121.13392658696932,119.01642981207164,119.87102508544922,1297000,0.0,0.0,122.47278289794922
2022-08-30 00:00:00-04:00,120.74460424615907,120.83955765788635,117.97191681014814,119.9849624633789,1485600,0.0,0.0,121.71314392089843
2022-08-31 00:00:00-04:00,121.0104772757028,121.35231535514114,119.4342231044615,119.842529296875,2104100,0.0,0.0,121.16050872802734
2022-09-01 00:00:00-04:00,118.80754005823462,118.9214812697044,116.1962810429844,118.42771911621094,1405500,0.0,0.0,119.70010375976562
2022-09-02 00:00:00-04:00,119.92797990430316,121.1813836497464,116.99387123653908,117.63956451416016,1134300,0.0,0.0,119.15316009521484
2022-09-06 00:00:00-04:00,118.07637830790883,118.39922863006389,116.27223434563953,116.88944244384766,1759100,0.0,0.0,118.55684356689453
2022-09-07 00:00:00-04:00,117.06985156799409,120.3268036616211,117.06985156799409,120.08941650390625,1193000,0.0,0.0,118.577734375
2022-09-08 00:00:00-04:00,119.07340594191116,120.92502297044535,118.3137640999845,120.74461364746094,928200,0.0,0.0,118.75815124511719
2022-09-09 00:00:00-04:00,121.57071569301259,123.00452897614016,121.10543887074849,122.52975463867188,1062800,0.0,0.0,119.57855834960938
2022-09-12 00:00:00-04:00,123.62172690833354,124.84663815145043,123.14695263769025,124.43833923339844,805700,0.0,0.0,120.93831329345703
2022-09-13 00:00:00-04:00,121.0579545934888,121.84608895115501,119.4817076116001,119.95648193359375,1232400,0.0,0.0,121.55172119140624
2022-09-14 00:00:00-04:00,119.73808371652896,120.8775464470283,118.63661104597571,119.67161560058594,1153500,0.0,0.0,121.4681610107422
2022-09-15 00:00:00-04:00,119.73808117644057,121.01997038213757,117.51614085249662,118.00990295410156,1148900,0.0,0.0,120.92121887207031
2022-09-16 00:00:00-04:00,117.0318709353645,117.25976058256481,114.87639869069871,116.5381088256836,2274700,0.0,0.0,119.72288970947265
2022-09-19 00:00:00-04:00,115.06631316966418,117.38321434436739,114.92387941401769,117.1363296508789,929000,0.0,0.0,118.26248779296876
2022-09-20 00:00:00-04:00,116.12029684945648,116.62355643831128,114.45858683256868,115.49359130859375,1091400,0.0,0.0,117.36990966796876
2022-09-21 00:00:00-04:00,116.48115181628572,117.81052161096315,114.08829198145239,114.1357650756836,1110400,0.0,0.0,116.26273956298829
2022-09-22 00:00:00-04:00,113.70844062033291,114.10724927882282,110.13813598868458,110.64139556884766,1707300,0.0,0.0,114.7890380859375
2022-09-23 00:00:00-04:00,109.20759975535081,109.8248078690805,107.13758326659203,108.7992935180664,1874700,0.0,0.0,113.24127502441407
2022-09-26 00:00:00-04:00,108.5903670986611,109.64436651379317,106.90966219583747,107.66930389404297,1413800,0.0,0.0,111.34786987304688
2022-09-27 00:00:00-04:00,109.1696128246924,109.53993623008276,106.49188583868734,107.71680450439453,1170900,0.0,0.0,109.79251251220703
2022-09-28 00:00:00-04:00,107.602846275563,110.03368835555783,106.92866764382946,109.40699005126953,1232100,0.0,0.0,108.84675750732421
2022-09-29 00:00:00-04:00,107.79275142584278,108.22005263278524,105.57081122987263,106.86219787597656,1554300,0.0,0.0,108.09091796875
2022-09-30 00:00:00-04:00,106.39692235693767,108.22955142454956,104.63076140081508,104.79218292236328,1773600,0.0,0.0,107.28949584960938
2022-10-03 00:00:00-04:00,106.37792398125309,109.3215230673489,105.70374537322164,108.5523910522461,1267900,0.0,0.0,107.46611328125
2022-10-04 00:00:00-04:00,110.86931260358244,112.5690057128096,110.6793985094196,112.55001068115234,1131100,0.0,0.0,108.43275451660156
2022-10-05 00:00:00-04:00,110.90729590706809,113.00579775648453,110.34705838244199,112.25565338134766,1157900,0.0,0.0,109.00248718261719
2022-10-06 00:00:00-04:00,111.90431179511985,112.88234578781729,110.7553587482484,112.12271118164062,1557200,0.0,0.0,110.05458984375
2022-10-07 00:00:00-04:00,110.5654442550415,111.30609102370458,107.71679837896436,108.40047454833984,1610400,0.0,0.0,110.77624816894532
2022-10-10 00:00:00-04:00,109.78682403153397,109.78682403153397,105.80821263386244,106.03610229492188,1261400,0.0,0.0,110.27299041748047
2022-10-11 00:00:00-04:00,105.58981080532759,106.82422699281496,103.50080659748293,104.3743896484375,1490300,0.0,0.0,108.6378662109375
2022-10-12 00:00:00-04:00,104.78268267215655,104.78268267215655,102.43729655808724,102.6841812133789,1377500,0.0,0.0,106.72357177734375
2022-10-13 00:00:00-04:00,100.67114577967746,106.50138121897223,99.47471968369938,105.8366928100586,1510700,0.0,0.0,105.46636810302735
2022-10-14 00:00:00-04:00,106.59635628186051,107.0711307084301,102.0670041954762,102.09548950195312,1609600,0.0,0.0,104.20537109375
2022-10-17 00:00:00-04:00,104.56430687352045,106.50138711719202,104.3364099663955,106.26399993896484,1583100,0.0,0.0,104.25095062255859
2022-10-18 00:00:00-04:00,109.16961474864199,109.97672969142259,105.99811833656928,107.21354675292969,1180000,0.0,0.0,104.81878204345703
2022-10-19 00:00:00-04:00,106.548848727189,107.13757147378023,105.02007488454873,106.3779296875,1175200,0.0,0.0,105.55753173828126
2022-10-20 00:00:00-04:00,106.71978118853482,108.21057240490296,104.62127936450592,105.314453125,1152000,0.0,0.0,105.45308380126953
2022-10-21 00:00:00-04:00,105.12453691645237,109.37851832893935,104.83967664986586,109.0936508178711,1151500,0.0,0.0,106.85271606445312
2022-10-24 00:00:00-04:00,109.33103456897122,110.44200478725048,107.80226061274834,109.65388488769531,1321300,0.0,0.0,107.53069305419922
2022-10-25 00:00:00-04:00,109.16012140656261,111.36307417593511,108.60938140309901,111.35357666015625,1584400,0.0,0.0,108.35869903564453
2022-10-26 00:00:00-04:00,111.31560225104062,113.90786626069446,110.63192599744514,112.85386657714844,1540400,0.0,0.0,109.65388641357421
2022-10-27 00:00:00-04:00,113.94584078748687,114.7054826238627,112.77789273184328,112.99629211425781,1570200,0.0,0.0,111.19025421142578
2022-10-28 00:00:00-04:00,113.61348956200105,116.86094398167768,113.52802642228284,116.4621353149414,1146900,0.0,0.0,112.66395111083985
2022-10-31 00:00:00-04:00,115.69300097538657,117.16480424170939,115.417638249321,116.0633316040039,2088400,0.0,0.0,113.94584045410156
2022-11-01 00:00:00-04:00,117.449675065795,117.81999846045875,115.6170458779416,117.21228790283203,1902300,0.0,0.0,115.11758270263672
2022-11-02 00:00:00-04:00,111.23964127621595,112.40758222133407,107.31800016952253,107.90672302246094,4040100,0.0,0.0,114.12815399169922
2022-11-03 00:00:00-04:00,107.29899094753233,109.67286242867242,105.28594532351242,107.25151062011719,2271200,0.0,0.0,112.9791976928711
2022-11-04 00:00:00-04:00,109.5684088080754,111.02121695967068,108.8657448954012,110.79332733154297,1559500,0.0,0.0,111.8454360961914
2022-11-07 00:00:00-05:00,111.96128610993179,112.03724449701551,109.72984096071626,110.89778900146484,2302800,0.0,0.0,110.8123275756836
2022-11-08 00:00:00-05:00,111.29660988989923,112.4930433624003,110.28059300100448,111.23963928222656,2218100,0.0,0.0,109.6177978515625
2022-11-09 00:00:00-05:00,110.51795199887637,110.51795199887637,108.2295438258564,108.43843841552734,1646500,0.0,0.0,109.72414093017578
2022-11-10 00:00:00-05:00,113.68945231593736,116.51910296881299,112.92031305582287,115.98735809326172,2050700,0.0,0.0,111.47131042480468
2022-11-11 00:00:00-05:00,116.6995197046706,119.51018257851514,115.8449245500772,117.84847259521484,2773800,0.0,0.0,112.88233947753906
2022-11-14 00:00:00-05:00,117.74403086559502,120.83956144745169,117.2692565475886,118.23779296875,2487500,0.0,0.0,114.3503402709961
2022-11-15 00:00:00-05:00,120.34579243999093,122.06448040227954,119.23482227139104,120.62116241455078,1974800,0.0,0.0,116.22664489746094
2022-11-16 00:00:00-05:00,119.98497282017443,121.28585713101815,118.9974413151114,119.41524505615234,2113200,0.0,0.0,118.42200622558593
2022-11-17 00:00:00-05:00,116.85906875123054,118.90019864201079,115.98157828256042,118.64266967773438,2009800,0.56,0.0,118.95306854248047
2022-11-18 00:00:00-05:00,120.55024719238281,120.9985323700875,119.4438478794526,120.55024719238281,1454100,0.0,0.0,119.49342346191406
2022-11-21 00:00:00-05:00,120.14012768044768,120.62656561478697,118.49006488984868,118.9288101196289,1053700,0.0,0.0,119.63162689208984
2022-11-22 00:00:00-05:00,119.29124532799027,120.75055179779098,119.29124532799027,120.72193908691406,1624400,0.0,0.0,119.6517822265625
2022-11-23 00:00:00-05:00,121.13206172363523,121.7615704191979,120.3594894853394,121.38005065917969,1666600,0.0,0.0,120.04474334716797
2022-11-25 00:00:00-05:00,121.78066531033966,122.66769582124523,121.4277581945994,122.07633972167969,654200,0.0,0.0,120.73147735595703
2022-11-28 00:00:00-05:00,120.81731472274822,121.1129963751069,118.3660597574421,118.8620376586914,1823300,0.0,0.0,120.39383544921876
2022-11-29 00:00:00-05:00,118.81435927808356,119.63462436396303,117.38366537623128,118.21347045898438,1172900,0.0,0.0,120.25076751708984
2022-11-30 00:00:00-05:00,118.58544435749106,120.35950528916757,116.46801632440068,120.29273986816406,2984000,0.0,0.0,120.16492767333985
2022-12-01 00:00:00-05:00,122.0858590860491,122.0858590860491,120.22596023728877,120.9413070678711,1361400,0.0,0.0,120.07717895507812
2022-12-02 00:00:00-05:00,119.18632491272038,120.44533510529936,118.16576367537897,119.96843719482422,1617500,0.0,0.0,119.65559844970703
2022-12-05 00:00:00-05:00,119.21493280085541,119.65367798751933,117.45041205884841,118.22298431396484,1069000,0.0,0.0,119.52778778076171
2022-12-06 00:00:00-05:00,117.94639042815851,118.36605562585412,114.7988614225775,115.24714660644531,1325500,0.0,0.0,118.93452301025391
2022-12-07 00:00:00-05:00,114.84656856882984,116.35356057032926,114.3410506259145,115.94342803955078,1071100,0.0,0.0,118.06466064453124
2022-12-08 00:00:00-05:00,116.87814322275115,117.13566489797728,115.91480738586793,116.4870834350586,1484900,0.0,0.0,117.17381591796875
2022-12-09 00:00:00-05:00,116.92583332279293,117.52672938381608,115.40930136796989,116.10557556152344,1203900,0.0,0.0,116.4012435913086
2022-12-12 00:00:00-05:00,115.91481580751719,118.56636727369079,115.76221224585869,118.15623474121094,1597700,0.0,0.0,116.38789367675781
2022-12-13 00:00:00-05:00,121.73295707960027,121.94279332291019,118.46143714762128,119.7109146118164,1396900,0.0,0.0,117.28064727783203
2022-12-14 00:00:00-05:00,119.33893738058771,120.59794759050656,117.03074593166586,118.5091323852539,1711700,0.0,0.0,117.79378814697266
2022-12-15 00:00:00-05:00,116.58246303142182,116.63014845496213,113.17741233999172,113.61615753173828,2827100,0.0,0.0,117.2196029663086
2022-12-16 00:00:00-05:00,111.91839267525778,112.43344326666019,109.60067592927331,111.05998229980469,3082000,0.0,0.0,116.21048431396484
2022-12-19 00:00:00-05:00,111.1553567167288,111.85162353377738,109.06654171181503,110.2015609741211,1416500,0.0,0.0,114.61954956054687
2022-12-20 00:00:00-05:00,109.70560058686745,111.0123035820505,109.36224075957146,109.54345703125,1310200,0.0,0.0,112.5860580444336
2022-12-21 00:00:00-05:00,110.30650010428067,111.68950128380675,109.94405299582814,110.1634292602539,1177800,0.0,0.0,110.91691741943359
2022-12-22 00:00:00-05:00,109.13331892354245,110.02988934714467,106.97774555151874,108.95210266113281,1310800,0.0,0.0,109.9841064453125
2022-12-23 00:00:00-05:00,108.94257231116943,109.28593942819046,107.73124740476598,108.68504333496094,1360300,0.0,0.0,109.50911865234374
2022-12-27 00:00:00-05:00,109.22869119877424,109.22869119877424,107.9887610318907,108.59918975830078,972600,0.0,0.0,109.18864440917969
2022-12-28 00:00:00-05:00,108.63734718753538,109.18101052303884,106.7679082219992,107.04450988769531,1452700,0.0,0.0,108.68885498046875
2022-12-29 00:00:00-05:00,108.14137811996615,111.10768399494017,107.7217128660481,110.29695892333984,984500,0.0,0.0,108.71556091308594
2022-12-30 00:00:00-05:00,109.44808060920315,109.82006043173719,108.29398843199682,109.49577331542969,754900,0.0,0.0,108.82429504394531
2023-01-03 00:00:00-05:00,110.64031125480047,111.14582185743902,108.2176690834089,109.36222839355469,1700800,0.0,0.0,108.95973205566406
2023-01-04 00:00:00-05:00,110.99322576765798,112.73866664403828,110.58309326077412,112.18547058105469,1644000,0.0,0.0,109.67698822021484
2023-01-05 00:00:00-05:00,110.99322378792083,111.75625608875393,110.16341879291903,110.8883056640625,1209700,0.0,0.0,110.44574737548828
2023-01-06 00:00:00-05:00,112.39529856933203,115.20900067038819,111.63226626158485,114.83702087402344,1981900,0.0,0.0,111.353759765625
2023-01-09 00:00:00-05:00,115.981577902766,117.66026069416169,115.22807828206503,115.80036163330078,1951300,0.0,0.0,112.61467742919922
2023-01-10 00:00:00-05:00,115.962499778168,117.48857166421845,115.88619436464428,117.03074645996094,1932200,0.0,0.0,114.14838104248047
2023-01-11 00:00:00-05:00,117.23104918604209,118.23253044335765,116.50616231630556,118.03223419189453,2543400,0.0,0.0,115.31773376464844
2023-01-12 00:00:00-05:00,118.94788721284057,119.24356161671005,117.3264370745504,118.39468383789062,1659500,0.0,0.0,116.81900939941406
2023-01-13 00:00:00-05:00,117.38366378957608,118.87158309878714,116.81138769194763,118.49960327148438,1864800,0.0,0.0,117.55152587890625
2023-01-17 00:00:00-05:00,119.11955923108047,119.39616089176629,117.56487466607187,118.47097778320312,1673100,0.0,0.0,118.08564910888671
2023-01-18 00:00:00-05:00,119.44385686844674,119.94936750198362,117.47903247951002,117.59349060058594,1903400,0.0,0.0,118.19819793701171
2023-01-19 00:00:00-05:00,116.086496269429,116.47755607511414,114.39828075510941,115.73358917236328,2279700,0.0,0.0,117.73846893310547
2023-01-20 00:00:00-05:00,116.51570396020668,116.71600021450287,114.97055207106982,116.57292938232422,2270800,0.0,0.0,117.37411804199219
2023-01-23 00:00:00-05:00,117.30734862962086,119.77768364563538,116.96398154417571,119.0051040649414,1977000,0.0,0.0,117.4752182006836
2023-01-24 00:00:00-05:00,118.64266655621422,119.76814596316125,118.32791217566215,118.89065551757812,2977700,0.0,0.0,117.5591537475586
2023-01-25 00:00:00-05:00,115.40930241575266,118.69036259815913,115.40930241575266,117.86055755615234,2556500,0.0,0.0,117.61256713867188
2023-01-26 00:00:00-05:00,117.68886815180129,118.55682585937407,115.60005293295296,118.52820587158203,2080900,0.0,0.0,118.17149047851562
2023-01-27 00:00:00-05:00,117.99408680972938,120.42626920145936,117.64117971634053,119.55831146240234,1443500,0.0,0.0,118.76856689453125
2023-01-30 00:00:00-05:00,118.09899303980035,120.31179895553834,118.07038033073786,119.70137023925781,1832900,0.0,0.0,118.90782012939454
2023-01-31 00:00:00-05:00,120.23549763674515,121.57081322786287,120.1782722166736,121.27513885498047,1635800,0.0,0.0,119.384716796875
2023-02-01 00:00:00-05:00,121.13204571964587,124.94722826199693,121.09389302099638,124.18418884277344,2138500,0.0,0.0,120.64944305419922
2023-02-02 00:00:00-05:00,125.29062845165407,128.80059033429572,125.29062845165407,128.71475219726562,2555400,0.0,0.0,122.68675231933594
2023-02-03 00:00:00-05:00,127.00746840390109,128.81014211344282,126.81671213034915,127.7037353515625,2670000,0.0,0.0,124.31583709716797
2023-02-06 00:00:00-05:00,126.83575281587571,127.46526149413131,125.99642246530286,126.9502182006836,2507300,0.0,0.0,125.76560668945312
2023-02-07 00:00:00-05:00,126.6354747460686,128.12339389254862,125.55768081524458,127.80863952636719,1792300,0.0,0.0,127.07230682373047
2023-02-08 00:00:00-05:00,127.15051526679282,127.95170024272133,124.99494200667024,125.47183990478516,1598000,0.0,0.0,127.32983703613282
2023-02-09 00:00:00-05:00,126.20626802012855,127.05514570521287,124.75649432013243,125.7293701171875,2064400,0.0,0.0,126.73276062011719
2023-02-10 00:00:00-05:00,124.60390715407557,124.87096886612214,122.94429689741037,123.79317474365234,1864200,0.0,0.0,125.95064849853516
2023-02-13 00:00:00-05:00,124.2509751824973,126.12040668365448,124.0411389552985,126.1013412475586,1240300,0.0,0.0,125.78087310791015
2023-02-14 00:00:00-05:00,125.51953602557418,126.90253705703839,124.86141457963974,126.5687026977539,1601600,0.0,0.0,125.5328857421875
2023-02-15 00:00:00-05:00,125.67214240077601,127.15052895483768,125.55769155011357,126.93115997314453,2038500,0.0,0.0,125.82474975585937
2023-02-16 00:00:00-05:00,124.72813773469005,127.21849187652961,124.69940411588388,126.43306732177734,1688400,0.56,0.0,125.96548919677734
2023-02-17 00:00:00-05:00,125.28368526621131,126.72042474262366,124.71857124648719,126.2894058227539,1557000,0.0,0.0,126.46473541259766
2023-02-21 00:00:00-05:00,124.56532570492125,125.59019234855282,121.09799152115166,121.33744812011719,1917500,0.0,0.0,125.51195678710937
2023-02-22 00:00:00-05:00,121.04052515997974,122.64008619128542,120.62865951444516,121.37576293945312,1292800,0.0,0.0,124.47336883544922
2023-02-23 00:00:00-05:00,122.46767509265274,122.6113431959911,119.98690109890946,122.16117095947266,1488100,0.0,0.0,123.51937103271484
2023-02-24 00:00:00-05:00,120.22636135963576,120.63822698628827,119.2206480673228,120.17847442626953,1789000,0.0,0.0,122.26845245361328
2023-02-27 00:00:00-05:00,121.34702407106201,122.43894553850885,120.95431175520093,121.83551025390625,1612500,0.0,0.0,121.37767333984375
2023-02-28 00:00:00-05:00,121.44280789847599,123.1189967600001,121.27039885734274,121.95045471191406,1735700,0.0,0.0,121.50027465820312
2023-03-01 00:00:00-05:00,121.66309007525,122.70712451359789,120.75315803824967,122.43893432617188,2003300,0.0,0.0,121.71290893554688
2023-03-02 00:00:00-05:00,121.98875779912674,123.79904891627032,121.56731188990484,123.69368743896484,1757200,0.0,0.0,122.01941223144532
2023-03-03 00:00:00-05:00,124.4503578607103,125.25494301969508,124.03849958783259,124.97716522216797,1150400,0.0,0.0,122.979150390625
2023-03-06 00:00:00-05:00,125.59020321740459,126.56719031801042,124.62280373536053,125.11128997802734,1508500,0.0,0.0,123.63430633544922
2023-03-07 00:00:00-05:00,125.36989295318665,125.69555041123989,122.64008195326437,123.42550659179688,1386700,0.0,0.0,123.92931671142578
2023-03-08 00:00:00-05:00,123.88526552605833,124.15345575415719,122.84123823701123,124.14388275146484,1286400,0.0,0.0,124.27030639648437
2023-03-09 00:00:00-05:00,124.61321467204164,124.93887212518243,122.12286030212546,122.65924072265625,2061800,0.0,0.0,124.06341705322265
2023-03-10 00:00:00-05:00,122.92743037765443,122.96575161624514,118.69383966013646,119.27811431884766,2565400,0.0,0.0,122.9236068725586
2023-03-13 00:00:00-04:00,117.67855224964535,119.92944283119843,116.53873649364223,118.78962707519531,2141100,0.0,0.0,121.65927429199219
2023-03-14 00:00:00-04:00,121.07884040223682,122.73587600482371,119.84324345227255,121.17462158203125,1634100,0.0,0.0,121.20909729003907
2023-03-15 00:00:00-04:00,118.39691839972411,119.19191604212986,116.65367469539895,118.70342254638672,2373300,0.0,0.0,120.12100524902344
2023-03-16 00:00:00-04:00,117.29540348159296,119.9964732553581,116.08854034210465,119.64208221435547,2301500,0.0,0.0,119.51757354736328
2023-03-17 00:00:00-04:00,119.45053034512473,119.71872056987444,117.23795368330418,118.03295135498047,3185100,0.0,0.0,119.26854095458984
2023-03-20 00:00:00-04:00,118.72257416540312,119.92943742276691,118.38733640158961,119.3164291381836,1605700,0.0,0.0,119.3739013671875
2023-03-21 00:00:00-04:00,120.82022856366717,121.06926548834139,119.48885037456544,120.1305923461914,1688000,0.0,0.0,119.16509552001953
2023-03-22 00:00:00-04:00,119.84323557642335,121.12671937811915,118.52143053616547,118.5884780883789,1799100,0.0,0.0,119.14210662841796
2023-03-23 00:00:00-04:00,119.30684977463075,121.66310175736578,118.54059306664237,119.8719711303711,1616300,0.0,0.0,119.18808441162109
2023-03-24 00:00:00-04:00,119.39304982747011,119.61334578432556,117.98504399641192,119.42178344726562,1263800,0.0,0.0,119.46585083007812
2023-03-27 00:00:00-04:00,120.19762726182951,120.73401498990629,119.18233366381213,119.90070343017578,1231000,0.0,0.0,119.58270568847657
2023-03-28 00:00:00-04:00,119.68996860060156,120.101834184803,118.76087595896334,119.19190216064453,1162600,0.0,0.0,119.39496765136718
2023-03-29 00:00:00-04:00,120.62865781221639,122.14201795357435,120.24552579495237,121.98876953125,1102500,0.0,0.0,120.07502593994141
2023-03-30 00:00:00-04:00,123.1860406706574,124.02893248910121,123.07110619187668,123.69368743896484,1121800,0.0,0.0,120.83936920166016
2023-03-31 00:00:00-04:00,124.41206343866492,125.78176271273955,124.38332981752009,125.6189193725586,1361900,0.0,0.0,122.07879638671875
2023-04-03 00:00:00-04:00,125.1208663344955,126.02122548192722,124.68025976320753,125.3698959350586,1345800,0.0,0.0,123.17263488769531
2023-04-04 00:00:00-04:00,124.8718114489606,125.46567369997742,120.30298316228503,120.9447250366211,1342300,0.0,0.0,123.52319946289063
2023-04-05 00:00:00-04:00,120.10185235505332,120.46582375825518,118.21493316771904,119.23980712890625,1688100,0.0,0.0,122.97340698242188
2023-04-06 00:00:00-04:00,118.50228618028636,119.3355904911107,117.2092219712272,118.73216247558594,1559000,0.0,0.0,121.9811019897461
2023-04-10 00:00:00-04:00,118.04251090553427,120.03479135897288,117.57317806570705,120.00605773925781,1016800,0.0,0.0,120.85852966308593
2023-04-11 00:00:00-04:00,120.0635344238416,121.21293045630824,119.84323845027265,120.4275131225586,820100,0.0,0.0,119.87005310058593
2023-04-12 00:00:00-04:00,121.56733113501049,122.23781403379144,119.91029547076516,120.09227752685547,1051200,0.0,0.0,119.6995635986328
2023-04-13 00:00:00-04:00,120.77232757754003,121.0596784213299,119.23023379261657,120.68612670898438,1125300,0.0,0.0,119.98882751464843
2023-04-14 00:00:00-04:00,121.05966898419875,122.30484613337389,119.9390139345221,120.60948944091797,923600,0.0,0.0,120.36429290771484
2023-04-17 00:00:00-04:00,120.30298367608235,121.5002665695697,120.12100164546396,121.39490509033203,1122500,0.0,0.0,120.64206237792969
2023-04-18 00:00:00-04:00,122.26654639331589,122.84124079515789,121.35660689173324,122.3623275756836,1585900,0.0,0.0,121.02902526855469
2023-04-19 00:00:00-04:00,121.32786487709353,123.21478400055,121.05967466195693,122.84123229980469,1430300,0.0,0.0,121.57881622314453
2023-04-20 00:00:00-04:00,121.32785142029118,122.49640063460964,120.14014889600243,122.22821044921875,1575300,0.0,0.0,121.88723297119141
2023-04-21 00:00:00-04:00,122.37188525412469,123.14772949537678,121.70140248628174,122.9848861694336,1464400,0.0,0.0,122.36231231689453
2023-04-24 00:00:00-04:00,122.96575629481684,123.22435889642726,122.29527343903642,122.8508071899414,864100,0.0,0.0,122.6534927368164
2023-04-25 00:00:00-04:00,122.24736892979564,122.24736892979564,118.93329078454241,118.94287109375,1998300,0.0,0.0,121.96960144042968
2023-04-26 00:00:00-04:00,116.51959777451121,117.41994973531602,114.30701354117546,115.13074493408203,3341700,0.0,0.0,120.42750396728516
2023-04-27 00:00:00-04:00,114.90085391695685,116.48126893641901,113.98134145107451,116.27054595947266,2003500,0.0,0.0,119.23597106933593
2023-04-28 00:00:00-04:00,115.99277724844123,117.33373568927435,115.84910182484562,117.20922088623047,1314000,0.0,0.0,118.08083801269531
2023-05-01 00:00:00-04:00,117.24751982757161,118.79919374261623,117.24751982757161,118.00419616699219,886000,0.0,0.0,117.11151580810547
2023-05-02 00:00:00-04:00,117.14216717758234,117.84137633065254,115.23608745274474,117.45824432373047,1246100,0.0,0.0,116.81459045410156
2023-05-03 00:00:00-04:00,117.61150113217198,118.62679474837134,116.25138943733221,116.28970336914062,1307700,0.0,0.0,117.04638214111328
2023-05-04 00:00:00-04:00,115.58090045002878,116.00234636988985,114.10584703814992,114.29741668701172,2227000,0.0,0.0,116.6517562866211
2023-05-05 00:00:00-04:00,116.30885290809421,118.60763758857777,116.30885290809421,117.75517272949219,1661400,0.0,0.0,116.76094665527344
2023-05-08 00:00:00-04:00,118.8854053817848,118.93329231316869,116.61535437430442,117.46781921386719,1071100,0.0,0.0,116.65367126464844
2023-05-09 00:00:00-04:00,116.67282626883235,117.05595827336005,115.74373353283413,116.04066467285156,1247600,0.0,0.0,116.37015533447266
2023-05-10 00:00:00-04:00,117.36245786082098,117.38161847950312,114.01964604900684,115.5042724609375,1595800,0.0,0.0,116.21306915283203
2023-05-11 00:00:00-04:00,114.98705480573392,115.70542455927003,114.35488591495734,114.99662780761719,1415300,0.0,0.0,116.35291137695313
2023-05-12 00:00:00-04:00,115.44681592791844,115.46597654837774,114.53688376226211,115.37976837158203,1260700,0.0,0.0,115.8778305053711
2023-05-15 00:00:00-04:00,115.4085042704072,116.95060540418926,115.07326648211452,116.76862335205078,749700,0.0,0.0,115.73799133300781
2023-05-16 00:00:00-04:00,116.02149889395423,116.49083904975583,114.91042416863206,114.94873809814453,893600,0.0,0.0,115.51960601806641
2023-05-17 00:00:00-04:00,115.55217446119805,116.95060010589056,115.16904244580556,116.88355255126953,1657100,0.0,0.0,115.79546203613282
2023-05-18 00:00:00-04:00,116.84506310749295,118.58714940321028,116.61406998405516,118.47164916992188,1108300,0.59,0.0,116.49046630859375
2023-05-19 00:00:00-04:00,119.71325435158784,120.01162813145166,118.79890133012543,119.42451477050781,1475200,0.0,0.0,117.2994155883789
2023-05-22 00:00:00-04:00,119.57848496506705,120.41584501127214,118.65450526398105,119.85760498046875,858400,0.0,0.0,117.9172119140625
2023-05-23 00:00:00-04:00,118.98175890807026,119.31862537903643,117.40329257856739,117.5861587524414,1145600,0.0,0.0,118.44469604492187
2023-05-24 00:00:00-04:00,116.49855127694134,116.54667085916,114.22709845110627,114.29447174072266,1427800,0.0,0.0,117.9268798828125
2023-05-25 00:00:00-04:00,114.77571868896484,115.3147050390836,113.68811913443567,114.77571868896484,1946200,0.0,0.0,117.1876937866211
2023-05-26 00:00:00-04:00,115.18957776768627,118.49088363239846,114.98745789961873,118.17326354980469,1201000,0.0,0.0,116.93744354248047
2023-05-30 00:00:00-04:00,118.97213951716085,119.47262582783053,118.18290630289869,118.50052642822266,1223900,0.0,0.0,116.66602783203125
2023-05-31 00:00:00-04:00,117.4995509341673,118.39465755759295,116.4793172209595,117.8845443725586,2886300,0.0,0.0,116.72570495605468
2023-06-01 00:00:00-04:00,117.60541097593179,118.64488359562317,116.81617782114742,117.951904296875,1204600,0.0,0.0,117.45719146728516
2023-06-02 00:00:00-04:00,119.68435119381495,121.65743754850466,119.21273818914077,121.53231048583984,1337000,0.0,0.0,118.80850982666016
2023-06-05 00:00:00-04:00,121.2339598619633,121.2339598619633,119.22238051946458,119.53999328613281,967700,0.0,0.0,119.08185577392578
2023-06-06 00:00:00-04:00,119.77098346198707,122.6006689578033,119.28011672921922,122.48517608642578,1377500,0.0,0.0,119.8787857055664
2023-06-07 00:00:00-04:00,122.61031190186182,124.10215866012709,122.49481167218917,123.67866516113281,1529200,0.0,0.0,121.03760986328125
2023-06-08 00:00:00-04:00,123.61127749028674,123.87115115648703,122.5140584149176,123.19741821289062,1374000,0.0,0.0,122.08671264648437
2023-06-09 00:00:00-04:00,123.72678505652948,125.02612401497754,123.03379840417983,123.19741821289062,1439400,0.0,0.0,122.41973419189453
2023-06-12 00:00:00-04:00,123.75567188261311,125.61325110891971,123.40917851834371,125.23788452148438,1628600,0.0,0.0,123.55931243896484
2023-06-13 00:00:00-04:00,126.25807639343603,127.5959372370799,125.95009053508818,127.36493682861328,1168100,0.0,0.0,124.53526458740234
2023-06-14 00:00:00-04:00,128.057940716422,128.59692705625577,126.1714738407275,126.78746032714844,1483500,0.0,0.0,125.15702362060547
2023-06-15 00:00:00-04:00,127.04735153699458,129.30918526083877,126.68160446174872,128.42369079589844,1438100,0.0,0.0,126.20227813720703
2023-06-16 00:00:00-04:00,129.93475784699996,130.82985690720085,129.0204050808871,130.56036376953125,3290600,0.0,0.0,127.67486724853515
2023-06-20 00:00:00-04:00,129.82891648886076,130.75290367877375,129.3091837913509,130.1369171142578,2220000,0.0,0.0,128.65467376708983
2023-06-21 00:00:00-04:00,129.69415097930974,131.08974372977252,129.45353103315145,130.7047576904297,1518200,0.0,0.0,129.32263793945313
2023-06-22 00:00:00-04:00,130.61815290527795,130.8876461007547,129.11667193383622,129.46316528320312,1298800,0.0,0.0,129.85777893066407
2023-06-23 00:00:00-04:00,127.57670577787079,128.49105868896385,127.52857884859708,128.11569213867188,1501800,0.0,0.0,129.79617919921876
2023-06-26 00:00:00-04:00,128.74131201326654,130.2812857980689,128.50069202728358,128.91456604003906,915500,0.0,0.0,129.4670196533203
2023-06-27 00:00:00-04:00,129.71340140972322,131.75385380198145,128.88566822840184,131.599853515625,1255700,0.0,0.0,129.75960693359374
2023-06-28 00:00:00-04:00,131.85975216155973,133.05323257767347,130.66627174544595,131.93675231933594,1502500,0.0,0.0,130.006005859375
2023-06-29 00:00:00-04:00,131.68648524392,133.55368360542667,131.37848467731558,133.19757080078125,1142800,0.0,0.0,130.7528869628906
2023-06-30 00:00:00-04:00,134.30443656721226,135.5556633538151,133.55370343250607,134.90118408203125,1518400,0.0,0.0,132.1099853515625
2023-07-03 00:00:00-04:00,134.52578659844147,135.28613907018737,133.89054649620869,135.11289978027344,465100,0.0,0.0,133.3496520996094
2023-07-05 00:00:00-04:00,134.02530805398828,134.65091403035834,132.43722230703304,134.19854736328125,1005700,0.0,0.0,133.86939086914063
2023-07-06 00:00:00-04:00,132.66820104522083,133.82317377166223,132.12921475196651,133.71730041503906,873900,0.0,0.0,134.22550048828126
2023-07-07 00:00:00-04:00,133.58257630239515,135.55566299688772,133.49595663775963,134.57394409179688,845700,0.0,0.0,134.5007751464844
2023-07-10 00:00:00-04:00,133.8713331177223,136.12353268269322,133.8713331177223,135.940673828125,1221600,0.0,0.0,134.70867309570312
2023-07-11 00:00:00-04:00,136.21016704002176,136.54702621175343,135.1514332173712,135.940673828125,1120700,0.0,0.0,134.87422790527344
2023-07-12 00:00:00-04:00,137.16299457198804,138.05810844609076,136.38338826355198,137.3266143798828,995000,0.0,0.0,135.49984130859374
2023-07-13 00:00:00-04:00,137.84635178452484,137.9907178733678,136.8164913965265,137.03787231445312,1077900,0.0,0.0,136.16395568847656
2023-07-14 00:00:00-04:00,136.80689991118194,136.84539264733354,135.63267319379807,135.940673828125,1214600,0.0,0.0,136.4373016357422
2023-07-17 00:00:00-04:00,136.07540736564835,137.72123970264963,135.60378694698326,137.4132537841797,1507200,0.0,0.0,136.73181762695313
2023-07-18 00:00:00-04:00,137.48060786712387,138.3468484784739,136.87425559408234,137.2207489013672,1639100,0.0,0.0,136.98783264160156
2023-07-19 00:00:00-04:00,136.67210739355477,137.7789530930072,136.09461374132607,137.72120666503906,1426100,0.0,0.0,137.0667510986328
2023-07-20 00:00:00-04:00,137.61539196226408,138.01963181657896,136.28717949416662,136.62403869628906,1167200,0.0,0.0,136.983984375
2023-07-21 00:00:00-04:00,135.4401778132417,137.0667712554197,135.4401778132417,135.7096710205078,1702700,0.0,0.0,136.93778381347656
2023-07-24 00:00:00-04:00,136.3160346662323,137.01864088998943,134.9974271998325,135.19955444335938,1907100,0.0,0.0,136.4950439453125
2023-07-25 00:00:00-04:00,134.93968073247893,136.42190802135516,134.4873139989121,135.90216064453125,2042800,0.0,0.0,136.2313262939453
2023-07-26 00:00:00-04:00,137.0859810890261,141.09953449274389,135.65189568850712,139.0109405517578,2298200,0.0,0.0,136.48927307128906
2023-07-27 00:00:00-04:00,140.5990541624222,140.84929362908673,137.60574132850198,138.45272827148438,2153800,0.0,0.0,136.85501098632812
2023-07-28 00:00:00-04:00,139.75207279558484,139.75207279558484,137.08599947006658,137.4132537841797,1473200,0.0,0.0,137.1957275390625
2023-07-31 00:00:00-04:00,137.39399135090736,138.11585120038674,137.1533714010809,138.10623168945312,1377900,0.0,0.0,137.77706298828124
2023-08-01 00:00:00-04:00,137.50947868061422,138.60670502011396,137.16298537938928,138.23133850097656,1393300,0.0,0.0,138.2428985595703
2023-08-02 00:00:00-04:00,136.79728200183882,137.87525486205863,135.98878767039523,136.00804138183594,1676300,0.0,0.0,137.64231872558594
2023-08-03 00:00:00-04:00,135.28616780205397,135.5556609900041,133.25533469453728,134.67018127441406,1286400,0.0,0.0,136.88580932617188
2023-08-04 00:00:00-04:00,134.88193325308364,135.26691934044072,133.01471988821825,133.303466796875,1217400,0.0,0.0,136.06385192871093
2023-08-07 00:00:00-04:00,134.17931481506125,135.0647944843638,134.1600611065635,134.18893432617188,1462000,0.0,0.0,135.2803924560547
2023-08-08 00:00:00-04:00,133.0051030822486,133.41896240026367,131.08976274592615,132.24473571777344,1838500,0.0,0.0,134.08307189941405
2023-08-09 00:00:00-04:00,132.29283891340395,132.5142051441035,130.5988798377337,130.61813354492188,1359700,0.0,0.0,133.00509033203124
2023-08-10 00:00:00-04:00,131.34961511058458,132.35058760731826,129.83851482544992,129.9347686767578,1739700,0.0,0.0,132.0580078125
2023-08-11 00:00:00-04:00,129.15516993556528,129.53053647948352,127.759577127986,128.04830932617188,1489800,0.0,0.0,131.00697631835936
2023-08-14 00:00:00-04:00,128.19268676694102,128.79905373986418,127.36495355242533,128.4525604248047,1508100,0.0,0.0,129.85970153808594
2023-08-15 00:00:00-04:00,127.7018173880867,127.74032480578049,125.54587195809069,125.57474517822266,1801000,0.0,0.0,128.52570343017578
2023-08-16 00:00:00-04:00,125.32451168643249,126.25810365902724,124.33314389826431,124.593017578125,2038500,0.0,0.0,127.3206802368164
2023-08-17 00:00:00-04:00,125.5018852579798,125.7919541924446,123.5971174510008,123.60678100585938,1771000,0.59,0.0,126.05508270263672
2023-08-18 00:00:00-04:00,122.63989719218668,124.3029433839852,122.63989719218668,123.47142028808594,1692400,0.0,0.0,125.13970489501953
2023-08-21 00:00:00-04:00,123.85818641688081,124.71871494975933,123.2297012389685,124.03221893310547,1536500,0.0,0.0,124.2556365966797
2023-08-22 00:00:00-04:00,124.65102173942293,124.91208525877049,123.4327499049994,123.53910064697266,1052600,0.0,0.0,123.84850769042968
2023-08-23 00:00:00-04:00,123.85819225881798,125.25049671484359,123.53911050041027,124.69937896728516,1264600,0.0,0.0,123.86977996826172
2023-08-24 00:00:00-04:00,124.52532602708948,125.308516611987,123.31672508295244,123.3360595703125,2202100,0.0,0.0,123.81563568115234
2023-08-25 00:00:00-04:00,124.02255907727557,125.05712015723853,123.36506846038029,124.38030242919922,1450900,0.0,0.0,123.997412109375
2023-08-28 00:00:00-04:00,125.25047669167898,126.29471593190107,125.09578605697477,125.45352935791016,1050000,0.0,0.0,124.28167419433593
2023-08-29 00:00:00-04:00,125.40519690697842,126.87486876181646,125.02811169955176,126.84586334228516,2427400,0.0,0.0,124.94302673339844
2023-08-30 00:00:00-04:00,126.5654634674357,127.96746098900532,126.43009991921411,127.56135559082031,1282400,0.0,0.0,125.51542205810547
2023-08-31 00:00:00-04:00,127.8514133746804,128.721620183043,127.82240795642021,128.00611877441406,1306800,0.0,0.0,126.44943389892578
2023-09-01 00:00:00-04:00,129.0020217324857,129.2920906931648,128.25751484256406,128.85699462890625,1169400,0.0,0.0,127.34477233886719
2023-09-05 00:00:00-04:00,128.60558725354096,128.83764535945159,126.5557922886481,126.67181396484375,968300,0.0,0.0,127.5884292602539
2023-09-06 00:00:00-04:00,126.12069465157772,127.35830836038312,125.27950800277758,125.7532730102539,2715900,0.0,0.0,127.36991119384766
2023-09-07 00:00:00-04:00,124.45764337939477,124.54465963188406,123.01698442191753,123.93551635742188,1404500,0.0,0.0,126.64474334716797
2023-09-08 00:00:00-04:00,123.6841323565527,124.53499728743273,123.15234915151203,123.6261215209961,956100,0.0,0.0,125.76874389648438
2023-09-11 00:00:00-04:00,124.84439579528868,124.84439579528868,122.82360629803452,124.1385726928711,929900,0.0,0.0,124.82505950927734
2023-09-12 00:00:00-04:00,123.64545257935347,125.04744253943095,123.64545257935347,124.2159194946289,786400,0.0,0.0,124.33388061523438
2023-09-13 00:00:00-04:00,124.26427549971486,124.52532427081272,123.28771792471066,124.00321197509766,1026800,0.0,0.0,123.98386840820312
2023-09-14 00:00:00-04:00,124.81539192210178,125.52122978677635,123.72281268236665,124.9120864868164,1043000,0.0,0.0,124.17918243408204
2023-09-15 00:00:00-04:00,124.69937024959115,124.94109190786307,121.9630793075309,122.48519897460938,2131900,0.0,0.0,123.95099792480468
2023-09-18 00:00:00-04:00,122.0404219380509,123.3650517949488,121.89538747970381,122.76558685302734,1044300,0.0,0.0,123.67640075683593
2023-09-19 00:00:00-04:00,122.58188052912837,122.92996029118414,121.4022777106904,122.75592041015625,1035000,0.0,0.0,123.3844009399414
2023-09-20 00:00:00-04:00,123.39406792101508,123.77114572008836,121.13154948926115,121.2862548828125,1293600,0.0,0.0,122.84100952148438
2023-09-21 00:00:00-04:00,120.15499703285165,120.63844034289683,119.08175967117012,119.1397705078125,1662000,0.0,0.0,121.6865463256836
2023-09-22 00:00:00-04:00,119.49751196643923,120.06797889928184,118.86904157462128,118.96572875976562,1540000,0.0,0.0,120.98265228271484
2023-09-25 00:00:00-04:00,118.28890817373329,119.14944407123966,118.08586286424067,118.95606231689453,1603300,0.0,0.0,120.22074737548829
2023-09-26 00:00:00-04:00,118.17288652153141,118.57897714059793,116.48083489866129,116.5291748046875,1594100,0.0,0.0,118.97539825439453
2023-09-27 00:00:00-04:00,117.44772005090819,117.93116336559751,115.67831574872292,116.45182800292969,1584100,0.0,0.0,118.00851287841797
2023-09-28 00:00:00-04:00,116.86760126591429,120.31938658380575,116.3648160372422,119.71024322509766,1401000,0.0,0.0,118.122607421875
2023-09-29 00:00:00-04:00,120.7061256799652,120.95751827411388,119.00441048956105,119.43950653076172,974300,0.0,0.0,118.21736297607421
2023-10-02 00:00:00-04:00,118.71433803440972,119.83593005455906,118.38560012442356,119.1397705078125,1150100,0.0,0.0,118.25410461425781
2023-10-03 00:00:00-04:00,118.30824875873971,119.67155507252826,117.60241827233885,118.18255615234375,1118900,0.0,0.0,118.58478088378907
2023-10-04 00:00:00-04:00,118.50162676518902,119.68122967142862,117.67010364691387,119.323486328125,990900,0.0,0.0,119.15911254882812
2023-10-05 00:00:00-04:00,119.2944829583237,119.49752828788738,115.96839759915997,116.92561340332031,1828800,0.0,0.0,118.60218658447266
2023-10-06 00:00:00-04:00,117.29302231493058,120.24202967796876,117.13832428003484,119.86494445800781,1633300,0.0,0.0,118.68727416992188
2023-10-09 00:00:00-04:00,118.64665748022793,119.40082787133457,117.58308366259652,119.02374267578125,868700,0.0,0.0,118.66406860351563
2023-10-10 00:00:00-04:00,119.41049504724481,121.10254659649726,119.18810788356895,120.2130126953125,1013300,0.0,0.0,119.07015991210938
2023-10-11 00:00:00-04:00,120.26135454327482,121.34427020793521,119.94228756659513,121.2765884399414,1504000,0.0,0.0,119.46078033447266
2023-10-12 00:00:00-04:00,121.61499415972592,121.77936310967101,119.4781756801619,120.47406768798828,1003700,0.0,0.0,120.17047119140625
2023-10-13 00:00:00-04:00,120.12598195304571,120.12598195304571,116.46148107242044,117.4283676147461,1405700,0.0,0.0,119.6831558227539
2023-10-16 00:00:00-04:00,119.21712805632328,121.03487232038613,118.36626307491359,120.1646728515625,1382600,0.0,0.0,119.91134185791016
2023-10-17 00:00:00-04:00,119.4685181697814,121.10255905168069,118.24057530780627,120.396728515625,1860400,0.0,0.0,119.94808502197266
2023-10-18 00:00:00-04:00,119.4008181982294,119.97128509961978,117.67976131656715,117.96015930175781,1635000,0.0,0.0,119.28479919433593
2023-10-19 00:00:00-04:00,117.92147782251334,118.98505150769373,115.01114736320122,115.39790344238281,2132800,0.0,0.0,118.26956634521484
2023-10-20 00:00:00-04:00,115.59130502562034,115.66865035333544,113.59951345756807,113.70587158203125,4043000,0.0,0.0,117.52506713867187
2023-10-23 00:00:00-04:00,113.16441481821424,114.00560886244747,112.19752816465133,112.20719909667969,2013700,0.0,0.0,115.9335723876953
2023-10-24 00:00:00-04:00,113.33846110107963,114.31501874173036,112.44892710007115,114.15064239501953,1511700,0.0,0.0,114.68435516357422
2023-10-25 00:00:00-04:00,113.12573311254725,113.64785276597014,111.67540320084792,112.62295532226562,1821400,0.0,0.0,113.61691436767578
2023-10-26 00:00:00-04:00,113.69619308179038,115.0014959084514,113.2320916393522,113.65752410888672,1754400,0.0,0.0,113.26883850097656
2023-10-27 00:00:00-04:00,113.25142543212309,113.45447073404104,111.1919596183044,111.68507385253906,1525700,0.0,0.0,112.86467895507812
2023-10-30 00:00:00-04:00,112.31355446341509,113.11606475984757,111.34666783357203,112.48758697509766,1673900,0.0,0.0,112.92075653076172
2023-10-31 00:00:00-04:00,112.255542000059,114.00561190592408,112.16852573976003,113.94759368896484,1915400,0.0,0.0,112.88014678955078
2023-11-01 00:00:00-04:00,115.82336035364003,118.84971311278373,115.15620616042615,118.79170227050781,2078900,0.0,0.0,114.11389617919922
2023-11-02 00:00:00-04:00,119.4008341915499,119.97130116935232,118.25024405716054,119.93262481689453,2244000,0.0,0.0,115.36891632080078
2023-11-03 00:00:00-04:00,121.1605615673132,122.95897129404202,120.9091763541108,121.59566497802734,1318200,0.0,0.0,117.35103454589844
2023-11-06 00:00:00-05:00,121.71168832097871,121.86639372515556,121.06387603869743,121.72135925292969,1229900,0.0,0.0,119.19778900146484
2023-11-07 00:00:00-05:00,121.06387457261201,121.64400507773045,120.73513665785674,120.89950561523438,1449800,0.0,0.0,120.58817138671876
2023-11-08 00:00:00-05:00,121.05420364077816,121.75036319762411,120.13566428907059,120.89950561523438,1234200,0.0,0.0,121.00973205566406
2023-11-09 00:00:00-05:00,121.58599554224493,121.93407532439531,119.93262026541045,119.99063110351562,1372400,0.0,0.0,121.02133331298828
2023-11-10 00:00:00-05:00,120.35804981959777,122.86228262697142,119.6908956905905,122.45619201660156,1673100,0.0,0.0,121.19343872070313
2023-11-13 00:00:00-05:00,121.76003555072379,122.21447345434495,120.81248339245417,120.83182525634766,1038700,0.0,0.0,121.01553192138672
2023-11-14 00:00:00-05:00,122.83328411486151,126.43009635048566,122.6689151504835,126.22705841064453,1678100,0.0,0.0,122.08104248046875
2023-11-15 00:00:00-05:00,126.87485616736468,128.79896574188604,126.70080891393432,127.40664672851562,1702800,0.0,0.0,123.382470703125
2023-11-16 00:00:00-05:00,127.58147872267666,128.61098584310494,126.76564456911566,127.56204986572266,1578500,0.59,0.0,124.89675445556641
2023-11-17 00:00:00-05:00,128.40703830280734,128.54301066553373,127.19299405708027,127.6786117553711,1425900,0.0,0.0,125.94123840332031
2023-11-20 00:00:00-05:00,127.38723746462347,128.18364277905985,127.03759213100174,127.4843521118164,1348300,0.0,0.0,127.27174377441406
2023-11-21 00:00:00-05:00,127.231831786539,127.58147710790772,126.46456237513637,126.95018005371094,853200,0.0,0.0,127.41636810302734
2023-11-22 00:00:00-05:00,127.87285473228253,128.30990769287808,127.19299292470328,127.5523452758789,956800,0.0,0.0,127.4455078125
2023-11-24 00:00:00-05:00,127.44551658478923,127.74659720228254,127.01817061678187,127.29011535644531,573900,0.0,0.0,127.39112091064453
2023-11-27 00:00:00-05:00,126.59083372858724,127.53293336566433,126.4937190688143,126.89191436767578,1607100,0.0,0.0,127.23378143310546
2023-11-28 00:00:00-05:00,126.7656311815891,127.48433579435435,126.0857694587541,126.44512176513672,1332700,0.0,0.0,127.02593536376953
2023-11-29 00:00:00-05:00,127.26096980831953,127.95055344427263,126.63937976205403,126.67822265625,1156400,0.0,0.0,126.97154388427734
2023-11-30 00:00:00-05:00,127.36780677163237,127.47464325591808,125.99836133302719,127.2318344116211,2234800,0.0,0.0,126.90744171142578
2023-12-01 00:00:00-05:00,126.88218331907763,128.66925277515088,126.41599450877048,128.20306396484375,1368700,0.0,0.0,127.09003143310547
2023-12-04 00:00:00-05:00,127.10556907022642,128.05739041018114,126.82391733158724,127.2318344116211,2175100,0.0,0.0,127.15801544189453
2023-12-05 00:00:00-05:00,126.56166429234935,126.56166429234935,125.1048114031214,125.95950317382812,941700,0.0,0.0,127.0608917236328
2023-12-06 00:00:00-05:00,127.04726795078287,128.0864966776883,126.5325145054527,127.45518493652344,1080000,0.0,0.0,127.2162841796875
2023-12-07 00:00:00-05:00,127.77574057752274,129.08691443630957,127.05703578904561,128.56243896484375,1245200,0.0,0.0,127.48240509033204
2023-12-08 00:00:00-05:00,128.22248335929407,129.84444446744342,127.67859398409118,129.48509216308594,1445600,0.0,0.0,127.73881072998047
2023-12-11 00:00:00-05:00,130.20382213160806,132.38910189538007,129.86389861583632,131.85491943359375,1170400,0.0,0.0,128.663427734375
2023-12-12 00:00:00-05:00,131.89377532851782,132.126862348712,131.12649103404087,131.60240173339844,1020000,0.0,0.0,129.79200744628906
2023-12-13 00:00:00-05:00,133.27290391321606,134.03046623241806,131.22359691643265,133.9236297607422,1634300,0.0,0.0,131.0856964111328
2023-12-14 00:00:00-05:00,135.38051129307163,139.67337028328907,134.98230119441718,139.21688842773438,2006000,0.0,0.0,133.21658630371093
2023-12-15 00:00:00-05:00,137.67262154883286,138.77012232188244,135.1182676377004,137.54635620117188,3172300,0.0,0.0,134.82883911132814
2023-12-18 00:00:00-05:00,137.78915780141355,137.96398787511257,136.827644265634,136.9247589111328,1318500,0.0,0.0,135.84280700683593
2023-12-19 00:00:00-05:00,137.36181057246947,137.9154218441164,136.60424817328197,137.06072998046875,1162500,0.0,0.0,136.93447265625
2023-12-20 00:00:00-05:00,136.27402920132795,137.56577399155418,134.43839498782236,134.5258026123047,1513000,0.0,0.0,137.0549072265625
2023-12-21 00:00:00-05:00,135.4776183590567,136.01178592220595,134.64235540193053,135.8563995361328,1046100,0.0,0.0,136.3828094482422
2023-12-22 00:00:00-05:00,136.65281661602657,137.5366443790356,135.93411191105847,136.91505432128906,786500,0.0,0.0,136.2565490722656
2023-12-26 00:00:00-05:00,137.13842887562075,137.70174715872935,136.46827411089026,137.2646942138672,660200,0.0,0.0,136.3245361328125
2023-12-27 00:00:00-05:00,137.2064123183118,137.39094939291112,136.20604116431224,136.72079467773438,809200,0.0,0.0,136.2565490722656
2023-12-28 00:00:00-05:00,137.0995994060166,137.27441467312792,136.40030869781765,137.01219177246094,626100,0.0,0.0,136.7538269042969
2023-12-29 00:00:00-05:00,136.64307892425285,137.16753939717339,136.01176716958494,136.4585418701172,795900,0.0,0.0,136.87425537109374
2024-01-02 00:00:00-05:00,135.2833788622084,135.6815889521615,134.11789929003942,134.9240264892578,1367700,0.0,0.0,136.4760498046875
2024-01-03 00:00:00-05:00,133.80709109628498,134.16644341402736,132.90383456320671,133.1855010986328,1685000,0.0,0.0,135.66021118164062
2024-01-04 00:00:00-05:00,131.1167725831161,131.15561547646965,128.16422363235998,128.64984130859375,2634700,0.0,0.0,134.0460205078125
2024-01-05 00:00:00-05:00,127.96995917130083,129.46566984854195,127.7757150731834,128.54299926757812,1825700,0.0,0.0,132.35218200683593
2024-01-08 00:00:00-05:00,129.77648309381414,130.33009444374682,128.70813293305557,129.9998779296875,1525900,0.0,0.0,131.06044921875
2024-01-09 00:00:00-05:00,128.27106886442363,129.96100900828256,128.27106886442363,129.3297119140625,1270000,0.0,0.0,129.94158630371095
2024-01-10 00:00:00-05:00,129.17430826420932,129.6890618408751,128.65955468754353,129.33941650390625,1842400,0.0,0.0,129.17236938476563
2024-01-11 00:00:00-05:00,129.09659137888596,129.40739378139887,127.44549437019033,128.30018615722656,2143700,0.0,0.0,129.1024383544922
2024-01-12 00:00:00-05:00,128.44587322192825,129.485102145279,127.67860382701868,128.13507080078125,1973200,0.0,0.0,129.0208526611328
2024-01-16 00:00:00-05:00,127.39692549505966,127.70772788745477,124.99797325080233,126.97930145263672,2580500,0.0,0.0,128.41673736572267
2024-01-17 00:00:00-05:00,125.60987063351153,126.45484065264493,124.82317236468037,125.4156265258789,2045900,0.0,0.0,127.63392028808593
2024-01-18 00:00:00-05:00,126.26059217338549,126.71707396144849,125.20194922654787,126.70736694335938,2997600,0.0,0.0,127.10751037597656
2024-01-19 00:00:00-05:00,127.38722912909263,128.72752380371094,126.18289198767292,128.72752380371094,2624600,0.0,0.0,127.19297790527344
2024-01-22 00:00:00-05:00,129.17431666226582,130.23295976084773,129.17431666226582,129.36856079101562,3008700,0.0,0.0,127.4396759033203
2024-01-23 00:00:00-05:00,129.79588265032282,131.30130030321442,129.7279038868354,130.77682495117188,2745900,0.0,0.0,128.19918060302734
2024-01-24 00:00:00-05:00,139.26544857524348,142.6065008462637,137.4783789297739,139.49855041503906,4074200,0.0,0.0,131.01576538085936
2024-01-25 00:00:00-05:00,140.36292799851572,140.8291167872812,138.75067386335354,140.1103973388672,3641700,0.0,0.0,133.69637145996094
2024-01-26 00:00:00-05:00,141.60610381836352,141.62553267312086,139.3431238850354,140.32406616210938,3302400,0.0,0.0,136.01567993164062
2024-01-29 00:00:00-05:00,138.92548958054923,141.53811488596068,138.49815850096795,141.47984313964844,1856800,0.0,0.0,138.43793640136718
2024-01-30 00:00:00-05:00,141.61582377359952,142.6161949968232,141.01366259997468,141.05250549316406,1233100,0.0,0.0,140.49307250976562
2024-01-31 00:00:00-05:00,139.85790943754853,140.41152077594663,137.90573145347193,138.0999755859375,2766500,0.0,0.0,140.2133575439453
2024-02-01 00:00:00-05:00,138.40104248905013,138.50787897429285,136.16719813753238,138.15823364257812,3586400,0.0,0.0,139.8229248046875
2024-02-02 00:00:00-05:00,137.643472971255,139.4111135760257,136.9830252365947,138.7118377685547,1315000,0.0,0.0,139.50047912597657
2024-02-05 00:00:00-05:00,138.0417011590974,138.36221064041322,136.22548076497438,136.740234375,1632900,0.0,0.0,138.55255737304688
2024-02-06 00:00:00-05:00,136.71107883223743,137.71145003008317,136.0797817997668,137.47836303710938,1885500,0.0,0.0,137.83772888183594
2024-02-07 00:00:00-05:00,137.72119408871012,138.391348941386,136.7985233462787,137.90573120117188,3090600,0.0,0.0,137.79888000488282
2024-02-08 00:00:00-05:00,138.10967197829117,139.12947212011017,137.45894603367125,138.99349975585938,1781100,0.0,0.0,137.96593322753907
2024-02-09 00:00:00-05:00,139.04204953736345,140.29493655751668,138.63413248847925,139.9064483642578,1401700,0.0,0.0,138.2048553466797
2024-02-12 00:00:00-05:00,139.7996316301892,140.83884584484218,138.96436855884232,139.16831970214844,2281600,0.0,0.0,138.6904724121094
2024-02-13 00:00:00-05:00,137.12873389142027,137.97370398029855,135.30280652523334,136.69168090820312,1953300,0.0,0.0,138.53313598632812
2024-02-14 00:00:00-05:00,137.83772146501366,138.84781454552177,137.060730207671,138.69241333007812,2789900,0.0,0.0,138.6904724121094
2024-02-15 00:00:00-05:00,139.26783410835898,141.0525707048487,139.2385773511511,139.62867736816406,2587900,0.59,0.0,138.8175079345703
2024-02-16 00:00:00-05:00,139.67744042698652,140.49665937297578,138.78994579481744,138.87771606445312,1951800,0.0,0.0,138.61176147460938
2024-02-20 00:00:00-05:00,137.551326747376,137.94144155621134,135.91288919434254,136.75161743164062,2012800,0.0,0.0,138.1284210205078
2024-02-21 00:00:00-05:00,136.7809038983635,137.44407689542322,136.303018734227,137.2587890625,1789300,0.0,0.0,138.2418426513672
2024-02-22 00:00:00-05:00,139.9992627980746,140.46738572787675,138.69241155830719,140.07728576660156,1700500,0.0,0.0,138.51881713867186
2024-02-23 00:00:00-05:00,140.4381297209244,140.75996888729802,138.92646632057307,139.5701446533203,1273500,0.0,0.0,138.50711059570312
2024-02-26 00:00:00-05:00,139.62866203303773,140.13580390454564,139.09226340753514,139.258056640625,1963800,0.0,0.0,138.5831787109375
2024-02-27 00:00:00-05:00,140.27233574723914,140.8574856891519,139.53113986827248,140.07728576660156,2799900,0.0,0.0,139.2483123779297
2024-02-28 00:00:00-05:00,139.49213386160451,140.54542171222334,139.14103791139826,139.56040954589844,1634300,0.0,0.0,139.70863647460936
2024-02-29 00:00:00-05:00,140.50641253643346,140.89651251959657,139.53114769716518,140.00901794433594,2693400,0.0,0.0,139.69498291015626
2024-03-01 00:00:00-05:00,139.74570445027993,140.6039423456698,138.7997111645947,140.18458557128906,1626700,0.0,0.0,139.81787109375
2024-03-04 00:00:00-05:00,140.0967802142853,140.54540856254815,139.5018681010235,139.52137756347656,2295700,0.0,0.0,139.87053527832032
2024-03-05 00:00:00-05:00,138.7314411612347,139.76521964229693,136.29327875066818,136.7711639404297,2254300,0.0,0.0,139.20931091308594
2024-03-06 00:00:00-05:00,138.3217950597675,139.71641644651754,137.8439099964624,137.9121856689453,3034400,0.0,0.0,138.87966613769532
2024-03-07 00:00:00-05:00,138.48758994368086,139.5408776247902,138.22426430306388,138.93621826171875,1874200,0.0,0.0,138.66510620117188
2024-03-08 00:00:00-05:00,139.31660747827192,139.7262169815585,136.8979396283475,137.05398559570312,2069100,0.0,0.0,138.0389862060547
2024-03-11 00:00:00-04:00,136.01045252900215,137.96098237241537,136.01045252900215,137.54161071777344,2153500,0.0,0.0,137.64303283691407
2024-03-12 00:00:00-04:00,138.61440318365092,138.61440318365092,136.77115314204576,137.063720703125,1653100,0.0,0.0,137.70154418945313
2024-03-13 00:00:00-04:00,137.5513515362351,138.3608231689195,137.11248531839348,137.8927001953125,1582000,0.0,0.0,137.69764709472656
2024-03-14 00:00:00-04:00,137.49285617070623,137.79518594108993,135.46430317553725,136.00070190429688,1716200,0.0,0.0,137.11054382324218
2024-03-15 00:00:00-04:00,134.74260010507552,136.38103796908905,134.74260010507552,135.71786499023438,2979100,0.0,0.0,136.84331970214845
2024-03-18 00:00:00-04:00,136.6248491223037,137.99022883969425,136.43954641997948,136.53707885742188,2565400,0.0,0.0,136.6424133300781
2024-03-19 00:00:00-04:00,136.40054382637547,137.94146408993922,136.31277356055898,137.1905059814453,2137100,0.0,0.0,136.6677703857422
2024-03-20 00:00:00-04:00,137.50259626249888,138.48760840158653,136.6151016793847,137.8341827392578,1772600,0.0,0.0,136.65606689453125
2024-03-21 00:00:00-04:00,139.14101864452437,141.43289673564772,138.95571596294093,140.42837524414062,3178900,0.0,0.0,137.5416015625
2024-03-22 00:00:00-04:00,140.33086845087902,140.86726713203265,139.5799102972639,139.7652130126953,1526700,0.0,0.0,138.3510711669922
2024-03-25 00:00:00-04:00,140.4381519075426,140.4381519075426,138.08775982145195,138.10726928710938,1757500,0.0,0.0,138.66510925292968
2024-03-26 00:00:00-04:00,138.15601151346553,138.7606709115604,137.94145207258808,138.1267547607422,1625500,0.0,0.0,138.85235900878905
2024-03-27 00:00:00-04:00,139.19955868936768,141.64748317713943,139.19955868936768,141.3451385498047,2502200,0.0,0.0,139.55455017089844
2024-03-28 00:00:00-04:00,142.0473081844548,142.62272571015362,141.27685556185662,141.6474609375,1544800,0.0,0.0,139.79836730957032
2024-04-01 00:00:00-04:00,141.51094077803666,141.6572245582546,140.0675380335343,140.39913940429688,1371200,0.0,0.0,139.92515258789064
2024-04-02 00:00:00-04:00,138.77043808404585,139.80423139336955,138.23405428636252,139.16055297851562,1850300,0.0,0.0,140.13580932617188
2024-04-03 00:00:00-04:00,139.28734052708188,142.16436901337002,139.28734052708188,142.0765838623047,1753900,0.0,0.0,140.92577514648437
2024-04-04 00:00:00-04:00,144.21239697967215,144.30018211892815,140.36010410905322,140.90625,2106800,0.0,0.0,140.83799743652344
2024-04-05 00:00:00-04:00,141.1500749742795,142.18385331522362,139.91149935216893,141.07205200195312,1105700,0.0,0.0,140.72291564941406
2024-04-08 00:00:00-04:00,141.93030122187213,142.09609447087894,140.89652279785238,141.1988525390625,1209800,0.0,0.0,140.8828582763672
2024-04-09 00:00:00-04:00,143.59799563426134,144.31968206784484,142.720248378569,144.21240234375,1541400,0.0,0.0,141.89322814941406
2024-04-10 00:00:00-04:00,142.03757133076394,142.81778618248794,140.59418352795888,141.35488891601562,3264800,0.0,0.0,141.74888916015624
2024-04-11 00:00:00-04:00,142.17411165463267,143.32493194032182,140.1650684020862,143.08111572265625,1322100,0.0,0.0,142.1838623046875
2024-04-12 00:00:00-04:00,141.48167415246778,142.3789159983904,139.2678188509839,139.443359375,1946600,0.0,0.0,141.85812377929688
2024-04-15 00:00:00-04:00,141.10130364512142,141.8425144146922,138.03897277870269,138.50711059570312,1455000,0.0,0.0,141.319775390625
2024-04-16 00:00:00-04:00,138.58514072017164,140.3893717584215,138.32181504468372,139.31658935546875,1794700,0.0,0.0,140.34061279296876
2024-04-17 00:00:00-04:00,140.00902145226672,140.20407144873528,137.44407009869087,137.98046875,1865300,0.0,0.0,139.6657287597656
2024-04-18 00:00:00-04:00,138.24380918171155,139.1215417001616,136.81991578096466,137.00521850585938,2295900,0.0,0.0,138.45054931640624
2024-04-19 00:00:00-04:00,137.17098862084234,137.83417642534147,136.65409946564267,137.07347106933594,4138000,0.0,0.0,137.97657165527343
2024-04-22 00:00:00-04:00,137.97072445836255,140.54542315926372,136.9174365968992,140.21383666992188,3026200,0.0,0.0,138.3179168701172
2024-04-23 00:00:00-04:00,140.4283903716095,142.00831465828026,139.4433633542096,139.6871795654297,2993600,0.0,0.0,138.39203491210938
2024-04-24 00:00:00-04:00,138.44860450922445,139.07277341731825,134.9473923915465,136.53707885742188,5767100,0.0,0.0,138.10335693359374
2024-04-25 00:00:00-04:00,137.8634564395349,137.95122671510742,135.0644507440646,137.00521850585938,3219400,0.0,0.0,138.10335693359374
2024-04-26 00:00:00-04:00,137.6586187235973,138.4485957013583,136.55657963368319,136.74188232421875,2653800,0.0,0.0,138.03703918457032
2024-04-29 00:00:00-04:00,138.00972875495876,139.28733825683594,137.94146795119988,139.28733825683594,1695100,0.0,0.0,137.85173950195312
2024-04-30 00:00:00-04:00,139.0825228080205,139.9017417220049,137.93170253054265,137.98046875,2083900,0.0,0.0,137.5103973388672
2024-05-01 00:00:00-04:00,136.79066417694148,138.4778833493456,135.97144514467024,136.00070190429688,1410200,0.0,0.0,137.4031219482422
2024-05-02 00:00:00-04:00,137.54160355877715,138.25354274778547,134.20619948591067,136.5468292236328,1719700,0.0,0.0,137.3114440917969
2024-05-03 00:00:00-04:00,138.14626121036972,139.40436121099955,136.7906436527371,138.48760986328125,1197900,0.0,0.0,137.66058959960938
2024-05-06 00:00:00-04:00,138.9557424785275,139.31660062044452,137.65863834128837,138.70217895507812,1951400,0.0,0.0,137.5435577392578
2024-05-07 00:00:00-04:00,139.42387221762328,140.47714518052743,139.38485328930184,139.6969451904297,1419700,0.0,0.0,137.88685302734376
2024-05-08 00:00:00-04:00,138.9557166618771,141.3256177298696,138.9557166618771,141.2183380126953,1279900,0.0,0.0,138.93038024902344
2024-05-09 00:00:00-04:00,141.41340872560394,142.7300222766282,140.91602899013498,142.4862060546875,1324100,0.0,0.0,140.11825561523438
2024-05-10 00:00:00-04:00,143.36393677795002,143.54923948541546,142.2716448788202,142.573974609375,1217900,0.0,0.0,140.93552856445314
2024-05-13 00:00:00-04:00,143.18839181688716,144.29043097341972,143.05184045235617,144.1831512451172,1437400,0.0,0.0,142.03172302246094
2024-05-14 00:00:00-04:00,144.82682213958506,145.73381125639642,144.38795595785828,145.59727478027344,1197800,0.0,0.0,143.2117889404297
2024-05-15 00:00:00-04:00,146.2897297957311,147.9769338459275,146.0849176262183,147.713623046875,1341900,0.0,0.0,144.51084594726564
2024-05-16 00:00:00-04:00,147.8794040026202,148.37678368531425,147.23572567346818,147.35275268554688,1506300,0.0,0.0,145.4841552734375
2024-05-17 00:00:00-04:00,147.82089529433645,147.84038987607588,146.84563047840135,147.2747344970703,1048200,0.0,0.0,146.42430725097657
2024-05-20 00:00:00-04:00,147.09921405343133,148.1915060343497,146.48479237348369,147.9379425048828,756000,0.0,0.0,147.17526550292968
2024-05-21 00:00:00-04:00,147.28449119555376,148.54257621355555,147.16744930266645,148.04519653320312,993900,0.0,0.0,147.66484985351562
2024-05-22 00:00:00-04:00,147.74286766095807,149.01069997657646,147.43077578665472,147.90866088867188,1411800,0.0,0.0,147.703857421875
2024-05-23 00:00:00-04:00,149.19177917900805,149.19177917900805,146.7529114542979,146.91941833496094,1753100,0.65,0.0,147.6171905517578
2024-05-24 00:00:00-04:00,147.91845852101585,149.05462387439403,147.58542985039423,147.7715301513672,1180100,0.0,0.0,147.7165496826172
2024-05-28 00:00:00-04:00,148.10456510490545,149.17217588740286,146.98797819711416,147.31118774414062,1290800,0.0,0.0,147.59119873046876
2024-05-29 00:00:00-04:00,145.81261591619557,145.89097473023992,144.35322597268961,144.95069885253906,1452100,0.0,0.0,146.97229919433593
2024-05-30 00:00:00-04:00,145.27390708355313,145.5873273592081,144.1573053175555,145.20533752441406,1179600,0.0,0.0,146.43163452148437
2024-05-31 00:00:00-04:00,144.65684991009243,146.81166488120593,143.5696457050858,146.6255645751953,2167600,0.0,0.0,146.37286376953125
2024-06-03 00:00:00-04:00,146.9194202703971,147.1544967231796,144.88213584919762,146.04769897460938,1600400,0.0,0.0,146.0280975341797
2024-06-04 00:00:00-04:00,145.2739261299539,145.5579637590497,143.95164540400702,145.14659118652344,1161500,0.0,0.0,145.59517822265624
2024-06-05 00:00:00-04:00,145.9007616087932,146.9781615468624,145.11718850675229,146.90960693359375,1205400,0.0,0.0,145.9869598388672
2024-06-06 00:00:00-04:00,146.91940655746785,146.9291958042223,145.93994384708472,146.26316833496094,1089600,0.0,0.0,146.19852600097656
2024-06-07 00:00:00-04:00,145.81263397736885,147.22306291403942,145.42085480403478,146.10647583007812,1548500,0.0,0.0,146.09470825195314
2024-06-10 00:00:00-04:00,145.46981519573689,146.70393290907074,145.46981519573689,146.59619140625,1440600,0.0,0.0,146.20440673828125
2024-06-11 00:00:00-04:00,146.06727206559063,146.50802727591352,145.09759864654893,146.48843383789062,1196400,0.0,0.0,146.4727752685547
2024-06-12 00:00:00-04:00,147.5266967799736,148.86857111189656,146.46887505764613,147.62464904785156,1229300,0.0,0.0,146.61578369140625
2024-06-13 00:00:00-04:00,147.12510776782244,147.51688689368876,145.30330643625425,147.46791076660156,1575300,0.0,0.0,146.8567321777344
2024-06-14 00:00:00-04:00,146.13584978923814,146.99778185357385,141.97313280326048,144.3238525390625,2534300,0.0,0.0,146.50020751953124
2024-06-17 00:00:00-04:00,144.64706134627426,147.15449870683926,143.65780928346823,147.09571838378906,1584300,0.0,0.0,146.60011291503906
2024-06-18 00:00:00-04:00,148.00661017708256,149.64231110348834,147.45811345270874,148.07516479492188,1823400,0.0,0.0,146.9174591064453
2024-06-20 00:00:00-04:00,147.8694978745908,148.8783433476952,146.64516939311304,147.40914916992188,1947800,0.0,0.0,146.87435913085938
2024-06-21 00:00:00-04:00,147.59524783190022,149.20156618373278,146.4786608671558,148.8783416748047,3158500,0.0,0.0,147.1564453125
2024-06-24 00:00:00-04:00,149.22115459836166,150.38670270622808,147.98702197939727,147.996826171875,1674500,0.0,0.0,147.8910400390625
2024-06-25 00:00:00-04:00,147.69318097156375,147.69318097156375,145.0878214243399,146.41989135742188,1588600,0.0,0.0,147.75587463378906
2024-06-26 00:00:00-04:00,145.66570399066285,146.01831118480956,144.13774446449898,144.80377197265625,1879600,0.0,0.0,147.10159606933593
2024-06-27 00:00:00-04:00,145.05845661858763,145.8224364594129,144.78420821138968,145.6559295654297,924000,0.0,0.0,146.7509521484375
2024-06-28 00:00:00-04:00,146.38070684945345,147.92825980747267,145.6559139703541,147.340576171875,1854200,0.0,0.0,146.44339904785156
2024-07-01 00:00:00-04:00,147.32099755100919,147.4972936742879,144.74500570561062,145.42083740234375,1367900,0.0,0.0,145.9282012939453
2024-07-02 00:00:00-04:00,144.98987917643933,147.47772309370114,144.50014776938647,146.86065673828125,1241300,0.0,0.0,146.0163543701172
2024-07-03 00:00:00-04:00,147.0565266338608,147.14467468843497,145.44041918501003,145.72445678710938,767000,0.0,0.0,146.20049133300782
2024-07-05 00:00:00-04:00,145.3130819604654,146.69412790865718,144.62746108224,146.36109924316406,1508500,0.0,0.0,146.34152526855468
2024-07-08 00:00:00-04:00,146.96838407677353,147.7421530493366,146.5374180888488,147.56585693359375,2174100,0.0,0.0,146.38658142089844
2024-07-09 00:00:00-04:00,147.91847410591916,148.2710813066469,146.66476293564634,146.68434143066406,1435500,0.0,0.0,146.6392822265625
2024-07-10 00:00:00-04:00,147.340568126603,150.641367618491,147.0663197637431,150.35731506347656,1507700,0.0,0.0,147.33861389160157
2024-07-11 00:00:00-04:00,151.6110324671345,151.91467847372468,150.78828734419366,151.58164978027344,1601300,0.0,0.0,148.5100524902344
2024-07-12 00:00:00-04:00,152.4239766048979,154.18701240786953,151.89507333671355,152.61007690429688,1272200,0.0,0.0,149.75984802246094
2024-07-15 00:00:00-04:00,153.24673644284061,154.2555818007219,152.7276074762025,152.97247314453125,1613500,0.0,0.0,150.84117126464844
2024-07-16 00:00:00-04:00,153.99113570559257,156.4691752828266,153.23694519869917,156.3810272216797,2015900,0.0,0.0,152.78050842285157
2024-07-17 00:00:00-04:00,154.85306963301397,155.71498670616074,153.79524804989148,153.8246307373047,1864900,0.0,0.0,153.47397155761718
2024-07-18 00:00:00-04:00,153.88338513732617,156.30265919791123,152.98228124828373,153.276123046875,1792300,0.0,0.0,153.8128662109375
2024-07-19 00:00:00-04:00,153.42304578104364,153.8148249059899,147.49729310738374,147.59524536132812,4178600,0.0,0.0,152.80989990234374
2024-07-22 00:00:00-04:00,148.26126288918806,150.2593751500803,146.86063841358126,149.7990264892578,1601400,0.0,0.0,152.17521057128906
2024-07-23 00:00:00-04:00,148.18290791734796,149.58354737463674,147.31118669680868,148.2906494140625,2217200,0.0,0.0,150.55713500976563
2024-07-24 00:00:00-04:00,150.6903501516438,156.69444664968694,149.51498289464078,153.6287384033203,4501600,0.0,0.0,150.51795654296876
2024-07-25 00:00:00-04:00,153.3250906398065,154.72573012867417,151.1996582888954,151.3661651611328,2706700,0.0,0.0,150.1359649658203
2024-07-26 00:00:00-04:00,153.5111990055978,154.24579609864148,152.2574878291032,153.16839599609375,1185200,0.0,0.0,151.25059509277344
2024-07-29 00:00:00-04:00,153.16839575076435,153.45243338363656,151.19966597949428,152.5709228515625,1417900,0.0,0.0,151.8049743652344
2024-07-30 00:00:00-04:00,152.63945379678347,153.17816123633483,149.1329757621019,149.80880737304688,1432600,0.0,0.0,152.10860595703124
2024-07-31 00:00:00-04:00,149.955772051333,153.02148068537284,148.24171202110415,151.16050720214844,2251500,0.0,0.0,151.61495971679688
2024-08-01 00:00:00-04:00,151.85590789764487,152.97249490625194,146.18482478837072,147.22305297851562,1758300,0.0,0.0,150.78633728027344
2024-08-02 00:00:00-04:00,145.06823005139455,145.38165036312958,141.91435876703994,142.41387939453125,1980500,0.0,0.0,148.63543395996095
2024-08-05 00:00:00-04:00,143.81450316274086,143.88305777684954,138.7800657231117,140.49412536621094,2108500,0.0,0.0,146.22007446289064
2024-08-06 00:00:00-04:00,140.8859130443593,143.1386802732358,139.96521570291645,139.99459838867188,1888800,0.0,0.0,144.25723266601562
2024-08-07 00:00:00-04:00,141.80659353536106,142.93296954324805,139.01511915697938,139.05430603027344,2478400,0.0,0.0,141.83599243164062
2024-08-08 00:00:00-04:00,140.04358002872374,140.62147441064093,138.75069696832315,140.51373291015625,2196700,0.0,0.0,140.49412841796874
2024-08-09 00:00:00-04:00,139.82808705490956,141.50297481654823,139.5734321380245,141.0328369140625,1085700,0.0,0.0,140.217919921875
2024-08-12 00:00:00-04:00,141.2973054388697,142.46286862228166,140.93490896670252,141.728271484375,1014800,0.0,0.0,140.46474914550782
2024-08-13 00:00:00-04:00,143.1974572346915,143.7753366952063,142.07108100179545,143.4227294921875,1034900,0.0,0.0,141.15037536621094
2024-08-14 00:00:00-04:00,143.6480215067506,143.6480215067506,142.05149231940783,142.14944458007812,1254300,0.0,0.0,141.76940307617187
2024-08-15 00:00:00-04:00,144.2161049310529,146.13584360807053,143.29540752771314,145.9791259765625,1109400,0.0,0.0,142.86248168945312
2024-08-16 00:00:00-04:00,145.6852825566796,146.47864492615574,145.01924017110758,146.36109924316406,1022100,0.0,0.0,143.92813415527343
2024-08-19 00:00:00-04:00,146.66475451260783,147.48749961858314,145.72446371619662,147.41893005371094,856700,0.0,0.0,145.06626586914064
2024-08-20 00:00:00-04:00,147.09572479410465,148.19273335760127,146.8214763895848,146.99778747558594,760100,0.0,0.0,145.78127746582032
2024-08-21 00:00:00-04:00,148.19269982380592,149.80880719512683,148.09474758203518,149.57374572753906,1492700,0.0,0.0,147.2661376953125
2024-08-22 00:00:00-04:00,149.74027119213562,150.28876794522665,147.3111927921388,147.59524536132812,1412000,0.0,0.0,147.58936157226563
2024-08-23 00:00:00-04:00,148.99210978251162,150.693916873064,148.60846506244113,150.58570861816406,1630300,0.65,0.0,148.4342834472656
2024-08-26 00:00:00-04:00,150.5955456884835,151.6973065989396,149.88727617824821,150.05450439453125,1046400,0.0,0.0,148.96139831542968
2024-08-27 00:00:00-04:00,149.5724911341965,150.11353240306659,148.88389997843518,149.39541625976562,812400,0.0,0.0,149.44092407226563
2024-08-28 00:00:00-04:00,149.68068813727697,150.66439400304222,148.41169916475005,148.7756805419922,933500,0.0,0.0,149.28131103515625
2024-08-29 00:00:00-04:00,149.66102457583912,150.99886528561652,148.56911035675492,149.02162170410156,2295400,0.0,0.0,149.56658630371095
2024-08-30 00:00:00-04:00,150.16271157523173,151.3234924348466,149.424932091547,151.0972442626953,1855700,0.0,0.0,149.66889343261718
2024-09-03 00:00:00-04:00,149.52331170848885,150.36929946724598,145.3720711957691,145.98196411132812,1467400,0.0,0.0,148.85438537597656
2024-09-04 00:00:00-04:00,145.40156821222644,146.26723421661583,144.2604657537424,145.273681640625,1974600,0.0,0.0,148.03003845214843
2024-09-05 00:00:00-04:00,145.75571258646812,145.75571258646812,143.43416588391585,144.67364501953125,1317000,0.0,0.0,147.20963134765626
2024-09-06 00:00:00-04:00,144.52607462340958,145.67700876975906,140.60108252676025,141.04376220703125,1772900,0.0,0.0,145.6140594482422
2024-09-09 00:00:00-04:00,142.66686646560188,143.71943899077883,141.1126093316036,142.46029663085938,1666000,0.0,0.0,143.886669921875
2024-09-10 00:00:00-04:00,142.29305886571012,143.01117501250056,141.27984294370336,141.65365600585938,1849500,0.0,0.0,143.02100830078126
2024-09-11 00:00:00-04:00,141.42739703085465,142.1750080878583,138.30905122642048,141.88973999023438,2665000,0.0,0.0,142.34421997070314
2024-09-12 00:00:00-04:00,141.01425521698556,142.14551106569283,139.97151429198166,141.77169799804688,2422600,0.0,0.0,141.76383056640626
2024-09-13 00:00:00-04:00,142.48980956179815,143.7981252360581,142.09631818481364,143.4636688232422,1896400,0.0,0.0,142.24781188964843
2024-09-16 00:00:00-04:00,143.7390857654203,143.95550224083684,142.5783201337854,143.5030059814453,1510200,0.0,0.0,142.45635375976562
2024-09-17 00:00:00-04:00,144.3785326641321,146.88698594603292,143.92602130329232,145.3720703125,1646300,0.0,0.0,143.20003662109374
2024-09-18 00:00:00-04:00,146.34592612515118,146.35575778016943,143.39480852236218,143.5423583984375,1585400,0.0,0.0,143.5305603027344
2024-09-19 00:00:00-04:00,147.44769908563302,147.78215553985711,146.06066995409043,146.94601440429688,1120400,0.0,0.0,144.56542358398437
2024-09-20 00:00:00-04:00,145.81471042813027,146.3360733152512,144.32932003408976,145.69667053222656,3134000,0.0,0.0,145.01202392578125
2024-09-23 00:00:00-04:00,145.8442324394323,146.58201187004283,145.24417123546263,146.07049560546875,1147600,0.0,0.0,145.52552185058593
2024-09-24 00:00:00-04:00,146.53283352951587,147.5460493784667,145.49009269501073,146.3557586669922,1181500,0.0,0.0,145.72225952148438
2024-09-25 00:00:00-04:00,145.5884761705191,146.01146251127233,142.9127948671129,143.40464782714844,1752300,0.0,0.0,145.69471740722656
2024-09-26 00:00:00-04:00,145.36224050495073,147.25095423259395,145.26386390042416,147.1427459716797,2086100,0.0,0.0,145.73406372070312
2024-09-27 00:00:00-04:00,147.85100430834282,149.19867662944014,146.7295801483421,148.75601196289062,1349200,0.0,0.0,146.34593200683594
2024-09-30 00:00:00-04:00,148.7363397455864,149.27738103142295,146.34594144202026,148.52976989746094,1504300,0.0,0.0,146.83778686523436
2024-10-01 00:00:00-04:00,147.80181440507852,148.41170727191778,144.40803198483107,145.05728149414062,1735900,0.0,0.0,146.57809143066407
2024-10-02 00:00:00-04:00,144.95891485746483,146.7197419698782,143.68994073859466,144.2113037109375,1372100,0.0,0.0,146.7394226074219
2024-10-03 00:00:00-04:00,143.22757813527866,144.30964556698711,142.22419396283328,142.3225555419922,1387900,0.0,0.0,145.77538452148437
2024-10-04 00:00:00-04:00,144.11291126476323,144.16209956074235,141.32902182614274,143.08001708984375,1318900,0.0,0.0,144.640185546875
2024-10-07 00:00:00-04:00,141.88974099221295,142.85376854808115,141.27983314203632,142.2241973876953,1372900,0.0,0.0,143.3790710449219
2024-10-08 00:00:00-04:00,141.8110679559798,143.7981433722622,141.62416140460917,143.6112518310547,1643800,0.0,0.0,143.0898651123047
2024-10-09 00:00:00-04:00,143.6997768781914,145.75571885290782,143.5227019897068,145.02777099609375,1047800,0.0,0.0,143.25315856933594
2024-10-10 00:00:00-04:00,144.0440413368138,145.66716500584639,143.926001437306,144.00469970703125,1197700,0.0,0.0,143.58958740234374
2024-10-11 00:00:00-04:00,143.8178081669548,145.4605953168449,143.37514348755045,145.10646057128906,1213600,0.0,0.0,143.9948760986328
2024-10-14 00:00:00-04:00,144.4867251481529,146.2180421015691,143.93585225434597,145.89341735839844,1325300,0.0,0.0,144.72872009277344
2024-10-15 00:00:00-04:00,146.44427373261044,146.89678499299825,143.54234470212532,143.90631103515625,1066200,0.0,0.0,144.78773193359376
2024-10-16 00:00:00-04:00,143.76860723721,144.16209859223892,142.3324050692956,142.47012329101562,1360400,0.0,0.0,144.2762023925781
2024-10-17 00:00:00-04:00,143.10954506074535,145.52946843170315,142.0176307974121,145.46060180664062,1411800,0.0,0.0,144.5673828125
2024-10-18 00:00:00-04:00,145.9426175938443,147.41817654160755,145.2638580762473,146.5426788330078,3266000,0.0,0.0,144.85462646484376
2024-10-21 00:00:00-04:00,146.4442847840529,146.53282971809185,144.4276998038423,145.32286071777344,1097000,0.0,0.0,144.74051513671876
2024-10-22 00:00:00-04:00,143.93586062903597,144.9687398599402,141.7225222596787,144.4080352783203,1502300,0.0,0.0,144.84085998535156
2024-10-23 00:00:00-04:00,144.40804699668635,146.56236558597104,142.60786317564248,143.09971618652344,2277200,0.0,0.0,144.96677856445314
2024-10-24 00:00:00-04:00,144.19163005234842,144.86054294032593,143.3358106191529,144.47689819335938,1304900,0.0,0.0,144.77003784179686
2024-10-25 00:00:00-04:00,145.6081438912066,146.77875625249408,144.81134455558336,146.70005798339844,1277700,0.0,0.0,144.801513671875
2024-10-28 00:00:00-04:00,147.024683541296,148.6379605414275,146.73940043795025,148.4116973876953,1235700,0.0,0.0,145.41928100585938
2024-10-29 00:00:00-04:00,148.09692089457175,150.26107079432373,147.45750307658486,150.15286254882812,1759100,0.0,0.0,146.56824645996093
2024-10-30 00:00:00-04:00,150.01514921676943,150.5070021650211,144.23095374207793,149.31671142578125,2710700,0.0,0.0,147.8116455078125
2024-10-31 00:00:00-04:00,146.77877113005283,147.3197973934139,143.139047113716,145.01792907714844,2616500,0.0,0.0,147.91985168457032
2024-11-01 00:00:00-04:00,144.43755227336007,148.41171786740023,144.40804229448113,147.57557678222656,1516600,0.0,0.0,148.09495544433594
2024-11-04 00:00:00-05:00,148.18546095608755,148.18546095608755,145.6179878738539,147.65426635742188,1145200,0.0,0.0,147.94346923828124
2024-11-05 00:00:00-05:00,147.33947108899483,149.11014474212635,145.5786441015392,146.70989990234375,1456700,0.0,0.0,147.25487670898437
2024-11-06 00:00:00-05:00,151.16610106829853,154.23525902259775,150.69392638536692,152.2186737060547,2306700,0.0,0.0,147.83526916503905
2024-11-07 00:00:00-05:00,152.74002445711835,153.51714553990746,151.70713022518342,152.67115783691406,1189800,0.0,0.0,149.36591491699218
2024-11-08 00:00:00-05:00,152.86788840503505,154.0680107846066,152.0120690890077,152.53343200683594,1144400,0.0,0.0,150.35748596191405
2024-11-11 00:00:00-05:00,152.22850029419158,153.00562141335462,151.0185461425177,152.50393676757812,1267000,0.0,0.0,151.32742004394532
2024-11-12 00:00:00-05:00,152.76953190468876,153.64502957036964,150.73325345172066,150.8709716796875,1534000,0.0,0.0,152.15963439941407
2024-11-13 00:00:00-05:00,154.34346728432817,154.34346728432817,151.23496769401905,152.2186737060547,1426500,0.0,0.0,152.15963439941407
2024-11-14 00:00:00-05:00,151.4119955160219,152.46456793093898,150.2118732346021,150.75291442871094,1151600,0.0,0.0,151.77598571777344
2024-11-15 00:00:00-05:00,149.60200405871782,149.64134569261,145.66718022238172,145.9327850341797,1722600,0.0,0.0,150.4558563232422
2024-11-18 00:00:00-05:00,145.82457178653826,146.57218288619234,144.99824740147073,145.94261169433594,1297000,0.0,0.0,149.14359130859376
2024-11-19 00:00:00-05:00,144.20145302267417,145.6475019841728,143.27676701897718,144.5555877685547,1813500,0.0,0.0,147.8805145263672
2024-11-20 00:00:00-05:00,145.33270920066192,145.5884673206757,143.02099442495197,145.41140747070312,1013000,0.0,0.0,146.51906127929686
2024-11-21 00:00:00-05:00,145.58848531179396,148.51992493482118,144.92940410518298,148.0674285888672,1088400,0.0,0.0,145.98196411132812
2024-11-22 00:00:00-05:00,147.12882619346334,152.06868746134188,147.12882619346334,150.42864990234375,1715500,0.65,0.0,146.88113708496093
2024-11-25 00:00:00-05:00,151.525322363706,153.71862230061893,150.8139810287471,150.8930206298828,2611600,0.0,0.0,147.8712188720703
2024-11-26 00:00:00-05:00,150.97207194731726,151.29810467408063,147.80068873516515,148.05755615234375,1285600,0.0,0.0,148.5716125488281
2024-11-27 00:00:00-05:00,149.7074503116103,149.7074503116103,147.92909705085256,149.33201599121094,1099600,0.0,0.0,149.3557342529297
2024-11-29 00:00:00-05:00,149.11466625586704,150.17180395403784,148.66020739657412,149.30238342285156,685000,0.0,0.0,149.60272521972655
2024-12-02 00:00:00-05:00,150.91278716762847,153.74826318918164,150.17180785256645,152.47378540039062,1396600,0.0,0.0,150.01175231933593
2024-12-03 00:00:00-05:00,151.31784838641036,152.79980690790762,149.7766139360951,150.0137176513672,1384100,0.0,0.0,149.8358917236328
2024-12-04 00:00:00-05:00,150.41877495925098,151.65374027090328,149.47031496678753,151.3573455810547,911400,0.0,0.0,150.495849609375
2024-12-05 00:00:00-05:00,152.24653032344284,152.80966666890976,150.5076895087852,150.5966033935547,964100,0.0,0.0,150.74876708984374
2024-12-06 00:00:00-05:00,150.62626182575895,152.5725533660003,150.1816622354658,150.5669708251953,1465100,0.0,0.0,151.0016845703125
2024-12-09 00:00:00-05:00,151.67351903227117,152.82944486999006,149.4604555464414,149.6778106689453,1901100,0.0,0.0,150.44248962402344
2024-12-10 00:00:00-05:00,150.39902154205927,151.70315223615833,148.06740627176254,148.44284057617188,1657800,0.0,0.0,150.12831420898436
2024-12-11 00:00:00-05:00,149.28263750973096,150.39903608430998,147.98838098656125,148.0279083251953,1166000,0.0,0.0,149.4624267578125
2024-12-12 00:00:00-05:00,147.21774090069314,149.70743521468611,147.0794253874302,149.49996948242188,1605100,0.0,0.0,149.24309997558595
2024-12-13 00:00:00-05:00,148.6997060802231,150.16191594464843,147.4153541449531,148.28475952148438,1045900,0.0,0.0,148.78665771484376
2024-12-16 00:00:00-05:00,147.5536794806152,149.22334012259338,146.8719761333148,148.14645385742188,1751500,0.0,0.0,148.48038635253906
2024-12-17 00:00:00-05:00,147.82041367412768,148.57128228539233,145.29120694731492,146.17050170898438,2430700,0.0,0.0,148.02591857910156
2024-12-18 00:00:00-05:00,147.02017829152317,148.4724990031839,142.92009864244162,143.0386505126953,2528100,0.0,0.0,147.02806701660157
2024-12-19 00:00:00-05:00,146.48665573181404,147.553667614573,141.78389798092152,142.15933227539062,2965600,0.0,0.0,145.5599395751953
2024-12-20 00:00:00-05:00,140.94413943498793,143.91793078911442,140.5193034842489,141.94198608398438,4368100,0.0,0.0,144.2913848876953
2024-12-23 00:00:00-05:00,140.795931960306,142.74223866526157,140.795931960306,142.37669372558594,1209600,0.0,0.0,143.13743286132814
2024-12-24 00:00:00-05:00,142.60391799769528,144.1056401130177,141.66534732884162,143.74996948242188,412300,0.0,0.0,142.65332641601563
2024-12-26 00:00:00-05:00,143.27574095513097,144.84661322596074,142.900306673325,144.54034423828125,523900,0.0,0.0,142.95366516113282
2024-12-27 00:00:00-05:00,143.48321439102958,144.98493652362507,142.5446437113803,143.23622131347656,692800,0.0,0.0,143.16904296875
2024-12-30 00:00:00-05:00,141.66534588055788,141.9617405822344,139.81784252468265,141.15159606933594,853100,0.0,0.0,143.0109649658203
2024-12-31 00:00:00-05:00,141.62584631475912,142.6829689193241,140.8255760259333,141.2504119873047,824900,0.0,0.0,142.78570861816405
2025-01-02 00:00:00-05:00,141.59619892705066,142.1692096015182,138.15804442867886,138.94842529296875,1269400,0.0,0.0,141.82539978027344
2025-01-03 00:00:00-05:00,139.81785044719095,141.1614934390335,138.1185368082353,140.687255859375,1356400,0.0,0.0,141.05478210449218
2025-01-06 00:00:00-05:00,140.69712676299827,143.83887117072516,140.61808717676328,141.71473693847656,1114400,0.0,0.0,140.7504852294922
2025-01-07 00:00:00-05:00,143.07814702663487,144.68853152658727,141.10220254672174,142.0308837890625,1390800,0.0,0.0,140.9263427734375
2025-01-08 00:00:00-05:00,141.32944267768963,142.44584114247695,140.13398954340877,141.97161865234375,1425600,0.0,0.0,141.07058410644532
2025-01-10 00:00:00-05:00,140.30195529855288,141.10222560692353,138.69157053541684,139.21519470214844,1267000,0.0,0.0,141.12393798828126
2025-01-13 00:00:00-05:00,137.08117159954176,139.9067732892167,136.57731109859472,139.46218872070312,1413400,0.0,0.0,140.87892456054686
2025-01-14 00:00:00-05:00,139.8573645551236,141.57644188475297,138.513721545534,141.18124389648438,1300000,0.0,0.0,140.77222595214843
2025-01-15 00:00:00-05:00,143.78949503293973,144.60951392581634,141.32945342957208,141.74440002441406,2116500,0.0,0.0,140.71492919921874
2025-01-16 00:00:00-05:00,142.66319812652162,143.15718429049886,140.49955139152087,141.9617462158203,1882800,0.0,0.0,140.71295471191405
2025-01-17 00:00:00-05:00,143.62153458269162,145.62711723163218,142.75212917260538,143.9673309326172,4102600,0.0,0.0,141.66338195800782
2025-01-21 00:00:00-05:00,143.45357619982292,147.03004620828588,143.45357619982292,146.51629638671875,2568300,0.0,0.0,143.07420349121094
2025-01-22 00:00:00-05:00,149.5098689988267,154.82516547348308,148.19586386353848,153.22463989257812,3162200,0.0,0.0,145.48288269042968
2025-01-23 00:00:00-05:00,152.9578947520781,155.09190368652344,151.88099337502075,155.09190368652344,1417800,0.0,0.0,148.15238342285156
2025-01-24 00:00:00-05:00,154.56826307399862,154.9239337044431,152.46389232952453,152.82943725585938,1017300,0.0,0.0,150.32592163085937
2025-01-27 00:00:00-05:00,149.10478021929384,150.59661299033638,145.69627874191485,148.44284057617188,2121600,0.0,0.0,151.2210235595703
2025-01-28 00:00:00-05:00,148.9170654581962,148.9170654581962,145.46905166590275,146.66448974609375,1180800,0.0,0.0,151.25066223144532
2025-01-29 00:00:00-05:00,147.62283501573148,147.7413868803034,145.5777399755529,145.93341064453125,2010700,0.0,0.0,149.79241638183595
2025-01-30 00:00:00-05:00,148.19585009005954,148.6898362570264,146.03218826670283,148.0081329345703,1618600,0.0,0.0,148.37566223144532
2025-01-31 00:00:00-05:00,148.66019258074732,149.32213221001646,146.05194632239483,146.1902618408203,1352600,0.0,0.0,147.0478271484375
2025-02-03 00:00:00-05:00,143.52275794131074,144.55024262690543,140.88487338403792,143.31527709960938,1487000,0.0,0.0,146.022314453125
2025-02-04 00:00:00-05:00,142.4458476676244,144.27360256422892,142.4458476676244,143.0287628173828,1411100,0.0,0.0,145.2951690673828
2025-02-05 00:00:00-05:00,143.75983677978928,145.40974862951344,142.96947103939607,144.4613037109375,840300,0.0,0.0,145.00074768066406
2025-02-06 00:00:00-05:00,145.24181143035153,147.04980266084493,144.67867502345857,144.70831298828125,1160600,0.0,0.0,144.34078369140624
2025-02-07 00:00:00-05:00,145.31097952255683,146.21991230352023,143.54250051944177,145.11338806152344,1165500,0.0,0.0,144.1254089355469
2025-02-10 00:00:00-05:00,146.42739250667157,148.16621846165305,145.81483938226208,147.88958740234375,1172200,0.0,0.0,145.04027099609374
2025-02-11 00:00:00-05:00,146.54594067916145,148.51201108536682,146.0914667644427,147.06956481933594,980000,0.0,0.0,145.8484313964844
2025-02-12 00:00:00-05:00,146.20014225454662,146.5064112670719,143.4437060665576,144.7280731201172,2353000,0.0,0.0,145.90178527832032
2025-02-13 00:00:00-05:00,146.21990422475852,151.7031536482392,145.81483195310017,151.3771209716797,2344100,0.0,0.0,147.235546875
2025-02-14 00:00:00-05:00,153.1357150241187,154.51887029100604,149.77661504724276,150.9325408935547,1753700,0.0,0.0,148.39937744140624
2025-02-18 00:00:00-05:00,150.66577806929973,152.9875190401442,149.193693892545,152.56268310546875,1247900,0.0,0.0,149.33399658203126
2025-02-19 00:00:00-05:00,152.77016158723725,154.9832098912753,151.3672427301386,154.17308044433594,1523800,0.0,0.0,150.75469970703125
2025-02-20 00:00:00-05:00,153.46172655175826,153.95571266114706,151.35734090167884,153.90631103515625,1533500,0.0,0.0,152.59034729003906
2025-02-21 00:00:00-05:00,154.23373246507066,155.0869493589879,152.02131188739406,153.2912139892578,1577400,0.65,0.0,152.9731658935547
2025-02-24 00:00:00-05:00,153.77735115583835,154.56111292985383,151.99154663085938,151.99154663085938,1290300,0.0,0.0,153.18496704101562
2025-02-25 00:00:00-05:00,152.36854851790486,152.4379884794242,150.35456255744865,150.74148559570312,1141800,0.0,0.0,152.8207275390625
2025-02-26 00:00:00-05:00,151.96179772734348,152.40824511289006,150.64228691162353,151.51535034179688,1868100,0.0,0.0,152.2891815185547
2025-02-27 00:00:00-05:00,151.35660461666203,154.43215787851133,150.30496831659534,150.5629119873047,1742400,0.0,0.0,151.62050170898436
2025-02-28 00:00:00-05:00,150.15614968195592,152.91421969177313,149.43189705881704,152.81500244140625,2377300,0.0,0.0,151.52525939941407
2025-03-03 00:00:00-05:00,153.77735006112633,154.15435744105662,148.66797964672412,149.4120635986328,1597300,0.0,0.0,151.00936279296874
2025-03-04 00:00:00-05:00,146.8325755989853,149.02514977390538,144.51103715854833,146.87225341796875,2094800,0.0,0.0,150.2355163574219
2025-03-05 00:00:00-05:00,147.55681975225036,150.2950586764741,147.1202880316681,149.5906524658203,1289300,0.0,0.0,149.85057678222657
2025-03-06 00:00:00-05:00,147.27902741292138,148.29098591944427,145.40393628701528,146.128173828125,1233200,0.0,0.0,148.96362915039063
2025-03-07 00:00:00-05:00,145.64204346605726,150.10654743044876,145.3047290219703,149.6204071044922,1828800,0.0,0.0,148.3247100830078
2025-03-10 00:00:00-04:00,147.72547301957826,150.8010263223124,146.08849424974014,146.88218688964844,1799400,0.0,0.0,147.81873474121093
2025-03-11 00:00:00-04:00,147.08060395292998,147.1401282507625,142.7153172096981,143.41970825195312,1512000,0.0,0.0,147.12822570800782
2025-03-12 00:00:00-04:00,143.04271020914206,144.6598577187549,141.68352152492244,142.05059814453125,1581100,0.0,0.0,145.62021484375
2025-03-13 00:00:00-04:00,141.38588171659723,143.69750459206617,139.9770844329607,140.10606384277344,1421400,0.0,0.0,144.4157928466797
2025-03-14 00:00:00-04:00,141.99105519591936,145.24518112942258,141.54460785315965,144.7292938232422,1492500,0.0,0.0,143.43757019042968
2025-03-17 00:00:00-04:00,143.9852186144748,146.5250228983944,143.2212881399055,145.58251953125,1160200,0.0,0.0,143.17763671875
2025-03-18 00:00:00-04:00,145.76109290123563,147.00123289849475,144.1935541280888,145.70156860351562,1092100,0.0,0.0,143.6340087890625
2025-03-19 00:00:00-04:00,146.47540331814875,147.8643539512986,145.3840741503692,146.59445190429688,2100900,0.0,0.0,144.54277954101562
2025-03-20 00:00:00-04:00,145.53291396873755,146.59446595328816,144.69954350898095,145.1261444091797,1923700,0.0,0.0,145.5467956542969
2025-03-21 00:00:00-04:00,143.320510456711,145.18567077822505,142.54664914627023,145.0170135498047,4288300,0.0,0.0,145.60433959960938
2025-03-24 00:00:00-04:00,146.38612720809402,148.3008960830801,145.67180536394702,147.80484008789062,1802100,0.0,0.0,146.0488037109375
2025-03-25 00:00:00-04:00,147.97349504942406,149.64025103978412,146.8623344814689,149.61048889160156,2867700,0.0,0.0,146.8305877685547
2025-03-26 00:00:00-04:00,149.76923097457592,150.62244788184694,146.21746827400244,148.55885314941406,2166500,0.0,0.0,147.2234680175781
2025-03-27 00:00:00-04:00,148.10248149170735,148.2215300900975,144.60032726373538,145.94960021972656,1903100,0.0,0.0,147.3881591796875
2025-03-28 00:00:00-04:00,144.84834913499535,145.19559438349816,140.31439011822874,141.00888061523438,1544600,0.0,0.0,146.58653259277344
2025-03-31 00:00:00-04:00,139.61991889827948,141.71327584446288,138.60797554796687,140.2052764892578,2424600,0.0,0.0,145.06661987304688
2025-04-01 00:00:00-04:00,140.48305876760165,140.97911474469285,138.5385126764962,139.59014892578125,1341900,0.0,0.0,143.06255187988282
2025-04-02 00:00:00-04:00,138.25080612576133,142.09027452346263,138.25080612576133,141.1676025390625,1555000,0.0,0.0,141.5843017578125
2025-04-03 00:00:00-04:00,135.869733678954,137.08011151494313,128.92494976550765,128.9547119140625,2922300,0.0,0.0,138.1853240966797
2025-04-04 00:00:00-04:00,126.07759719404876,126.07759719404876,120.03563106220767,121.03766632080078,4119600,0.0,0.0,134.19108123779296
2025-04-07 00:00:00-04:00,116.83111231674832,126.91096639370937,115.38262969169668,122.52583312988281,3531700,0.0,0.0,130.65519256591796
2025-04-08 00:00:00-04:00,126.5240433466607,128.3197636615114,119.41060205593293,121.35514068603516,3127600,0.0,0.0,127.00819091796875
2025-04-09 00:00:00-04:00,119.64870094763728,134.30219127685214,119.11295958054892,132.80410766601562,3126200,0.0,0.0,125.33549194335937
2025-04-10 00:00:00-04:00,131.1075919410128,131.1075919410128,122.30756353349025,126.345458984375,2103800,0.0,0.0,124.81364135742187
2025-04-11 00:00:00-04:00,126.12719569754242,127.99236353059148,123.26991586557524,126.94072723388672,2465400,0.0,0.0,125.99425354003907
2025-04-14 00:00:00-04:00,130.05596440163885,130.39327886386076,126.83160025400515,128.92495727539062,2226400,0.0,0.0,127.27407836914062
2025-04-15 00:00:00-04:00,128.25031389536838,130.35358635030607,127.76417359807026,128.51817321777344,1811100,0.0,0.0,128.7066848754883
2025-04-16 00:00:00-04:00,126.40498892544547,128.2205556355876,124.43068066789232,125.89900970458984,1863100,0.0,0.0,127.32566528320312
2025-04-17 00:00:00-04:00,126.59349508285938,129.47062151935452,126.02799152152042,128.22056579589844,2517700,0.0,0.0,127.70068664550782
2025-04-21 00:00:00-04:00,126.90105032452463,128.04197307608803,125.53193091190627,127.73442077636719,2159500,0.0,0.0,127.8594253540039
2025-04-22 00:00:00-04:00,128.56778607195983,133.04222072830052,128.56778607195983,132.3973388671875,3447000,0.0,0.0,128.55390167236328
2025-04-23 00:00:00-04:00,139.8679445609704,142.83436487043826,134.47085289587594,134.98675537109375,3325100,0.0,0.0,129.84761810302734
2025-04-24 00:00:00-04:00,137.4868882954556,142.55658142449465,136.7725664157079,142.38792419433594,2544600,0.0,0.0,133.14540100097656
2025-04-25 00:00:00-04:00,141.97122986166158,143.4693134960171,141.34619447230568,143.231201171875,1464500,0.0,0.0,136.14752807617188
2025-04-28 00:00:00-04:00,143.4296354132151,144.63999809469544,142.1200403404911,143.75701904296875,1485900,0.0,0.0,139.3520477294922
2025-04-29 00:00:00-04:00,143.07247352018382,144.77889217724206,142.51687810200357,144.10426330566406,1368400,0.0,0.0,141.6934326171875
2025-04-30 00:00:00-04:00,141.9712309593651,145.6817200907641,141.3263490867377,145.22535705566406,2055200,0.0,0.0,143.74115295410155
2025-05-01 00:00:00-04:00,146.22737946685564,147.14012064275815,144.99715520102515,145.20550537109375,1504000,0.0,0.0,144.30466918945314
2025-05-02 00:00:00-04:00,147.1897370018777,149.26324744973047,146.65400318250803,148.74734497070312,1370300,0.0,0.0,145.40789794921875
2025-05-05 00:00:00-04:00,147.32862680068467,149.9577174525314,147.32862680068467,148.66798400878906,1525800,0.0,0.0,146.3900909423828
2025-05-06 00:00:00-04:00,146.76310996765545,148.5191523156852,146.58453708739478,147.35838317871094,1348200,0.0,0.0,147.0409149169922
2025-05-07 00:00:00-04:00,147.7155542031679,149.04498064210367,146.63415576276915,148.50924682617188,1482100,0.0,0.0,147.69769287109375
2025-05-08 00:00:00-04:00,149.92796245061618,152.84477418885152,148.59853598739113,150.92007446289062,1772900,0.0,0.0,148.84060668945312
2025-05-09 00:00:00-04:00,151.95187767355984,153.05312259996907,151.06889859839768,151.67408752441406,2077200,0.0,0.0,149.42595520019532
2025-05-12 00:00:00-04:00,154.53136382888997,159.8788470472635,153.6384690602316,159.71018981933594,2245200,0.0,0.0,151.6343963623047
2025-05-13 00:00:00-04:00,160.1169426424605,162.1011664883989,159.1248307194913,161.1090545654297,1715200,0.0,0.0,154.38453063964843
2025-05-14 00:00:00-04:00,160.62293011373876,161.1487482736937,159.34311226780244,159.4720916748047,1712800,0.0,0.0,156.577099609375
2025-05-15 00:00:00-04:00,158.92643194397746,162.3194533433262,158.64864178064565,161.83331298828125,2049500,0.0,0.0,158.75974731445314
2025-05-16 00:00:00-04:00,162.0614906176061,162.81549023827935,160.74197992760784,162.69644165039062,1411900,0.0,0.0,160.96421813964844
2025-05-19 00:00:00-04:00,160.34512619373209,162.68651096737798,159.44231583750462,161.58526611328125,1185800,0.0,0.0,161.3392333984375
2025-05-20 00:00:00-04:00,161.43646057996978,162.25991532969425,160.48402643015976,161.60511779785156,1504800,0.0,0.0,161.43844604492188
2025-05-21 00:00:00-04:00,160.67841778089505,162.14320829425046,158.83496938648952,158.944580078125,1939400,0.71,0.0,161.33294372558595
2025-05-22 00:00:00-04:00,158.79511203450596,159.6321308100647,158.03781150491008,158.34671020507812,1244100,0.0,0.0,160.6356231689453
2025-05-23 00:00:00-04:00,154.8192558114838,157.83851416807076,154.8192558114838,157.00149536132812,1299000,0.0,0.0,159.49663391113282
2025-05-27 00:00:00-04:00,159.5424606717082,161.20653921880148,158.1175216685747,160.79798889160156,1369600,0.0,0.0,159.33917846679688
2025-05-28 00:00:00-04:00,161.50548055921462,161.8143792765595,159.60224724335882,159.72181701660156,1094000,0.0,0.0,158.96251831054687
2025-05-29 00:00:00-04:00,160.70830877005014,161.81437475574893,159.58230942113394,160.97735595703125,1988200,0.0,0.0,159.36907348632812
2025-05-30 00:00:00-04:00,160.0307293524527,160.55884945197576,158.26699919109578,159.5026092529297,2444700,0.0,0.0,159.60025329589843
2025-06-02 00:00:00-04:00,158.78515315782778,159.7517159848952,157.52960978818928,159.3032989501953,1437100,0.0,0.0,160.06061401367188
2025-06-03 00:00:00-04:00,158.98444948318192,162.30264752618965,158.84494634645046,161.3560028076172,1471900,0.0,0.0,160.172216796875
2025-06-04 00:00:00-04:00,162.4222100246483,162.60156467611236,160.72823909600626,161.49551391601562,1187900,0.0,0.0,160.5269561767578
2025-06-05 00:00:00-04:00,161.9439169219978,163.07987533693145,160.92752827557266,161.74462890625,1605900,0.0,0.0,160.68041076660157
2025-06-06 00:00:00-04:00,163.61795862571805,164.56458812791618,163.030053642792,164.0663604736328,1149100,0.0,0.0,161.5931610107422
2025-06-09 00:00:00-04:00,164.903388601847,166.0094545630609,164.07632890069598,165.4115753173828,1647100,0.0,0.0,162.8148162841797
2025-06-10 00:00:00-04:00,166.10910013494018,166.4080397742774,164.28558506015486,165.80020141601562,3741700,0.0,0.0,163.7036560058594
2025-06-11 00:00:00-04:00,166.3980703305883,167.34469979227734,164.82366918586195,165.16246032714844,1431600,0.0,0.0,164.43704528808593
2025-06-12 00:00:00-04:00,165.2621131083137,165.66068913563188,163.62792706878784,165.4115753173828,1380200,0.0,0.0,165.1704345703125
2025-06-13 00:00:00-04:00,162.67133557758206,164.82368277860994,161.75459848189286,162.04356384277344,1106500,0.0,0.0,164.76587524414063
2025-06-16 00:00:00-04:00,164.12616267215648,165.3617575396405,163.37882118113245,164.9033966064453,894600,0.0,0.0,164.66423950195312
2025-06-17 00:00:00-04:00,164.2257972859028,164.9133538828797,162.32256399377565,163.0798797607422,1579400,0.0,0.0,164.12017517089845
2025-06-18 00:00:00-04:00,163.7973268930358,165.43151297498736,162.7809382308765,163.19944763183594,1450000,0.0,0.0,163.72757263183593
2025-06-20 00:00:00-04:00,164.05640383574735,164.63434974788126,161.76455355099597,162.6215057373047,2765100,0.0,0.0,163.1695587158203
2025-06-23 00:00:00-04:00,161.92398464919142,165.33185991693642,161.59515257887816,165.2322235107422,1600300,0.0,0.0,163.80729064941406
2025-06-24 00:00:00-04:00,166.35821253583836,166.89630692295674,165.5211937166559,165.88987731933594,1368800,0.0,0.0,164.00458679199218
2025-06-25 00:00:00-04:00,166.75680230600506,167.8927607518684,165.52119224720403,167.2749481201172,1465000,0.0,0.0,164.84360046386718
2025-06-26 00:00:00-04:00,168.15183550908347,169.6265851276393,167.20520599456523,168.45077514648438,2384700,0.0,0.0,165.89386596679688
2025-06-27 00:00:00-04:00,168.93902193943313,169.39739805954503,165.98952281726417,166.2784881591797,2756500,0.0,0.0,166.62526245117186
2025-06-30 00:00:00-04:00,167.90271746126749,168.72977718193164,166.13898732913546,168.07211303710938,2182800,0.0,0.0,167.1932403564453
2025-07-01 00:00:00-04:00,167.60377316647973,170.8223194272965,166.77671346883503,169.66644287109375,1418800,0.0,0.0,167.94855346679688
2025-07-02 00:00:00-04:00,169.48707968281178,172.96471418130568,168.89917470024017,172.79531860351562,1563000,0.0,0.0,169.05262756347656
2025-07-03 00:00:00-04:00,173.38323007451496,174.4095778637523,172.81524322946223,173.6721954345703,585000,0.0,0.0,170.09691162109374
2025-07-07 00:00:00-04:00,172.69566184214642,173.8216611720823,169.97534318981826,170.53335571289062,1341300,0.0,0.0,170.94788513183593
2025-07-08 00:00:00-04:00,171.72910928980843,172.72556462773892,170.32410361419804,171.81878662109375,1498300,0.0,0.0,171.6972198486328
2025-07-09 00:00:00-04:00,172.07787637208304,172.70564810643808,170.6629116033654,172.0380096435547,1586200,0.0,0.0,172.171533203125
2025-07-10 00:00:00-04:00,173.01454502611807,174.68858269399513,172.0280487688108,174.40957641601562,1723100,0.0,0.0,172.494384765625
2025-07-11 00:00:00-04:00,176.19324288953098,177.46870452552915,174.36972776821278,176.48220825195312,1542500,0.0,0.0,173.05638732910157
2025-07-14 00:00:00-04:00,176.93060946394175,176.93060946394175,174.6088666745245,175.5554962158203,1227900,0.0,0.0,174.0608154296875
2025-07-15 00:00:00-04:00,176.93059554408416,177.64804455581572,174.74835606712574,174.818115234375,1656300,0.0,0.0,174.66068115234376
2025-07-16 00:00:00-04:00,174.857972363984,175.9441202001429,172.92484664284953,175.75479125976562,1703100,0.0,0.0,175.40403747558594
2025-07-17 00:00:00-04:00,175.2764816758778,178.43525836580508,174.65868425366298,177.0501708984375,1699800,0.0,0.0,175.93215637207032
2025-07-18 00:00:00-04:00,177.79750744343718,179.11283570486702,177.45871629902072,178.33560180664062,4341900,0.0,0.0,176.3028350830078
2025-07-21 00:00:00-04:00,177.89716579481964,180.1092978058233,177.24947592331827,178.87368774414062,2000200,0.0,0.0,176.9664733886719
2025-07-22 00:00:00-04:00,178.3057163338835,180.64737719914615,176.58185289784484,179.83029174804688,2970900,0.0,0.0,177.96890869140626
2025-07-23 00:00:00-04:00,186.4467516981636,201.5530176877549,186.33714100703025,201.32382202148438,4808600,0.0,0.0,183.08271484375
2025-07-24 00:00:00-04:00,200.21775618784818,205.61855729552565,198.85261729196324,204.8712158203125,3270100,0.0,0.0,188.646923828125
2025-07-25 00:00:00-04:00,206.15664358979043,207.43210520184203,202.73880908999487,207.32249450683594,2069200,0.0,0.0,194.44430236816407
2025-07-28 00:00:00-04:00,205.99719725929103,209.30543611095118,205.03063441436026,208.5979461669922,2291900,0.0,0.0,200.38915405273437
2025-07-29 00:00:00-04:00,211.0591997974514,212.00582931455224,207.40221058200407,208.42855834960938,1558000,0.0,0.0,206.1088073730469
2025-07-30 00:00:00-04:00,207.69116919738983,208.65773204693184,205.0804611980542,205.94737243652344,2662700,0.0,0.0,207.03351745605468
2025-07-31 00:00:00-04:00,205.41925169279705,207.62142457099085,203.98436884895386,205.0206756591797,1854000,0.0,0.0,207.06340942382812
2025-08-01 00:00:00-04:00,201.14447417276767,202.111037062371,198.53376606522556,201.21421813964844,2931400,0.0,0.0,205.8417541503906
2025-08-04 00:00:00-04:00,204.0242274789249,204.09398664982405,202.15088660531111,203.27688598632812,1819300,0.0,0.0,204.7775421142578
2025-08-05 00:00:00-04:00,204.08401560703882,204.08401560703882,199.86901377916263,200.81564331054688,2062200,0.0,0.0,203.2549591064453
2025-08-06 00:00:00-04:00,202.02134847745944,202.3800729856246,198.64336569419652,199.34088134765625,1798400,0.0,0.0,201.93366088867188
2025-08-07 00:00:00-04:00,201.12454191303453,201.12454191303453,198.51383379115867,199.2113494873047,1274900,0.0,0.0,200.77179565429688
2025-08-08 00:00:00-04:00,200.6661740262355,202.5195815002442,199.59000047313032,201.2640380859375,1435400,0.0,0.0,200.7817596435547
2025-08-11 00:00:00-04:00,201.33380518668372,202.11103913820503,198.64337880028677,199.1515655517578,1311300,0.0,0.0,199.95669555664062
2025-08-12 00:00:00-04:00,200.3971235303889,203.59575169417954,199.49034556939552,203.4163818359375,1334400,0.0,0.0,200.47684326171876
2025-08-13 00:00:00-04:00,204.62210636635285,206.48547295218492,203.6854359313245,205.5587615966797,1391700,0.0,0.0,201.72041931152344
2025-08-14 00:00:00-04:00,203.2370336053132,206.54525735879494,201.77224306963228,206.23635864257812,1499700,0.0,0.0,203.12542114257812
2025-08-15 00:00:00-04:00,206.5253300077593,207.96022814201353,201.17436965307962,201.99147033691406,1870200,0.0,0.0,203.27090759277343
2025-08-18 00:00:00-04:00,202.0014290675094,203.7252925597117,201.7921667546666,202.9779510498047,1404200,0.0,0.0,204.03618469238282
2025-08-19 00:00:00-04:00,202.7687037404596,203.7252923575583,202.2306093392274,202.66905212402344,1118600,0.0,0.0,203.88671875
2025-08-20 00:00:00-04:00,201.26403977521016,201.95159637363446,197.2981518885051,200.8355712890625,2273000,0.0,0.0,202.94208068847655
2025-08-21 00:00:00-04:00,200.2177528273364,201.67258423140157,199.18144602250302,199.58999633789062,1677700,0.0,0.0,201.61280822753906
2025-08-22 00:00:00-04:00,200.99000549316406,205.5500030517578,200.5500030517578,205.0,1818900,0.71,0.0,202.21451416015626
2025-08-25 00:00:00-04:00,205.19000244140625,206.50999450683594,204.7899932861328,205.1300048828125,1315700,0.0,0.0,202.64492492675782
2025-08-26 00:00:00-04:00,204.88999938964844,207.35000610351562,204.33999633789062,206.91000366210938,2094500,0.0,0.0,203.493115234375
2025-08-27 00:00:00-04:00,206.33999633789062,207.99000549316406,205.63999938964844,207.57000732421875,1573400,0.0,0.0,204.84000244140626
2025-08-28 00:00:00-04:00,208.61000061035156,209.5,207.10000610351562,208.0399932861328,1678000,0.0,0.0,206.53000183105468
2025-08-29 00:00:00-04:00,206.8300018310547,208.07000732421875,205.3000030517578,206.5,1331400,0.0,0.0,206.8300018310547
2025-09-02 00:00:00-04:00,202.75,204.63999938964844,201.02000427246094,204.55999755859375,1946900,0.0,0.0,206.71600036621095
2025-09-03 00:00:00-04:00,205.47999572753906,207.0,204.00999450683594,205.97999572753906,1511400,0.0,0.0,206.52999877929688
2025-09-04 00:00:00-04:00,206.13999938964844,208.6699981689453,204.6300048828125,208.5399932861328,1512600,0.0,0.0,206.7239959716797
2025-09-05 00:00:00-04:00,209.3800048828125,209.9199981689453,206.7100067138672,208.74000549316406,1047900,0.0,0.0,206.86399841308594
2025-09-08 00:00:00-04:00,209.2100067138672,209.80999755859375,207.16000366210938,207.8699951171875,1110600,0.0,0.0,207.13799743652345
2025-09-09 00:00:00-04:00,207.4600067138672,209.02999877929688,206.27000427246094,208.64999389648438,1232300,0.0,0.0,207.95599670410155
2025-09-10 00:00:00-04:00,209.25999450683594,212.10000610351562,209.25999450683594,210.35000610351562,1359300,0.0,0.0,208.8299987792969
2025-09-11 00:00:00-04:00,211.0500030517578,215.22000122070312,209.5,212.39999389648438,1699800,0.0,0.0,209.60199890136718
2025-09-12 00:00:00-04:00,211.3800048828125,212.35000610351562,209.5,209.82000732421875,1576700,0.0,0.0,209.81799926757813
2025-09-15 00:00:00-04:00,210.05999755859375,212.94000244140625,209.82000732421875,211.14999389648438,1184000,0.0,0.0,210.4739990234375
2025-09-16 00:00:00-04:00,211.9600067138672,213.2899932861328,210.0,212.55999755859375,1487300,0.0,0.0,211.25599975585936
2025-09-17 00:00:00-04:00,212.7100067138672,215.1699981689453,211.33999633789062,213.8300018310547,2380100,0.0,0.0,211.95199890136718
2025-09-18 00:00:00-04:00,214.83999633789062,218.75999450683594,213.7100067138672,217.30999755859375,1898500,0.0,0.0,212.93399963378906
2025-09-19 00:00:00-04:00,217.8000030517578,218.2100067138672,214.47999572753906,216.1699981689453,4017200,0.0,0.0,214.20399780273436
2025-09-22 00:00:00-04:00,215.00999450683594,218.75,213.69000244140625,218.58999633789062,1019900,0.0,0.0,215.69199829101564
2025-09-23 00:00:00-04:00,219.5500030517578,221.0,218.02000427246094,219.66000366210938,1092800,0.0,0.0,217.11199951171875
2025-09-24 00:00:00-04:00,220.3300018310547,220.57000732421875,214.36000061035156,215.55999755859375,2294500,0.0,0.0,217.45799865722657
2025-09-25 00:00:00-04:00,211.8000030517578,214.7100067138672,210.8000030517578,214.47000122070312,2108300,0.0,0.0,216.88999938964844
2025-09-26 00:00:00-04:00,215.10000610351562,217.3800048828125,213.2899932861328,217.0399932861328,1673500,0.0,0.0,217.06399841308593
2025-09-29 00:00:00-04:00,219.5500030517578,219.75,216.55999755859375,217.77999877929688,1181300,0.0,0.0,216.9019989013672
2025-09-30 00:00:00-04:00,217.77999877929688,219.61000061035156,217.1999969482422,219.52999877929688,1317800,0.0,0.0,216.8759979248047
2025-10-01 00:00:00-04:00,217.63999938964844,222.00999450683594,217.27000427246094,221.69000244140625,1613200,0.0,0.0,218.10199890136718
2025-10-02 00:00:00-04:00,223.3800048828125,223.75,220.8300018310547,221.11000061035156,1213200,0.0,0.0,219.42999877929688
2025-10-03 00:00:00-04:00,221.1699981689453,224.97000122070312,220.72999572753906,220.83999633789062,1990700,0.0,0.0,220.18999938964845
2025-10-06 00:00:00-04:00,223.7899932861328,225.25999450683594,222.69000244140625,222.9600067138672,1694600,0.0,0.0,221.2260009765625
2025-10-07 00:00:00-04:00,223.67999267578125,224.63999938964844,219.39999389648438,222.07000732421875,1256200,0.0,0.0,221.73400268554687
2025-10-08 00:00:00-04:00,223.3000030517578,225.27000427246094,221.0800018310547,224.42999267578125,1343400,0.0,0.0,222.28200073242186
2025-10-09 00:00:00-04:00,225.67999267578125,226.39999389648438,220.5,222.4600067138672,1293800,0.0,0.0,222.552001953125
2025-10-10 00:00:00-04:00,223.91000366210938,224.25,214.2899932861328,214.57000732421875,1153300,0.0,0.0,221.29800415039062
2025-10-13 00:00:00-04:00,218.69000244140625,220.17999267578125,217.13999938964844,219.3800048828125,1477000,0.0,0.0,220.58200378417968
2025-10-14 00:00:00-04:00,215.6300048828125,222.1199951171875,212.32000732421875,220.64999389648438,1318000,0.0,0.0,220.29800109863282
2025-10-15 00:00:00-04:00,224.60000610351562,226.10000610351562,221.41000366210938,222.69000244140625,1306500,0.0,0.0,219.95000305175782
2025-10-16 00:00:00-04:00,224.88999938964844,226.5,221.52000427246094,224.19000244140625,1139100,0.0,0.0,220.29600219726564
2025-10-17 00:00:00-04:00,223.1999969482422,224.52999877929688,222.08999633789062,222.97999572753906,1343700,0.0,0.0,221.97799987792968
2025-10-20 00:00:00-04:00,225.0,226.9600067138672,224.07000732421875,225.9600067138672,1799800,0.0,0.0,223.29400024414062
2025-10-21 00:00:00-04:00,230.35000610351562,234.5,227.61000061035156,228.22000122070312,2851700,0.0,0.0,224.80800170898436
2025-10-22 00:00:00-04:00,234.5,237.5,227.2899932861328,229.10000610351562,3134400,0.0,0.0,226.09000244140626
2025-10-23 00:00:00-04:00,230.08999633789062,234.67999267578125,230.08999633789062,234.08999633789062,1432300,0.0,0.0,228.07000122070312
2025-10-24 00:00:00-04:00,236.4199981689453,237.6300048828125,235.44000244140625,235.64999389648438,1365900,0.0,0.0,230.6040008544922
2025-10-27 00:00:00-04:00,237.24000549316406,238.99000549316406,235.86000061035156,236.74000549316406,2259700,0.0,0.0,232.76000061035157
2025-10-28 00:00:00-04:00,237.83999633789062,239.75,233.83999633789062,236.5399932861328,2948000,0.0,0.0,234.4239990234375
2025-10-29 00:00:00-04:00,244.0800018310547,246.1300048828125,236.2100067138672,240.75999450683594,3133300,0.0,0.0,236.75599670410156
2025-10-30 00:00:00-04:00,240.9600067138672,247.33999633789062,240.0,243.4499969482422,1617100,0.0,0.0,238.62799682617188
2025-10-31 00:00:00-04:00,244.5399932861328,247.9199981689453,243.9600067138672,247.00999450683594,2441900,0.0,0.0,240.89999694824218
2025-11-03 00:00:00-05:00,248.57000732421875,248.58999633789062,245.0,246.8699951171875,1820100,0.0,0.0,242.92599487304688
2025-11-04 00:00:00-05:00,243.55999755859375,246.02999877929688,241.91000366210938,243.5500030517578,2070300,0.0,0.0,244.32799682617187
2025-11-05 00:00:00-05:00,243.27000427246094,250.6699981689453,242.52999877929688,249.0,2002400,0.0,0.0,245.9759979248047
2025-11-06 00:00:00-05:00,249.2100067138672,249.8699951171875,241.61000061035156,242.5,1941300,0.0,0.0,245.78599853515624
2025-11-07 00:00:00-05:00,239.38999938964844,242.5500030517578,237.27999877929688,242.4199981689453,1936500,0.0,0.0,244.8679992675781
2025-11-10 00:00:00-05:00,245.5,249.0399932861328,243.0399932861328,247.75999450683594,1681200,0.0,0.0,245.0459991455078
2025-11-11 00:00:00-05:00,246.5,247.47999572753906,245.0399932861328,247.16000366210938,1556600,0.0,0.0,245.76799926757812
2025-11-12 00:00:00-05:00,247.30999755859375,249.52999877929688,246.3000030517578,246.32000732421875,2449900,0.0,0.0,245.23200073242188
2025-11-13 00:00:00-05:00,244.25999450683594,245.42999267578125,235.3000030517578,236.27999877929688,2018400,0.0,0.0,243.98800048828124
2025-11-14 00:00:00-05:00,232.9199981689453,240.52000427246094,230.58999633789062,237.3300018310547,2006100,0.0,0.0,242.97000122070312
2025-11-17 00:00:00-05:00,236.57000732421875,238.9199981689453,232.49000549316406,234.2100067138672,1855100,0.0,0.0,240.26000366210937
2025-11-18 00:00:00-05:00,232.99000549316406,233.6999969482422,229.86000061035156,231.5399932861328,2217500,0.0,0.0,237.13600158691406
2025-11-19 00:00:00-05:00,230.8800048828125,235.8300018310547,230.0,233.0399932861328,1621300,0.0,0.0,234.47999877929686
2025-11-20 00:00:00-05:00,238.5,239.36000061035156,213.8800048828125,214.49000549316406,4106700,0.0,0.0,230.12200012207032
2025-11-21 00:00:00-05:00,214.1999969482422,220.9199981689453,213.55999755859375,218.92999267578125,2760300,0.0,0.0,226.44199829101564
2025-11-24 00:00:00-05:00,219.9600067138672,222.3000030517578,218.85000610351562,220.22999572753906,3841700,0.0,0.0,223.64599609375
2025-11-25 00:00:00-05:00,222.44000244140625,224.17999267578125,219.4199981689453,222.25999450683594,1583000,0.0,0.0,221.7899963378906
2025-11-26 00:00:00-05:00,222.25999450683594,226.94000244140625,222.25999450683594,224.72999572753906,1533000,0.0,0.0,220.12799682617188
2025-11-28 00:00:00-05:00,226.39999389648438,227.63999938964844,225.07000732421875,226.14999389648438,611600,0.0,0.0,222.45999450683593
