Date,Open,High,Low,Close,Volume,Dividends,Stock Splits,MA5
2021-01-08 00:00:00-05:00,130.20265700853292,130.8102515533115,127.83106141840076,129.50685119628906,1340800,0.0,0.0,122.52924957275391
2021-01-11 00:00:00-05:00,129.35005251462516,133.72083897511223,127.90945302086757,132.98583984375,2108600,0.0,0.0,125.76520690917968
2021-01-12 00:00:00-05:00,133.65220137632494,136.73919069670868,133.32880007408437,134.34799194335938,1478900,0.0,0.0,128.82279510498046
2021-01-13 00:00:00-05:00,133.82863123910963,134.59302909256368,132.64284108724146,133.2994384765625,1452800,0.0,0.0,131.4903533935547
2021-01-14 00:00:00-05:00,135.44561670235768,136.75881127256162,133.94620504701464,135.62200927734375,1563000,0.0,0.0,133.15242614746094
2021-01-15 00:00:00-05:00,135.23982915046557,135.80823022683362,132.07443733634153,134.5538330078125,1733900,0.0,0.0,134.1618225097656
2021-01-19 00:00:00-05:00,136.44522299023814,138.73843145038572,136.24922622921207,137.81723022460938,1875000,0.0,0.0,135.1281005859375
2021-01-20 00:00:00-05:00,140.4141921789478,140.53178722074603,135.1320005500359,135.8376007080078,1955900,0.0,0.0,135.4260223388672
2021-01-21 00:00:00-05:00,137.96420549631907,138.581609416405,135.9748094800337,137.4350128173828,1301600,0.0,0.0,136.25313720703124
2021-01-22 00:00:00-05:00,136.56281824324319,137.60161442259167,134.58321677766637,135.19081115722656,1357100,0.0,0.0,136.16689758300782
2021-01-25 00:00:00-05:00,137.6702425161699,138.9540386940754,134.91644797511833,137.30764770507812,1364200,0.0,0.0,136.71766052246093
2021-01-26 00:00:00-05:00,137.88578620464546,138.22879166169196,135.30840031350053,135.33779907226562,1249800,0.0,0.0,136.22177429199218
2021-01-27 00:00:00-05:00,132.69180791458072,132.7996083615321,126.81181616143371,127.50762176513672,2360400,0.0,0.0,134.55577850341797
2021-01-28 00:00:00-05:00,121.23563794147786,121.5198384609004,117.21764477804936,117.54104614257812,4093700,0.0,0.0,130.57698516845704
2021-01-29 00:00:00-05:00,117.32544842784534,117.32544842784534,110.77905665277274,111.21025848388672,4974800,0.0,0.0,125.78087463378907
2021-02-01 00:00:00-05:00,114.1698508922335,115.56144728035136,111.71985409197097,115.1988525390625,3083000,0.0,0.0,121.35911560058594
2021-02-02 00:00:00-05:00,119.06984236683505,119.35404288780688,116.23764671444255,119.17764282226562,4276000,0.0,0.0,118.12708435058593
2021-02-03 00:00:00-05:00,121.00043728164681,121.52963746197646,117.60964277224262,118.15843963623047,2495600,0.0,0.0,116.25724792480469
2021-02-04 00:00:00-05:00,119.73624538474665,123.10744341568083,118.53084365449618,123.00943756103516,1882000,0.0,0.0,117.35092620849609
2021-02-05 00:00:00-05:00,124.68524951288677,125.58683912969734,122.31364675546067,123.59745025634766,1936200,0.0,0.0,119.82836456298828
2021-02-08 00:00:00-05:00,125.41044751203874,127.0470437120381,123.96984808113245,126.50804138183594,1594000,0.0,0.0,122.09020233154297
2021-02-09 00:00:00-05:00,125.6652365609181,127.06664256083404,124.17564173843523,125.7044448852539,2134100,0.0,0.0,123.39556274414062
2021-02-10 00:00:00-05:00,126.97841946944772,128.8502053376982,124.73421441296348,126.1356201171875,1816200,0.0,0.0,124.99099884033203
2021-02-11 00:00:00-05:00,126.50805959002939,132.6918505095525,126.50805959002939,132.33905029296875,1834600,0.0,0.0,126.85692138671875
2021-02-12 00:00:00-05:00,132.682020100064,140.90420839074488,132.33901458214422,139.56161499023438,2391500,0.0,0.0,130.04975433349608
2021-02-16 00:00:00-05:00,142.8739892993567,144.94178694328238,139.9241988969608,140.76699829101562,2341500,0.0,0.0,132.90154571533202
2021-02-17 00:00:00-05:00,138.24839547610554,138.87559391752362,131.83919691657414,136.5137939453125,2169000,0.0,0.0,135.06341552734375
2021-02-18 00:00:00-05:00,133.36576802143827,135.17025743129975,131.88489733993387,133.8659210205078,1666200,0.1,0.0,136.6094757080078
2021-02-19 00:00:00-05:00,136.97474408160286,140.49546317720743,136.70014852321418,139.83839416503906,2081500,0.0,0.0,138.10934448242188
2021-02-22 00:00:00-05:00,137.27878195999773,137.2984002071848,129.28605964795753,129.8352508544922,1928000,0.0,0.0,136.16407165527343
2021-02-23 00:00:00-05:00,124.44134400433249,129.3448566768404,122.16611442357548,127.27557373046875,3288900,0.0,0.0,133.46578674316407
2021-02-24 00:00:00-05:00,126.20665893770949,131.84570062800896,123.77451244695624,131.60052490234375,2386800,0.0,0.0,132.4831329345703
2021-02-25 00:00:00-05:00,130.20791566936276,130.717870353873,122.89186615641133,123.21549987792969,1736600,0.0,0.0,130.3530487060547
2021-02-26 00:00:00-05:00,124.50020376781693,127.3540521932361,121.63655370263764,126.128173828125,1925000,0.0,0.0,127.61100463867187
2021-03-01 00:00:00-05:00,128.9329925358483,131.75742126187768,127.98170966532693,131.41416931152344,2157900,0.0,0.0,127.92678833007812
2021-03-02 00:00:00-05:00,131.16900041095238,131.4043744717484,124.29427164020105,124.35311889648438,1698600,0.0,0.0,127.34229736328125
2021-03-03 00:00:00-05:00,124.20599041424946,126.18700644790702,119.11614133631228,119.14556121826172,1972800,0.0,0.0,124.85130462646484
2021-03-04 00:00:00-05:00,118.66502178698533,119.10633499084679,109.16201062313894,111.77068328857422,3351400,0.0,0.0,122.56234130859374
2021-03-05 00:00:00-05:00,115.20315004716805,115.55620362595778,104.3958018516442,111.70204162597656,3451600,0.0,0.0,119.67711486816407
2021-03-08 00:00:00-05:00,110.64290121957782,111.4666955488438,102.04214005223542,102.18923950195312,3907800,0.0,0.0,113.83212890625
2021-03-09 00:00:00-05:00,106.8966009006644,112.61409979042949,106.52393654523348,111.15284729003906,3146600,0.0,0.0,111.19207458496093
2021-03-10 00:00:00-05:00,114.94816224858585,114.98739125433659,106.06299820565745,106.80833435058594,2867700,0.0,0.0,108.72462921142578
2021-03-11 00:00:00-05:00,108.85802324037122,112.61411718934073,108.85802324037122,111.66283416748047,2136000,0.0,0.0,108.70305938720703
2021-03-12 00:00:00-05:00,108.8874342410553,111.3686112088966,107.92634965569889,110.65270233154297,1705100,0.0,0.0,108.49319152832031
2021-03-15 00:00:00-04:00,111.32937662175911,116.08579110452064,111.05478103969627,115.47775268554688,2493000,0.0,0.0,111.15089416503906
2021-03-16 00:00:00-04:00,117.39012997314518,117.67453470191728,113.8596011548117,115.08547973632812,2368500,0.0,0.0,111.93742065429687
2021-03-17 00:00:00-04:00,113.39865102127936,116.57613317083877,111.19206993628036,115.2031478881836,2543000,0.0,0.0,113.6163833618164
2021-03-18 00:00:00-04:00,113.14368463032929,113.81056283303104,109.98582041995245,110.20157623291016,2485500,0.0,0.0,113.32413177490234
2021-03-19 00:00:00-04:00,110.75076352222014,113.82036048229918,109.17183147240323,112.69255828857422,3196300,0.0,0.0,113.73210296630859
2021-03-22 00:00:00-04:00,115.2031670991464,116.41923656043835,112.89851685581944,114.75204467773438,2148700,0.0,0.0,113.58696136474609
2021-03-23 00:00:00-04:00,114.20283790438226,115.91906780193646,109.73083553704926,110.93710327148438,2821000,0.0,0.0,112.75728607177734
2021-03-24 00:00:00-04:00,114.53625808515842,115.66406757684308,109.72100470529767,109.83869171142578,2098300,0.0,0.0,111.68439483642578
2021-03-25 00:00:00-04:00,107.88712840300241,109.9760228918233,105.76880654208317,109.583740234375,1481300,0.0,0.0,111.56082763671876
2021-03-26 00:00:00-04:00,110.28003383873744,116.85074750342129,109.95640758072678,116.72325134277344,2239400,0.0,0.0,112.3669662475586
2021-03-29 00:00:00-04:00,115.86022462565597,115.93868264296042,110.18195469065095,111.6922378540039,2448500,0.0,0.0,111.7550048828125
2021-03-30 00:00:00-04:00,111.41763259726491,114.4087787781965,111.01554090513379,113.72228240966797,1050500,0.0,0.0,112.31204071044922
2021-03-31 00:00:00-04:00,115.55621991965823,120.49896323748496,115.35027321668659,119.33192443847656,2316700,0.0,0.0,114.21068725585937
2021-04-01 00:00:00-04:00,121.70522361128155,126.43221110425256,121.70522361128155,126.32433319091797,2179600,0.0,0.0,117.55880584716797
2021-04-05 00:00:00-04:00,128.040573971188,131.18863700565967,125.52997682890421,130.11965942382812,2013000,0.0,0.0,120.2380874633789
2021-04-06 00:00:00-04:00,129.66849293540832,132.21832556249305,127.7168894650601,129.82540893554688,1991800,0.0,0.0,123.8647216796875
2021-04-07 00:00:00-04:00,129.04087720188238,130.81594688909894,127.94249484611022,129.2370147705078,1319700,0.0,0.0,126.96766815185546
2021-04-08 00:00:00-04:00,131.11015117888314,131.71818208665616,129.70773848485476,131.33570861816406,1497700,0.0,0.0,129.36842498779296
2021-04-09 00:00:00-04:00,130.17849246202866,131.4828289557269,128.8349194770844,130.4923095703125,1155600,0.0,0.0,130.20202026367187
2021-04-12 00:00:00-04:00,129.63910187650345,129.86465932413884,126.75583333138353,127.91305541992188,1612100,0.0,0.0,129.7606994628906
2021-04-13 00:00:00-04:00,129.2075753175011,129.44294934281123,124.76499346957557,126.5106430053711,1560700,0.0,0.0,129.09774627685547
2021-04-14 00:00:00-04:00,126.52045456009495,128.87415010464824,125.0690187011056,125.61820983886719,925900,0.0,0.0,128.37398529052734
2021-04-15 00:00:00-04:00,127.84441637736373,129.08991311140284,125.55937707961367,128.6584014892578,1612500,0.0,0.0,127.8385238647461
2021-04-16 00:00:00-04:00,129.01146159786208,129.86466828009378,126.85391834267955,126.98139953613281,1501400,0.0,0.0,127.13634185791015
2021-04-19 00:00:00-04:00,126.10856192595479,126.66756967143762,122.3720868754918,123.88236999511719,1524800,0.0,0.0,126.33020477294922
2021-04-20 00:00:00-04:00,123.13704819478764,124.51984281307335,120.32243578689075,121.87194061279297,1276100,0.0,0.0,125.4024642944336
2021-04-21 00:00:00-04:00,121.88174413397367,127.5600217887627,121.19525515925355,127.43252563476562,1515300,0.0,0.0,125.76532745361328
2021-04-22 00:00:00-04:00,127.27560058252172,127.6580740530966,122.98012526874403,123.88236999511719,1409200,0.0,0.0,124.81012115478515
2021-04-23 00:00:00-04:00,126.78524027641161,129.30565332707596,125.68685807203488,128.9918212890625,1257500,0.0,0.0,125.21220550537109
2021-04-26 00:00:00-04:00,128.92319288220529,131.10033926701104,128.47206302315934,130.85516357421875,1212700,0.0,0.0,126.60676422119141
2021-04-27 00:00:00-04:00,131.6691229135276,132.9342376208887,128.540694255509,128.5701141357422,1776500,0.0,0.0,127.94639892578125
2021-04-28 00:00:00-04:00,136.03324638494615,136.59223901216163,128.6093214939646,129.84500122070312,2672700,0.0,0.0,128.42889404296875
2021-04-29 00:00:00-04:00,131.1984091101939,131.32590525279514,126.0595214535572,128.2857208251953,1216100,0.0,0.0,129.30956420898437
2021-04-30 00:00:00-04:00,125.53974969695699,126.09875742977923,122.0288396486875,122.66629791259766,1689000,0.0,0.0,128.0444595336914
2021-05-03 00:00:00-04:00,123.88236988792735,124.95133976586237,121.37177326639414,122.57803344726562,1061500,0.0,0.0,126.38903350830078
2021-05-04 00:00:00-04:00,119.97918744087188,120.77356186613599,117.34110176630686,120.61664581298828,1362200,0.0,0.0,124.79833984375
2021-05-05 00:00:00-04:00,122.64667629894271,123.59795910757555,119.97916377886605,122.11709594726562,1160900,0.0,0.0,123.2527587890625
2021-05-06 00:00:00-04:00,121.45023036696078,123.70584978508921,119.28287809098326,123.50971221923828,1356800,0.0,0.0,122.2975570678711
2021-05-07 00:00:00-04:00,124.99055576371,126.20663249538362,124.17657821149172,125.69666290283203,1269800,0.0,0.0,122.90363006591797
2021-05-10 00:00:00-04:00,124.10793960790079,124.10793960790079,119.3613342693916,119.48882293701172,2448900,0.0,0.0,122.2857879638672
2021-05-11 00:00:00-04:00,114.08515847834099,119.82226835982638,113.42808939829976,119.16519927978516,1888200,0.0,0.0,121.99549865722656
2021-05-12 00:00:00-04:00,116.15443702652607,117.75297982813748,111.96683206076352,112.38853454589844,1920800,0.0,0.0,120.04978637695312
2021-05-13 00:00:00-04:00,114.15380571994528,116.4682648921226,113.6634543272326,114.97759246826172,1493200,0.0,0.0,118.3433624267578
2021-05-14 00:00:00-04:00,116.18385907677137,121.0383348253925,115.69350768874223,119.98898315429688,1139500,0.0,0.0,117.20182647705079
2021-05-17 00:00:00-04:00,118.39046325481766,118.55718096331992,115.23259850709313,117.54705810546875,1127300,0.0,0.0,116.81347351074218
2021-05-18 00:00:00-04:00,119.20441768686176,120.03801349598059,116.37998908652025,116.47805786132812,1100700,0.0,0.0,116.27604522705079
2021-05-19 00:00:00-04:00,113.76150591940278,120.6068136194653,112.79061240354577,120.04781341552734,1564000,0.0,0.0,117.80790100097656
2021-05-20 00:00:00-04:00,120.84220640785105,124.79443769730634,120.76374838410862,124.17659759521484,1178500,0.0,0.0,119.64770202636718
2021-05-21 00:00:00-04:00,124.05890264768954,124.48060514569966,121.3031302084656,122.47016143798828,1882800,0.0,0.0,120.14393768310546
2021-05-24 00:00:00-04:00,123.9117988596007,125.83397547418863,123.86276820827821,125.22594451904297,1266700,0.0,0.0,121.67971496582031
2021-05-25 00:00:00-04:00,126.21721634470053,127.964234076869,125.41240268270236,126.14850616455078,1065400,0.1,0.0,123.61380462646484
2021-05-26 00:00:00-04:00,126.72757942894083,128.0820147217878,124.8039039162673,126.66869354248047,926600,0.0,0.0,124.93798065185547
2021-05-27 00:00:00-04:00,125.85406098822209,128.70033675251116,124.99036893728842,128.1703338623047,1601700,0.0,0.0,125.73672790527344
2021-05-28 00:00:00-04:00,128.57271311287354,130.4865787479676,128.19974930539763,129.897705078125,1211800,0.0,0.0,127.22223663330078
2021-06-01 00:00:00-04:00,130.99697163654363,132.84214241692834,127.82682362697759,128.3568115234375,1090900,0.0,0.0,127.8484100341797
2021-06-02 00:00:00-04:00,127.82682792808302,129.60328859081508,126.95331906722336,128.58255004882812,803700,0.0,0.0,128.33521881103516
2021-06-03 00:00:00-04:00,126.61960832475985,127.23794004246393,124.57815369065376,125.9424057006836,1141000,0.0,0.0,128.1899612426758
2021-06-04 00:00:00-04:00,125.20633194533308,129.53461781560497,124.78429885702684,129.24017333984375,1039000,0.0,0.0,128.4039291381836
2021-06-07 00:00:00-04:00,128.91626179748528,129.24995844665904,127.72867492993171,128.37644958496094,711300,0.0,0.0,128.09967803955078
2021-06-08 00:00:00-04:00,129.38738005298012,130.04496411211733,122.880219697897,124.43094635009766,1930200,0.0,0.0,127.31450500488282
2021-06-09 00:00:00-04:00,124.45057102141185,126.06018344731379,122.3600322393567,122.3992919921875,1245800,0.0,0.0,126.07785339355469
2021-06-10 00:00:00-04:00,122.36985159166457,125.83445184264211,121.88893271355305,125.50074768066406,1857800,0.0,0.0,125.98952178955078
2021-06-11 00:00:00-04:00,126.28592907750723,126.29573840057716,124.11687808182276,125.60871887207031,1497600,0.0,0.0,125.26323089599609
2021-06-14 00:00:00-04:00,125.62838209132458,129.1027854440669,125.31431143561767,129.0438995361328,1035200,0.0,0.0,125.39672088623047
2021-06-15 00:00:00-04:00,128.984964510819,130.0940319414794,127.44406226106103,127.8955307006836,1098000,0.0,0.0,126.08963775634766
2021-06-16 00:00:00-04:00,128.82792529531702,129.7603350679739,124.80390170579592,125.90314483642578,1051900,0.0,0.0,126.79040832519532
2021-06-17 00:00:00-04:00,125.54981034278832,127.61090611975098,124.48001019069824,127.1888656616211,1379800,0.0,0.0,127.12803192138672
2021-06-18 00:00:00-04:00,125.26517323377071,126.92386953433815,121.24114259699796,122.54650115966797,2771000,0.0,0.0,126.51558837890624
2021-06-21 00:00:00-04:00,122.98818974924025,124.02855461824859,121.85950352861244,123.88133239746094,1589700,0.0,0.0,125.48307495117187
2021-06-22 00:00:00-04:00,123.71447309965808,124.36224033058511,122.26189213134519,123.62613677978516,1313700,0.0,0.0,124.62919616699219
2021-06-23 00:00:00-04:00,123.32187878095174,125.47129598316481,123.32187878095174,124.84315490722656,913400,0.0,0.0,124.41719818115234
2021-06-24 00:00:00-04:00,126.30556378840858,128.5629511274103,125.94242414283585,128.1899871826172,1339800,0.0,0.0,124.61742248535157
2021-06-25 00:00:00-04:00,129.01439420195229,130.2412332776195,125.97184227993533,127.14960479736328,2613200,0.0,0.0,125.53804321289063
2021-06-28 00:00:00-04:00,128.8770228537631,130.98719560672754,128.07222399517556,130.29034423828125,1388900,0.0,0.0,126.8198455810547
2021-06-29 00:00:00-04:00,129.819201194254,132.6850953315243,129.50512321841288,131.82139587402344,1314400,0.0,0.0,128.45889739990236
2021-06-30 00:00:00-04:00,132.2041844691846,132.4495523004103,130.0056982860834,131.4779052734375,838700,0.0,0.0,129.78584747314454
2021-07-01 00:00:00-04:00,130.97737719239717,131.38959345206035,126.8453902954443,126.98279571533203,1262800,0.0,0.0,129.5444091796875
2021-07-02 00:00:00-04:00,128.46477905314302,128.57274149619,125.58906781786726,126.14850616455078,928200,0.0,0.0,129.344189453125
2021-07-06 00:00:00-04:00,126.2859201277503,126.59999815651908,122.26188898455472,124.1266860961914,1599800,0.0,0.0,128.11145782470703
2021-07-07 00:00:00-04:00,125.56944542442177,125.56944542442177,120.57375241845344,121.15282440185547,2780700,0.0,0.0,125.97774353027344
2021-07-08 00:00:00-04:00,118.14952649885551,121.38838517060958,116.94232084907942,120.54431915283203,1458300,0.0,0.0,123.79102630615235
2021-07-09 00:00:00-04:00,121.39820422734661,123.62614109072334,120.09284542128137,123.37095642089844,1251600,0.0,0.0,123.06865844726562
2021-07-12 00:00:00-04:00,123.74389346308872,124.91183912537167,122.82130811826707,124.7253646850586,1074600,0.0,0.0,122.78403015136719
2021-07-13 00:00:00-04:00,123.92057911571426,125.67741379270463,123.22373533121514,124.44075775146484,1038200,0.0,0.0,122.84684448242187
2021-07-14 00:00:00-04:00,125.76574360349049,128.45498060963072,123.58687591461691,123.93038940429688,1114500,0.0,0.0,123.40235748291016
2021-07-15 00:00:00-04:00,123.47890765498254,123.47890765498254,119.90635255426996,120.84856414794922,1528600,0.0,0.0,123.4632064819336
2021-07-16 00:00:00-04:00,121.33931068552427,122.4876379541694,117.42324176064912,117.66860961914062,1145600,0.0,0.0,122.32273712158204
2021-07-19 00:00:00-04:00,116.01972118646854,117.92377789991274,114.23344372442345,117.83544158935547,1422300,0.0,0.0,120.9447525024414
2021-07-20 00:00:00-04:00,119.14080300278613,122.3305847945807,117.59007651918603,121.48651885986328,1324600,0.0,0.0,120.3539047241211
2021-07-21 00:00:00-04:00,122.045948538949,126.13868934567462,121.86928341428435,126.07980346679688,1210000,0.0,0.0,120.78378753662109
2021-07-22 00:00:00-04:00,125.36335093900239,126.77666472765164,123.70466180112035,124.37206268310547,1013200,0.0,0.0,121.48848724365234
2021-07-23 00:00:00-04:00,125.85408251547909,127.07111253073317,124.48002844669719,126.41352844238281,850000,0.0,0.0,123.23747100830079
2021-07-26 00:00:00-04:00,125.62834712517673,127.50296121169107,124.63705885199289,125.06890869140625,1153000,0.0,0.0,124.68416442871094
2021-07-27 00:00:00-04:00,124.15613652426511,124.55854340686037,118.5323019071272,121.1724624633789,2501200,0.0,0.0,124.62135314941406
2021-07-28 00:00:00-04:00,116.97175528146958,121.72207300045993,115.51917439508179,119.81802368164062,2342800,0.0,0.0,123.3689971923828
2021-07-29 00:00:00-04:00,122.01651028566391,124.94129802010065,121.58466052255778,123.32186889648438,2027600,0.0,0.0,123.1589584350586
2021-07-30 00:00:00-04:00,121.64358069514489,126.4822280250607,121.64358069514489,124.64688110351562,1148100,0.0,0.0,122.80562896728516
2021-08-02 00:00:00-04:00,125.25538511835194,127.86609519765344,124.43094523307649,124.66649627685547,1004400,0.0,0.0,122.725146484375
2021-08-03 00:00:00-04:00,125.17685793831178,125.87370170415298,122.52688077803661,124.39167785644531,915300,0.0,0.0,123.36898956298828
2021-08-04 00:00:00-04:00,124.32299154835792,126.62945553485214,124.05799754141667,125.53020477294922,1052800,0.0,0.0,124.51142578125
2021-08-05 00:00:00-04:00,125.9227661716493,126.19757692749569,123.694822208979,124.23463439941406,912300,0.0,0.0,124.69397888183593
2021-08-06 00:00:00-04:00,123.77335911773618,125.36334548482813,123.32188317133459,124.51927947998047,673700,0.0,0.0,124.6684585571289
2021-08-09 00:00:00-04:00,124.94132342929275,125.26520332945779,123.27281740671685,123.60652160644531,650900,0.0,0.0,124.45646362304687
2021-08-10 00:00:00-04:00,123.78318797654221,124.37206937751237,117.96306169608651,120.21063232421875,1341600,0.0,0.0,123.62025451660156
2021-08-11 00:00:00-04:00,120.65227265357548,120.77005191058231,116.62824163957674,119.13098907470703,1354300,0.0,0.0,122.34041137695313
2021-08-12 00:00:00-04:00,117.87471440631468,117.89434802774014,115.90195478288054,116.45158386230469,1292600,0.0,0.0,120.78380126953125
2021-08-13 00:00:00-04:00,115.94120584216311,116.95212760484335,115.56824943140933,116.54972076416016,977700,0.0,0.0,119.18988952636718
2021-08-16 00:00:00-04:00,116.12771063484925,117.37417617789892,115.1266129732532,116.27493286132812,946600,0.0,0.0,117.72357177734375
2021-08-17 00:00:00-04:00,114.94993244663787,115.25418618283422,112.49625395980927,113.93901062011719,1087300,0.0,0.0,116.46924743652343
2021-08-18 00:00:00-04:00,113.90956429692251,115.43084790883621,111.72088734490266,111.89755249023438,1499400,0.0,0.0,115.0225601196289
2021-08-19 00:00:00-04:00,111.4460743580087,112.94772431963362,109.92479077616147,112.09384155273438,1433100,0.0,0.0,114.15101165771485
2021-08-20 00:00:00-04:00,112.26070075250433,113.29124876101181,110.08184044291534,111.45589447021484,1478300,0.0,0.0,113.13224639892579
2021-08-23 00:00:00-04:00,112.03498373939824,115.0284676025784,112.03498373939824,114.48866271972656,878300,0.0,0.0,112.77499237060547
2021-08-24 00:00:00-04:00,115.66639705267801,116.59879932761667,114.3414122283253,114.63585662841797,976500,0.0,0.0,112.91436157226562
2021-08-25 00:00:00-04:00,114.9106750243243,116.5497304896616,114.74382668096167,115.87251281738281,959100,0.0,0.0,113.70935363769532
2021-08-26 00:00:00-04:00,115.66640697479804,116.59880932972025,114.55734695030472,114.98919677734375,613300,0.0,0.0,114.28842468261719
2021-08-27 00:00:00-04:00,115.38176796315868,120.50504953956718,115.38176796315868,120.32838439941406,1406400,0.0,0.0,116.06292266845703
2021-08-30 00:00:00-04:00,121.1724613623735,121.81041928691678,119.85729324571348,120.92709350585938,970800,0.0,0.0,117.3506088256836
2021-08-31 00:00:00-04:00,121.05476857250707,121.05476857250707,117.69541208081256,119.28668975830078,1812900,0.1,0.0,118.28077545166016
2021-09-01 00:00:00-04:00,120.19040095308127,120.35738483658002,117.47933719261871,117.548095703125,1251400,0.0,0.0,118.61589202880859
2021-09-02 00:00:00-04:00,118.30443084904789,119.46350807983289,118.22584756361155,118.726806640625,821100,0.0,0.0,119.36341400146485
2021-09-03 00:00:00-04:00,118.44196536365844,120.25916101689518,118.22586504381442,119.71891021728516,761900,0.0,0.0,119.24151916503907
2021-09-07 00:00:00-04:00,119.99392545886884,120.45558536612965,117.94098036439402,118.02938842773438,1289400,0.0,0.0,118.66197814941407
2021-09-08 00:00:00-04:00,117.8722368244153,118.25532099456545,116.3988338641101,116.72298431396484,1271000,0.0,0.0,118.14923706054688
2021-09-09 00:00:00-04:00,116.67385404667074,118.51069888388093,116.0255607179645,117.05693817138672,764400,0.0,0.0,118.05100555419922
2021-09-10 00:00:00-04:00,118.04903441350733,121.97810860601,118.04903441350733,118.82502746582031,1318800,0.0,0.0,118.07064971923828
2021-09-13 00:00:00-04:00,119.77784077208774,120.84850999619864,117.99011214089755,120.1511001586914,990300,0.0,0.0,118.15708770751954
2021-09-14 00:00:00-04:00,120.64223448038227,121.044968221344,118.79557212870598,120.1511001586914,1197000,0.0,0.0,118.58143005371093
2021-09-15 00:00:00-04:00,120.24933959112293,120.33774767630919,118.51072718636281,120.06271362304688,966000,0.0,0.0,119.24937591552734
2021-09-16 00:00:00-04:00,119.3751051372548,121.63432597883659,118.17673621228263,120.95655822753906,854400,0.0,0.0,120.02929992675782
2021-09-17 00:00:00-04:00,120.11180571004847,120.7404570276098,117.30251685602104,119.19829559326172,2418000,0.0,0.0,120.1039535522461
2021-09-20 00:00:00-04:00,116.24165491577318,116.24165491577318,112.6367311883971,114.41464233398438,1809900,0.0,0.0,118.95666198730468
2021-09-21 00:00:00-04:00,115.59336893916492,115.6031937234993,113.52078159737594,113.92351531982422,1823400,0.0,0.0,117.71114501953124
2021-09-22 00:00:00-04:00,114.89596001554585,116.42829664242461,114.10032484299184,116.21219635009766,2282600,0.0,0.0,116.9410415649414
2021-09-23 00:00:00-04:00,117.01765212024337,118.7562716869473,116.52651783493268,117.61683654785156,2490700,0.0,0.0,116.27309722900391
2021-09-24 00:00:00-04:00,116.76227628107289,117.97046251515273,116.3300756800739,117.21411895751953,1137200,0.0,0.0,115.87626190185547
2021-09-27 00:00:00-04:00,116.25149920190115,117.02749237456698,115.03348811166964,115.45586395263672,2108100,0.0,0.0,116.08450622558594
2021-09-28 00:00:00-04:00,113.22608498536772,113.50112645626419,108.35403419833729,109.49346923828125,2404900,0.0,0.0,115.19849700927735
2021-09-29 00:00:00-04:00,110.2989569637087,110.65257430723288,107.15569252061779,107.2342758178711,1556000,0.0,0.0,113.40291290283203
2021-09-30 00:00:00-04:00,108.04956066511382,109.5524306280337,107.16551730630339,107.2342758178711,1494400,0.0,0.0,111.32640075683594
2021-10-01 00:00:00-04:00,107.75485586099634,108.03971463694461,106.06536026692864,107.52893829345703,1354300,0.0,0.0,109.38936462402344
2021-10-04 00:00:00-04:00,106.50740104739837,106.76279302119474,103.3739613313347,105.36796569824219,2350000,0.0,0.0,107.37178497314453
2021-10-05 00:00:00-04:00,106.2912947708855,108.2951238114525,105.36795979786821,107.53878021240234,2581800,0.0,0.0,106.98084716796875
2021-10-06 00:00:00-04:00,105.96715513847228,107.47003269316671,105.11258608118766,107.06729888916016,1642600,0.0,0.0,106.94745178222657
2021-10-07 00:00:00-04:00,110.35788614346808,111.045478724936,109.21845835669595,109.4542007446289,1492100,0.0,0.0,107.39143676757813
2021-10-08 00:00:00-04:00,109.87656075364347,110.0435446087857,107.25390552012394,107.61734008789062,967300,0.0,0.0,107.40911712646485
2021-10-11 00:00:00-04:00,106.9886956563574,108.46209857760617,106.00642704219153,106.10465240478516,897300,0.0,0.0,107.55645446777343
2021-10-12 00:00:00-04:00,107.83344621202544,107.83344621202544,104.95539890083367,105.446533203125,978100,0.0,0.0,107.13800506591797
2021-10-13 00:00:00-04:00,106.72348528416174,107.33248702218428,106.1832345545146,106.54667663574219,1181200,0.0,0.0,107.03388061523438
2021-10-14 00:00:00-04:00,109.40508478430728,110.78026245906018,108.44246565786104,110.72132873535156,1732400,0.0,0.0,107.28730621337891
2021-10-15 00:00:00-04:00,111.9786229612365,112.79390771647165,111.22227941934744,111.90003967285156,1428500,0.0,0.0,108.14384613037109
2021-10-18 00:00:00-04:00,110.8784853825238,113.80564933265961,110.56415970615687,113.72706604003906,1118000,0.0,0.0,109.66832885742187
2021-10-19 00:00:00-04:00,114.25746648504706,115.06292631908191,113.64845734453736,114.65037536621094,1107200,0.0,0.0,111.50909729003907
2021-10-20 00:00:00-04:00,114.42446198999892,114.98435476715392,113.01000036535778,114.87630462646484,884800,0.0,0.0,113.17502288818359
2021-10-21 00:00:00-04:00,114.19856121509251,115.73089798971009,113.94316925461777,115.45586395263672,749800,0.0,0.0,114.12192993164062
2021-10-22 00:00:00-04:00,115.45586252447178,118.66787783786869,113.85476726039109,114.06104278564453,1307200,0.0,0.0,114.55413055419922
2021-10-25 00:00:00-04:00,114.07085948616019,116.57564762605472,113.61901679116609,115.20046997070312,1159600,0.0,0.0,114.84881134033203
2021-10-26 00:00:00-04:00,116.48721375827658,116.75243044073764,113.08856576601224,113.10821533203125,1292500,0.0,0.0,114.54037933349609
2021-10-27 00:00:00-04:00,117.30251265941584,122.61658930313077,115.74070920594417,120.8877944946289,3406600,0.0,0.0,115.7426773071289
2021-10-28 00:00:00-04:00,127.69491486161121,135.89686346532167,126.11346185494979,134.5806121826172,5711700,0.0,0.0,119.567626953125
2021-10-29 00:00:00-04:00,132.81253073883965,136.27993735154377,132.57678090261786,135.78880310058594,2347000,0.0,0.0,123.91317901611328
2021-11-01 00:00:00-04:00,135.72989978069958,137.34083505114498,134.187745510962,137.13455200195312,2050400,0.0,0.0,128.29999542236328
2021-11-02 00:00:00-04:00,136.87913513183594,137.32115300330702,134.94406479464345,136.87913513183594,1571400,0.0,0.0,133.0541793823242
2021-11-03 00:00:00-04:00,137.723904796564,139.1776583157039,136.14245154669024,137.8319549560547,1260000,0.0,0.0,136.44301147460936
2021-11-04 00:00:00-04:00,137.93997358837646,142.163731605361,136.75143696471525,142.02621459960938,1734100,0.0,0.0,137.9321319580078
2021-11-05 00:00:00-04:00,142.6843335258297,144.15773644736615,139.6884262426225,141.66278076171875,1676500,0.0,0.0,139.10692749023437
2021-11-08 00:00:00-05:00,142.20303953136872,142.62540786505502,139.85541800994852,141.33863830566406,1087300,0.0,0.0,139.94774475097657
2021-11-09 00:00:00-05:00,142.18338875338463,143.1361905541065,140.6510520395479,142.8415069580078,1075500,0.0,0.0,141.14021911621094
2021-11-10 00:00:00-05:00,140.631409175814,142.85133106092078,139.00083952277836,139.49197387695312,1281700,0.0,0.0,141.47222290039062
2021-11-11 00:00:00-05:00,141.28953445715146,141.77085154400655,139.31517965068187,140.67071533203125,717300,0.0,0.0,141.201123046875
2021-11-12 00:00:00-05:00,141.45648615788915,143.76482320762867,140.2679496253897,143.59783935546875,1009800,0.0,0.0,141.588134765625
2021-11-15 00:00:00-05:00,145.47400411011066,147.29119225770134,144.12828576539695,145.54275512695312,1361900,0.0,0.0,142.4289581298828
2021-11-16 00:00:00-05:00,145.65081219304057,148.83336840746068,144.95340975890534,148.55833435058594,1247000,0.0,0.0,143.57232360839845
2021-11-17 00:00:00-05:00,149.66824104891506,151.00412675935445,148.22430520791707,148.92172241210938,1847900,0.0,0.0,145.4582733154297
2021-11-18 00:00:00-05:00,149.72718779324197,150.00223677624896,147.13399942231095,148.1752166748047,997800,0.0,0.0,146.95917358398438
2021-11-19 00:00:00-05:00,147.57604829669393,150.72912228954692,146.8000476649215,148.58778381347656,822700,0.0,0.0,147.95716247558593
2021-11-22 00:00:00-05:00,149.3834305621703,151.7605190950388,146.64289240646198,146.73130798339844,1078300,0.0,0.0,148.194873046875
2021-11-23 00:00:00-05:00,145.20771714144107,147.94025141391342,143.12391791162486,146.55433654785156,879200,0.1,0.0,147.79407348632813
2021-11-24 00:00:00-05:00,145.13894623623023,148.33345770561326,144.0577209703619,148.25482177734375,983100,0.0,0.0,147.660693359375
2021-11-26 00:00:00-05:00,145.81717162018904,148.81508584431435,142.937188793996,143.851318359375,911000,0.0,0.0,146.79591369628906
2021-11-29 00:00:00-05:00,146.96721236269678,152.22586149423796,144.00859323617314,151.8130340576172,1813000,0.0,0.0,147.4409637451172
2021-11-30 00:00:00-05:00,151.2331280199568,152.22587875403872,148.18604873972907,150.26002502441406,2158800,0.0,0.0,148.1467071533203
2021-12-01 00:00:00-05:00,153.10063909739347,155.51864508968578,149.53262580158855,149.74887084960938,1603800,0.0,0.0,148.78561401367188
2021-12-02 00:00:00-05:00,146.96720667941796,149.7488910836656,144.69664836667098,148.3629608154297,1683700,0.0,0.0,148.80724182128907
2021-12-03 00:00:00-05:00,150.436933789856,152.35363784698643,146.5248897401396,147.98944091796875,1565300,0.0,0.0,149.6348663330078
2021-12-06 00:00:00-05:00,148.72663263186058,151.3018957180973,142.43590791804925,150.0044403076172,1926400,0.0,0.0,149.2731475830078
2021-12-07 00:00:00-05:00,151.6459107211261,157.15030553789254,151.6459107211261,156.39344787597656,1700200,0.0,0.0,150.4998321533203
2021-12-08 00:00:00-05:00,156.3934570271046,157.90715744123918,154.42760376298324,157.6712646484375,933100,0.0,0.0,152.08431091308594
2021-12-09 00:00:00-05:00,156.38366960349822,158.7819985460811,153.81822989604413,153.89686584472656,1059500,0.0,0.0,153.19109191894532
2021-12-10 00:00:00-05:00,156.77680834946906,157.2092984963634,152.13739313450083,157.03236389160156,1116100,0.0,0.0,154.9996765136719
2021-12-13 00:00:00-05:00,157.7892023632464,157.80886509432142,152.4912287078657,152.7074737548828,1520100,0.0,0.0,155.540283203125
2021-12-14 00:00:00-05:00,151.26255509357213,153.64123537044696,149.42448737922973,153.27755737304688,1076300,0.0,0.0,154.91710510253907
2021-12-15 00:00:00-05:00,155.3023978890188,159.4896596732319,151.6655725836766,159.19479370117188,1482900,0.0,0.0,155.22181091308593
2021-12-16 00:00:00-05:00,159.8435566731809,160.24656027401954,153.4840188681788,155.59732055664062,2106900,0.0,0.0,155.56190185546876
2021-12-17 00:00:00-05:00,154.63400146223086,158.0054320988257,151.78350566335354,153.5920867919922,3282900,0.0,0.0,154.87384643554688
2021-12-20 00:00:00-05:00,152.4421041544487,155.42037096989887,152.25534567455716,153.05152893066406,2367200,0.0,0.0,154.94265747070312
2021-12-21 00:00:00-05:00,154.8993901099997,157.80885927272783,153.35620323859976,157.62210083007812,1338800,0.0,0.0,155.8115661621094
2021-12-22 00:00:00-05:00,156.54087884606034,158.24135259687114,156.10840375737797,158.1528778076172,1013900,0.0,0.0,155.60318298339843
2021-12-23 00:00:00-05:00,158.36916567433732,161.30812228844144,158.36916567433732,159.96151733398438,2040000,0.0,0.0,156.47602233886718
2021-12-27 00:00:00-05:00,161.19994083326606,166.0261133931633,160.7084775990183,165.6820831298828,1019200,0.0,0.0,158.8940216064453
2021-12-28 00:00:00-05:00,165.62311347335034,166.02611693361163,161.6422581913996,161.79953002929688,1107100,0.0,0.0,160.64362182617188
2021-12-29 00:00:00-05:00,161.9666542579345,164.58124277994776,161.9666542579345,163.9226837158203,569700,0.0,0.0,161.90373840332032
2021-12-30 00:00:00-05:00,163.92265722964106,163.92265722964106,160.55121152268447,160.9247283935547,932300,0.0,0.0,162.4581085205078
2021-12-31 00:00:00-05:00,161.7307264814024,163.0183728488532,160.51190716926976,160.73797607421875,1062700,0.0,0.0,162.6134002685547
2022-01-03 00:00:00-05:00,162.04529791207463,164.28636960965127,160.03029515814464,163.27395629882812,1724800,0.0,0.0,162.13177490234375
2022-01-04 00:00:00-05:00,163.3132684727142,164.43380433319928,157.6909264363796,163.5393524169922,1357400,0.0,0.0,162.4797393798828
2022-01-05 00:00:00-05:00,161.4063883599536,163.90301539857003,157.50416844265678,157.5139923095703,1904500,0.0,0.0,161.1980010986328
2022-01-06 00:00:00-05:00,157.0618261607704,161.89783796478702,156.00027868973817,160.68882751464844,1540900,0.0,0.0,161.15082092285155
2022-01-07 00:00:00-05:00,159.79438211475042,161.1409867366879,154.18186471543828,155.5677947998047,1473500,0.0,0.0,160.11678466796874
2022-01-10 00:00:00-05:00,153.13997378766175,154.08357496473107,147.91079685426735,153.93614196777344,1635400,0.0,0.0,158.2492218017578
2022-01-11 00:00:00-05:00,153.00236977461017,158.1135854831028,151.24292262796646,157.79904174804688,1329800,0.0,0.0,157.10115966796874
2022-01-12 00:00:00-05:00,159.47000851483008,161.6914171134866,158.46741923655642,160.1187286376953,817600,0.0,0.0,157.62210693359376
2022-01-13 00:00:00-05:00,162.78246621390008,164.82695523352845,154.74211925217563,155.54812622070312,1172300,0.0,0.0,156.59396667480468
2022-01-14 00:00:00-05:00,154.5160593669464,161.8978477722841,154.03443492920013,161.76023864746094,1367200,0.0,0.0,157.83245544433595
2022-01-18 00:00:00-05:00,158.19221819447313,158.8311145206688,152.5895392627859,152.90406799316406,1878000,0.0,0.0,157.62604064941405
2022-01-19 00:00:00-05:00,153.58229041284733,155.76438879489473,145.6205784785371,145.78768920898438,1696000,0.0,0.0,155.22377014160156
2022-01-20 00:00:00-05:00,147.79284129923812,150.23049502027524,142.80939633506824,142.99615478515625,1377700,0.0,0.0,151.79925537109375
2022-01-21 00:00:00-05:00,142.52437665787292,146.12189210964996,140.04739708471658,140.94186401367188,1785600,0.0,0.0,148.8780029296875
2022-01-24 00:00:00-05:00,136.36140176788803,145.09961856181738,135.23104218756262,144.92269897460938,2218200,0.0,0.0,145.5104949951172
2022-01-25 00:00:00-05:00,140.2439878474877,141.35469992477852,135.68320812069797,135.92893981933594,2198200,0.0,0.0,142.11546936035157
2022-01-26 00:00:00-05:00,141.1089539063064,145.41417762899368,137.52127746958107,140.9221954345703,2512400,0.0,0.0,141.14237060546876
2022-01-27 00:00:00-05:00,108.63305088410281,110.48095779959533,100.7598137571355,109.34075927734375,17003100,0.0,0.0,134.41129150390626
2022-01-28 00:00:00-05:00,106.05778275736103,110.28436268241573,103.69875739267694,110.20573425292969,6017200,0.0,0.0,128.26406555175782
2022-01-31 00:00:00-05:00,110.058300618675,115.92637404797594,109.70444641696895,115.42507934570312,3923900,0.0,0.0,122.36454162597656
2022-02-01 00:00:00-05:00,116.31953241206558,117.13536330506119,112.17158838204062,114.88446044921875,2107200,0.0,0.0,118.15564575195313
2022-02-02 00:00:00-05:00,115.41522548482814,118.5212767612937,112.70235379933357,115.21864318847656,2579800,0.0,0.0,113.01493530273437
2022-02-03 00:00:00-05:00,112.02414819454448,114.67804707157421,109.81256329730805,109.9501724243164,2293300,0.0,0.0,113.1368179321289
2022-02-04 00:00:00-05:00,109.55699552912435,113.27245679563367,108.28901934308574,112.06346130371094,1720900,0.0,0.0,113.50836334228515
2022-02-07 00:00:00-05:00,112.20108055853225,114.31437439279836,111.6506365254989,112.27971649169922,1878500,0.0,0.0,112.87929077148438
2022-02-08 00:00:00-05:00,111.31642810742638,114.91394276107862,110.93308736553021,114.40281677246094,1669700,0.0,0.0,112.78296203613282
2022-02-09 00:00:00-05:00,115.85756263871124,119.80892432555893,115.03190038377991,119.29780578613281,1709800,0.0,0.0,113.59879455566406
2022-02-10 00:00:00-05:00,116.07380105904711,120.11363007075687,114.84514278295862,115.3267822265625,2215300,0.0,0.0,114.67411651611329
2022-02-11 00:00:00-05:00,115.33660243490296,116.64389659898598,109.92068232507573,111.15916442871094,1703100,0.0,0.0,114.49325714111328
2022-02-14 00:00:00-05:00,111.07070066524028,114.89428436254656,109.1933073464468,110.3924789428711,1496300,0.0,0.0,114.11580963134766
2022-02-15 00:00:00-05:00,112.21090760274305,116.48663694045754,112.11260894050301,116.08363342285156,2002800,0.0,0.0,114.45197296142578
2022-02-16 00:00:00-05:00,114.82547524811672,117.94135050265956,113.82289350186139,117.07637786865234,1151400,0.0,0.0,114.00768737792968
2022-02-17 00:00:00-05:00,115.27596325907408,116.42704858846064,113.94778730162291,114.1248779296875,1614400,0.11,0.0,113.76730651855469
2022-02-18 00:00:00-05:00,114.30196899228554,114.51841392808362,111.00612271317226,112.97379302978516,1517400,0.0,0.0,114.13023223876954
2022-02-22 00:00:00-05:00,111.79319286921402,115.32516519709228,110.70113517919023,111.97028350830078,1496700,0.0,0.0,114.44579315185547
2022-02-23 00:00:00-05:00,112.64913267286254,114.12488550263804,109.4418277544517,109.71730041503906,1528200,0.0,0.0,113.17252655029297
2022-02-24 00:00:00-05:00,105.37858451557165,115.62030462096943,105.37858451557165,115.4924087524414,2008000,0.0,0.0,112.85573272705078
2022-02-25 00:00:00-05:00,115.19726050029749,118.19796087666559,113.02298559892378,118.09957885742188,1738300,0.0,0.0,113.65067291259766
2022-02-28 00:00:00-05:00,117.48959245475892,117.61749582884171,113.42635596519804,116.01383972167969,1887000,0.0,0.0,114.25868225097656
2022-03-01 00:00:00-05:00,115.83675670020921,116.37786907363186,111.45869297366974,112.70816040039062,1715500,0.0,0.0,114.40625762939453
2022-03-02 00:00:00-05:00,113.35748315872132,116.23027989325423,112.9639476114822,115.40386199951172,1323700,0.0,0.0,115.54356994628907
2022-03-03 00:00:00-05:00,114.59711952113037,115.38418312338656,110.43549360853594,112.32445526123047,1333500,0.0,0.0,114.90997924804688
2022-03-04 00:00:00-05:00,110.95692965507266,111.92109142767393,108.26122338165554,109.9435806274414,1320300,0.0,0.0,113.27877960205078
2022-03-07 00:00:00-05:00,111.03564657047738,112.04899567385796,104.61120360891006,104.69974517822266,2315200,0.0,0.0,111.01596069335938
2022-03-08 00:00:00-05:00,105.67374895451498,109.92391698048887,103.65688366765656,105.81148529052734,1877100,0.0,0.0,109.63662567138672
2022-03-09 00:00:00-05:00,109.32376717038346,111.20288844842264,107.65124287196357,109.9435806274414,2146600,0.0,0.0,108.54456939697266
2022-03-10 00:00:00-05:00,107.82832912744094,108.9203867260814,105.83114500746112,108.18251037597656,1356700,0.0,0.0,107.71618041992187
2022-03-11 00:00:00-05:00,110.19939308069632,110.42567099429846,105.05393120450496,105.15231323242188,2030700,0.0,0.0,106.75792694091797
2022-03-14 00:00:00-04:00,105.93938800754425,110.13052859023419,102.63370071782653,103.86349487304688,2014300,0.0,0.0,106.5906768798828
2022-03-15 00:00:00-04:00,104.81780576842112,109.21555042498214,104.5521660542832,108.7236328125,1523200,0.0,0.0,107.17310638427735
2022-03-16 00:00:00-04:00,110.3961496315717,115.08904785545826,110.1600312794094,114.86276245117188,2341300,0.0,0.0,108.15694274902344
2022-03-17 00:00:00-04:00,113.54442088259253,118.70955553919354,112.82621790386247,118.65052032470703,2140800,0.0,0.0,110.25054473876953
2022-03-18 00:00:00-04:00,117.05669792868339,121.80861553087833,116.70251670905739,120.96251678466797,4074600,0.0,0.0,113.41258544921875
2022-03-21 00:00:00-04:00,119.81143372573328,121.4446035462367,117.25346404276654,118.98501586914062,1256400,0.0,0.0,116.4368896484375
2022-03-22 00:00:00-04:00,119.4080891340186,120.66739707560978,118.21764936091856,119.0440673828125,1070900,0.0,0.0,118.5009765625
2022-03-23 00:00:00-04:00,117.86345115734875,118.84728628385061,114.30196529722815,114.62663269042969,1289500,0.0,0.0,118.45375061035156
2022-03-24 00:00:00-04:00,116.12208778367354,120.71659717054463,115.27598876306783,120.7067642211914,1533100,0.0,0.0,118.86499938964843
2022-03-25 00:00:00-04:00,120.89367485601095,122.18250415936558,118.73908072631151,122.03492736816406,1260400,0.0,0.0,119.07948150634766
2022-03-28 00:00:00-04:00,118.97520473618717,121.28721622120092,118.10943236267792,120.9723892211914,2021700,0.0,0.0,119.47695617675781
2022-03-29 00:00:00-04:00,123.22536663174196,125.23239146802896,120.55917397101679,123.34342956542969,1427200,0.0,0.0,120.33682861328126
2022-03-30 00:00:00-04:00,122.45797350796401,122.84166865102911,118.55214640469742,119.07357788085938,1536600,0.0,0.0,121.2262176513672
2022-03-31 00:00:00-04:00,119.3293655366688,120.65754148008013,116.27947809096631,116.31883239746094,1659200,0.0,0.0,120.3486312866211
2022-04-01 00:00:00-04:00,117.63718439030265,117.89298366536897,112.90493908494707,114.4889144897461,1402900,0.0,0.0,118.8394287109375
2022-04-04 00:00:00-04:00,115.03984609013065,118.25698377551346,115.03984609013065,117.0173568725586,1077400,0.0,0.0,118.04842224121094
2022-04-05 00:00:00-04:00,116.08271812198403,116.25980876581738,109.5992474789935,110.10100555419922,1951400,0.0,0.0,115.39993743896484
2022-04-06 00:00:00-04:00,108.22188173532504,111.14387374314964,107.30691461677459,109.40248107910156,1665600,0.0,0.0,113.46571807861328
2022-04-07 00:00:00-04:00,108.97943255762152,111.79320210782647,107.72996503296827,109.61892700195312,1284900,0.0,0.0,112.12573699951172
2022-04-08 00:00:00-04:00,108.92039154475334,109.17619079247159,106.75595715778378,106.90353393554688,1238000,0.0,0.0,110.60866088867188
2022-04-11 00:00:00-04:00,105.60486700436108,107.07078686005065,104.98505352914083,105.50648498535156,1428400,0.0,0.0,108.30648651123047
2022-04-12 00:00:00-04:00,107.5233550267121,109.540212779072,105.4277886531497,106.4312973022461,1457100,0.0,0.0,107.57254486083984
2022-04-13 00:00:00-04:00,107.40529063732045,109.48118358044408,105.83115576496932,107.83818054199219,2537200,0.0,0.0,107.25968475341797
2022-04-14 00:00:00-04:00,108.38910751959642,108.66458013735961,104.28651709205351,104.30619049072266,1193100,0.0,0.0,106.19713745117187
2022-04-18 00:00:00-04:00,104.12912077484471,107.04127976263072,103.68639790831861,106.3919448852539,1426200,0.0,0.0,106.09481964111328
2022-04-19 00:00:00-04:00,106.8641875642894,111.1438694008605,105.57535828257795,110.78968811035156,1620700,0.0,0.0,107.15146026611328
2022-04-20 00:00:00-04:00,112.74750606212504,115.52192086946191,111.03563501233842,111.07498931884766,1727800,0.0,0.0,108.0801986694336
2022-04-21 00:00:00-04:00,112.97380798025054,114.68567928054676,109.12700839929155,109.40248107910156,1275700,0.0,0.0,108.39305877685547
2022-04-22 00:00:00-04:00,109.0581210060462,110.64209614181962,107.22818709150134,107.4347915649414,1613600,0.0,0.0,109.01877899169922
2022-04-25 00:00:00-04:00,106.84450112251352,110.87822393766552,106.2542015042588,110.75032806396484,1989900,0.0,0.0,109.89045562744141
2022-04-26 00:00:00-04:00,109.2352248286043,109.32377390281805,105.90002398587379,105.94921875,2395600,0.0,0.0,108.9223617553711
2022-04-27 00:00:00-04:00,108.68427402286717,113.61329039846558,103.87332057158213,104.60135650634766,3966200,0.0,0.0,107.6276351928711
2022-04-28 00:00:00-04:00,106.93305993029516,111.80304160691266,104.22751288638153,109.87472534179688,2679300,0.0,0.0,107.72208404541016
2022-04-29 00:00:00-04:00,107.87753637046222,110.24857541336186,103.53881932684418,103.75526428222656,1907100,0.0,0.0,106.98617858886719
2022-05-02 00:00:00-04:00,103.91268377205911,107.34626675778556,102.44676381747173,106.81499481201172,1731200,0.0,0.0,106.19911193847656
2022-05-03 00:00:00-04:00,106.32306530487705,109.07780675177796,105.12278521024261,107.5725326538086,1192800,0.0,0.0,106.52377471923828
2022-05-04 00:00:00-04:00,107.72994699451836,112.34413616727504,105.40809548163978,112.32445526123047,1992700,0.0,0.0,108.06839447021484
2022-05-05 00:00:00-04:00,109.99277723260917,111.88173899575018,105.13262899258996,106.7559585571289,2141900,0.0,0.0,107.44464111328125
2022-05-06 00:00:00-04:00,105.42777806555893,106.84449557459358,102.84028682236355,104.20781707763672,1325700,0.0,0.0,107.53515167236328
2022-05-09 00:00:00-04:00,102.60417704260222,103.51914410679103,98.2064323633097,98.59996795654297,2099000,0.0,0.0,105.89214630126953
2022-05-10 00:00:00-04:00,101.79744010196272,102.7517615477771,98.24579405417296,100.80376434326172,1718500,0.0,0.0,104.53839263916015
2022-05-11 00:00:00-04:00,99.48541919252581,102.9288424294344,98.67867462012134,98.7967300415039,1661300,0.0,0.0,101.83284759521484
2022-05-12 00:00:00-04:00,97.58660955868179,100.58730222036162,97.04549723136152,100.21344757080078,1823300,0.0,0.0,100.52434539794922
2022-05-13 00:00:00-04:00,102.19096563057532,106.66741131779084,101.52195738972124,105.61470794677734,1570100,0.0,0.0,100.80572357177735
2022-05-16 00:00:00-04:00,104.25701163456597,104.77844306103523,101.69904175588545,101.84661102294922,1212300,0.0,0.0,101.45505218505859
2022-05-17 00:00:00-04:00,104.50297507154295,107.10029937237854,103.24366722944895,106.7559585571289,1492900,0.0,0.0,102.64549102783204
2022-05-18 00:00:00-04:00,104.70957890237436,106.58870020010353,100.84310633015596,101.13825988769531,1555500,0.0,0.0,103.11379699707031
2022-05-19 00:00:00-04:00,100.74473475875068,103.83397695542023,100.36103959780601,100.52828979492188,1482600,0.0,0.0,103.17676544189453
2022-05-20 00:00:00-04:00,102.91899865986016,103.37156194140262,96.05182580882605,100.7152099609375,2132100,0.0,0.0,102.19686584472656
2022-05-23 00:00:00-04:00,100.8135976437405,102.67304563578791,99.96749874189099,101.226806640625,1290200,0.0,0.0,102.07290496826172
2022-05-24 00:00:00-04:00,99.97600324985721,100.46844734967944,96.49934910736837,97.6910629272461,1736400,0.11,0.0,100.25992584228516
2022-05-25 00:00:00-04:00,96.64706859554504,99.97599525309754,96.47963941838175,98.71533966064453,1560500,0.0,0.0,99.775341796875
2022-05-26 00:00:00-04:00,98.65624347386526,103.86630265165441,97.6615118596586,103.35416412353516,1539000,0.0,0.0,100.34051666259765
2022-05-27 00:00:00-04:00,104.66407523973605,107.77632584194247,104.66407523973605,107.74678039550781,1688700,0.0,0.0,101.74683074951172
2022-05-31 00:00:00-04:00,107.35280607184157,108.40663606941399,105.50121909421063,107.60887908935547,1948400,0.0,0.0,103.02324523925782
2022-06-01 00:00:00-04:00,107.76645295775462,108.71194462205325,103.74810774891056,105.0284652709961,1453900,0.0,0.0,104.49072570800782
2022-06-02 00:00:00-04:00,104.8216407990564,108.94832434317829,104.13222213459446,108.90892791748047,1091300,0.0,0.0,106.529443359375
2022-06-03 00:00:00-04:00,106.78156327425758,107.02778529297562,105.26483473726246,105.80652618408203,1099000,0.0,0.0,107.01991577148438
2022-06-06 00:00:00-04:00,107.43160804347332,108.06193589846606,104.96938751175144,105.19590759277344,808100,0.0,0.0,106.5097412109375
2022-06-07 00:00:00-04:00,103.679171814348,107.08689141162473,102.94050570491117,106.88005828857422,1046800,0.0,0.0,106.36397705078124
2022-06-08 00:00:00-04:00,106.28914007373857,106.53536214072597,103.15719508109473,103.5216064453125,1610600,0.0,0.0,106.06260528564454
2022-06-09 00:00:00-04:00,102.18214654996662,103.72842065984547,99.57219142442452,99.66083526611328,1436400,0.0,0.0,104.21298675537109
2022-06-10 00:00:00-04:00,98.05546493739958,98.77443661603847,95.36672441002649,95.50460815429688,2152900,0.0,0.0,102.15260314941406
2022-06-13 00:00:00-04:00,92.18552738172217,93.16056452559141,89.09297925744994,89.86119079589844,2939400,0.0,0.0,99.08565979003906
2022-06-14 00:00:00-04:00,90.668801590803,91.28928594052947,88.32477047544843,89.53618621826172,1742200,0.0,0.0,95.61688537597657
2022-06-15 00:00:00-04:00,90.983969530333,92.96359692323088,89.09298598307865,91.0430679321289,1756000,0.0,0.0,93.12117767333984
2022-06-16 00:00:00-04:00,88.610398888957,88.69903522652325,84.36553284810225,85.63603210449219,2837100,0.0,0.0,90.31621704101562
2022-06-17 00:00:00-04:00,86.010281963908,88.34446201667761,85.30116130996782,87.7141342163086,4165300,0.0,0.0,88.75812225341797
2022-06-21 00:00:00-04:00,89.55586499577765,91.83095384218363,89.39827931102448,89.99906158447266,1699000,0.0,0.0,88.78569641113282
2022-06-22 00:00:00-04:00,88.1967429804284,91.00367290059145,87.94066993964663,89.95968627929688,1541000,0.0,0.0,88.87039642333984
2022-06-23 00:00:00-04:00,90.34380303003931,91.27944386760878,89.44755111030133,90.55062866210938,1268200,0.0,0.0,88.77190856933593
2022-06-24 00:00:00-04:00,92.2347731704923,95.78036887006014,91.65368527721343,95.65233612060547,2756800,0.0,0.0,90.7751693725586
2022-06-27 00:00:00-04:00,96.61753615913796,97.49408610356687,94.94322913393914,96.47965240478516,1542300,0.0,0.0,92.52827301025391
2022-06-28 00:00:00-04:00,96.52888901994949,97.7501482135817,93.46588629343871,93.79090118408203,2352400,0.0,0.0,93.28664093017578
2022-06-29 00:00:00-04:00,91.84081069650412,92.05748726984027,87.18228691207551,88.88614654541016,2642700,0.0,0.0,93.07193298339844
2022-06-30 00:00:00-04:00,88.1376407966087,90.31424276462533,86.92623254760827,88.19673919677734,2458000,0.0,0.0,92.60115509033203
2022-07-01 00:00:00-04:00,87.33988564268367,87.75353688219182,82.94728518413834,84.50341033935547,1965300,0.0,0.0,90.37136993408203
2022-07-05 00:00:00-04:00,81.7161715150252,85.71481502433548,81.7161715150252,85.49813842773438,1686200,0.0,0.0,88.17506713867188
2022-07-06 00:00:00-04:00,85.8724103625286,88.04901252984914,85.37996622926781,86.66031646728516,1434700,0.0,0.0,86.7489501953125
2022-07-07 00:00:00-04:00,88.63993616383992,90.47182877902064,88.48235044833596,90.136962890625,1766900,0.0,0.0,86.99911346435547
2022-07-08 00:00:00-04:00,88.93539980788971,91.03320878818239,88.49219564759126,90.6884994506836,1056800,0.0,0.0,87.49746551513672
2022-07-11 00:00:00-04:00,89.31950716401902,89.80210024512068,87.71413469860506,88.58084106445312,1333500,0.0,0.0,88.31295166015624
2022-07-12 00:00:00-04:00,89.58540965367393,89.89072252260294,87.77321937937424,88.31490325927734,1023400,0.0,0.0,88.87630462646484
2022-07-13 00:00:00-04:00,86.72924850299859,90.26500088589245,86.1284661274715,88.66947937011719,1282600,0.0,0.0,89.27813720703125
2022-07-14 00:00:00-04:00,88.63993243698673,91.01351645678967,86.68985061716894,90.52107238769531,1196700,0.0,0.0,89.3549591064453
2022-07-15 00:00:00-04:00,91.39761889105662,92.35295403835984,89.6445117572726,92.33325958251953,1100900,0.0,0.0,89.6839111328125
2022-07-18 00:00:00-04:00,93.41664165030747,94.98261775177225,91.15140336222379,91.88021850585938,1489000,0.0,0.0,90.34378662109376
2022-07-19 00:00:00-04:00,93.34768947013104,97.93727145349015,93.24920216658634,97.7304458618164,1815400,0.0,0.0,92.22689514160156
2022-07-20 00:00:00-04:00,97.63196382062767,101.23665821206332,97.33650187132841,100.25177001953125,2154900,0.0,0.0,94.54335327148438
2022-07-21 00:00:00-04:00,101.14800759459371,101.27604786007376,98.9517112802062,101.21694946289062,1072600,0.0,0.0,96.68252868652344
2022-07-22 00:00:00-04:00,100.62602187173766,100.96088775469423,97.27740061267394,98.94186401367188,1610400,0.0,0.0,98.0042495727539
2022-07-25 00:00:00-04:00,98.25245239798481,98.7842929464169,96.92285478395506,98.58731079101562,1639400,0.0,0.0,99.34566802978516
2022-07-26 00:00:00-04:00,97.82894694380194,99.06990066862305,96.07584714585727,96.66677856445312,2045400,0.0,0.0,99.1329345703125
2022-07-27 00:00:00-04:00,89.81196502063594,97.34635438180085,87.94067577825395,96.4599609375,5071300,0.0,0.0,98.37457275390625
2022-07-28 00:00:00-04:00,95.43566515684603,97.59256513912892,92.0673494194998,97.45468139648438,2688600,0.0,0.0,97.622119140625
2022-07-29 00:00:00-04:00,97.40544625440317,99.65099018898839,96.2531288428293,99.36537170410156,1680800,0.0,0.0,97.70682067871094
2022-08-01 00:00:00-04:00,98.3903221290662,99.98583603290035,97.50392134132511,98.7842788696289,1431600,0.0,0.0,97.7462142944336
2022-08-02 00:00:00-04:00,98.3312328332055,99.67068136660883,97.27740277528824,97.44483947753906,1265000,0.0,0.0,97.90182647705078
2022-08-03 00:00:00-04:00,97.85847737916734,100.76389412488841,97.49406609510727,99.88734436035156,1481200,0.0,0.0,98.5873031616211
2022-08-04 00:00:00-04:00,100.10403938647106,101.16772048134098,99.45401706011782,100.17298126220703,1327100,0.0,0.0,99.13096313476562
2022-08-05 00:00:00-04:00,98.77441520500055,100.58660545921711,97.19859595913856,99.22746276855469,1668500,0.0,0.0,99.10338134765625
2022-08-08 00:00:00-04:00,98.65625217835435,99.96615532740805,96.36146079947397,98.23274993896484,1775600,0.0,0.0,98.99307556152344
2022-08-09 00:00:00-04:00,96.10538054532532,96.67661743448836,89.72330248765823,91.42716217041016,3039200,0.0,0.0,97.78954010009765
2022-08-10 00:00:00-04:00,94.27349487756358,97.79939625635092,93.32800315568379,97.62211608886719,2157000,0.0,0.0,97.33649444580078
2022-08-11 00:00:00-04:00,98.5085092223078,101.30559546898179,98.06531256150288,98.39032745361328,1150700,0.0,0.0,96.97996368408204
2022-08-12 00:00:00-04:00,98.77443673887666,103.65948122308983,98.61685102288565,102.76322937011719,1987800,0.0,0.0,97.68711700439454
2022-08-15 00:00:00-04:00,102.41852579364792,103.0193082201201,100.36996396876505,101.34500122070312,815500,0.0,0.0,98.30956726074218
2022-08-16 00:00:00-04:00,100.92148696034427,101.37453459430876,99.40475835232402,100.04493713378906,834300,0.0,0.0,100.03312225341797
2022-08-17 00:00:00-04:00,98.77443482924377,99.58204282283265,97.11982241382997,98.94186401367188,1329400,0.0,0.0,100.29707183837891
2022-08-18 00:00:00-04:00,98.88275756697145,100.05476918762643,98.48880086070878,99.40474700927734,1608800,0.0,0.0,100.49995574951171
2022-08-19 00:00:00-04:00,97.8092374643648,98.8532239883221,95.15989351295921,95.38641357421875,1741300,0.0,0.0,99.02459259033203
2022-08-22 00:00:00-04:00,93.17041767801642,93.48558158609794,90.32409151981444,91.02336120605469,1899300,0.0,0.0,96.96026458740235
2022-08-23 00:00:00-04:00,91.25973387838762,93.14086621990954,91.1021481774749,91.57489776611328,885200,0.0,0.0,95.2662567138672
2022-08-24 00:00:00-04:00,91.8211419626417,92.14614939958751,90.47184225060043,91.17111206054688,1209900,0.0,0.0,93.71210632324218
2022-08-25 00:00:00-04:00,91.35823223651576,94.94322471087871,91.29913383447413,94.87428283691406,1347100,0.0,0.0,92.80601348876954
2022-08-26 00:00:00-04:00,94.92351361976289,94.99245548710446,88.53159187075173,88.79751586914062,2249900,0.0,0.0,91.48823394775391
2022-08-29 00:00:00-04:00,88.0883929034559,89.2998010425379,86.19740206575021,86.30574035644531,1251400,0.0,0.0,90.54470977783203
2022-08-30 00:00:00-04:00,87.08479421018377,87.37077168439565,83.77140988465014,84.53073120117188,2527800,0.11,0.0,89.13587646484375
2022-08-31 00:00:00-04:00,85.44782128171497,85.44782128171497,82.65708283476103,83.46570587158203,2072300,0.0,0.0,87.59479522705078
2022-09-01 00:00:00-04:00,81.77942827606468,81.9174853121471,79.29439410303681,81.63150787353516,2502200,0.0,0.0,84.946240234375
2022-09-02 00:00:00-04:00,83.25862355723606,84.08696583643899,81.10886844522331,81.88790893554688,1353600,0.0,0.0,83.56431884765625
2022-09-06 00:00:00-04:00,81.56249144155727,82.9529328984107,80.72428573440894,81.76957702636719,1349700,0.0,0.0,82.65708618164062
2022-09-07 00:00:00-04:00,81.60192845023947,84.37294016893088,81.40470625494369,83.8404312133789,1715300,0.0,0.0,82.51902618408204
2022-09-08 00:00:00-04:00,82.71623859154337,85.24072603621362,81.91747901227458,84.94488525390625,1400000,0.0,0.0,82.81486206054687
2022-09-09 00:00:00-04:00,86.28603180093909,88.76121036262145,86.14797475194118,87.60743713378906,1804600,0.0,0.0,84.01004791259766
2022-09-12 00:00:00-04:00,87.60743726459975,87.6567465779776,85.51685479176992,86.16769409179688,1902900,0.0,0.0,84.86600494384766
2022-09-13 00:00:00-04:00,82.77542561322306,83.74182495902735,81.78929953262158,82.0062484741211,2477400,0.0,0.0,84.91333923339843
2022-09-14 00:00:00-04:00,82.72611525727801,82.95292756331789,81.11873247462967,82.47958374023438,1372900,0.0,0.0,84.64116973876953
2022-09-15 00:00:00-04:00,81.97665852481384,83.05153986691751,80.27066461537672,81.20748138427734,1810400,0.0,0.0,83.89368896484375
2022-09-16 00:00:00-04:00,80.38899022937382,81.31595110019742,79.3042531068292,80.96094512939453,3571000,0.0,0.0,82.56439056396485
2022-09-19 00:00:00-04:00,80.11287772308766,81.89777097907489,79.78746184640018,81.34553527832031,1534800,0.0,0.0,81.59995880126954
2022-09-20 00:00:00-04:00,80.28052097657411,80.63551941361007,78.64354821128252,79.71842193603516,1674800,0.0,0.0,81.14239349365235
2022-09-21 00:00:00-04:00,79.91564716727702,83.41638974395528,79.79730934587262,79.84661865234375,1782600,0.0,0.0,80.61580047607421
2022-09-22 00:00:00-04:00,79.47188727946582,79.98467699039458,77.72644764558076,78.68299102783203,1955800,0.0,0.0,80.11090240478515
2022-09-23 00:00:00-04:00,78.00257621703567,78.63369634513835,76.23740952252977,78.0913314819336,1909800,0.0,0.0,79.53697967529297
2022-09-26 00:00:00-04:00,78.10117491733361,79.32397655435072,76.0796211644167,76.13878631591797,1427100,0.0,0.0,78.4956298828125
2022-09-27 00:00:00-04:00,77.97298479569803,78.5942414853614,76.12892641337962,77.28269958496094,1570700,0.0,0.0,78.00848541259765
2022-09-28 00:00:00-04:00,76.81923204424412,78.18008348396478,76.4543626438597,77.85466003417969,1619100,0.0,0.0,77.61009368896484
2022-09-29 00:00:00-04:00,76.58254182995147,76.98684954106245,75.12307217187654,76.09933471679688,1601000,0.0,0.0,77.0933624267578
2022-09-30 00:00:00-04:00,74.61030250386678,76.10921082867355,73.96931904990896,74.10737609863281,1744800,0.0,0.0,76.29657135009765
2022-10-03 00:00:00-04:00,75.11321718695514,78.62383093646514,74.42293198192073,77.59825897216797,2160200,0.0,0.0,76.58846588134766
2022-10-04 00:00:00-04:00,79.71843215259527,81.08915438489294,79.32398772232759,80.53691864013672,1493800,0.0,0.0,77.23930969238282
2022-10-05 00:00:00-04:00,78.89008364870338,81.69067800693091,78.1406257474482,80.81302642822266,1193800,0.0,0.0,77.8309829711914
2022-10-06 00:00:00-04:00,80.6256684980453,82.04568490360644,79.87621058840111,80.87220001220703,1216200,0.0,0.0,78.78555603027344
2022-10-07 00:00:00-04:00,78.5350823782626,79.04787216590387,75.58656743173322,76.25713348388672,2321800,0.0,0.0,79.21550750732422
2022-10-10 00:00:00-04:00,76.53325111487045,76.53325111487045,73.71292972356352,75.05406188964844,1701400,0.0,0.0,78.70666809082032
2022-10-11 00:00:00-04:00,73.81152836418657,74.86668286564586,71.84913976350971,72.9930419921875,1761600,0.0,0.0,77.19789276123046
2022-10-12 00:00:00-04:00,72.85499784253544,73.13111948654598,70.94191821207966,71.00108337402344,1928300,0.0,0.0,75.23550415039062
2022-10-13 00:00:00-04:00,68.05255039138527,74.79764792872926,66.86919479854951,74.06791687011719,3403800,0.0,0.0,73.87464752197266
2022-10-14 00:00:00-04:00,75.01461952442982,76.06977425455341,70.2121822353097,70.37982940673828,2410300,0.0,0.0,72.69918670654297
2022-10-17 00:00:00-04:00,72.52957370848952,72.92401810813956,70.13328711524666,70.51787567138672,2107000,0.0,0.0,71.79194946289063
2022-10-18 00:00:00-04:00,73.05221521065847,73.48610553063925,70.12341981395303,71.77024841308594,1717100,0.0,0.0,71.54739074707031
2022-10-19 00:00:00-04:00,71.54345424077093,73.23958487644323,71.17858486164539,72.16471099853516,1524300,0.0,0.0,71.78011627197266
2022-10-20 00:00:00-04:00,72.52957445614719,74.55112835759878,72.15484173965424,72.92401885986328,1455900,0.0,0.0,71.55133666992188
2022-10-21 00:00:00-04:00,73.15083388366791,76.36560705361569,72.70708015121174,76.19795989990234,2158500,0.0,0.0,72.71496276855468
2022-10-24 00:00:00-04:00,76.85866638293348,77.18408226000852,75.56683614750084,76.38532257080078,2094900,0.0,0.0,73.8884521484375
2022-10-25 00:00:00-04:00,77.0657631103207,79.13662660077195,77.02631715996836,78.54495239257812,2186600,0.0,0.0,75.24339294433594
2022-10-26 00:00:00-04:00,78.54493772482576,84.01793253300485,77.57853093052759,81.1088638305664,4210700,0.0,0.0,77.03222351074218
2022-10-27 00:00:00-04:00,82.02596770644134,83.12056825807373,78.68300089422728,78.75202941894531,2147500,0.0,0.0,78.1978256225586
2022-10-28 00:00:00-04:00,78.81119822993772,82.47958862455067,78.81119822993772,82.19361114501953,1665100,0.0,0.0,79.39695587158204
2022-10-31 00:00:00-04:00,81.30608875977362,81.69067731240774,79.50148382954598,80.22135162353516,1499000,0.0,0.0,80.1641616821289
2022-11-01 00:00:00-04:00,82.1245758687056,82.42041669178512,80.53691233350453,81.07928466796875,1220700,0.0,0.0,80.67102813720703
2022-11-02 00:00:00-04:00,81.10885625352945,82.58804512137498,78.08145000494737,78.33784484863281,1959700,0.0,0.0,80.11682434082032
2022-11-03 00:00:00-04:00,77.00657641265856,79.79731482309607,76.20781675309829,78.97882843017578,1359100,0.0,0.0,80.16218414306641
2022-11-04 00:00:00-04:00,81.60193934037076,83.65308354877662,80.18191526939049,83.54460906982422,2344900,0.0,0.0,80.43238372802735
2022-11-07 00:00:00-05:00,84.58003814292096,84.71810272814196,82.12458609049928,84.35323333740234,1737500,0.0,0.0,81.25876007080078
2022-11-08 00:00:00-05:00,85.39851550685577,86.00005300685777,83.56432042874228,85.25059509277344,2087300,0.0,0.0,82.09302215576172
2022-11-09 00:00:00-05:00,83.74182773883263,84.59976016591112,82.94306799456501,83.199462890625,1639700,0.0,0.0,83.06534576416016
2022-11-10 00:00:00-05:00,88.75134697681263,92.12389635628072,87.47924343398626,92.03514862060547,2472700,0.0,0.0,85.67660980224609
2022-11-11 00:00:00-05:00,91.99571058863161,95.54576326838924,91.36459044661005,94.97380828857422,1716400,0.0,0.0,87.96244964599609
2022-11-14 00:00:00-05:00,93.51432979489589,95.07241067070372,92.73528935699197,92.83390045166016,1254600,0.0,0.0,89.65858306884766
2022-11-15 00:00:00-05:00,96.02893352055762,96.3839394319754,93.44528858290332,95.24989318847656,1581800,0.0,0.0,91.65844268798828
2022-11-16 00:00:00-05:00,92.29152669273118,93.33682534568183,89.76704659595583,90.21080780029297,2188800,0.0,0.0,93.06071166992187
2022-11-17 00:00:00-05:00,87.57784607521758,91.62096862123772,87.33131457965753,91.22651672363281,1346500,0.0,0.0,92.89898529052735
2022-11-18 00:00:00-05:00,92.774735853092,92.93251210079359,90.09247193026623,91.6111068725586,1507500,0.0,0.0,92.22644500732422
2022-11-21 00:00:00-05:00,90.3587203921503,90.52636752581495,89.3430118415395,89.83607482910156,1014400,0.0,0.0,91.6268798828125
2022-11-22 00:00:00-05:00,90.91097006647125,91.72944903408413,89.39233492788529,91.64070129394531,1401900,0.0,0.0,90.90504150390625
2022-11-23 00:00:00-05:00,91.83790326732898,94.23418952898376,91.34484031244975,92.72541809082031,883000,0.0,0.0,91.40796356201172
2022-11-25 00:00:00-05:00,91.89609599927336,92.50820525676517,91.40245561362924,91.41232299804688,530300,0.11,0.0,91.44512481689453
2022-11-28 00:00:00-05:00,90.10913505466597,91.07667376499705,88.56897907940055,89.07249450683594,1306600,0.0,0.0,90.93740234375
2022-11-29 00:00:00-05:00,88.99351705203007,89.71423556360318,87.73967337912084,88.05560302734375,1099900,0.0,0.0,90.58130798339843
2022-11-30 00:00:00-05:00,88.52948498991178,92.29103070184543,86.74250879979967,92.26140594482422,2426400,0.0,0.0,90.70544891357422
2022-12-01 00:00:00-05:00,93.16971146619035,93.40665679912581,89.26007957715177,91.11616516113281,1552900,0.0,0.0,90.38359832763672
2022-12-02 00:00:00-05:00,88.96388851396203,91.62954411117066,88.85528700503407,91.49132537841797,1177200,0.0,0.0,90.39939880371094
2022-12-05 00:00:00-05:00,90.97795253162379,92.6069678111988,90.49418691412563,92.20217895507812,1617000,0.0,0.0,91.02533569335938
2022-12-06 00:00:00-05:00,92.172559482456,92.24166885470062,88.361654024723,89.2403335571289,1333600,0.0,0.0,91.26228179931641
2022-12-07 00:00:00-05:00,88.34191236978373,90.30659956582596,87.90750629397986,90.197998046875,1444600,0.0,0.0,90.84960021972657
2022-12-08 00:00:00-05:00,90.99768694207707,93.92003776543241,90.52379628550926,93.58436584472656,1619900,0.0,0.0,91.3432403564453
2022-12-09 00:00:00-05:00,91.99484509459802,93.6337276593877,91.175400046025,91.2346420288086,2039300,0.0,0.0,91.29190368652344
2022-12-12 00:00:00-05:00,90.70150398684352,93.64359701265676,90.25722303797708,93.38690185546875,1210200,0.0,0.0,91.52884826660156
2022-12-13 00:00:00-05:00,97.51373547082646,97.88890705004714,94.09774431035441,95.28248596191406,1553800,0.0,0.0,92.73727874755859
2022-12-14 00:00:00-05:00,94.5716627699331,96.0328346616548,91.95536620192038,92.95252227783203,1462900,0.0,0.0,93.28818359375
2022-12-15 00:00:00-05:00,91.12604017581779,91.33336828389824,87.17691613842341,87.39411163330078,2566800,0.0,0.0,92.05013275146484
2022-12-16 00:00:00-05:00,86.89060790374894,88.37152948870558,86.08103773860024,87.88775634765625,3091200,0.0,0.0,91.38075561523438
2022-12-19 00:00:00-05:00,88.28268114127128,88.3616654432881,85.44918898072612,87.2756576538086,1323600,0.0,0.0,90.15850677490235
2022-12-20 00:00:00-05:00,85.81445613370947,88.57884573473423,85.4886516209201,86.67339324951172,1314300,0.0,0.0,88.43668823242187
2022-12-21 00:00:00-05:00,87.53234953321464,88.87504495454051,87.19667002861517,88.60848236083984,1543600,0.0,0.0,87.56788024902343
2022-12-22 00:00:00-05:00,86.49566877310191,86.49566877310191,82.68476440224302,85.0147476196289,2146800,0.0,0.0,87.09200744628906
2022-12-23 00:00:00-05:00,84.36315530880935,85.50840484187366,83.29689759293773,85.45903778076172,858600,0.0,0.0,86.60626373291015
2022-12-27 00:00:00-05:00,84.54086009760196,84.93577396100054,82.94146987275316,83.68193054199219,1156000,0.0,0.0,85.88751831054688
2022-12-28 00:00:00-05:00,82.94148578270767,84.31380588368263,82.25038450610329,83.1685562133789,990300,0.0,0.0,85.18655090332031
2022-12-29 00:00:00-05:00,84.96540039404371,87.00907176141206,84.16570519492105,86.37721252441406,1137300,0.0,0.0,84.74029693603515
2022-12-30 00:00:00-05:00,84.74820191503315,86.34759993142892,84.26443630845955,86.23899841308594,677400,0.0,0.0,84.98514709472656
2023-01-03 00:00:00-05:00,87.7199099257854,88.0259721388847,84.46188734642064,84.83705139160156,1033200,0.0,0.0,84.86074981689453
2023-01-04 00:00:00-05:00,86.1304021964949,86.76226150628088,84.65935544705792,86.30811309814453,2025400,0.0,0.0,85.385986328125
2023-01-05 00:00:00-05:00,85.73548733712968,87.29539328705572,84.85680775837476,86.01193237304688,998700,0.0,0.0,85.9546615600586
2023-01-06 00:00:00-05:00,87.15717016579524,90.63240369095872,86.61417010598365,90.07952117919922,1444500,0.0,0.0,86.69512329101562
2023-01-09 00:00:00-05:00,91.75790489406958,94.61114657874096,91.19515498645791,92.02446746826172,1654500,0.0,0.0,87.85221710205079
2023-01-10 00:00:00-05:00,92.25153294193863,94.23596219724357,91.62954113241568,93.5744857788086,1160400,0.0,0.0,89.59970397949219
2023-01-11 00:00:00-05:00,93.88055320516672,95.13440438050901,92.55760018866795,95.11465454101562,870000,0.0,0.0,91.3610122680664
2023-01-12 00:00:00-05:00,95.8353467361692,95.8353467361692,92.77477776961928,94.91717529296875,1165700,0.0,0.0,93.14206085205078
2023-01-13 00:00:00-05:00,94.28531824690549,96.99046558283588,94.0582403442213,96.20064544677734,1464500,0.0,0.0,94.36628570556641
2023-01-17 00:00:00-05:00,96.1118038724414,96.6054443725899,94.24584338446857,95.41083526611328,1668200,0.0,0.0,95.04355926513672
2023-01-18 00:00:00-05:00,96.07231962931196,97.18795207210262,94.59139800707891,94.69013214111328,1326800,0.0,0.0,95.26668853759766
2023-01-19 00:00:00-05:00,93.63371701790503,94.03850580277043,91.42220990913563,92.65631103515625,1542600,0.0,0.0,94.77501983642578
2023-01-20 00:00:00-05:00,94.1865919360357,96.30924721004928,93.24867063561557,96.28949737548828,1421100,0.0,0.0,95.04948425292969
2023-01-23 00:00:00-05:00,96.89175922230251,103.14124992034277,96.65481388528555,102.18358612060547,2617700,0.0,0.0,96.2460723876953
2023-01-24 00:00:00-05:00,100.70267051775093,101.92689695224013,100.55457684875346,101.7096939086914,1193300,0.0,0.0,97.50584411621094
2023-01-25 00:00:00-05:00,99.26124244177521,102.27244526959167,98.97493001963109,102.12435913085938,1501200,0.0,0.0,98.99268951416016
2023-01-26 00:00:00-05:00,98.44178575875495,103.63488583036079,97.01023134856206,102.3514175415039,3941600,0.0,0.0,100.93171081542968
2023-01-27 00:00:00-05:00,100.26826584693985,102.89443718169535,98.0666332177403,102.12435913085938,2593000,0.0,0.0,102.0986831665039
2023-01-30 00:00:00-05:00,100.78163759202553,101.28514543528487,98.74783378550593,98.89592742919922,2067200,0.0,0.0,101.44115142822265
2023-01-31 00:00:00-05:00,98.72809662279627,100.42622108988533,97.75069057529026,100.4064712524414,1973300,0.0,0.0,101.18050689697266
2023-02-01 00:00:00-05:00,100.89024520370572,107.3865482919173,100.63355004125262,106.61647033691406,2784100,0.0,0.0,102.0789291381836
2023-02-02 00:00:00-05:00,108.50218240930481,110.63470543288105,108.0184168328105,110.12132263183594,2352900,0.0,0.0,103.63291015625
2023-02-03 00:00:00-05:00,107.02125915202687,109.32162563058702,105.70817364805671,106.61647033691406,1608800,0.0,0.0,104.53133239746094
2023-02-06 00:00:00-05:00,106.06359698059929,107.11998733784415,105.01708154230705,105.5896987915039,1411500,0.0,0.0,105.87008666992188
2023-02-07 00:00:00-05:00,105.56007486834412,109.47958135227294,105.45147336382551,108.79835510253906,1824000,0.0,0.0,107.5484634399414
2023-02-08 00:00:00-05:00,107.0804846823172,108.90695282672635,105.91549292802911,106.26103973388672,1129800,0.0,0.0,107.47737731933594
2023-02-09 00:00:00-05:00,107.96904692972183,108.87734360971209,105.38236808989984,106.2906723022461,1906400,0.0,0.0,106.71124725341797
2023-02-10 00:00:00-05:00,104.96771235471228,105.50084498201716,102.96353319220967,104.21737670898438,1414800,0.0,0.0,106.23142852783204
2023-02-13 00:00:00-05:00,104.53332041961792,106.23144512107177,104.01993756056207,105.39225769042969,1303800,0.0,0.0,106.19194030761719
2023-02-14 00:00:00-05:00,104.31612892436095,106.9719100703946,103.73362913462003,106.63623809814453,1779300,0.0,0.0,105.75951690673828
2023-02-15 00:00:00-05:00,105.07632597754134,107.14961474561774,104.42471684715217,107.08050537109375,1202400,0.0,0.0,105.92341003417968
2023-02-16 00:00:00-05:00,105.74632263911873,106.5270674213482,104.89639832124887,105.05452728271484,1613900,0.11,0.0,105.67618103027344
2023-02-17 00:00:00-05:00,104.7580199615406,105.37075826439579,102.42567098938534,104.01680755615234,1151500,0.0,0.0,105.63606719970703
2023-02-21 00:00:00-05:00,102.22803152215307,103.11748049980237,99.84626504377177,99.97474670410156,1976100,0.0,0.0,104.55256500244141
2023-02-22 00:00:00-05:00,100.11309086155057,101.52633613471174,98.71960793472627,99.58929443359375,1329000,0.0,0.0,103.14317626953125
2023-02-23 00:00:00-05:00,101.65482056348651,102.18849444882893,99.43118314456133,101.78329467773438,1446300,0.0,0.0,102.08373413085937
2023-02-24 00:00:00-05:00,99.8660151396425,100.75546394100333,98.81842987536976,99.4608154296875,1465400,0.0,0.0,100.96499176025391
2023-02-27 00:00:00-05:00,101.06186621171545,101.26940482834178,99.38177984759092,99.78697967529297,1404200,0.0,0.0,100.11902618408203
2023-02-28 00:00:00-05:00,99.78696496383434,101.22985766194427,99.41141248815978,99.95497131347656,1378500,0.0,0.0,100.11507110595703
2023-03-01 00:00:00-05:00,100.32063557974054,101.44727789008711,99.64860266304234,100.19215393066406,1090100,0.0,0.0,100.23564300537109
2023-03-02 00:00:00-05:00,98.70972122338638,101.19031411436121,98.1859323448145,100.85430145263672,1484000,0.0,0.0,100.04984436035156
2023-03-03 00:00:00-05:00,101.27927889314206,102.1786128019045,99.786968954862,101.82283020019531,1393400,0.0,0.0,100.52224731445312
2023-03-06 00:00:00-05:00,102.35650177304724,103.37443237254503,99.826498920703,100.45899963378906,1432100,0.0,0.0,100.65665130615234
2023-03-07 00:00:00-05:00,100.62701964845454,101.20022585376398,98.9271709237461,99.40155029296875,1577500,0.0,0.0,100.54596710205078
2023-03-08 00:00:00-05:00,99.90554215775727,102.43555220323965,99.5596445558365,102.04023742675781,1474800,0.0,0.0,100.91558380126953
2023-03-09 00:00:00-05:00,101.97106036168213,103.53254961938244,100.34039158193195,100.94324493408203,1652100,0.0,0.0,100.9333724975586
2023-03-10 00:00:00-05:00,101.74376446394768,102.43556730981432,98.86786393242643,100.10321807861328,2371900,0.0,0.0,100.58945007324219
2023-03-13 00:00:00-04:00,98.82832021057217,102.46520269592133,98.49230754105741,101.52633666992188,1749100,0.0,0.0,100.80291748046875
2023-03-14 00:00:00-04:00,103.01864800898186,104.18482259244898,102.21814095711144,103.93775177001953,2529400,0.0,0.0,101.71015777587891
2023-03-15 00:00:00-04:00,102.0204968129907,102.34662459855679,99.13470360795314,101.42752075195312,2050400,0.0,0.0,101.58761444091797
2023-03-16 00:00:00-04:00,100.87409411872567,105.28183751797776,100.32065778482993,104.72840118408203,1462900,0.0,0.0,102.34464569091797
2023-03-17 00:00:00-04:00,105.29171418590694,105.61784951702812,103.30526244362808,103.86858367919922,2428100,0.0,0.0,103.09771881103515
2023-03-20 00:00:00-04:00,104.34294039877723,105.3707558151587,103.65113764582695,105.25215911865234,1326100,0.0,0.0,103.84288330078125
2023-03-21 00:00:00-04:00,105.8253728287188,107.01130971954377,103.80927408231403,105.11380767822266,1462800,0.0,0.0,104.07809448242188
2023-03-22 00:00:00-04:00,105.09405245469001,107.00143970591036,103.08783837211189,103.14714050292969,1422100,0.0,0.0,104.4220184326172
2023-03-23 00:00:00-04:00,104.65919581813553,107.63393045883114,104.27376596070353,106.34915924072266,1262800,0.0,0.0,104.74617004394531
2023-03-24 00:00:00-04:00,105.33124097857223,105.7463181748915,103.21631521827469,105.09404754638672,1679400,0.0,0.0,104.99126281738282
2023-03-27 00:00:00-04:00,105.48935184527582,106.30962875122158,103.82903568601334,104.11563873291016,1133000,0.0,0.0,104.76395874023437
2023-03-28 00:00:00-04:00,103.35466593650358,103.76974309930007,101.00254693398422,102.98899841308594,1392400,0.0,0.0,104.33899688720703
2023-03-29 00:00:00-04:00,104.91616767413235,107.17932998849368,104.47143562728981,106.13175201416016,1689700,0.0,0.0,104.93591918945313
2023-03-30 00:00:00-04:00,107.40662692434435,107.57463327195623,105.57830436856067,106.33927917480469,1760600,0.0,0.0,104.93394317626954
2023-03-31 00:00:00-04:00,105.95386291473223,107.44617296705353,105.35100943465555,106.25035095214844,1598200,0.0,0.0,105.16520385742187
2023-04-03 00:00:00-04:00,105.25217227000913,105.98349980650592,103.7697473084597,105.54866027832031,1236600,0.0,0.0,105.45180816650391
2023-04-04 00:00:00-04:00,105.65737544995744,106.05268275377264,101.52635078905921,101.88212585449219,1502500,0.0,0.0,105.23043365478516
2023-04-05 00:00:00-04:00,100.90372407528098,101.14090995761569,99.0655165221796,100.0439224243164,1818500,0.0,0.0,104.0128677368164
2023-04-06 00:00:00-04:00,98.75914336608601,99.97473505524044,98.08711046883043,99.21375274658203,1216800,0.0,0.0,102.58776245117187
2023-04-10 00:00:00-04:00,98.22546685408749,101.57574630602569,97.8499219516882,101.52633666992188,1788800,0.0,0.0,101.64295959472656
2023-04-11 00:00:00-04:00,102.38615297575303,102.54428193006478,100.8740806651638,101.08161926269531,948200,0.0,0.0,100.74955139160156
2023-04-12 00:00:00-04:00,102.21814993441112,102.49486807343435,100.20205094152274,100.29100036621094,941600,0.0,0.0,100.43132629394532
2023-04-13 00:00:00-04:00,100.36018317194242,101.29904939422879,99.31259763149205,100.74561309814453,975900,0.0,0.0,100.57166442871093
2023-04-14 00:00:00-04:00,100.56770246402331,101.55598568289932,98.49230921238421,99.56953430175781,1369600,0.0,0.0,100.6428207397461
2023-04-17 00:00:00-04:00,95.57688154311307,97.21743551764037,94.65777772919198,96.96047973632812,2173200,0.0,0.0,99.72964935302734
2023-04-18 00:00:00-04:00,97.64240536032737,98.59115654308307,97.00990457182357,98.4824447631836,1123500,0.0,0.0,99.209814453125
2023-04-19 00:00:00-04:00,97.0988317411926,97.84004419723225,96.51574822830953,97.40519714355469,1146700,0.0,0.0,98.63265380859374
2023-04-20 00:00:00-04:00,96.71341226017181,99.5102560377804,96.68376496514477,98.24525451660156,1315200,0.0,0.0,98.13258209228516
2023-04-21 00:00:00-04:00,98.08711989766225,98.30454343532209,96.74305397394993,96.84188079833984,988100,0.0,0.0,97.58705139160156
2023-04-24 00:00:00-04:00,96.81222636017033,97.54355385468696,95.69546900097583,96.4564437866211,836700,0.0,0.0,97.48624420166016
2023-04-25 00:00:00-04:00,95.97217809308161,96.38725520991247,93.20498223420498,93.24451446533203,1750000,0.0,0.0,96.43865814208985
2023-04-26 00:00:00-04:00,93.69913575092893,93.95609151599089,91.57433272215702,92.23648071289062,2282000,0.0,0.0,95.40491485595703
2023-04-27 00:00:00-04:00,88.94549731924342,90.19073639291373,87.50260460086497,89.31116485595703,3472000,0.0,0.0,93.61809692382812
2023-04-28 00:00:00-04:00,89.45940192190085,90.34885840908348,88.63913250483553,90.309326171875,1638700,0.0,0.0,92.31158599853515
2023-05-01 00:00:00-04:00,90.61569821934538,91.62374386807264,90.42792197948313,91.21855163574219,1757500,0.0,0.0,91.26400756835938
2023-05-02 00:00:00-04:00,91.41620030190286,91.76209793017976,89.94366037580812,91.22842407226562,1620400,0.0,0.0,90.8607894897461
2023-05-03 00:00:00-04:00,91.15924949953178,92.74050127185608,90.79358950405869,91.08019256591797,1471200,0.0,0.0,90.62953186035156
2023-05-04 00:00:00-04:00,90.92206444048551,91.06042350056424,88.67866464634888,88.92573547363281,1311500,0.0,0.0,90.55244598388671
2023-05-05 00:00:00-04:00,89.88436900936439,91.68304443163632,89.21233601972412,91.54468536376953,2098700,0.0,0.0,90.79951782226563
2023-05-08 00:00:00-04:00,91.58420040958357,91.87080343636035,89.83494249994862,90.34884643554688,1113100,0.0,0.0,90.62557678222656
2023-05-09 00:00:00-04:00,89.27164131061541,89.36058319739259,87.91769033853225,89.23210906982422,1693300,0.0,0.0,90.22631378173828
2023-05-10 00:00:00-04:00,90.42792285454101,90.45757014743705,89.06409460129994,89.89424896240234,1442500,0.0,0.0,89.98912506103515
2023-05-11 00:00:00-04:00,90.14131874030475,90.27967779887749,89.2716321521328,90.1116714477539,1326000,0.0,0.0,90.22631225585937
2023-05-12 00:00:00-04:00,90.36863540368581,90.50699447479352,88.41183097801378,89.86460876464844,1210700,0.0,0.0,89.89029693603516
2023-05-15 00:00:00-04:00,90.14132335790467,93.28406470933929,89.50882261774204,93.11605834960938,1247200,0.0,0.0,90.44373931884766
2023-05-16 00:00:00-04:00,92.6120223635872,94.01538276763618,92.19694520858727,92.3353042602539,1033100,0.0,0.0,91.06437835693359
2023-05-17 00:00:00-04:00,93.29393449953821,94.42057673119345,92.27600402181481,93.8078384399414,1431200,0.0,0.0,91.8470962524414
2023-05-18 00:00:00-04:00,94.40081774983733,98.17605966429265,94.28222857912351,97.41508483886719,2447700,0.0,0.0,93.30777893066406
2023-05-19 00:00:00-04:00,97.53367746784689,97.99817180704574,95.41875189192261,95.9623031616211,1885000,0.0,0.0,94.52731781005859
2023-05-22 00:00:00-04:00,95.56699869349463,97.11860328004245,95.54723634373131,96.66399383544922,1269200,0.0,0.0,95.23690490722656
2023-05-23 00:00:00-04:00,95.90216041541846,96.48590046764949,94.46753914755116,94.53679656982422,1725300,0.11,0.0,95.67720336914063
2023-05-24 00:00:00-04:00,93.58695928453172,94.42795188080116,92.04350401809357,93.39897918701172,1959900,0.0,0.0,95.59543151855469
2023-05-25 00:00:00-04:00,94.50710523058967,97.34667454712606,93.7254890114958,96.2385482788086,3968600,0.0,0.0,95.36012420654296
2023-05-26 00:00:00-04:00,97.35654785909797,103.48090270481102,97.21803305150452,102.61023712158203,3136200,0.0,0.0,96.68971099853516
2023-05-30 00:00:00-04:00,105.11343085544787,105.17279974951225,99.99825525321313,101.6307601928711,2139700,0.0,0.0,97.68306427001953
2023-05-31 00:00:00-04:00,99.34526233581802,101.1657474689509,98.3162895242022,99.12759399414062,2176600,0.0,0.0,98.60122375488281
2023-06-01 00:00:00-04:00,99.45408555837284,102.90708313604706,98.56363517066737,102.00672912597656,1694500,0.0,0.0,100.32277374267578
2023-06-02 00:00:00-04:00,102.85760870038824,102.99612353845642,100.42369541198582,102.12545776367188,1149800,0.0,0.0,101.50015563964844
2023-06-05 00:00:00-04:00,101.75938770359066,102.15514765456608,99.7014419973131,100.44348907470703,1084000,0.0,0.0,101.06680603027344
2023-06-06 00:00:00-04:00,99.35513486718521,102.06608507903586,99.02863240723002,101.97703552246094,1335000,0.0,0.0,101.13606109619141
2023-06-07 00:00:00-04:00,103.025788093947,104.67808491555068,102.08586504716824,103.11483764648438,1566100,0.0,0.0,101.93350982666016
2023-06-08 00:00:00-04:00,103.43145509453677,103.85689566145778,101.89788832927695,103.56007385253906,1129700,0.0,0.0,102.24417877197266
2023-06-09 00:00:00-04:00,104.7968223492646,105.36077776646874,103.59965409690118,103.90636444091797,1599100,0.0,0.0,102.60036010742188
2023-06-12 00:00:00-04:00,105.28163260008786,108.46748139801909,104.66820435903671,108.29928588867188,2198800,0.0,0.0,104.17151947021485
2023-06-13 00:00:00-04:00,109.87244073390767,110.97067101687858,109.28869310539031,110.20883178710938,2137600,0.0,0.0,105.81787872314453
2023-06-14 00:00:00-04:00,109.24911201995062,110.98055513899862,108.26961202618149,109.18975067138672,1855200,0.0,0.0,107.032861328125
2023-06-15 00:00:00-04:00,107.56713213119482,109.67454285070338,107.45829796953787,108.92259979248047,1553300,0.0,0.0,108.10536651611328
2023-06-16 00:00:00-04:00,110.07030424358116,110.5847868387089,108.88303207113724,109.88231658935547,3381500,0.0,0.0,109.30055694580078
2023-06-20 00:00:00-04:00,109.88232416158878,110.80246280061394,106.62721021382221,107.53746032714844,1793900,0.0,0.0,109.1481918334961
2023-06-21 00:00:00-04:00,106.3402936308995,107.82438774575196,105.62792724801142,105.75654602050781,1450600,0.0,0.0,108.25773468017579
2023-06-22 00:00:00-04:00,105.13322013689664,106.6865715411174,104.52968797839439,106.65689086914062,1689800,0.0,0.0,107.75116271972657
2023-06-23 00:00:00-04:00,104.83638828673338,105.87525699744923,103.92614587359648,104.04487609863281,2161300,0.0,0.0,106.77561798095704
2023-06-26 00:00:00-04:00,104.31201429729725,106.4590016763063,104.18339554250362,104.86607360839844,1548800,0.0,0.0,105.77236938476562
2023-06-27 00:00:00-04:00,105.49927574063763,109.28866362087255,104.38126115848229,109.12046813964844,2173900,0.0,0.0,106.08897094726562
2023-06-28 00:00:00-04:00,107.35936507438115,108.24982300896883,106.35017689901754,106.50848388671875,1626500,0.0,0.0,106.2393585205078
2023-06-29 00:00:00-04:00,106.94381524290478,108.62579305419594,106.1819836070119,108.23992919921875,1618200,0.0,0.0,106.55596618652343
2023-06-30 00:00:00-04:00,109.07100670576368,111.37630106592377,108.724719635212,110.14945220947266,2273500,0.0,0.0,107.77688140869141
2023-07-03 00:00:00-04:00,110.5749002191239,110.89150664046423,108.35864772124918,110.34733581542969,639400,0.0,0.0,108.87313385009766
2023-07-05 00:00:00-04:00,109.21941552613926,109.34803427889601,106.68656437436934,106.94380187988281,1900800,0.0,0.0,108.43780059814453
2023-07-06 00:00:00-04:00,105.37067749021506,106.30071217653837,104.95513296808907,105.91484832763672,1792100,0.0,0.0,108.31907348632812
2023-07-07 00:00:00-04:00,106.10283747054022,107.06255291176235,105.0837606778176,105.2123794555664,1990300,0.0,0.0,107.71356353759765
2023-07-10 00:00:00-04:00,105.41024693043867,108.27949673628312,105.41024693043867,108.25970458984375,1142500,0.0,0.0,107.33561401367187
2023-07-11 00:00:00-04:00,108.63567988727027,108.67524908316472,106.21165524591369,108.25970458984375,1161700,0.0,0.0,106.91808776855468
2023-07-12 00:00:00-04:00,110.0604019165039,110.26817415745148,108.77419172752009,110.0604019165039,1344800,0.0,0.0,107.54140777587891
2023-07-13 00:00:00-04:00,110.81234425633107,113.13742318415392,110.62435661395024,112.81092071533203,1977400,0.0,0.0,108.92062225341797
2023-07-14 00:00:00-04:00,113.12753016423628,113.75085444853458,111.48513679990108,111.89078521728516,1752200,0.0,0.0,110.25630340576171
2023-07-17 00:00:00-04:00,112.33601842750295,116.00667654057985,112.20739966990446,115.01728057861328,1788700,0.0,0.0,111.60781860351562
2023-07-18 00:00:00-04:00,115.56145826370211,116.39254729800457,114.50280482324963,115.90774536132812,1310600,0.0,0.0,113.1374267578125
2023-07-19 00:00:00-04:00,115.90774231168277,116.15509131040659,114.01799233815639,114.08724975585938,1410400,0.0,0.0,113.94279632568359
2023-07-20 00:00:00-04:00,111.6928959124563,112.42504672138817,110.61445806879253,111.0794677734375,2179700,0.0,0.0,113.59650573730468
2023-07-21 00:00:00-04:00,112.74166029732152,114.43353393667336,112.13812819170285,113.83000183105469,1772500,0.0,0.0,113.98434906005859
2023-07-24 00:00:00-04:00,114.09714370172327,115.75932924409092,112.9098715493859,113.91905212402344,1565300,0.0,0.0,113.76470336914062
2023-07-25 00:00:00-04:00,114.35439536460156,116.78830870121443,114.35439536460156,115.98690032958984,1256700,0.0,0.0,113.78053436279296
2023-07-26 00:00:00-04:00,114.11693639586616,115.12612459059213,111.99962945994183,113.42436218261719,2725300,0.0,0.0,113.64795684814453
2023-07-27 00:00:00-04:00,117.26321352292035,117.93600312163778,108.98197362744169,109.44699096679688,4265600,0.0,0.0,113.3214614868164
2023-07-28 00:00:00-04:00,111.73248490796647,111.73248490796647,108.68514357107767,111.11905670166016,3063900,0.0,0.0,112.7792724609375
2023-07-31 00:00:00-04:00,111.0695962870822,112.3953832944178,110.40669523492203,111.74238586425781,1491100,0.0,0.0,112.34393920898438
2023-08-01 00:00:00-04:00,110.8123457770723,111.69290756374288,109.98125680702042,110.0505142211914,1544100,0.0,0.0,111.15666198730469
2023-08-02 00:00:00-04:00,108.03215069300839,108.37843778022467,105.74664082039622,106.65689086914062,1912600,0.0,0.0,109.80316772460938
2023-08-03 00:00:00-04:00,105.78621316024748,107.11200765843685,104.72755979570833,106.41942596435547,1652600,0.0,0.0,109.1976547241211
2023-08-04 00:00:00-04:00,106.12262332228545,107.79469752776559,105.0243930937401,106.27103424072266,1193500,0.0,0.0,108.2280502319336
2023-08-07 00:00:00-04:00,107.78481442714937,107.89364860291501,106.48870039262047,107.76502227783203,1096000,0.0,0.0,107.43257751464844
2023-08-08 00:00:00-04:00,105.7466366881407,105.95440893235137,103.39187703859446,105.14310455322266,1685100,0.0,0.0,106.45109558105469
2023-08-09 00:00:00-04:00,105.06395775418395,106.54805167082394,104.23286123564972,105.35088348388672,1556200,0.0,0.0,106.18989410400391
2023-08-10 00:00:00-04:00,106.08303897433773,107.83426655065867,105.15300433068565,105.29151916503906,1761900,0.0,0.0,105.96431274414063
2023-08-11 00:00:00-04:00,103.19400002178656,103.27314596048578,100.3445348708391,100.65125274658203,1773300,0.0,0.0,104.8403564453125
2023-08-14 00:00:00-04:00,100.65124960197005,103.64911801212466,100.21591298451148,103.62932586669922,1463400,0.0,0.0,104.01321716308594
2023-08-15 00:00:00-04:00,102.74877186313866,103.02580153207121,100.60178438041902,100.7897720336914,1377500,0.0,0.0,103.14255065917969
2023-08-16 00:00:00-04:00,101.09647671524263,101.98693456445923,100.11697685535032,100.17633819580078,1404700,0.0,0.0,102.1076416015625
2023-08-17 00:00:00-04:00,100.53253188405493,100.94807640779385,99.26610616495002,99.55303192138672,1072000,0.0,0.0,100.95994415283204
2023-08-18 00:00:00-04:00,98.52405568818,100.46327094622937,98.33606803228741,99.98835754394531,1385500,0.0,0.0,100.82736511230469
2023-08-21 00:00:00-04:00,100.03783044580301,101.98694177905472,99.76080077278108,101.65054321289062,1250900,0.0,0.0,100.43160858154297
2023-08-22 00:00:00-04:00,103.12474793227392,103.18410927648634,100.99754503225101,101.66043853759766,843300,0.0,0.0,100.60574188232422
2023-08-23 00:00:00-04:00,101.5318198643694,104.79682212327639,101.5318198643694,104.20318603515625,1107300,0.0,0.0,101.4111114501953
2023-08-24 00:00:00-04:00,105.44983077452625,105.44983077452625,100.75019962821627,101.02722930908203,1586000,0.0,0.0,101.70595092773438
2023-08-25 00:00:00-04:00,101.57140092139161,103.24347509324623,100.53253206171573,102.67951965332031,1285500,0.0,0.0,102.24418334960937
2023-08-28 00:00:00-04:00,103.35230170411678,104.50000464797053,102.68940821852479,103.46113586425781,917700,0.0,0.0,102.6063018798828
2023-08-29 00:00:00-04:00,102.66962124595256,106.51837869231721,102.66962124595256,106.23145294189453,1435900,0.0,0.0,103.52050476074218
2023-08-30 00:00:00-04:00,105.81590087837293,107.12190331738746,105.03428466850558,106.23145294189453,909000,0.0,0.0,103.92615814208985
2023-08-31 00:00:00-04:00,105.63721334522968,107.38033081027349,105.63721334522968,106.83560943603516,1621100,0.11,0.0,105.08783416748047
2023-09-01 00:00:00-04:00,107.97457234311568,108.12313546095008,106.55828472473132,107.4199447631836,624600,0.0,0.0,106.03591918945312
2023-09-05 00:00:00-04:00,106.83560091391955,106.94454669132364,104.91420181013882,105.59758758544922,1368300,0.0,0.0,106.46320953369141
2023-09-06 00:00:00-04:00,105.00334149772505,106.44934780237809,103.87427387832628,104.56756591796875,1463700,0.0,0.0,106.13043212890625
2023-09-07 00:00:00-04:00,102.3391413465396,103.00271471437641,97.87238689077638,98.73404693603516,3224300,0.0,0.0,104.63095092773438
2023-09-08 00:00:00-04:00,98.50623820108574,99.5758834716143,98.03084534056188,98.74393463134766,1666700,0.0,0.0,103.01261596679687
2023-09-11 00:00:00-04:00,100.0314830161889,100.0314830161889,96.67399126994624,97.95162200927734,1404000,0.0,0.0,101.11895141601562
2023-09-12 00:00:00-04:00,97.6247856769779,98.82318175749636,96.85226651401841,96.89188385009766,1235000,0.0,0.0,99.37781066894532
2023-09-13 00:00:00-04:00,96.10944581870919,97.89218037031065,96.0698284878425,96.72350311279297,1620900,0.0,0.0,97.80899810791016
2023-09-14 00:00:00-04:00,97.981329457121,98.07046279185865,96.58484676302707,97.0206298828125,1133200,0.0,0.0,97.46631469726563
2023-09-15 00:00:00-04:00,96.17879378430409,96.41649026152668,93.9800805903496,94.57432556152344,3275400,0.0,0.0,96.63239288330078
2023-09-18 00:00:00-04:00,94.2177638415775,96.01041228347349,94.00977850867471,95.83213806152344,1239500,0.0,0.0,96.20849609375
2023-09-19 00:00:00-04:00,95.74300168694397,97.17910175265543,95.18837410638454,96.85226440429688,2014300,0.0,0.0,96.20057220458985
2023-09-20 00:00:00-04:00,97.46631080920191,97.96151610938588,94.99028430828203,95.06951141357422,1161000,0.0,0.0,95.8697738647461
2023-09-21 00:00:00-04:00,94.46537085196735,95.7231966858563,94.2970028446701,94.69316864013672,1487800,0.0,0.0,95.40428161621094
2023-09-22 00:00:00-04:00,95.68357204797931,96.1193551453564,94.26728453773724,94.48517608642578,1019800,0.0,0.0,95.3864517211914
2023-09-25 00:00:00-04:00,94.08901163110818,95.89155870958112,94.02958941017802,95.51520538330078,966500,0.0,0.0,95.32306518554688
2023-09-26 00:00:00-04:00,96.38676630420271,96.68389252831906,94.6040240719721,94.91105651855469,1410600,0.0,0.0,94.93482360839843
2023-09-27 00:00:00-04:00,95.92127194125264,96.40657105412592,94.58421904712124,95.55482482910156,1852700,0.0,0.0,95.03188629150391
2023-09-28 00:00:00-04:00,95.46567694857205,99.70463309954094,95.3270200693335,98.72412872314453,1583900,0.0,0.0,95.83807830810547
2023-09-29 00:00:00-04:00,100.14041911468888,100.55638976459193,99.29857159286603,99.49665069580078,1331200,0.0,0.0,96.84037322998047
2023-10-02 00:00:00-04:00,99.54618908419089,100.65544431590207,98.70434143691448,99.70465087890625,1357800,0.0,0.0,97.67826232910156
2023-10-03 00:00:00-04:00,99.14010142365515,99.88290938770287,96.94138864107657,97.6148681640625,1152500,0.0,0.0,98.21902465820312
2023-10-04 00:00:00-04:00,98.19921659740668,99.75416100201836,97.39697883970454,99.3084716796875,1002700,0.0,0.0,98.96975402832031
2023-10-05 00:00:00-04:00,98.82316853537198,99.9819471247715,97.31774774695123,98.5854721069336,1069900,0.0,0.0,98.94202270507813
2023-10-06 00:00:00-04:00,97.81297022840758,100.42765406920476,97.03054480962012,99.70465087890625,1242200,0.0,0.0,98.98362274169922
2023-10-09 00:00:00-04:00,98.43691758621104,98.58548070052258,97.03053622402744,98.10018157958984,953400,0.0,0.0,98.66272888183593
2023-10-10 00:00:00-04:00,98.27844601733136,99.66501479618466,98.05064825724368,98.6349868774414,1241800,0.0,0.0,98.86675262451172
2023-10-11 00:00:00-04:00,98.79347373713439,99.46695335909557,97.58517139571278,98.60529327392578,991500,0.0,0.0,98.72611694335937
2023-10-12 00:00:00-04:00,98.61518675340311,100.4969684736057,97.56535389692768,98.4369125366211,1135500,0.0,0.0,98.69640502929687
2023-10-13 00:00:00-04:00,98.545861161138,98.5854784944835,94.36632694611043,94.68325805664062,1532800,0.0,0.0,97.69212646484375
2023-10-16 00:00:00-04:00,94.74269274473863,96.34715326909533,94.50498873234689,96.06983947753906,1900700,0.0,0.0,97.28605804443359
2023-10-17 00:00:00-04:00,94.23757883376396,96.4858077793533,92.9896592463803,95.59443664550781,1540200,0.0,0.0,96.67794799804688
2023-10-18 00:00:00-04:00,93.71266387538711,94.49508924115615,92.18743047890197,93.17784118652344,1410900,0.0,0.0,95.5924575805664
2023-10-19 00:00:00-04:00,93.98006180450945,94.29699289619924,91.38518329638897,91.85067749023438,1927300,0.0,0.0,94.27521057128907
2023-10-20 00:00:00-04:00,91.44462150929337,92.32608642552745,90.65228992883772,90.86027526855469,1264000,0.0,0.0,93.51061401367187
2023-10-23 00:00:00-04:00,90.12737615114324,91.9200171489018,89.7807339079626,90.04814147949219,1325100,0.0,0.0,92.3062744140625
2023-10-24 00:00:00-04:00,90.41460570144912,91.24654717279732,89.57275800604154,90.73153686523438,1342900,0.0,0.0,91.33369445800781
2023-10-25 00:00:00-04:00,89.98870965302443,90.25611719602445,85.69032362747444,87.06700134277344,2722900,0.0,0.0,90.11152648925781
2023-10-26 00:00:00-04:00,84.58107813960312,88.92898065452457,83.96702076467986,84.30376434326172,2954300,0.0,0.0,88.60214385986328
2023-10-27 00:00:00-04:00,84.01653799360804,84.44241487911151,81.96638823228515,83.03602600097656,2015500,0.0,0.0,87.03729400634765
2023-10-30 00:00:00-04:00,83.01622405241272,83.39257739581409,81.1641533347548,82.65967559814453,1656300,0.0,0.0,85.55960083007812
2023-10-31 00:00:00-04:00,82.59034094720865,83.26382047064949,81.8574392045985,82.47148895263672,1540200,0.0,0.0,83.9075912475586
2023-11-01 00:00:00-04:00,82.47150421536794,82.69930202473026,80.30250969571347,81.96640014648438,2091200,0.0,0.0,82.88747100830078
2023-11-02 00:00:00-04:00,82.97659788941966,85.8983136590193,82.93698055913461,85.0762710571289,2277600,0.0,0.0,83.04197235107422
2023-11-03 00:00:00-04:00,86.30437367638524,87.49286329948615,86.02705993474389,86.85900115966797,1606700,0.0,0.0,83.8065673828125
2023-11-06 00:00:00-05:00,87.28488476774064,87.54239364335068,85.80917506733827,86.7698745727539,1250200,0.0,0.0,84.62860717773438
2023-11-07 00:00:00-05:00,86.74016343077687,87.12642296593042,85.91812080725184,86.1954345703125,1284300,0.0,0.0,85.37339630126954
2023-11-08 00:00:00-05:00,86.13601245224157,86.54207687541751,85.23473516500636,85.55166625976562,1434400,0.0,0.0,86.09044952392578
2023-11-09 00:00:00-05:00,86.09639901873601,86.17563368507138,83.84817014416414,84.1155776977539,2676700,0.0,0.0,85.89831085205078
2023-11-10 00:00:00-05:00,85.18521926127654,87.61172224978834,84.38298152348108,87.27498626708984,1798300,0.0,0.0,85.98150787353515
2023-11-13 00:00:00-05:00,86.5916055331495,87.06700598142928,84.92771529852097,85.78937530517578,1703300,0.0,0.0,85.78540802001953
2023-11-14 00:00:00-05:00,88.68136718694565,89.988708893741,88.29510765240839,89.78072357177734,2095400,0.0,0.0,86.5024658203125
2023-11-15 00:00:00-05:00,90.23631131598623,91.6030752380631,89.56283179868025,90.49382019042969,1371900,0.0,0.0,87.49089660644532
2023-11-16 00:00:00-05:00,90.36506309943613,90.90979196441468,89.51330935941513,89.86985778808594,1995600,0.0,0.0,88.64175262451172
2023-11-17 00:00:00-05:00,90.13728654661055,91.21683066195006,89.71140961206503,91.20692443847656,1330800,0.0,0.0,89.42814025878906
2023-11-20 00:00:00-05:00,91.43470950781743,92.4647374748175,91.08806729686391,92.18742370605469,1665700,0.0,0.0,90.70774993896484
2023-11-21 00:00:00-05:00,91.87049180296762,92.32607978427613,90.39477452942694,90.88008117675781,1427100,0.0,0.0,90.92762145996093
2023-11-22 00:00:00-05:00,91.89028666941051,93.0292602765847,91.08805656766458,91.55355072021484,1306400,0.0,0.0,91.13956756591797
2023-11-24 00:00:00-05:00,91.6031360386988,92.02952029527815,91.37507443938651,91.71221160888672,472300,0.11,0.0,91.50803833007812
2023-11-27 00:00:00-05:00,90.95862913723735,91.67256817197386,90.36366859376723,91.15694427490234,818500,0.0,0.0,91.49804229736328
2023-11-28 00:00:00-05:00,90.6611295508607,91.2065074111073,89.76869649101894,90.47272491455078,1063700,0.0,0.0,91.1551025390625
2023-11-29 00:00:00-05:00,91.82127658487492,93.37807332993007,91.69237254645097,91.97993469238281,1724600,0.0,0.0,91.3750732421875
2023-11-30 00:00:00-05:00,92.15842748658302,92.76329832302719,90.52230157759857,91.45439910888672,2072900,0.0,0.0,91.35524291992188
2023-12-01 00:00:00-05:00,90.98835523063794,93.12027652563367,90.35373785425351,93.07069396972656,934500,0.0,0.0,91.62693939208984
2023-12-04 00:00:00-05:00,92.33693000707038,92.66414919309591,90.50248113406231,92.37659454345703,1381400,0.0,0.0,91.87086944580078
2023-12-05 00:00:00-05:00,91.43456901431155,91.44448703865312,89.48113430700127,90.47272491455078,1352600,0.0,0.0,91.87086944580078
2023-12-06 00:00:00-05:00,91.89071496937882,92.45592140646363,90.35375381286121,90.45291137695312,1601100,0.0,0.0,91.56546478271484
2023-12-07 00:00:00-05:00,91.13710444411059,92.24768118118989,90.34382886170827,91.83121490478516,1331900,0.0,0.0,91.64082794189453
2023-12-08 00:00:00-05:00,91.48414662126204,92.78312782599825,91.06767283904419,91.5138931274414,1688300,0.0,0.0,91.3294677734375
2023-12-11 00:00:00-05:00,92.57489443217679,96.52142058801093,92.57489443217679,95.91655731201172,2222200,0.0,0.0,92.03746032714844
2023-12-12 00:00:00-05:00,95.52984619140625,96.35286830343901,95.28194851177494,95.52984619140625,913000,0.0,0.0,93.04888458251953
2023-12-13 00:00:00-05:00,95.37118103997452,98.19721264297533,94.73656368229138,97.33453369140625,1403200,0.0,0.0,94.42520904541016
2023-12-14 00:00:00-05:00,98.65335203259792,104.77147211639031,98.65335203259792,104.50373840332031,3680700,0.0,0.0,96.95971374511718
2023-12-15 00:00:00-05:00,103.3038956626666,105.35648763684084,103.22456660926012,104.2756576538086,4609900,0.0,0.0,99.51206665039062
2023-12-18 00:00:00-05:00,104.18644305232404,104.58308087775346,102.76846793294901,104.3946762084961,2556800,0.0,0.0,101.2076904296875
2023-12-19 00:00:00-05:00,105.10860999676969,106.04070763837139,104.5929861820933,104.98961639404297,1379500,0.0,0.0,103.09964447021484
2023-12-20 00:00:00-05:00,104.1864222094429,105.8622127148845,102.56021425922475,102.73870086669922,1870700,0.0,0.0,104.18047790527343
2023-12-21 00:00:00-05:00,105.09868121095884,106.12001827610472,104.79129055860035,105.69363403320312,1812100,0.0,0.0,104.41845703125
2023-12-22 00:00:00-05:00,106.10019990389358,106.91330393699621,105.65398713599977,106.72489929199219,832200,0.0,0.0,104.90830535888672
2023-12-26 00:00:00-05:00,107.17111265067604,109.91781525288461,107.17111265067604,109.4220199584961,1389000,0.0,0.0,105.91377410888671
2023-12-27 00:00:00-05:00,110.06655456680747,110.3144522122282,108.86673087079939,109.81865692138672,1261700,0.0,0.0,106.87958221435547
2023-12-28 00:00:00-05:00,110.13596797212502,110.24504354367343,108.99563726563277,109.51126861572266,874600,0.0,0.0,108.23409576416016
2023-12-29 00:00:00-05:00,109.01547099205051,109.70958137326768,107.43883803294902,107.60740661621094,1365800,0.0,0.0,108.61685028076172
2024-01-02 00:00:00-05:00,106.10019695737377,106.10019695737377,102.7684518495682,103.88894653320312,2383800,0.0,0.0,108.0496597290039
2024-01-03 00:00:00-05:00,101.84626655467484,102.22306824785586,100.22997664877715,100.89434051513672,1376800,0.0,0.0,106.34412384033203
2024-01-04 00:00:00-05:00,99.34747384519606,101.66779243299528,99.10948663216287,100.72578430175781,1441900,0.0,0.0,104.52554931640626
2024-01-05 00:00:00-05:00,100.84475253892096,102.3023918091479,100.71584849521341,101.90575408935547,1404500,0.0,0.0,103.00444641113282
2024-01-08 00:00:00-05:00,102.31232482040996,105.14827471929924,102.20324924235757,104.9995346069336,1421600,0.0,0.0,102.48287200927734
2024-01-09 00:00:00-05:00,103.48239869708728,104.91029162440486,103.284083597287,104.35499572753906,1055100,0.0,0.0,102.57608184814453
2024-01-10 00:00:00-05:00,104.57314837581383,104.6128129093898,102.42139849466128,103.9980239868164,1148100,0.0,0.0,103.19681854248047
2024-01-11 00:00:00-05:00,103.94843751971351,104.79128796076782,102.0941604972057,104.2161636352539,1803500,0.0,0.0,103.89489440917968
2024-01-12 00:00:00-05:00,104.1170087531672,105.22759290335246,102.73869848060603,103.92860412597656,1191100,0.0,0.0,104.29946441650391
2024-01-16 00:00:00-05:00,103.11548785467627,104.42438693435638,102.34204852103368,103.21464538574219,1671000,0.0,0.0,103.94248657226562
2024-01-17 00:00:00-05:00,101.61820106783345,102.1338248158702,99.90274611843614,101.99500274658203,1366100,0.0,0.0,103.47048797607422
2024-01-18 00:00:00-05:00,103.91869903717019,105.53498900927734,103.46256069879787,105.12843322753906,2416600,0.0,0.0,103.69656982421876
2024-01-19 00:00:00-05:00,106.33817529013699,108.16270595318561,104.75163182133558,107.80573272705078,1934500,0.0,0.0,104.41448364257812
2024-01-22 00:00:00-05:00,109.07496793422683,111.01848463686292,108.07345929220102,109.1642074584961,1827700,0.0,0.0,105.46160430908203
2024-01-23 00:00:00-05:00,109.66992512638613,110.5722762553658,108.47010133951545,110.3045425415039,1173300,0.0,0.0,106.87958374023438
2024-01-24 00:00:00-05:00,111.10772630428941,112.64468714739883,109.53109336534831,109.73932647705078,1920900,0.0,0.0,108.42844848632812
2024-01-25 00:00:00-05:00,111.73242083234962,111.76216733770796,108.8369783105297,109.02537536621094,2007700,0.0,0.0,109.2078369140625
2024-01-26 00:00:00-05:00,107.8255668058915,107.90489587475712,103.93853321431357,104.57315063476562,2095700,0.0,0.0,108.56132049560547
2024-01-29 00:00:00-05:00,103.33365750590063,105.44574280104383,103.21466390812675,105.17801666259766,1720900,0.0,0.0,107.76408233642579
2024-01-30 00:00:00-05:00,104.00792940188609,105.54489773936369,103.44272310611576,103.71044921875,2111100,0.0,0.0,106.445263671875
2024-01-31 00:00:00-05:00,94.68697715480342,97.95922891480821,91.51389049952964,95.77772521972656,6316100,0.0,0.0,103.65294342041015
2024-02-01 00:00:00-05:00,96.3132063976267,96.3132063976267,92.58483064110327,94.3399429321289,2896400,0.0,0.0,100.71585693359376
2024-02-02 00:00:00-05:00,94.15152121795484,95.87689424980755,93.08060915622721,95.55958557128906,1809000,0.0,0.0,98.91314392089843
2024-02-05 00:00:00-05:00,95.50009055072805,96.35285909235623,93.8441360247527,95.44059753417969,1957800,0.0,0.0,96.96566009521484
2024-02-06 00:00:00-05:00,95.85705133597426,96.96763541385867,95.42075666253422,96.92797088623047,1543200,0.0,0.0,95.60916442871094
2024-02-07 00:00:00-05:00,97.81049710654963,97.81049710654963,95.50008917097794,96.69000244140625,1380300,0.0,0.0,95.79161987304687
2024-02-08 00:00:00-05:00,96.58092796497203,98.73267779613957,96.58092796497203,97.64192962646484,1887800,0.0,0.0,96.45201721191407
2024-02-09 00:00:00-05:00,98.48476958810478,101.55869866971354,97.97905630749231,101.44962310791016,1653900,0.0,0.0,97.63002471923828
2024-02-12 00:00:00-05:00,101.39014795434966,103.88895316202661,101.05301075138959,102.04460144042969,1361900,0.0,0.0,98.95082550048828
2024-02-13 00:00:00-05:00,98.52444456422889,99.2284729962848,96.65033889848834,98.07823181152344,1886300,0.0,0.0,99.18087768554688
2024-02-14 00:00:00-05:00,99.35737659348446,100.95383808879838,99.17888998018117,100.71585845947266,1453900,0.0,0.0,99.98604888916016
2024-02-15 00:00:00-05:00,102.84035513042956,103.19775055396994,100.96403294393436,101.81781005859375,2115900,0.12,0.0,100.82122497558593
2024-02-16 00:00:00-05:00,102.42340767988175,103.34667803066193,100.894550992881,101.50013732910156,1608800,0.0,0.0,100.83132781982422
2024-02-20 00:00:00-05:00,99.88194014551448,101.07325336121875,98.12474444203826,99.44512176513672,1446200,0.0,0.0,100.31143188476562
2024-02-21 00:00:00-05:00,97.55886493503893,98.88917195165173,97.10219463804776,98.85939025878906,1110600,0.0,0.0,100.46766357421875
2024-02-22 00:00:00-05:00,100.77542154649883,102.59217293275586,99.62381229042109,101.7384033203125,1858500,0.0,0.0,100.67217254638672
2024-02-23 00:00:00-05:00,101.74832932667246,101.97666826505966,99.30613201759516,99.41533660888672,1451200,0.0,0.0,100.19167785644531
2024-02-26 00:00:00-05:00,100.16982762215387,101.81781091190493,99.46496652375961,101.41078186035156,1272700,0.0,0.0,100.1738067626953
2024-02-27 00:00:00-05:00,102.16529812438857,102.16529812438857,99.31606407727789,99.54439544677734,1675400,0.0,0.0,100.19366149902343
2024-02-28 00:00:00-05:00,98.27365092842041,99.96135332305329,98.04531957847627,99.62380981445312,1226200,0.0,0.0,100.34654541015625
2024-02-29 00:00:00-05:00,101.17253472323817,103.08856106009792,100.67615295948767,102.84037017822266,2391900,0.0,0.0,100.56693878173829
2024-03-01 00:00:00-05:00,103.30697072342875,106.01721849862015,102.01638267624901,105.11380004882812,2008900,0.0,0.0,101.70663146972656
2024-03-04 00:00:00-05:00,105.86829153289821,106.15619383640137,104.66704869191291,105.06415557861328,1252200,0.0,0.0,102.4373062133789
2024-03-05 00:00:00-05:00,103.95225458448618,104.65711568876632,101.68875524698181,103.0091323852539,1264900,0.0,0.0,103.13025360107422
2024-03-06 00:00:00-05:00,105.22300612912306,107.00005378552322,104.99467475506623,105.97750854492188,1497400,0.0,0.0,104.40099334716797
2024-03-07 00:00:00-05:00,106.45403188332178,109.75000635223037,106.26540439733688,109.19405364990234,1576700,0.0,0.0,105.6717300415039
2024-03-08 00:00:00-05:00,109.75993085860226,110.11732632688907,105.31235459087559,105.35206604003906,1632700,0.0,0.0,105.7193832397461
2024-03-11 00:00:00-04:00,105.04430535127766,105.82858943891776,103.80335095454039,105.58039855957031,1565600,0.0,0.0,105.8226318359375
2024-03-12 00:00:00-04:00,106.26540572726682,107.63541662770304,104.48835815707105,107.41700744628906,1505400,0.0,0.0,106.70420684814454
2024-03-13 00:00:00-04:00,105.91793706373787,107.53613879352419,104.05153689220714,104.68690490722656,1808400,0.0,0.0,106.44608612060547
2024-03-14 00:00:00-04:00,105.06417068947754,105.46127763329184,101.99652731205158,103.09849548339844,1646700,0.0,0.0,105.22697448730469
2024-03-15 00:00:00-04:00,101.86746082070673,103.58493739167263,101.78803792486741,102.31420135498047,3409700,0.0,0.0,104.61940155029296
2024-03-18 00:00:00-04:00,103.49558691523984,104.47842058387928,101.94687839808874,102.11564636230469,1767200,0.0,0.0,103.92645111083985
2024-03-19 00:00:00-04:00,101.08316458919668,103.03890961208117,100.76548061829354,102.73115539550781,2253300,0.0,0.0,102.9892807006836
2024-03-20 00:00:00-04:00,103.39631341026728,107.01990146776677,103.39631341026728,106.33489227294922,2435200,0.0,0.0,103.31887817382812
2024-03-21 00:00:00-04:00,108.56862148655792,112.18228017109011,108.06230995970428,110.64349365234375,2562700,0.0,0.0,104.82787780761718
2024-03-22 00:00:00-04:00,110.11732296583098,111.45755214390711,109.86913209677301,109.94855499267578,1812700,0.0,0.0,106.35474853515625
2024-03-25 00:00:00-04:00,108.00273389389878,109.4521675852182,107.83396592948533,108.1119384765625,1561800,0.0,0.0,107.55400695800782
2024-03-26 00:00:00-04:00,108.38991971669348,109.42239467020339,107.20852872268212,107.3574447631836,1732700,0.0,0.0,108.47926483154296
2024-03-27 00:00:00-04:00,108.20129154176247,110.87182777550439,107.73469148576606,110.73284149169922,1256500,0.0,0.0,109.35885467529297
2024-03-28 00:00:00-04:00,110.83211307643714,112.46024455970958,110.76261993657249,112.01350402832031,2046900,0.0,0.0,109.63285675048829
2024-04-01 00:00:00-04:00,112.03335456370698,113.99902954043762,111.07037279892491,112.13262939453125,1346600,0.0,0.0,110.06967163085938
2024-04-02 00:00:00-04:00,110.46479954303217,110.88176600048028,108.48920215160311,109.34297943115234,1187200,0.0,0.0,110.31587982177734
2024-04-03 00:00:00-04:00,108.1715062228121,109.62093997261321,107.69498400121992,108.06230163574219,1595600,0.0,0.0,110.45685119628907
2024-04-04 00:00:00-04:00,109.85920330165747,110.24638042814423,104.84574501883424,105.18328094482422,2475900,0.0,0.0,109.34693908691406
2024-04-05 00:00:00-04:00,105.10387344007931,106.9504141378897,104.93509789035573,106.49373626708984,1143900,0.0,0.0,108.24298553466797
2024-04-08 00:00:00-04:00,107.17874305443321,108.37006376007749,106.89084073992379,107.03975677490234,1154700,0.0,0.0,107.22441101074219
2024-04-09 00:00:00-04:00,108.15165062679999,110.45486148438984,107.9233117049659,110.38536834716797,1439400,0.0,0.0,107.43288879394531
2024-04-10 00:00:00-04:00,107.5659211496345,108.30056400137524,105.00458956280089,105.63003540039062,1516900,0.0,0.0,106.946435546875
2024-04-11 00:00:00-04:00,106.90076712194544,108.73737796423262,105.05422652452391,108.66788482666016,1905300,0.0,0.0,107.64335632324219
2024-04-12 00:00:00-04:00,106.83127281662792,107.9332408247917,104.47842077164887,105.10386657714844,1841400,0.0,0.0,107.36538238525391
2024-04-15 00:00:00-04:00,106.66250997678122,107.20852534249195,103.18783782082768,103.66436004638672,1605200,0.0,0.0,106.69030303955078
2024-04-16 00:00:00-04:00,104.20045124742161,105.42155362876952,103.13819465435938,104.17066955566406,1269400,0.0,0.0,105.44736328125
2024-04-17 00:00:00-04:00,103.86291738116097,104.17067163437558,100.80520406330209,101.33136749267578,2237600,0.0,0.0,104.58762969970704
2024-04-18 00:00:00-04:00,100.68607196925522,101.81782174901608,99.29620155970446,99.47489929199219,2113800,0.0,0.0,102.74903259277343
2024-04-19 00:00:00-04:00,99.4054048468807,99.93157585529559,95.10674472097142,95.2755126953125,2920000,0.0,0.0,100.78336181640626
2024-04-22 00:00:00-04:00,96.39733895133496,97.98575911256263,95.50385024371165,97.05256652832031,2302900,0.0,0.0,99.46100311279297
2024-04-23 00:00:00-04:00,97.34047151653007,99.62382319353635,97.34047151653007,99.12744140625,1927800,0.0,0.0,98.45235748291016
2024-04-24 00:00:00-04:00,101.3512081698765,101.92701273865691,98.75017300432253,99.97126770019531,2437300,0.0,0.0,98.18033752441406
2024-04-25 00:00:00-04:00,106.64264894101618,109.0451346938352,103.24739972926193,108.12187194824219,7876500,0.0,0.0,99.90973205566407
2024-04-26 00:00:00-04:00,109.64080034358076,113.8401855913615,109.4720247968497,113.30409240722656,5205500,0.0,0.0,103.51544799804688
2024-04-29 00:00:00-04:00,113.3140206086708,117.78145617434213,113.1750343303402,117.43399047851562,2185300,0.0,0.0,107.59173278808593
2024-04-30 00:00:00-04:00,116.52065328803945,117.97008707130354,115.40875545501383,115.4782485961914,2337700,0.0,0.0,110.86189422607421
2024-05-01 00:00:00-04:00,114.2174412004864,116.38166588600373,110.98103014067223,112.91691589355469,3360100,0.0,0.0,113.45102386474609
2024-05-02 00:00:00-04:00,115.03151482734616,116.7489915207652,113.18497402544011,116.54051208496094,2468900,0.0,0.0,115.13475189208984
2024-05-03 00:00:00-04:00,119.19118069996973,120.9781579893692,118.23812867035143,119.56843566894531,2694100,0.0,0.0,116.38762054443359
2024-05-06 00:00:00-04:00,120.32292468095123,121.39511100310746,119.30037955996633,121.06749725341797,2078500,0.0,0.0,117.11432189941407
2024-05-07 00:00:00-04:00,122.14962324850592,122.75520959588377,119.90597559386312,120.21372985839844,2750500,0.0,0.0,118.06141815185546
2024-05-08 00:00:00-04:00,118.13885770422188,119.88612360280388,117.61269425572806,119.55850982666016,1795000,0.0,0.0,119.38973693847656
2024-05-09 00:00:00-04:00,119.68756435259697,122.20918453498858,119.38973984905765,121.72273254394531,1927000,0.0,0.0,120.42618103027344
2024-05-10 00:00:00-04:00,122.82470856574452,123.20195599094932,121.35541516776422,122.0304946899414,1386300,0.0,0.0,120.91859283447266
2024-05-13 00:00:00-04:00,122.10990703626953,125.02863406721687,122.02056195941239,123.94651794433594,2206300,0.0,0.0,121.49439697265625
2024-05-14 00:00:00-04:00,123.90680369540642,126.45820545738742,123.90680369540642,126.1901626586914,1738700,0.0,0.0,122.68968353271484
2024-05-15 00:00:00-04:00,128.3940970895453,131.6900638223235,127.58996112953632,130.99513244628906,3351700,0.0,0.0,124.97700805664063
2024-05-16 00:00:00-04:00,130.77673621945092,131.79928144859576,130.2207910636094,130.53848266601562,2407800,0.0,0.0,126.74015808105469
2024-05-17 00:00:00-04:00,131.63050094549857,132.49421543965795,129.95272830724826,130.95542907714844,1968100,0.0,0.0,128.5251449584961
2024-05-20 00:00:00-04:00,134.02308418299742,139.2053113166096,133.71532989490902,138.5004425048828,3406100,0.0,0.0,131.43592987060546
2024-05-21 00:00:00-04:00,136.87089500567566,139.74245074452895,136.51319187869632,139.37481689453125,1913800,0.12,0.0,134.07286071777344
2024-05-22 00:00:00-04:00,139.83187647584984,142.09732462017422,138.7985202821654,141.9482879638672,2062300,0.0,0.0,136.26349182128905
2024-05-23 00:00:00-04:00,144.2932019269695,144.71051965242853,138.04333644380225,139.35491943359375,2292400,0.0,0.0,138.0267791748047
2024-05-24 00:00:00-04:00,140.28894712174585,144.08456051933717,140.28894712174585,143.0909423828125,2134000,0.0,0.0,140.4538818359375
2024-05-28 00:00:00-04:00,143.2996127341972,145.59486826575733,142.1271354174869,144.30316162109375,2087500,0.0,0.0,141.6144256591797
2024-05-29 00:00:00-04:00,141.52100801874286,143.20022490676436,140.81554771140384,140.96458435058594,2079800,0.0,0.0,141.93237915039063
2024-05-30 00:00:00-04:00,141.17325164106893,141.7495519183249,139.23569951321315,140.36842346191406,2274400,0.0,0.0,141.61640625
2024-05-31 00:00:00-04:00,140.42805306936862,141.74956701045642,135.09232852731347,140.04054260253906,3212800,0.0,0.0,141.75353088378907
2024-06-03 00:00:00-04:00,142.92203629531394,144.7105520631445,138.06324397019696,140.1200408935547,1730500,0.0,0.0,141.1593505859375
2024-06-04 00:00:00-04:00,139.45431027927708,140.87517692433022,137.68567122498504,138.7289581298828,2583500,0.0,0.0,140.0445098876953
2024-06-05 00:00:00-04:00,141.09376310244483,144.61116432848615,140.15975970960332,144.46212768554688,2182900,0.0,0.0,140.7440185546875
2024-06-06 00:00:00-04:00,143.33935877994713,143.78649910751696,141.89861539502994,142.31593322753906,1319100,0.0,0.0,141.1335205078125
2024-06-07 00:00:00-04:00,141.90855367686808,143.50826436839972,138.54017354080585,140.00079345703125,1253100,0.0,0.0,141.12557067871094
2024-06-10 00:00:00-04:00,138.41101001743297,143.2499255104889,138.41101001743297,142.16688537597656,1467700,0.0,0.0,141.53493957519532
2024-06-11 00:00:00-04:00,141.10370652101932,143.6374358088239,140.30882413861048,143.52813720703125,1238700,0.0,0.0,142.494775390625
2024-06-12 00:00:00-04:00,146.5388057148192,151.25849209473557,146.1612411141849,147.91000366210938,2573500,0.0,0.0,143.1843505859375
2024-06-13 00:00:00-04:00,144.51184253719723,147.12506341946568,143.9355421255245,146.6977996826172,1282600,0.0,0.0,144.06072387695312
2024-06-14 00:00:00-04:00,143.95541807599182,145.5750055268317,143.76662818113905,144.13426208496094,1060200,0.0,0.0,144.88741760253907
2024-06-17 00:00:00-04:00,143.64737092801417,144.06468869592624,140.5969561911264,143.8162841796875,2452000,0.0,0.0,145.21729736328126
2024-06-18 00:00:00-04:00,146.36987332489704,150.98026049580375,146.0419775472242,150.7815399169922,2893200,0.0,0.0,146.66797790527343
2024-06-20 00:00:00-04:00,149.55940419472046,149.87735411030826,145.24709001605055,147.00579833984375,3293600,0.0,0.0,146.4871368408203
2024-06-21 00:00:00-04:00,146.65805810561898,148.58566475322905,145.33654402869814,147.50262451171875,6175700,0.0,0.0,146.64810180664062
2024-06-24 00:00:00-04:00,145.79358076292186,147.94973023822743,144.34290681541927,144.6012420654297,1785700,0.0,0.0,146.7414978027344
2024-06-25 00:00:00-04:00,144.87945724948915,147.0654141053198,143.3592227220327,146.62823486328125,2007200,0.0,0.0,147.30388793945312
2024-06-26 00:00:00-04:00,146.33014984004132,147.05548684754052,143.84610445410314,145.9326934814453,1343400,0.0,0.0,146.33411865234376
2024-06-27 00:00:00-04:00,146.06186525115737,147.30388791485768,144.89933385730302,146.62823486328125,1365300,0.0,0.0,146.25860595703125
2024-06-28 00:00:00-04:00,147.9000668260134,150.55302545160941,145.43588291222775,147.3436279296875,2826200,0.0,0.0,146.226806640625
2024-07-01 00:00:00-04:00,147.05547798978859,147.8205681677678,144.52174881646653,146.8269500732422,1159600,0.0,0.0,146.6719482421875
2024-07-02 00:00:00-04:00,146.06186571735788,149.7780029971178,144.50187796929455,148.64527893066406,1203700,0.0,0.0,147.07535705566406
2024-07-03 00:00:00-04:00,149.04273979861415,151.69569874766012,147.89013897209944,150.7318878173828,990200,0.0,0.0,148.03519592285156
2024-07-05 00:00:00-04:00,151.69566613564947,151.69566613564947,148.94333988721024,150.23504638671875,929900,0.0,0.0,148.75655822753907
2024-07-08 00:00:00-04:00,151.18892932674197,153.91143313806413,150.85110282132965,153.18609619140625,1518900,0.0,0.0,149.9250518798828
2024-07-09 00:00:00-04:00,153.65310418836074,155.113724025487,152.12293896734755,152.50050354003906,1223300,0.0,0.0,151.05976257324218
2024-07-10 00:00:00-04:00,153.37487870107634,158.59137332401463,152.8383316394507,158.11444091796875,1783300,0.0,0.0,152.95359497070314
2024-07-11 00:00:00-04:00,160.19111452390925,160.19111452390925,153.4841922137168,153.8120880126953,2082600,0.0,0.0,153.56963500976562
2024-07-12 00:00:00-04:00,154.98456398808167,157.84618928153228,153.57362795073053,155.33233642578125,1907500,0.0,0.0,154.58909301757814
2024-07-15 00:00:00-04:00,156.17688221431885,160.12154719668328,156.07752950336928,158.47215270996094,2113500,0.0,0.0,155.64630432128905
2024-07-16 00:00:00-04:00,160.18119271048286,162.1684290610748,157.95548253971225,161.9597625732422,1472000,0.0,0.0,157.53815612792968
2024-07-17 00:00:00-04:00,157.63751354350507,158.66093902581014,151.1889414487842,151.3777313232422,3141600,0.0,0.0,156.19081420898436
2024-07-18 00:00:00-04:00,150.86103599519802,152.5501837111143,146.20096474052036,148.56578063964844,2945700,0.0,0.0,155.141552734375
2024-07-19 00:00:00-04:00,148.0689783953967,149.3209317846202,145.06824738913903,145.48556518554688,2001000,0.0,0.0,153.1721984863281
2024-07-22 00:00:00-04:00,150.036348042235,154.1896648363907,148.14847952878435,153.47427368164062,2252100,0.0,0.0,152.17262268066406
2024-07-23 00:00:00-04:00,150.8709541476185,153.15627858999366,150.60268820264702,151.2982177734375,1309100,0.0,0.0,150.04031372070312
2024-07-24 00:00:00-04:00,148.66514750822572,149.73825696393143,142.26624399165277,142.6239471435547,3150200,0.0,0.0,148.28955688476563
2024-07-25 00:00:00-04:00,127.62031878861319,129.1405533592185,119.58194393902475,123.54647827148438,6539000,0.0,0.0,143.28569641113282
2024-07-26 00:00:00-04:00,124.36124746534476,125.7821140986389,122.2448360193292,125.65294647216797,2617200,0.0,0.0,139.31917266845704
2024-07-29 00:00:00-04:00,127.5507503456915,129.43863382810167,126.32860433075723,127.11356353759766,1744200,0.0,0.0,134.04703063964843
2024-07-30 00:00:00-04:00,127.76935187483556,127.87865047574324,119.333536062055,120.56562042236328,2812500,0.0,0.0,127.9005111694336
2024-07-31 00:00:00-04:00,125.94110760238081,130.74028535642069,125.12634097674155,130.32296752929688,4440800,0.0,0.0,125.44031524658203
2024-08-01 00:00:00-04:00,127.94821582396374,130.78001850780802,118.88641539670093,120.96307373046875,3950700,0.0,0.0,124.9236343383789
2024-08-02 00:00:00-04:00,118.98577519939901,119.23417974052511,114.98149520935918,116.52159881591797,3522600,0.0,0.0,123.09736480712891
2024-08-05 00:00:00-04:00,110.45059807601234,118.85660678255066,108.45342345594356,115.647216796875,2725900,0.0,0.0,120.80409545898438
2024-08-06 00:00:00-04:00,116.34273445695301,121.42012332601914,115.587590193028,117.56488800048828,1623700,0.0,0.0,120.20394897460938
2024-08-07 00:00:00-04:00,121.21147640798591,122.39388443633132,112.775660408404,113.5208740234375,2599900,0.0,0.0,116.8435302734375
2024-08-08 00:00:00-04:00,117.55495272198885,122.29451521293659,114.58403678278263,122.09578704833984,2255200,0.0,0.0,117.07007293701172
2024-08-09 00:00:00-04:00,120.95313746154325,122.45349536933016,119.24411307688338,120.94319915771484,1189000,0.0,0.0,117.95439300537109
2024-08-12 00:00:00-04:00,121.86727112348855,123.03974087748455,119.72105221893787,121.53937530517578,989500,0.0,0.0,119.13282470703125
2024-08-13 00:00:00-04:00,122.85094088410925,126.58694705074183,122.13553464148765,126.26898956298828,1730400,0.0,0.0,120.87364501953125
2024-08-14 00:00:00-04:00,126.7161164138942,127.53089054194677,122.72177494535995,124.45066833496094,1323700,0.0,0.0,123.05960388183594
2024-08-15 00:00:00-04:00,128.33573698093718,131.6047343568025,127.03409191681084,130.8893280029297,2169400,0.0,0.0,124.81831207275391
2024-08-16 00:00:00-04:00,130.56142230119573,132.6380958123335,128.71329188682216,132.27044677734375,1338200,0.0,0.0,127.0837615966797
2024-08-19 00:00:00-04:00,131.51529768761782,133.29386748815455,129.45850085923456,133.1249542236328,1347800,0.0,0.0,129.4008773803711
2024-08-20 00:00:00-04:00,131.84320819523055,133.68139286335023,129.28960201182676,130.8893280029297,1671900,0.0,0.0,130.32494506835937
2024-08-21 00:00:00-04:00,132.39963357384246,135.71831493425293,131.3762079756405,134.5458526611328,1409400,0.0,0.0,132.34398193359374
2024-08-22 00:00:00-04:00,134.98305082224599,135.30100079125592,129.7069249643686,130.3627166748047,1815000,0.0,0.0,132.23865966796876
2024-08-23 00:00:00-04:00,132.9560372977608,136.64236716865008,132.16113977494112,135.07244873046875,1846900,0.0,0.0,132.79906005859374
2024-08-26 00:00:00-04:00,134.59552193164504,134.92340258071619,131.6742821304597,132.15121459960938,1648600,0.0,0.0,132.60431213378905
2024-08-27 00:00:00-04:00,131.24703508329404,135.1817701466178,129.79636088359325,134.11859130859375,1066200,0.0,0.0,133.2501647949219
2024-08-28 00:00:00-04:00,133.2839296083684,134.9035319421287,129.7565823665844,131.46560668945312,1352700,0.0,0.0,132.63411560058594
2024-08-29 00:00:00-04:00,133.30383843103164,137.20875117989317,131.97239351117142,133.10511779785156,1496200,0.0,0.0,133.1825958251953
2024-08-30 00:00:00-04:00,135.9667204912072,136.93053142646775,133.63172665246975,135.857421875,1497100,0.0,0.0,133.33959045410157
2024-09-03 00:00:00-04:00,132.63808779994304,133.4627926558222,122.999987523632,123.74520111083984,3193900,0.0,0.0,131.65838775634765
2024-09-04 00:00:00-04:00,122.85095073557008,127.58056779758573,121.8473942547112,125.95104217529297,1632000,0.0,0.0,130.0248779296875
2024-09-05 00:00:00-04:00,123.34530005137566,127.32354674231398,123.27568117058786,125.41398620605469,1317100,0.12,0.0,128.8145538330078
2024-09-06 00:00:00-04:00,124.23045946475587,125.18523589461167,119.15819877355715,120.78927612304688,2298400,0.0,0.0,126.35138549804688
2024-09-09 00:00:00-04:00,123.20605607170492,124.16083249770342,121.28655549784344,123.5243148803711,1618800,0.0,0.0,123.8847640991211
2024-09-10 00:00:00-04:00,124.02158938016663,124.93659005491753,121.24677454316384,124.68795013427734,904700,0.0,0.0,124.0733139038086
2024-09-11 00:00:00-04:00,125.09570299167166,131.1426270704436,123.68343020653042,130.79452514648438,2644600,0.0,0.0,125.04201049804688
2024-09-12 00:00:00-04:00,130.2475494588481,130.72493388201232,126.59750946780012,127.49261474609375,1478400,0.0,0.0,125.45773620605469
2024-09-13 00:00:00-04:00,128.46727691453995,131.5205825322596,128.13907038660489,130.5160675048828,1122700,0.0,0.0,127.40309448242188
2024-09-16 00:00:00-04:00,127.64178694888305,128.80541996487537,123.9121881120706,127.28375244140625,1974100,0.0,0.0,128.1549819946289
2024-09-17 00:00:00-04:00,128.9148115977394,130.92382625612984,127.96998300481785,129.00433349609375,1142900,0.0,0.0,129.01825866699218
2024-09-18 00:00:00-04:00,129.84971401927731,131.460895902036,126.93565374953258,127.1644058227539,1361400,0.0,0.0,128.2922348022461
2024-09-19 00:00:00-04:00,133.25111326830898,135.23029266695153,130.67520711522474,133.0919952392578,2522600,0.0,0.0,129.4121109008789
2024-09-20 00:00:00-04:00,131.49073290815272,131.94822183098904,127.39313698942013,128.2484588623047,4334400,0.0,0.0,128.95858917236328
2024-09-23 00:00:00-04:00,129.2828222422763,129.8198778086506,128.20869593375085,128.9844512939453,1116000,0.0,0.0,129.2987289428711
2024-09-24 00:00:00-04:00,130.8442607157524,131.1326915029653,128.70596361063434,130.3072052001953,965500,0.0,0.0,129.5593032836914
2024-09-25 00:00:00-04:00,129.14358666773862,131.65982156389202,128.8949467358991,129.91934204101562,1736500,0.0,0.0,130.11029052734375
2024-09-26 00:00:00-04:00,136.01597219077382,137.6570047177748,132.27643337225115,136.66244506835938,2101400,0.0,0.0,130.82438049316406
2024-09-27 00:00:00-04:00,136.9707465476593,137.67687535090164,132.99250822835646,133.90750122070312,1701900,0.0,0.0,131.95618896484376
2024-09-30 00:00:00-04:00,132.2068105623846,133.5693676392288,130.65529989458656,133.2013702392578,1261800,0.0,0.0,132.79957275390626
2024-10-01 00:00:00-04:00,132.07753930449945,133.12183008877253,127.12462835572798,128.28826904296875,2249400,0.0,0.0,132.39578552246093
2024-10-02 00:00:00-04:00,128.9744950195371,133.27100022149855,128.2086949746743,130.7249298095703,1307900,0.0,0.0,132.55690307617186
2024-10-03 00:00:00-04:00,128.94465356027337,131.77915465524373,127.6716184123829,128.30813598632812,1409700,0.0,0.0,130.88604125976562
2024-10-04 00:00:00-04:00,131.28189402613145,131.56036955697311,128.54685456725372,129.79005432128906,1247100,0.0,0.0,130.06255187988282
2024-10-07 00:00:00-04:00,128.6264064621405,130.3569457851233,127.54234004278861,128.805419921875,927200,0.0,0.0,129.18336181640626
2024-10-08 00:00:00-04:00,129.06401179937026,129.61102264952575,127.59205257062894,128.69601440429688,1071900,0.0,0.0,129.26491088867186
2024-10-09 00:00:00-04:00,128.43744187866739,130.5757392104338,128.39766616713342,129.7602081298828,1434300,0.0,0.0,129.07196655273438
2024-10-10 00:00:00-04:00,127.78102126824899,128.67613407052133,126.57760498642216,128.238525390625,986400,0.0,0.0,129.05804443359375
2024-10-11 00:00:00-04:00,127.60202143824252,131.5106340472763,127.60202143824252,131.1923828125,1186800,0.0,0.0,129.33851013183593
2024-10-14 00:00:00-04:00,130.96360505241122,133.43012386623596,130.8840536365368,132.91294860839844,1423700,0.0,0.0,130.16001586914064
2024-10-15 00:00:00-04:00,132.8035533128058,134.62359935455476,125.89136654820274,126.66712188720703,2843600,0.0,0.0,129.75423736572264
2024-10-16 00:00:00-04:00,130.16797066502656,130.16797066502656,126.08032234576412,126.30907440185547,1466400,0.0,0.0,129.0640106201172
2024-10-17 00:00:00-04:00,129.48172010046122,130.0386710627397,126.42842235301987,126.51792907714844,1915900,0.0,0.0,128.7198913574219
2024-10-18 00:00:00-04:00,127.1345564309779,127.44286748113801,124.54870296939794,125.35429382324219,1729400,0.0,0.0,127.55227355957031
2024-10-21 00:00:00-04:00,125.00621136060458,125.70240011678297,123.85251846420799,125.24490356445312,2303100,0.0,0.0,126.01866455078125
2024-10-22 00:00:00-04:00,124.86697017009001,125.57310662844668,124.28017601642631,124.6780014038086,2217500,0.0,0.0,125.62084045410157
2024-10-23 00:00:00-04:00,123.9320880708071,125.86153636747909,121.87334974138774,123.75306701660156,2821700,0.0,0.0,125.10963897705078
2024-10-24 00:00:00-04:00,117.55695531435964,117.65641735620129,108.93412440372448,110.1176528930664,7148000,0.0,0.0,121.82958374023437
2024-10-25 00:00:00-04:00,110.58508548440965,112.90240360934222,110.3861690096404,111.14203643798828,3573700,0.0,0.0,118.9871322631836
2024-10-28 00:00:00-04:00,111.24150242910743,111.52992565654755,109.62037282786308,110.72433471679688,2672100,0.0,0.0,116.08301849365235
2024-10-29 00:00:00-04:00,110.72432691172922,113.1808904447877,110.39612040834105,112.62393188476562,2284500,0.0,0.0,113.67220458984374
2024-10-30 00:00:00-04:00,110.87352658501322,112.15650201197475,108.8247282974459,108.88440704345703,2861400,0.0,0.0,110.69847259521484
2024-10-31 00:00:00-04:00,108.46667273831497,109.2225401950939,104.95587839637548,105.6321792602539,3392300,0.0,0.0,109.80137786865234
2024-11-01 00:00:00-04:00,106.09962856020279,107.25331386063658,105.53272983759992,105.91065979003906,2352100,0.0,0.0,108.7551025390625
2024-11-04 00:00:00-05:00,104.35914894076456,105.55261753778973,103.50382699733747,103.7027359008789,1830700,0.0,0.0,107.35078277587891
2024-11-05 00:00:00-05:00,103.6530081332611,104.98571442459749,103.15572830731983,104.87631225585938,3265700,0.0,0.0,105.80125885009765
2024-11-06 00:00:00-05:00,107.71081656799332,109.24243180053693,106.55712369498434,108.4070053100586,2249700,0.0,0.0,105.70577850341797
2024-11-07 00:00:00-05:00,110.53535872556232,111.82828930374765,110.00824332592748,111.03263854980469,1761000,0.0,0.0,106.78587036132812
2024-11-08 00:00:00-05:00,109.62036712365118,110.6745979369003,108.93411852897269,110.2867202758789,1721200,0.0,0.0,107.6610824584961
2024-11-11 00:00:00-05:00,109.92868439499648,110.02813884919935,106.41788980520468,108.2180404663086,2027300,0.0,0.0,108.56414337158203
2024-11-12 00:00:00-05:00,109.31206013689061,109.63031893698991,106.57702096520072,107.74065399169922,2213300,0.0,0.0,109.13701171875
2024-11-13 00:00:00-05:00,106.49745826924784,108.04896902807829,105.42333193410893,105.80126190185547,1780900,0.0,0.0,108.61586303710938
2024-11-14 00:00:00-05:00,107.40250235887825,107.56163555673987,105.6023516884276,105.94049835205078,1502500,0.0,0.0,107.5974349975586
2024-11-15 00:00:00-05:00,103.43421517867196,104.6873626025609,101.69373559633854,102.02194213867188,3091900,0.0,0.0,105.9444793701172
2024-11-18 00:00:00-05:00,101.84291739227807,103.79225354339563,101.70367963776171,103.5833969116211,2865000,0.0,0.0,105.01755065917969
2024-11-19 00:00:00-05:00,103.07617209395706,103.48394523447831,101.74346566841571,102.2407455444336,2031700,0.0,0.0,103.91756896972656
2024-11-20 00:00:00-05:00,101.73350430296802,103.22534373095347,101.32573121713256,103.01648712158203,2315500,0.0,0.0,103.36061401367188
2024-11-21 00:00:00-05:00,103.97127383587652,105.39349453620879,102.83747636432642,104.94593811035156,2568500,0.0,0.0,103.16170196533203
2024-11-22 00:00:00-05:00,104.54812145238057,107.66109067275664,104.49839043077121,107.62130737304688,1651600,0.0,0.0,104.28157501220703
2024-11-25 00:00:00-05:00,110.23991074638325,111.7931440351108,108.86588967129698,110.19012451171875,2118100,0.12,0.0,105.60292053222656
2024-11-26 00:00:00-05:00,111.62386710952744,111.64377704277273,107.60138452222867,108.58708953857422,1768300,0.0,0.0,106.87218933105468
2024-11-27 00:00:00-05:00,109.05505808974128,109.30397404725328,105.66979954831584,107.62129974365234,1370600,0.0,0.0,107.79315185546875
2024-11-29 00:00:00-05:00,109.47323928075546,111.83296538329239,109.33384694689884,109.52302551269531,1437400,0.0,0.0,108.7085693359375
2024-12-02 00:00:00-05:00,109.56284336523008,113.35631993975828,109.56284336523008,112.70913696289062,2785600,0.0,0.0,109.72613525390625
2024-12-03 00:00:00-05:00,111.0762576131949,115.59657244192546,110.74769431311763,114.96930694580078,2669500,0.0,0.0,110.68197174072266
2024-12-04 00:00:00-05:00,117.49828675070549,117.59785161109207,114.1628145517277,116.38314056396484,2628600,0.0,0.0,112.24118194580078
2024-12-05 00:00:00-05:00,115.70609134306413,116.57232159913328,112.53988009893374,113.22689056396484,1924100,0.0,0.0,113.36230010986328
2024-12-06 00:00:00-05:00,114.4913832831146,119.26061400695396,114.00351012657096,117.99612426757812,3466800,0.0,0.0,115.05691986083984
2024-12-09 00:00:00-05:00,118.59351925696774,122.0883014230495,117.1896296121193,119.04156494140625,2828800,0.0,0.0,116.32340545654297
2024-12-10 00:00:00-05:00,120.62466706258763,120.62466706258763,115.62643069121607,116.52252960205078,2358700,0.0,0.0,116.63404998779296
2024-12-11 00:00:00-05:00,118.26494644072196,120.83376090024719,117.3987237854326,119.67878723144531,2361100,0.0,0.0,117.29317932128906
2024-12-12 00:00:00-05:00,118.83248403030431,121.04285908668659,117.2792507890898,120.42554473876953,2256800,0.0,0.0,118.73291015625
2024-12-13 00:00:00-05:00,122.38699727265136,123.8804930312232,121.28180980360322,122.68569946289062,3953900,0.0,0.0,119.6708251953125
2024-12-16 00:00:00-05:00,127.3653154384438,129.63542775771455,124.4878475745579,128.91854858398438,3368800,0.0,0.0,121.64622192382812
2024-12-17 00:00:00-05:00,128.46054807166936,129.71507899366208,126.1804770520464,127.45491790771484,2285800,0.0,0.0,123.83269958496093
2024-12-18 00:00:00-05:00,129.37656639848993,132.76181749775265,122.40691927078721,123.23331451416016,3468000,0.0,0.0,124.54360504150391
2024-12-19 00:00:00-05:00,127.33545282477289,129.53587668120497,124.18915891852082,124.64716339111328,3295200,0.0,0.0,125.38792877197265
2024-12-20 00:00:00-05:00,124.0696760534355,128.48045972658488,122.9246610780893,125.40386199951172,7149700,0.0,0.0,125.93156127929687
2024-12-23 00:00:00-05:00,125.54323359842311,128.3111774979323,125.22462151494676,127.91291809082031,2080500,0.0,0.0,125.73043518066406
2024-12-24 00:00:00-05:00,128.36097029648658,129.60554999823574,127.84322088662441,129.39646911621094,716900,0.0,0.0,126.11874542236328
2024-12-26 00:00:00-05:00,129.07786567613132,131.3081582518926,128.33111776103664,130.2726593017578,1397900,0.0,0.0,127.52661437988282
2024-12-27 00:00:00-05:00,129.05793129028464,129.4761082450113,127.06661137306557,127.98261260986328,1640200,0.0,0.0,128.1937042236328
2024-12-30 00:00:00-05:00,125.42377390593437,127.70383739234184,124.12940788814711,126.15060424804688,1893700,0.0,0.0,128.34305267333986
2024-12-31 00:00:00-05:00,126.26013315816114,127.55449923008788,124.70689994889905,125.37399291992188,1283400,0.0,0.0,127.83526763916015
2025-01-02 00:00:00-05:00,126.21035253898853,127.89301929047556,125.18481998251163,126.01121520996094,1756700,0.0,0.0,127.15821685791016
2025-01-03 00:00:00-05:00,126.44929584080013,130.82025908145042,125.66272056928815,130.03369140625,2130800,0.0,0.0,127.1104232788086
2025-01-06 00:00:00-05:00,134.95226193750776,140.05007081759894,134.7232635222442,139.39292907714844,3888100,0.0,0.0,129.39248657226562
2025-01-07 00:00:00-05:00,140.65743675561555,143.53490468284267,136.78430497547077,138.2180633544922,3228200,0.0,0.0,131.80597839355468
2025-01-08 00:00:00-05:00,137.30203043456976,137.999007241012,134.02630325331097,136.55528259277344,2178100,0.0,0.0,134.042236328125
2025-01-10 00:00:00-05:00,135.69901346715096,135.69901346715096,131.82588186859786,133.5882110595703,1928800,0.0,0.0,135.55763549804686
2025-01-13 00:00:00-05:00,130.88997114810957,133.07046213021792,129.05793819130471,132.642333984375,1304500,0.0,0.0,136.07936401367186
2025-01-14 00:00:00-05:00,133.6578971135132,135.1016064027901,131.69643845964237,133.59814453125,1300000,0.0,0.0,134.9204071044922
2025-01-15 00:00:00-05:00,135.64924201191295,137.0630827892858,134.10596007848957,134.34490966796875,1871200,0.0,0.0,134.1457763671875
2025-01-16 00:00:00-05:00,136.82412153471026,139.15397124794274,134.98215256694928,136.97348022460938,1981400,0.0,0.0,134.2294158935547
2025-01-17 00:00:00-05:00,139.3929339014366,139.3929339014366,137.11287045308913,137.79986572265625,2253700,0.0,0.0,135.07174682617188
2025-01-21 00:00:00-05:00,134.41460747025545,134.91243934977493,129.61550085922866,131.726318359375,4083000,0.0,0.0,134.88854370117187
2025-01-22 00:00:00-05:00,132.2241569992502,135.64924293628158,131.81593119094288,134.21548461914062,2262100,0.0,0.0,135.01201171875
2025-01-23 00:00:00-05:00,131.5072777687564,132.03497837232885,129.27698536635424,131.25836181640625,2214300,0.0,0.0,134.3947021484375
2025-01-24 00:00:00-05:00,131.42762627758006,131.7462459973794,128.70946826077406,129.3566436767578,2254000,0.0,0.0,132.8713348388672
2025-01-27 00:00:00-05:00,124.01988035929685,124.84628313549292,117.63767935847468,119.74848175048828,5280400,0.0,0.0,129.26105804443358
2025-01-28 00:00:00-05:00,119.98745283306965,122.63591472713487,118.03595259630782,121.42120361328125,2888600,0.0,0.0,127.20003509521484
2025-01-29 00:00:00-05:00,122.36707990442868,122.97443541705593,120.41557981000622,121.52076721191406,2747400,0.0,0.0,124.66109161376953
2025-01-30 00:00:00-05:00,101.55770912913923,116.95067079735132,100.3330392943223,114.58099365234375,8838600,0.0,0.0,121.32561798095703
2025-01-31 00:00:00-05:00,113.29659039103169,118.37447450623023,110.67799720048207,115.28791809082031,3706900,0.0,0.0,118.51187286376953
2025-02-03 00:00:00-05:00,112.09183620735293,112.62949558904263,109.19445080541038,110.60829162597656,3401600,0.0,0.0,116.68383483886718
2025-02-04 00:00:00-05:00,111.00655596731684,112.00221977657581,109.55288771735616,111.18577575683594,3055100,0.0,0.0,114.63674926757812
2025-02-05 00:00:00-05:00,110.28967871085592,112.88836190553336,110.05072151948103,112.1217041015625,2844600,0.0,0.0,112.7569366455078
2025-02-06 00:00:00-05:00,112.39052842087361,113.62515701772428,111.20569364948504,113.57537078857422,2233200,0.0,0.0,112.55581207275391
2025-02-07 00:00:00-05:00,113.58532636951693,114.11302695994148,111.01651198215141,112.739013671875,1938200,0.0,0.0,112.04603118896485
2025-02-10 00:00:00-05:00,114.3121546243436,114.56107056601932,112.34074462020635,113.5654067993164,1549800,0.0,0.0,112.63745422363282
2025-02-11 00:00:00-05:00,112.53987740533745,114.2225516477919,111.77321962643737,112.2312240600586,1697300,0.0,0.0,112.84654388427734
2025-02-12 00:00:00-05:00,109.30397263342806,111.44465135960431,108.9256231175761,111.05634307861328,1592400,0.0,0.0,112.6334716796875
2025-02-13 00:00:00-05:00,111.28534796542408,112.71910637623188,110.68795115969168,112.3507080078125,1755400,0.0,0.0,112.38853912353515
2025-02-14 00:00:00-05:00,111.89221287917995,113.26768894824991,111.7028329289142,112.87896728515625,1838600,0.12,0.0,112.41652984619141
2025-02-18 00:00:00-05:00,114.28435785847051,115.58009427324995,113.19792493080844,114.7029800415039,2607200,0.0,0.0,112.6440444946289
2025-02-19 00:00:00-05:00,114.22455016003897,116.21799783335344,114.05510893286309,115.52029418945312,1583400,0.0,0.0,113.3018585205078
2025-02-20 00:00:00-05:00,115.7894058745894,118.37092455679375,115.67976564458849,118.16161346435547,2424200,0.0,0.0,114.72291259765625
2025-02-21 00:00:00-05:00,118.94902133422924,120.24476538889037,114.2544528846301,115.53026580810547,2493800,0.0,0.0,115.35882415771485
2025-02-24 00:00:00-05:00,115.73957278849608,116.1083557353116,112.41051127332277,113.20789337158203,2249100,0.0,0.0,115.424609375
2025-02-25 00:00:00-05:00,113.71622018940663,114.12488061727456,110.59647728216886,110.98519897460938,2292500,0.0,0.0,114.6810531616211
2025-02-26 00:00:00-05:00,112.62979307534582,116.35753807975817,111.98192106332456,114.4338607788086,3419300,0.0,0.0,114.4637664794922
2025-02-27 00:00:00-05:00,115.1714460792588,116.03859097828142,108.37378959835696,108.45352172851562,3028000,0.0,0.0,112.52214813232422
2025-02-28 00:00:00-05:00,109.03162249219895,110.9951697140961,107.06807527030182,109.50008392333984,2831500,0.0,0.0,111.3161117553711
2025-03-03 00:00:00-05:00,110.59647069224727,111.32408240400372,104.57625809539311,105.43344116210938,3731100,0.0,0.0,109.76122131347657
2025-03-04 00:00:00-05:00,105.782297953473,109.30073948146274,102.88183554564841,106.87870025634766,3543700,0.0,0.0,108.93992156982422
2025-03-05 00:00:00-05:00,107.64617164787931,110.3273611343685,106.30059602316067,109.84893035888672,2388800,0.0,0.0,108.02293548583984
2025-03-06 00:00:00-05:00,106.61954898233155,109.31070027325572,104.7855731865112,105.04472351074219,3451700,0.0,0.0,107.34117584228515
2025-03-07 00:00:00-05:00,105.79225635758259,108.48340739353205,104.008119963907,108.18439483642578,2402800,0.0,0.0,107.07803802490234
2025-03-10 00:00:00-04:00,105.60288369956368,105.70256216320692,102.10438863238046,104.6260986328125,3060500,0.0,0.0,106.91656951904297
2025-03-11 00:00:00-04:00,91.58895285724817,94.06083132120206,82.70814741575289,86.78474426269531,12239400,0.0,0.0,102.8977783203125
2025-03-12 00:00:00-04:00,88.73831653518428,88.74828590217312,85.93752515883337,86.45581817626953,7114300,0.0,0.0,98.21915588378906
2025-03-13 00:00:00-04:00,85.93753685884185,87.38278348863255,83.65503818917519,85.05045318603516,4470500,0.0,0.0,94.22030181884766
2025-03-14 00:00:00-04:00,85.65844371833705,86.62526699748423,83.73476652703154,86.45581817626953,5428900,0.0,0.0,89.87458648681641
2025-03-17 00:00:00-04:00,86.86448532214438,90.56232990477066,86.86448532214438,89.87458801269531,3563000,0.0,0.0,86.92428436279297
2025-03-18 00:00:00-04:00,88.42933969662327,89.36626253322228,87.5522178566074,88.57884979248047,3674800,0.0,0.0,87.28310546875
2025-03-19 00:00:00-04:00,88.39943469389353,90.1636324427946,87.17346109561387,88.22002410888672,2919700,0.0,0.0,87.63594665527344
2025-03-20 00:00:00-04:00,87.34290451595626,89.07720941621963,87.29307288821944,87.89110565185547,2471000,0.0,0.0,88.2040771484375
2025-03-21 00:00:00-04:00,86.30631304290026,88.10041898392576,85.08034698686564,87.22330474853516,5930700,0.0,0.0,88.35757446289062
2025-03-24 00:00:00-04:00,89.46593076236621,90.91117723618191,89.28652017349813,90.70186614990234,3206800,0.0,0.0,88.52303009033203
2025-03-25 00:00:00-04:00,89.95433179563638,90.99092556209746,89.17688837189053,89.65531158447266,1942200,0.0,0.0,88.73832244873047
2025-03-26 00:00:00-04:00,89.33635213007132,90.04402512087975,87.03392256811719,87.72166442871094,2200700,0.0,0.0,88.6386505126953
2025-03-27 00:00:00-04:00,86.89437763098323,87.65188981720472,84.97070047155678,85.3992919921875,2161400,0.0,0.0,88.14028778076172
2025-03-28 00:00:00-04:00,85.48899088271052,86.00729148020714,82.19980713994532,82.5087890625,2363800,0.0,0.0,87.19738464355468
2025-03-31 00:00:00-04:00,81.0934484749709,82.72807488851247,79.33921246858516,82.32938385009766,2825400,0.0,0.0,85.52288818359375
2025-04-01 00:00:00-04:00,81.61173617144173,82.49881968166622,80.20635966820915,82.33934783935547,3045900,0.0,0.0,84.05969543457032
2025-04-02 00:00:00-04:00,81.48216275536276,84.61187457577957,80.83429082725391,83.34603881835938,1732900,0.0,0.0,83.1845703125
2025-04-03 00:00:00-04:00,78.43220627084425,79.46880004130759,74.14629045108231,74.843994140625,5073900,0.0,0.0,81.0735107421875
2025-04-04 00:00:00-04:00,70.86705759182789,72.19270201350668,66.90010129799056,68.49485778808594,6747100,0.0,0.0,78.27072448730469
2025-04-07 00:00:00-04:00,67.23899155932143,75.90052444900522,65.55452578056185,72.63127136230469,7338900,0.0,0.0,76.33110198974609
2025-04-08 00:00:00-04:00,75.33238877367182,75.90052105166986,66.17249435749372,67.73735046386719,5071700,0.0,0.0,73.41070251464843
2025-04-09 00:00:00-04:00,69.17263306646602,80.13659483882118,67.90678958519426,79.17974090576172,8851100,0.0,0.0,72.5774429321289
2025-04-10 00:00:00-04:00,74.9337006174677,76.16963608318767,70.04975214879408,72.05316925048828,6480600,0.0,0.0,72.01927795410157
2025-04-11 00:00:00-04:00,72.19270996050311,74.05658632858996,70.26903259382938,73.4087142944336,3689900,0.0,0.0,73.00204925537109
2025-04-14 00:00:00-04:00,75.32241585770355,75.77093851758279,72.04319370430518,73.6180191040039,3946900,0.0,0.0,73.19939880371093
2025-04-15 00:00:00-04:00,73.83729865816669,75.11310386622505,73.44857699647388,73.8173599243164,2228200,0.0,0.0,74.41540069580078
2025-04-16 00:00:00-04:00,70.49828069714219,72.41198864890403,68.23571331712841,70.92687225341797,4925800,0.0,0.0,72.76482696533203
2025-04-17 00:00:00-04:00,71.06641791163732,71.55481049890238,70.25906637255838,71.0165786743164,3056600,0.0,0.0,72.55750885009766
2025-04-21 00:00:00-04:00,69.18260014703782,70.28895652963357,68.01642756317945,69.58128356933594,3268300,0.0,0.0,71.79202270507812
2025-04-22 00:00:00-04:00,70.508241116282,71.81395449552376,70.17932803400515,71.05644226074219,3250100,0.0,0.0,71.27970733642579
2025-04-23 00:00:00-04:00,74.82405391936322,75.66130584951019,72.7907364940337,72.94024658203125,3431200,0.0,0.0,71.10428466796876
2025-04-24 00:00:00-04:00,74.51507356029884,77.33579614037124,74.18615288061154,77.0467529296875,3576800,0.0,0.0,72.32826080322266
2025-04-25 00:00:00-04:00,75.84070821431878,77.44543409671107,73.25919729314789,76.86734008789062,2588500,0.0,0.0,73.4984130859375
2025-04-28 00:00:00-04:00,76.20950229602813,78.38236052584695,75.0931688810499,76.57829284667969,4841600,0.0,0.0,74.89781494140625
2025-04-29 00:00:00-04:00,74.79415578363505,76.39888172970663,72.52162670841295,74.64464569091797,4966300,0.0,0.0,75.6154556274414
2025-04-30 00:00:00-04:00,73.43860319043318,74.22601583314753,71.0364954013985,73.96686553955078,4360200,0.0,0.0,75.8207794189453
2025-05-01 00:00:00-04:00,74.91376807905704,75.45199226520081,73.38877420365145,73.53828430175781,3041500,0.0,0.0,75.11908569335938
2025-05-02 00:00:00-04:00,75.44203631664831,76.84741309661011,75.19285533539835,75.63140869140625,2526900,0.0,0.0,74.8718994140625
2025-05-05 00:00:00-04:00,75.21277170482367,76.12975571077733,75.0233917628381,75.19284057617188,2484900,0.0,0.0,74.59480895996094
2025-05-06 00:00:00-04:00,74.10641299019362,74.78418547819648,73.49841086399697,73.82733154296875,2203600,0.0,0.0,74.4313461303711
2025-05-07 00:00:00-04:00,73.8273391066628,75.23272345839865,72.87048507340431,74.843994140625,3310600,0.0,0.0,74.60677185058594
2025-05-08 00:00:00-04:00,75.96031598239183,77.77435290100495,75.35231388728097,76.58824920654297,2713300,0.0,0.0,75.21676483154297
2025-05-09 00:00:00-04:00,77.00688708540966,78.11325117164613,76.45868592397734,77.1663589477539,2353800,0.0,0.0,75.5237548828125
2025-05-12 00:00:00-04:00,82.79784931150681,83.4955529596589,81.38250327988435,82.78787994384766,4715000,0.0,0.0,77.04276275634766
2025-05-13 00:00:00-04:00,82.73804175499416,85.34945314910527,82.6782331581802,84.6218490600586,2817400,0.0,0.0,79.20166625976563
2025-05-14 00:00:00-04:00,84.78132446203334,85.56873718090263,83.27627699090263,83.99391174316406,2311000,0.0,0.0,81.03164978027344
2025-05-15 00:00:00-04:00,82.97725945779723,83.50552187487871,82.0702371157144,82.71810913085938,2958900,0.0,0.0,82.25762176513672
2025-05-16 00:00:00-04:00,82.59850220736239,82.59850220736239,81.48216883859557,82.4589614868164,2183400,0.0,0.0,83.31614227294922
2025-05-19 00:00:00-04:00,80.2960645711612,81.72137986809452,80.1764625854374,81.20308685302734,1840300,0.0,0.0,82.99918365478516
2025-05-20 00:00:00-04:00,80.72466010091655,81.19312151330101,80.33593841923567,81.15325164794922,1614600,0.0,0.0,82.30546417236329
2025-05-21 00:00:00-04:00,80.16649897154358,81.64165360465704,78.50197197931107,78.72125244140625,2329100,0.0,0.0,81.25093231201171
2025-05-22 00:00:00-04:00,78.75119593429254,79.36012327562216,78.08237659741278,78.35189819335938,1987700,0.12,0.0,80.37769012451172
2025-05-23 00:00:00-04:00,76.55506044994162,77.32370222435333,75.8562875845064,76.84455108642578,1813300,0.0,0.0,79.25480804443359
2025-05-27 00:00:00-04:00,78.92089130905383,82.24503399414363,78.24208746599618,81.59617614746094,3697400,0.0,0.0,79.33342590332032
2025-05-28 00:00:00-04:00,81.8557237286434,82.32489799783852,79.76940466976228,80.10880279541016,2711200,0.0,0.0,79.1245361328125
2025-05-29 00:00:00-04:00,81.86571097884777,82.26500872858206,80.1088054495996,80.8375244140625,1803100,0.0,0.0,79.54779052734375
2025-05-30 00:00:00-04:00,80.03892223040287,80.1487292928089,76.88447864850339,78.46170043945312,3849100,0.0,0.0,79.5697509765625
2025-06-02 00:00:00-04:00,77.86275957962218,79.81931006027055,77.64314544943204,79.35013580322266,2453000,0.0,0.0,80.07086791992188
2025-06-03 00:00:00-04:00,79.34015899630154,81.49635453516379,78.2720419564456,81.30668640136719,2151300,0.0,0.0,80.01296997070312
2025-06-04 00:00:00-04:00,82.16517138683211,83.02365880802313,81.21684597819969,81.91561126708984,2472000,0.0,0.0,80.37433166503907
2025-06-05 00:00:00-04:00,82.56447064876072,83.53276515006051,80.9273568418518,81.59617614746094,2336600,0.0,0.0,80.52606201171875
2025-06-06 00:00:00-04:00,83.15344299192017,85.6190908161786,82.75414523849528,85.08004760742188,3122500,0.0,0.0,81.8497314453125
2025-06-09 00:00:00-04:00,85.95848945480438,87.84516337714962,85.95848945480438,86.64727783203125,3667900,0.0,0.0,83.30915985107421
2025-06-10 00:00:00-04:00,87.18632235293232,88.7335981874283,86.6173255677509,88.54393005371094,3161700,0.0,0.0,84.75660858154296
2025-06-11 00:00:00-04:00,88.98315452640192,89.42238276853485,85.60910449320625,86.63729095458984,2521800,0.0,0.0,85.70094451904296
2025-06-12 00:00:00-04:00,85.74885793108595,86.41767721842521,85.29964514982093,85.75884246826172,2064500,0.0,0.0,86.53347778320312
2025-06-13 00:00:00-04:00,83.65255701094591,84.84045802800264,82.85396156394137,82.93382263183594,2736700,0.0,0.0,86.10423278808594
2025-06-16 00:00:00-04:00,84.40123633174488,88.39419828492557,83.97199261713914,87.52572631835938,4007700,0.0,0.0,86.27992248535156
2025-06-17 00:00:00-04:00,86.66724441937843,88.02485217936636,85.85867200937496,86.2779312133789,2998700,0.0,0.0,85.82672271728515
2025-06-18 00:00:00-04:00,86.48755925197102,87.00664859456762,85.2697045819992,86.10823059082031,3291000,0.0,0.0,85.72091064453124
2025-06-20 00:00:00-04:00,87.31610009052076,87.67546728941666,84.0917798381966,86.13817596435547,6559900,0.0,0.0,85.79677734375
2025-06-23 00:00:00-04:00,85.97845202553046,88.19454716703203,85.42942431690544,87.20629119873047,3744100,0.0,0.0,86.65127105712891
2025-06-24 00:00:00-04:00,89.72185983663968,90.74006948464937,88.93324887113295,90.23096466064453,5908400,0.0,0.0,87.19231872558593
2025-06-25 00:00:00-04:00,90.50048761642815,90.8099397351066,88.58386006340338,90.04129028320312,3646000,0.0,0.0,87.94499053955079
2025-06-26 00:00:00-04:00,90.88980102539062,91.57858179497113,89.87159144536103,90.88980102539062,2922900,0.0,0.0,88.90130462646485
2025-06-27 00:00:00-04:00,90.88979767760804,91.53864788917323,89.11292324676546,90.19102478027344,5979700,0.0,0.0,89.71187438964844
2025-06-30 00:00:00-04:00,90.6302594249933,90.6302594249933,89.50225035798066,89.76178741455078,1932500,0.0,0.0,90.2229736328125
2025-07-01 00:00:00-04:00,89.36248397108038,92.49696606927694,89.04304732371882,91.75826263427734,3786300,0.0,0.0,90.52843322753907
2025-07-02 00:00:00-04:00,92.21746140726546,94.65317084289968,92.08769287450359,94.01429748535156,4544200,0.0,0.0,91.32303466796876
2025-07-03 00:00:00-04:00,95.04247402205436,95.04247402205436,91.99784516495124,92.89625549316406,2188800,0.0,0.0,91.72432556152344
2025-07-07 00:00:00-04:00,92.47699909393477,93.19573347080518,90.08122037635691,90.43060302734375,3151800,0.0,0.0,91.7722412109375
2025-07-08 00:00:00-04:00,91.04952177571387,93.6349688208357,90.64024710097065,92.05774688720703,2936200,0.0,0.0,92.23143310546875
2025-07-09 00:00:00-04:00,91.90800278149159,93.34547154252995,90.94969281278956,92.61675262451172,2058800,0.0,0.0,92.40313110351562
2025-07-10 00:00:00-04:00,95.18223650880266,99.04543024356566,94.0442428720764,98.44648742675781,7288500,0.0,0.0,93.28956909179688
2025-07-11 00:00:00-04:00,97.4682001727962,97.82756735603478,95.80114039364362,96.87924194335938,3750800,0.0,0.0,94.08616638183594
2025-07-14 00:00:00-04:00,96.83931886259133,96.87924939890972,93.42533035909399,95.0524673461914,3605100,0.0,0.0,95.01053924560547
2025-07-15 00:00:00-04:00,96.44001284599668,97.92738902045707,92.8164026654886,92.8663101196289,3654200,0.0,0.0,95.17225189208985
2025-07-16 00:00:00-04:00,92.32725816266924,92.56684135695643,88.44410337624898,91.81816101074219,3866300,0.0,0.0,95.01253356933594
2025-07-17 00:00:00-04:00,90.2409400965401,93.15580044386397,90.15109449385054,92.63671875,2823200,0.0,0.0,93.85057983398437
2025-07-18 00:00:00-04:00,93.2855712320889,93.94441361460116,92.1376007553603,93.75474548339844,2524400,0.0,0.0,93.22568054199219
2025-07-21 00:00:00-04:00,95.61147002272278,97.07888471720912,94.62321409997558,94.65316009521484,2802100,0.0,0.0,93.14581909179688
2025-07-22 00:00:00-04:00,94.1640297615144,95.37189987271988,92.09767219672972,93.5351333618164,2641100,0.0,0.0,93.27958374023437
2025-07-23 00:00:00-04:00,94.54335442134554,94.54335442134554,91.62849406378128,92.8663101196289,2736100,0.0,0.0,93.48921356201171
2025-07-24 00:00:00-04:00,92.11763700229626,92.46701967261419,89.911526294322,91.1693115234375,3521600,0.0,0.0,93.19573211669922
2025-07-25 00:00:00-04:00,91.23917935629541,91.60852345142068,89.49225855533341,89.99137878417969,3100400,0.0,0.0,92.44305877685547
2025-07-28 00:00:00-04:00,91.41886539627673,92.27735282220496,90.63025449962309,90.9796371459961,3688400,0.0,0.0,91.70835418701172
2025-07-29 00:00:00-04:00,91.44881859493223,92.20748355536067,89.0230937219587,90.39068603515625,6754500,0.0,0.0,91.07946472167968
2025-07-30 00:00:00-04:00,105.54397419462131,110.3055781539502,102.29969248421102,107.4605941772461,19844300,0.0,0.0,93.99832153320312
2025-07-31 00:00:00-04:00,108.30909913419191,113.23042532575762,106.90157631005387,107.24098205566406,9399900,0.0,0.0,97.21265563964843
2025-08-01 00:00:00-04:00,104.19634449677014,105.6138518472638,102.23979395842089,103.97673797607422,4812200,0.0,0.0,100.00972747802734
2025-08-04 00:00:00-04:00,104.86516963232522,105.66375747843767,102.81877352071874,105.53398895263672,3635900,0.0,0.0,102.92059783935547
2025-08-05 00:00:00-04:00,105.97321758430185,107.9696986304329,104.3660497328887,106.74185943603516,7233600,0.0,0.0,106.19083251953126
2025-08-06 00:00:00-04:00,106.11297244275325,106.91156030512828,103.14819682055534,104.69546508789062,3358100,0.0,0.0,105.63780670166015
2025-08-07 00:00:00-04:00,106.85167117586792,107.96970335234647,105.06481964751853,106.27268981933594,2966300,0.0,0.0,105.44414825439453
2025-08-08 00:00:00-04:00,106.0630596036946,108.19929379490544,104.81525890247467,107.28091430664062,3185700,0.0,0.0,106.10498352050782
2025-08-11 00:00:00-04:00,107.38073361716657,108.82817934075702,104.39599656188905,104.49581909179688,3042600,0.0,0.0,105.89734954833985
2025-08-12 00:00:00-04:00,105.81349475418456,111.71309986265459,104.70544717153761,111.43358612060547,4247300,0.0,0.0,106.8356948852539
2025-08-13 00:00:00-04:00,112.1822655633265,114.11885458623394,110.4553137491832,113.80940246582031,5223800,0.0,0.0,108.65848236083984
2025-08-14 00:00:00-04:00,112.30206439189898,113.53988056916887,110.39542124300146,111.62326049804688,2431000,0.0,0.0,109.72859649658203
2025-08-15 00:00:00-04:00,111.45355778192646,111.45355778192646,109.17757056994076,109.22747802734375,3238400,0.0,0.0,110.11790924072265
2025-08-18 00:00:00-04:00,109.80645413173058,110.90451714985377,109.32729534449234,110.21573638916016,1980200,0.0,0.0,111.26189270019532
2025-08-19 00:00:00-04:00,110.1758091322466,112.48174230048204,109.30733713653561,110.42536926269531,3171000,0.0,0.0,111.06024932861328
2025-08-20 00:00:00-04:00,109.84639037320267,110.994368521971,106.11297287119861,109.32730102539062,3571400,0.0,0.0,110.16382904052735
2025-08-21 00:00:00-04:00,108.13940196897337,109.79647734250291,107.6302971496005,109.10769653320312,2138400,0.0,0.0,109.6607162475586
2025-08-22 00:00:00-04:00,109.45706961444667,116.96383463593423,109.42712361874989,115.09712982177734,4133900,0.0,0.0,110.83464660644532
2025-08-25 00:00:00-04:00,114.7876716281785,117.46295644171846,114.29853592133622,116.864013671875,3570200,0.0,0.0,112.16430206298828
2025-08-26 00:00:00-04:00,116.49466314428551,119.6091762417753,116.49466314428551,118.40130615234375,3563900,0.0,0.0,113.75948944091797
2025-08-27 00:00:00-04:00,118.5011239780157,118.5011239780157,116.7542031747061,116.78414916992188,3291300,0.0,0.0,115.25085906982422
2025-08-28 00:00:00-04:00,116.92390650204291,118.52109738769967,116.7941379793708,117.68257141113281,2760700,0.0,0.0,116.96583404541016
2025-08-29 00:00:00-04:00,119.21986821558166,119.9785331598455,117.22338713191854,118.0319595336914,4107600,0.0,0.0,117.55279998779297
2025-09-02 00:00:00-04:00,115.9855677574674,120.82703272711885,114.29853885171572,120.39778900146484,3626800,0.0,0.0,118.25955505371094
2025-09-03 00:00:00-04:00,120.55750346380232,121.90513424979757,118.18169378343292,119.41950988769531,3212700,0.0,0.0,118.46319580078125
2025-09-04 00:00:00-04:00,117.64264037018914,119.80882040836082,115.7958969845775,119.179931640625,3136900,0.0,0.0,118.94235229492188
2025-09-05 00:00:00-04:00,119.96933636992424,123.34678890169046,119.27986259531968,120.1092300415039,3531600,0.12,0.0,119.4276840209961
2025-09-08 00:00:00-04:00,120.11922717588845,121.1684373586524,117.50120282254836,118.81021881103516,3738100,0.0,0.0,119.58333587646484
2025-09-09 00:00:00-04:00,118.91014122037825,119.9093861045831,114.56342749881381,114.98310852050781,4724500,0.0,0.0,118.50039978027344
2025-09-10 00:00:00-04:00,114.7932508918063,118.03080984340652,113.02459078053413,117.73103332519531,4412000,0.0,0.0,118.16270446777344
2025-09-11 00:00:00-04:00,117.7310280418607,118.6903021840009,114.34358860680422,115.47273254394531,4023900,0.0,0.0,117.4212646484375
2025-09-12 00:00:00-04:00,114.9131609165361,115.09302529943776,109.47726634318248,112.15524291992188,5904200,0.0,0.0,115.8304672241211
2025-09-15 00:00:00-04:00,112.1652384431594,114.2036989252475,110.8262539553869,113.9838638305664,3241300,0.0,0.0,114.86519622802734
2025-09-16 00:00:00-04:00,114.2136946082948,115.52270298187365,113.3043780940203,113.8439712524414,2871200,0.0,0.0,114.63736877441406
2025-09-17 00:00:00-04:00,113.66410382543529,116.25214437627042,112.72481120920528,114.23367309570312,2569300,0.0,0.0,113.93789672851562
2025-09-18 00:00:00-04:00,117.69106241040939,119.43974097513033,115.00309120564702,118.73027801513672,4876800,0.0,0.0,114.5894058227539
2025-09-19 00:00:00-04:00,119.40976440925918,120.50893226403194,117.45124533880526,119.7594985961914,9576500,0.0,0.0,116.11025695800781
2025-09-22 00:00:00-04:00,126.3645026970205,135.37768788112376,125.92483252387241,135.07791137695312,7137400,0.0,0.0,120.32906646728516
2025-09-23 00:00:00-04:00,135.89730340429176,138.13561741996674,133.0794255297206,134.5782928466797,4341200,0.0,0.0,124.4759307861328
2025-09-24 00:00:00-04:00,134.4084269577129,134.56830980218436,130.9310589504284,133.1094207763672,3688700,0.0,0.0,128.25108032226564
2025-09-25 00:00:00-04:00,131.26079914287865,133.04944064795234,128.49288674379972,132.7696533203125,2655300,0.0,0.0,131.05895538330077
2025-09-26 00:00:00-04:00,131.9003265342577,135.8373538718884,131.30077349655875,135.20782470703125,3276300,0.0,0.0,134.14862060546875
2025-09-29 00:00:00-04:00,137.00646084122494,137.17633063462443,133.449151644703,134.2285614013672,2854200,0.0,0.0,133.97875061035157
2025-09-30 00:00:00-04:00,133.89880598090434,138.0256919697394,132.89956116015134,137.5360565185547,3014000,0.0,0.0,134.57030334472657
2025-10-01 00:00:00-04:00,135.81735758661878,141.43310873986226,135.68745087756332,141.013427734375,3177100,0.0,0.0,136.15110473632814
2025-10-02 00:00:00-04:00,144.79056836552627,145.24024073248322,141.6129771555949,144.4208526611328,3307400,0.0,0.0,138.4813446044922
2025-10-03 00:00:00-04:00,146.35940440876774,149.34715220361502,144.71065639241678,145.530029296875,2798300,0.0,0.0,140.54578552246093
2025-10-06 00:00:00-04:00,147.7883074245891,150.59619826475415,147.1887696621031,147.75833129882812,3706000,0.0,0.0,143.25173950195312
2025-10-07 00:00:00-04:00,148.95744457380476,150.17650932441813,139.6944400808165,140.0341796875,3689400,0.0,0.0,143.7513641357422
2025-10-08 00:00:00-04:00,140.44386943860562,144.77060155262504,140.09412763542144,144.49081420898438,2601400,0.0,0.0,144.44684143066405
2025-10-09 00:00:00-04:00,144.49081721614147,145.3601553914558,141.69292847423816,145.0803680419922,2039700,0.0,0.0,144.57874450683593
2025-10-10 00:00:00-04:00,145.68991185831948,147.88824762491197,131.6505177336632,131.9802703857422,5757100,0.0,0.0,141.86879272460936
2025-10-13 00:00:00-04:00,138.59526488359873,139.80435792404006,136.49685973737064,139.0249481201172,3344800,0.0,0.0,140.1221160888672
2025-10-14 00:00:00-04:00,135.51759041505815,138.7951125145875,134.89806344724082,136.8665771484375,3043200,0.0,0.0,139.48859558105468
2025-10-15 00:00:00-04:00,140.0841456298236,141.3032256333422,137.58603336806706,140.9235076904297,2373700,0.0,0.0,138.77513427734374
2025-10-16 00:00:00-04:00,141.892766972664,142.9519640612072,138.06565741408144,139.19480895996094,1783500,0.0,0.0,137.5980224609375
2025-10-17 00:00:00-04:00,136.95650383016925,139.61449892886466,136.67671647738734,138.05567932128906,1924300,0.0,0.0,138.81310424804687
2025-10-20 00:00:00-04:00,140.73364788644278,141.35319009183513,138.6152535801304,139.08489990234375,2345700,0.0,0.0,138.8250946044922
2025-10-21 00:00:00-04:00,138.79510846976072,144.22101612553797,138.6951931295905,143.22177124023438,2180200,0.0,0.0,140.09613342285155
2025-10-22 00:00:00-04:00,141.423124320799,142.67218040025725,135.7274316479227,138.7351531982422,3917900,0.0,0.0,139.65846252441406
2025-10-23 00:00:00-04:00,138.465365574641,146.0096519611712,137.89578869395638,144.9304656982422,2813800,0.0,0.0,140.80559387207032
2025-10-24 00:00:00-04:00,147.4485730338056,148.8874881101374,143.96121813766462,144.17105102539062,2079600,0.0,0.0,142.02866821289064
2025-10-27 00:00:00-04:00,147.98816383030203,149.96666430318885,146.58921193498801,147.38861083984375,3940900,0.0,0.0,143.6894104003906
2025-10-28 00:00:00-04:00,146.93896283824418,147.50852449198172,144.00118044778694,144.27098083496094,5016800,0.0,0.0,143.89925231933594
2025-10-29 00:00:00-04:00,169.8816145252094,177.10616589911723,162.03755145951334,173.80865478515625,12203800,0.0,0.0,150.91395263671876
2025-10-30 00:00:00-04:00,172.6195583414021,179.074687173994,171.57034813560438,176.74644470214844,5268400,0.0,0.0,157.2771484375
2025-10-31 00:00:00-04:00,179.86407622074304,185.76961704933478,177.86558648495702,181.62274169921875,4540000,0.0,0.0,164.76748657226562
2025-11-03 00:00:00-05:00,182.65196010877645,184.4306299759425,180.0539326373776,182.9317626953125,3309900,0.0,0.0,171.87611694335936
2025-11-04 00:00:00-05:00,176.1268892026628,182.18232571303048,174.96777678149428,175.51734924316406,3216500,0.0,0.0,178.125390625
2025-11-05 00:00:00-05:00,176.91629995544673,188.79732035776883,176.3667122502562,187.44833374023438,4135300,0.0,0.0,180.85332641601562
2025-11-06 00:00:00-05:00,187.60822909477082,191.41534970634567,182.71193520665034,184.8802947998047,4504200,0.0,0.0,182.48009643554687
2025-11-07 00:00:00-05:00,180.4036577227376,182.3621843289858,174.7179673587595,182.14234924316406,3627400,0.0,0.0,182.58401794433593
2025-11-10 00:00:00-05:00,188.2377501775441,188.60746589381333,180.53356565660752,183.9409942626953,2954400,0.0,0.0,182.7858642578125
2025-11-11 00:00:00-05:00,183.22153671186962,183.22153671186962,175.51735219250162,177.09616088867188,2928800,0.0,0.0,183.10162658691405
2025-11-12 00:00:00-05:00,180.0639186865027,181.13311799330083,177.05619718092797,179.13462829589844,2365600,0.0,0.0,181.4388854980469
2025-11-13 00:00:00-05:00,176.0969144711213,176.8663372697213,167.4734418413093,169.46192932128906,4473200,0.0,0.0,178.35521240234374
2025-11-14 00:00:00-05:00,163.79621004063708,173.67874075942723,163.07675254616922,169.84164428710938,3208300,0.0,0.0,175.89507141113282
2025-11-17 00:00:00-05:00,168.34278914011344,173.2490852473048,164.36579871638853,167.31356811523438,3517700,0.0,0.0,172.56958618164063
2025-11-18 00:00:00-05:00,165.38501615494036,167.19366221245167,162.87691697157214,163.59637451171875,2803700,0.0,0.0,169.86962890625
2025-11-19 00:00:00-05:00,164.45572849970137,170.27132592547633,162.63709545164465,168.10296630859375,2726200,0.0,0.0,167.66329650878907
2025-11-20 00:00:00-05:00,172.14990852530974,173.69874115512587,154.59318372680912,155.7822723388672,5142700,0.0,0.0,164.9273651123047
2025-11-21 00:00:00-05:00,155.2127100222137,160.4987087620646,151.40558944488606,158.79000854492188,3871300,0.0,0.0,162.7170379638672
2025-11-24 00:00:00-05:00,160.0,167.61000061035156,159.5,165.97000122070312,5139900,0.12,0.0,162.44832458496094
2025-11-25 00:00:00-05:00,165.3300018310547,168.08999633789062,160.36000061035156,167.6699981689453,2833700,0.0,0.0,163.26304931640624
2025-11-26 00:00:00-05:00,169.6199951171875,180.88999938964844,168.80999755859375,179.3800048828125,3744500,0.0,0.0,165.51845703125
2025-11-28 00:00:00-05:00,179.6999969482422,182.1699981689453,179.4600067138672,181.88999938964844,1877100,0.0,0.0,170.74000244140626
