Date,Open,High,Low,Close,Volume,MA5
2021-01-08,148.45605880739978,149.87017818353374,146.4953885936035,148.4907684326172,4556500,143.831982421875
2021-01-11,147.69264843125407,149.2542376917652,146.73833211618972,148.6209259033203,4553100,145.40921020507812
2021-01-12,148.60355794118902,150.65967323123596,148.32594709817633,149.47979736328125,3406600,146.95172729492188
2021-01-13,149.47112719538083,149.95696938192648,148.2392000075079,148.7076873779297,2953900,148.19927673339845
2021-01-14,148.4387015595817,149.68796994079273,147.78803515281177,148.96791076660156,3416300,148.85341796875
2021-01-15,148.33459534412862,148.43002695269004,145.3762419544097,146.78167724609375,3734600,148.5115997314453
2021-01-19,148.51678014231533,151.5618941970973,148.51678014231533,151.11944580078125,6277800,149.0113037109375
2021-01-20,151.6833710954884,151.97833673133587,149.90488001701843,150.3733673095703,4329500,149.1900177001953
2021-01-21,151.31902146904784,152.22995734795782,149.31497047815333,151.90896606445312,3583900,149.8302734375
2021-01-22,151.37971030039319,152.2125558719768,149.87015949986562,149.92221069335938,3736800,150.02113342285156
2021-01-25,150.408066938041,151.44914394931752,148.07434092624155,150.01766967773438,5401900,150.6683319091797
2021-01-26,149.28024305182348,151.1975328031681,148.61222178111285,148.75970458984375,5341900,150.19638366699218
2021-01-27,144.40456719747422,145.4196052407667,140.5786454080962,141.35076904296875,10011200,148.39186401367186
2021-01-28,145.64519918894302,148.4387285285765,143.26809271870408,146.81639099121094,6796600,147.37334899902345
2021-01-29,145.45476286238386,146.63306964211054,143.15926612608948,144.6168670654297,5969800,146.3122802734375
2021-02-01,146.07448160429746,150.99716315357378,145.7777273701698,150.52584838867188,5715600,146.413916015625
2021-02-02,151.04081262022962,153.35376971069516,150.133076515134,152.52459716796875,4861200,147.16689453125
2021-02-03,152.5507689078104,152.96971682988365,147.06948587077605,147.13931274414062,5019200,148.32460327148436
2021-02-04,148.34382026625505,150.2290927940373,146.68546179661442,150.12435913085938,3519800,148.98619689941407
2021-02-05,150.82263362270484,151.1542947039107,146.6854802706244,148.31764221191406,4045000,149.72635192871093
2021-02-08,149.54826089503007,153.08316766493294,149.11185298067446,152.84750366210938,4597600,150.19068298339843
2021-02-09,152.30638982976993,152.9348184062646,151.28519672249485,151.5994110107422,2777700,150.00564575195312
2021-02-10,152.91733570859995,153.73778474628966,150.6654691960409,152.18417358398438,3414600,151.01461791992188
2021-02-11,153.61560282262906,156.8013756221027,153.1268280354553,156.4260711669922,4776000,152.27496032714845
2021-02-12,155.36121564744485,157.0195603748636,154.77643064739482,156.79263305664062,2532500,153.96995849609374
2021-02-16,157.10683693548873,158.67790796846595,156.0943674566688,157.77017211914062,3887600,154.9544921875
2021-02-17,155.64052289924578,157.29014426085385,153.92979803774625,155.8238067626953,4315100,155.79937133789062
2021-02-18,154.86371901168147,154.94228256458354,152.0445273788859,154.06072998046875,4195100,156.1746826171875
2021-02-19,155.2390786041644,156.73160005787358,154.1742418519549,155.66676330566406,4248500,156.02282104492187
2021-02-22,153.61559628288168,154.41858530164131,150.71784114212375,151.07569885253906,4386900,154.87943420410156
2021-02-23,152.01835157732273,152.2540156115988,147.07821013114287,150.86624145507812,6514400,153.49864807128907
2021-02-24,149.80143007268683,156.9061525260406,148.8762471464303,156.57447814941406,5100500,153.6487823486328
2021-02-25,155.7976690192982,155.7976690192982,148.43109923280923,148.84132385253906,6099600,152.6049011230469
2021-02-26,151.24153988531506,151.7390513469267,147.61935918448077,150.36000061035156,6060600,151.54354858398438
2021-03-01,152.30640163190978,155.23906411009696,151.07572779773386,155.07322692871094,4771500,152.34305419921876
2021-03-02,154.98594335380307,155.06449359737488,152.00090091692192,152.64678955078125,5401500,152.69916381835938
2021-03-03,151.94851715547338,153.28392441984383,148.69291757067143,148.89366149902344,4715900,151.16300048828126
2021-03-04,148.81509731228465,149.12058817653434,141.10813202339284,142.4871826171875,8318900,149.89217224121094
2021-03-05,146.2315541635666,147.35749401057402,141.4223438707665,146.5806884765625,5681200,149.1363098144531
2021-03-08,145.22786984729365,146.86876837145311,141.19546374094577,141.49221801757812,6065400,146.42010803222655
2021-03-09,145.90860207932383,149.9933865677653,145.14051998516487,148.69288635253906,7610300,145.62932739257812
2021-03-10,149.81882729432084,150.9971339559037,147.77644151114862,147.87245178222656,4270500,145.42508544921876
2021-03-11,150.56948452750942,153.26649611009137,150.5345777472107,152.69915771484375,5002700,147.46748046875
2021-03-12,151.01465365517453,151.95729669318328,149.0333572701529,151.4947052001953,3514600,148.45028381347657
2021-03-15,151.40741873507616,152.82137663748446,149.91489725733157,152.66427612304688,3876500,150.6846954345703
2021-03-16,153.83380532872337,156.06821194472744,153.4672242418584,154.61061096191406,4132600,151.8682403564453
2021-03-17,153.12682218915637,157.2639609927191,152.23654625044355,156.53953552246094,4004800,153.60165710449218
2021-03-18,153.7552447925271,156.90611057367468,152.07943994278588,152.18417358398438,4214400,153.4986602783203
2021-03-19,153.34503377003892,155.4048799096186,150.51710534576756,153.59814453125,8447300,153.91934814453126
2021-03-22,155.61434482647198,158.5819269512453,155.1430300887043,157.19415283203125,4476100,154.82532348632813
2021-03-23,158.77398726210282,159.35004911099014,155.10816213684075,156.0420684814453,4688500,155.1116149902344
2021-03-24,157.098153836817,159.4547543312261,156.04204063565425,156.1467742919922,5056100,155.03306274414064
2021-03-25,154.95101599107076,156.62682103261153,151.65177273458195,155.78892517089844,4878500,155.75401306152344
2021-03-26,155.151775407564,164.84876220291898,154.49716337363304,164.26397705078125,6363500,157.88717956542968
2021-03-29,161.34008168840057,163.82759989514537,160.3712551629202,162.50091552734375,4983600,158.9485321044922
2021-03-30,164.53452712239437,164.53452712239437,161.13927366776124,162.29139709472656,4458700,160.19839782714843
2021-03-31,163.74029271953393,166.22781041666033,162.80637317380135,164.95350646972656,5427500,161.95974426269532
2021-04-01,166.80388401614593,168.05200463606724,165.852517671408,167.633056640625,4581300,164.3285705566406
2021-04-05,169.32629216603374,172.45097482582807,169.00335453040023,171.88363647460938,4323900,165.85250244140624
2021-04-06,169.5183251580888,171.8050988240167,168.48839534918972,169.8412628173828,3506900,167.32057189941406
2021-04-07,169.72779510328644,169.75397851627656,167.15297740226717,168.5320281982422,3678900,168.56869812011718
2021-04-08,171.15046282755858,171.15046282755858,168.75895583834836,170.3736572265625,3157200,169.65272827148436
2021-04-09,168.7240515360364,170.68788745114995,168.22655336296057,170.5744171142578,3127300,170.24100036621093
2021-04-12,168.13929089104735,169.95474995476042,167.00462731146212,167.95599365234375,4504800,169.45547180175782
2021-04-13,167.7028875736145,168.45350996421078,165.62558096096308,166.9173583984375,4009300,168.87069091796874
2021-04-14,166.23648666197835,167.14420914409763,164.97089322284768,166.12301635742188,3555000,168.38888854980468
2021-04-15,167.51958618570447,168.91609726049157,166.55077310874023,168.6018829345703,4471900,168.03453369140624
2021-04-16,169.0295429760511,170.00709259504168,167.2664509977019,167.51956176757812,5792900,167.4235626220703
2021-04-19,166.14053891093934,166.79515094239596,162.97221241689218,163.2689666748047,5334900,166.4861572265625
2021-04-20,163.19912712037382,163.19912712037382,160.8425266537502,161.7066192626953,4258900,165.44400939941406
2021-04-21,164.00209259880342,165.0843890454172,161.4360251915394,164.87490844726562,4796500,165.19438781738282
2021-04-22,162.91984228428936,164.77893135963964,161.27022053116693,162.16921997070312,3853100,163.90785522460936
2021-04-23,163.23404336604187,165.84375454362782,162.78889870612704,164.80511474609375,3512400,163.3649658203125
2021-04-26,164.8400242884647,167.73776637749518,163.99339173385385,167.02206420898438,3842300,164.11558532714844
2021-04-27,166.7602266907638,168.0258072564478,165.64302325034197,166.01834106445312,3864100,164.9779296875
2021-04-28,158.5383054983824,160.5981518923348,157.1068877207623,158.69541931152344,9434200,163.74203186035157
2021-04-29,160.27519176949485,162.38740469927754,159.4198225782225,162.18666076660156,4547300,163.74552001953126
2021-04-30,159.88726191395014,160.51915909465646,157.21049049725235,158.42161560058594,6193600,162.46882019042968
2021-05-03,159.28173508570939,159.55379937305662,155.83262789648433,156.9208984375,5136100,160.4485870361328
2021-05-04,156.44696008030513,157.31582216176548,154.0510241116808,157.12274169921875,5222300,158.66946716308593
2021-05-05,158.86041903400167,160.7648819304339,157.51764098540372,159.42210388183594,5257100,158.81480407714844
2021-05-06,159.66785455349986,162.22177122572148,157.9301439913681,161.72152709960938,4525800,158.72177734375
2021-05-07,163.85416501671463,165.08285990103582,162.730795254356,164.78445434570312,4591400,159.99434509277344
2021-05-10,164.37193758034877,164.37193758034877,159.57129567032692,159.7731475830078,4580400,160.564794921875
2021-05-11,156.57856712786872,161.07204553544284,155.70093378941306,160.7824249267578,4641300,161.2967315673828
2021-05-12,157.7019660939016,158.06179904365868,154.7004611244969,154.99008178710938,5297900,160.4103271484375
2021-05-13,157.965264760446,158.52694968709145,155.56054405394445,157.08763122558594,4361000,159.48354797363282
2021-05-14,158.58837796263737,162.29199257190243,157.53522039320833,160.84390258789062,4433500,158.6954376220703
2021-05-17,159.9486760893183,160.06277270874767,156.9647280923118,158.7024383544922,4162300,158.48129577636718
2021-05-18,158.94825001461248,159.60647533132175,156.73660920081352,156.9823455810547,3454100,157.72127990722657
2021-05-19,153.79651946907018,159.66787710275474,153.5858825805457,159.48358154296875,4780000,158.61997985839844
2021-05-20,159.97503139332844,163.71374523758092,159.97503139332844,162.62548828125,5387000,159.72755126953126
2021-05-21,163.84537215284115,163.84537215284115,161.6074044334006,162.37094116210938,3682300,160.032958984375
2021-05-24,163.6347735077751,166.17991885001595,163.6347735077751,165.60067749023438,4175900,161.41260681152343
2021-05-25,166.2852328896982,166.46952843932368,164.88979873317476,165.6094512939453,4270100,163.13802795410157
2021-05-26,165.04774244614478,166.55727303301623,164.05601237445202,165.31103515625,4221600,164.30351867675782
2021-05-27,165.64453990111144,166.79423756217622,164.88977460880292,165.98681640625,10107700,164.9757843017578
2021-05-28,166.79424391653907,167.65432096884936,166.10969088018254,166.59239196777344,3306500,165.82007446289063
2021-06-01,167.96149839203628,168.53195479298603,165.03019241381452,165.8727264404297,4817300,165.87448425292968
2021-06-02,166.31155791476388,167.50514007979078,165.2934997816122,167.40859985351562,3137900,166.23431396484375
2021-06-03,164.72299427224164,164.87219032448323,162.27438989488198,163.2397918701172,4205300,165.8200653076172
2021-06-04,164.80202504883863,167.08387760919746,164.53873230854722,166.8118133544922,3462900,165.9850646972656
2021-06-07,166.048239566662,166.57482497271397,164.69668999884257,165.477783203125,2726100,165.76214294433595
2021-06-08,166.7240282122704,166.7240282122704,163.33636254651108,164.05601501464844,3063600,165.3988006591797
2021-06-09,165.07409944193935,165.10921228500143,163.38904454885798,163.63478088378906,2866900,164.64403686523437
2021-06-10,163.5381968219175,165.78493607719676,163.1520360014872,164.9950714111328,3188700,164.9950927734375
2021-06-11,165.06528363902834,165.6445248695061,164.06478214621322,165.5830841064453,2309400,164.7493469238281
2021-06-14,165.22327912940074,167.05754333580575,164.17890650552485,166.97854614257812,3360300,165.04949951171875
2021-06-15,167.15405307312685,167.39100443472304,165.10038086460514,165.53042602539062,2600100,165.3443817138672
2021-06-16,166.67141179703307,167.18044092747712,163.50315374472967,164.75816345214844,3357900,165.56905822753907
2021-06-17,164.32810767490312,166.3378825748092,163.41536130052333,164.68792724609375,3222300,165.50762939453125
2021-06-18,163.24861213033117,163.51190487416557,160.1681231848568,160.6683807373047,7535200,164.52468872070312
2021-06-21,161.70396596513623,163.8015094113257,160.92287271676335,163.33636474609375,3771200,163.79625244140624
2021-06-22,162.79223621583003,164.36319422559524,161.7829496962793,164.15255737304688,3299700,163.5206787109375
2021-06-23,163.66109783812814,164.53873137302617,163.2310659766681,163.32760620117188,2473300,163.23456726074218
2021-06-24,165.03895349399127,165.60940981258935,164.51236812942219,165.53042602539062,2876700,163.40306701660157
2021-06-25,165.03897537914506,166.96976631922925,164.42463463343063,165.144287109375,4639100,164.29824829101562
2021-06-28,165.84643018802845,168.83916411741248,165.84643018802845,168.09317016601562,3228700,165.249609375
2021-06-29,168.0843871547257,169.39205261955706,167.5665731643866,169.27796936035156,2108700,166.27469177246093
2021-06-30,169.24282178373122,169.3832463418383,168.05802472771285,168.76890563964844,2687600,167.36295166015626
2021-07-01,168.5231324603083,168.9268362369458,166.80296547918763,167.48751831054688,3455900,167.7543701171875
2021-07-02,169.0585458703016,169.20774195873025,167.54901517468585,168.68994140625,2389900,168.4635009765625
2021-07-06,169.0146817546,169.1814342827002,166.35545299496505,167.8035430908203,2619600,168.40557556152345
2021-07-07,169.1814104318434,169.37449086962084,165.85517202873402,166.55728149414062,2749500,167.86143798828124
2021-07-08,164.60892130781411,166.13600827213298,162.68690198475062,165.20571899414062,3146900,167.1488006591797
2021-07-09,165.14429943871363,167.5139072871645,164.11746981743906,166.98733520507812,3109200,167.04876403808595
2021-07-12,167.23307115866103,168.52319351399046,166.8293538441422,168.4354248046875,4069500,166.99786071777345
2021-07-13,167.82987102771762,168.90937000701084,167.3822827088376,167.8035430908203,2695100,166.99786071777345
2021-07-14,169.38326420025453,170.33988149392414,167.39103242088686,167.8737335205078,3590200,167.2611511230469
2021-07-15,167.16287327220013,167.87375434727875,164.46853168562947,165.22329711914062,4259900,167.26466674804686
2021-07-16,166.1096610048756,166.96096639034684,163.00283157560773,163.34510803222656,4337500,166.53622131347657
2021-07-19,161.7303023961855,163.52945377273272,160.93165268688713,163.45046997070312,4181300,165.5392303466797
2021-07-20,164.1701329419491,166.0307118191403,163.02920662623498,164.7932586669922,4287300,164.93717346191406
2021-07-21,165.3900367004104,170.48031387274796,165.3900367004104,170.47154235839844,6352800,165.45673522949218
2021-07-22,163.01163409887545,164.696688636026,161.07205837397737,161.4055633544922,12673900,164.6931884765625
2021-07-23,162.5528775497991,164.97099629214338,160.76134631236258,164.90040588378906,5983000,165.004248046875
2021-07-26,163.58541862146083,166.7890001190737,163.54128952064502,166.14474487304688,4516600,165.54310302734376
2021-07-27,165.49170355659996,165.77410559812088,160.82312150678257,163.38246154785156,4649900,165.2609436035156
2021-07-28,164.43266699714675,165.474043849275,163.28537759986267,164.90040588378906,2956700,164.14671630859374
2021-07-29,165.7740833592006,168.08631625388097,165.4387318215271,167.5303192138672,3081800,165.37166748046874
2021-07-30,166.3565682996928,168.51875973021953,166.24183532268012,168.22752380371094,2521600,166.03709106445314
2021-08-02,169.79840616970426,170.85745069466262,168.04218381622567,168.31576538085938,2922600,166.47129516601564
2021-08-03,168.50108634239407,168.96000473224154,165.42107184296898,167.09786987304688,3703400,167.2143768310547
2021-08-04,167.5832468207634,170.6544405898818,167.0184294210829,169.78074645996094,3793600,168.19044494628906
2021-08-05,171.03394891653804,171.12219364698066,169.08355588530665,170.46913146972656,2769500,168.77820739746093
2021-08-06,169.7719464402251,170.88394059666064,169.61309782719815,170.2926483154297,2414300,169.19123229980468
2021-08-09,170.57502493554594,170.79565695387794,167.97156981249006,168.0774688720703,2395900,169.14357299804686
2021-08-10,168.15690948376275,168.15690948376275,164.87391712142397,167.3714599609375,3497100,169.198291015625
2021-08-11,168.71287962267334,168.71287962267334,165.9152674209474,167.2390594482422,2339300,168.68995361328126
2021-08-12,166.66542427672144,166.85074762236061,164.29142171536253,165.800537109375,3949600,167.75623474121093
2021-08-13,165.50936019948483,166.60370019716365,165.03280081748943,166.53309631347656,1923700,167.00432434082032
2021-08-16,166.3477348175472,167.64505226736745,166.00354937981803,167.5479736328125,2506100,166.89842529296874
2021-08-17,166.40066622370918,166.56834870751933,163.35594714990637,164.43263244628906,3411800,166.31065979003907
2021-08-18,163.8942958066318,164.64443659550798,161.9968523531712,162.2086639404297,2862500,165.30458068847656
2021-08-19,161.28199527970364,164.12373657479574,160.5848040707019,163.302978515625,3871700,164.80506896972656
2021-08-20,163.49715342397246,164.29143680573785,161.7850601958514,163.24122619628906,3855300,164.14669494628907
2021-08-23,163.97372786351312,166.48010449964767,163.770750165893,165.7829132080078,3529000,163.79368286132814
2021-08-24,165.84468394186186,167.26555476440151,165.50049851112544,165.75643920898438,3268200,164.05844421386718
2021-08-25,166.2418425510746,166.90373874019826,165.32401909400062,165.99473571777344,3163600,164.81565856933594
2021-08-26,165.6152581130309,166.43600293897723,164.6533055321973,165.8888397216797,3643700,165.33283081054688
2021-08-27,166.2682981320232,168.38637377255557,165.96824179283217,168.13926696777344,2859800,166.31243896484375
2021-08-30,168.90705709514236,169.70132702013086,168.30694443471737,168.94235229492188,2356500,166.94432678222657
2021-08-31,169.53367017017365,170.06317900277713,166.89490604222286,168.48345947265625,4227500,167.48973083496094
2021-09-01,169.25123167726667,169.25123167726667,166.06530481551488,166.2241668701172,4536600,167.53561706542968
2021-09-02,166.98316502372833,167.16848840279204,165.95059518941295,167.15966796875,2061400,167.78978271484374
2021-09-03,166.50659781817842,168.41286200720216,166.0918084770581,167.574462890625,2103400,167.67682189941405
2021-09-07,167.08904816476573,167.76859857792797,166.33889388706493,167.2037811279297,2295900,167.32910766601563
2021-09-08,166.35656148528145,166.83312077603048,165.1386682909176,166.62132263183594,2021600,166.95668029785156
2021-09-09,167.38030411188396,168.2363575558111,166.1447565338792,166.33009338378906,1827900,166.97786560058594
2021-09-10,167.09787284862625,170.7250640004139,167.09787284862625,168.2539825439453,3331700,167.196728515625
2021-09-13,170.2926410240267,171.32519736342618,168.77469149953055,171.19281005859375,3687200,167.92039794921874
2021-09-14,172.09301534426825,173.2756000126676,171.03398409695072,172.19009399414062,3239600,168.91766052246095
2021-09-15,173.09024194998642,174.3787254451833,171.9429527175259,174.29930114746094,3995900,170.45325622558593
2021-09-16,173.49621231331912,174.15810845075706,171.96062189290237,173.69920349121094,2661500,171.9270782470703
2021-09-17,174.13167545380676,174.13167545380676,171.7488514806933,173.19619750976562,5819300,172.91552124023437
2021-09-20,170.22203567803885,170.98101043370283,167.46853866388227,169.96609497070312,4614300,172.67017822265626
2021-09-21,171.17517652018844,171.64291539140567,168.42167936424912,170.2926483154297,3093400,172.29068908691406
2021-09-22,171.87236611234135,173.5932934006917,170.98101748255772,172.90492248535156,3526100,172.01181335449218
2021-09-23,173.24029110411712,175.71137279661735,172.79019309653063,175.33187866210938,2756900,172.33834838867188
2021-09-24,174.1845781299936,177.3175557822628,173.96394609062693,177.0792694091797,3191500,173.11496276855468
2021-09-27,174.94356040313997,176.90277407422803,174.44934676832705,176.796875,3022300,174.48111877441406
2021-09-28,174.2904892214516,175.72018051547886,171.69585430539408,171.99591064453125,4274600,174.82177124023437
2021-09-29,171.67820835243194,172.8166772628378,169.54249174076395,170.3897247314453,3436800,174.31873168945313
2021-09-30,171.6340818972776,172.08417990120972,169.5336739220708,169.63075256347656,3270800,173.17850646972656
2021-10-01,170.70740530955675,171.50168868581216,167.83918896119556,171.02511596679688,2986100,171.96767578125
2021-10-04,170.36324497917036,171.54584305138275,166.82431159596922,168.0333709716797,3934100,170.21497497558593
2021-10-05,169.64835864140505,172.28712228661175,168.28043750805296,171.1045379638672,3860200,170.0367004394531
2021-10-06,169.48952914252328,171.79292808801023,169.0923941794346,171.5546417236328,3103400,170.26968383789062
2021-10-07,172.8078259417816,174.51993261866792,172.11945509775867,172.36656188964844,2873200,170.816845703125
2021-10-08,173.134359429324,173.30204192606692,171.20163416591,172.30479431152344,2574100,171.07278137207032
2021-10-11,171.99591128547718,173.17849577917357,170.60151518708295,170.6544647216797,2280200,171.5970001220703
2021-10-12,171.13983717422036,171.4134187140465,165.33280101185562,166.33888244628906,6225100,170.64386901855468
2021-10-13,166.93902323764613,167.13318050231226,164.60914952796313,165.1210174560547,3796500,169.35714416503907
2021-10-14,167.1243563281949,169.9572776974554,166.73604177626524,169.8778533935547,3412800,168.85940246582032
2021-10-15,170.2043732470385,171.9164799492696,170.01021598392092,171.6075897216797,2648900,168.71996154785157
2021-10-18,170.47796123357747,173.0284670501311,169.11003990690025,172.01356506347656,2804600,168.99178161621094
2021-10-19,171.74881002978418,175.2171393210554,171.06925955910822,174.9435577392578,2666100,170.71271667480468
2021-10-20,174.82883062969452,176.52328304941054,173.9021733856735,175.95846557617188,3043300,172.8802062988281
2021-10-21,176.19672795595142,177.9000141738144,175.623090083409,177.64407348632812,3276300,174.4334503173828
2021-10-22,177.87357230543924,178.46486461972316,174.86414772707164,175.68490600585938,3649200,175.24891357421876
2021-10-25,176.50564121708433,178.50015011496515,175.67606254875415,176.68214416503906,4254900,176.18262939453126
2021-10-26,176.57625124597172,176.85865327928306,173.407978107576,173.8404083251953,5837500,175.96199951171874
2021-10-27,163.83252046929863,166.3742057767021,161.98803992128092,165.1210174560547,10365500,173.7945098876953
2021-10-28,165.71229238593557,167.32732030090807,164.35319167513924,165.800537109375,5123000,171.4258026123047
2021-10-29,165.50754098284602,167.25683042347833,165.36546354977187,166.4754180908203,4552200,169.5839050292969
2021-11-01,165.8094395326734,167.44330285704388,165.23226861133418,166.46653747558594,4203900,167.54078369140626
2021-11-02,165.2944382904855,168.15368250494822,165.2589257039506,168.12704467773438,4009600,166.39811096191406
2021-11-03,167.54096534224553,168.81076033432333,165.75616338612838,167.99383544921875,3666900,166.97267456054686
2021-11-04,168.26909334720472,169.79639174279205,167.3100910837488,169.69871520996094,4828000,167.75231018066407
2021-11-05,171.95416866399506,173.53474299894978,170.3292069825172,171.732177734375,4510500,168.803662109375
2021-11-08,172.30047309735505,173.49035477150758,170.24040432655173,170.80870056152344,5213900,169.6720947265625
2021-11-09,171.04844473614673,172.220549725674,169.05940125333507,169.41458129882812,4314700,169.92960205078126
2021-11-10,168.39344679795278,169.57444022391624,165.58747806630663,166.06698608398438,4304600,169.5442321777344
2021-11-11,167.50545276783603,167.66529326126033,166.26230914897695,167.46994018554688,2554800,169.09847717285157
2021-11-12,167.74523322098727,170.34696047315444,166.32448581859302,168.78414916992188,3121700,168.50887145996094
2021-11-15,169.79639503438588,170.40909206590865,167.381133038694,168.0293426513672,2985200,167.9529998779297
2021-11-16,167.91391575788498,168.9350684391316,167.07922783792748,167.39889526367188,3312000,167.54986267089845
2021-11-17,167.30121210412236,168.9261869915348,166.2711711564869,168.3312530517578,4167800,168.00271606445312
2021-11-18,169.21925267198645,172.40703917586941,168.8374212266677,171.79434204101562,4677300,168.8675964355469
2021-11-19,172.16726532170514,173.37489638394226,171.039547733254,173.29498291015625,5129100,169.76976318359374
2021-11-22,173.77451058630166,174.8489527313571,170.68440039812697,170.9330291748047,4712300,170.35050048828126
2021-11-23,171.91862247544955,171.95413505557735,169.13041748634606,171.0572967529297,4881400,171.08218078613282
2021-11-24,171.25266157539033,171.97190992828754,168.80188690084262,171.90975952148438,6494000,171.79788208007812
2021-11-26,168.5887924155988,170.950779162541,166.37775787514147,167.1680450439453,3324900,170.87262268066405
2021-11-29,169.66322882728426,172.91316563669702,168.544385905867,172.60238647460938,4576200,170.73410339355468
2021-11-30,171.6522385976851,172.8865074399381,169.6010448824319,170.8175506591797,8775600,170.71100769042968
2021-12-01,173.80115744656035,177.5039650086757,170.16051385647052,170.27593994140625,7279100,170.554736328125
2021-12-02,169.12154113393441,173.0729761617545,168.71307194544985,171.89198303222656,4236700,170.55118103027343
2021-12-03,172.82434036146108,174.0674838419109,170.2048371967491,171.71438598632812,4901000,171.46044921875
2021-12-06,173.3038828967099,173.37492162238854,168.4999957730477,172.80662536621094,4084600,171.5012969970703
2021-12-07,174.39608097649412,177.4684416170389,173.97873691594393,176.73143005371094,5815600,172.68407287597657
2021-12-08,176.26079573509114,176.26079573509114,172.14951943835618,174.38719177246094,4255900,173.5063232421875
2021-12-09,173.65907092681803,174.8400507490558,171.5989885963034,171.732177734375,3626700,173.4743621826172
2021-12-10,174.0586108422912,174.36051518355654,171.2082420164976,174.0408477783203,3264200,173.9396545410156
2021-12-13,174.12966428343788,174.69796043536283,171.29705828192556,171.590087890625,6178300,173.69634704589845
2021-12-14,169.57442219747793,170.20486881207935,167.0792464665831,168.95285034179688,6130400,172.14063110351563
2021-12-15,170.48901515498113,172.007438907875,166.821721066148,171.76768493652344,6342000,171.61672973632812
2021-12-16,172.26493387871776,172.46916170756776,166.6885237010167,167.1502685546875,5452300,170.70034790039062
2021-12-17,166.38662991317568,168.16255717945185,164.83269355518402,165.42762756347656,8427700,168.9777038574219
2021-12-20,163.0745103659494,164.3265422987263,162.29311160834519,163.59841918945312,4474300,167.3793701171875
2021-12-21,166.43103123240945,166.4843204362428,163.5984383861859,165.4897918701172,6089400,166.68675842285157
2021-12-22,165.15237080477863,166.0580840088622,163.5273956338043,165.98704528808594,3375500,165.53063049316407
2021-12-23,166.26232453618084,167.77186008428504,166.04920837497474,166.40438842773438,3266500,165.38145446777344
2021-12-27,167.00821568419926,170.4446308954699,166.99934092485714,170.34695434570312,3405600,166.36531982421874
2021-12-28,171.19938526788076,171.25266091614964,169.0505149757905,169.68984985351562,2806900,167.58360595703124
2021-12-29,169.94737837932527,171.6256292933417,169.38795689156936,169.43235778808594,2754900,168.372119140625
2021-12-30,169.48562840893499,170.3735921158805,167.83401537204625,168.189208984375,2109200,168.81255187988282
2021-12-31,168.1892261012235,168.71312148981872,167.1769479142547,167.3545379638672,2813900,169.00258178710936
2022-01-03,167.66530588571524,169.26362964480953,166.45767475821603,169.24588012695312,3781500,168.78236694335936
2022-01-04,169.60106720352866,170.5778326961289,167.1147661262969,169.42347717285156,4137500,168.72909240722657
2022-01-05,169.0771444440471,170.14269800451234,165.73839279220775,165.8893585205078,5047400,168.02049255371094
2022-01-06,165.75617660943172,167.39891481820015,164.97476424427694,165.83609008789062,4502600,167.54986877441405
2022-01-07,161.58274381297062,163.4385845590826,158.85668894873214,159.33619689941406,7414200,165.94620056152343
2022-01-10,157.96874508851565,162.70159348344657,157.0630318225131,162.46185302734375,7195800,164.58939514160156
2022-01-11,162.05337154862247,165.2322831479247,160.90790436345586,163.95361328125,5239300,163.49542236328125
2022-01-12,165.16124364340155,166.35111171675433,163.74049634289793,165.18788146972656,4240100,163.355126953125
2022-01-13,167.79848476378825,168.38454399924944,163.03899926376153,163.51849365234375,5361100,162.89160766601563
2022-01-14,162.7282412165747,166.2268207587406,162.49737550615473,166.05810546875,4731400,164.23598937988282
2022-01-18,163.03901027685652,163.7049830305255,160.9522902289935,161.85801696777344,7382800,164.11522216796874
2022-01-19,162.88807736195918,163.0123917487242,158.22626753439204,158.32394409179688,5207300,162.98928833007812
2022-01-20,158.75015168781528,160.3307260146243,153.95515305243413,154.01730346679688,6057800,160.7551727294922
2022-01-21,154.55893005743363,159.43385472096656,153.91072047351153,155.9619140625,11527900,159.24385681152344
2022-01-24,156.08626627085798,158.60808005901728,151.9483519604794,158.3594512939453,11717600,157.7041259765625
2022-01-25,155.31373186081177,158.06641116301415,153.65323055139308,154.4701690673828,8157600,156.22655639648437
2022-01-26,161.849134282404,162.7193348441243,156.44142549001808,158.35055541992188,12852700,156.23187866210938
2022-01-27,160.63262540645832,160.7391902622878,153.7065194938188,155.2249298095703,6752900,156.47340393066406
2022-01-28,155.35901608002786,158.6304882380257,151.40822742432132,158.46958923339844,7322100,156.97493896484374
2022-01-31,158.81815125019887,160.5700910046223,157.1734820204778,160.43601989746094,6980800,157.39025268554687
2022-02-01,160.52540539564868,162.38460214358747,157.87963537513988,162.04493713378906,6233700,158.90520629882812
2022-02-02,162.27735579736725,168.26610694214804,162.22372734790852,167.89962768554688,8993800,160.8150207519531
2022-02-03,165.5756282036384,166.74656138371432,156.31540601414844,156.9500274658203,11691400,161.16004028320313
2022-02-04,154.1701896219795,154.42941198671812,149.72778441791365,153.22271728515625,11408600,160.11066589355468
2022-02-07,154.1702071564073,154.18808785507213,150.97919121306592,151.90878295898438,6418900,158.40521850585938
2022-02-08,151.98027593681678,154.80482591021365,150.61269587253435,154.3042755126953,4622000,156.85708618164062
2022-02-09,155.77019043447507,158.38914668562947,154.68863324376426,157.951171875,7140600,154.86739501953124
2022-02-10,153.88416178235948,158.05841096025648,151.7210612838611,152.54339599609375,7583400,153.98606872558594
2022-02-11,151.8908770940691,153.16908087677496,146.27753887332878,146.9479217529297,7564200,152.73110961914062
2022-02-14,146.53674496847347,148.06521012657672,143.94458993819387,145.22279357910156,7468000,151.39391174316407
2022-02-15,147.3144011285825,149.066341056612,146.66189894411636,148.530029296875,6969700,150.2390625
2022-02-16,147.29653754040768,151.02387878943466,146.79598711397057,150.38031005859375,4594300,148.72489013671876
2022-02-17,148.44067239802865,149.6205393283041,146.7691749249219,147.17140197753906,6807700,147.6504913330078
2022-02-18,147.70767296794054,150.26406652220328,146.6261160784948,149.0395050048828,6359100,148.06880798339844
2022-02-22,148.43171650534512,152.97244517401614,147.4931776784174,148.99484252929688,7293800,148.8232177734375
2022-02-23,150.1836423271073,151.9177015186629,147.81494802274477,148.05628967285156,5893900,148.7284698486328
2022-02-24,146.3937592525848,151.89089402238068,144.07870672370322,151.5869903564453,7754800,148.9698059082031
2022-02-25,151.71213160216377,152.82050302325484,149.39707901774054,152.68643188476562,4830100,150.07281188964845
2022-02-28,150.7289060135507,152.43613755120677,149.26300251650468,151.9445343017578,5656600,150.65381774902343
2022-03-01,151.3813757520734,151.96236872518185,146.92109059711805,149.53111267089844,6049600,150.76107177734374
2022-03-02,150.60372728476037,153.30312539141224,150.02272070655494,152.04281616210938,5304100,151.55837707519532
2022-03-03,153.490858667187,154.41151669150904,151.336691832464,152.8472900390625,5154200,151.81043701171876
2022-03-04,151.4886706709275,153.5266338106144,150.29092303670345,151.9355926513672,6804700,151.66026916503907
2022-03-07,152.72214303168568,152.8204663893333,147.2696907239053,147.38589477539062,7064800,150.74854125976563
2022-03-08,147.33226282440398,154.3668085754906,145.15128195322788,149.5758056640625,7486500,150.75747985839843
2022-03-09,154.2774355521383,155.51987780979027,151.4528860499024,154.1522979736328,6047300,151.17937622070312
2022-03-10,151.48864127834787,155.01038798314212,150.69312085307507,154.41151428222656,6079100,151.49222106933593
2022-03-11,155.43939252087566,156.80697210200637,151.89977959523284,152.2751922607422,4869700,151.56014099121094
2022-03-14,151.91771129235744,153.42829598731367,148.45852621485966,149.0216522216797,4863200,151.88729248046874
2022-03-15,150.68418012908157,154.31318355058986,150.06742576295832,154.02716064453125,5138600,152.7775634765625
2022-03-16,155.31431061001678,157.7366335716824,153.23165269363375,157.6114959716797,5660400,153.4694030761719
2022-03-17,157.17350867966312,159.53325603876723,156.63721052107957,159.52432250976562,4930700,154.4919647216797
2022-03-18,159.28295092632519,161.20472314088946,157.08410297498546,160.98126220703125,9031500,156.2331787109375
2022-03-21,160.25724558292535,161.97343764569086,158.86285146603038,161.3030548095703,5030600,158.68945922851563
2022-03-22,161.67849522467975,163.3410454882838,160.89190819790653,162.99244689941406,3802900,160.48251647949218
2022-03-23,162.67958733104712,163.57343121748144,160.02486989721916,160.06956481933594,4821100,160.97413024902343
2022-03-24,161.19576862991644,164.76220988182322,160.56114724449978,164.6549530029297,4169400,162.00025634765626
2022-03-25,165.06614824144245,166.4337282913518,163.75219664227853,165.271728515625,3738800,162.858349609375
2022-03-28,163.71641108406544,166.06721067908924,162.68848267256294,165.96888732910156,3117000,163.79151611328126
2022-03-29,168.0158442392937,171.02809391221754,167.4080232759789,170.73312377929688,5835700,165.33965148925782
2022-03-30,169.83032991464276,170.6347839165433,166.8895896767433,167.551025390625,3865700,166.83594360351563
2022-03-31,168.15883851994286,168.5968132531596,163.73430079714623,164.00245666503906,7170700,166.7054443359375
2022-04-01,164.85160815462595,165.2538487823135,160.66842564964873,162.75108337402344,4631700,166.2013153076172
2022-04-04,162.2773620504255,163.88628379105856,161.40139885123793,163.31422424316406,4644800,165.67038269042968
2022-04-05,162.34889365410797,162.5455404295499,157.64726538178593,158.37127685546875,6956500,163.19801330566406
2022-04-06,156.42270409674168,160.54332559022063,156.26181871923703,158.43385314941406,6932900,161.37457885742188
2022-04-07,157.53997892809414,159.93547390494535,156.69082999641853,158.74667358398438,4178500,160.32342224121095
2022-04-08,158.38019215245015,158.47851552038466,155.37687630523803,155.6271514892578,4504500,158.8986358642578
2022-04-11,154.42942263069085,155.92214038635998,153.54451221262178,153.68753051757812,4347800,156.97329711914062
2022-04-12,156.79807963322128,157.64722852557466,154.08973397797166,154.63497924804688,4550800,156.22603759765624
2022-04-13,154.91210465037415,156.860691702801,154.10765048938583,156.52102661132812,5229100,155.84347229003907
2022-04-14,156.34223464758867,157.4148445642913,155.10872574194437,155.2249298095703,4578500,155.13912353515624
2022-04-18,154.63499551811955,158.7288022384555,154.63499551811955,157.81707763671875,3564000,155.57710876464844
2022-04-19,156.78915684174282,160.30195671156616,156.6282578525354,160.0516815185547,4671900,156.84993896484374
2022-04-20,162.32203006610618,164.1633460044523,160.0695400025984,160.37344360351562,4553700,157.9976318359375
2022-04-21,162.1075343548022,163.78796529382993,158.00479402325772,158.41595458984375,4735000,158.37661743164062
2022-04-22,158.48742311388057,158.77345964251023,154.5723833718391,154.91204833984375,6355900,158.3140411376953
2022-04-25,154.68863719461623,156.57464854039003,153.44619460638458,155.4484100341797,8737600,157.8403076171875
2022-04-26,153.23165127033204,154.17913724895234,150.49649115355308,150.55906677246094,9591700,155.94178466796876
2022-04-27,143.50665600665144,153.66965785694427,143.46196107914292,151.40823364257812,12570400,154.14874267578125
2022-04-28,152.00707096085597,158.10309208380636,151.94450898855675,157.18243408203125,8233600,153.90203857421875
2022-04-29,155.56457247805238,157.34332659041368,151.89087383119764,152.17691040039062,6698600,153.35501098632812
2022-05-02,152.44506541774047,155.63608074589666,150.23727010296867,155.52882385253906,5851500,153.37109375
2022-05-03,155.42159245126132,156.23498009092432,153.74116143850748,154.2238311767578,5438600,154.1040466308594
2022-05-04,154.7958833053178,158.09416954780326,149.5669045639178,157.52210998535156,10311500,155.32682189941406
2022-05-05,155.8863677861499,156.40479887512168,150.74676545736546,152.2037353515625,7740400,154.33108215332032
2022-05-06,151.04283287638546,153.05866213477648,149.15300582012517,150.69186401367188,5724800,154.03407287597656
2022-05-09,149.48596623706857,151.60078733005668,147.67712890107708,148.4330596923828,7929700,152.61492004394532
2022-05-10,151.5287899772412,153.74258922734677,149.6569515672737,151.40280151367188,7033300,152.05071411132812
2022-05-11,150.04391804928179,153.29263543438023,147.8031221502607,148.2080841064453,5892800,150.1879089355469
2022-05-12,147.48812933936168,149.79192610814837,146.3902240461568,149.29696655273438,5936100,149.60655517578124
2022-05-13,151.55575798491913,153.59856956441845,150.8088216159446,152.75265502929688,5329900,150.01871337890626
2022-05-16,151.24983533327566,153.11266597166232,150.1339275657962,151.6367950439453,3648900,150.65946044921876
2022-05-17,154.8764971117308,157.58525590900766,154.17455943360972,157.46826171875,5851300,151.87255249023437
2022-05-18,156.04638604568487,157.40527632892295,152.69867689338352,153.2566375732422,5747200,152.88226318359375
2022-05-19,152.86064696045793,153.65258217317265,150.43086196801391,150.84481811523438,5399600,153.19183349609375
2022-05-20,151.7267764593453,153.25664032417308,147.77612146565036,152.815673828125,6278300,153.20443725585938
2022-05-23,153.2296287478562,153.7875756512938,151.39378130475262,152.92364501953125,5384100,153.46180725097656
2022-05-24,151.44776588396624,152.51867454364523,149.7199184492487,151.06080627441406,5121700,152.18031616210936
2022-05-25,151.26781867709948,153.86859155576317,150.2959016998243,152.99566650390625,4712100,152.12812194824218
2022-05-26,153.27462490506264,157.33326562037968,152.3476931968339,156.7033233642578,4536600,153.29982299804686
2022-05-27,157.95425231458572,160.50103223933579,157.95425231458572,160.1590576171875,5857900,154.76849975585938
2022-05-31,159.05212559317,160.44699288666843,156.4153485448843,159.0701141357422,9408000,155.99779357910157
2022-06-01,159.7450794195259,159.81707479584847,155.41645868952133,156.96432495117188,4681600,157.17849731445312
2022-06-02,156.5863612744508,159.10614454704915,155.1374869225853,159.03414916992188,6521600,158.38619384765624
2022-06-03,157.36927550753967,157.93623047261516,154.77751080657953,155.08348083496094,4485500,158.06222534179688
2022-06-06,156.27139384546305,156.82034661814814,150.62889481291873,150.97085571289062,5603800,156.2245849609375
2022-06-07,149.49495229460967,153.05864740764102,148.70303072748987,152.85166931152344,4416100,154.98089599609375
2022-06-08,152.76165204700487,152.76165204700487,148.28004748426028,148.8199920654297,5112600,153.3520294189453
2022-06-09,148.4960567403174,150.04392297488278,145.30134607865332,145.40933227539062,5353200,150.62706604003907
2022-06-10,143.23148939800436,144.3743796578808,141.89959587563914,141.98959350585938,6511000,148.00828857421874
2022-06-13,139.3978201820348,141.224659536175,137.81396345219375,138.16493225097656,7765000,145.44710388183594
2022-06-14,139.62280564900422,140.33375127496583,137.72397086506632,138.65989685058594,4772600,142.60874938964844
2022-06-15,140.1357838185454,142.10661419540895,137.97597760735172,140.31576538085938,5442100,140.90790405273438
2022-06-16,136.3560963044544,137.29200853175948,135.1681934484058,136.22109985351562,6843700,139.07025756835938
2022-06-17,136.6440682451521,137.87696995633843,134.17829228620238,135.16819763183594,11262500,137.7059783935547
2022-06-21,136.6261187114005,139.1098976531871,136.54511532251843,138.10198974609375,6283100,137.69338989257812
2022-06-22,136.75209940174165,138.53394041637972,136.0321593384217,137.3280487060547,4242900,137.42702026367186
2022-06-23,137.53499911123617,137.87697366200308,134.3132786194925,136.01412963867188,4318200,136.5666931152344
2022-06-24,137.6969867150793,140.5047511926642,137.22903741190902,140.34275817871094,6425900,137.39102478027343
2022-06-27,141.2786781327367,141.84561932774957,139.6048236301455,140.0457763671875,5762300,138.36654052734374
2022-06-28,141.05371773057098,143.07854134784225,138.65992295854116,138.73191833496094,4687500,138.49252624511718
2022-06-29,137.18403547917183,137.94896051415245,135.83415323092237,137.49000549316406,4348300,138.52491760253906
2022-06-30,137.22906573586565,139.55086538252073,135.78918551521096,138.27296447753906,6807900,138.9766845703125
2022-07-01,135.3032010914886,137.04004297054072,132.30646089134515,133.67433166503906,8740200,137.64299926757812
2022-07-05,131.14553929328176,134.70923401173968,130.00264902375937,134.17828369140625,8486400,136.46950073242186
2022-07-06,134.98825920090528,136.82409348408262,133.52138239010637,135.71719360351562,5238200,135.8665557861328
2022-07-07,137.83195326011926,139.84776823730235,137.83195326011926,139.20883178710938,5169400,136.21032104492187
2022-07-08,137.4540378689666,140.25279475186395,136.9230736589596,139.96481323242188,3467500,136.54869079589844
2022-07-11,138.69590945390846,139.5058471145772,137.34602708450743,138.19195556640625,4051100,137.45221557617188
2022-07-12,140.36076872050637,140.80173523431986,138.31794290664624,139.00189208984375,4085100,138.41693725585938
2022-07-13,136.75207202116172,139.67681678578683,136.49108710625197,138.848876953125,3755400,139.04327392578125
2022-07-14,138.70488837322185,142.49354973914353,137.65198199367674,142.05259704589844,4758800,139.61202697753907
2022-07-15,143.26749718165976,144.6263874077148,141.86362186687637,144.473388671875,7466100,140.51374206542968
2022-07-18,145.53534833848542,146.37226898528502,143.10556232927675,143.6905059814453,4088700,141.6134521484375
2022-07-19,145.21132934753595,149.09898296812977,144.5723790601268,148.16307067871094,5390800,143.44568786621093
2022-07-20,147.48813790894314,150.39488058441276,146.2732383597654,148.78402709960938,5889100,145.4327178955078
2022-07-21,149.36897094751558,150.12491546498617,147.29914869266292,149.8729248046875,5466700,146.9967834472656
2022-07-22,150.92584386680798,150.92584386680798,146.570213282401,147.49713134765625,5269700,147.60153198242188
2022-07-25,147.40716121289054,147.46115431195793,145.13036065745717,146.86720275878906,4201400,148.23687133789062
2022-07-26,147.74909676800797,147.74909676800797,144.52739006749434,144.7433624267578,6080600,147.5529296875
2022-07-27,150.08889184398382,154.7774884377446,148.9999946263163,154.3725128173828,11623100,148.67062683105468
2022-07-28,154.7145229204509,158.23321974248088,152.6177039026822,158.16122436523438,6468800,150.32828674316406
2022-07-29,158.0072102429213,162.39152923648007,157.67205058732833,162.04730224609375,6624000,153.23832092285156
2022-08-01,161.18672879939544,162.24657017832135,160.1087665752647,161.96575927734375,4865700,156.2580322265625
2022-08-02,160.78819777188275,162.98940421096862,159.83705355584266,160.53456115722656,4442500,159.41627197265626
2022-08-03,161.2501498632645,166.79395426045556,161.11427806374175,166.1960906982422,6201100,161.78098754882814
2022-08-04,166.46785163418198,168.47883724251767,165.96963198848493,167.50051879882812,4533900,163.6488464355469
2022-08-05,164.8916412896505,167.2830813560244,164.4840121303439,166.9479217529297,3690100,164.62897033691405
2022-08-08,165.3173997104002,167.09286937259992,164.07639132470496,165.5891571044922,3547300,165.35364990234376
2022-08-09,162.9984479239251,163.23396365421308,159.5199915794914,160.97840881347656,5306400,165.44241943359376
2022-08-10,164.3662624785262,166.17796008384954,162.50021615658815,165.8790283203125,4276500,165.3790069580078
2022-08-11,166.15983162186404,168.18893782280068,164.55648926659228,164.9188232421875,3858300,164.8626678466797
2022-08-12,165.93340601838818,168.46978587326893,165.80658771675206,167.92628479003906,4160900,165.05834045410157
2022-08-15,167.47335023450324,168.17084394046202,165.7341219929138,167.9443817138672,2863400,165.52938537597657
2022-08-16,167.40087540139328,167.58204241254302,165.22682980112558,166.09645080566406,4541600,166.55299377441406
2022-08-17,163.6053449144094,163.91333017514938,158.41483539558936,160.07254028320312,6869000,165.39169616699218
2022-08-18,160.16313224851265,163.35172405661254,159.24822989003587,161.6577911376953,4390400,164.73948974609374
2022-08-19,160.29902791941595,160.77005939691333,158.6322554334433,159.8370361328125,4569500,163.12164001464845
2022-08-22,158.94930650868685,158.94930650868685,154.99980477863804,155.29873657226562,4919000,160.59251098632814
2022-08-23,154.30226594015963,157.51803162500872,154.2479172291057,156.2770233154297,3663900,158.62862548828124
2022-08-24,155.27155788474573,156.34045291506328,154.67369431414937,155.97811889648438,3037800,157.8097412109375
2022-08-25,157.3006631651373,160.79724063226976,156.93832911739466,160.61607360839844,4350000,157.6013977050781
2022-08-26,160.7881620285465,161.1776703779809,153.47795557661388,153.53231811523438,6583500,156.3404541015625
2022-08-29,153.93997860830513,154.45630534184983,151.9652206349469,152.12828063964844,4625800,155.70636291503905
2022-08-30,152.38191234911318,152.95260161397826,149.24766888237988,151.041259765625,5343300,154.65921020507812
2022-08-31,151.15901804744013,151.81123043252478,148.577356693459,149.6553192138672,6489900,153.3946502685547
2022-09-01,147.97039072787337,150.79663424981564,146.91960291817279,150.5158233642578,5593800,151.37460021972657
2022-09-02,152.18261044742138,152.8891714615833,147.09174421149666,147.6533660888672,4466200,150.1988098144531
2022-09-06,147.75301103233406,150.1806793905558,146.6025790871568,147.74395751953125,5057000,149.3219451904297
2022-09-07,148.2602720038738,151.68437937518556,148.0881585196712,150.20785522460938,5332400,149.15526428222657
2022-09-08,149.6824617958963,152.67175180029784,148.4414395316446,152.5540008544922,5473200,149.73500061035156
2022-09-09,153.47798383545785,155.73355273913674,153.41458159529378,154.66465759277344,5196200,150.56476745605468
2022-09-12,155.1266161698973,155.37119923055877,153.2786905904106,154.5196990966797,5216800,151.9380340576172
2022-09-13,150.44335674237314,151.58472115106443,146.747492314317,147.33628845214844,7928700,151.85650024414062
2022-09-14,148.76755356746813,150.6698416915881,147.70771206591212,149.70057678222656,4792600,151.75504455566406
2022-09-15,148.75851504209282,150.0810467630595,146.4938926767244,147.3544464111328,6105400,150.7151336669922
2022-09-16,147.64430983359162,150.30749385634036,146.34893878358545,149.70057678222656,13417800,149.72231750488282
2022-09-19,148.1787666558687,150.9416086013828,148.1244179327041,150.59738159179688,4929500,148.93785400390624
2022-09-20,149.8364814084679,151.18618752725732,149.37448958769926,150.42527770996094,5220200,149.55565185546874
2022-09-21,150.85101313928322,154.22077208443372,147.82548119221318,147.9251251220703,6639800,149.2005615234375
2022-09-22,147.28195344932053,149.06647669563225,146.04094501325363,147.3091278076172,5696200,149.19149780273438
2022-09-23,146.04095262645296,146.61164182474482,143.39587564449405,146.10435485839844,6936100,148.47225341796874
2022-09-26,146.4304724080377,147.83454099865045,144.93582721870783,145.35252380371094,4605800,147.42328186035155
2022-09-27,146.95585983694198,148.042875727806,144.3017292548977,145.5789794921875,4261500,146.4540222167969
2022-09-28,146.3126979021519,148.23309288067023,144.4104099471686,147.47218322753906,4881500,146.36343383789062
2022-09-29,145.67862480367893,146.20400499522387,141.43019130738801,143.53175354003906,6699000,145.607958984375
2022-09-30,142.41754866206918,143.84879141689214,140.11668498225865,140.207275390625,6074700,144.4285430908203
2022-10-03,142.5896722033057,145.515560147483,141.38489156225464,144.79087829589844,6668500,144.31621398925782
2022-10-04,147.6986625363857,150.1353982332823,147.28196597015275,149.60093688964844,7233100,145.12060546875
2022-10-05,148.84906936944384,153.29677611161165,148.079092423076,152.0014190673828,5262600,146.02645263671874
2022-10-06,151.9833191973326,153.22432770078473,150.1625679818127,150.8600616455078,4171000,147.4921142578125
2022-10-07,148.57732826336317,149.51940496035417,143.67668279894784,144.28359985351562,8306400,148.30737915039063
2022-10-10,144.5281819847021,144.5825307023531,139.6365900637716,142.0280303955078,6573600,147.7548095703125
2022-10-11,140.05329041847466,140.71455620483823,137.14550954551868,139.00250244140625,9526900,145.63512268066407
2022-10-12,138.92097143271374,139.3195471131366,137.20891776701052,137.28138732910156,4526100,142.6911163330078
2022-10-13,133.71232741051082,142.02801185746335,132.22673609261244,139.80868530273438,7913800,140.48084106445313
2022-10-14,141.22182635906557,141.39393984744638,134.14714924383236,134.3736114501953,7470600,138.49884338378905
2022-10-17,137.6890111559237,138.1419355347261,135.45156361886754,136.77410888671875,5936100,137.44805908203125
2022-10-18,140.4881037105377,141.29430868511798,135.46063951078094,137.2451629638672,4866600,137.09659118652343
2022-10-19,136.44802716583413,138.61300553052837,135.75051962762288,138.27783203125,5060100,137.29588012695314
2022-10-20,139.40106294063,142.01896526315002,138.06041066702676,139.2470703125,6506200,137.18355712890624
2022-10-21,140.77796847870886,144.96298560536238,139.44636960710892,144.6821746826172,7706200,139.24526977539062
2022-10-24,145.1260398007945,146.73844953092433,143.74914577858453,146.43045043945312,5467600,141.1765380859375
2022-10-25,146.39423641183018,149.33824523889265,146.01378154514555,146.8924560546875,8611200,143.10599670410156
2022-10-26,138.20537475257063,145.98661356760562,137.08211712885037,143.00636291503906,12964700,144.05170288085938
2022-10-27,144.7546581699375,144.88147646408984,140.79608904545083,142.00086975097656,7050500,144.6024627685547
2022-10-28,142.32957865246868,147.63452141987617,141.97348135284957,147.3332061767578,6776100,145.1326690673828
2022-10-31,146.45664005078513,147.50668047047296,145.41573926137733,146.66665649414062,6298800,145.1799102783203
2022-11-01,148.13671753612044,149.22326086189958,146.60275025039837,148.7393341064453,4972300,145.54928588867188
2022-11-02,149.06804855733978,151.90770148883507,144.52095637366918,144.71270751953125,6923900,145.89055480957032
2022-11-03,142.78611099008705,144.82225632528142,141.82738322690165,142.9139404296875,4555400,146.0731689453125
2022-11-04,147.56147446443595,148.55671898007563,144.6487743714882,148.5110626220703,6689900,146.308740234375
2022-11-07,149.57022548952736,151.84377831678685,147.50668911793542,151.28680419921875,4928300,147.23276977539064
2022-11-08,152.88467329385423,155.07603902140588,151.3507061386773,153.49642944335938,5112300,148.18418884277344
2022-11-09,151.9259691110193,153.14948159966661,150.56548753544348,150.64767456054688,4800400,149.37118225097657
2022-11-10,157.13958879636604,159.96097599391416,154.19949786202443,159.5044403076172,9898200,152.6892822265625
2022-11-11,159.83315249832066,165.07417345504962,158.32657631813936,163.88719177246094,6911900,155.76450805664064
2022-11-14,163.43978531406927,165.37549227954415,161.841910317982,162.01539611816406,5447300,157.91022644042968
2022-11-15,166.22468147284087,166.7451250209311,161.44018144858381,162.13412475585938,6601000,159.63776550292968
2022-11-16,161.08406183514813,161.08406183514813,158.00701553951603,158.38137817382812,7664800,161.18450622558595
2022-11-17,155.84301443086972,160.1801034296535,155.7973720083522,160.11619567871094,5339800,161.30685729980468
2022-11-18,161.07494649567374,161.43104382301857,158.9109575688564,159.9518585205078,5474800,160.51979064941406
2022-11-21,159.25792142275455,159.4861892863806,157.2948233685162,157.41351318359375,4702700,159.5994140625
2022-11-22,159.64141482987878,161.8967025086919,157.36787575269878,161.8145294189453,4673500,159.53549499511718
2022-11-23,161.61366156980358,164.15199932054796,161.15712580265725,163.42153930664062,3939100,160.54352722167968
2022-11-25,163.66807102613996,163.70458775693692,161.64105112394662,161.67758178710938,1586400,160.85580444335938
2022-11-28,160.43579456686564,160.7279701932425,157.39526489148767,157.96136474609375,5358800,160.45770568847655
2022-11-29,158.54569985933625,159.20311230944688,156.41824206000086,157.9430694580078,3134000,160.56361694335936
2022-11-30,158.29918603357328,164.81851534945386,156.10782022057765,164.7728729248047,9780300,161.15528564453126
2022-12-01,164.38937042056858,164.82765472838918,160.89231918299518,162.07017517089844,5479900,160.8850128173828
2022-12-02,159.91533410798345,162.51759332827456,158.39963214856922,162.21627807617188,3822900,160.9927520751953
2022-12-05,161.37622055380967,163.1110503861071,160.09791242210886,161.96971130371094,4875300,161.79442138671874
2022-12-06,162.65453424218023,162.67279957074842,158.12569409035393,159.1848602294922,4417900,162.04277954101562
2022-12-07,157.53221566033073,159.81489427817866,157.27655676972094,158.6461639404297,3242800,160.81743774414062
2022-12-08,158.65527523741184,161.17536111946998,157.82439088453532,161.02926635742188,3902700,160.6092559814453
2022-12-09,160.66406433254932,161.23016419384143,158.984002214671,159.11183166503906,3966700,159.98836669921874
2022-12-12,158.97483426030468,162.13406688306233,157.8791515580422,162.0518798828125,5347000,160.00480041503906
2022-12-13,166.29770025483947,167.1742410057526,160.58186431519792,162.07017517089844,6951000,160.5818634033203
2022-12-14,161.39449980012733,164.17937042823925,159.00225712894473,160.53622436523438,5114600,160.95987548828126
2022-12-15,158.4452929799334,159.34923876175543,154.39125337520218,155.2312774658203,6007300,159.80027770996094
2022-12-16,154.30905675486466,155.26778445016924,152.92118441435096,154.81124877929688,10423600,158.9401611328125
2022-12-19,154.88430990852362,155.10343813328336,151.61551254300318,153.03990173339844,4507000,157.13776550292968
2022-12-20,152.17249600468406,153.19513160261084,151.31420658541046,151.65203857421875,3777600,155.05413818359375
2022-12-21,152.48293602874836,154.22690588637766,152.02640029213532,154.0625457763672,3632100,153.7594024658203
2022-12-22,151.63377558070923,152.04465492828788,147.45190685559052,150.3828582763672,7188700,152.7897186279297
2022-12-23,148.85801587225416,150.47415600632013,148.17321238369294,150.09066772460938,2597000,151.8456024169922
2022-12-27,149.43326731224874,150.2824170190114,147.89017443106803,149.54283142089844,3535600,151.14618835449218
2022-12-28,149.38760959151233,150.80287302221853,146.84927226031493,147.177978515625,2998600,150.25137634277343
2022-12-29,149.06801912471104,151.60635628716605,148.66627944591752,150.67503356933594,4081600,149.5738739013672
2022-12-30,149.46066781234353,151.0128864901713,148.10932596801445,150.857666015625,3249000,149.66883544921876
2023-01-03,152.68382709428235,153.0764411768175,148.4563013209749,149.0224151611328,4294100,149.45518493652344
2023-01-04,150.93071240540908,154.9390954853022,150.93071240540908,154.46429443359375,6285300,150.4394775390625
2023-01-05,153.20427900556015,155.2586901239555,151.42379215609094,152.41903686523438,6876800,151.48768920898436
2023-01-06,154.87515548974517,160.84664982683233,152.86640133785068,159.93357849121094,6725900,153.3393981933594
2023-01-09,161.75058630538507,164.69981683777056,160.99274933493612,161.32144165039062,5733900,155.4321533203125
2023-01-10,161.27579575147186,164.00587014997447,160.54533589069428,162.8919219970703,4267700,158.2060546875
2023-01-11,162.7275998108998,163.48545080899805,161.5497298029722,163.3210906982422,5013900,159.9774139404297
2023-01-12,164.0972118666172,165.4211627613729,161.60453056095218,162.6454315185547,4324900,162.02269287109374
2023-01-13,161.67756668255356,163.54022629122906,160.90145038505946,163.44891357421875,3736700,162.72575988769532
2023-01-17,163.25716092477504,164.18849760716262,160.0614111849313,160.1527099609375,5659400,162.49201354980468
2023-01-18,161.0384057164529,161.90583473197128,158.5000682230817,158.65528869628906,5874300,161.64468688964843
2023-01-19,158.30834063521283,158.62790729979812,154.87518288919355,156.07130432128906,5995700,160.19472961425782
2023-01-20,157.45004695066052,158.5000735711134,154.99388246040124,157.96136474609375,7569900,159.25791625976564
2023-01-23,158.5548736340862,163.45807747228648,157.55962895979678,162.6819610595703,7847600,159.10452575683593
2023-01-24,161.38536192178697,163.00150212045298,160.09792796806383,161.650146484375,5351600,159.40401306152344
2023-01-25,161.27581457900348,162.71846914105663,156.5917535848436,159.8240203857422,6720700,159.63775939941405
2023-01-26,160.0340205751226,160.0340205751226,156.8565222227979,158.96572875976562,6287900,160.21664428710938
2023-01-27,157.53219291966352,161.89667269236207,156.92956250777726,160.00662231445312,6074900,160.62569580078124
2023-01-30,158.4801444398546,161.0917438329237,158.36060878458787,159.2066192626953,5048900,159.93062744140624
2023-01-31,159.24340637319656,163.0412700495325,159.06868421399648,162.95851135253906,5852400,160.19230041503906
2023-02-01,162.76534564046943,168.9173262038088,162.54464181532558,167.4552001953125,7835800,161.71853637695312
2023-02-02,169.08286998667205,170.53580549150337,161.61589813073226,169.86451721191406,11667100,163.8982940673828
2023-02-03,167.07820521517547,170.34271140938597,166.98624176060213,167.62994384765625,5732200,165.42295837402344
2023-02-06,165.99309658832613,167.8966306649092,165.0091549691883,166.44369506835938,4385700,166.87037353515626
2023-02-07,166.50808124638087,169.4507295608089,164.94478661315458,168.73345947265625,4799900,168.02536315917968
2023-02-08,167.17016705179918,167.90583264805565,162.27801679525388,162.30560302734375,5657600,166.99544372558594
2023-02-09,164.80685087722233,165.98391017030215,160.53081669879288,160.9170379638672,5572000,165.20594787597656
2023-02-10,159.87791497229415,161.97455278256493,159.18823111281947,161.65269470214844,5466400,164.010498046875
2023-02-13,162.32399610665084,163.50105543045643,161.56074428968012,162.49871826171875,3443200,163.22150268554688
2023-02-14,161.07335151841372,163.36309269170454,159.42729836958327,162.158447265625,4179200,161.90650024414063
2023-02-15,160.7698938191193,164.33786251153066,160.71472136002473,164.14474487304688,3879700,162.27432861328126
2023-02-16,162.68263967434626,163.97924875780183,161.3124626253413,161.9193878173828,4212400,162.47479858398438
2023-02-17,161.0917350574202,162.8481331437284,160.44803299301873,161.22048950195312,4060800,162.38835754394532
2023-02-21,159.59282257005503,160.84344966476198,156.87086452922748,157.02719116210938,7030300,161.29405212402344
2023-02-22,157.26629590749351,158.1123063194755,155.18803982238452,156.1444091796875,4577400,160.09124450683595
2023-02-23,158.85716956579503,159.10545966416734,154.93977060937365,158.00196838378906,4856600,158.86268920898436
2023-02-24,155.73059320594973,156.44786316887829,154.30524401184502,155.5374755859375,4118300,157.5863067626953
2023-02-27,157.6065399217549,158.18587879839583,156.67777079794797,157.00881958007812,3310100,156.7439727783203
2023-02-28,156.28231480663823,158.69161927105506,155.73976702747547,157.66168212890625,3674500,156.8708709716797
2023-03-01,157.2846787112926,158.56289208823074,156.15360124160043,158.3238067626953,4649800,157.30675048828124
2023-03-02,157.36743188005752,160.85262730613024,156.4294581274489,160.08018493652344,4551100,157.72239379882814
2023-03-03,160.9262071450186,161.79980374890408,158.6272613286612,161.551513671875,4379200,158.92520141601562
2023-03-06,161.1929034279991,162.3055995478355,158.90316202370173,159.133056640625,4090100,159.350048828125
2023-03-07,158.87554776200932,160.00662514885434,157.3858213656522,158.22264099121094,3844100,159.46224060058594
2023-03-08,159.64799568177864,162.1768361090663,159.13303405801346,162.048095703125,3805400,160.20709838867188
2023-03-09,162.17682024045843,163.6021693299749,159.06864127473676,159.4916534423828,4651200,160.08939208984376
2023-03-10,160.92622512367984,161.1745152284479,157.22951590911867,157.83644104003906,5929700,159.34637756347655
2023-03-13,156.49387489665077,161.68950225570708,156.24559878460784,159.905517578125,5453400,159.50086975097656
2023-03-14,161.79982730472332,162.02972191982855,158.9307469983394,161.59751892089844,5034600,160.17584533691405
2023-03-15,160.21814423652563,161.04577323376952,158.05714336785945,160.3652801513672,4918300,159.8392822265625
2023-03-16,159.51005239738262,163.39065977572488,158.90312737345369,162.88490295410156,5028500,160.51793212890624
2023-03-17,163.57461558901974,164.68729763139316,160.5675901945993,161.57913208007812,12963300,161.26647033691407
2023-03-20,161.73544729394393,165.4045559893018,161.40439852134415,164.7516632080078,4964600,162.23569946289064
2023-03-21,164.7700617715591,166.13104799551286,162.07570361823417,164.06199645996094,4217500,162.7285949707031
2023-03-22,163.1056064611329,166.8850740179996,162.08487393755132,162.1400604248047,4738000,163.08355102539062
2023-03-23,163.8136885633341,167.2621074148961,163.08722783253202,165.78158569335938,5083300,163.6628875732422
2023-03-24,165.3678039607931,165.97472914067296,163.37232029208607,165.0735321044922,5345400,164.361767578125
2023-03-27,165.18385402269925,165.3493713810092,162.22281078306602,162.81134033203125,4453200,163.97370300292968
2023-03-28,162.1860204033012,163.3079070526802,160.236518895958,163.21595764160156,4061500,163.80449523925782
2023-03-29,164.99994695239096,167.24372051216147,164.56775800990846,166.48046875,5227100,164.67257690429688
2023-03-30,167.36328066605307,169.65303609579172,167.23454024219149,169.4231414794922,5535800,165.40088806152343
2023-03-31,169.2208140318695,171.31745157380234,168.39318508743142,171.05076599121094,4793100,166.5963348388672
2023-04-03,170.42546865609376,171.20710188673476,168.02536844124919,169.3495635986328,4143000,167.9039794921875
2023-04-04,169.4415260158892,169.81855656104824,165.33100907944848,165.89195251464844,4724800,168.43917846679688
2023-04-05,165.05513750707257,165.27582735008798,161.0365702251098,162.9492950439453,5904900,167.73294372558593
2023-04-06,161.818215358438,164.81603595010168,160.53081118573658,163.79530334472656,3743000,166.6073760986328
2023-04-10,162.71940847501884,165.27583551503048,162.03892938323332,164.9907684326172,3488500,165.39537658691407
2023-04-11,166.2046296598946,166.7931593617104,165.06434722377747,165.4045867919922,3296900,164.60638122558595
2023-04-12,166.62758867614588,166.62758867614588,162.96767089363826,163.27113342285156,3559400,164.08221740722655
2023-04-13,162.40674246691344,165.4137677763972,161.3400281508396,164.7056884765625,3264200,164.43349609375
2023-04-14,164.5217879264148,166.02069129546453,162.99528429406104,164.58615112304688,2741900,164.59166564941407
2023-04-17,163.94242602067087,166.02987279009363,163.48263684874132,165.57008361816406,2845800,164.70752868652343
2023-04-18,166.452887225214,167.11498481998072,164.78845250535582,165.81838989257812,2774700,164.79028930664063
2023-04-19,164.72408199302305,165.02754454644653,162.72859856443776,162.8389434814453,3093900,164.70385131835937
2023-04-20,160.39282436634753,163.96998292292963,159.57440034795158,162.4158935546875,4710800,164.2458923339844
2023-04-21,161.47798322925456,163.28034915358157,160.79749011728816,162.78378295898438,6792000,163.8854187011719
2023-04-24,162.89411218826368,163.16078374210767,161.23886831300945,161.7538299560547,3360100,163.12216796875
2023-04-25,161.46876285674628,161.88257031752073,155.7213980358445,155.7673797607422,7136000,161.11196594238282
2023-04-26,157.22033771956646,157.22033771956646,150.49822111030397,151.23388671875,8647500,158.79095458984375
2023-04-27,149.64297718161208,152.29136725275316,148.1440740505483,151.9787139892578,6697900,156.70351867675782
2023-04-28,151.59249360206792,154.047766064049,151.59249360206792,153.7534942626953,6575400,154.8974609375
2023-05-01,154.6822821311716,154.76504081598665,152.760352694447,153.2753143310547,4831200,153.2017578125
2023-05-02,152.96267416916518,154.0201977929623,149.6981679045232,150.7556915283203,7312400,152.1994201660156
2023-05-03,151.65685012781753,152.6408056347687,150.13955155972874,150.21311950683594,4398800,151.99526672363282
2023-05-04,150.2499109189558,150.6913046124109,148.38316793043563,149.24757385253906,4309000,151.44903869628905
2023-05-05,149.6182472481113,153.834530973348,149.38658268563972,153.65847778320312,5494700,151.43003540039064
2023-05-08,153.65848596096615,154.38127830317015,151.40669894126628,152.1758270263672,3831300,151.21013793945312
2023-05-09,150.3317724925143,151.49937100334955,150.12790653473937,151.04530334472656,5736800,151.26806030273437
2023-05-10,152.72251159526115,152.8985788878444,149.22900677307703,151.0915985107422,4428800,151.44375610351562
2023-05-11,150.3688476170665,150.50784070741042,148.20973206239458,149.34951782226562,3320400,151.46414489746093
2023-05-12,150.2205584530274,151.00822356361803,148.60816812602528,150.00743103027344,2400800,150.733935546875
2023-05-15,149.55336372051678,153.34339229880163,148.84910859110187,153.1395263671875,3789100,150.92667541503906
2023-05-16,152.8986276803279,153.87162177532142,150.91557937781891,151.39744567871094,4272900,150.99710388183593
2023-05-17,152.43527930118546,153.5194677368393,151.1101648152805,153.2136688232422,4910300,151.42151794433593
2023-05-18,154.1218067221343,157.68943249608128,153.8994036521442,157.3558349609375,4916300,153.0227813720703
2023-05-19,158.07862683796645,158.44929862028474,156.5496463874912,157.6338348388672,4790500,154.54806213378907
2023-05-22,157.3187728197147,158.5604914634955,156.65157775804803,158.32882690429688,3334000,155.58592224121094
2023-05-23,157.3372761841612,158.2176127110854,156.80908840768745,157.29095458984375,5601200,156.7646240234375
2023-05-24,154.69630238564665,156.1511482209462,154.00130882453203,154.8167724609375,7502500,157.08524475097656
2023-05-25,152.89857762749483,158.00445837192225,151.60126201864855,157.1797332763672,7747200,157.0500244140625
2023-05-26,158.7551018439669,164.06484978000012,158.15276548374453,163.36058044433594,8323200,158.19537353515625
2023-05-30,164.78762278201387,165.12122028619802,162.19297709832372,163.60150146484375,5677200,159.24990844726562
2023-05-31,161.96133666828825,162.90653209413185,160.4601547458241,161.12734985351562,8534000,160.0171875
2023-06-01,162.97138397652228,163.50884746512313,160.21920780782773,162.91578674316406,3955400,161.63699035644532
2023-06-02,163.55518639051476,163.6756564915917,161.331212174789,162.37832641601562,4788000,162.676708984375
2023-06-05,162.34122823161485,162.34122823161485,157.3187432296298,157.77279663085938,5520400,161.55915222167968
2023-06-06,156.97589566823638,158.95894367899854,156.5125665616127,157.86549377441406,4032400,160.41195068359374
2023-06-07,158.61606495291926,161.04390464521143,157.94886999112163,159.38519287109375,4422700,160.0635192871094
2023-06-08,160.3767312211769,161.09024780904863,158.84773680499222,159.59832763671875,3343700,159.4000274658203
2023-06-09,160.71031908144445,161.07172934059153,157.05002215051238,158.07861328125,4179000,158.5400848388672
2023-06-12,158.94966692877878,161.49797677058413,158.81067386600722,161.27557373046875,4709300,159.24064025878906
2023-06-13,163.61075717481754,165.23240890236082,161.53505201295795,164.39842224121094,5408100,160.54722595214844
2023-06-14,162.92507047733196,165.1953805036848,161.9705994117135,164.1297149658203,4748400,161.49613037109376
2023-06-15,163.31425517335276,166.24248449904186,162.989919129775,165.028564453125,4224100,162.582177734375
2023-06-16,166.28880959867126,166.64094423605886,163.33276770611388,163.7960968017578,10374500,163.72567443847657
2023-06-20,162.10962238098764,164.0463350389549,160.71035915084644,161.57215881347656,3516000,163.7849914550781
2023-06-21,159.84852263716778,160.86785220550888,157.88401198510732,157.97666931152344,4034300,162.50064086914062
2023-06-22,157.53190883795259,159.9968232756469,157.35584150101968,159.96902465820312,3607800,161.6685028076172
2023-06-23,157.4485076517527,157.7913666817334,154.93725755683099,155.38204956054688,8541600,159.73919982910155
2023-06-26,156.1326396407049,158.44000942702922,155.69710917106104,156.37356567382812,4899600,158.25469360351562
2023-06-27,157.37437814877458,163.62006007640713,157.0593177255778,163.37911987304688,6257800,158.6160858154297
2023-06-28,161.8408521268287,163.44398102462912,161.49799311084797,162.1281280517578,3425300,159.44637756347657
2023-06-29,163.02695650666985,164.0555475869847,161.6184463427482,163.82388305664062,3704700,160.21734924316405
2023-06-30,165.7606419592829,167.29888399790315,165.25097706409986,166.81703186035156,6004400,162.504345703125
2023-07-03,166.956044181807,167.91050121378322,164.59306240626293,166.57611083984375,2007600,164.54485473632812
2023-07-05,165.68647999507243,165.74207722170567,163.50882768739473,163.5829620361328,3729100,164.58562316894532
2023-07-06,160.9605309992316,162.60998151003952,160.38600742391358,161.99839782714844,4555100,164.55967712402344
2023-07-07,161.3404587658601,164.08337324229,160.84933105408393,160.9605255126953,4585400,163.98700561523438
2023-07-10,161.77599667796053,166.5482809416268,161.75745955411332,166.27955627441406,5563200,163.87951049804687
2023-07-11,166.64096742055017,166.77069901979254,163.87952958542883,165.70504760742188,2755800,163.7052978515625
2023-07-12,167.73440364647357,169.48578716194515,166.80774540252705,168.99465942382812,5708600,164.78763732910156
2023-07-13,170.0417861432993,170.51437675292138,168.42013423185094,169.6896514892578,4441200,166.32588806152344
2023-07-14,168.29040630677295,169.6062593325069,167.10428487119069,167.58615112304688,3701300,167.65101318359376
2023-07-17,166.14054608765056,170.7460385734812,165.61235825474134,169.94911193847656,3918500,168.38492431640626
2023-07-18,169.05954041812922,170.69045391562096,167.72515022032536,170.20858764648438,3040500,169.28563232421874
2023-07-19,170.12519120193863,171.13524533937525,169.6062648245284,170.19932556152344,3686000,169.5265655517578
2023-07-20,167.40080653626586,168.80933102973657,166.13128926354815,166.72434997558594,7154600,168.93350524902343
2023-07-21,168.65181219636816,171.9599891457297,168.0587514443419,170.80166625976562,17251600,169.57660827636718
2023-07-24,171.0425794305799,172.1267678733161,169.85645801597875,170.40318298339844,4318500,169.66742248535155
2023-07-25,171.4317787895454,174.32294804767594,171.24644996473654,172.4325714111328,6267800,170.11221923828126
2023-07-26,163.91655254505565,164.66714335195667,161.4331155968063,163.09182739257812,11905100,168.6907196044922
2023-07-27,165.2324397268637,167.85488442081865,163.31426439250643,164.6857147216797,8300400,168.28299255371093
2023-07-28,166.5707031498617,167.53186629222014,165.1056206627718,166.4493865966797,7540400,167.41253662109375
2023-07-31,166.58000146065993,168.34369039000012,166.41203786692736,167.97042846679688,4065200,166.92598571777344
2023-08-01,167.0372877525224,167.475878418146,165.81483837179655,166.4493865966797,4028700,165.7293487548828
2023-08-02,164.4710830731505,164.87233902264987,160.2345008722138,160.91571044921875,6914500,165.29412536621095
2023-08-03,159.05868211193953,160.74771603068564,158.30281736280182,160.31846618652344,4515200,164.4206756591797
2023-08-04,158.26550891133667,159.45996440025723,155.94191237604463,157.1830291748047,6052800,162.5674041748047
2023-08-07,158.05086247521572,158.47080000545213,155.78326815929248,157.66827392578125,4315700,160.50697326660156
2023-08-08,156.11922411782518,156.23119987545527,153.44101858922784,155.58731079101562,4628000,158.33455810546874
2023-08-09,155.57798633863587,157.68694382385362,155.2513713890648,156.0912322998047,4701400,157.36966247558593
2023-08-10,157.37898269382902,159.14267194375213,155.77393050205396,156.36183166503906,4975300,156.57833557128907
2023-08-11,154.71012484840594,155.2513647261343,153.63698589849994,155.0927276611328,5454800,156.1602752685547
2023-08-14,155.0926922931629,159.20797119531744,154.62610777107815,159.08665466308594,5933600,156.44395141601564
2023-08-15,158.42414066760165,158.78807608970828,156.4178183239618,156.92173767089844,3920900,156.7108367919922
2023-08-16,156.38981238054328,157.30432838765458,154.2528613202368,154.64479064941406,4558400,156.42154846191406
2023-08-17,154.64477789141384,155.98854361718034,154.17819336102437,154.68209838867188,3987800,156.08560180664062
2023-08-18,153.57168932949028,155.68997353726934,153.19841303983455,155.36337280273438,4456000,156.13973083496094
2023-08-21,155.58728629738812,157.31365489725283,154.9900586189918,156.7257537841797,3941800,155.66755065917968
2023-08-22,158.29348473554123,158.29348473554123,155.04604589755732,155.94189453125,3035600,155.47158203125
2023-08-23,152.97441129219953,159.10533941708246,152.97441129219953,158.48011779785156,4152900,156.2386474609375
2023-08-24,160.01984925446035,160.01984925446035,154.34617885142356,154.5234832763672,6003200,156.20692443847656
2023-08-25,155.3633473346579,157.20169182263598,153.69296647021542,156.59512329101562,3947500,156.45327453613282
2023-08-28,157.91088059441535,158.56409613461713,156.38048379778652,157.42562866210938,3995100,156.59324951171874
2023-08-29,156.84708161506967,159.81455285090965,156.52980750287898,159.28265380859375,3981700,157.2614013671875
2023-08-30,155.39133136095177,158.8907156850725,154.27153122503938,157.9202117919922,5120400,157.14942016601563
2023-08-31,157.53764795629252,158.9187345324475,156.77244229606373,156.82843017578125,6026500,157.61040954589845
2023-09-01,158.6200874741603,158.65742221386338,157.26699506006173,158.48011779785156,2611200,157.98740844726564
2023-09-05,157.78025357847878,159.47861415622023,156.97772747894336,158.39614868164062,2882200,158.18151245117187
2023-09-06,158.35881532926538,158.66676288354992,155.74593863999866,156.819091796875,4244000,157.6888000488281
2023-09-07,154.69144271531025,155.26067642491074,153.0117355198473,153.70228576660156,6272100,156.84521484375
2023-09-08,154.07556292904113,154.35551652912073,152.87178095943986,153.6556396484375,3301100,156.21065673828124
2023-09-11,155.39132203386973,155.54995907169086,153.1330545276026,154.7567596435547,3191900,155.4659851074219
2023-09-12,153.66494489395637,154.99004322884934,152.50781015238817,152.56381225585938,3739900,154.2995178222656
2023-09-13,152.95576336326928,154.4768194406681,152.60115451918568,153.3756866455078,3331900,153.6108367919922
2023-09-14,155.2980115666922,155.50330992321997,152.7038024131483,154.95274353027344,4071600,153.86092834472657
2023-09-15,155.10202538998516,155.37263813417528,151.5746334783838,151.75193786621094,9427900,153.48018798828124
2023-09-18,151.17342007624802,152.65715578185072,150.949454327861,151.9479522705078,3180100,152.91842651367188
2023-09-19,151.6026649534472,152.58248116054,150.62283450732332,152.23721313476562,3244400,152.8531066894531
2023-09-20,153.02108737320785,153.58099461057037,150.24024703611448,151.26673889160156,5035700,152.4313171386719
2023-09-21,149.67100180354203,152.0132512816212,149.63368130211617,149.68032836914062,4492700,151.3768341064453
2023-09-22,151.00543852207477,151.22006343941055,149.5030356226617,149.59634399414062,3715300,150.94571533203126
2023-09-25,149.2604037700133,150.16557899115696,148.58852083805036,150.14691162109375,3107600,150.58550720214845
2023-09-26,148.94315075493012,149.04579994625945,146.8528464219661,147.40342712402344,4164000,149.61875
2023-09-27,148.60719902414766,148.8498178965028,145.47174985979117,147.57138061523438,4232000,148.87967834472656
2023-09-28,147.57139301090893,150.594866678764,147.50607856399458,148.45790100097656,4271400,148.63519287109375
2023-09-29,150.0909412102398,150.38956220986518,147.73002410820447,148.38323974609375,3664600,148.39257202148437
2023-10-02,148.84982499625787,149.90431082688931,147.2821074588197,149.2604217529297,2922300,148.21527404785155
2023-10-03,147.54338608488044,149.68033733555012,145.8916725769716,146.74085998535156,3510700,148.0827606201172
2023-10-04,147.12345482077626,147.88864613619822,146.0316486001058,147.41273498535156,4129900,148.05103149414063
2023-10-05,147.86998828339273,148.52320383400098,144.43591844171777,144.74386596679688,4389200,147.3082244873047
2023-10-06,143.96002036145634,147.5340602027288,143.29746394637664,146.507568359375,5016200,146.93309020996094
2023-10-09,145.4157568444561,146.35825260197728,144.3612711013945,146.24627685546875,2747000,146.33026123046875
2023-10-10,146.24629270761116,148.5792159396251,145.83569594053137,147.12347412109375,3657400,146.4067840576172
2023-10-11,145.87301025377838,147.69268727206176,145.3317704310782,146.8155059814453,4452400,146.28733825683594
2023-10-12,147.47806363779932,147.69270281977953,143.92269103417715,144.6412353515625,5643300,146.26681213378907
2023-10-13,144.93984714039462,145.08914339089685,142.02834955060553,142.54159545898438,4319100,145.47361755371094
2023-10-16,143.1108404546309,144.38927780373854,142.85888076367863,143.98802185058594,4872200,145.02196655273437
2023-10-17,142.60693183253238,144.55725215057478,141.73907702444035,143.95068359375,5098900,144.3874084472656
2023-10-18,142.70021401693398,143.73603226538242,141.32845433009604,141.67373657226562,4837500,143.3590545654297
2023-10-19,142.62557001749968,143.20414457526746,140.41396367997874,140.85255432128906,6041100,142.601318359375
2023-10-20,141.3004578058183,141.66439317081432,137.74508595415784,137.9317169189453,5391500,141.6793426513672
2023-10-23,137.4371705956614,138.7436018937248,136.25204162161114,136.5413360595703,5398200,140.19000549316405
2023-10-24,137.02655630622112,137.7451005477615,136.19603632175082,137.10121154785156,7024400,138.8201110839844
2023-10-25,131.96880356326602,134.92694859982367,130.76502140529837,132.31407165527344,12349200,136.94817810058595
2023-10-26,132.66868349986842,136.83062502585895,132.5193729879418,134.38571166992188,7888800,135.6548095703125
2023-10-27,135.197547294321,135.39350483658015,132.836630548803,133.55516052246094,5327500,134.7794982910156
2023-10-30,132.66055153953278,133.16909014880724,131.3515567779657,132.31211853027344,6640800,133.93365478515625
2023-10-31,132.5946384976462,134.70408941332573,131.86950756060304,133.73411560058594,6570300,133.26023559570314
2023-11-01,134.32738022425318,134.95833296664364,132.61345168230005,134.8264923095703,7503200,133.7627197265625
2023-11-02,136.4933407038781,139.19608124996788,136.07898026415285,138.7252197265625,6297900,134.63062133789063
2023-11-03,140.59924116342683,142.75578042476894,140.39206096212993,141.47503662109375,5818700,136.2145965576172
2023-11-06,140.862945350621,141.44680908401418,138.0660265478274,138.90415954589844,6601400,137.5330047607422
2023-11-07,138.24494834135595,138.65930878766216,137.0301175447261,138.04718017578125,5193000,138.39561767578124
2023-11-08,137.90592228473758,138.2731936902504,136.05072677317082,136.75701904296875,6901400,138.78172302246094
2023-11-09,137.4256420250148,137.96243107744598,134.82649149993983,134.92066955566406,7061200,138.02081298828125
2023-11-10,136.54044040254448,138.9794998357358,134.74174579385172,138.6122283935547,7214700,137.44825134277343
2023-11-13,137.70817680390297,137.87769444873763,136.7287910177713,137.36915588378906,4345400,137.14125061035156
2023-11-14,141.46567371891558,142.29439481205486,140.23201850861952,141.19256591796875,7051600,137.77032775878905
2023-11-15,142.2095878441884,144.68632398098788,141.39970547353306,143.01947021484375,5957000,139.02281799316407
2023-11-16,143.10425759665634,144.07423130108165,142.02126734182804,143.038330078125,5599400,140.64635009765624
2023-11-17,143.42443227294626,146.43794334569932,143.0477344078807,145.60922241210938,7524200,142.04574890136718
2023-11-20,145.0441924641325,147.17248144689034,144.97826495130164,146.47560119628906,5836900,143.86703796386718
2023-11-21,145.64688556765455,145.64688556765455,143.58450985691013,144.48855590820312,3877600,144.52623596191407
2023-11-22,145.49623124843131,147.05949517526307,144.34732781975305,144.95944213867188,3159800,144.9142303466797
2023-11-24,145.3267199381622,145.43029568741838,144.2343176615317,144.63925170898438,1604800,145.23441467285156
2023-11-27,143.67868915601412,144.41323196765936,142.57686056899325,143.70693969726562,4130700,144.8539581298828
2023-11-28,143.24551643065064,144.11190004972252,142.5957251239578,143.98947143554688,3883800,144.3567321777344
2023-11-29,145.7787199105181,146.76753191161487,144.03652665289277,144.27195739746094,3647100,144.31341247558595
2023-11-30,145.66571278315413,145.69397769431464,142.45444814084777,143.81053161621094,6641400,144.08363037109376
2023-12-01,144.18723160066412,146.25901964999096,143.05716669826356,146.16485595703125,4095500,144.3887512207031
2023-12-04,145.57155783102695,148.35905014683883,145.04419519666007,148.2460479736328,6572000,145.29657287597655
2023-12-05,147.34201303821808,148.54741754246925,145.81641173631024,148.08596801757812,4935600,146.11587219238282
2023-12-06,149.8563800389697,150.30840303875624,146.86169353769768,146.95587158203125,4952200,146.65265502929688
2023-12-07,147.69986173049296,149.442055380518,145.665736190579,148.49090576171875,6495400,147.58872985839844
2023-12-08,148.12361174007933,149.09359969847873,147.18188869307897,147.87876892089844,4732100,147.93151245117187
2023-12-11,149.32900883408806,151.8339808554731,148.78280782158345,150.6474151611328,7585500,148.4117858886719
2023-12-12,150.58154221924232,150.58154221924232,148.26491106670062,148.71693420410156,4714400,148.53797912597656
2023-12-13,148.81110904045929,152.82284483294464,148.75460794570762,152.38023376464844,5940900,149.6228515625
2023-12-14,154.1318249311796,159.3583912433393,153.65155130178567,158.94403076171875,11428500,151.7134765625
2023-12-15,160.29070709860022,161.1194137169559,157.96464971898638,158.81219482421875,16337400,153.90016174316406
2023-12-18,158.63324262097788,159.12294262342184,156.19418340519002,157.66326904296875,5015200,155.30333251953124
2023-12-19,158.45434014612493,159.0570424181528,157.34311366970553,158.68035888671875,4379400,157.2960174560547
2023-12-20,158.256572869244,158.76509703040966,155.45024200080556,155.55381774902344,5098700,157.93073425292968
2023-12-21,157.0605708688842,157.80454013357357,156.01525769702522,157.0888214111328,4040100,157.5596923828125
2023-12-22,157.51261727524638,159.07588123610137,157.0982711376303,158.43551635742188,3492400,157.48435668945314
2023-12-26,159.09469537422348,161.53375464048565,158.63324590376033,160.855712890625,3202200,158.1228454589844
2023-12-27,161.24183916222714,161.61852267503517,160.40370613210763,161.25125122070312,3264900,158.63702392578125
2023-12-28,161.97638886346547,162.26832075356725,160.7615722695939,161.71270751953125,3023000,159.86880187988282
2023-12-29,161.54318668674728,161.6938658430393,160.0175997455672,160.52613830566406,2920600,160.55626525878907
2024-01-02,159.00996155358592,160.02700992271104,157.65387790201234,159.39605712890625,5652500,160.74837341308594
2024-01-03,158.20008797809487,158.6803616444534,156.52382180583663,157.02293395996094,5874900,159.98181762695313
2024-01-04,153.0299972928105,156.0529346388597,152.93581923896272,154.88519287109375,6445700,158.70860595703124
2024-01-05,155.29015947777734,156.54265313511408,154.58386703436193,155.478515625,3087200,157.461767578125
2024-01-08,155.5820770935474,158.840430918563,155.00762543729152,158.71800231933594,5717500,157.1001403808594
2024-01-09,156.32604365662215,160.58263633869953,156.32604365662215,158.8027801513672,5018500,156.98148498535156
2024-01-10,158.68034296648742,158.69918145203576,155.48790221986664,157.50318908691406,4045200,157.0775360107422
2024-01-11,157.41844186280372,158.09648366598236,155.41256699760407,155.94935607910156,5635600,157.29036865234374
2024-01-12,156.94757903277883,157.46552962402592,154.33900196017413,155.2618865966797,4205000,157.24704284667968
2024-01-16,154.81927552114928,155.83633821733576,153.1241853970596,154.32958984375,6682800,156.3693603515625
2024-01-17,153.08650679860264,153.42552769372918,150.94879131073367,152.9546661376953,4079000,155.19973754882812
2024-01-18,155.07354889367502,157.62562494467437,153.67037623159143,157.18301391601562,6583700,155.13570251464844
2024-01-19,160.94047384828124,164.95222349581647,160.3189475161675,163.53021240234375,13345800,156.65187377929686
2024-01-22,163.85981708829001,166.35537752026138,163.50195771708132,164.64144897460938,6850700,158.5277862548828
2024-01-23,164.65088480469944,166.28007632601637,164.10468361119825,164.18002319335938,9459400,160.49787292480468
2024-01-24,161.30774824893152,162.82392305957202,158.71800964731017,160.1588592529297,15100400,161.93871154785157
2024-01-25,161.0911403209702,161.5337512976796,157.1076559001389,157.66326904296875,7088200,162.03476257324218
2024-01-26,156.51438011361296,156.51438011361296,153.76455031976712,154.52734375,8800900,160.23418884277345
2024-01-29,154.51792405504847,156.62738891860934,153.9057954338345,156.3636932373047,6076600,158.5786376953125
2024-01-30,154.61727379406364,155.45253445093263,153.3264229984249,153.8105010986328,4897600,156.50473327636718
2024-01-31,152.2538700810002,154.8735311711728,151.2192951977059,151.97860717773438,8665200,154.86868286132812
2024-02-01,151.12436137115992,151.74130592428293,148.69452847838195,151.57046508789062,6542100,153.6501220703125
2024-02-02,150.32707812238687,151.674875628989,149.74809336054858,151.10537719726562,4922400,152.96572875976562
2024-02-05,151.8552222689434,151.8552222689434,149.57724295018454,150.8206329345703,4190100,151.85711669921875
2024-02-06,151.07689227507444,151.57994290903102,149.3304517917933,150.31756591796875,4139800,151.15852966308594
2024-02-07,151.79825847941274,152.13995464777108,150.18469887219993,150.69725036621094,4627900,150.90225830078126
2024-02-08,151.209778267999,152.87079839243705,150.7067276175192,152.06402587890625,3487700,151.00097045898437
2024-02-09,153.0796516851082,154.21863430074848,152.46270699249672,154.1427001953125,3919500,151.60843505859376
2024-02-12,154.1426773722031,154.5603076487898,152.86132755043678,152.88980102539062,3853000,152.02226867675782
2024-02-13,150.2131746670689,151.3141972802306,147.55555385315745,148.8748779296875,5357900,151.73373107910157
2024-02-14,149.82402965882642,150.95351124291417,148.60911317065808,149.84300231933594,4528000,151.56288146972656
2024-02-15,150.8206533397668,153.07015948864475,150.8206533397668,152.53863525390625,3725300,151.65780334472657
2024-02-16,152.19692935576296,153.90539586365227,151.32369447370849,152.22540283203125,3167600,151.27434387207032
2024-02-20,151.2667478163186,154.62676285201312,151.16234024214847,154.4654083251953,5406200,151.58946533203124
2024-02-21,154.25659544749428,155.77523397792964,153.28845378938837,155.73727416992188,4530000,152.96194458007812
2024-02-22,156.51554980644588,157.67351929638264,155.17725315189946,157.0186004638672,5041200,154.39706420898438
2024-02-23,157.39830137157145,157.55965590773994,155.31016425010688,155.3671112060547,3479100,154.96275939941407
2024-02-26,156.24981261383152,157.0945595582109,155.45252629209227,155.9460906982422,5251300,155.70689697265624
2024-02-27,156.21184689686388,157.23693547873322,155.8986241788248,156.5535430908203,2886600,156.12452392578126
2024-02-28,155.18675475473114,155.54743808534047,154.12370639034293,154.75013732910156,2933000,155.92709655761718
2024-02-29,156.51555352081508,159.37251751115699,155.92708243204282,158.82200622558594,7267200,156.28777770996095
2024-03-01,159.0308191690862,163.33997367917488,158.81251771704368,162.3528594970703,5233700,157.68492736816407
2024-03-04,163.72912712011686,164.25116491477024,162.17251454884345,163.67218017578125,4401600,159.2301452636719
2024-03-05,162.64709163835954,163.9379421467174,160.67284883246245,161.9636993408203,6215600,160.3121765136719
2024-03-06,164.30812123837117,166.8518481168741,162.00166848049562,163.13116455078125,6312700,161.9883819580078
2024-03-07,163.52031482635363,168.71219042449417,163.52031482635363,166.35829162597656,5980400,163.49563903808593
2024-03-08,166.5386535706143,166.65254747513262,163.51084842328447,163.53932189941406,5632600,163.7329315185547
2024-03-11,163.5203479916057,165.41865712963963,162.808482064843,165.33323669433594,4207300,164.0651428222656
2024-03-12,167.04168167900335,167.38337782924825,164.4220063661437,165.9121856689453,5802600,164.85484008789064
2024-03-13,165.04846186080186,165.42811783641966,162.504734961679,163.8999786376953,5199500,165.00860290527345
2024-03-14,164.49797234639775,164.8017087534806,161.1664450977963,162.4383087158203,5028200,164.2246063232422
2024-03-15,160.97659402461247,164.2321867050728,160.11286003402003,163.7481231689453,19078800,164.26636657714843
2024-03-18,165.6654105019142,165.90269911322738,160.46404819715457,160.60643005371094,5213800,163.32100524902344
2024-03-19,159.1541956121859,159.75216749157192,157.54063610205517,158.28097534179688,5640000,161.79476318359374
2024-03-20,158.58472297689053,161.48913319846952,157.81591021034868,161.33726501464844,4404600,161.28222045898437
2024-03-21,164.04234693404737,165.9026813369596,162.98878503338682,163.81454467773438,4371600,161.55746765136718
2024-03-22,162.9982782552041,164.89658702257648,162.55217453623587,163.71014404296875,4177200,161.54987182617188
2024-03-25,162.1440530173073,163.56778466232885,161.93523788406836,162.1630401611328,3298600,161.86119384765624
2024-03-26,162.72302656539597,163.1216696605281,158.99284238181917,159.3725128173828,5898300,162.07950134277343
2024-03-27,160.40711416014253,164.12779814708668,160.24575962941458,164.08033752441406,4272300,162.62811584472655
2024-03-28,164.6592949969714,166.90880068785643,164.51692763556244,165.35218811035156,4417800,162.93564453125
2024-04-01,165.26676031621994,166.9657548111284,164.07083098012697,164.3650665283203,2303200,163.0666290283203
2024-04-02,163.5867439610108,163.5867439610108,160.9765697227657,161.6979217529297,3304500,162.97360534667968
2024-04-03,160.95761814736014,162.2010081965015,159.35354476196784,161.67897033691406,3295800,163.43489685058594
2024-04-04,163.03626417154086,164.2037200915328,159.55286907287072,159.96099853515625,7491300,162.61102905273438
2024-04-05,159.9989701175534,160.6443881817718,158.64167174388058,158.98336791992188,5012300,161.33726501464844
2024-04-08,159.08777795660174,161.63150493099135,158.75556810589603,160.84371948242188,3154000,160.63299560546875
2024-04-09,162.30542383690883,164.6972972960468,161.47966403438744,164.64035034179688,4830700,161.2214813232422
2024-04-10,161.23285529361996,161.7454067864286,159.36301994378812,160.33116149902344,5662800,160.95191955566406
2024-04-11,161.2613355738356,163.11219834127476,159.58134262180732,162.4952392578125,4352100,161.45876770019532
2024-04-12,159.85659312381677,160.8152339188048,157.34133958684689,157.87286376953125,5473600,161.23666687011718
2024-04-15,159.73320857397894,160.7298237214083,156.91423296020253,157.89186096191406,4739500,160.64629516601562
2024-04-16,158.96437905501847,159.9515077675387,158.337948141514,159.06878662109375,3389000,159.531982421875
2024-04-17,159.81861299796157,160.38809691431143,157.08504385405524,157.27487182617188,4564900,158.92072448730468
2024-04-18,155.35761560445417,156.30677018996414,153.33592618572368,155.34812927246094,5605500,157.49130249023438
2024-04-19,154.7881234925465,156.0599870950736,151.01997882541332,151.5609893798828,10497600,156.2289276123047
2024-04-22,152.11148251207052,155.7942063053345,151.91216819382726,155.12030029296875,5942400,155.67461547851562
2024-04-23,154.75014190342657,158.41387881950274,154.19964504341584,157.0565948486328,6833600,155.27217712402344
2024-04-24,169.16776735500133,170.36371104577114,164.78267911003283,165.92166137695312,13965900,157.00153503417968
2024-04-25,167.11763858749464,168.04780593570507,163.5013478023376,166.33932495117188,9130800,159.19977416992188
2024-04-26,166.3393071204503,169.23423091128996,166.1020185225609,168.45591735839844,5401900,162.578759765625
2024-04-29,168.45592198156018,170.64846636895945,168.29456746852074,170.17388916015625,4191500,165.5894775390625
2024-04-30,169.34813803297067,170.12645164666296,167.34542153101714,167.4498291015625,6444300,167.66812438964843
2024-05-01,166.89932843472351,169.62341177370823,165.53254359953027,166.2918701171875,7167700,167.7421661376953
2024-05-02,170.66746285159184,170.66746285159184,164.82066784328796,166.86135864257812,4838300,167.84657287597656
2024-05-03,168.46541965317306,170.54405562329185,168.4084582235034,169.81321716308594,4545100,168.11803283691407
2024-05-06,170.75288436865202,172.64170698897266,170.15492689742373,172.43289184570312,4127400,168.56983337402343
2024-05-07,173.8668840885721,175.51119739423584,173.67568792014592,174.63168334960938,5152700,170.0062042236328
2024-05-08,173.7617144701082,175.97007604431184,173.50360622120002,175.8553466796875,4220900,171.9188995361328
2024-05-09,175.9031486854157,177.5761405886737,175.57811375945658,177.16506958007812,5843300,173.97964172363282
2024-05-10,177.70042636197115,179.10574074119256,177.5570183022011,178.81893920898438,5606800,175.7807861328125
2024-05-13,178.771130521704,180.0904087731792,178.4556503055977,179.5550537109375,3686300,177.20521850585936
2024-05-14,179.19178075525335,183.0348863615456,178.8667458190426,182.7194061279297,4917500,178.82276306152343
2024-05-15,184.1055977094799,187.00226263323881,183.44595854296074,186.92578125,5936800,181.03684997558594
2024-05-16,184.1247071040486,187.25080134234364,184.11513781481975,186.39041137695312,5371800,182.88191833496094
2024-05-17,186.41910842886506,187.9009042594841,185.3005955287718,186.438232421875,4534200,184.40577697753906
2024-05-20,186.4382266331289,190.50120707529825,185.941104941634,190.4342803955078,5282800,186.5816223144531
2024-05-21,188.49359661343087,190.5298713250707,188.17811640547743,190.25262451171875,5489100,188.08826599121093
2024-05-22,191.1703883917318,194.65976553109707,190.86446288247714,193.62728881835938,9119000,189.4285675048828
2024-05-23,193.68468553531366,194.01927519305764,188.17814236391118,188.60833740234375,7125400,189.87215270996094
2024-05-24,190.08058671952273,190.97922482209694,189.04810983065028,190.41517639160156,4354100,190.66754150390625
2024-05-28,196.93506116434955,196.93506116434955,189.20106153511725,190.8166961669922,8661000,190.74402465820313
2024-05-29,188.00606081500896,188.96205622492482,186.18966078376948,186.33306884765625,5607800,189.96011352539062
2024-05-30,186.8492932388907,187.30816693471436,185.2241040178776,187.0691680908203,5213500,188.64848937988282
2024-05-31,186.7728393893528,188.0347604730443,181.8877017165786,186.42868041992188,9137300,188.21255798339843
2024-06-03,187.72881660714708,187.9773847531001,183.2643197307762,185.1954345703125,4153500,187.16860961914062
2024-06-04,184.80346949753695,185.87417968371764,183.6084752406988,184.79391479492188,7221600,185.96405334472655
2024-06-05,186.20878689778917,187.58542263772438,185.0233473245489,187.4515838623047,5988600,186.18775634765626
2024-06-06,187.35598506861947,187.98694556948257,185.96023987410373,187.60455322265625,3905500,186.29483337402343
2024-06-07,187.32729323151668,188.70392892325725,186.20878037881045,187.00225830078125,3308400,186.4095489501953
2024-06-10,185.6351712484146,189.09588435693487,185.4630990862331,188.92379760742188,4202400,187.15522155761718
2024-06-11,188.47450789550342,189.13414712764575,185.92200164872116,188.7517547607422,4193200,187.94678955078126
2024-06-12,190.69241152274924,192.43231563757928,188.6848152644587,190.22396850585938,4655700,188.5012664794922
2024-06-13,186.41908838141313,188.75171930846633,186.28524961940178,187.64276123046875,3409900,188.5089080810547
2024-06-14,185.31013528870918,187.02137513545992,184.57402937150914,185.36749267578125,3479100,188.18195495605468
2024-06-17,184.66963359420043,186.60074842771525,183.71363817387285,186.32350158691406,3804900,187.66189575195312
2024-06-18,186.64855508100788,188.13033634412582,185.6829903500736,187.61410522460938,3036900,187.43436584472656
2024-06-20,185.94110139709431,185.94110139709431,183.723185113729,184.2776641845703,5464900,186.24510498046874
2024-06-21,186.40955014730324,188.78996938103313,185.19543189280176,186.92578125,12516800,186.101708984375
2024-06-24,186.97360118473,187.91047268799295,184.84173530937989,185.37709045410156,3655700,186.10362854003907
2024-06-25,186.36174882230182,186.36174882230182,184.33504320731367,185.9124298095703,3456400,186.02141418457032
2024-06-26,185.28147074995044,186.40955293543058,183.7231935412332,184.60272216796875,3301000,185.41913757324218
2024-06-27,184.19161592497784,185.36748608011004,183.3599046673637,184.9181671142578,3874500,185.5472381591797
2024-06-28,185.60648944169063,189.18191726503082,184.9850983055708,185.9697723388672,8861000,185.3560363769531
2024-07-01,185.10939593167043,186.3999809829483,184.25856060014686,186.03671264648438,2873600,185.4879608154297
2024-07-02,186.4095565267622,190.29089568813646,185.89331081906576,189.68861389160156,4168700,186.24319763183593
2024-07-03,189.41137602916163,190.78801175918866,187.47070650587787,190.18572998046875,2454800,187.35979919433595
2024-07-05,191.19905808310946,191.3424515417396,188.56051633300152,190.04229736328125,2887900,188.38462524414064
2024-07-08,191.20864088719372,192.83384478962657,190.62548309083823,192.60440063476562,3927100,189.7115509033203
2024-07-09,193.4934712310677,193.4934712310677,190.31957395551672,191.35205078125,3742300,190.77461853027344
2024-07-10,192.45142778448823,194.81273754216872,192.1550715503985,194.65977478027344,4559500,191.76885070800782
2024-07-11,194.841439890503,195.0230813688886,191.08438458958133,191.18954467773438,5585400,191.96961364746093
2024-07-12,193.22578473762988,196.25628839193766,192.45143080097907,192.98678588867188,3683800,192.55851135253906
2024-07-15,192.9772276872357,194.14354321599066,191.99255361436863,192.88162231445312,3089500,192.61395568847655
2024-07-16,194.52593090374012,197.6711637930662,193.67509562061508,197.5277557373047,3134400,193.8490966796875
2024-07-17,196.11290235227358,201.56207339763182,195.05174683917755,195.27162170410156,7792500,193.97146606445312
2024-07-18,195.81654692174422,197.89105526754727,194.33475107836125,196.81077575683594,5497200,195.09571228027343
2024-07-19,196.32322558785788,197.07845557259392,189.99454039639218,190.3386993408203,4868000,194.56609497070312
2024-07-22,194.1626618469309,196.9350425330953,192.16462047466499,196.82032775878906,6063800,195.3538360595703
2024-07-23,191.76309263203137,194.0479208025032,188.75171328914357,189.56430053710938,6083300,193.76114501953126
2024-07-24,197.27920825616778,197.46084971331305,188.2450547842817,189.5547637939453,11049100,192.6177734375
2024-07-25,189.55475142855568,192.85293237458868,185.57780738494213,188.47447204589844,9555400,190.9505126953125
2024-07-26,191.6483996264676,195.3863451535488,190.31956659965172,193.1015167236328,5384800,191.503076171875
2024-07-29,194.3252015160064,195.14735819627316,191.92564357208843,192.99636840820312,3392000,190.7382843017578
2024-07-30,194.65022638228697,195.4915070126268,190.92185011115785,192.14552307128906,6062600,191.25452880859376
2024-07-31,196.73529916902322,196.73529916902322,191.95306966242936,196.10984802246094,7462400,192.56554565429687
2024-08-01,194.1277008226076,196.40815536070136,183.745363333,186.02581787109375,7958500,192.07581481933593
2024-08-02,180.42567793912355,182.45596059992735,179.04009492350525,180.37757873535156,8050200,189.5310272216797
2024-08-05,177.63523891375831,181.60920783011102,173.26677139096563,174.34445190429688,8659900,185.80064392089844
2024-08-06,176.5864366665006,183.129528865041,175.70119693997702,179.8868408203125,6210900,183.34890747070312
2024-08-07,183.05255119794282,184.28419036591458,176.7788790920074,177.11566162109375,5013000,179.5500701904297
2024-08-08,180.15625668920742,186.68010024156757,178.53973583976793,185.99693298339844,6180400,179.54429321289064
2024-08-09,183.80307716008184,186.14126227836917,182.79274427544172,184.9481201171875,3066500,180.45840148925782
2024-08-12,185.17905207129306,186.31447817794609,183.57214802977592,184.8037872314453,5235900,182.5502685546875
2024-08-13,186.47806133155527,190.24034147204995,186.09316488875004,189.79771423339844,4969000,184.53244323730468
2024-08-14,189.5667662998728,189.92279732584618,186.14126889347273,188.21966552734375,3072000,186.75324401855468
2024-08-15,192.92492185093735,195.4844280785466,191.00048372773597,194.30088806152344,5081900,188.41403503417968
2024-08-16,194.30088189852307,194.801239905728,190.6925605319723,192.9537811279297,4236400,190.01516723632812
2024-08-19,192.9634116636041,193.45415280079132,190.51938161222418,193.07888793945312,3788900,191.6701873779297
2024-08-20,192.86716642093322,196.72565907946847,190.60594604208467,194.8878173828125,7111400,192.6882080078125
2024-08-21,198.55390199027204,202.91275300571303,197.1586726560158,200.49757385253906,8119300,195.14378967285157
2024-08-22,200.58419032468396,201.71960176015185,195.13802695888648,196.07138061523438,6879900,195.49788818359374
2024-08-23,199.0061431773014,202.55671899966447,198.51540208434378,201.95053100585938,6112000,197.2972381591797
2024-08-26,201.1037595458105,202.0755953948312,199.70854501173656,200.38209533691406,5806000,198.75787963867188
2024-08-27,200.0645687454761,203.1340496436934,199.7181693250626,202.72991943359375,4373400,200.32630004882813
2024-08-28,202.67220036780367,203.28801996390663,198.18825613370845,199.89138793945312,3998100,200.20506286621094
2024-08-29,202.681826737485,206.3093967857408,201.72922456118394,203.1148223876953,5622800,201.61375122070314
2024-08-30,204.54853461013232,206.54995206644958,203.41310845637534,206.24203491210938,5860900,202.47205200195313
2024-09-03,203.94233392404323,203.94233392404323,193.5888617639569,194.20468139648438,9284000,201.2365692138672
2024-09-04,194.00260796239053,197.96696059173658,192.72285481256333,196.29269409179688,4650400,199.94912414550782
2024-09-05,194.65690594666142,196.5524785445279,192.13588219163327,193.93524169921875,4107400,198.75789489746094
2024-09-06,193.8871327950524,194.24314913460404,189.29734395233476,189.99014282226562,6314400,196.132958984375
2024-09-09,194.45483505901163,194.647275923416,191.4719649550018,193.56959533691406,4864100,193.59847106933594
2024-09-10,193.56960871973607,193.6754534048208,189.5860223537354,192.25137329101562,4859400,193.2078094482422
2024-09-11,192.15515138454197,195.1572849613016,187.67120685360024,194.7627716064453,5900500,192.90182495117188
2024-09-12,193.98336458955495,194.36824633313725,187.31517899887595,188.57568359375,7201000,191.8299133300781
2024-09-13,189.66298442746051,193.29055410634604,189.3935642866607,192.37643432617188,4617000,192.3071716308594
2024-09-16,191.21217341814938,191.96270311287907,188.58531948659544,190.97161865234375,3717800,191.7875762939453
2024-09-17,191.90497154708297,194.60880475470506,191.41423043014103,193.7812957763672,3478500,192.09356079101562
2024-09-18,195.02255699003123,197.2260469155223,192.40533458802523,193.1269989013672,4262100,191.76640625
2024-09-19,199.7663002546121,202.6048435539726,197.91884141554732,199.75668334960938,5155600,194.0026062011719
2024-09-20,196.65833898650007,197.50508178741657,193.48301310674395,195.619140625,14502900,194.6511474609375
2024-09-23,196.18682824645165,197.08169953721415,195.17649537583455,196.14834594726562,2757400,195.68649291992188
2024-09-24,198.2748547078324,200.54569224870346,196.8796400245081,197.19717407226562,5573200,196.36966857910156
2024-09-25,195.46519361886257,197.61093816923335,195.44594512520536,197.31265258789062,4124600,197.20679931640626
2024-09-26,202.37390734532084,202.61446209557974,197.31262600320338,201.35394287109375,4521300,197.52625122070313
2024-09-27,202.86463206163995,203.72100637814162,200.9209455846835,201.2384796142578,3074400,198.65011901855468
2024-09-30,198.31333513418838,200.81509564106148,196.3888971986108,198.7655792236328,5459100,199.17356567382814
2024-10-01,198.2748410991432,199.19857778215467,192.15512778579458,193.9833526611328,9039900,198.53080139160156
2024-10-02,195.2438583577039,197.97655675957705,194.08919850868818,195.74420166015625,4389400,198.21711120605468
2024-10-03,193.48301448106432,195.75385209848,192.70361937497765,194.05072021484375,3167000,196.7564666748047
2024-10-04,198.31334397812063,198.56351563527565,193.73317209052018,195.05142211914062,4092900,195.51905517578126
2024-10-07,193.01150072277426,195.1187626277515,192.12626102741464,193.6658172607422,2772400,194.4991027832031
2024-10-08,193.3867725462778,195.57101381033178,191.71252086530956,194.5703125,6283700,194.61649475097656
2024-10-09,193.93524124365015,197.73600333479393,193.77166577648967,197.2260284423828,3214900,194.91286010742186
2024-10-10,194.3297691670887,195.67686998752288,193.29057081319758,194.82049560546875,3649400,195.0668151855469
2024-10-11,193.76202880776682,198.015034882694,193.76202880776682,197.36073303222656,2815800,195.52867736816407
2024-10-14,198.3518455915976,201.0653105134797,197.87073603940274,200.77664184570312,3291600,196.95084228515626
2024-10-15,200.16081560620165,200.7670036380162,191.38536767956128,192.28985595703125,6818800,196.4947509765625
2024-10-16,194.34899841624826,194.4644746855025,191.7510099336381,193.1077423095703,3311300,195.67109375
2024-10-17,197.15868148342375,197.15868148342375,190.62522046120645,190.80804443359375,4686900,194.868603515625
2024-10-18,191.94345462057126,192.4053303421724,189.30698378401226,190.97161865234375,4029500,193.59078063964844
2024-10-21,189.30696502360917,190.451993262241,186.78594134383843,188.3736114501953,4948100,191.11017456054688
2024-10-22,186.29521740101882,187.9213698272236,185.563936261469,186.64161682128906,7910800,189.98052673339845
2024-10-23,193.44450744253945,195.33046320263776,190.51936804986343,194.11807250976562,10548500,190.1825927734375
2024-10-24,195.157273434084,199.0927457979232,193.60810018688483,198.8040771484375,9309300,191.78179931640625
2024-10-25,199.76628554358388,203.40347215925487,198.93877662305945,199.11196899414062,5103100,193.4098693847656
2024-10-28,198.5731349025701,199.47762313255777,197.25489954056093,198.0535430908203,4409000,195.34585571289062
2024-10-29,198.35182281592841,203.5959133962419,197.5531792891131,203.364990234375,5522800,198.6905303955078
2024-10-30,200.1415658733828,202.8453991016392,199.90101110670807,200.07420349121094,4914000,199.8817565917969
2024-10-31,201.42050085865858,201.42050085865858,195.0667740618785,196.7714385986328,6543000,199.47522888183593
2024-11-01,196.69393849268812,200.2194742894455,196.69393849268812,198.47607421875,4208800,199.34804992675782
2024-11-04,197.09105438425735,199.13470386983164,196.1806112799312,197.25570678710938,3693800,199.18848266601563
2024-11-05,195.71570936408125,199.05721763129162,193.43960160494447,196.09344482421875,5253200,197.7341735839844
2024-11-06,202.35996328217226,208.89770223798757,201.81757545195302,208.2100372314453,8527500,199.36134033203126
2024-11-07,209.01394434377517,211.38689855388003,208.79118107447334,210.69921875,6020800,202.1468963623047
2024-11-08,210.22465682772145,213.4596237665216,209.4110749830463,213.36276245117188,5020700,205.12423400878907
2024-11-11,211.15446165323988,212.82037578998415,207.59018986790164,209.08175659179688,6154700,207.48944396972655
2024-11-12,208.61683942174966,208.63621463929715,202.42778013230787,206.0889129638672,4990800,209.48853759765626
2024-11-13,204.37455931084082,205.18815584350102,198.8828603049251,199.25091552734375,7921800,207.69671325683595
2024-11-14,198.81508495784092,200.55848512450433,197.9530724836242,199.52212524414062,4783800,205.46129455566407
2024-11-15,197.43972562844067,198.3307934754683,193.98198098541457,194.79556274414062,5970400,201.74785461425782
2024-11-18,195.84161381305634,201.13960532042566,195.192684413262,200.66500854492188,7912100,200.06450500488282
2024-11-19,199.4155845079102,199.84175063690165,194.66967577096673,194.74716186523438,6716000,197.79615478515626
2024-11-20,191.85117636530907,193.3233825701568,190.29180384819722,191.9577178955078,7344400,196.33751525878907
2024-11-21,192.01583788421718,194.127278591514,189.73972998510206,191.9674072265625,8080300,194.82657165527343
2024-11-22,191.5509183707675,192.6550692799642,190.3208507191051,191.773681640625,7861300,194.22219543457032
2024-11-25,195.0958443936288,197.72063249559395,193.67208346966342,196.54867553710938,9274400,193.3989288330078
2024-11-26,199.5221209922139,200.4035086658777,192.8875202806457,194.63092041015625,5260500,193.37568054199218
2024-11-27,194.33068521552502,195.0861561969302,191.4347032674971,192.92628479003906,4732200,193.56939392089845
2024-11-29,193.7882964066292,196.14187565798215,193.4202411377742,194.7084197998047,3167400,194.1175964355469
2024-12-02,193.49772166459292,196.04502347608792,192.23859847804187,195.43482971191406,6373900,194.84982604980468
2024-12-03,192.41294828132231,193.68175170347,190.80514503509102,191.0279083251953,4743400,193.74567260742188
2024-12-04,191.48314075678698,192.22893154466223,189.45886625437385,190.46615600585938,7172600,192.9127197265625
2024-12-05,189.59443774103514,190.95040737395894,186.16576322409315,186.92123413085938,6049100,191.71170959472656
2024-12-06,187.5701741387847,189.0036299432342,186.54350924726165,187.0277862548828,5140700,190.1755828857422
2024-12-09,185.99141540676757,191.58965610272446,185.5749442986517,187.36676025390625,3880300,188.5619689941406
2024-12-10,187.25055431287885,187.59923435841162,183.48287968871492,184.19960021972656,6064200,187.19630737304686
2024-12-11,186.09794953655936,186.90185106337069,184.22864756547366,185.67178344726562,6057800,186.23743286132813
2024-12-12,184.5095463934905,186.2141961998492,183.63785366069658,185.68150329589844,4025600,185.98948669433594
2024-12-13,182.8726828374386,186.18513582478673,182.37872560581212,185.5652618408203,4772800,185.69698181152344
2024-12-16,185.82676667592776,185.94298842393627,183.23103433170422,183.5022430419922,5829700,184.92407836914063
2024-12-17,183.1729302338329,185.47809351434935,181.6135576815355,182.20437622070312,5046100,184.52503356933593
2024-12-18,182.5239880134792,186.31103748608555,178.99845224418047,179.18247985839844,8281900,183.2271728515625
2024-12-19,181.01305786008646,181.46827942590213,178.0977156181055,178.66915893554688,6290000,181.8247039794922
2024-12-20,178.6691591522275,182.54337518670275,177.58438339184207,180.99368286132812,11462100,180.91038818359374
2024-12-23,180.1801155264744,184.43206737498474,180.1801155264744,184.16087341308594,4297600,181.0421142578125
2024-12-24,184.499857197422,186.41758998364722,184.48048197926906,186.38853454589844,1950900,181.87894592285156
2024-12-26,184.61607570629573,186.6597252061837,184.52890939458015,185.7008514404297,2019000,183.1826202392578
2024-12-27,184.45141613403518,185.74927487678747,183.72500067338063,185.1681365966797,3253500,184.48241577148437
2024-12-30,183.7250021637106,183.7250021637106,181.32299249243735,182.04940795898438,4065200,184.6935607910156
2024-12-31,182.72740187980324,183.15356800605292,180.20915555867026,181.61355590820312,3050500,184.18409729003906
2025-01-02,183.36665001741846,184.15117639125947,179.1534342140249,181.0711669921875,4500500,183.12062377929686
2025-01-03,182.98890890730706,185.12941985276808,181.31331454500835,184.51922607421875,4574100,182.8842987060547
2025-01-06,184.26738623078836,187.67670022189262,183.28915207634887,186.13668823242188,4682000,183.07800903320313
2025-01-07,187.72514402090792,188.87771087055293,185.0809809509426,186.165771484375,5035200,183.90128173828126
2025-01-08,185.76865360468474,186.63066604312755,182.15595145019535,185.633056640625,4230400,184.70518188476564
2025-01-10,186.8437661333458,186.8437661333458,182.49495310977858,184.17054748535156,7223500,185.32505798339844
2025-01-13,183.86062084481415,185.72992310563853,181.74916528757595,185.08099365234375,4799600,185.43741149902343
2025-01-14,185.51683448632284,187.52174844483434,184.1996003995753,187.4152069091797,4254200,185.693115234375
2025-01-15,189.51696689969128,192.69382296298167,189.51696689969128,191.29910278320312,6288600,186.71978149414062
2025-01-16,189.03269079982573,189.33294018852342,181.2552030168119,181.47796630859375,7463300,185.88876342773438
2025-01-17,186.48537763263647,186.8631130953515,184.04463223307516,186.36915588378906,5407500,186.32848510742187
2025-01-21,185.64273998314016,190.3208574903477,185.5749488894501,189.09078979492188,9621700,187.1304443359375
2025-01-22,189.61381351080743,192.43229431166526,189.1585919657937,190.8535614013672,8222000,187.818115234375
2025-01-23,188.69369926979593,194.33067592137348,187.71545026143184,194.30162048339844,12694700,188.41861877441406
2025-01-24,184.02525974361913,185.47809074159505,179.2115451880086,179.68614196777344,15856600,188.06025390625
2025-01-27,179.90891835556545,184.11243946898142,177.9233795578946,181.14866638183594,11771300,187.0161560058594
2025-01-28,179.69580373166042,179.81202547029434,174.67870162783342,174.89178466796875,8720300,184.17635498046874
2025-01-29,175.32764227788596,175.95719644138103,173.96197764499416,174.60122680664062,4183800,180.92588806152344
2025-01-30,174.82397874954034,180.02510845730944,174.60121549090445,179.44398498535156,5807100,177.95436096191406
2025-01-31,179.31715253109348,184.43966345198425,178.63415405262475,180.1269989013672,6333700,178.04253234863282
2025-02-03,178.58537101662543,178.85857041682448,174.0677993326366,176.54612731933594,6311500,177.1220245361328
2025-02-04,175.64845847600517,178.60487777461913,175.1898706083291,176.1753387451172,5785700,177.3787353515625
2025-02-05,175.1508365751712,177.38523535340795,173.37504056060422,177.18032836914062,5939800,177.8945556640625
2025-02-06,176.87785204183356,179.18054313620306,175.96067632543011,178.82928466796875,5089800,177.77161560058593
2025-02-07,178.82928509094958,178.96588477957218,174.92641982944787,175.62893676757812,5380500,176.87200317382812
2025-02-10,176.94616507914367,177.16082386605282,174.75080330341362,175.93141174316406,3827100,176.74906005859376
2025-02-11,174.99473335203226,177.51206843372086,174.65322667418496,174.89715576171875,3795300,176.49342346191406
2025-02-12,173.1701439472545,176.05827106616724,172.46762694233658,175.61920166015625,5364200,176.1811981201172
2025-02-13,174.79957450396438,177.87308987535505,174.27269423677578,176.40951538085938,3737300,175.6972442626953
2025-02-14,177.10227981626974,180.23433603607202,176.6632104104192,178.5853729248047,4137900,176.2885314941406
2025-02-18,178.22435790080937,182.61508161960018,178.22435790080937,181.9320831298828,4578700,177.48866577148436
2025-02-19,185.13242739087397,193.15281705613907,184.1469443394076,191.55264282226562,8438300,180.81976318359375
2025-02-20,194.47980230034096,199.29982886736224,193.10403858684813,199.0071258544922,9190100,185.49734802246093
2025-02-21,199.69010502146557,200.75363223387464,196.42144940403466,197.09469604492188,7349900,189.63438415527344
2025-02-24,197.23130763998194,200.42190435806438,195.48478187785292,195.8653106689453,7675900,193.09037170410156
2025-02-25,196.57757148026354,197.67036901276214,193.62115217211132,195.12374877929688,7441700,195.72870483398438
2025-02-26,195.12374701328048,195.17253580730755,191.02574141525105,193.42601013183594,5611600,196.10337829589844
2025-02-27,192.7039951704697,193.3187012863931,186.5081898767769,186.65455627441406,7761700,193.63286437988282
2025-02-28,188.5962058128295,191.48433274545073,186.8399283020699,191.23065185546875,9024500,192.46005554199218
2025-03-03,194.17731487926815,195.38720857176745,188.88893379215546,189.6695098876953,6141300,191.22089538574218
2025-03-04,191.60141107896328,194.09924250322211,188.33277030434712,190.1085662841797,7159200,190.21785888671874
2025-03-05,190.47935512410893,192.21612910977683,186.12765346754466,190.82086181640625,5484400,189.69682922363282
2025-03-06,187.10335819833418,189.21090904563542,183.92252832030982,184.74212646484375,7120200,189.31434326171876
2025-03-07,184.6640814535432,186.6252809561057,181.21005193061717,185.89349365234375,7706800,188.24691162109374
2025-03-10,183.06389885101038,184.8689800738097,178.9561413094186,181.9613494873047,9161400,186.7052795410156
2025-03-11,183.54200837309003,183.7566671672071,172.61398792238077,173.03353881835938,7981400,183.29027404785157
2025-03-12,173.921429132824,175.25815568926853,170.5064221091781,171.433349609375,5436100,179.41277160644532
2025-03-13,170.82842496483045,172.67252832067624,167.91102763965628,169.38436889648438,5277200,176.34122009277343
2025-03-14,171.33579983830907,172.5651970997952,170.8186713553486,172.13587951660156,4927900,173.589697265625
2025-03-17,171.82366542803751,176.88762108013228,171.69681753073957,175.61920166015625,4940400,172.3212677001953
2025-03-18,175.33622950864827,175.404536801219,173.2969858592554,175.09230041503906,4077700,172.73302001953124
2025-03-19,175.30696581505728,179.20007965554544,174.37028639771862,177.3267059326172,5675000,173.91169128417968
2025-03-20,175.05327041350245,177.39498365120616,174.165364979642,176.29241943359375,4980000,175.29330139160157
2025-03-21,174.194640878666,175.47282693048615,172.7408181398342,174.65322875976562,11822900,175.79677124023436
2025-03-24,178.50731063476775,182.92730469194083,178.09751153741567,181.00514221191406,5694900,176.87395935058595
2025-03-25,180.00990961516135,182.30283403903405,179.09273389031245,179.50253295898438,4357200,177.756005859375
2025-03-26,179.7854774887945,181.49298098920147,178.82927969727632,180.00990295410156,5814200,178.2926452636719
2025-03-27,178.57561189457383,178.57561189457383,173.20917192903863,176.3704833984375,5035900,178.30825805664062
2025-03-28,175.29720240637113,176.34121115536124,171.3162779255842,172.04806518554688,5490600,177.78722534179687
2025-03-31,171.16016257528054,175.82408559839075,169.73562502301684,175.3362274169922,9222700,176.6534423828125
2025-04-01,174.9264226432038,175.1996220248435,170.03808918431204,173.66775512695312,5965400,175.48648681640626
2025-04-02,171.55045678182407,175.56063671047676,170.935750713578,173.86289978027344,4368900,174.25708618164063
2025-04-03,167.66710398762427,169.96004350186251,160.0174909216244,160.21263122558594,11895300,171.0255157470703
2025-04-04,155.79262962127746,157.1586414600396,147.29414845182382,147.7136993408203,14976900,166.158642578125
2025-04-07,147.24535505245018,158.9441843301227,141.67400825281882,150.26031494140625,18337200,161.14346008300782
2025-04-08,152.9435392648129,155.16817137215014,139.82990901845628,142.46434020996094,13902800,154.90277709960938
2025-04-09,141.64474508225243,168.6233119192014,140.74708779934232,165.38392639160156,21578500,153.206982421875
2025-04-10,156.8854346775976,158.97346719500266,146.37697968390873,152.7971954345703,16019500,151.72389526367186
2025-04-11,140.50316206342652,146.24037927859,136.5515076527425,144.0157470703125,21113300,150.98430480957032
2025-04-14,147.3721850056972,149.8602645754362,145.51832997081286,147.3136444091797,10356600,150.394970703125
2025-04-15,147.74296634375509,148.99188206728263,146.21109943259623,147.5087890625,6958900,151.40386047363282
2025-04-16,143.65472146098423,146.0940124619639,139.09812765774433,142.99124145507812,10862500,146.92532348632812
2025-04-17,143.74252967784642,146.54283064036053,142.37651795135864,144.8353271484375,5739200,145.33294982910155
2025-04-21,141.92769941375926,143.17661508551075,139.17617230401822,142.0740509033203,8275000,144.94461059570312
2025-04-22,142.32773428987116,144.64019208343754,141.5569249508487,143.1961212158203,9139900,144.12110595703126
2025-04-23,149.45048087956522,151.56778370474998,147.60637745838812,148.4552459716797,14125000,144.31039733886718
2025-04-24,160.63217706968425,160.99318733158205,154.57297237746604,158.19288635253906,18950400,147.35072631835936
2025-04-25,157.90993177231593,159.7247647933441,156.62199392191695,158.90516662597656,8383300,150.1646942138672
2025-04-28,159.38328209635606,159.56865570878543,155.84142675120341,158.49537658691406,5170500,153.44895935058594
2025-04-29,155.6170204267447,158.407570041596,154.89498490113584,156.86593627929688,6566500,156.18292236328125
2025-04-30,153.8744198977825,158.06644235677908,152.42787905140588,157.49569702148438,6158600,157.9910125732422
2025-05-01,158.27309487260663,159.48347568562582,155.53746306111964,155.73426818847656,6124900,157.4992889404297
2025-05-02,159.15873970230453,163.69516768703969,158.50926927141182,161.884521484375,7642400,158.09515991210938
2025-05-05,159.837715860396,161.48107696229584,158.53879000799347,159.827880859375,4803600,158.36166076660157
2025-05-06,157.75155350152164,159.42441959607095,156.57070772979677,158.51910400390625,4531400,158.69229431152343
2025-05-07,159.7393178878596,162.87840991214958,159.31617260738264,162.16004943847656,5669700,159.6251647949219
2025-05-08,164.25606129239486,165.7419572484623,162.0124498417182,162.99649047851562,5171200,161.07760925292968
2025-05-09,167.35578937680458,169.8454108538261,166.90312410131537,169.5206756591797,8655100,162.60484008789064
2025-05-12,182.68713145303067,186.3379286871302,182.15575613554745,184.29112243652344,16210400,167.49748840332032
2025-05-13,183.36612549688186,186.485532459935,183.36612549688186,185.19644165039062,9837500,172.83295593261718
2025-05-14,184.47808877171818,184.73393391707438,182.0967123694611,184.35015869140625,6552300,177.27097778320314
2025-05-15,183.19884064968969,186.7315428761857,182.54937023602366,184.8323516845703,5534000,181.63815002441407
2025-05-16,186.28873925176833,186.28873925176833,183.82863754485624,185.49166870117188,4518700,184.8323486328125
2025-05-19,182.04752107461283,185.47197834784922,181.30949058376981,185.33421325683594,6460900,185.040966796875
2025-05-20,185.33421322896805,185.98368366447679,183.93687730168097,185.6983184814453,5289200,185.14134216308594
2025-05-21,183.5235811329869,186.86931333520198,181.78182497908492,182.4608154296875,8977400,184.7634735107422
2025-05-22,182.97251774018832,183.92703835561662,177.10762895958098,177.33396911621094,7500800,183.2637969970703
2025-05-23,174.185019051408,174.46054921478705,170.97705214048437,173.48635864257812,7416700,180.86273498535155
2025-05-27,176.24168513236944,180.4041728471567,175.00178431266403,180.31561279296875,7939400,179.85901489257813
2025-05-28,180.42385434243937,182.95283093714164,180.1679941705327,181.21107482910156,5752800,178.96156616210936
2025-05-29,183.26772468634792,183.50388481791785,180.01053772419087,182.0376739501953,4533800,178.87693786621094
2025-05-30,182.02783536489702,182.18528547267582,176.8911419669457,179.9318389892578,15101100,179.39651184082032
2025-06-02,178.9477899157847,181.76214664497218,178.71161476523284,181.27012634277344,5648300,180.95326538085936
2025-06-03,180.31561594973533,185.49166441600613,179.70550053013275,185.078369140625,5612600,181.90581665039062
2025-06-04,185.89511267776336,189.03420458286027,185.47196741335344,187.6762237548828,5780600,183.19884643554687
2025-06-05,189.8312819231198,191.18924778489966,186.298579657898,187.4499053955078,6017700,184.2812927246094
2025-06-06,190.59882634327855,191.73046702792445,189.1916404764028,189.34909057617188,5338800,186.16474304199218
2025-06-09,190.6480428492357,197.23126225095828,190.3823476667948,196.03074645996094,6869700,189.1168670654297
2025-06-10,196.78843779780422,199.92752975913618,196.29641749076833,199.0615692138672,6247700,191.91350708007812
2025-06-11,200.0653046683616,200.10467470340785,194.98765124675722,196.50308227539062,5062100,193.6788787841797
2025-06-12,195.0860556214414,197.1230269404292,194.94829053334092,196.4735565185547,3257600,195.48360900878907
2025-06-13,192.96052488488598,195.86344176066967,191.3663838580036,191.88792419433594,5138200,195.9913757324219
2025-06-16,194.13153191874517,196.67035851502948,193.4623915058307,196.0405731201172,5864500,195.99334106445312
2025-06-17,194.8400538692596,197.4182356357748,193.73793311690548,194.53500366210938,4656300,195.08802795410156
2025-06-18,195.4304736566293,197.3690348843942,194.14136782818366,195.18446350097656,3742000,194.82430419921874
2025-06-20,197.21158637586,197.72327669276228,193.44270895895116,195.03684997558594,12910000,194.536962890625
2025-06-23,195.82407742818296,198.60891409997367,195.1942920511352,198.17593383789062,4565400,195.79456481933593
2025-06-24,199.98657917850954,202.90918114067614,199.76025403092711,202.52540588378906,7597800,197.0915313720703
2025-06-25,202.74188479189704,203.12566002751072,200.0652931431617,202.10226440429688,4748300,198.6049835205078
2025-06-26,203.01742553710938,204.01131621042148,202.48605018906366,203.01742553710938,4579200,200.17157592773438
2025-06-27,202.22036040304482,204.37541190175392,202.0137052528488,203.775146484375,8585100,201.9192352294922
2025-06-30,203.78497820220238,205.05439907166163,203.1453577745188,204.3065185546875,5319900,203.14535217285157
2025-07-01,203.69641708836488,208.30172018042495,203.19456175610776,207.0913543701172,5856200,204.05854187011718
2025-07-02,207.08150421723306,212.72988759556705,206.13681864386345,212.14930725097656,5533400,206.0679504394531
2025-07-03,211.81474848957274,213.47777957934386,211.29320814979783,212.5724639892578,2561100,207.9789581298828
2025-07-07,211.58842592885514,212.18869132926125,208.81342407329194,210.00411987304688,5221400,209.2247528076172
2025-07-08,211.56872329377399,215.86897579490602,210.60436773605866,213.17271423339844,6844600,210.99799194335938
2025-07-09,213.4777793113165,215.4064905613878,211.76554318847198,212.93655395507812,5231400,212.16703186035156
2025-07-10,215.78041768399922,217.2564785574388,214.08786668123378,216.15435791015625,3971400,212.9680419921875
2025-07-11,216.24293316340044,218.15197442972055,214.73735216785286,217.718994140625,5396300,213.99734802246093
2025-07-14,215.90836156035837,216.74478709959146,213.83203519843946,216.53814697265625,4723600,215.3041534423828
2025-07-15,217.2466636971589,217.86659911109317,214.4913468082507,214.8751220703125,4419700,215.64463500976564
2025-07-16,214.9144775950962,215.12113274373883,208.33125808662163,213.1825714111328,6420900,215.69383850097657
2025-07-17,212.69053129771964,213.5368068008591,212.0509109240085,213.1333465576172,4920100,215.08963623046876
2025-07-18,215.00303846709915,215.16047355322917,212.46421188930955,213.16287231445312,4550100,214.17841186523438
2025-07-21,213.96979109058674,215.5048920286217,210.7913441475903,211.14559936523438,8269800,213.09990234375
2025-07-22,210.6240449539604,212.55277115074998,208.7740588228454,211.49000549316406,11730800,212.42287902832032
2025-07-23,191.789518321113,191.88792839306313,182.33288699302872,183.27757263183594,30755700,206.44187927246094
2025-07-24,183.444846898759,184.8913877823636,182.07703106500742,182.72650146484375,9049500,200.36051025390626
2025-07-25,182.73633435978005,182.91346947372526,180.2762328874748,182.0376739501953,7031800,194.13547058105468
2025-07-28,184.8815596839573,187.4990963667663,184.75362959626173,186.2296905517578,8586800,189.15228881835938
2025-07-29,186.6823528172954,189.8115947847578,185.8852673014572,188.32569885253906,7144700,184.51942749023436
2025-07-30,189.08340859551942,189.50655389124853,185.29486102796335,186.49539184570312,6985100,185.16299133300782
2025-07-31,184.49325084701806,185.256443024187,178.21924945286204,179.45819091796875,10144000,184.50932922363282
2025-08-01,178.04084981762503,179.9835015729654,176.34597123245004,179.2599639892578,6625100,183.95378723144532
2025-08-04,180.11235929952977,181.82705008740143,179.03200594972492,181.11341857910156,4682700,182.93053283691407
2025-08-05,183.31378022997816,184.84016461826826,181.96581128100655,183.75979614257812,5761900,182.01735229492186
2025-08-06,183.0560812303722,185.2465212648703,182.37218312385022,184.26528930664062,7089000,181.5713317871094
2025-08-07,189.07237310274644,189.79592580536087,183.0957207026675,184.26528930664062,6563900,182.53275146484376
2025-08-08,184.04724224082943,185.97998797825952,183.02635564301258,185.56370544433594,5946200,183.7934997558594
2025-08-11,185.78175980598405,187.19910163460122,181.777492374642,182.0847625732422,6457800,183.9877685546875
2025-08-12,183.64086217645138,192.12513107889768,183.58139540474787,191.26283264160156,9961500,185.48837585449218
2025-08-13,191.86742945638704,192.40264550532805,189.27061303130108,191.57998657226562,4966300,186.9513153076172
2025-08-14,189.48866061627828,192.52160209785816,188.34884049121283,191.9962921142578,3917300,188.4975158691406
2025-08-15,191.88725880883666,193.64158902189283,190.78707819064698,192.8486785888672,5872900,189.9545104980469
2025-08-18,192.8486762687068,193.79026873944426,191.7881351354089,192.6107940673828,2763600,192.059716796875
2025-08-19,192.94778944313697,195.90142171101039,192.07556979740357,194.20655822753906,5491100,192.6484619140625
2025-08-20,195.7527601976126,199.44975745933954,191.73858664728172,198.99383544921875,8107300,194.13123168945313
2025-08-21,197.8143487830276,200.39133791557,197.68549403307156,198.93435668945312,5291100,195.5188446044922
2025-08-22,200.2922294855288,207.2402075918894,200.10390796804995,204.2370147705078,6177700,197.7965118408203
2025-08-25,204.17756053472806,205.1687137412073,202.73047019879735,204.1478271484375,3442600,200.10391845703126
2025-08-26,203.95950248904512,205.57508703042575,203.42428642023177,204.15773010253906,4549700,202.09415283203126
2025-08-27,203.1467695024278,203.88021320194176,201.45189085112807,203.65225219726562,4189700,203.0258361816406
2025-08-28,204.00906637009894,205.29756856369593,201.80870504110342,202.28445434570312,6166400,203.69585571289062
2025-08-29,201.7095767435847,202.2448079262009,199.77683108146442,200.68869018554688,5372700,202.98619079589844
2025-09-02,197.61612401808267,198.39912836848197,195.0192924266101,198.0423126220703,6238400,201.765087890625
2025-09-03,197.45754017325254,198.3099325235537,189.68690277559392,194.00833129882812,7039600,199.7352081298828
2025-09-04,182.1343023938754,187.0107742107412,180.0826231814891,185.63307189941406,11335900,196.1313720703125
2025-09-05,185.42493914769753,187.6054731238588,183.6507664821673,186.2674102783203,9491200,192.92796325683594
2025-09-08,186.48545996678948,186.70351487067987,181.45041525094814,184.17608642578125,9701200,189.6254425048828
2025-09-09,182.76863508121005,184.01749773128992,182.0351914283536,183.39306640625,6135000,186.69559326171876
2025-09-10,183.40298192552623,183.84901296566355,181.32156927467514,182.38209533691406,5957500,184.37034606933594
2025-09-11,182.87767397221683,183.17502296101645,180.64757924191622,182.71910095214844,6596000,183.7875518798828
2025-09-12,182.4812091937613,182.7091701862744,180.72686386300236,180.9845733642578,6284200,182.73098449707032
2025-09-15,174.32402192226638,177.63446983369712,172.47055523630735,176.6234893798828,11658400,181.22046508789063
2025-09-16,177.1587286319471,179.53749026537372,175.71163830368417,176.0585479736328,7920300,179.7535614013672
2025-09-17,176.26668200310218,180.95484754272687,176.03872100106094,178.70492553710938,7209700,179.01812744140625
2025-09-18,181.6189077493313,182.0946570243074,178.7148211698677,180.0132293701172,7937100,178.476953125
2025-09-19,180.97465655788912,181.62882129020096,176.5937612916933,177.78314208984375,16206700,177.8366668701172
2025-09-22,177.81287465566447,179.80510222908327,177.7236744990689,178.0309295654297,7030300,178.11815490722657
2025-09-23,178.2787190506419,181.05395100125185,178.09039752515162,180.4295196533203,5900800,178.99234924316406
2025-09-24,180.11235080857873,183.5219200488762,179.49784069798912,182.80828857421875,5905100,179.81302185058593
2025-09-25,182.02527689063623,182.0351981017446,178.51660126028187,180.4295196533203,4042300,179.89627990722656
2025-09-26,184.3148575362934,185.63307799629536,181.45042536511892,182.91732788085938,6206300,180.9231170654297
2025-09-29,183.82918210529652,184.45361345035244,181.38103253279166,181.60899353027344,5090700,181.63872985839845
2025-09-30,181.13324260528404,182.34245068784688,179.70597961446904,182.1045684814453,3873100,181.97373962402344
2025-10-01,180.3601523175089,182.87767483715066,176.7523552083778,178.79412841796875,7705000,181.17090759277343
2025-10-02,179.1707712565985,182.98670206744703,178.24899090049158,180.70706176757812,6798000,181.226416015625
2025-10-03,181.16297503065977,183.8192733881118,178.56615856734084,178.72474670410156,5167600,180.38789978027344
2025-10-06,179.39872170607046,181.60898901507878,177.71376436121483,180.20155334472656,6019800,180.10641174316407
2025-10-07,180.15199609225718,180.40970559762945,175.39447293944224,175.48367309570312,5396100,178.78223266601563
2025-10-08,175.26561856063668,180.32049070223505,175.26561856063668,179.99342346191406,6377700,179.0220916748047
2025-10-09,178.89324848110363,179.10138218606727,176.04862848161912,177.3767852783203,5006100,178.3560363769531
2025-10-10,178.03093120846145,179.9636920286538,169.98277214255174,170.18099975585938,9630200,176.64728698730468
2025-10-13,171.30100871455403,174.5420839007999,170.87480497581217,173.5608367919922,8610300,175.31914367675782
2025-10-14,170.44861113546781,174.7105727732407,169.93320725457974,172.40118408203125,9919400,174.70264587402343
2025-10-15,172.4804799167577,174.6015471083791,169.6160478431597,173.71942138671875,9416800,173.44784545898438
2025-10-16,173.83835111536183,175.929684875738,172.52011560538097,173.92755126953125,7188200,172.75799865722655
2025-10-17,173.50137430666118,176.05855143089886,173.0256249953931,175.01783752441406,5082600,173.7253662109375
2025-10-20,170.98382408419408,179.5077472048817,170.98382408419408,178.00119018554688,6620200,174.61343688964843
2025-10-21,177.88226776451745,180.23129603201997,177.2578364027569,179.24014282226562,10301500,175.98122863769532
2025-10-22,162.5094840201842,171.548796291909,161.59760977457216,169.19976806640625,25834500,175.07729797363282
2025-10-23,168.49604382734626,172.22277441096043,168.24825552760018,170.6666717529297,8412500,174.4251220703125
2025-10-24,172.47056055246796,172.60932139363746,167.2967397086091,167.6337432861328,7691800,172.94830322265625
2025-10-27,168.31764659033126,168.86276876070764,167.18771740397125,167.91127014160156,8606300,170.9303192138672
2025-10-28,167.6436474733147,168.01036930857813,165.01709760816289,165.43338012695312,9646600,168.1689666748047
2025-10-29,165.24506528853658,165.24506528853658,158.41602023908723,158.8422088623047,11961900,166.0974548339844
2025-10-30,158.733180577237,161.20115751540783,158.55478025880905,159.08999633789062,9477600,163.78211975097656
2025-10-31,158.36000061035156,162.0,157.8000030517578,161.4600067138672,8707900,162.54737243652343
2025-11-03,162.33999633789062,163.4499969482422,160.07000732421875,161.4600067138672,5208300,161.25711975097656
2025-11-04,161.17999267578125,162.30999755859375,158.1300048828125,159.36000061035156,11462300,160.04244384765624
2025-11-05,159.38999938964844,165.6199951171875,159.38999938964844,163.57000732421875,9770200,160.98800354003907
2025-11-06,162.75,163.80999755859375,161.08999633789062,161.3800048828125,5859500,161.44600524902344
2025-11-07,160.3800048828125,160.60000610351562,156.88999938964844,160.5500030517578,8837700,161.26400451660157
2025-11-10,162.0,163.3699951171875,158.49000549316406,160.5800018310547,7677900,161.08800354003907
2025-11-11,160.4199981689453,162.1699981689453,159.24000549316406,159.72999572753906,7274200,161.16200256347656
2025-11-12,160.85000610351562,164.52999877929688,160.39999389648438,163.08999633789062,6241200,161.06600036621094
2025-11-13,162.52999877929688,165.44000244140625,161.47999572753906,162.22999572753906,7719600,161.23599853515626
2025-11-14,160.5,160.8800048828125,158.3000030517578,159.3300018310547,6041500,160.99199829101562
2025-11-17,158.6300048828125,159.75,153.5399932861328,154.99000549316406,7343400,159.8739990234375
2025-11-18,154.5500030517578,158.08999633789062,153.5399932861328,157.32000732421875,8164700,159.39200134277343
2025-11-19,156.57000732421875,159.1699981689453,155.1300048828125,157.08999633789062,5568500,158.19200134277344
2025-11-20,158.16000366210938,159.25,152.72999572753906,153.3300018310547,7890900,156.41200256347656
2025-11-21,153.4199981689453,161.16000366210938,153.41000366210938,159.39999389648438,11711300,156.4260009765625
2025-11-24,159.72000122070312,162.6999969482422,158.97000122070312,161.25999450683594,9466500,157.67999877929688
2025-11-25,159.72000122070312,161.9499969482422,158.69000244140625,161.77000427246094,7406700,158.56999816894532
2025-11-26,162.32000732421875,167.0399932861328,162.0500030517578,165.35000610351562,7346300,160.2220001220703
2025-11-28,166.0399932861328,169.25,165.4199981689453,168.27000427246094,4018100,163.21000061035156
