Date,Open,High,Low,Close,Volume,MA5
2021-01-08,199.1921373120079,201.12528374838797,198.73612435016938,200.6890869140625,834600,202.6380828857422
2021-01-11,200.26278486019245,200.5007145159014,197.21934553916995,197.42752075195312,422100,199.77703857421875
2021-01-12,196.78316264333736,197.77451358864386,194.21556732542916,196.8624725341797,530200,198.20673828125
2021-01-13,197.60598256358412,199.34084668995567,196.11895616955135,197.6753692626953,564800,198.18492736816407
2021-01-14,197.77450647718842,198.2999212491631,193.00611102201367,194.0073699951172,493900,197.33236389160157
2021-01-15,193.44231193864854,194.95907765240048,191.8561443988799,193.5811004638672,536700,195.9107666015625
2021-01-19,194.42373895918138,195.82154739666188,192.9069732510437,195.3754425048828,670200,195.50035095214844
2021-01-20,195.89095105772722,199.81669229434112,195.84138048555076,198.21070861816406,547900,195.7699981689453
2021-01-21,198.06197970819764,198.66670433189992,195.22671567151676,195.43490600585938,433600,195.32190551757813
2021-01-22,195.26639785357202,196.16853084860892,192.95654832459485,193.0655975341797,448200,195.13355102539063
2021-01-25,193.7000496368746,194.76080234919573,189.6553361936967,190.33937072753906,552200,194.485205078125
2021-01-26,190.3691198431463,194.48322019439485,189.22907231260223,194.35435485839844,766900,194.28098754882814
2021-01-27,194.00737240099195,194.60218900489005,191.53891828648838,192.89706420898438,748700,193.2182586669922
2021-01-28,192.97637439242135,196.80298956207457,192.32207915249796,195.10777282714844,715700,193.15283203125
2021-01-29,193.20437937720845,194.02720245254878,191.1225364032809,192.3914794921875,769000,193.01800842285155
2021-02-01,193.7793508253043,197.76458545654,191.83629651387784,196.9913330078125,559400,194.34840087890626
2021-02-02,197.38787654492646,202.29506043083015,197.298658595157,200.7089080810547,538400,195.6193115234375
2021-02-03,200.18347497495614,200.55028508502585,197.27882417139372,197.42752075195312,386500,196.52540283203126
2021-02-04,198.0223479518419,199.39041707364186,196.96159519756173,197.58615112304688,610800,197.02107849121094
2021-02-05,198.59734919578358,199.53912962777346,197.09049142851023,197.7943572998047,519200,198.10165405273438
2021-02-08,198.2999229121568,200.1041888437401,196.86246710645767,198.7856903076172,387600,198.4605255126953
2021-02-09,198.24045377964265,200.42142287836268,197.15988485769168,198.55767822265625,386000,198.03027954101563
2021-02-10,200.7188177267126,202.22567532867083,199.12274217428154,201.39292907714844,582100,198.8233612060547
2021-02-11,202.30499379650993,204.70406125858054,200.94683272106707,202.7808380126953,676400,199.86229858398437
2021-02-12,207.0733839932553,207.3212217220382,193.86858254283234,200.63951110839844,1370300,200.43132934570312
2021-02-16,199.90591612305576,201.00631629972716,195.78190760335337,196.43618774414062,948600,199.9614288330078
2021-02-17,195.5836125180568,200.9071771403623,194.9095011665387,197.38787841796875,674700,199.72746887207032
2021-02-18,196.60473766312722,200.2429940194315,196.3469767218573,199.35076904296875,540000,199.31903686523438
2021-02-19,198.82535705080798,200.2727361877987,195.23667121884534,196.23793029785156,643100,198.0104553222656
2021-02-22,194.91941004095196,194.91941004095196,190.82514109078693,191.55873107910156,626600,196.19429931640624
2021-02-23,191.26131992090728,194.08667600775001,185.99724911601098,190.3988494873047,788500,194.98683166503906
2021-02-24,188.15841014541334,194.20564176180238,186.59207385575047,193.8190155029297,556200,194.27305908203124
2021-02-25,191.50916374425563,193.82893639682064,188.35667507492525,188.71356201171875,687100,192.14561767578124
2021-02-26,190.22042342668718,193.3828353492169,189.18940997688435,192.35182189941406,911600,191.36839599609374
2021-03-01,193.88842318441124,194.98882335855944,192.56992458822896,194.1065216064453,576900,191.8779541015625
2021-03-02,194.07676767803352,194.6616610718158,190.5971163782217,192.31216430664062,584100,192.2606170654297
2021-03-03,191.04324298030468,193.65048562092173,188.56486567341213,188.83251953125,595000,191.26331787109376
2021-03-04,188.6144207441053,192.61948693511846,187.8709075535118,188.65408325195312,764000,191.2514221191406
2021-03-05,189.00104530320527,193.2440259959965,186.6019779116225,192.0940704345703,678600,191.1998718261719
2021-03-08,191.51908843057083,192.33198832656325,186.92912878783886,187.2166290283203,582200,189.82189331054687
2021-03-09,189.21914446148816,191.47942333940668,188.9514906055239,190.3294677734375,670400,189.42535400390625
2021-03-10,192.4608770762722,192.4608770762722,188.00970576686447,188.45582580566406,778300,189.35001525878906
2021-03-11,189.48681350653368,192.43112693762404,188.35667406720302,190.3592071533203,913900,189.6910400390625
2021-03-12,189.88334847031902,189.9626583590989,183.0033857953289,186.47311401367188,885900,188.5668487548828
2021-03-15,185.46194217344552,188.91183933010439,185.45203410935147,188.72348022460938,456600,188.86821899414062
2021-03-16,190.53766645552656,192.4707979540329,188.62436621328646,189.4769287109375,609700,188.6977111816406
2021-03-17,188.35668110387743,189.23898284713354,185.07531186914767,189.0902862548828,1227900,188.82460327148436
2021-03-18,186.0963968255664,189.42733653818112,184.4804899774578,186.8894805908203,678400,188.1306579589844
2021-03-19,187.7023788937742,191.29107949762528,186.31449366144363,190.38894653320312,1303600,188.91382446289063
2021-03-22,191.02343137746277,194.18584356667432,190.93421341567205,192.76820373535156,577900,189.72276916503907
2021-03-23,194.00737641010224,195.74224055937185,192.69880103202547,194.56253051757812,488100,190.7398895263672
2021-03-24,194.72113198252703,195.28620922743536,192.1733681660538,193.34315490722656,473000,191.59046325683593
2021-03-25,194.066848109744,194.066848109744,190.15101505243516,191.7074432373047,512800,192.5540557861328
2021-03-26,190.9540216290786,198.35941468705042,189.9626706454338,197.9529571533203,632800,194.06685791015624
2021-03-29,197.44737711563835,199.63826948433177,196.59481464943934,199.4399871826172,904500,195.40121459960938
2021-03-30,197.764606735294,197.91330332727412,192.70871083255952,193.18455505371094,750000,195.12561950683593
2021-03-31,194.11642654469367,198.49819591595886,193.97763801716275,197.04090881347656,697600,195.86517028808595
2021-04-01,198.3594199100296,201.41278283527117,198.3594199100296,200.1537628173828,640400,197.55443420410157
2021-04-05,200.64942319150327,204.9717138731377,200.26279693192927,204.396728515625,562600,198.8431884765625
2021-04-06,203.3558207667988,204.06959464533412,201.02614003452163,203.8019256591797,583900,199.715576171875
2021-04-07,203.79201970234314,204.8329260863879,202.46359794828243,202.60238647460938,411300,201.5991424560547
2021-04-08,204.42649493360753,205.05103577299732,202.741186143962,202.96920776367188,662100,202.78480224609376
2021-04-09,204.10924645731325,204.34717613092806,202.15628387598488,203.52435302734375,760400,203.45892028808595
2021-04-12,202.18601428540813,203.90104711755217,201.0657980476842,201.9580078125,789600,202.97117614746094
2021-04-13,202.67180047212713,204.50579074252514,201.26408387004113,203.41531372070312,516700,202.89385375976562
2021-04-14,203.08815788705036,203.08815788705036,200.83778697659292,202.11663818359375,407500,202.7967041015625
2021-04-15,203.1377389396768,206.9742625049654,203.1377389396768,206.51824951171875,409900,203.5065124511719
2021-04-16,206.78589279188563,206.78589279188563,204.9915499773882,206.359619140625,365100,204.0735656738281
2021-04-19,206.24062918059462,207.58886697436884,204.9717012719617,205.46737670898438,399400,204.775439453125
2021-04-20,205.2988594390123,208.16386300734598,205.16007091457732,207.68801879882812,382100,205.62998046875
2021-04-21,207.06347178028145,209.90865934377862,207.06347178028145,209.2841033935547,527100,207.0634735107422
2021-04-22,209.2444589503529,212.51590508823003,208.8479094816176,210.533203125,654900,207.86646423339843
2021-04-23,208.233274646238,212.63487538119963,208.233274646238,209.6409912109375,766800,208.52273864746093
2021-04-26,209.33367202327656,215.47013687656417,209.33367202327656,214.78610229492188,832900,210.38648376464843
2021-04-27,214.1318000163232,218.60278724693669,212.5753718016298,218.1467742919922,731800,212.47823486328124
2021-04-28,218.09720411972626,219.23725163598988,215.82701715082393,216.26319885253906,470700,213.87405395507812
2021-04-29,217.70065811697768,219.23723987118547,216.30284975333007,217.72047424316406,480600,215.31150817871094
2021-04-30,214.18137757669973,217.7799712692729,214.18137757669973,216.8778533935547,614300,216.75888061523438
2021-05-03,217.89893942741983,220.56567587374084,216.54077835469428,219.33639526367188,616900,217.66893920898437
2021-05-04,217.0860296737779,219.43554174266364,216.4218263436892,217.32395935058594,573200,217.50437622070314
2021-05-05,218.30538995323673,220.33764721175865,216.22354699717232,216.5110321044922,429100,217.55394287109374
2021-05-06,216.54077812451206,221.67598384924938,215.6783076490406,221.30918884277344,608600,218.2716857910156
2021-05-07,219.7527698330223,223.01432302692754,219.71312244963707,220.96221923828125,477500,219.08855895996095
2021-05-10,220.84324936576482,221.59667062163777,219.10838525040842,219.97085571289062,468700,219.2154510498047
2021-05-11,218.6622692512255,221.48761016231816,218.09719199291862,219.54457092285156,535000,219.65957336425782
2021-05-12,215.4701413718516,218.4144549901116,215.4701413718516,216.65975952148438,541700,219.68931884765624
2021-05-13,218.8803725583413,219.65364022648117,216.49122823287172,217.35369873046875,556400,218.89822082519532
2021-05-14,218.38469089630962,219.772591281913,216.45155959770594,219.00924682617188,406300,218.50762634277345
2021-05-17,218.4342584606229,218.7911453975135,216.24338139464518,217.76014709472656,318100,218.06548461914062
2021-05-18,217.73041884446914,218.28557296855868,215.9360760052457,216.0352020263672,355300,217.36361083984374
2021-05-19,213.8343969137754,216.19381701562256,213.03140506447517,216.13433837890625,468400,217.25852661132814
2021-05-20,216.8679199989237,221.48761887790428,216.78861011076958,221.0216827392578,559700,217.99212341308595
2021-05-21,219.73291973713793,222.83585287781327,218.25581658534654,219.4751739501953,524600,218.08530883789064
2021-05-24,221.3785785218423,224.18410352933196,220.65489656287752,222.55828857421875,558600,219.04493713378906
2021-05-25,223.48023769808705,224.22375091158665,221.69581808714,222.55828857421875,476200,220.34955444335938
2021-05-26,222.5483732636041,223.61903407139786,221.0415156311372,221.6759796142578,420800,221.4578826904297
2021-05-27,221.14066425145302,221.14066425145302,218.05756218387666,218.49374389648438,654400,220.952294921875
2021-05-28,219.38595235316637,220.8035768480063,217.73039820192477,218.01788330078125,561900,220.66083679199218
2021-06-01,218.72176781622747,219.20752010695563,213.98311142303865,215.2024688720703,422500,219.1896728515625
2021-06-02,215.87656970133438,217.61143380175332,214.71669094655775,215.07357788085938,401400,217.69273071289064
2021-06-03,213.308982315359,214.74643816897233,212.18875090012767,214.13180541992188,438200,216.18389587402345
2021-06-04,215.7774492564708,218.1666086525902,214.77617512579033,217.3636016845703,365500,215.95786743164064
2021-06-07,216.85801733938786,217.83946021208575,215.15289251861984,217.0364532470703,476200,215.76158142089844
2021-06-08,217.49249120010168,218.63253877796362,216.3127811119678,216.89767456054688,422300,216.10062255859376
2021-06-09,217.73039806002035,218.2062422456996,215.92613220214844,215.92613220214844,388100,216.27113342285156
2021-06-10,216.61019964105904,219.1877183648599,215.89642569067775,219.058837890625,550200,217.25653991699218
2021-06-11,219.17777996762274,220.2385327549761,217.80972592998296,219.08856201171875,480000,217.60153198242188
2021-06-14,218.5334007973573,218.5334007973573,215.86666438308077,218.26573181152344,607200,217.8473876953125
2021-06-15,218.97950208612224,219.76266264987225,217.0166315182052,218.87045288085938,547700,218.241943359375
2021-06-16,219.980771669099,220.1294833889825,214.5085252687726,216.9075927734375,512500,218.4382354736328
2021-06-17,216.46148828977812,221.68589696064112,215.81710108932268,221.32901000976562,552900,218.89226989746095
2021-06-18,221.15057391417616,222.72681830972826,219.4850964358679,221.2397918701172,1141300,219.32251586914063
2021-06-21,221.77512859948345,223.78756982617915,219.97086260213413,222.7962188720703,511300,220.22861328125
2021-06-22,223.03413340044702,225.1655470276842,222.35009882188115,224.88796997070312,427000,221.43211669921874
2021-06-23,225.23494767265342,225.52244793813531,223.19276700122782,224.35264587402344,427100,222.92112731933594
2021-06-24,225.2051853146188,227.95123158186362,225.19527725113215,227.4456329345703,549400,224.1444519042969
2021-06-25,228.06028690196248,228.0999342837865,224.08495994914193,225.76034545898438,2239300,225.0485626220703
2021-06-28,226.57326286354206,229.42834331602563,226.41464308095544,226.71205139160156,542000,225.83172912597655
2021-06-29,225.20519123921088,228.0107162148109,224.33279757137345,227.79261779785156,565600,226.41265869140625
2021-06-30,227.80253107065047,228.83354454290946,225.02676047644985,225.720703125,449500,226.68627014160157
2021-07-01,225.63148872911466,227.9115838779272,225.63148872911466,227.20773315429688,348200,226.63869018554686
2021-07-02,228.94258212327128,230.11236893899826,227.91156870338926,229.32920837402344,515300,227.3524627685547
2021-07-06,229.32922904295694,231.0541852316023,228.0404697153586,229.468017578125,450200,227.90365600585938
2021-07-07,230.7864990856227,230.8558857846456,228.06028403336447,230.8162384033203,338100,228.5083801269531
2021-07-08,229.15075847510704,232.09507190952962,227.88183051115286,229.8050537109375,428200,229.32525024414062
2021-07-09,229.19042898735947,231.14339157272474,227.22755833812874,231.01451110839844,368100,230.08660583496095
2021-07-12,231.67870499815254,232.53126738713706,226.8409228361418,227.177978515625,349200,229.65635986328124
2021-07-13,227.02927027709902,227.77278347212135,225.43319468004515,226.51377868652344,434900,229.06551208496094
2021-07-14,226.9499554158293,228.8831017819886,226.84092133802343,228.64517211914062,528000,228.631298828125
2021-07-15,229.19042493582094,229.358952779445,226.51378043840205,227.22755432128906,315000,228.1157989501953
2021-07-16,227.87193273873066,229.9735919376667,227.0788489437386,227.7529754638672,354500,227.46349182128907
2021-07-19,227.89175599473734,228.58569861844308,225.63147709077307,226.57325744628906,425400,227.34254760742186
2021-07-20,226.71204293938314,228.56586430795332,225.8693886117706,227.4456329345703,360300,227.52891845703124
2021-07-21,227.2275615875708,228.20898936281344,225.1358104441009,228.1396026611328,357200,227.42780456542968
2021-07-22,228.5063704938286,231.66878211965155,228.13957552060103,231.51016235351562,550000,228.284326171875
2021-07-23,222.78631079082,223.767753747603,214.64732737661407,220.61524963378906,1355700,226.85678100585938
2021-07-26,219.18768769282752,222.41948614655595,217.58168896579699,221.03160095214844,538400,225.74844970703126
2021-07-27,221.34883651040042,221.80486459826386,215.99554748906016,217.27438354492188,552000,223.71419982910157
2021-07-28,217.03644162864384,218.2558141064575,213.71542524554496,214.36972045898438,539500,220.96022338867186
2021-07-29,213.89387070430917,217.35369088746418,213.7451741158874,214.17144775390625,373100,217.49248046875
2021-07-30,212.8232106970111,214.70678654280357,212.69434536216013,214.49859619140625,342100,216.26914978027344
2021-08-02,215.46021825367362,216.09468227547976,212.82322101777305,214.56800842285156,311900,214.97643127441407
2021-08-03,214.55808875458115,215.20247597792394,212.84305576739985,213.90380859375,272500,214.30231628417968
2021-08-04,213.4180366814195,213.97319080711227,209.7896884825932,212.0301513671875,305400,213.83440246582032
2021-08-05,211.9310124771032,213.91371444816923,211.4551682395557,213.01158142089844,468200,213.60242919921876
2021-08-06,212.26806598085707,213.13055161556275,209.75994922360908,212.0598907470703,460600,213.11468811035155
2021-08-09,212.51588957150264,213.08096685063586,211.22714549095247,212.5357208251953,331300,212.7082305908203
2021-08-10,212.6249482722682,212.8926172652228,209.6013248387146,210.1267547607422,290500,211.95281982421875
2021-08-11,210.28536397293115,211.00906107597623,208.73885887224725,209.90866088867188,259800,211.5285217285156
2021-08-12,210.1664032233992,210.5133821096356,208.11429947822396,208.48110961914062,288500,210.62242736816407
2021-08-13,208.01516629452908,208.59015164593328,206.90485809971526,207.6285400390625,583900,209.7361572265625
2021-08-16,207.21218234136367,208.8479053781635,205.85402123700177,208.7785186767578,491200,208.984716796875
2021-08-17,208.80826529465463,210.35477042935796,206.9246893246624,209.72030639648438,344100,208.90342712402344
2021-08-18,208.88756333122063,209.33366822908835,206.78588905109967,206.9048614501953,519600,208.30266723632812
2021-08-19,206.81563070773078,210.65216917713042,206.37943386868255,210.00778198242188,520500,208.60800170898438
2021-08-20,210.6125095151144,212.27798700246572,209.37332080871008,211.19740295410156,528400,209.3217742919922
2021-08-23,211.6732663057228,213.5171797407439,210.14657731958746,212.83314514160156,438400,210.13269958496093
2021-08-24,213.2693285449621,213.85422195810762,211.16765430552178,211.51463317871094,318400,210.49156494140624
2021-08-25,212.01031552167586,212.12927279551565,209.47245950099318,210.1267547607422,351300,211.1359436035156
2021-08-26,209.3534787416483,211.37584307706985,209.10564101316723,210.89007568359375,360700,211.31240234375
2021-08-27,210.63232958431288,213.23958732471024,210.19613276253233,212.8033905029297,342500,211.63359985351562
2021-08-30,213.2693200523688,215.13304942400802,213.021482331907,214.28048706054688,287200,211.92306823730468
2021-08-31,214.7960144158555,215.1925638828269,213.130552035022,214.38955688476562,524300,212.49805297851563
2021-09-01,214.92488504749787,217.93858522448207,214.70678663234867,216.62008666992188,467400,213.79671936035157
2021-09-02,217.02654396308702,218.8605492358569,215.60891939286466,218.59288024902344,395900,215.3372802734375
2021-09-03,218.05755671211733,220.1691239018788,217.62135988364014,218.32521057128906,347000,216.44164428710937
2021-09-07,218.49374358902105,219.0290815736739,216.40199247696177,218.3450469970703,280300,217.25455627441406
2021-09-08,219.0885762012494,221.34885532476403,217.82955616585133,220.793701171875,384800,218.53538513183594
2021-09-09,221.49752433390026,222.92507205024063,219.584224357704,219.9807586669922,390900,219.20751953125
2021-09-10,220.74410645077958,221.55702146203504,218.44418019368402,219.257080078125,424900,219.34035949707032
2021-09-13,220.75402969441348,221.79495125221348,218.14678689463943,219.16787719726562,413700,219.50889282226564
2021-09-14,219.16786400968533,220.90272812602475,217.68083762425155,220.03033447265625,462900,219.8459503173828
2021-09-15,220.2682647472206,223.01431104873348,219.52475155245398,222.3302764892578,396000,220.15326538085938
2021-09-16,222.36991983409686,223.2918840448158,221.31909029152482,222.78628540039062,376500,220.71437072753906
2021-09-17,222.4294096842209,222.57812140406236,215.618833440943,216.8778533935547,1188100,220.238525390625
2021-09-20,215.76753927927385,217.31405954708927,210.08710228004347,212.22842407226562,530400,218.850634765625
2021-09-21,212.74391465106538,214.28049648405226,211.14783905602752,211.87152099609375,404500,217.2188720703125
2021-09-22,211.47499949477472,214.88523417848322,210.64225317054715,213.01158142089844,357000,215.35513305664062
2021-09-23,212.8133079464531,215.8171001335123,212.59520952594983,214.60765075683594,341000,213.7194061279297
2021-09-24,213.67576646842767,215.94596850191226,213.67576646842767,215.88648986816406,363100,213.52113342285156
2021-09-27,214.43911664035605,214.51842652974906,211.85169011531542,212.04995727539062,440100,213.48544006347657
2021-09-28,209.66080303083805,210.23578835638438,203.3558108297478,203.8812255859375,582000,211.88738098144532
2021-09-29,204.46612927761393,205.2889523645913,203.16746197982584,203.95062255859375,345500,210.07518920898437
2021-09-30,205.17991678998632,205.66568422353257,202.66187678989382,203.2368621826172,435700,207.80103149414063
2021-10-01,204.38682673159434,206.5876270850384,202.46360343833103,204.8924102783203,344700,205.6022155761719
2021-10-04,203.6135762162219,203.97046317241026,202.53300728355708,203.5739288330078,632100,203.90700988769532
2021-10-05,203.9605479992345,206.54797455971124,203.16746422125723,204.8428497314453,328500,204.09933471679688
2021-10-06,203.2566858604517,206.785892853278,203.17737596853462,206.3893585205078,600300,204.5870819091797
2021-10-07,207.85655717325176,210.969398630581,207.43028351474968,207.81690979003906,374900,205.50309143066406
2021-10-08,208.16386458840185,209.13539939364043,203.97045437908125,204.1588134765625,389200,205.3563720703125
2021-10-11,203.1575519266246,204.84286071776992,202.6618764296561,203.0584259033203,378600,205.253271484375
2021-10-12,203.20711190402935,203.8118365838659,202.3049940429739,202.89979553222656,373300,204.86466064453126
2021-10-13,203.43512116975012,208.7586705659998,203.43512116975012,208.15394592285156,403000,205.217578125
2021-10-14,210.30518854831325,212.84304454337436,209.11557044148023,211.38575744628906,367600,205.93134765625
2021-10-15,211.49480461481724,212.6646065828018,210.72155209649475,212.6150360107422,340400,207.62259216308593
2021-10-18,211.98055667690076,214.50850440084315,211.62366976144048,212.5555419921875,367900,209.5220153808594
2021-10-19,213.1503716642231,213.804666950361,211.40559936133766,213.72535705566406,328100,211.68712768554687
2021-10-20,213.59647324340284,214.99426652697622,212.25814346719085,212.38702392578125,472700,212.53374328613282
2021-10-21,212.0796918250494,215.083498983575,210.8206870671288,214.2111053466797,414000,213.09881286621095
2021-10-22,214.37963963099887,217.14550208304075,214.11197064311907,216.85801696777344,343300,213.9474090576172
2021-10-25,217.07610713069002,218.89028108745495,216.80843815298655,217.62135314941406,457200,214.9605712890625
2021-10-26,219.04890692871084,219.08855430989155,213.47750444690408,213.8443145751953,537400,214.98436279296874
2021-10-27,213.33872697633473,214.64731752532066,209.89873788000972,209.9978790283203,477500,214.50653381347655
2021-10-28,210.15648594462306,210.85042855985301,206.50830671099138,208.88755798339844,738900,213.44182434082032
2021-10-29,214.02275200182854,222.82595311434997,212.5456336682032,220.74411010742188,866500,214.21904296875
2021-11-01,220.29800119044495,221.15056358105912,217.51230754402368,221.14065551757812,519900,214.92290344238282
2021-11-02,221.76520268434848,224.35262924785803,220.60532389750833,223.75782775878906,467000,216.90560607910157
2021-11-03,223.39102351710275,224.5013468875887,221.71563796075418,224.13453674316406,527400,219.73293762207032
2021-11-04,225.04657324033403,230.11237718924787,224.92761596716514,228.5361328125,467500,223.66265258789062
2021-11-05,229.51758083605793,231.74812051881204,229.51758083605793,230.64772033691406,560300,225.64337463378905
2021-11-08,231.5696542847204,231.5696542847204,229.84471339106085,230.70718383789062,524200,227.55668029785156
2021-11-09,230.18177622216874,233.5721946076591,229.83479734388496,231.55975341796875,633400,229.1170654296875
2021-11-10,230.20158761029518,231.83731046260976,228.55594156831665,229.6860809326172,487500,230.2273742675781
2021-11-11,230.27100323037575,231.549854458962,229.3391308937167,231.12356567382812,378800,230.74486083984374
2021-11-12,232.97737888571336,236.0109254676218,232.01576726409024,234.00839233398438,428300,231.4169952392578
2021-11-15,234.5139784101906,237.3294114789373,233.95882429824786,237.1410675048828,459500,232.70377197265626
2021-11-16,237.14106861886995,239.7483113444783,236.6751324598403,237.61691284179688,560400,233.9152038574219
2021-11-17,237.96388121994335,240.15477352898904,237.1212419678607,237.42855834960938,510800,235.4636993408203
2021-11-18,237.18069898699545,240.30344822073812,236.05055958435568,238.93539428710938,617000,237.02606506347655
2021-11-19,239.7978760285168,243.97147010267656,238.76687771635906,243.57492065429688,684700,238.93937072753906
2021-11-22,242.79176525921244,246.07313448969683,238.1621581290773,239.4112548828125,903800,239.393408203125
2021-11-23,238.05310477120653,240.46208028146532,236.99235201029057,239.8077850341797,725800,239.83158264160156
2021-11-24,239.21298689372813,243.43613648860202,237.75569978931648,243.26760864257812,511300,240.9993927001953
2021-11-26,242.8115647470072,245.96406842393753,237.68628249216107,238.93539428710938,509700,240.9993927001953
2021-11-29,240.02588465360657,244.04085898432004,238.54878143477495,242.3456573486328,612300,240.7535400390625
2021-11-30,243.00987540132675,244.0309657208905,236.73462175789723,237.83502197265625,2866800,240.43829345703125
2021-12-01,238.172052894403,240.32328252468315,234.7122328198156,236.0902099609375,750600,239.6947784423828
2021-12-02,236.41736386578143,239.90692335001702,234.83121146517587,238.6479034423828,828700,238.77083740234374
2021-12-03,239.322050496488,239.63927495313655,234.45451341626836,236.5462646484375,797300,238.2930114746094
2021-12-06,237.269939786052,239.31212038338484,236.0010117425284,237.96388244628906,926700,237.41665649414062
2021-12-07,240.7396580402082,243.1288174300996,240.07545472727853,242.16720581054688,675900,238.28309326171876
2021-12-08,243.02967294185362,244.04085511973344,238.67764299103214,240.82887268066406,599200,239.23082580566407
2021-12-09,240.35302271337795,241.31463429665808,238.26127170901174,238.4793701171875,412700,239.197119140625
2021-12-10,240.58102411729854,242.76200815311583,238.47936509385346,242.58355712890625,516300,240.40457763671876
2021-12-13,238.8560990911143,241.32455326282212,229.74558148694047,240.8189697265625,941200,240.97559509277343
2021-12-14,239.55996383100026,240.09530184365227,231.3020232873746,236.0109405517578,745700,239.7443420410156
2021-12-15,236.77425322702405,239.92675706017056,235.35662865358697,239.6293487548828,554500,239.5044372558594
2021-12-16,240.62071069169048,240.79914660693424,235.207927693731,237.8449249267578,797300,239.37754821777344
2021-12-17,237.05184627533487,242.9503968266859,236.04067914665967,240.0159912109375,2325900,238.8640350341797
2021-12-20,237.71602218736228,242.32581288120247,236.50658802367482,239.11383056640625,740600,238.52300720214845
2021-12-21,239.64918620234073,242.2564289374934,237.73587098610147,242.18704223632812,560500,239.7582275390625
2021-12-22,242.23661850858488,244.86369256022547,241.91937893346537,244.5960235595703,448400,240.7515625
2021-12-23,245.28004990354444,248.62089775996563,244.1994809999349,247.48085021972656,320500,242.67874755859376
2021-12-27,248.2144509029412,250.0484410488963,247.57006372180987,249.8204345703125,291500,244.63963623046874
2021-12-28,250.81179162640035,251.69409337131785,249.05709620046235,250.22689819335938,372400,246.86224975585938
2021-12-29,251.446258862436,254.35092506397294,251.09927997298718,253.71644592285156,325900,249.16813049316406
2021-12-30,254.11299178726514,254.80694959764472,251.88246713538788,252.1104736328125,223500,250.6710205078125
2021-12-31,251.80314599646465,253.6668906578068,248.204537140265,251.6247100830078,345500,251.49979248046876
2022-01-03,250.33594665653348,251.69409262031195,247.54032971077675,249.9294891357422,332600,251.5216033935547
2022-01-04,249.88983762466188,250.91092787829544,247.03474208924354,248.26400756835938,546500,251.1290252685547
2022-01-05,246.588646101257,247.67912309383854,241.3939615648446,241.40386962890625,498000,248.66651000976563
2022-01-06,241.2948062387891,243.80292283921287,239.0147112397235,239.72848510742188,658700,246.1901123046875
2022-01-07,239.2129837027207,240.37286248175286,235.6143749671594,235.65403747558594,478400,242.99597778320313
2022-01-10,233.6911642562152,235.66395816875266,230.9649490381596,234.55364990234375,430400,239.92080993652343
2022-01-11,234.08771287156492,236.58590646184868,231.520102324661,234.19676208496094,527600,237.10736083984375
2022-01-12,235.09888467533713,236.5561718621525,233.41359099298657,236.1893768310547,749900,236.06446228027343
2022-01-13,237.15097860309356,237.29967519683257,227.61418717864575,227.87193298339844,519000,233.69315185546876
2022-01-14,225.92886515122666,227.24736366981688,222.92507311985395,224.52114868164062,892100,231.4665740966797
2022-01-18,220.4764451807019,221.408317493787,216.61018252727968,218.19635009765625,826300,228.1951141357422
2022-01-19,218.84072034350396,220.70446495416758,214.97445772224955,215.361083984375,549800,224.427978515625
2022-01-20,216.67959103340675,221.0216980410538,214.3499101788856,214.6572265625,738500,220.12154846191407
2022-01-21,214.21111803070644,218.81098589675503,213.85423107873652,215.26194763183594,711000,217.59955139160155
2022-01-24,213.4775098955342,218.75150420924354,210.32502113609993,218.19635009765625,777800,216.3345916748047
2022-01-25,215.13304609627727,215.43045438159385,208.4513509371422,210.90989685058594,828900,214.87730102539064
2022-01-26,213.0809779974421,214.54817318435025,204.45622766130322,206.6272735595703,703100,213.1305389404297
2022-01-27,208.83797927963266,213.84430423145727,204.0993232999783,205.6458282470703,511400,211.32825927734376
2022-01-28,205.28896128823686,209.86899794256297,202.42395758156027,209.75994873046875,616700,210.2278594970703
2022-01-31,209.7500337759111,216.0252870435875,209.6905551397801,215.3015899658203,717900,209.64890747070314
2022-02-01,215.28177315735752,216.7489683089365,212.20857920124635,214.97445678710938,585700,210.46181945800782
2022-02-02,216.20372291919563,222.49880744023272,216.0550263288906,221.54710388183594,783700,213.44578552246094
2022-02-03,218.48384169270898,220.01051554482152,216.37225926651035,216.65975952148438,730700,215.64857177734376
2022-02-04,215.57917502068034,218.7316636459509,213.23958627369143,216.540771484375,574700,217.004736328125
2022-02-07,216.85800618151782,216.85800618151782,211.77237129882903,212.54562377929688,575900,216.45354309082032
2022-02-08,211.58402320927297,215.74770924585397,211.58402320927297,214.94471740722656,420300,216.44759521484374
2022-02-09,218.0971922243218,220.07989397181564,216.11449047682794,217.63125610351562,519100,215.6644256591797
2022-02-10,213.358550074351,215.48004047647757,209.958208491261,210.8801727294922,725700,214.50850830078124
2022-02-11,221.2695088764289,223.3116892272753,212.36718239115672,212.37709045410156,986400,213.67577209472657
2022-02-14,212.8232141041774,213.5369879963742,209.85908445293032,211.71290588378906,640500,213.509228515625
2022-02-15,215.0140926098315,216.56059756846722,212.35727950177815,214.42919921875,634200,213.4061248779297
2022-02-16,212.5357360986091,212.78357384372745,208.23327647379048,210.41424560546875,497100,211.9627227783203
2022-02-17,208.6198985489209,208.88756754376547,205.24929620711546,206.5677947998047,552200,211.10024719238282
2022-02-18,206.44882195802901,209.08581894456697,206.1018430972899,206.41908264160156,475800,209.9086456298828
2022-02-22,206.10186480662543,207.8763915500552,204.31744512576321,204.88250732421875,647000,208.54256591796874
2022-02-23,205.51696758379077,206.5083185557848,200.83778978583373,201.1847686767578,545500,205.8936798095703
2022-02-24,198.0620003039601,208.43153793127422,197.5960792725791,208.00526428222656,691800,205.41188354492186
2022-02-25,208.78841014258856,212.57536265095473,207.31129188077819,212.3374481201172,583000,206.56581420898436
2022-02-28,209.22461584037532,212.15900610867413,208.60005991676474,211.87152099609375,495100,207.65630187988282
2022-03-01,211.53446578273397,216.4614811033042,211.47498714736525,214.17144775390625,655400,209.51408996582032
2022-03-02,215.2123686695784,217.17525439230982,211.61377509820008,215.96580505371094,549900,212.47029724121094
2022-03-03,218.5829832081987,218.5829832081987,215.7080562877111,216.83819580078125,435300,214.23688354492188
2022-03-04,216.08475210044546,217.14548967402425,213.27922730032367,215.98561096191406,461700,214.96651611328124
2022-03-07,214.76625643431763,216.85800741952826,212.95208248845884,212.9917449951172,573300,215.19056091308593
2022-03-08,212.35728161448264,213.64602567495785,204.72386763085086,205.04110717773438,582800,213.36449279785157
2022-03-09,208.71901729276183,209.08582742159564,204.624748254841,207.77723693847656,813700,211.72677917480468
2022-03-10,205.10059943135275,206.87511099327943,201.6705184552581,206.47857666015625,785300,209.65485534667968
2022-03-11,209.0164278100237,209.0164278100237,202.11663376336975,202.3942108154297,438100,206.93657531738282
2022-03-14,202.46361175638862,204.48597628001028,196.81291404653263,197.7051239013672,615400,203.8792510986328
2022-03-15,199.09301588930256,202.6717934739472,197.4572777228273,202.62222290039062,820900,203.39547424316407
2022-03-16,205.78463454760063,207.52940679540987,199.3210220385827,204.56527709960938,735800,202.75308227539062
2022-03-17,205.3186783814424,210.85041802676068,204.35706683165614,210.8206787109375,809200,203.6215026855469
2022-03-18,210.62243579418976,220.1790586330317,210.26554883643985,218.84072875976562,2182100,206.91080627441406
2022-03-21,216.06493410241916,217.12568686788643,210.5827646205862,213.06114196777344,747400,209.9820098876953
2022-03-22,212.74390505052904,216.7786952690648,212.2878769896055,216.1938018798828,457000,212.69632568359376
2022-03-23,214.9645419716468,215.37099950217868,209.51211160450305,209.9978790283203,524600,213.78284606933593
2022-03-24,211.7426388299132,213.3486376024328,209.7500289314712,213.24949645996094,569600,214.26860961914062
2022-03-25,213.85423284895967,214.66713277989973,209.74013236667506,213.88397216796875,444600,213.27725830078126
2022-03-28,214.94470427767124,217.90883371688776,212.85295332343603,217.83944702148438,319900,214.23291931152343
2022-03-29,219.82215262408377,221.25960839464736,217.24463424962798,219.38595581054688,611100,214.87135009765626
2022-03-30,218.4739268289552,220.43679747109917,217.5222232627798,220.19886779785156,399100,216.9115478515625
2022-03-31,220.96222337536955,224.00567820060004,220.20880206241972,220.53594970703125,641900,218.36883850097655
2022-04-01,220.31783269492243,223.45049008851683,218.3450389293176,223.32162475585938,595800,220.2563690185547
2022-04-04,224.12460952896484,226.8210851418939,223.93625044083308,224.59054565429688,465800,221.6065887451172
2022-04-05,224.9375169040534,226.37498783443596,220.79367733393724,221.46778869628906,516700,222.02295532226563
2022-04-06,219.79241518490653,220.72427232646046,215.57917385051155,218.09719848632812,628700,221.60262145996094
2022-04-07,217.0364575265514,220.30791870656887,216.51104273004,218.79115295410156,433500,221.253662109375
2022-04-08,217.91876979106542,219.8816404068437,216.09467257429876,216.88775634765625,454300,219.96688842773438
2022-04-11,215.43047788870123,216.18391431062437,211.7525742436332,212.0004119873047,469500,217.44886169433593
2022-04-12,214.86541438106437,215.5890963526376,211.29654484336083,211.49481201171875,377500,215.4542663574219
2022-04-13,212.00041039481468,213.91371050071487,211.49481172036093,213.4676055908203,362900,214.52834777832032
2022-04-14,213.70553027677872,214.46885961241563,211.7426445161882,213.5369873046875,590100,213.4775146484375
2022-04-18,213.48743205289765,214.23094526163518,209.30392985492256,211.47499084472656,414600,212.39496154785155
2022-04-19,210.88018083715912,216.7192374810669,210.32502671085723,216.39208984375,356900,213.27329711914064
2022-04-20,218.09719702231428,218.93985133426253,216.8580084028693,217.53211975097656,428900,214.4807586669922
2022-04-21,217.96832021534135,218.8902844295907,209.97803428364762,210.71163940429688,519200,213.9295654296875
2022-04-22,210.2357993421046,210.40432718527234,203.8713130491264,204.06959533691406,592800,212.0360870361328
2022-04-25,204.50576968143767,209.45261609816455,204.15880594392382,209.34356689453125,655900,211.60980224609375
2022-04-26,208.34231472610165,208.34231472610165,203.6135665625086,203.8019256591797,801200,209.09176940917968
2022-04-27,204.55536784025253,206.43894387279428,201.2046116460624,201.84898376464844,515500,205.95514221191405
2022-04-28,204.2480423549352,207.72767886877017,202.62222734360859,206.61737060546875,1087400,205.13628845214845
2022-04-29,183.60811305453305,188.356677370334,176.60916275730042,177.14450073242188,2316200,199.75126953125
2022-05-02,177.22381706858587,179.44443355929906,171.6524143332722,173.48641967773438,1697400,192.57984008789063
2022-05-03,173.9820796294832,181.83357679241658,172.89158760956997,181.55599975585938,1545000,188.13065490722656
2022-05-04,180.3762928486844,185.12487212067143,177.2535435710053,184.8671112060547,987600,184.73428039550782
2022-05-05,182.55726088353487,182.55726088353487,172.51488662432152,174.22991943359375,1114800,178.2567901611328
2022-05-06,172.17782720082607,173.78382603973165,168.94602852196817,170.5619354248047,939800,176.94027709960938
2022-05-09,167.9745015574366,168.8369720134171,162.98800766217664,163.43411254882812,1194200,174.92981567382813
2022-05-10,166.59652622083303,167.86545419658611,163.42420628145032,166.23963928222656,1259600,171.86654357910157
2022-05-11,164.48494209817625,169.06497848758522,164.48494209817625,165.49612426757812,977000,167.99234619140626
2022-05-12,164.47503295541247,165.4267213571104,161.23331124722242,162.98800659179688,1140400,165.74396362304688
2022-05-13,165.5357825532508,167.15168949268002,163.05740510102962,163.6819610595703,1675400,164.36796875
2022-05-16,162.27423812188727,164.69313684074137,161.24322467115525,163.12680053710938,974800,164.30650634765624
2022-05-17,166.02154793991392,167.19133482211967,163.39447392356004,167.06246948242188,914100,164.4710723876953
2022-05-18,164.72288156641693,165.54570469053505,160.89626619947092,161.11436462402344,912000,163.59472045898437
2022-05-19,160.68807796959277,164.58409521728845,160.64843058588272,162.03631591796875,842300,163.40438232421874
2022-05-20,164.15779107451772,164.99052219589197,158.3088268446756,164.1280517578125,1649000,163.49360046386718
2022-05-23,165.26812744140625,166.16033726679458,163.31516481354373,165.26812744140625,610200,163.92186584472657
2022-05-24,163.56300224553866,166.18016820541965,162.680700485911,165.17889404296875,573400,163.54515075683594
2022-05-25,164.9310466112042,171.14682107333178,164.51468104282063,169.5011749267578,697500,165.2225128173828
2022-05-26,169.70935946878413,173.0898695980533,169.39211992649794,171.21621704101562,451100,167.0584930419922
2022-05-27,172.34636023271722,175.1717012251859,172.34636023271722,174.7949981689453,510300,169.19188232421874
2022-05-31,173.68468579631315,174.66612869592475,171.46406931902425,173.04031372070312,1080000,170.74631958007814
2022-06-01,173.94243087202295,175.29066866468278,170.56192076388714,172.86184692382812,815100,172.28291015625
2022-06-02,172.9510992732544,180.69354803571255,172.9510992732544,178.77032470703125,795100,174.1367401123047
2022-06-03,176.68847019726124,177.56086384725018,174.94369802409793,176.16305541992188,612400,175.12610778808593
2022-06-06,177.5906032905369,179.22632625861064,175.47902098932406,176.2225341796875,541400,175.41161499023437
2022-06-07,174.62646181315523,177.94749350875202,174.34888476044554,177.5311279296875,512400,176.30977783203124
2022-06-08,176.95614318858824,178.8595351824578,174.9932725584751,175.67730712890625,385500,176.87286987304688
2022-06-09,175.3898135368237,176.32168587815713,171.95974761761843,172.1084442138672,571800,175.54049377441407
2022-06-10,170.51236286716517,170.5718415036889,167.0327264891921,167.637451171875,504100,173.8353729248047
2022-06-13,163.69185290176594,164.85173161924294,160.58893492532053,161.26304626464844,668600,170.84347534179688
2022-06-14,161.85786937291292,162.62119869202965,158.55666898534534,159.7859344482422,519100,167.2944366455078
2022-06-15,162.3733523745221,168.8369642837444,160.07342622159757,162.46258544921875,647500,164.6514923095703
2022-06-16,158.725195639429,159.40923019121456,154.2244691401716,155.1563262939453,1155500,161.26106872558594
2022-06-17,155.15633888384244,157.82307548243688,153.90724207497456,156.17742919921875,1554000,158.96906433105468
2022-06-21,158.4079661786553,161.63978004931792,158.4079661786553,159.29026794433594,807200,158.5745086669922
2022-06-22,158.18987599292737,159.63723988732315,155.97915251609408,156.4054412841797,1244100,157.89841003417968
2022-06-23,158.79457013472643,163.0673049574628,158.30881790476298,162.4724884033203,653600,157.900390625
2022-06-24,163.12679183144982,168.1925954799688,162.5220671840089,167.80596923828125,1048400,160.4303192138672
2022-06-27,167.6176091287365,168.6882698976956,166.0711041714002,167.3896026611328,477500,162.67275390625
2022-06-28,167.5085795546846,169.14430265273313,162.25441623325668,162.8393096923828,529800,163.38256225585937
2022-06-29,163.0772188731385,165.43663879528773,161.6992417625049,164.82199096679688,564000,165.0658721923828
2022-06-30,163.76126109848144,168.36112876792188,163.5431626856654,165.88275146484375,841200,165.7479248046875
2022-07-01,165.56552014687634,170.4033177237697,161.44151160574373,169.33265686035156,535400,166.05326232910156
2022-07-05,167.71674348145615,170.8989866302377,165.36724661226435,170.8097686767578,625900,166.73729553222657
2022-07-06,171.9399120427745,175.994533817989,171.13692018957428,174.53724670410156,611100,169.0768829345703
2022-07-07,174.04157224031212,177.82854017105984,172.59420830870573,177.07510375976562,508000,171.52750549316406
2022-07-08,175.80617079828457,177.52121880339342,174.25966576335443,177.08502197265625,516600,173.76795959472656
2022-07-11,175.4393689240602,176.0440935744822,173.73424417620848,174.3191375732422,414000,174.7652557373047
2022-07-12,175.15186514999888,176.47036362758044,172.25712241325968,172.92132568359375,574200,175.18756713867188
2022-07-13,170.00678388590012,174.79501090297458,169.55075578230546,173.75408935546875,448200,175.03093566894532
2022-07-14,172.40584330888106,173.4170103629026,169.69944438743156,172.4851531982422,494100,174.11294555664062
2022-07-15,174.38853330576302,175.99451685739473,173.8631185604313,175.9449462890625,463400,173.8849304199219
2022-07-18,176.21263640642889,177.8880219801757,173.4765131517632,174.11097717285156,582300,173.84329833984376
2022-07-19,175.74669475106785,180.74311199715484,175.74669475106785,180.2474365234375,538900,175.3085205078125
2022-07-20,181.0702385420583,183.4990603848311,180.48534513274703,181.99220275878906,651600,176.95614318847657
2022-07-21,182.40856087048633,185.3826134933747,181.88314611725448,185.14468383789062,487000,179.48804931640626
2022-07-22,185.1447058968472,186.9886193478025,182.34910396419502,183.6973419189453,611700,181.0385284423828
2022-07-25,184.22274218823728,184.22274218823728,178.47290386091282,179.87071228027344,550400,182.1904754638672
2022-07-26,179.35522113714092,180.01942449204284,174.84457106096394,175.7467041015625,717200,181.2903289794922
2022-07-27,176.7082952999245,180.63405146140403,176.4703656418059,179.82113647460938,581400,180.85611572265626
2022-07-28,179.72200820409242,181.59566090634615,177.33286389589173,180.96119689941406,731100,180.01941833496093
2022-07-29,179.2858320185776,188.20799090002998,177.57078392005786,187.52395629882812,1397900,180.7847412109375
2022-08-01,185.84856492207015,191.76693133923618,185.15462227826825,191.44969177246094,868600,183.100537109375
2022-08-02,190.33938862281113,192.98629393062922,189.6553540246574,191.43978881835938,715200,186.23915405273436
2022-08-03,191.28115959545627,194.51297331986143,191.21177289605424,193.8487548828125,450600,189.044677734375
2022-08-04,193.84875385309297,195.5241393421162,192.976375322472,195.49440002441406,489200,191.951318359375
2022-08-05,192.1931882787884,197.28873114425565,192.12380158384872,196.98141479492188,527900,193.84281005859376
2022-08-08,198.3494966161124,198.94429810020213,195.49440108667432,195.9405059814453,470400,194.74097290039063
2022-08-09,196.11895367779843,196.11895367779843,193.51169592613965,194.54270935058594,481900,195.36155700683594
2022-08-10,198.3395888944357,198.69646070941604,196.69394271133498,198.12149047851562,442100,196.21610412597656
2022-08-11,199.26154197304,199.26154197304,195.2267363249535,195.57371520996094,433900,196.23196716308593
2022-08-12,196.98142306626838,200.80803818927603,196.43617703964532,200.34210205078125,389000,196.90410461425782
2022-08-15,200.09427479642375,203.53426384912348,197.01117269557463,202.562744140625,448800,198.22855224609376
2022-08-16,202.44377078588562,203.44502973360895,200.94682126908273,202.23558044433594,372900,199.76712646484376
2022-08-17,200.73866303583185,204.53553906000016,199.64817091987192,203.00885009765625,531300,200.74459838867188
2022-08-18,202.85021416409447,204.81309981656403,202.17610282012123,204.68421936035156,616600,202.56669921875
2022-08-19,202.52307985328704,202.52307985328704,198.13140238541362,199.72747802734375,606700,202.4437744140625
2022-08-22,198.2404381770051,198.76585293721772,193.8289297531379,194.31468200683594,542900,200.79416198730468
2022-08-23,194.16599624856164,195.3952768632027,192.3716534625071,192.50051879882812,338100,198.84714965820314
2022-08-24,192.43112516391068,193.39273675385115,191.65787266659154,191.7074432373047,307700,196.5868682861328
2022-08-25,192.82766244591392,193.00611347786688,190.36911639418184,192.9268035888672,355300,194.23538513183593
2022-08-26,193.1151711214647,193.2539596515741,185.70977819839402,185.88821411132812,408800,191.4675323486328
2022-08-29,184.08396015457245,185.61063396035388,181.92280721963874,182.48788452148438,445400,189.1021728515625
2022-08-30,182.4284104975978,183.15209247321505,178.423344091037,180.17803955078125,439700,186.63767700195314
2022-08-31,181.4866210113661,181.98229647362234,178.88927130290952,180.6439666748047,966100,184.42498168945312
2022-09-01,179.56341338051826,183.14219113365678,177.42209156730618,180.85215759277344,489400,182.0100524902344
2022-09-02,181.55601605286654,183.93525233029948,178.6910123544476,179.88063049316406,467700,180.80853576660155
2022-09-06,180.27718192240204,182.33917865101932,178.37377472752905,180.71336364746094,441900,180.45363159179686
2022-09-07,181.94263423379783,185.67010826980544,181.61548661300876,184.91668701171875,689100,181.40136108398437
2022-09-08,183.59819543891842,188.00970420170898,182.30943616083633,185.70977783203125,453900,182.41452331542968
2022-09-09,186.16578834826112,189.15967245443474,186.16578834826112,188.91183471679688,423000,184.02645874023438
2022-09-12,188.60452486797683,190.10145940944884,185.8684015954406,187.4049835205078,738900,185.5313293457031
2022-09-13,182.5572842060139,182.87452379315312,176.64884060029905,177.20399475097656,732200,184.82945556640624
2022-09-14,178.17550839273554,180.53492857886386,175.54843433182296,176.7975311279297,614000,183.20562438964845
2022-09-15,176.3117698460278,177.0651911109982,172.88168895502127,173.1096954345703,838600,180.68560791015625
2022-09-16,172.2373229621995,174.6859610680847,170.44296500009185,173.5161590576172,2255300,177.60647277832032
2022-09-19,172.91141720019183,175.3699631261231,172.81229118912532,174.74542236328125,854600,175.074560546875
2022-09-20,173.58556014354073,174.35881268663593,171.6524136589875,173.21875,905900,174.2775115966797
2022-09-21,175.66737250610882,180.5745563254457,174.7156841345162,175.1915283203125,1059100,173.95631103515626
2022-09-22,173.7639958726511,175.48895199678512,173.07996128675632,173.12953186035156,602400,173.9602783203125
2022-09-23,172.86186569548747,173.93252657005587,169.65980626275297,172.19766235351562,627800,173.6965789794922
2022-09-26,172.34636828440566,176.66865902084925,171.7515516651424,171.88043212890625,803600,173.1235809326172
2022-09-27,173.27821303804262,175.37988718233973,170.0959851956696,171.0377655029297,550200,172.68738403320313
2022-09-28,173.03039188443884,176.3712549441384,172.48516095164607,175.75660705566406,659900,172.80039978027344
2022-09-29,174.37861703258216,174.76524327800698,172.59419751635332,174.6462860107422,769900,173.10375061035157
2022-09-30,174.96354006118787,177.3923469389811,171.9894871185475,172.19766235351562,762200,173.10375061035157
2022-10-03,173.27821950106758,178.46299566956614,172.91142450368244,177.7492218017578,565000,174.2775085449219
2022-10-04,173.46659315529365,182.06160448088187,173.46659315529365,181.87326049804688,1061000,176.44460754394532
2022-10-05,181.0107656027594,183.53871354046507,178.64143744685202,182.27969360351562,797700,177.7492248535156
2022-10-06,182.54736858378882,183.43957841375112,179.2065206266807,180.50518798828125,663000,178.92100524902344
2022-10-07,178.5224707260571,179.11727218609977,175.51867872873973,176.32167053222656,731800,179.7458068847656
2022-10-10,177.20397010418893,177.20397010418893,173.55580612039716,175.45919799804688,437800,179.28780212402344
2022-10-11,175.49885551663908,176.01436224041436,172.40584542761712,173.3773651123047,647300,177.588623046875
2022-10-12,173.99199461966214,175.1419653179329,173.23857336569918,174.1605224609375,522600,175.96478881835938
2022-10-13,169.52101027761591,177.07509957923068,167.7762380736283,175.32041931152344,723300,174.9278350830078
2022-10-14,177.61043586666065,178.10611133059297,172.30670235185906,172.57437133789062,531900,174.17837524414062
2022-10-17,176.1927891757887,179.6327779689935,176.08373997298224,177.99705505371094,419400,174.68594665527343
2022-10-18,182.220207521759,183.11243241280786,179.3155566294815,181.30816650390625,670900,176.27210693359376
2022-10-19,179.74183345497337,181.2288598396896,178.88927105599683,180.52500915527344,584000,177.54500427246094
2022-10-20,180.9116476080445,182.25988555949692,177.03546160676677,177.1246795654297,696800,177.90585632324218
2022-10-21,175.52860495091005,178.11603165582926,172.9015308619454,177.60052490234375,820200,178.9110870361328
2022-10-24,179.23626018671408,181.33791942346755,177.45182539757647,180.6241455078125,548600,179.43650512695314
2022-10-25,181.7939556725434,186.3145139229571,181.7939556725434,186.195556640625,531500,180.4139831542969
2022-10-26,184.92659649403316,188.4558185240989,182.9438946268751,183.3900146484375,593200,180.9869842529297
2022-10-27,182.80511296561536,185.3826315404331,181.9426424615964,184.18309020996094,830500,182.39866638183594
2022-10-28,193.50179468391835,201.90844651888284,192.15355678452465,201.6110382080078,1400500,187.20076904296874
2022-10-31,200.6196648994365,201.22438951766023,198.21068961611437,198.7261962890625,991900,190.82117919921876
2022-11-01,200.30245232554398,201.23432459162578,195.15733873540495,195.26638793945312,587100,192.63534545898438
2022-11-02,194.5724560467709,194.72115263919812,184.9067842418093,184.99600219726562,689400,192.95654296875
2022-11-03,182.50771662099606,183.4693282561992,178.45307972411467,178.63153076171875,500900,191.84623107910156
2022-11-04,180.18794571931346,180.46552277900864,173.76399570994394,175.16180419921875,858800,186.55638427734374
2022-11-07,176.2721051325527,176.97597094341842,173.68467861941576,176.3415069580078,592700,182.0794464111328
2022-11-08,177.56087114294473,182.23014082276987,176.36132982492268,179.16685485839844,620100,178.8595397949219
2022-11-09,177.97723614821555,180.2969937577875,176.58935085876612,176.7777099609375,603500,177.21588134765625
2022-11-10,184.93651421397084,189.71481770653227,184.79772569244784,189.46697998046875,865900,179.38297119140626
2022-11-11,188.59461464132843,191.60831494492226,188.10884721866753,190.72601318359375,576000,182.49581298828124
2022-11-14,189.41742800950752,191.9255446331094,188.62434424620085,188.8027801513672,541600,184.98806762695312
2022-11-15,193.5612748701563,194.99873073627458,191.31090395626006,193.83885192871094,520000,187.92246704101564
2022-11-16,193.93799286248955,196.01982079936374,192.3716565327565,195.8413848876953,473900,191.73520202636718
2022-11-17,193.04575809022634,194.8797633208556,191.45960571342547,193.85867309570312,537000,192.61354064941406
2022-11-18,195.46465863607477,196.2280030782446,191.16219928350773,192.56991577148438,458800,192.9823211669922
2022-11-21,192.82766456973658,194.889676325996,192.82766456973658,193.8190155029297,431100,193.98556823730468
2022-11-22,195.35560759854116,196.5749649804246,193.31342714742786,195.95042419433594,453200,194.4078826904297
2022-11-23,196.62453951233456,198.5775020514666,196.18834268353953,197.58615112304688,402300,194.7568359375
2022-11-25,196.28747767998266,197.34823040104328,194.2056347447723,197.1499481201172,282000,195.41509094238282
2022-11-28,196.38662120300037,197.79433767913162,195.23665051766014,196.03964233398438,488200,196.10903625488282
2022-11-29,195.1870731207196,195.64310117889397,191.78674688126284,193.27377319335938,381100,195.99998779296874
2022-11-30,193.47205697273745,201.00631519220838,189.60577915287413,198.0818328857422,2729300,196.42626953125
2022-12-01,201.24424616050186,203.60366630089553,199.97531813377296,202.80067443847656,780700,197.46917419433595
2022-12-02,198.9641199461281,201.20458263135274,197.5762347553984,200.35202026367188,593400,198.10958862304688
2022-12-05,198.48828425253234,198.62707277754635,194.83019690353154,195.5836181640625,688900,198.0183837890625
2022-12-06,195.385346345295,196.00990225637491,192.1535478388406,195.7422332763672,609100,198.51207580566407
2022-12-07,196.31722535962632,197.48702733430272,193.94789721904547,194.2948760986328,527400,197.7546844482422
2022-12-08,194.76080035093435,196.6443609703745,193.194464146842,195.69265747070312,642100,196.3330810546875
2022-12-09,195.60344022562873,197.2292550680211,192.6095563246671,195.9603271484375,470900,195.45474243164062
2022-12-12,195.39528001357314,197.98270662089348,193.6207533264557,197.96287536621094,852200,195.93059387207032
2022-12-13,207.34104306545575,207.34104306545575,198.15123074228958,200.59986877441406,745700,196.9021209716797
2022-12-14,200.35202225667481,202.12653370581793,195.87111196846575,199.12274169921875,741800,197.86769409179686
2022-12-15,200.65934594200263,200.94683105672118,196.4163651596894,197.9430389404297,917600,198.3177703857422
2022-12-16,196.05948553324382,200.05462873140053,194.49314918573887,198.91456604003906,6831000,198.9086181640625
2022-12-19,199.0136967206733,201.11535582553637,196.8128964733182,198.75595092773438,853300,199.06723327636718
2022-12-20,197.1400494657098,201.94810759817216,196.76333126614765,200.9864959716797,791100,199.14455871582032
2022-12-21,201.56147106756808,203.81182670607302,200.76838732685331,203.03857421875,647500,199.92772521972657
2022-12-22,200.8477089889525,202.542910646388,198.38914773591415,201.67051696777344,402800,200.6732208251953
2022-12-23,200.08435520493538,202.11662758792062,198.39906168983092,201.9580078125,360200,201.2819091796875
2022-12-27,202.0472317513803,203.46487145514106,200.53046603015483,202.30499267578125,383900,201.99171752929686
2022-12-28,202.01748521148266,204.01009507502312,199.2516228560122,199.39041137695312,350300,201.67250061035156
2022-12-29,199.91584137344853,204.12908301982264,199.80679216105798,203.60366821289062,267300,201.7855194091797
2022-12-30,201.79938717764836,203.83165955197845,200.4015787754842,203.6631317138672,345800,202.18404235839844
2023-01-03,204.93207161670142,208.0647442800546,199.46973327394483,200.173583984375,842000,201.82715759277343
2023-01-04,201.8886053779263,205.1005877498197,200.9468250452866,203.78208923339844,771600,202.12257690429686
2023-01-05,202.87997363015575,202.87997363015575,197.99262052050807,198.30984497070312,471300,201.90646362304688
2023-01-06,200.33221174809438,204.0200386755313,198.16115063939827,203.53427124023438,546000,201.89258422851563
2023-01-09,203.7325302060584,207.93586371926702,203.37564325562735,206.44883728027344,793000,202.44972534179686
2023-01-10,204.70406949280675,206.8057287317452,204.44630855660944,206.2010040283203,595000,203.65520935058595
2023-01-11,207.202251564058,209.9582059277466,206.63718940227312,209.83924865722656,581000,204.86664123535155
2023-01-12,209.22461397425693,211.17757649010844,207.49965793371587,211.0982666015625,367600,207.42432556152343
2023-01-13,209.7500411595101,212.684431575246,209.7500411595101,212.0598907470703,453400,209.12944946289062
2023-01-17,212.04004555831443,214.9942670349336,211.1874831705474,212.62493896484375,580600,210.3646697998047
2023-01-18,213.32881498585104,215.71797442409837,209.958212653928,210.483642578125,575000,211.22119750976563
2023-01-19,208.84791285827365,211.8417971066645,208.20354076053187,209.8095245361328,582200,211.2152526855469
2023-01-20,210.41424182258567,213.4081259652987,208.85781355035294,213.05123901367188,588200,211.60584716796876
2023-01-23,212.74392398476348,216.57053932993574,210.5728629424994,213.6460418701172,748500,211.92307739257814
2023-01-24,213.1602895764995,215.49987846826517,211.79222039878454,213.6460418701172,540900,212.1272979736328
2023-01-25,211.9805731363748,213.34864227300005,210.1366597844596,213.09088134765625,350700,212.64874572753905
2023-01-26,214.23093592927518,216.06492602151292,213.88395706292016,216.0054473876953,351700,213.88793029785157
2023-01-27,215.0636686312835,217.70066567981263,214.7266129526393,216.6300048828125,374700,214.6036834716797
2023-01-30,216.01536153087994,217.93858475478808,213.99301229009063,214.32015991210938,347100,214.73850708007814
2023-01-31,215.36107070715354,216.25328044880206,214.2606706248196,216.1640625,409000,215.2421112060547
2023-02-01,215.34125592325708,219.50492691407612,214.6671294070742,218.82089233398438,508300,216.38811340332032
2023-02-02,220.97213112673046,222.61777741178526,219.3562392882489,220.44671630859375,379300,217.2763671875
2023-02-03,217.1851467190532,218.2558074556518,214.84555810059263,215.84681701660156,497100,217.1197296142578
2023-02-06,214.280506748259,215.19256295495285,210.9198275550963,211.88143920898438,548700,216.63198547363282
2023-02-07,210.93966384862046,214.42922359219756,208.7785259368813,213.99302673339844,672500,216.1977783203125
2023-02-08,212.37712171093563,213.15037428521936,209.6310903165144,210.52330017089844,482800,214.53825988769532
2023-02-09,211.9409197387463,212.76374286884078,205.3682730157857,206.29022216796875,937800,211.70696105957032
2023-02-10,201.73991971022093,209.74012919252456,196.1288696642578,208.3621368408203,1374900,210.21002502441405
2023-02-13,208.83799252385472,211.2073206639415,207.62854316764492,211.02886962890625,723500,210.03951110839844
2023-02-14,210.9000117398503,213.4775151972052,210.02761804179596,211.97067260742188,582800,209.63504028320312
2023-02-15,210.69182076412545,212.1491079023852,208.60006960917417,211.7327423095703,624900,209.8769287109375
2023-02-16,208.4315320134797,209.7698618131625,205.45747923801983,205.62600708007812,507700,209.74408569335938
2023-02-17,204.92215496144377,204.98163359624675,202.0868907302566,202.939453125,767100,208.6595489501953
2023-02-21,201.51190324338359,203.63339358078582,200.86751607729093,202.10670471191406,668100,206.87511596679687
2023-02-22,203.1674759633682,203.42522177721096,200.1834997780358,201.2640838623047,685900,204.73379821777343
2023-02-23,201.93817743353688,202.68169061637525,199.12274447829108,200.2528839111328,519500,202.43782653808594
2023-02-24,197.80426268059819,197.80426268059819,195.23666723582207,196.66421508789062,640800,200.64546813964844
2023-02-27,198.03225863451976,198.29992762424123,195.96033879715617,196.5650634765625,405500,199.37059020996094
2023-02-28,196.47584714965137,197.26893093480797,194.81036968814107,195.1276092529297,631100,197.97477111816406
2023-03-01,194.88967315799025,197.12021272141644,194.00737144686312,194.57244873046875,514500,196.63644409179688
2023-03-02,194.19572721515442,195.7620634525272,193.08541904762507,195.29612731933594,406800,195.6450927734375
2023-03-03,196.3172264270147,199.08310403456431,195.7422410637004,198.9244842529297,543900,196.0971466064453
2023-03-06,199.19213097705241,200.81796099030967,197.91329495964655,198.10165405273438,379300,196.4044647216797
2023-03-07,198.0421964051403,199.29129323777522,195.51424829276422,196.23793029785156,481400,196.62652893066405
2023-03-08,195.64311956917604,197.03100487353393,194.58236677263335,196.61463928222656,500000,197.03496704101562
2023-03-09,197.14004346103485,198.27018289848363,193.6901465141093,194.3939971923828,348600,196.854541015625
2023-03-10,192.76818569489626,192.76818569489626,188.91183117463171,189.54629516601562,507500,194.9789031982422
2023-03-13,189.15966903146867,191.41003988400678,187.960142874024,189.60577392578125,492600,193.27972717285155
2023-03-14,191.38029231392477,192.35181195048514,189.10018224187095,190.3988494873047,564000,192.11191101074218
2023-03-15,188.52520152902548,190.48807210353795,187.85109016827323,190.240234375,522900,190.83703002929687
2023-03-16,189.66526962435694,193.62075020469604,189.49672665249537,192.50051879882812,456900,190.45833435058594
2023-03-17,191.3703723698268,194.16598918753704,190.79540215554871,191.67770385742188,936200,190.88461608886718
2023-03-20,191.81650380135684,196.65428622779925,190.7755822619957,196.46592712402344,1384200,192.25664672851562
2023-03-21,196.3172263052387,199.7076447197973,196.24783960507597,198.86500549316406,913400,193.9498779296875
2023-03-22,197.99261371198136,200.52056166964803,195.37544779890433,195.4547576904297,539100,194.99278259277344
2023-03-23,197.0408981344961,200.95674626503572,196.35687872454633,198.8848114013672,675800,196.26964111328124
2023-03-24,198.5576820881915,200.3421168861802,197.784429530199,200.13394165039062,528600,197.960888671875
2023-03-27,200.13392621108673,202.5329935939898,200.13392621108673,202.1661834716797,715400,199.10093994140624
2023-03-28,201.16491992629966,202.51315773602659,200.57011847092295,202.3545379638672,527400,199.79884643554686
2023-03-29,203.6334125110111,205.3682767607604,203.50453204044868,203.59375,444400,201.42664489746093
2023-03-30,204.11914630542813,204.51569574549183,203.4351268840953,204.3174285888672,762000,202.51316833496094
2023-03-31,205.34843438095564,209.8293448930731,204.94197686259753,209.502197265625,904200,204.3868194580078
2023-04-03,208.56042161566504,211.8715302203695,208.19361147104684,211.49481201171875,533900,206.25254516601564
2023-04-04,211.51464456405503,212.10946119959274,210.42415244117439,212.0004119873047,540100,208.1817199707031
2023-04-05,212.1490898021816,212.50597672654757,210.1366487118668,210.6025848388672,546300,209.58348693847657
2023-04-06,209.5517618401008,211.21722412109375,208.1936007965136,211.21722412109375,257000,210.96344604492188
2023-04-10,209.0065146873894,210.82068867239354,208.37205070849294,210.7413787841797,275400,211.2112823486328
2023-04-11,209.46253031975522,212.74391458853557,208.4910106486135,211.84178161621094,414200,211.28067626953126
2023-04-12,213.14045140750483,214.0029218819219,210.5331936031951,210.76121520996094,320600,211.0328369140625
2023-04-13,210.8405150094891,215.39082741437417,210.8405150094891,214.99427795410156,364400,211.9111755371094
2023-04-14,213.89387183536675,215.0636738021243,213.2098523981949,214.58782958984375,248000,212.58529663085938
2023-04-17,214.72662986469678,215.90632483286524,214.28050981903243,215.25204467773438,306400,213.4874298095703
2023-04-18,216.8282757678209,217.3933379297571,215.26193948935733,216.0847625732422,302200,214.33602600097657
2023-04-19,214.86540449675215,215.9360653088103,213.55681401752065,213.7550811767578,306800,214.93479919433594
2023-04-20,213.62622525386783,213.92361844241728,212.18875425074074,213.4081268310547,337900,214.61756896972656
2023-04-21,214.09216173604415,215.7972714845807,213.72535159159668,215.67831420898438,503400,214.83566589355468
2023-04-24,215.79726687858766,216.18390826965378,212.70425676457864,213.77491760253906,259400,214.5402404785156
2023-04-25,213.41801869474895,213.41801869474895,210.84050032633135,210.9892120361328,309800,213.52113037109376
2023-04-26,211.12801427129492,211.92109806131455,209.36341078007914,210.3646697998047,400400,212.84304809570312
2023-04-27,210.14657242235677,215.4007355396468,210.14657242235677,215.02401733398438,524600,213.16622619628907
2023-04-28,210.3547546056578,220.00059484332763,210.3547546056578,219.8816375732422,753300,214.00689086914062
2023-05-01,218.44420647277047,219.1381491714618,215.2817942528596,217.50241088867188,465000,214.75238952636718
2023-05-02,217.5023809447089,218.20624673800378,215.01409563667679,217.7105712890625,500900,216.09666137695314
2023-05-03,218.47392294562258,224.54098580085298,218.47392294562258,220.65489196777344,748500,218.1547058105469
2023-05-04,220.42688621763884,221.18030748179822,218.59288093907938,218.8605499267578,398200,218.92201232910156
2023-05-05,219.02908490402277,221.02169490053592,216.28303849199625,217.5916290283203,470800,218.4640106201172
2023-05-08,217.730408213379,218.56313935885365,217.2644720690936,217.96832275390625,390500,218.55719299316405
2023-05-09,216.87784633948908,218.17651363239622,215.92614279462987,216.0847625732422,390700,218.23203125
2023-05-10,217.78987421128352,221.72553836016158,216.85800197678452,221.0117645263672,427800,218.30340576171875
2023-05-11,221.5371936607993,221.5371936607993,218.10711278528782,218.56314086914062,335000,218.24392395019532
2023-05-12,218.97952191532613,220.92257653228216,217.54206598983333,220.80360412597656,286300,218.88631896972657
2023-05-15,220.4863724414946,224.57073358941048,220.31784459213856,224.13453674316406,439500,220.11956176757812
2023-05-16,222.7664941433474,224.4914352353075,221.3092069352194,222.528564453125,291000,221.4083221435547
2023-05-17,223.58928566030852,223.58928566030852,220.5954166952943,222.02296447753906,348500,221.61056213378907
2023-05-18,221.57684401286966,224.38236899916535,221.09109173154778,223.96600341796875,318000,222.69113464355468
2023-05-19,224.7590806826625,225.86938886699903,224.08495419444782,225.443115234375,492300,223.61903686523436
2023-05-22,225.03665027173585,227.73312588161278,224.65002403272922,226.56332397460938,510800,224.10479431152345
2023-05-23,225.12586996806277,226.78142413905977,220.94236800233324,221.09107971191406,368600,223.81729736328126
2023-05-24,219.80232818241964,221.4083118394715,219.04890692547988,220.1195526123047,320000,223.43661499023438
2023-05-25,221.0316233948366,223.43069097551248,219.93122319082096,221.91392517089844,385200,223.0261993408203
2023-05-26,222.3699229751104,226.28575609308407,222.3699229751104,224.035400390625,450400,222.74465637207032
2023-05-30,225.3043255658491,225.85947965519486,222.6375891974855,222.90525817871094,456100,222.01304321289064
2023-05-31,222.86559191949996,223.39100668284394,220.42687719281167,221.38848876953125,1228300,222.07252502441406
2023-06-01,221.78502799981703,222.65742164593544,219.96094594594626,221.3488311767578,466400,222.3183807373047
2023-06-02,221.30917765517438,225.37370721937907,221.30917765517438,225.0069122314453,540100,222.93697814941407
2023-06-05,223.85693664541694,225.0762939751667,222.3699103463223,223.01429748535156,427100,222.73275756835938
2023-06-06,222.80612088543688,225.2448508221171,221.7949387041973,222.41949462890625,376000,222.63560485839844
2023-06-07,221.74536977383275,223.103530840367,218.0773743414507,218.92002868652344,470400,222.14191284179688
2023-06-08,218.92002275444807,220.19885876953506,217.4329963929535,218.602783203125,432300,221.59270324707032
2023-06-09,218.4243738377101,220.50620192064198,218.14679675998585,219.058837890625,379700,220.40308837890626
2023-06-12,219.6437079534372,222.55828208567357,219.25708169876185,221.973388671875,434400,220.19490661621094
2023-06-13,222.77638443117215,223.9759105974709,220.8729924417247,221.51736450195312,354700,220.0144805908203
2023-06-14,221.39841099501174,221.89408647340647,217.83946469057315,218.88037109375,527700,220.0065490722656
2023-06-15,218.30538524670803,223.50005420782654,217.8790964998143,222.76646423339844,513600,220.83928527832032
2023-06-16,223.80738338531427,224.10479169349657,221.40831591912286,221.7552947998047,1051100,221.37857666015626
2023-06-20,220.30792113291483,222.4492428517985,219.05882436030703,219.77259826660156,485500,220.93841857910155
2023-06-21,219.03899500759923,219.15796741089167,216.9968144183948,218.4541015625,548200,220.32576599121094
2023-06-22,218.11703043771692,218.6721845244407,216.79853191834076,218.3648681640625,384900,220.22266540527343
2023-06-23,216.29294583977625,220.53594187795497,215.95589014280233,219.41571044921875,764200,219.5525146484375
2023-06-26,219.02907449190826,220.36738915663912,217.3834283357242,217.5519561767578,344800,218.71184692382812
2023-06-27,217.64117393511032,220.66479726111217,217.26447087241215,219.52474975585938,444300,218.6622772216797
2023-06-28,219.5247732487673,221.6066013237786,219.366153454438,220.88291931152344,294400,219.14804077148438
2023-06-29,219.54457442404365,221.11089551628464,218.06745615451862,221.00184631347656,271700,219.6754364013672
2023-06-30,222.16175775591958,224.83840234146248,221.55703306097564,224.0155792236328,374400,220.59541015625
2023-07-03,222.7862912398376,223.58928307636666,220.84325187953772,220.98204040527344,243900,221.28142700195312
2023-07-05,220.15922122371182,221.1505721756593,219.08856038039076,220.52601623535156,451500,221.48168029785157
2023-07-06,218.52347470814126,221.35873892720184,218.3450388044955,221.20013427734375,404200,221.5451232910156
2023-07-07,220.62515738127234,221.93373277189917,218.90020127923032,220.52601623535156,354700,221.44995727539063
2023-07-10,220.02042389477378,223.16300447152736,219.6932762784991,223.14317321777344,377600,221.27547607421874
2023-07-11,219.08856501769935,219.71312097122666,210.29528672838438,211.88143920898438,1060500,219.45535583496093
2023-07-12,214.50853342686128,215.99555992135902,212.68443609723076,213.96328735351562,610400,218.14281005859374
2023-07-13,214.1119650274913,215.4998653757727,213.42793048019166,214.5382537841797,422500,216.81043395996093
2023-07-14,213.8443218487146,215.44039749648618,213.83439865797092,214.75636291503906,310800,215.65650329589843
2023-07-17,214.5878318258344,215.4998728783817,213.02149552032438,213.44776916503906,297200,213.71742248535156
2023-07-18,212.7637350328377,214.09215679587618,211.5146382874534,213.5964813232422,398700,214.06043090820313
2023-07-19,214.96453414236026,215.92614576405137,211.69307301586178,213.15036010742188,538800,213.89784545898436
2023-07-20,212.6051258765144,214.13179964410446,211.01895834694332,211.7525634765625,469500,213.34070739746093
2023-07-21,212.55556105135855,213.3387216469126,211.5542869096068,212.04005432128906,468100,212.79744567871094
2023-07-24,212.75382337454417,213.54690714272235,209.90865105027524,210.0474395751953,388900,212.11737976074218
2023-07-25,209.59140436549913,210.7116357172149,208.94703233459833,209.224609375,517300,211.24300537109374
2023-07-26,209.05608096373064,210.11681855231956,207.83670847515833,209.01641845703125,653800,210.4162170410156
2023-07-27,211.30643829804018,211.81203693823423,206.9940709588478,207.63844299316406,564600,209.59339294433593
2023-07-28,206.5182391695577,212.60513345657097,204.17865029977455,206.47857666015625,653300,208.48109741210936
2023-07-31,206.4190892531785,209.25435348231733,206.4190892531785,209.12547302246094,517700,208.2967041015625
2023-08-01,207.78715942032707,210.57285309244406,207.0337230380164,209.5715789794922,532800,208.36609802246093
2023-08-02,207.77724306129758,207.77724306129758,204.85276076894212,206.09194946289062,488500,207.7812042236328
2023-08-03,206.23072336274367,206.7759693747675,205.36825293351495,206.32986450195312,419900,207.5194885253906
2023-08-04,208.36214009881357,208.36214009881357,203.10799204703375,203.33599853515625,444000,206.89097290039064
2023-08-07,202.94936244192235,205.25921191086246,202.94936244192235,203.4747772216797,497500,205.76083374023438
2023-08-08,203.14764005130573,203.4648796242857,200.5602134005976,201.4524383544922,430000,204.1370056152344
2023-08-09,202.11663482057753,204.2381252305981,201.55155752297594,202.84031677246094,367400,203.48667907714844
2023-08-10,204.05967777604513,205.1997404550173,201.48217435865945,202.2058563232422,388800,202.66187744140626
2023-08-11,201.89852458589513,204.97170324898931,201.32353925818524,204.1786346435547,341400,202.83040466308594
2023-08-14,204.6643974626897,206.49840274278301,203.6532152736925,206.458740234375,329400,203.427197265625
2023-08-15,206.16134194971045,207.69792375913391,203.73252011816618,204.34716796875,386500,204.00614318847656
2023-08-16,203.65322235981512,205.91351648646022,202.90970913284966,203.0980682373047,316400,204.0576934814453
2023-08-17,202.9295364909248,203.67304970361272,199.33094282774954,199.37059020996094,435100,203.49064025878906
2023-08-18,198.35941357232977,200.837791017514,198.35941357232977,199.59860229492188,305000,202.5746337890625
2023-08-21,199.36066377838466,201.05586527611243,199.0533323055978,200.1834716796875,222000,201.319580078125
2023-08-22,200.2925337457139,202.58256708343743,200.2925337457139,201.2343292236328,286600,200.69701232910157
2023-08-23,201.9580265433489,204.86267770691424,201.9580265433489,203.41531372070312,322400,200.76046142578124
2023-08-24,204.10925533596458,204.76355062175557,200.77831539453814,200.81797790527344,307600,201.04993896484376
2023-08-25,201.5812895218661,204.2480258783209,200.92699429370998,203.96054077148438,374900,201.92232666015624
2023-08-28,204.24803789692047,206.13159867774036,203.9605527731674,204.74371337890625,261400,202.834375
2023-08-29,204.65447718018598,205.65573611889403,204.05966060409745,205.55661010742188,280400,203.6988311767578
2023-08-30,205.55661436084102,207.72766011681603,205.45747322050352,207.31129455566406,287500,204.47802734375
2023-08-31,208.14404262656436,208.8181539809541,205.68548149136635,205.9927978515625,597000,205.51299133300782
2023-09-01,206.35961690286766,206.79581374014435,202.20585401173037,203.37564086914062,371300,205.39601135253906
2023-09-05,203.53426840046592,205.79454743712463,203.53426840046592,204.4661407470703,409700,205.3404968261719
2023-09-06,204.58508623675377,205.31869136936365,203.0187499547909,203.8019256591797,325900,204.98955993652345
2023-09-07,203.72261592713502,206.6371900789377,203.43513081349863,205.95315551757812,556600,204.71793212890626
2023-09-08,205.86392953016176,207.49965244859024,204.04975558551857,204.7734375,299400,204.47406005859375
2023-09-11,204.28769515819772,205.39800336874038,199.41023522916555,200.51063537597656,538400,203.90105895996095
2023-09-12,199.43005724416957,200.3123589334891,196.64436365632304,196.76332092285156,610800,202.3604949951172
2023-09-13,196.90211191535514,198.309828385272,196.62453487209348,197.74476623535156,564200,201.14906311035156
2023-09-14,198.9938601614383,200.20330945888614,198.29991756293893,198.6766357421875,521500,199.69375915527343
2023-09-15,198.9542084379637,200.85760029235556,198.30982129664304,198.98394775390625,1742000,198.53586120605468
2023-09-18,198.46845897091626,200.29254110508177,197.75468507027492,197.99261474609375,538500,198.03225708007812
2023-09-19,197.31847967837183,199.96539993587012,196.95168468000733,198.66671752929688,307900,198.41293640136718
2023-09-20,199.77704685644142,201.1748401938032,198.94430056549282,199.01370239257812,325600,198.6667236328125
2023-09-21,198.61716706975685,199.45980629347412,196.74351439643678,198.5973358154297,668700,198.65086364746094
2023-09-22,198.97405764117937,199.7473101790716,197.72494575164947,197.99261474609375,331700,198.45259704589844
2023-09-25,197.625812547656,199.5490206317214,197.04090400671615,199.20205688476562,309900,198.69448547363282
2023-09-26,198.97405893976045,199.62833908060577,197.70511578726024,198.55767822265625,423300,198.67267761230468
2023-09-27,199.12275603318108,200.19341689381542,197.38789183921918,198.7361297607422,384100,198.6171630859375
2023-09-28,197.95294894032523,201.91835271038124,197.71503439528342,200.83778381347656,426400,199.06525268554688
2023-09-29,201.59122008694354,202.9493660367715,200.55029857258114,200.77830505371094,363700,199.6223907470703
2023-10-02,200.77829439198433,201.67050414159402,199.55893703370063,200.58993530273438,354600,199.89996643066405
2023-10-03,199.04343288834852,201.45242344609065,198.78568709948823,199.56884765625,479500,200.10220031738282
2023-10-04,200.163682032019,203.0782563630651,199.58869664257045,202.7312774658203,591100,200.90122985839844
2023-10-05,202.63211742016813,203.97044718266343,200.97656323638196,203.30624389648438,491400,201.394921875
2023-10-06,202.67178512854306,206.82554791641107,202.67178512854306,205.41783142089844,435200,202.3228271484375
2023-10-09,204.5652602494262,206.94449631198813,204.29759127617345,205.9729766845703,266300,203.3994354248047
2023-10-10,205.6557484592171,206.98415508180318,205.04111572004157,206.4884796142578,374900,204.78336181640626
2023-10-11,206.90486466822097,209.06600249127996,206.8850334135941,208.27291870117188,437500,205.89169006347657
2023-10-12,208.5802271232689,209.16513566134313,205.90358266968798,207.12294006347656,356700,206.655029296875
2023-10-13,207.0238207833333,207.5988061497722,204.2579431607532,205.6755828857422,475100,206.70657958984376
2023-10-16,206.61734688808147,209.73018802050223,206.54796019299775,209.3534698486328,498300,207.38267822265624
2023-10-17,208.53066956128404,212.8331288718318,208.53066956128404,212.41676330566406,567400,208.5683349609375
2023-10-18,212.13919847242107,214.6968857776574,211.0685376148699,211.19740295410156,502600,209.15323181152343
2023-10-19,211.29654087358665,213.49734119268663,209.45262750155192,209.829345703125,555400,209.69451293945312
2023-10-20,210.305181177757,210.305181177757,204.9419691309686,206.3199462890625,634200,209.8233856201172
2023-10-23,205.21955223648027,206.81562785178537,204.29760312498104,204.63465881347656,495500,208.87962341308594
2023-10-24,205.21955329747732,205.77472253217033,203.46487301939447,205.0807647705078,476600,207.41242370605468
2023-10-25,204.4958602710608,206.81561772200033,203.39546017866934,204.68421936035156,494000,206.1097869873047
2023-10-26,204.1786412623711,205.3484280820777,202.6618604446139,202.76100158691406,563700,204.6961181640625
2023-10-27,198.73613150830275,199.1624051674104,186.81018046880047,190.9639434814453,1652700,201.62491760253906
2023-10-30,192.33200535972193,197.05084588173563,192.05442828511124,196.4163818359375,675700,199.98126220703125
2023-10-31,196.87238319995947,198.2305442992138,195.38535676234633,197.93313598632812,574800,198.5517364501953
2023-11-01,198.59732661995494,198.59732661995494,192.78800976990777,192.8474884033203,682100,196.18439025878905
2023-11-02,193.70004990924798,200.0744440017489,193.70004990924798,198.61715698242188,529900,195.35562133789062
2023-11-03,200.4709937231733,202.44378759282506,199.60852322260922,200.73866271972656,436300,197.31056518554686
2023-11-06,200.66925770683406,201.660608657936,200.05462495773168,201.5515594482422,439400,198.3376007080078
2023-11-07,203.02865872575094,204.5553323911375,201.8885961630639,202.09678649902344,410700,199.1703308105469
2023-11-08,202.40412601907687,203.6631459882853,201.57139483352194,203.2467803955078,373300,201.25018920898438
2023-11-09,203.82174282613582,204.47602289722712,201.94809030618148,202.2752227783203,363700,201.98180236816407
2023-11-10,203.09804872508855,205.77470818646208,202.1463603570208,205.46737670898438,294200,202.92754516601562
2023-11-13,205.5863562977466,207.26174175382923,205.30877925344095,206.3199462890625,351500,203.8812225341797
2023-11-14,207.46001918633476,209.29400938228193,205.32860555085216,206.30014038085938,730100,204.72189331054688
2023-11-15,206.59752466280412,208.3621280815941,204.45621818249782,204.76353454589844,684300,205.025244140625
2023-11-16,205.05102133851767,209.23452344485787,204.5850851944361,207.50958251953125,626800,206.07211608886718
2023-11-17,206.96434336624233,208.59015832937592,206.508315270581,208.3026580810547,1164400,206.63917236328126
2023-11-20,208.30265491216434,210.3150961125373,208.30265491216434,209.05609130859375,398900,207.1864013671875
2023-11-21,210.0474413253348,212.67451525707347,209.95820824464542,210.76121520996094,401300,208.0786163330078
2023-11-22,211.76246272920483,213.57663666036822,210.66206264396848,212.30770874023438,452500,209.587451171875
2023-11-24,212.46634147107977,213.3387200151227,211.00905437399447,211.38575744628906,218700,210.36268615722656
2023-11-27,211.81204299006563,212.7736546007483,210.93964933250246,212.1094512939453,427900,211.1240447998047
2023-11-28,211.53447495807765,212.763740480523,210.56294011553268,211.64352416992188,425600,211.64153137207032
2023-11-29,213.140449118713,214.13180004484656,209.3534813200118,209.86898803710938,471900,211.4630859375
2023-11-30,210.4241484368635,211.35602075562545,206.53805450526391,210.3646697998047,2383400,211.07447814941406
2023-12-01,210.0077711614177,217.10584724044486,208.89746299328002,215.88648986816406,731300,211.97462463378906
2023-12-04,215.4007399039452,217.70068144033527,214.87532509425213,216.83819580078125,506100,212.92037353515624
2023-12-05,216.64982784977815,216.89766558486735,213.338719339422,215.3015899658203,601400,213.65198669433593
2023-12-06,214.58781303774177,216.32267703648705,213.53696842340693,214.11195373535156,395500,214.50057983398438
2023-12-07,214.3102225147806,214.91494714688224,212.58528169261254,212.73397827148438,440600,214.9744415283203
2023-12-08,212.24823735811825,213.40811611566858,210.27544358784235,211.1280059814453,478000,214.02274475097656
2023-12-11,210.8504466072725,212.41678300246795,210.68191875249278,212.1392059326172,468300,213.08294677734375
2023-12-12,212.99175978396013,215.24211557161266,211.99048563330544,214.93479919433594,535300,213.00958862304688
2023-12-13,215.4007279299872,218.6027871845501,215.1330589445351,218.11703491210938,438300,213.81060485839845
2023-12-14,218.49374039763134,218.9993390565091,208.62980160284388,208.66946411132812,835900,212.9977020263672
2023-12-15,206.9444985621369,208.2035184296157,203.0484968201373,204.86265563964844,1688900,211.7446319580078
2023-12-18,206.58763125084002,207.65829213033345,203.71271944378927,204.4661407470703,942600,210.21001892089845
2023-12-19,204.61483469486734,205.59627760339947,202.7015345786118,203.36573791503906,993600,207.89620666503907
2023-12-20,203.35582268269755,205.22947534980165,201.6606059235011,202.51316833496094,752300,204.7754333496094
2023-12-21,202.78083782722223,204.07950513849107,201.24424084467088,202.69161987304688,447400,203.57986450195312
2023-12-22,202.83040791085062,204.72387670554093,202.29506993345862,204.60491943359375,362100,203.5283172607422
2023-12-26,203.70277742039264,205.49712011786167,203.2765037969339,205.04110717773438,419000,203.643310546875
2023-12-27,203.98035178874096,205.0411044920728,202.99892409790516,203.97044372558594,345300,203.76425170898438
2023-12-28,205.28894862293672,205.45747646271855,203.9902813488185,204.49586486816406,300600,204.160791015625
2023-12-29,204.87257723671698,205.3285901721605,202.73125569768987,204.1786346435547,450200,204.45819396972655
2024-01-02,202.23559491866268,203.36573440284144,198.60724679115694,199.8166961669922,559700,203.50054931640625
2024-01-03,198.91455733717564,200.2727183926168,197.11030651701918,199.4697265625,711800,202.3862731933594
2024-01-04,199.56884576405756,200.06452121034525,196.5848850230588,196.76332092285156,497900,200.9448486328125
2024-01-05,196.76332222539065,198.50810948903455,194.75088111028577,195.2069091796875,475800,199.0870574951172
2024-01-08,195.95043246835078,197.3383177480562,194.92934219967856,197.27883911132812,432900,197.70709838867188
2024-01-09,196.40643695235835,197.37797173300993,195.5637977570761,195.8612060546875,419900,196.91600036621094
2024-01-10,197.4671886731579,201.81921852970532,197.4671886731579,201.6605987548828,610400,197.3541748046875
2024-01-11,201.32353880800952,202.542896156612,199.88608305535604,201.99765014648438,446200,198.40104064941406
2024-01-12,203.36572023037195,204.0894021419337,202.21574957171626,202.4140167236328,282900,199.84246215820312
2024-01-16,201.6804378550513,202.29507059788358,200.26279814349357,200.6890869140625,382000,200.52451171875
2024-01-17,199.74730504817182,201.7101756611077,199.32101628079837,200.09426879882812,414900,201.37112426757812
2024-01-18,199.0136950975522,203.11788725812778,198.51801964276376,202.22567749023438,350300,201.48414001464843
2024-01-19,202.7312794707057,205.10060775529067,202.27525135497262,203.59375,359100,201.80335998535156
2024-01-22,204.73379199025138,205.9035787907334,203.44503279560146,203.48468017578125,336200,202.01749267578126
2024-01-23,204.3868260604704,205.77472648363215,204.07950968248048,204.56527709960938,230400,202.79273071289063
2024-01-24,205.0708548077814,206.24064164900446,202.08689394216066,202.21575927734375,314000,203.21702880859374
2024-01-25,202.62221960066404,203.81183771257236,200.48089792314008,201.2838897705078,341400,203.02867126464844
2024-01-26,201.48218247239777,201.6011397516908,199.80679686388052,201.35330200195312,287200,202.58058166503906
2024-01-29,201.2541450315806,203.04850290515967,200.49081571369805,201.1450958251953,433800,202.11266479492187
2024-01-30,201.14510344318194,201.88861666210965,199.47964109365518,200.05462646484375,1042300,201.21053466796874
2024-01-31,199.06325819269694,201.70025514357602,196.51547918989377,197.1598663330078,705900,200.19935607910156
2024-02-01,197.27883198674996,199.1227452928042,196.60472062575664,198.5180206298828,546100,199.64618225097655
2024-02-02,199.43007036435642,199.43007036435642,196.80299637692633,197.8736572265625,427500,198.95025329589845
2024-02-05,197.59607204891037,198.25035215778973,195.85128475372665,196.63446044921875,556500,198.04812622070312
2024-02-06,197.32838866457814,198.91454094002358,196.54521302624295,196.9913330078125,513700,197.4354675292969
2024-02-07,197.6158725423728,199.72745466923823,196.7038315860494,198.54774475097656,864100,197.71304321289062
2024-02-08,199.26154081581765,199.95548345498733,198.0917539564766,199.2813720703125,789700,197.86571350097657
2024-02-09,200.4709992755296,201.2442518409308,195.3754557699501,196.66421508789062,1484800,197.6238250732422
2024-02-12,195.9008747317477,196.64438799319706,192.23287900062743,194.14617919921875,1140100,197.12616882324218
2024-02-13,193.64058227365928,194.80046106631727,191.2712541156352,192.82766723632812,653900,196.2934356689453
2024-02-14,192.40139055952326,194.67157753637346,191.64796929739796,193.6405792236328,586100,195.31200256347657
2024-02-15,194.2056474067756,196.13879388414472,193.00612121376162,196.1090545654297,605400,194.6775390625
2024-02-16,195.20691802277105,195.9107687220282,192.4212242902888,192.5600128173828,586400,193.85669860839843
2024-02-20,191.66778293701952,193.5116962503546,190.3393763367713,190.5673828125,569300,193.14093933105468
2024-02-21,190.83504808046206,191.53891387463503,189.8040498011763,191.1126251220703,519200,192.7979309082031
2024-02-22,192.43114766195336,194.731074169158,191.45962789501098,192.5897674560547,635300,192.5877685546875
2024-02-23,192.6789856068069,195.1375319105261,192.6789856068069,194.85995483398438,398700,192.33794860839845
2024-02-26,194.3047923679811,194.3047923679811,190.95402121003391,191.35057067871094,548500,192.09606018066407
2024-02-27,190.51781042166618,192.2824289562713,190.38894508973613,191.88587951660156,503800,192.35975952148436
2024-02-28,191.1225472813235,193.2936083308079,191.1225472813235,192.72854614257812,363400,192.68294372558594
2024-02-29,192.6690492529696,193.70004751062828,191.61820461542257,193.6009063720703,964300,192.88517150878906
2024-03-01,192.47078202358003,194.17590687775206,191.00358684446053,193.54144287109375,586400,192.62146911621093
2024-03-04,193.59101632515612,194.11643112941948,189.30838799818477,190.517822265625,664000,192.45491943359374
2024-03-05,190.38895501036913,190.38895501036913,187.88083829017296,189.71482849121094,683700,192.0207092285156
2024-03-06,191.41995329183447,191.44969261049795,189.41743524335692,189.68508911132812,572500,191.41201782226562
2024-03-07,189.95275108485518,191.86605110662066,189.0307868599209,190.98374938964844,668000,190.88858642578126
2024-03-08,190.83505402763086,191.12253914153635,188.20798011382053,189.36785888671875,610200,190.05386962890626
2024-03-11,188.90192202598544,191.65787639086903,188.4855564521701,191.16220092773438,546400,190.18274536132813
2024-03-12,190.70617582275455,191.54883017396307,188.713565875502,190.31954956054688,623300,190.3036895751953
2024-03-13,190.05189376023392,190.58721660752028,189.15966884567032,189.5165557861328,447400,190.26998291015624
2024-03-14,189.5958591699773,190.4087741668972,187.97995236627483,188.93165588378906,635400,189.85956420898438
2024-03-15,187.45453677965025,189.24887947619462,187.45453677965025,188.60450744628906,936400,189.70689392089844
2024-03-18,189.34802036217252,190.26996943081386,187.61315630126256,188.4855499267578,433000,189.17156372070312
2024-03-19,187.9898846021167,190.6764371929247,187.9898846021167,190.58721923828125,467200,189.22509765625
2024-03-20,190.91435593949828,191.33072149748756,187.33557862662298,188.24761962890625,496900,188.9713104248047
2024-03-21,187.7023910973578,190.6467047208417,187.28602550058835,189.1696014404297,420300,189.0188995361328
2024-03-22,190.73591272549422,190.74583591594754,186.73086162736374,187.2166290283203,491600,188.74132385253907
2024-03-25,186.14596924406234,187.02827097087243,183.58828201731944,185.57098388671875,653700,188.15841064453124
2024-03-26,185.5015818744378,186.8894822577147,185.28348345887733,185.4817657470703,374700,187.13731994628907
2024-03-27,186.89938500326906,188.09892625471917,186.1162244437245,187.46446228027344,491500,186.9806884765625
2024-03-28,187.8510945170959,188.93166340810143,187.21663052242326,187.87091064453125,618100,186.7209503173828
2024-04-01,187.17697776423657,187.8709204309934,185.78909243072292,187.702392578125,788700,186.81810302734374
2024-04-02,187.79161038521434,190.5673961768185,187.78170232098853,189.764404296875,831400,187.656787109375
2024-04-03,189.54629488737166,189.88335057330815,186.99853086191507,187.33558654785156,607800,188.02755126953124
2024-04-04,187.57352173240918,189.06054817189397,185.2537489904334,185.41236877441406,607100,187.61713256835938
2024-04-05,185.77917589883032,188.41617325384368,185.77917589883032,186.195556640625,458600,187.2820617675781
2024-04-08,185.48176076338612,186.4830197338729,184.8572048513519,185.5511474609375,708900,186.85181274414063
2024-04-09,186.2748204146379,188.32692395429135,186.1955256574887,188.04934692382812,655800,186.50880126953126
2024-04-10,186.10630432296213,187.75195048366484,184.94642555961806,186.68128967285156,662600,186.37794189453126
2024-04-11,187.09764363476626,189.3579223861759,187.09764363476626,188.13856506347656,605500,186.92318115234374
2024-04-12,187.69248023665764,187.69248023665764,183.6180271607029,183.82620239257812,484100,186.44931030273438
2024-04-15,185.40246172183095,185.40246172183095,181.5361838819911,181.61549377441406,609500,185.66217956542968
2024-04-16,182.20038591273763,182.77537128358824,180.8025925583547,181.05043029785156,556500,184.26239624023438
2024-04-17,181.18920605304922,182.13098637137884,179.9995880126953,179.9995880126953,520800,182.92605590820312
2024-04-18,180.5646484949166,182.73570934020398,180.06897305541955,181.3775634765625,594400,181.5738555908203
2024-04-19,182.61675993479727,185.0059041596189,181.57583844169127,182.52752685546875,609300,181.31412048339843
2024-04-22,183.44948248872984,184.6589317666691,182.2995118430148,183.1421661376953,564600,181.61945495605468
2024-04-23,184.96626948168475,184.96626948168475,182.33918028277333,183.51889038085938,726700,182.11314697265624
2024-04-24,181.90299459674102,184.21284416781495,179.44443330435112,183.94517517089844,686600,182.9022644042969
2024-04-25,182.5473699399505,183.87577663063092,179.4543597044998,181.09999084472656,1649700,182.84674987792968
2024-04-26,177.75914106754638,179.97977269920602,173.0006533578845,173.96226501464844,1931500,181.13369750976562
2024-04-29,174.73552184262223,176.94624546428736,172.77265109781302,173.59547424316406,1266700,179.22435913085937
2024-04-30,172.49505516365699,173.37735685223763,167.89518763103203,168.01414489746094,1393500,176.1234100341797
2024-05-01,169.54084789990452,171.4541480198791,168.3413065649225,169.60032653808594,1382600,173.2544403076172
2024-05-02,169.7787609491153,169.7787609491153,165.60518185431397,166.88401794433594,959900,170.41124572753907
2024-05-03,167.1715131471562,168.71801818673808,166.08102106703316,166.86419677734375,898100,168.99163208007812
2024-05-06,167.52839130682383,168.53955831704087,166.3486813347566,167.44908142089844,666200,167.762353515625
2024-05-07,168.52965690941664,168.67835349714028,167.51847473245203,168.0934600830078,734000,167.77821655273436
2024-05-08,167.34005676787643,168.16287993739704,166.96333853616872,167.1021270751953,546200,167.27857666015626
2024-05-09,167.3598756572928,168.5891411616042,167.11203791828615,168.32147216796875,724000,167.56606750488282
2024-05-10,168.26198184792003,170.45287396441682,168.14302458203727,169.74900817871094,613400,168.14302978515624
2024-05-13,170.02659507372874,171.464066044944,168.63870980192465,169.6102294921875,666600,168.57525939941405
2024-05-14,170.7701101149765,171.29552491114228,167.83571975829375,168.26199340820312,680300,168.6089660644531
2024-05-15,168.10338763575146,168.98568937504194,167.05254292358097,167.78614807128906,994900,168.7457702636719
2024-05-16,167.62751732072198,170.1356338467317,167.2408910810908,169.48135375976562,894900,168.97774658203124
2024-05-17,169.4813531824956,169.57057113130338,168.33138253070456,169.27316284179688,676400,168.88257751464843
2024-05-20,169.3425641644343,171.2459560341179,168.32145884388612,171.12698364257812,483100,169.18592834472656
2024-05-21,170.5619355174398,172.79247517513915,169.71928115158286,172.71316528320312,784300,170.07616271972657
2024-05-22,173.27822447000315,174.01182961262487,172.31662797307928,173.55581665039062,709700,171.23009643554687
2024-05-23,172.90151898610014,172.90151898610014,169.96711358336765,170.51235961914062,637200,171.43629760742186
2024-05-24,169.9175511666134,170.46279722855488,168.19261015023633,169.68954467773438,721600,171.5195739746094
2024-05-28,168.52965044483318,171.02785891046452,168.52965044483318,169.57057189941406,964500,171.20829162597656
2024-05-29,168.53957305854382,169.93738155746323,168.4602631656815,169.33265686035156,711900,170.53218994140624
2024-05-30,169.00550631620794,169.60032293903058,167.33012078451208,168.11329650878906,702200,169.44368591308594
2024-05-31,168.28182061802644,173.0403081144735,168.11329277489332,172.8123016357422,1341100,169.90367431640624
2024-06-03,171.8606095051872,174.1803672085439,171.84077824973184,173.41702270507812,705500,170.649169921875
2024-06-04,174.18036615217198,177.47165870427523,173.47651541934098,177.24363708496094,766200,172.18378295898438
2024-06-05,177.95741067194254,179.31557181373455,176.51995476259162,179.2164306640625,641200,174.16053771972656
2024-06-06,178.93883722274472,180.13837846601956,178.32420450610587,178.74057006835938,630400,176.28599243164064
2024-06-07,178.71084133724486,180.39613493956782,178.31429187817082,178.89920043945312,462200,177.5033721923828
2024-06-10,178.39358572093118,178.968571039749,176.73803158612765,178.57203674316406,494200,178.534375
2024-06-11,177.7393101078154,180.48535655111678,177.3725150867056,180.4159698486328,632900,179.16884155273436
2024-06-12,181.18922284075703,181.67497513977005,177.90785351741687,178.50265502929688,568100,179.02608642578124
2024-06-13,178.50265416804635,179.0677314847622,177.03545896030943,178.14576721191406,485800,178.9071258544922
2024-06-14,178.3737700777576,179.68236059926903,177.89792585485122,178.75048828125,480900,178.87738342285155
2024-06-17,178.01688309451328,178.57203716175908,175.647539992038,176.74794006347656,874200,178.51256408691407
2024-06-18,176.4108842064471,177.38240382307282,175.99451865646463,176.65872192382812,955100,177.76111450195313
2024-06-20,176.80744525239322,179.83105350174085,176.24236795874975,179.32546997070312,608000,177.92567749023436
2024-06-21,180.42586188767905,181.91288822191817,179.0280535030589,180.11854553222656,1113000,178.3202331542969
2024-06-24,179.76167488718508,180.8125045049263,177.88802214142763,178.44317626953125,640500,178.25877075195314
2024-06-25,178.29446438386248,178.46299222066943,175.8359032747849,176.3811492919922,956800,178.18541259765624
2024-06-26,175.65748037683622,178.31429370924633,175.41955069894854,177.55096435546875,719000,178.36386108398438
2024-06-27,177.9177571929682,178.2548128874011,175.48895037736662,176.6884765625,921100,177.83646240234376
2024-06-28,176.6190786989562,178.41342139470783,175.5385098561951,176.26219177246094,1235400,177.06519165039063
2024-07-01,176.13331643503489,176.28202814937174,173.78381959129575,174.19027709960938,656400,176.21461181640626
2024-07-02,175.15187414058263,177.53112543629723,173.1493561637041,174.4579315185547,727400,175.82996826171876
2024-07-03,174.78508807881067,174.95361592943618,173.27823036046738,173.93252563476562,362800,175.1062805175781
2024-07-05,174.06139418832618,175.38980077420217,173.04030396354537,175.27084350585938,468300,174.82275390625
2024-07-08,174.95360154033952,175.91521311767966,174.14070167319022,174.3191375732422,437400,174.43414306640625
2024-07-09,174.2100893513851,174.4281877594425,172.22738755218302,172.67349243164062,339700,174.1307861328125
2024-07-10,172.85194963711552,173.78382193633524,171.91016927419884,173.1096954345703,486200,173.86113891601562
2024-07-11,173.17910299302955,176.00444417529692,172.84204729439813,173.3377227783203,437700,173.74217834472657
2024-07-12,173.6846782435373,176.56951305258295,173.20883403721277,176.2225341796875,504700,173.9325164794922
2024-07-15,176.11347775951754,177.64016658554473,174.8247337171279,175.36996459960938,455200,174.14268188476564
2024-07-16,175.74669493874188,179.35521178618478,175.74669493874188,178.24490356445312,625600,175.25696411132813
2024-07-17,178.7306444513957,179.47415761535598,176.3216690610352,177.7888641357422,720400,176.1927978515625
2024-07-18,177.77896729202595,179.4840921324623,175.8260047146287,176.0936737060547,796300,176.74398803710938
2024-07-19,176.7975385710807,176.8867565330982,174.40837896494864,175.64756774902344,763300,176.62899475097657
2024-07-22,176.68846969561793,177.451814137191,175.4691123032559,175.92514038085938,509900,176.74002990722656
2024-07-23,175.9251373315836,176.26219300707498,174.35880109470614,174.73550415039062,625300,176.03815002441405
2024-07-24,173.75407332903453,174.0019110495422,172.31661757545277,173.4566650390625,888500,175.1717102050781
2024-07-25,174.12088786150545,176.17299167854765,173.05022697350287,175.2113800048828,1494000,174.99525146484376
2024-07-26,174.7950115550476,182.6266782239448,173.08988666417423,182.50772094726562,1328500,176.36728210449218
2024-07-29,183.12234450241723,189.58595678397134,181.3379098079005,185.03564453125,1171700,178.18938293457032
2024-07-30,184.80764905691052,187.83127259058816,184.80764905691052,185.34298706054688,734100,180.31087951660157
2024-07-31,185.37271622129936,186.72095409389897,184.24257676388603,185.3925323486328,679600,182.69805297851562
2024-08-01,186.20544559026024,188.8424426745722,184.42101090437944,186.7407684326172,879400,185.0039306640625
2024-08-02,186.94895727143975,187.98987875702662,185.19426191726845,186.08648681640625,787600,185.7196838378906
2024-08-05,184.5201591557891,185.0158346361394,175.49885936268728,177.07510375976562,1403200,184.12757568359376
2024-08-06,177.42207405492738,180.2672463337775,175.28075245307363,175.6277313232422,720800,182.1845245361328
2024-08-07,176.8272629714559,180.10863217452055,173.55581695898888,173.7045135498047,1123500,179.8469207763672
2024-08-08,173.82348579553428,176.42083577776592,173.57564803828268,175.73680114746094,541000,177.64612731933593
2024-08-09,175.96479191905806,175.96479191905806,172.9609997798244,173.49632263183594,462200,175.1280944824219
2024-08-12,173.3377227783203,173.84330632626745,172.18775202518515,173.3377227783203,552100,174.3806182861328
2024-08-13,173.28814684883255,174.04156811545516,172.1976547671809,173.22866821289062,686600,173.9008056640625
2024-08-14,172.47524228296143,173.91269820375175,170.99813897807616,173.41702270507812,694800,173.8433074951172
2024-08-15,174.8643833203682,177.63024565460333,174.18034878426326,176.23245239257812,708000,173.94243774414062
2024-08-16,176.02425705208285,178.8198737503948,175.3402225353974,178.3043670654297,640300,174.90404663085937
2024-08-19,178.93883321386278,181.32799245673806,178.44315777559723,181.22885131835938,859100,176.48227233886718
2024-08-20,182.42840860032567,182.42840860032567,176.76778794103217,177.28329467773438,686000,177.29319763183594
2024-08-21,177.36260830541684,180.63406958033246,177.22381977262967,178.8595428466797,519800,178.38170166015624
2024-08-22,178.75048778957873,180.07889443523,177.42208114392747,178.5125732421875,448100,178.8377258300781
2024-08-23,178.62159018417586,179.66251160956799,176.9263886894293,177.76904296875,363200,178.73066101074218
2024-08-26,178.24489751020602,180.92154195486023,178.24489751020602,179.93019104003906,583000,178.47092895507814
2024-08-27,179.93019167184488,180.31681792491014,178.25480619962386,180.16812133789062,470200,179.0478942871094
2024-08-28,179.80131493643998,181.15947600888197,178.45307705454792,179.6228790283203,395100,179.2005615234375
2024-08-29,180.4357808665756,182.0913351369653,179.41469059877127,180.42587280273438,255200,179.58322143554688
2024-08-30,180.80259043625026,182.93398892018098,180.80259043625026,182.30943298339844,661500,180.49129943847657
2024-09-03,182.14089752911795,185.68002752062463,180.22759754345464,183.31069946289062,736800,181.1674011230469
2024-09-04,183.429651554812,183.98480562562256,181.57583025546668,183.29086303710938,468900,181.7919494628906
2024-09-05,183.36026639458873,183.61801217910482,180.2573332831258,181.85340881347656,415100,182.23805541992186
2024-09-06,182.3094382789436,182.95382548887886,179.53366764998222,180.2672576904297,528700,182.20633239746093
2024-09-09,180.07888372649822,182.24003653994694,179.29572317654907,180.38621520996094,927400,181.82168884277343
2024-09-10,181.16937357412206,181.4172112944697,178.80004557267122,179.553466796875,584900,181.07024230957032
2024-09-11,179.48409254851035,180.6439713449583,176.37125117013812,180.4853515625,650600,180.50914001464844
2024-09-12,180.4655255501064,180.4655255501064,176.5496922086637,178.41343688964844,1034200,179.8211456298828
2024-09-13,178.81987594925948,181.61547755513394,177.37249701372596,181.22885131835938,570100,180.01346435546876
2024-09-16,182.53745120714336,185.7196792149012,180.6836146856111,180.88189697265625,712900,180.11260070800782
2024-09-17,180.87196962246927,182.17063688794855,180.713349847207,181.27842712402344,444800,180.4575927734375
2024-09-18,181.06033015834606,181.49652698038793,177.55095458187054,177.719482421875,547200,179.9044189453125
2024-09-19,179.21642441889927,182.78529390730955,179.1073752087863,180.8422393798828,652100,180.3901794433594
2024-09-20,180.10863136920923,181.3973906155052,178.22507063549466,179.65261840820312,1828300,180.07493286132814
2024-09-23,180.09872145421366,182.03185274037926,179.31556087611082,180.9711151123047,491400,180.0927764892578
2024-09-24,182.15082329282637,183.836116829672,181.0008525964133,182.28961181640625,514100,180.29501342773438
2024-09-25,182.28962364184437,182.28962364184437,180.62414612402884,180.86207580566406,683900,180.92353210449218
2024-09-26,181.19911027416077,184.89684477284956,181.19911027416077,184.57962036132812,707300,181.67100830078124
2024-09-27,185.1248871376119,189.13984649836596,185.1248871376119,188.99114990234375,586600,183.53871459960936
2024-09-30,188.71355089605868,189.8734295906144,187.2661719802016,188.3170166015625,572800,185.00789489746094
2024-10-01,186.57225296711982,187.1769776750374,183.84603774937634,185.52142333984375,539600,185.65425720214844
2024-10-02,184.83738004997713,186.750695233354,184.15334547993086,186.13604736328125,428700,186.70905151367188
2024-10-03,185.1050355596123,185.1050355596123,182.933974735159,184.7877960205078,406100,186.7506866455078
2024-10-04,185.91794175626706,186.0963927848114,183.89559256925523,185.28347778320312,356000,186.0091522216797
2024-10-07,185.2636760075022,185.5412530717937,182.69606547258257,182.77537536621094,545300,184.90082397460938
2024-10-08,183.2512371779647,184.2227569159737,182.27970231313998,183.78656005859375,387600,184.55385131835936
2024-10-09,183.78655133588464,185.01583195499285,183.40983313569674,184.40118408203125,429300,184.20687866210938
2024-10-10,184.2128371374591,185.62055364333034,183.13225312700456,185.24383544921875,441100,184.29808654785157
2024-10-11,185.71967763367036,186.8101696958754,184.38136296839826,186.47311401367188,532900,184.5360137939453
2024-10-14,186.9092861792289,187.82134229027463,186.0071683848475,186.76058959960938,440000,185.333056640625
2024-10-15,186.42352812273103,189.42731995191076,186.24507710593713,186.443359375,461300,185.86441650390626
2024-10-16,186.4731216236966,187.00844448628925,184.14344081700838,185.44210815429688,418500,186.07260131835938
2024-10-17,185.03565296591438,185.42227924011573,182.8348525968249,184.27232360839844,1294300,185.8782989501953
2024-10-18,184.29213900563596,186.61191176845932,184.26239968672422,186.09640502929688,420700,185.8029571533203
2024-10-21,185.42226700243788,185.85846382183868,183.8559458808651,185.5511474609375,454900,185.56106872558593
2024-10-22,184.7283287918664,185.63046176921776,183.55854195453895,185.27357482910156,528000,185.32711181640624
2024-10-23,184.9662710195232,185.60073505316186,183.87577887101182,184.14344787597656,556800,185.0673797607422
2024-10-24,184.20292498407335,185.32315644306527,183.11244797144417,183.51889038085938,677500,184.91669311523438
2024-10-25,185.38262041888012,190.1311846283568,179.0181493833534,179.6922607421875,951100,183.6358642578125
2024-10-28,181.07024812692853,182.82494357456082,176.9264083444788,177.52122497558594,903200,182.02987976074218
2024-10-29,176.8173583926413,178.62160927963174,176.787619073892,177.22381591796875,857000,180.41992797851563
2024-10-30,177.05528470663128,178.1457616692965,175.2807580452786,175.85574340820312,784600,178.76238708496095
2024-10-31,175.81609977217087,177.62035066333453,174.87430425354714,175.3105010986328,716500,177.12070922851564
2024-11-01,174.6363943618524,176.3117799584377,174.1010563552148,175.15188598632812,850300,176.21263427734374
2024-11-04,175.16179180198847,176.36131791217042,174.37861612506646,176.32167053222656,538100,175.97272338867188
2024-11-05,175.97470987379631,177.81862333163315,175.48895756686457,177.60052490234375,589700,176.04806518554688
2024-11-06,181.37756224164914,185.1050360756354,180.63404908746577,184.96624755859375,1110600,177.870166015625
2024-11-07,184.966256264296,185.84855797704782,184.1632644402742,184.35162353515625,663500,179.6783905029297
2024-11-08,184.65894937568865,184.98609701093258,181.71463578530864,181.97238159179688,467400,181.04248962402343
2024-11-11,182.61675227687206,184.97615708524881,182.47796375873224,183.49905395507812,430900,182.47796630859375
2024-11-12,183.02321230988736,183.51888779778267,181.8038548451732,182.44822692871094,494100,183.4475067138672
2024-11-13,182.0715160915596,183.53871123774843,181.4667914170038,183.3900146484375,518200,183.13226013183595
2024-11-14,182.45815601996674,184.42102677999927,181.85343130010622,182.76547241210938,650100,182.81502990722657
2024-11-15,182.72581674939482,184.2326593217519,178.80006028036613,179.31556701660156,666700,182.2836669921875
2024-11-18,178.5423103714412,179.43452016684873,176.73804439950007,177.65008544921875,628100,181.11387329101564
2024-11-19,175.98463100509986,177.94750171891434,175.09240604295468,176.70831298828125,476500,179.96589050292968
2024-11-20,176.45055459045955,181.6947942685902,176.410892082892,179.84097290039062,477600,179.2560821533203
2024-11-21,180.6935385854449,183.54861898296474,179.13711036155522,183.30078125,456500,179.36314392089844
2024-11-22,183.31072031827676,184.39128929716298,179.10738655746184,179.20652770996094,651600,179.34133605957032
2024-11-25,180.98102672885284,181.95254642282623,179.38495109677476,180.33665466308594,1060500,179.87864990234374
2024-11-26,180.8719802076048,183.70724456738438,180.27717870578337,183.5585479736328,710400,181.24869689941406
2024-11-27,183.72706619005888,193.4423081452952,183.72706619005888,189.9725799560547,888800,183.27501831054687
2024-11-29,189.40751224422326,189.96266636225653,185.501587036441,185.56106567382812,560500,183.7270751953125
2024-12-02,185.38262738282327,191.18203648269107,184.04429755152609,190.8251495361328,1041300,186.05079956054686
2024-12-03,190.3988652978871,190.8152308909877,186.19554685697736,186.36407470703125,729900,187.25628356933595
2024-12-04,186.5326001377886,187.62307711696144,183.8361243182684,185.38262939453125,505800,187.62109985351563
2024-12-05,185.610635545888,187.45454893199673,184.08396172706532,187.32568359375,583400,187.0917205810547
2024-12-06,188.23773483665107,190.28982356377534,188.00971321278038,189.48683166503906,441400,187.8768737792969
2024-12-09,192.6393027289737,200.98647499692524,192.0643174258418,198.7261962890625,848900,189.45708312988282
2024-12-10,199.05333904811414,199.85634597755833,195.1573373014827,198.79559326171875,526800,191.94338684082032
2024-12-11,199.43997422258838,200.252889251709,197.4473642850935,198.2701873779297,654400,194.5208984375
2024-12-12,197.71503114835116,199.1227476483853,195.29613246805044,197.3779754638672,379300,196.53135681152344
2024-12-13,195.79179860933218,197.01115595503683,194.73104590789447,195.69265747070312,428500,197.77252197265625
2024-12-16,194.9788832953849,196.2180718920664,193.32332914543608,193.51168823242188,468800,196.72962036132813
2024-12-17,192.8276487475671,194.48320285493793,191.88586846367292,193.5216064453125,605000,195.67482299804686
2024-12-18,193.70995112200526,194.29485962315286,189.4967099859556,189.78421020507812,676100,193.97762756347657
2024-12-19,189.46698063043985,192.80784347547092,189.46698063043985,191.7669219970703,632000,192.85541687011718
2024-12-20,193.2935936725246,199.26153030831134,192.27250345870175,197.12020874023438,1730900,193.14092712402345
2024-12-23,198.27019242663195,199.52921238404932,196.0000053791457,198.2305450439453,532900,194.08469848632814
2024-12-24,197.8141577584902,199.92574007828532,197.8141577584902,199.7373809814453,219200,195.32785339355468
2024-12-26,199.65806399579583,201.26406273026862,199.17231173890926,200.9765625,368200,197.56632385253906
2024-12-27,202.57263086855383,204.41654407110178,200.18347166827144,202.18600463867188,569600,199.65014038085937
2024-12-30,202.70153961222348,204.43640385736282,200.88736547208848,203.3260955810547,905800,200.89131774902344
2024-12-31,207.0832982313268,207.79707212164917,202.85022546199016,205.1699981689453,985200,202.27920837402343
2025-01-02,208.1837094167185,208.4018078462527,202.73127893199492,203.3260955810547,913500,202.9969512939453
2025-01-03,203.52434356990025,204.39672207898647,201.89852869278556,203.84156799316406,850200,203.56995239257813
2025-01-06,208.02507220722632,210.2655349545004,207.19234106972604,208.85780334472656,1213900,204.90431213378906
2025-01-07,210.1664005871884,211.8318629158761,206.77598216651856,207.4104461669922,872700,205.72118225097657
2025-01-08,206.35961235318322,210.21596684962626,205.2096416487739,209.83924865722656,767100,206.6550323486328
2025-01-10,209.18495764492192,209.79960551760297,205.18981454316238,205.28895568847656,635400,207.0476043701172
2025-01-13,204.7139661463999,207.84663870188447,203.94071363453932,207.74749755859375,758600,207.82879028320312
2025-01-14,208.48109622487829,210.71163573842517,206.95440737570138,207.1923370361328,1094800,207.49569702148438
2025-01-15,208.17378770644365,209.79960263024242,207.76733019379026,208.2828369140625,599900,207.67017517089843
2025-01-16,207.85653941371265,210.17629686724587,207.68801157753092,208.8677215576172,466800,207.47586975097656
2025-01-17,210.6819136882888,210.7513003906757,207.43028369664069,207.9061279296875,503300,207.99930419921876
2025-01-21,207.98543438419802,209.66081992649242,205.95316189131537,208.60006713867188,781800,208.16981811523436
2025-01-22,207.28157092657102,207.84664824099585,205.14024919845906,205.33853149414062,674500,207.79905700683594
2025-01-23,204.71395905667674,205.8936690376326,203.59372770890957,204.86265563964844,630100,207.11502075195312
2025-01-24,204.2381097807415,209.05607559768586,204.22818659091428,208.90736389160156,563300,207.12294921875
2025-01-27,208.12421827106488,212.9322612425908,207.9755065543281,210.85043334960938,715200,207.71181030273436
2025-01-28,211.15775084144525,214.95462676803737,210.19613921667,211.32627868652344,655100,208.25705261230468
2025-01-29,212.13919010612346,212.92235068188614,210.99912746510387,211.93099975585938,467400,209.57554626464844
2025-01-30,211.95083661186874,214.4292139924406,211.04870361490495,212.1590118408203,460400,211.03481750488282
2025-01-31,213.35855557543636,215.7774543466761,213.07105532500373,213.1404571533203,689500,211.88143615722657
2025-02-03,210.69180648518088,214.57790021490118,209.95820137033024,214.15162658691406,800900,212.5416748046875
2025-02-04,217.40326750536025,217.6709364987782,215.01410807284165,216.6101837158203,740600,213.59845581054688
2025-02-05,216.1145089524076,220.22860937944523,216.0847696337979,218.9993438720703,613400,215.01212463378906
2025-02-06,219.08854976771545,220.32773839762336,216.99679875535836,218.275634765625,939300,216.23544921875
2025-02-07,215.7774393488491,222.0626003901712,214.55806685718613,219.4751739501953,1128500,217.502392578125
2025-02-10,220.1790520482429,221.80486700118888,217.21490726205562,220.31784057617188,609400,218.73563537597656
2025-02-11,219.75275547501786,225.53233312369107,218.71183398908408,225.4133758544922,843500,220.49627380371095
2025-02-12,223.72807251491207,226.47411884975966,222.53845441420745,225.52243041992188,933100,221.80089111328124
2025-02-13,225.86938842517375,228.30811832735904,225.72069183892472,227.35641479492188,817300,223.61704711914064
2025-02-14,227.01936403120638,227.61418064271274,224.54098669462115,227.25729370117188,730400,225.17347106933593
2025-02-18,228.01072458327096,230.03307391942815,226.82110643689523,229.18051147460938,1013600,226.94600524902344
2025-02-19,228.774050137776,230.46925169619576,227.51503026637133,229.72573852539062,670900,227.80847778320313
2025-02-20,228.81369277320437,232.25368151561162,228.78395345713395,231.85714721679688,794900,229.07542114257814
2025-02-21,231.86705016845536,234.15706821627776,229.6365107514626,229.86451721191406,978900,229.57704162597656
2025-02-24,230.4990046231188,232.19422140844992,229.24990786806404,231.1334686279297,1081400,230.35227661132814
2025-02-25,231.07397715914414,236.982435166377,230.88561806825442,236.179443359375,1331700,231.75206298828124
2025-02-26,236.0009894634013,237.76559283005602,234.7915401725282,235.01956176757812,733400,232.81082763671876
2025-02-27,234.49415745561734,237.8746679754584,232.66016719287984,232.99722290039062,851700,233.0388427734375
2025-02-28,232.6700518326383,235.9811601886781,231.76791888852256,235.8225555419922,1329000,234.23045043945314
2025-03-03,235.82256108417386,240.13492849900337,235.6936806243244,238.0828399658203,1090500,235.62032470703124
2025-03-04,238.86600823024727,239.94657713464719,234.54371748583264,234.9898223876953,1059600,235.3824005126953
2025-03-05,233.4631328569181,238.98496453398005,233.4631328569181,238.84616088867188,738100,236.14772033691406
2025-03-06,237.97379530182369,239.59961023240362,236.0604801286791,237.86474609375,776900,237.12122497558593
2025-03-07,236.63545665017642,239.32202424322108,233.57218600161136,238.39015197753906,653300,237.6347442626953
2025-03-10,236.5363321886632,240.09527831026128,234.68249570847328,236.95269775390625,789500,237.4087158203125
2025-03-11,236.6354776468261,237.01219586258696,232.4519752702098,234.49415588378906,918200,237.30958251953126
2025-03-12,236.34798008449255,236.54624724616374,232.50153361544932,233.56228637695312,996100,236.2528076171875
2025-03-13,231.97611381452222,233.52261881966206,230.64770722054976,231.5399169921875,594000,234.987841796875
2025-03-14,232.5907631204569,236.9328852727306,232.5907631204569,236.28851318359375,570400,234.56751403808593
2025-03-17,234.97001999776305,238.01345972438534,234.85104759064617,236.45704650878906,783700,234.4683837890625
2025-03-18,236.0109395848165,237.82509860132726,234.4446031912316,237.7458038330078,585300,235.11871337890625
2025-03-19,237.9043888680814,240.42242866872132,236.94277726827676,240.1151123046875,659500,236.4292785644531
2025-03-20,238.83625625687134,240.9478385077688,237.50784968551113,240.2142333984375,742100,238.1641418457031
2025-03-21,239.74829755414115,243.54517330889294,238.58841881863955,242.39520263671875,2031200,239.38547973632814
2025-03-24,244.5960152211891,245.1610925225512,242.40513809661803,243.2378692626953,832700,240.74164428710938
2025-03-25,243.66412870762056,245.32960606951795,242.12754692887617,243.6839599609375,657500,241.9292755126953
2025-03-26,244.14991191936207,246.85629579025127,244.0706020277663,245.98391723632812,568500,243.10303649902343
2025-03-27,246.1227013908408,254.1328187778759,245.8451243385963,252.5367431640625,884800,245.56753845214843
2025-03-28,251.4363387681019,252.0608795616864,248.65064510221816,248.74977111816406,746800,246.8384521484375
2025-03-31,247.79809976092014,252.4277070623646,246.72743887803733,251.6742706298828,768400,248.525732421875
2025-04-01,252.8737993477558,255.47114909429746,250.96048416944814,252.774658203125,884500,250.3438720703125
2025-04-02,251.53546576147238,254.78711070951417,249.68164437380116,253.2901611328125,723700,251.80512084960938
2025-04-03,252.03114605368182,256.4327617885856,250.61352146578005,253.22076416015625,1450300,251.94192504882812
2025-04-04,244.64558869039124,251.17858788613495,237.56734344130294,238.12249755859375,1875300,249.81647033691405
2025-04-07,233.0666082134537,238.39015783316162,228.01071245183923,232.46188354492188,1532600,245.97399291992187
2025-04-08,237.2897550020096,239.85735023474285,230.87571338850472,233.45323181152344,1069300,242.10970764160157
2025-04-09,231.29209052315443,243.38656923415084,227.3564259938824,242.51419067382812,1414900,239.9545135498047
2025-04-10,239.7978894487123,242.54393591601604,233.43341793247663,240.7694091796875,786300,237.46424255371093
2025-04-11,241.8896356068124,246.94553158210712,240.1448633530069,244.99256896972656,626300,238.8382568359375
2025-04-14,246.9455317666801,246.9455317666801,241.58231940833068,245.081787109375,1023100,241.36223754882812
2025-04-15,245.68651383391548,249.02736177751328,244.02103633075478,248.0657501220703,764000,244.2847412109375
2025-04-16,247.03474652890733,248.82908933449514,242.27625892662965,243.8029327392578,813000,244.54248962402343
2025-04-17,243.66413589112096,245.82528876195605,242.69261622534754,244.53652954101562,628300,245.29591369628906
2025-04-21,243.73355039605616,244.4473243054998,237.32941646599662,239.2526397705078,768200,244.1479278564453
2025-04-22,242.28616212895432,246.26148905398043,240.05562252828213,245.93434143066406,727500,244.3184387207031
2025-04-23,246.8166459677987,250.03853653880074,246.49940640455193,249.18597412109375,876600,244.5424835205078
2025-04-24,250.59369357468225,253.91472532969334,247.92695708139877,250.40533447265625,1318000,245.8629638671875
2025-04-25,249.82043886734917,274.3167123186034,248.1450533451309,270.4306335449219,1387100,251.04178466796876
2025-04-28,272.53231092572696,277.51880531667047,270.7379680104369,273.8012390136719,1123900,257.9515045166016
2025-04-29,272.65123789721895,276.8248167317405,272.65123789721895,275.9524230957031,887900,263.9551208496094
2025-04-30,275.863224344143,280.0467266600258,272.8396159781783,279.679931640625,1248100,270.0539123535156
2025-05-01,280.27475288522965,281.1768859158646,275.67486977345976,277.2808837890625,1239500,275.42902221679685
2025-05-02,278.20283803825805,281.9600668271996,278.20283803825805,281.6329040527344,1190400,277.6694763183594
2025-05-05,279.66013631054483,283.2587454504637,278.966178476437,282.08892822265625,1027100,279.32701416015624
2025-05-06,280.5523178414045,282.7035627067679,279.6501848497121,280.7704162597656,1096200,280.2906127929688
2025-05-07,280.760492940918,286.4508679433306,280.5126552044222,284.8944396972656,1188100,281.33351440429686
2025-05-08,285.4594859313507,285.5387806868027,281.98975799801275,282.7431640625,923500,282.42597045898435
2025-05-09,282.25747431653673,282.8423678100568,278.0739716435192,278.9761047363281,953900,281.8946105957031
2025-05-12,282.3367129592781,282.5349952328222,272.0762557563564,277.1717834472656,1738700,280.911181640625
2025-05-13,277.726949092473,279.9376724948246,273.22620752722133,273.56329345703125,880900,279.4697570800781
2025-05-14,273.0477877722934,274.6736178691527,271.9077402185169,274.0093994140625,748400,277.2927490234375
2025-05-15,274.2671328652854,279.3131051179029,274.04903446569597,279.2040710449219,794200,276.5849304199219
2025-05-16,278.0739504773262,280.9389693373203,277.2312960918202,280.6911315917969,710400,276.9279357910156
2025-05-19,280.3233173793665,282.39093701072125,279.98534255193977,280.8103942871094,488700,277.65565795898436
2025-05-20,280.10460997050194,281.31735738894537,276.70493103154456,279.1701965332031,888100,278.77703857421875
2025-05-21,277.7586794360897,280.323326307602,277.63936743190646,279.4087829589844,786700,279.85691528320314
2025-05-22,279.2596493895199,281.08870554441165,277.9773412663999,280.1841125488281,907900,280.05292358398435
2025-05-23,278.7228776655294,280.4227018897994,277.4305889761913,278.09661865234375,556600,279.5340209960938
2025-05-27,280.323313342259,281.16826556672225,263.66295352258305,267.957275390625,1191800,276.96339721679686
2025-05-28,266.8936048994663,270.69089925898083,266.8936048994663,267.5397644042969,700700,274.63731079101564
2025-05-29,267.5795467137941,268.0069828101105,264.43833127977933,267.08251953125,720300,272.17205810546875
2025-05-30,266.873758396926,271.2078205716063,266.4264218287103,270.8499755859375,1539300,270.30523071289065
2025-06-02,269.38871516299264,274.12042333614767,268.3946608634982,273.9216003417969,675100,269.47022705078126
2025-06-03,273.80231770790084,274.9852447469913,268.65312373546556,274.12042236328125,857500,270.7028564453125
2025-06-04,273.42455887554297,274.6273560208365,272.23168164415677,272.8579406738281,582200,271.76649169921876
2025-06-05,273.82218746015513,277.9574569654793,272.17205369100196,276.2377624511719,708100,273.5975402832031
2025-06-06,276.29740699939975,283.81245513980207,275.7705594296882,283.3253479003906,670900,276.0926147460938
2025-06-09,282.51023356025956,283.8024919671647,276.80434146447135,278.2159118652344,965600,276.95147705078125
2025-06-10,278.85209646089663,278.85209646089663,272.89772101510846,276.83416748046875,660700,277.4942260742188
2025-06-11,276.5061450537587,278.9117394482573,276.15821998489815,278.16619873046875,501000,278.5558776855469
2025-06-12,278.52406687647255,280.42271416254374,276.28744478071053,280.1344299316406,676400,279.3352111816406
2025-06-13,277.97734533188157,280.432630209353,277.2814952216779,278.23577880859375,427300,278.3172973632812
2025-06-16,279.3889127930195,280.8899445669803,277.1721606746152,279.4087829589844,427100,278.5558715820313
2025-06-17,279.01114022909326,283.802489005407,277.8580336561965,282.2716369628906,768500,279.64336547851565
2025-06-18,282.0927291904134,282.74880867142326,278.09664180913137,279.4883117675781,682700,279.9077880859375
2025-06-20,280.3233206445815,281.357145640366,276.7049483274009,279.0608825683594,1026500,279.6930786132813
2025-06-23,278.792463301209,282.1722418881373,277.44056400088976,281.2080383300781,651700,280.28753051757815
2025-06-24,282.24183083087286,283.5142191246399,279.100615594607,283.3352966308594,572100,281.0728332519531
2025-06-25,282.72895019431814,282.90787269577294,280.23386408043973,280.7607116699219,419600,280.77064819335936
2025-06-26,282.271663806932,282.53012764464705,279.1205285159912,281.526123046875,512600,281.17821044921874
2025-06-27,280.40283312071745,286.6256229576523,280.32332212191375,285.96954345703125,1059400,282.5599426269531
2025-06-30,286.58582809968027,288.6534779276172,285.16433780305374,287.0828552246094,833100,283.7349060058594
2025-07-01,288.44475194637516,288.64354460632893,281.9634984420557,287.3612060546875,650300,284.540087890625
2025-07-02,284.5082599227216,285.80054865632235,275.35302872528564,280.3431701660156,956700,284.4565795898437
2025-07-03,281.3173775816888,284.866158848108,280.29350282725716,284.6176452636719,439100,285.07488403320315
2025-07-07,284.2895583098379,287.28167123685523,284.2895583098379,285.7806396484375,573600,285.0371032714844
2025-07-08,285.3930143237285,285.60175724630915,279.42868813237004,285.1445007324219,778000,284.64943237304686
2025-07-09,285.3532117893127,289.8065857692215,283.1066394672159,288.03717041015625,694700,284.7846252441406
2025-07-10,287.0331692657436,288.23596643331257,282.5102344905531,283.59375,580100,285.4347412109375
2025-07-11,282.53010973797745,282.93767563464627,278.77258575888607,279.7169494628906,532600,284.45460205078126
2025-07-14,279.36904423532565,283.30549098435995,279.3292735670356,281.1285095214844,548800,283.5241760253906
2025-07-15,281.1583246351029,281.1583246351029,278.57377729536876,279.81634521484375,465000,282.458544921875
2025-07-16,279.78651851443146,281.71498630903517,277.05286915298217,281.58575439453125,541400,281.16826171875
2025-07-17,280.35312030271984,281.605638371485,277.63934126577163,279.1900634765625,499800,280.2875244140625
2025-07-18,279.19005485718714,281.99329505019927,277.5001808776648,281.7447814941406,359400,280.6930908203125
2025-07-21,281.96348009311725,284.0410498216348,279.53798531215955,282.48040771484375,475400,280.9634704589844
2025-07-22,282.69911938686533,286.65543612000886,281.6056535801686,286.2081298828125,610500,282.2418273925781
2025-07-23,284.97546822869725,288.22604507690045,282.2020786828518,287.6395263671875,675700,283.45258178710935
2025-07-24,287.26183931209437,288.2658135851617,284.6872421650645,284.965576171875,825800,284.60768432617186
2025-07-25,293.2460087581724,306.1687142288716,286.40691054759105,303.97186279296875,1260100,289.0531005859375
2025-07-28,303.18655197956826,308.7532619519926,303.0274996562271,304.1607360839844,487200,293.3891662597656
2025-07-29,286.28764216817234,286.28764216817234,271.6352913008769,275.82025146484375,3755700,291.31159057617185
2025-07-30,275.3928234142375,275.60156633195027,262.37070546622306,265.39263916015625,3035600,286.8622131347656
2025-07-31,266.1481065336873,267.51990641403495,263.13612301488865,267.2713928222656,2233100,283.32337646484376
2025-08-01,266.5755762745773,267.2316254691923,262.48004674905246,263.7922058105469,1337300,275.2874450683594
2025-08-04,265.07451093144175,267.1023901031016,260.9988824240543,266.69482421875,1194700,267.7942626953125
2025-08-05,267.8976308971722,268.89168518621545,262.3508213122074,266.63519287109375,939700,265.9572509765625
2025-08-06,266.49601655117164,271.7545723496003,264.5377283453833,271.59552001953125,895300,267.1978271484375
2025-08-07,272.80826797159784,273.77250186824654,269.06069413417464,272.3609313964844,952800,268.2157348632812
2025-08-08,271.983181768961,274.2794751053521,268.22565773797595,270.2734375,613100,269.51198120117186
2025-08-11,269.68689137228614,272.1521567005778,265.45224112382056,265.8299865722656,1230000,269.339013671875
2025-08-12,262.9273574980922,265.83000934842545,260.3229401339334,261.4561462402344,1300400,268.30320434570314
2025-08-13,261.4561413611381,267.29126536791847,259.67680607219097,265.9095153808594,811900,267.16600341796874
2025-08-14,265.4920150381846,266.10835420032817,262.7285452357795,265.23358154296875,859700,265.74053344726565
2025-08-15,265.36281718018176,269.2594931898105,264.41845342634963,268.28533935546875,1296400,265.34291381835936
2025-08-18,268.9215054724301,269.2396101254424,264.5178522547519,266.0586242675781,560800,265.3886413574219
2025-08-19,266.7664305545557,268.77025408269134,265.4006518920836,268.4013977050781,625500,266.77769165039064
2025-08-20,268.40139355772135,270.97343962650626,267.464284190542,270.58465576171875,668800,267.7127197265625
2025-08-21,270.20584156423854,272.3392395674235,269.17901276333873,271.4021301269531,477800,268.94642944335936
2025-08-22,271.57161159159085,272.6582532645489,267.04557576100757,268.72039794921875,508900,269.0334411621094
2025-08-25,269.2687333188414,270.8040022593107,265.3607843131892,265.5701599121094,693100,268.9357482910156
2025-08-26,266.1284355548418,269.41826716575684,265.05174237128915,269.1590576171875,1189400,269.0872802734375
2025-08-27,269.73729020300425,272.1598042357328,269.63759188228926,271.53173828125,654600,269.2766967773438
2025-08-28,271.6513545179794,272.96729928824146,270.62452574049956,271.1628723144531,726300,269.2288452148438
2025-08-29,270.13604846767373,272.538634964858,270.13604846767373,272.5286560058594,826700,269.99049682617186
2025-09-02,269.6276040305795,273.71499165584044,268.6705671153227,272.35919189453125,606400,271.3483032226562
2025-09-03,272.61836401072316,273.5654523664749,269.8868066405717,273.266357421875,425800,272.1697631835938
2025-09-04,273.1567264069471,276.6260271693033,270.64449301440663,276.22723388671875,448100,273.1088623046875
2025-09-05,276.42661704986585,279.377498570444,276.42661704986585,279.22796630859375,682600,274.7218811035156
2025-09-08,280.3146203039581,284.10294350481,279.24790608309,282.0492858886719,848600,276.6260070800781
2025-09-09,281.41122181794594,285.1596593507775,278.77936280187026,284.8306579589844,1534000,279.12030029296875
2025-09-10,283.57455979116725,287.2133200935668,281.87977971537094,282.6075439453125,555300,280.98853759765626
2025-09-11,283.8237905382493,289.92495013698016,282.8567746918063,288.4794006347656,688200,283.4389709472656
2025-09-12,286.97402981066926,289.01773871673623,284.52160954704215,284.6412353515625,449900,284.52162475585936
2025-09-15,285.6780453651826,289.904986085602,285.50858561527804,287.07373046875,745200,285.526513671875
2025-09-16,286.5752871543179,287.7516786367429,284.57149394028636,286.58526611328125,458600,285.8774353027344
2025-09-17,286.5752948792659,289.725573207407,285.82760310458974,286.88433837890625,521500,286.7327941894531
2025-09-18,285.3291235611709,289.15730155033935,284.94033968365784,285.0001525878906,639700,286.0369445800781
2025-09-19,286.226345666236,287.6619162056914,281.1719727498765,281.4112243652344,1478500,285.3909423828125
2025-09-22,279.82613338899745,283.1458713869651,279.3874851265388,281.86981201171875,1001600,284.35015869140625
2025-09-23,281.4411220574637,286.445660872745,279.85601930774504,285.7578125,752700,284.18466796875
2025-09-24,286.58526995905635,286.884334495416,283.05615631173384,284.382080078125,366200,283.68421630859376
2025-09-25,284.272392595383,285.6381713018285,282.0293173822311,282.81689453125,534100,283.2475646972656
2025-09-26,283.4748553557778,284.75091465251876,281.859846135927,283.5446472167969,466200,283.67424926757815
2025-09-29,283.6243847054669,287.2332384409646,283.23557041833436,283.4349670410156,1119000,283.9872802734375
2025-09-30,283.4349659973294,284.1926366523445,272.8775628890434,278.7095642089844,1055600,282.5776306152344
2025-10-01,277.573059526066,279.00863002457754,271.7211306859927,274.0738830566406,851500,280.5159912109375
2025-10-02,273.96421922937765,275.2402785769269,271.451985945543,274.59228515625,609600,278.8710693359375
2025-10-03,273.21652476468284,273.79475673944364,270.20583035289974,272.1398620605469,502600,276.5901123046875
2025-10-06,272.767901536757,273.23645624438643,267.5639962299194,269.9466247558594,528400,273.89244384765624
2025-10-07,270.0363314151635,271.2126923964781,267.4742338700224,269.4581298828125,497600,272.0421569824219
2025-10-08,269.607660564113,270.14600710740064,264.59314277353434,267.0555419921875,578800,270.63848876953125
2025-10-09,267.1153534448576,267.1153534448576,260.20668946749424,261.143798828125,668800,267.94879150390625
2025-10-10,260.99423729962274,262.49959965818,259.22969583976095,260.01727294921875,588200,265.52427368164064
2025-10-13,259.8278780794162,263.54637898996464,257.4851044619861,263.247314453125,554100,264.1844116210938
2025-10-14,262.11083294934855,266.8561625621896,261.9612702606053,264.19439697265625,724300,263.1316650390625
2025-10-15,264.1943853413502,266.09851056272197,260.6752508808185,264.922119140625,814100,262.70498046875
2025-10-16,264.88226233183457,265.7396008904667,258.66144660794583,258.9904479980469,712700,262.27431030273436
2025-10-17,260.27646346136686,264.50343474633627,259.5387506871027,263.9750671386719,653900,263.065869140625
2025-10-20,264.2841048746949,266.746504145248,263.8952905786663,266.0985107421875,467600,263.6361083984375
2025-10-21,265.8193922421903,268.64066913000124,264.6330522018239,265.6399230957031,605700,263.9252136230469
2025-10-22,265.63991295499994,267.5041528262217,248.98134950100356,251.16461181640625,1582600,261.1737121582031
2025-10-23,252.01198188176414,252.01198188176414,244.49519442229092,249.8087921142578,1384700,259.33738098144534
2025-10-24,253.52730882150246,256.19905329586436,224.71626030641062,246.31956481933594,3768900,255.80628051757813
2025-10-27,244.35563026096253,250.64620766105165,240.55735865880584,246.45913696289062,1419800,251.87840576171874
2025-10-28,244.42541253752933,246.45914263406289,238.5734832571123,239.63021850585938,1114700,246.67646484375
2025-10-29,237.8257787922269,239.6302057011384,231.11649604763258,232.10345458984375,1571300,242.8642333984375
2025-10-30,232.57200507316125,238.91243173861957,230.28905961691632,234.87490844726562,1192300,239.87745666503906
2025-10-31,235.14406847799347,239.6800681868418,233.10038984167772,239.06198120117188,946200,238.42593994140626
2025-11-03,240.10873884652918,244.39549251005806,235.74221436281485,243.80731201171875,1170400,237.89557495117188
2025-11-04,243.7674503351383,244.2958179486362,237.1279440224929,239.4407958984375,863100,237.8576904296875
2025-11-05,239.8296033079923,244.8241785192336,238.8027593514101,243.27894592285156,1026700,240.09278869628906
2025-11-06,240.7866473856328,242.79045577800898,236.6095404196127,238.8625946044922,807400,240.89032592773438
2025-11-07,238.8625949797732,242.43156351425088,238.0152049194129,241.2252960205078,613000,241.32298889160157
2025-11-10,242.21224930333491,247.20682456249352,241.36485926149751,246.88780212402344,740900,241.9390869140625
2025-11-11,245.71143733914215,249.15081618756093,245.2628253522748,247.9146270751953,535200,243.63385314941405
2025-11-12,246.32952551419592,252.04190120067727,246.32952551419592,249.7190704345703,991600,244.9218780517578
2025-11-13,250.04806776218075,254.8930957145955,249.34024621000617,250.73593139648438,1033000,247.29654541015626
2025-11-14,250.12779798923546,254.07561697471877,246.68841911029682,252.10171508789062,670600,249.47182922363282
2025-11-17,252.28116036523025,254.51427184271327,246.9575988167196,249.4199981689453,779200,249.9782684326172
2025-11-18,249.39999389648438,252.9199981689453,247.92999267578125,249.6300048828125,896600,250.32134399414062
2025-11-19,247.75,248.74000549316406,244.1300048828125,245.75999450683594,952300,249.52952880859374
2025-11-20,248.4499969482422,249.74000549316406,246.47999572753906,248.4199981689453,2417900,249.06634216308595
2025-11-21,248.58999633789062,254.74000549316406,246.07000732421875,251.4199981689453,1221000,248.92999877929688
2025-11-24,251.5399932861328,253.0500030517578,248.10000610351562,249.57000732421875,1428700,248.96000061035156
2025-11-25,250.22000122070312,257.0899963378906,248.22000122070312,255.67999267578125,701400,250.1699981689453
2025-11-26,255.3000030517578,255.99000549316406,251.7899932861328,252.6699981689453,680500,251.5519989013672
2025-11-28,252.6699981689453,254.55999755859375,251.52999877929688,251.99000549316406,1847300,252.26600036621093
