Date,Open,High,Low,Close,Volume,Dividends,Stock Splits,MA5
2021-01-08 00:00:00-05:00,226.0,229.42999267578125,224.83999633789062,227.64999389648438,1666600,0.0,0.0,225.46000061035156
2021-01-11 00:00:00-05:00,226.9499969482422,229.91000366210938,224.0800018310547,228.8300018310547,1655000,0.0,0.0,225.61000061035156
2021-01-12 00:00:00-05:00,229.16000366210938,229.55999755859375,222.52999877929688,225.6199951171875,1345000,0.0,0.0,225.66199951171876
2021-01-13 00:00:00-05:00,228.0,231.6999969482422,227.0500030517578,229.07000732421875,1709100,0.0,0.0,227.4760009765625
2021-01-14 00:00:00-05:00,229.89999389648438,235.69000244140625,227.02000427246094,227.3300018310547,1411200,0.0,0.0,227.7
2021-01-15 00:00:00-05:00,231.97999572753906,231.97999572753906,222.35000610351562,222.55999755859375,2249400,0.0,0.0,226.68200073242187
2021-01-19 00:00:00-05:00,223.5,225.64999389648438,218.22999572753906,221.0399932861328,2015500,0.0,0.0,225.1239990234375
2021-01-20 00:00:00-05:00,223.91000366210938,228.67999267578125,221.25,226.7899932861328,2607900,0.0,0.0,225.35799865722657
2021-01-21 00:00:00-05:00,227.42999267578125,231.97000122070312,225.58999633789062,229.38999938964844,1500900,0.0,0.0,225.4219970703125
2021-01-22 00:00:00-05:00,231.9199981689453,236.05999755859375,230.52999877929688,235.52999877929688,1791700,0.0,0.0,227.06199645996094
2021-01-25 00:00:00-05:00,237.58999633789062,240.60000610351562,230.35000610351562,234.99000549316406,1999900,0.0,0.0,229.547998046875
2021-01-26 00:00:00-05:00,235.22999572753906,236.55999755859375,232.72999572753906,235.60000610351562,1701500,0.0,0.0,232.46000061035156
2021-01-27 00:00:00-05:00,229.1699981689453,232.47000122070312,221.27000427246094,223.4499969482422,2509400,0.0,0.0,231.79200134277343
2021-01-28 00:00:00-05:00,223.55999755859375,230.22000122070312,221.8000030517578,228.55999755859375,2054400,0.0,0.0,231.6260009765625
2021-01-29 00:00:00-05:00,225.5,228.99000549316406,222.8000030517578,227.52999877929688,2835800,0.0,0.0,230.0260009765625
2021-02-01 00:00:00-05:00,228.52000427246094,241.64999389648438,228.52000427246094,236.69000244140625,4139100,0.0,0.0,230.36600036621093
2021-02-02 00:00:00-05:00,238.89999389648438,259.1000061035156,237.7100067138672,257.760009765625,5640000,0.0,0.0,234.79800109863282
2021-02-03 00:00:00-05:00,253.7100067138672,261.6199951171875,253.3699951171875,258.6300048828125,3595100,0.0,0.0,241.83400268554686
2021-02-04 00:00:00-05:00,259.0,265.5,258.2699890136719,264.19000244140625,1723400,0.0,0.0,248.9600036621094
2021-02-05 00:00:00-05:00,264.19000244140625,266.17999267578125,261.2799987792969,263.95001220703125,1852500,0.0,0.0,256.24400634765624
2021-02-08 00:00:00-05:00,269.0,273.3399963378906,268.5299987792969,272.7900085449219,2107800,0.0,0.0,263.46400756835936
2021-02-09 00:00:00-05:00,270.2200012207031,275.8699951171875,267.42999267578125,275.3699951171875,1588900,0.0,0.0,266.9860046386719
2021-02-10 00:00:00-05:00,276.0,277.4100036621094,272.20001220703125,274.0899963378906,1259700,0.0,0.0,270.0780029296875
2021-02-11 00:00:00-05:00,274.42999267578125,278.1400146484375,273.67999267578125,275.989990234375,1510500,0.0,0.0,272.43800048828126
2021-02-12 00:00:00-05:00,276.8299865722656,282.1099853515625,273.989990234375,281.3599853515625,1763800,0.0,0.0,275.9199951171875
2021-02-16 00:00:00-05:00,280.1499938964844,282.7699890136719,272.2099914550781,274.8699951171875,2376300,0.0,0.0,276.33599243164065
2021-02-17 00:00:00-05:00,268.0799865722656,272.67999267578125,266.0899963378906,271.04998779296875,1644900,0.0,0.0,275.47199096679685
2021-02-18 00:00:00-05:00,268.7099914550781,274.30999755859375,266.44000244140625,272.7900085449219,1432300,0.0,0.0,275.2119934082031
2021-02-19 00:00:00-05:00,274.92999267578125,277.1300048828125,273.80999755859375,276.3399963378906,1366200,0.0,0.0,275.28199462890626
2021-02-22 00:00:00-05:00,271.3699951171875,273.3900146484375,266.54998779296875,269.95001220703125,1846600,0.0,0.0,273.0
2021-02-23 00:00:00-05:00,260.5899963378906,265.510009765625,254.1699981689453,261.7300109863281,1943500,0.0,0.0,270.37200317382815
2021-02-24 00:00:00-05:00,261.1499938964844,263.1700134277344,255.22999572753906,262.7799987792969,1841700,0.0,0.0,268.71800537109374
2021-02-25 00:00:00-05:00,261.0,264.94000244140625,249.5800018310547,251.19000244140625,2311600,0.0,0.0,264.39800415039065
2021-02-26 00:00:00-05:00,251.17999267578125,258.6700134277344,242.82000732421875,245.17999267578125,4430200,0.0,0.0,258.16600341796874
2021-03-01 00:00:00-05:00,248.6699981689453,253.52000427246094,244.75,252.8000030517578,2794300,0.0,0.0,254.73600158691406
2021-03-02 00:00:00-05:00,256.7799987792969,256.7799987792969,247.74000549316406,247.9600067138672,1333600,0.0,0.0,251.98200073242188
2021-03-03 00:00:00-05:00,245.8300018310547,246.64999389648438,235.8800048828125,236.6999969482422,1868100,0.0,0.0,246.76600036621093
2021-03-04 00:00:00-05:00,234.67999267578125,237.17999267578125,226.44000244140625,230.35000610351562,2396500,0.0,0.0,242.5980010986328
2021-03-05 00:00:00-05:00,234.52999877929688,237.5800018310547,222.52999877929688,237.02000427246094,2699700,0.0,0.0,240.96600341796875
2021-03-08 00:00:00-05:00,236.47000122070312,240.4600067138672,230.63999938964844,231.07000732421875,1588100,0.0,0.0,236.62000427246093
2021-03-09 00:00:00-05:00,243.92999267578125,248.0,240.94000244140625,245.9199981689453,3271700,0.0,0.0,236.21200256347657
2021-03-10 00:00:00-05:00,250.5399932861328,252.4600067138672,242.52000427246094,242.7100067138672,2032200,0.0,0.0,237.41400451660155
2021-03-11 00:00:00-05:00,248.2899932861328,258.989990234375,247.6699981689453,257.2699890136719,2353800,0.0,0.0,242.79800109863282
2021-03-12 00:00:00-05:00,250.36000061035156,252.9499969482422,246.55999755859375,252.72999572753906,1829400,0.0,0.0,245.93999938964845
2021-03-15 00:00:00-04:00,251.08999633789062,254.9600067138672,246.8699951171875,254.8800048828125,1356000,0.0,0.0,250.70199890136718
2021-03-16 00:00:00-04:00,256.6700134277344,260.4700012207031,254.19000244140625,257.1199951171875,1590900,0.0,0.0,252.94199829101564
2021-03-17 00:00:00-04:00,253.75999450683594,263.2799987792969,250.49000549316406,260.7200012207031,1429000,0.0,0.0,256.5439971923828
2021-03-18 00:00:00-04:00,254.0500030517578,257.3999938964844,248.49000549316406,249.13999938964844,1704200,0.0,0.0,254.91799926757812
2021-03-19 00:00:00-04:00,250.13999938964844,255.6999969482422,247.97000122070312,251.22999572753906,1562000,0.0,0.0,254.6179992675781
2021-03-22 00:00:00-04:00,254.08999633789062,259.8500061035156,251.6300048828125,257.2699890136719,1322500,0.0,0.0,255.09599609375
2021-03-23 00:00:00-04:00,258.7699890136719,261.9800109863281,256.55999755859375,257.3900146484375,789200,0.0,0.0,255.15
2021-03-24 00:00:00-04:00,256.7300109863281,258.0,245.22000122070312,246.07000732421875,1543700,0.0,0.0,252.22000122070312
2021-03-25 00:00:00-04:00,244.16000366210938,249.9199981689453,243.11000061035156,246.14999389648438,1257200,0.0,0.0,251.62200012207032
2021-03-26 00:00:00-04:00,246.9600067138672,251.6300048828125,243.30999755859375,249.66000366210938,1059600,0.0,0.0,251.30800170898436
2021-03-29 00:00:00-04:00,248.60000610351562,248.83999633789062,240.4199981689453,243.1199951171875,1194000,0.0,0.0,248.4780029296875
2021-03-30 00:00:00-04:00,242.4499969482422,244.6199951171875,237.7899932861328,243.22999572753906,850700,0.0,0.0,245.6459991455078
2021-03-31 00:00:00-04:00,244.94000244140625,252.25999450683594,243.7899932861328,248.42999267578125,1293700,0.0,0.0,246.1179962158203
2021-04-01 00:00:00-04:00,253.25999450683594,259.8500061035156,251.91000366210938,254.97000122070312,1451000,0.0,0.0,247.88199768066406
2021-04-05 00:00:00-04:00,255.35000610351562,259.30999755859375,252.63999938964844,255.0,1112700,0.0,0.0,248.9499969482422
2021-04-06 00:00:00-04:00,253.80999755859375,260.4200134277344,251.7899932861328,254.89999389648438,1086200,0.0,0.0,251.30599670410157
2021-04-07 00:00:00-04:00,254.33999633789062,255.88999938964844,251.22000122070312,251.92999267578125,794800,0.0,0.0,253.04599609375
2021-04-08 00:00:00-04:00,256.1499938964844,259.0299987792969,253.7100067138672,257.0400085449219,1193300,0.0,0.0,254.76799926757812
2021-04-09 00:00:00-04:00,255.24000549316406,258.6499938964844,253.74000549316406,257.6099853515625,986500,0.0,0.0,255.29599609375
2021-04-12 00:00:00-04:00,255.08999633789062,259.989990234375,253.0800018310547,259.510009765625,1010900,0.0,0.0,256.197998046875
2021-04-13 00:00:00-04:00,260.0199890136719,268.8800048828125,260.0199890136719,265.92999267578125,1847800,0.0,0.0,258.40399780273435
2021-04-14 00:00:00-04:00,267.9599914550781,268.1600036621094,259.260009765625,259.8500061035156,1170900,0.0,0.0,259.9880004882813
2021-04-15 00:00:00-04:00,262.260009765625,263.7099914550781,254.14999389648438,260.2900085449219,3172900,0.0,0.0,260.63800048828125
2021-04-16 00:00:00-04:00,255.63999938964844,258.4800109863281,253.88999938964844,256.3500061035156,1364400,0.0,0.0,260.38600463867186
2021-04-19 00:00:00-04:00,254.63999938964844,257.489990234375,251.38999938964844,254.50999450683594,1210000,0.0,0.0,259.38600158691406
2021-04-20 00:00:00-04:00,253.80999755859375,255.50999450683594,248.58999633789062,249.9199981689453,1012100,0.0,0.0,256.1840026855469
2021-04-21 00:00:00-04:00,249.67999267578125,252.4600067138672,248.02000427246094,251.6199951171875,679600,0.0,0.0,254.53800048828126
2021-04-22 00:00:00-04:00,251.00999450683594,255.5399932861328,249.47999572753906,252.9499969482422,1744100,0.0,0.0,253.06999816894532
2021-04-23 00:00:00-04:00,254.4600067138672,257.489990234375,254.17999267578125,254.8000030517578,1098000,0.0,0.0,252.75999755859374
2021-04-26 00:00:00-04:00,254.8000030517578,259.239990234375,254.27999877929688,259.239990234375,855600,0.0,0.0,253.70599670410155
2021-04-27 00:00:00-04:00,260.0,262.07000732421875,258.32000732421875,261.3299865722656,1133000,0.0,0.0,255.9879943847656
2021-04-28 00:00:00-04:00,260.2300109863281,262.69000244140625,258.4599914550781,260.8900146484375,796800,0.0,0.0,257.8419982910156
2021-04-29 00:00:00-04:00,258.6199951171875,259.3599853515625,251.6999969482422,254.6699981689453,1272400,0.0,0.0,258.1859985351563
2021-04-30 00:00:00-04:00,251.25,253.57000732421875,246.77999877929688,247.0,2023000,0.0,0.0,256.62599792480466
2021-05-03 00:00:00-04:00,248.35000610351562,250.19000244140625,243.05999755859375,243.75,1280300,0.0,0.0,253.5279998779297
2021-05-04 00:00:00-04:00,240.25999450683594,241.39999389648438,233.24000549316406,237.16000366210938,2164200,0.0,0.0,248.69400329589843
2021-05-05 00:00:00-04:00,238.41000366210938,239.99000549316406,234.75999450683594,235.94000244140625,900500,0.0,0.0,243.7040008544922
2021-05-06 00:00:00-04:00,236.00999450683594,237.97999572753906,231.13999938964844,234.92999267578125,1478100,0.0,0.0,239.75599975585936
2021-05-07 00:00:00-04:00,236.5,242.3800048828125,235.3300018310547,236.7100067138672,1384100,0.0,0.0,237.6980010986328
2021-05-10 00:00:00-04:00,235.19000244140625,236.5800018310547,231.3800048828125,232.2899932861328,1248300,0.0,0.0,235.40599975585937
2021-05-11 00:00:00-04:00,226.52999877929688,239.2100067138672,225.00999450683594,236.89999389648438,1472100,0.0,0.0,235.35399780273437
2021-05-12 00:00:00-04:00,232.32000732421875,234.8000030517578,223.1999969482422,224.5,2953500,0.0,0.0,233.0659973144531
2021-05-13 00:00:00-04:00,227.8300018310547,230.25,219.86000061035156,222.5800018310547,2438500,0.0,0.0,230.59599914550782
2021-05-14 00:00:00-04:00,225.6300048828125,229.74000549316406,222.97000122070312,228.77000427246094,1853900,0.0,0.0,229.00799865722655
2021-05-17 00:00:00-04:00,225.83999633789062,229.67999267578125,224.7100067138672,229.4499969482422,1274800,0.0,0.0,228.43999938964845
2021-05-18 00:00:00-04:00,230.00999450683594,230.94000244140625,224.27999877929688,225.08999633789062,1637300,0.0,0.0,226.0779998779297
2021-05-19 00:00:00-04:00,219.2899932861328,226.11000061035156,217.60000610351562,226.0,1707900,0.0,0.0,226.37799987792968
2021-05-20 00:00:00-04:00,229.35000610351562,236.07000732421875,226.27999877929688,233.42999267578125,1806400,0.0,0.0,228.547998046875
2021-05-21 00:00:00-04:00,235.3300018310547,236.91000366210938,231.19000244140625,231.4199981689453,1168200,0.0,0.0,229.07799682617187
2021-05-24 00:00:00-04:00,235.6300048828125,237.0,233.24000549316406,234.0,1107100,0.0,0.0,229.98799743652344
2021-05-25 00:00:00-04:00,236.08999633789062,237.83999633789062,234.55999755859375,236.57000732421875,2244500,0.0,0.0,232.28399963378905
2021-05-26 00:00:00-04:00,238.52999877929688,240.75,234.97000122070312,237.07000732421875,2273700,0.0,0.0,234.4980010986328
2021-05-27 00:00:00-04:00,232.5,233.49000549316406,226.49000549316406,229.35000610351562,5349200,0.0,0.0,233.6820037841797
2021-05-28 00:00:00-04:00,230.89999389648438,233.0,228.35000610351562,228.72000122070312,2007400,0.0,0.0,233.14200439453126
2021-06-01 00:00:00-04:00,229.22999572753906,229.74000549316406,224.3300018310547,226.41000366210938,2801100,0.0,0.0,231.62400512695314
2021-06-02 00:00:00-04:00,226.5,232.88999938964844,225.52999877929688,226.8300018310547,1525700,0.0,0.0,229.6760040283203
2021-06-03 00:00:00-04:00,223.1300048828125,224.22000122070312,220.82000732421875,221.24000549316406,1668900,0.0,0.0,226.51000366210937
2021-06-04 00:00:00-04:00,223.0800018310547,226.0,222.5800018310547,223.30999755859375,1508000,0.0,0.0,225.302001953125
2021-06-07 00:00:00-04:00,223.5,226.5,222.0,225.64999389648438,1024100,0.0,0.0,224.68800048828126
2021-06-08 00:00:00-04:00,226.4199981689453,229.4499969482422,223.8000030517578,224.72000122070312,1422600,0.0,0.0,224.35
2021-06-09 00:00:00-04:00,226.99000549316406,228.97999572753906,224.2899932861328,225.4600067138672,1710800,0.0,0.0,224.0760009765625
2021-06-10 00:00:00-04:00,225.27999877929688,229.60000610351562,224.52000427246094,229.07000732421875,1551000,0.0,0.0,225.64200134277343
2021-06-11 00:00:00-04:00,228.25,230.58999633789062,227.6300048828125,230.08999633789062,1050800,0.0,0.0,226.9980010986328
2021-06-14 00:00:00-04:00,230.66000366210938,233.38999938964844,228.9199981689453,232.27999877929688,1206400,0.0,0.0,228.32400207519532
2021-06-15 00:00:00-04:00,231.92999267578125,232.10000610351562,229.64999389648438,231.80999755859375,1952800,0.0,0.0,229.74200134277345
2021-06-16 00:00:00-04:00,232.10000610351562,234.3800048828125,226.0,230.1999969482422,1883900,0.0,0.0,230.68999938964845
2021-06-17 00:00:00-04:00,229.10000610351562,237.35000610351562,228.05999755859375,235.0399932861328,1526600,0.0,0.0,231.88399658203124
2021-06-18 00:00:00-04:00,233.66000366210938,236.99000549316406,232.94000244140625,236.49000549316406,2209300,0.0,0.0,233.16399841308595
2021-06-21 00:00:00-04:00,235.9199981689453,238.58999633789062,233.0,236.92999267578125,1080300,0.0,0.0,234.0939971923828
2021-06-22 00:00:00-04:00,236.52999877929688,239.4199981689453,236.27000427246094,238.97000122070312,1228600,0.0,0.0,235.5259979248047
2021-06-23 00:00:00-04:00,238.0,239.9600067138672,237.69000244140625,238.69000244140625,742000,0.0,0.0,237.2239990234375
2021-06-24 00:00:00-04:00,239.22999572753906,243.3699951171875,239.22999572753906,241.7100067138672,1245700,0.0,0.0,238.55800170898436
2021-06-25 00:00:00-04:00,242.97000122070312,243.39999389648438,240.0500030517578,243.0,1316300,0.0,0.0,239.86000061035156
2021-06-28 00:00:00-04:00,243.36000061035156,246.3300018310547,241.36000061035156,242.91000366210938,995100,0.0,0.0,241.05600280761718
2021-06-29 00:00:00-04:00,242.5,246.44000244140625,241.13999938964844,246.38999938964844,1079300,0.0,0.0,242.54000244140624
2021-06-30 00:00:00-04:00,246.61000061035156,246.61000061035156,238.47000122070312,238.74000549316406,1284300,0.0,0.0,242.5500030517578
2021-07-01 00:00:00-04:00,238.11000061035156,239.3300018310547,233.57000732421875,235.50999450683594,2133000,0.0,0.0,241.31000061035155
2021-07-02 00:00:00-04:00,236.97000122070312,239.58999633789062,236.05999755859375,238.3000030517578,1378400,0.0,0.0,240.37000122070313
2021-07-06 00:00:00-04:00,238.55999755859375,241.6999969482422,236.1999969482422,238.5500030517578,1539000,0.0,0.0,239.4980010986328
2021-07-07 00:00:00-04:00,239.30999755859375,243.5800018310547,238.52000427246094,238.64999389648438,1185100,0.0,0.0,237.95
2021-07-08 00:00:00-04:00,235.07000732421875,238.9199981689453,231.74000549316406,237.08999633789062,1154700,0.0,0.0,237.6199981689453
2021-07-09 00:00:00-04:00,236.2100067138672,241.17999267578125,233.91000366210938,239.94000244140625,1320600,0.0,0.0,238.50599975585936
2021-07-12 00:00:00-04:00,241.5399932861328,242.4600067138672,235.47999572753906,236.38999938964844,980400,0.0,0.0,238.1239990234375
2021-07-13 00:00:00-04:00,233.41000366210938,237.55999755859375,232.8300018310547,232.99000549316406,1113500,0.0,0.0,237.01199951171876
2021-07-14 00:00:00-04:00,234.5399932861328,235.72000122070312,231.24000549316406,232.02999877929688,980900,0.0,0.0,235.68800048828126
2021-07-15 00:00:00-04:00,231.33999633789062,232.0399932861328,226.16000366210938,228.6999969482422,1812600,0.0,0.0,234.01000061035157
2021-07-16 00:00:00-04:00,230.0,231.0,226.85000610351562,227.52999877929688,1224400,0.0,0.0,231.5279998779297
2021-07-19 00:00:00-04:00,225.7100067138672,227.8699951171875,223.69000244140625,226.14999389648438,1255400,0.0,0.0,229.47999877929686
2021-07-20 00:00:00-04:00,227.1999969482422,233.5800018310547,225.5500030517578,230.8300018310547,1534800,0.0,0.0,229.047998046875
2021-07-21 00:00:00-04:00,228.61000061035156,237.6199951171875,228.1199951171875,237.36000061035156,1259600,0.0,0.0,230.11399841308594
2021-07-22 00:00:00-04:00,237.0,239.35000610351562,237.0,237.9199981689453,932700,0.0,0.0,231.95799865722657
2021-07-23 00:00:00-04:00,238.80999755859375,242.05999755859375,237.72999572753906,240.39999389648438,1107700,0.0,0.0,234.53199768066406
2021-07-26 00:00:00-04:00,240.5500030517578,240.5500030517578,237.94000244140625,238.61000061035156,870200,0.0,0.0,237.0239990234375
2021-07-27 00:00:00-04:00,238.89999389648438,239.30999755859375,220.00999450683594,230.66000366210938,7730300,0.0,0.0,236.98999938964843
2021-07-28 00:00:00-04:00,232.0,235.5399932861328,231.25999450683594,234.38999938964844,1651400,0.0,0.0,236.3959991455078
2021-07-29 00:00:00-04:00,235.2100067138672,237.44000244140625,234.25,235.25,1296800,0.0,0.0,235.86199951171875
2021-07-30 00:00:00-04:00,233.3300018310547,235.36000061035156,233.00999450683594,234.39999389648438,921700,0.0,0.0,234.66199951171876
2021-08-02 00:00:00-04:00,235.10000610351562,236.32000732421875,232.4199981689453,233.64999389648438,706700,0.0,0.0,233.6699981689453
2021-08-03 00:00:00-04:00,238.25999450683594,238.30999755859375,231.35000610351562,235.36000061035156,2229600,0.0,0.0,234.60999755859376
2021-08-04 00:00:00-04:00,235.1699981689453,235.7899932861328,231.75,232.22999572753906,1063000,0.0,0.0,234.17799682617186
2021-08-05 00:00:00-04:00,231.77999877929688,236.9600067138672,230.32000732421875,236.0,2520700,0.0,0.0,234.32799682617187
2021-08-06 00:00:00-04:00,234.6199951171875,237.10000610351562,233.39999389648438,235.72000122070312,1031000,0.0,0.0,234.5919982910156
2021-08-09 00:00:00-04:00,236.5800018310547,236.5800018310547,233.92999267578125,234.19000244140625,1424200,0.0,0.0,234.7
2021-08-10 00:00:00-04:00,237.61000061035156,238.0,230.0500030517578,230.6999969482422,842000,0.0,0.0,233.76799926757812
2021-08-11 00:00:00-04:00,231.88999938964844,232.8000030517578,229.00999450683594,231.3699951171875,830800,0.0,0.0,233.59599914550782
2021-08-12 00:00:00-04:00,230.5800018310547,236.9199981689453,230.5800018310547,235.3300018310547,997500,0.0,0.0,233.46199951171874
2021-08-13 00:00:00-04:00,235.38999938964844,238.97999572753906,234.5800018310547,236.67999267578125,743600,0.0,0.0,233.65399780273438
2021-08-16 00:00:00-04:00,236.0800018310547,236.0800018310547,230.72000122070312,232.5800018310547,1141300,0.0,0.0,233.33199768066407
2021-08-17 00:00:00-04:00,230.42999267578125,232.6199951171875,228.07000732421875,231.36000061035156,1049400,0.0,0.0,233.46399841308593
2021-08-18 00:00:00-04:00,231.6300048828125,233.63999938964844,230.60000610351562,231.5800018310547,1638300,0.0,0.0,233.50599975585936
2021-08-19 00:00:00-04:00,231.16000366210938,233.13999938964844,228.58999633789062,231.89999389648438,1313400,0.0,0.0,232.81999816894532
2021-08-20 00:00:00-04:00,232.30999755859375,238.7100067138672,232.30999755859375,235.9499969482422,1553900,0.0,0.0,232.6739990234375
2021-08-23 00:00:00-04:00,235.9499969482422,242.82000732421875,235.6199951171875,242.6199951171875,1662000,0.0,0.0,234.68199768066407
2021-08-24 00:00:00-04:00,245.3300018310547,245.89999389648438,242.2100067138672,245.80999755859375,1258700,0.0,0.0,237.5719970703125
2021-08-25 00:00:00-04:00,245.36000061035156,246.7899932861328,244.1999969482422,246.11000061035156,989200,0.0,0.0,240.47799682617188
2021-08-26 00:00:00-04:00,247.0,248.4600067138672,245.0,246.75999450683594,3036300,0.0,0.0,243.4499969482422
2021-08-27 00:00:00-04:00,265.0299987792969,274.94000244140625,263.2699890136719,269.2799987792969,7411600,0.0,0.0,250.11599731445312
2021-08-30 00:00:00-04:00,270.8800048828125,273.6400146484375,268.6300048828125,271.3699951171875,1904600,0.0,0.0,255.86599731445312
2021-08-31 00:00:00-04:00,271.29998779296875,275.7099914550781,269.6600036621094,273.1600036621094,2074900,0.0,0.0,261.33599853515625
2021-09-01 00:00:00-04:00,274.0,275.8999938964844,271.29998779296875,273.3699951171875,1800200,0.0,0.0,266.7879974365234
2021-09-02 00:00:00-04:00,272.7799987792969,274.3299865722656,269.4599914550781,271.32000732421875,917800,0.0,0.0,271.7
2021-09-03 00:00:00-04:00,270.9200134277344,278.2300109863281,269.69000244140625,277.739990234375,1382600,0.0,0.0,273.3919982910156
2021-09-07 00:00:00-04:00,276.5299987792969,277.5799865722656,273.6199951171875,274.3699951171875,1761100,0.0,0.0,273.99199829101565
2021-09-08 00:00:00-04:00,275.1400146484375,275.6300048828125,271.5400085449219,272.20001220703125,1003600,0.0,0.0,273.8
2021-09-09 00:00:00-04:00,271.7300109863281,273.6199951171875,269.7099914550781,270.0,1266800,0.0,0.0,273.1260009765625
2021-09-10 00:00:00-04:00,271.32000732421875,271.9200134277344,267.1099853515625,267.5299987792969,1225500,0.0,0.0,272.3679992675781
2021-09-13 00:00:00-04:00,268.07000732421875,268.7900085449219,262.19000244140625,267.75,1222900,0.0,0.0,270.3700012207031
2021-09-14 00:00:00-04:00,268.760009765625,271.739990234375,267.989990234375,269.7799987792969,1163500,0.0,0.0,269.452001953125
2021-09-15 00:00:00-04:00,269.9700012207031,271.5799865722656,267.1400146484375,269.8500061035156,1065000,0.0,0.0,268.98200073242185
2021-09-16 00:00:00-04:00,268.489990234375,271.489990234375,267.7300109863281,271.07000732421875,986600,0.0,0.0,269.1960021972656
2021-09-17 00:00:00-04:00,271.8900146484375,272.54998779296875,266.3500061035156,268.510009765625,2041000,0.0,0.0,269.3920043945312
2021-09-20 00:00:00-04:00,266.7099914550781,267.4700012207031,262.5799865722656,267.19000244140625,2206000,0.0,0.0,269.2800048828125
2021-09-21 00:00:00-04:00,268.5,272.4100036621094,266.75,270.17999267578125,1797600,0.0,0.0,269.36000366210936
2021-09-22 00:00:00-04:00,271.6400146484375,274.9800109863281,269.3699951171875,270.7099914550781,2622500,0.0,0.0,269.53200073242186
2021-09-23 00:00:00-04:00,272.25,273.9800109863281,264.54998779296875,270.07000732421875,1923100,0.0,0.0,269.3320007324219
2021-09-24 00:00:00-04:00,269.1499938964844,270.2200012207031,265.8999938964844,268.42999267578125,1108000,0.0,0.0,269.3159973144531
2021-09-27 00:00:00-04:00,265.6700134277344,266.8800048828125,262.2099914550781,263.7799987792969,1107700,0.0,0.0,268.6339965820313
2021-09-28 00:00:00-04:00,258.9700012207031,259.3699951171875,252.00999450683594,252.3699951171875,2121300,0.0,0.0,265.0719970703125
2021-09-29 00:00:00-04:00,254.85000610351562,257.6099853515625,246.94000244140625,249.50999450683594,1679800,0.0,0.0,260.8319976806641
2021-09-30 00:00:00-04:00,250.3300018310547,253.61000061035156,249.02000427246094,249.88999938964844,1041500,0.0,0.0,256.79599609375
2021-10-01 00:00:00-04:00,250.0,256.0,247.4199981689453,254.5500030517578,1813700,0.0,0.0,254.0199981689453
2021-10-04 00:00:00-04:00,253.82000732421875,254.02000427246094,246.4499969482422,249.67999267578125,1593500,0.0,0.0,251.1999969482422
2021-10-05 00:00:00-04:00,250.47999572753906,253.14999389648438,249.22000122070312,252.0500030517578,757600,0.0,0.0,251.13599853515626
2021-10-06 00:00:00-04:00,249.36000061035156,256.54998779296875,248.30999755859375,256.3299865722656,1572600,0.0,0.0,252.4999969482422
2021-10-07 00:00:00-04:00,258.3500061035156,262.20001220703125,257.5799865722656,257.8599853515625,781100,0.0,0.0,254.093994140625
2021-10-08 00:00:00-04:00,258.1000061035156,259.4700012207031,254.5,255.89999389648438,941100,0.0,0.0,254.3639923095703
2021-10-11 00:00:00-04:00,254.85000610351562,258.92999267578125,252.58999633789062,253.6699981689453,900000,0.0,0.0,255.16199340820313
2021-10-12 00:00:00-04:00,255.47000122070312,260.4800109863281,254.55999755859375,257.19000244140625,1164400,0.0,0.0,256.1899932861328
2021-10-13 00:00:00-04:00,262.7200012207031,273.54998779296875,262.6099853515625,266.6000061035156,2510400,0.0,0.0,258.24399719238284
2021-10-14 00:00:00-04:00,269.489990234375,273.3900146484375,268.1400146484375,271.1099853515625,1353700,0.0,0.0,260.8939971923828
2021-10-15 00:00:00-04:00,270.8599853515625,272.3500061035156,268.1499938964844,270.989990234375,1641800,0.0,0.0,263.91199645996096
2021-10-18 00:00:00-04:00,267.9599914550781,273.0400085449219,267.0,272.6700134277344,849400,0.0,0.0,267.7119995117188
2021-10-19 00:00:00-04:00,273.4100036621094,278.4700012207031,272.5899963378906,277.2699890136719,1165100,0.0,0.0,271.7279968261719
2021-10-20 00:00:00-04:00,277.5,279.69000244140625,274.5400085449219,277.260009765625,782800,0.0,0.0,273.85999755859376
2021-10-21 00:00:00-04:00,277.0,281.67999267578125,275.3399963378906,281.010009765625,1239100,0.0,0.0,275.8400024414062
2021-10-22 00:00:00-04:00,282.2699890136719,284.79998779296875,279.04998779296875,280.7900085449219,1069700,0.0,0.0,277.8000061035156
2021-10-25 00:00:00-04:00,279.2900085449219,284.6000061035156,278.5299987792969,282.1499938964844,1717000,0.0,0.0,279.6960021972656
2021-10-26 00:00:00-04:00,284.4800109863281,285.8500061035156,281.0799865722656,282.760009765625,868300,0.0,0.0,280.79400634765625
2021-10-27 00:00:00-04:00,283.0,286.54998779296875,280.55999755859375,283.1300048828125,1092100,0.0,0.0,281.96800537109374
2021-10-28 00:00:00-04:00,282.94000244140625,288.5799865722656,280.94000244140625,286.739990234375,894800,0.0,0.0,283.11400146484374
2021-10-29 00:00:00-04:00,288.29998779296875,292.6199951171875,286.3299865722656,289.9800109863281,1603800,0.0,0.0,284.952001953125
2021-11-01 00:00:00-04:00,291.1099853515625,291.989990234375,285.95001220703125,288.07000732421875,942700,0.0,0.0,286.13600463867186
2021-11-02 00:00:00-04:00,289.989990234375,291.7200012207031,288.5299987792969,291.2799987792969,840900,0.0,0.0,287.8400024414062
2021-11-03 00:00:00-04:00,290.54998779296875,292.1499938964844,287.42999267578125,288.9599914550781,810900,0.0,0.0,289.00599975585936
2021-11-04 00:00:00-04:00,289.9599914550781,292.8599853515625,286.8999938964844,290.4800109863281,1276200,0.0,0.0,289.75400390625
2021-11-05 00:00:00-04:00,291.739990234375,291.739990234375,287.0199890136719,289.9200134277344,1008400,0.0,0.0,289.74200439453125
2021-11-08 00:00:00-05:00,291.54998779296875,293.82000732421875,289.8500061035156,292.7300109863281,988900,0.0,0.0,290.67400512695315
2021-11-09 00:00:00-05:00,294.0299987792969,294.489990234375,290.2099914550781,293.4800109863281,910600,0.0,0.0,291.1140075683594
2021-11-10 00:00:00-05:00,291.989990234375,298.2200012207031,287.8699951171875,291.010009765625,3112700,0.0,0.0,291.5240112304688
2021-11-11 00:00:00-05:00,291.5,298.45001220703125,291.5,295.239990234375,1295700,0.0,0.0,292.47600708007815
2021-11-12 00:00:00-05:00,297.1300048828125,300.7799987792969,295.75,296.45001220703125,1455900,0.0,0.0,293.7820068359375
2021-11-15 00:00:00-05:00,297.1300048828125,299.0,294.44000244140625,295.6000061035156,1262900,0.0,0.0,294.356005859375
2021-11-16 00:00:00-05:00,300.4599914550781,303.3299865722656,296.0199890136719,299.8399963378906,2522900,0.0,0.0,295.6280029296875
2021-11-17 00:00:00-05:00,304.5199890136719,307.80999755859375,298.5400085449219,300.8999938964844,1952400,0.0,0.0,297.6059997558594
2021-11-18 00:00:00-05:00,300.0400085449219,301.7799987792969,294.0,299.0899963378906,2787800,0.0,0.0,298.3760009765625
2021-11-19 00:00:00-05:00,287.510009765625,297.5,279.80999755859375,286.6000061035156,6699600,0.0,0.0,296.4059997558594
2021-11-22 00:00:00-05:00,285.510009765625,286.7099914550781,274.3599853515625,274.75,2941100,0.0,0.0,292.2359985351562
2021-11-23 00:00:00-05:00,273.57000732421875,280.7900085449219,268.6300048828125,274.2799987792969,2292300,0.0,0.0,287.1239990234375
2021-11-24 00:00:00-05:00,270.510009765625,278.5199890136719,268.3699951171875,277.8800048828125,1631000,0.0,0.0,282.52000122070314
2021-11-26 00:00:00-05:00,276.5,282.6600036621094,276.010009765625,277.54998779296875,1516900,0.0,0.0,278.2119995117188
2021-11-29 00:00:00-05:00,280.3299865722656,284.82000732421875,277.1300048828125,281.5899963378906,1262700,0.0,0.0,277.2099975585937
2021-11-30 00:00:00-05:00,282.94000244140625,284.25,272.94000244140625,274.2300109863281,1980500,0.0,0.0,277.1059997558594
2021-12-01 00:00:00-05:00,275.80999755859375,276.9200134277344,260.07000732421875,260.8599853515625,2561800,0.0,0.0,274.4219970703125
2021-12-02 00:00:00-05:00,260.25,268.3699951171875,260.0,266.6600036621094,1900500,0.0,0.0,272.17799682617186
2021-12-03 00:00:00-05:00,267.67999267578125,269.9800109863281,259.8699951171875,266.989990234375,2474200,0.0,0.0,270.0659973144531
2021-12-06 00:00:00-05:00,266.0199890136719,269.4599914550781,258.2200012207031,269.0899963378906,1989400,0.0,0.0,267.5659973144531
2021-12-07 00:00:00-05:00,272.0,283.1499938964844,271.6700134277344,280.239990234375,1776400,0.0,0.0,268.7679931640625
2021-12-08 00:00:00-05:00,281.7300109863281,284.3900146484375,275.489990234375,282.29998779296875,964600,0.0,0.0,273.0559936523438
2021-12-09 00:00:00-05:00,281.70001220703125,285.5799865722656,276.7099914550781,279.3500061035156,1371700,0.0,0.0,275.593994140625
2021-12-10 00:00:00-05:00,280.4599914550781,284.6099853515625,277.4200134277344,279.67999267578125,1281500,0.0,0.0,278.1319946289062
2021-12-13 00:00:00-05:00,279.55999755859375,283.6700134277344,278.5799865722656,280.9200134277344,1133600,0.0,0.0,280.497998046875
2021-12-14 00:00:00-05:00,276.3599853515625,277.9100036621094,267.8299865722656,273.3500061035156,1726300,0.0,0.0,279.1200012207031
2021-12-15 00:00:00-05:00,273.4599914550781,280.45001220703125,268.0899963378906,279.2200012207031,1736400,0.0,0.0,278.50400390625
2021-12-16 00:00:00-05:00,277.3299865722656,278.3699951171875,269.260009765625,272.2300109863281,1206800,0.0,0.0,277.0800048828125
2021-12-17 00:00:00-05:00,267.0799865722656,275.4700012207031,265.2900085449219,273.8800048828125,2205600,0.0,0.0,275.9200073242188
2021-12-20 00:00:00-05:00,268.20001220703125,272.55999755859375,266.3399963378906,269.70001220703125,1023800,0.0,0.0,273.67600708007814
2021-12-21 00:00:00-05:00,269.6400146484375,279.54998779296875,267.0,278.8599853515625,1418800,0.0,0.0,274.7780029296875
2021-12-22 00:00:00-05:00,278.8599853515625,280.6499938964844,275.8399963378906,277.8800048828125,1012600,0.0,0.0,274.5100036621094
2021-12-23 00:00:00-05:00,278.9700012207031,279.989990234375,274.7300109863281,278.04998779296875,796300,0.0,0.0,275.6739990234375
2021-12-27 00:00:00-05:00,278.3599853515625,280.9100036621094,276.3500061035156,279.3500061035156,1055500,0.0,0.0,276.76799926757815
2021-12-28 00:00:00-05:00,280.7300109863281,280.7300109863281,274.7300109863281,275.79998779296875,859300,0.0,0.0,277.9879943847656
2021-12-29 00:00:00-05:00,275.3999938964844,276.1199951171875,271.67999267578125,275.75,757400,0.0,0.0,277.3659973144531
2021-12-30 00:00:00-05:00,277.55999755859375,279.57000732421875,276.29998779296875,276.5,1535400,0.0,0.0,277.0899963378906
2021-12-31 00:00:00-05:00,275.5199890136719,277.2900085449219,272.79998779296875,273.17999267578125,754300,0.0,0.0,276.1159973144531
2022-01-03 00:00:00-05:00,271.9599914550781,272.5,261.07000732421875,263.7200012207031,2839500,0.0,0.0,272.9899963378906
2022-01-04 00:00:00-05:00,263.7200012207031,263.95001220703125,245.02000427246094,253.05999755859375,5095000,0.0,0.0,268.44199829101564
2022-01-05 00:00:00-05:00,250.47000122070312,257.3800048828125,246.00999450683594,248.25999450683594,2955200,0.0,0.0,262.9439971923828
2022-01-06 00:00:00-05:00,246.4499969482422,256.5,245.19000244140625,250.6300048828125,2943900,0.0,0.0,257.76999816894534
2022-01-07 00:00:00-05:00,250.30999755859375,256.489990234375,246.02999877929688,250.24000549316406,1176100,0.0,0.0,253.18200073242187
2022-01-10 00:00:00-05:00,245.27000427246094,252.3800048828125,241.72000122070312,252.30999755859375,2077400,0.0,0.0,250.9
2022-01-11 00:00:00-05:00,250.10000610351562,256.54998779296875,248.3699951171875,255.72000122070312,2406400,0.0,0.0,251.43200073242187
2022-01-12 00:00:00-05:00,256.9800109863281,261.8900146484375,255.8800048828125,257.9599914550781,1876500,0.0,0.0,253.37200012207032
2022-01-13 00:00:00-05:00,258.44000244140625,260.6000061035156,248.8699951171875,249.41000366210938,1773000,0.0,0.0,253.12799987792968
2022-01-14 00:00:00-05:00,249.8300018310547,255.07000732421875,248.10000610351562,254.30999755859375,2200400,0.0,0.0,253.94199829101564
2022-01-18 00:00:00-05:00,246.7100067138672,252.69000244140625,243.9499969482422,245.86000061035156,2293600,0.0,0.0,252.6519989013672
2022-01-19 00:00:00-05:00,246.77999877929688,255.1699981689453,246.10000610351562,249.4600067138672,1444800,0.0,0.0,251.4
2022-01-20 00:00:00-05:00,255.4199981689453,260.4599914550781,251.25,251.77000427246094,1817300,0.0,0.0,250.16200256347656
2022-01-21 00:00:00-05:00,251.05999755859375,253.13999938964844,244.38999938964844,245.69000244140625,1953000,0.0,0.0,249.41800231933593
2022-01-24 00:00:00-05:00,240.86000061035156,248.02999877929688,233.30999755859375,247.6300048828125,2865300,0.0,0.0,248.08200378417968
2022-01-25 00:00:00-05:00,241.5500030517578,248.0,235.1199951171875,236.11000061035156,2640500,0.0,0.0,246.1320037841797
2022-01-26 00:00:00-05:00,240.5399932861328,241.38999938964844,223.6199951171875,225.0399932861328,4879500,0.0,0.0,241.2480010986328
2022-01-27 00:00:00-05:00,229.52999877929688,235.5,225.72999572753906,226.17999267578125,2157500,0.0,0.0,236.12999877929687
2022-01-28 00:00:00-05:00,226.5500030517578,238.74000549316406,223.52000427246094,238.17999267578125,2441600,0.0,0.0,234.62799682617188
2022-01-31 00:00:00-05:00,239.4499969482422,253.32000732421875,238.35000610351562,253.00999450683594,3089900,0.0,0.0,235.70399475097656
2022-02-01 00:00:00-05:00,256.9599914550781,257.0,246.9499969482422,252.74000549316406,1916800,0.0,0.0,239.02999572753907
2022-02-02 00:00:00-05:00,252.75,252.88999938964844,239.9499969482422,242.85000610351562,3112200,0.0,0.0,242.5919982910156
2022-02-03 00:00:00-05:00,237.63999938964844,239.32000732421875,231.38999938964844,233.02000427246094,2795300,0.0,0.0,243.96000061035156
2022-02-04 00:00:00-05:00,234.22000122070312,240.22999572753906,231.8800048828125,236.7899932861328,1738000,0.0,0.0,243.68200073242187
2022-02-07 00:00:00-05:00,237.5,242.82000732421875,235.66000366210938,236.4499969482422,1551500,0.0,0.0,240.37000122070313
2022-02-08 00:00:00-05:00,234.50999450683594,239.6999969482422,232.00999450683594,238.50999450683594,1543800,0.0,0.0,237.5239990234375
2022-02-09 00:00:00-05:00,243.72999572753906,246.33999633789062,240.99000549316406,243.4499969482422,1694400,0.0,0.0,237.6439971923828
2022-02-10 00:00:00-05:00,237.0399932861328,243.66000366210938,236.10000610351562,239.63999938964844,1385500,0.0,0.0,238.9679962158203
2022-02-11 00:00:00-05:00,240.63999938964844,243.8699951171875,231.86000061035156,232.77000427246094,1407500,0.0,0.0,238.16399841308595
2022-02-14 00:00:00-05:00,232.44000244140625,236.1999969482422,230.35000610351562,232.97999572753906,1731800,0.0,0.0,237.46999816894532
2022-02-15 00:00:00-05:00,237.69000244140625,238.6199951171875,231.35000610351562,235.4600067138672,1828800,0.0,0.0,236.86000061035156
2022-02-16 00:00:00-05:00,232.17999267578125,235.0,226.0,228.30999755859375,2450200,0.0,0.0,233.83200073242188
2022-02-17 00:00:00-05:00,226.6300048828125,226.94000244140625,216.5399932861328,216.7100067138672,2740200,0.0,0.0,229.24600219726562
2022-02-18 00:00:00-05:00,215.77999877929688,218.33999633789062,212.22999572753906,214.47000122070312,2326600,0.0,0.0,225.58600158691405
2022-02-22 00:00:00-05:00,214.3800048828125,225.69000244140625,213.0,218.08999633789062,3633400,0.0,0.0,222.60800170898438
2022-02-23 00:00:00-05:00,219.17999267578125,222.0800018310547,212.69000244140625,213.00999450683594,1860400,0.0,0.0,218.1179992675781
2022-02-24 00:00:00-05:00,206.55999755859375,223.10000610351562,205.89999389648438,222.36000061035156,2630800,0.0,0.0,216.9279998779297
2022-02-25 00:00:00-05:00,220.24000549316406,225.3800048828125,219.0800018310547,225.22999572753906,2646900,0.0,0.0,218.63199768066406
2022-02-28 00:00:00-05:00,225.5399932861328,231.72999572753906,223.66000366210938,229.0500030517578,3994400,0.0,0.0,221.547998046875
2022-03-01 00:00:00-05:00,245.97999572753906,249.8800048828125,237.72000122070312,240.3300018310547,6644200,0.0,0.0,225.99599914550782
2022-03-02 00:00:00-05:00,239.24000549316406,249.91000366210938,235.60000610351562,248.38999938964844,4024400,0.0,0.0,233.0720001220703
2022-03-03 00:00:00-05:00,250.0,250.0,241.77000427246094,245.3699951171875,2213400,0.0,0.0,237.6739990234375
2022-03-04 00:00:00-05:00,245.74000549316406,248.5,237.63999938964844,240.2100067138672,2640100,0.0,0.0,240.6700012207031
2022-03-07 00:00:00-05:00,240.83999633789062,242.0500030517578,223.16000366210938,224.41000366210938,4147200,0.0,0.0,239.74200134277345
2022-03-08 00:00:00-05:00,220.75,226.55999755859375,215.75999450683594,219.89999389648438,3011100,0.0,0.0,235.65599975585937
2022-03-09 00:00:00-05:00,224.77000427246094,235.42999267578125,223.8300018310547,233.52999877929688,2392000,0.0,0.0,232.68399963378906
2022-03-10 00:00:00-05:00,228.2899932861328,232.05999755859375,226.6199951171875,228.4499969482422,1479000,0.0,0.0,229.3
2022-03-11 00:00:00-05:00,231.3800048828125,232.2899932861328,224.69000244140625,224.91000366210938,1789000,0.0,0.0,226.23999938964843
2022-03-14 00:00:00-04:00,224.5,229.22000122070312,218.89999389648438,220.91000366210938,1827700,0.0,0.0,225.53999938964844
2022-03-15 00:00:00-04:00,222.1199951171875,222.85000610351562,217.14999389648438,221.4199981689453,2180400,0.0,0.0,225.84400024414063
2022-03-16 00:00:00-04:00,223.75,228.25999450683594,219.33999633789062,227.47000122070312,2150400,0.0,0.0,224.6320007324219
2022-03-17 00:00:00-04:00,227.02999877929688,237.64999389648438,226.02999877929688,235.3000030517578,2327200,0.0,0.0,226.002001953125
2022-03-18 00:00:00-04:00,234.38999938964844,245.14999389648438,232.55999755859375,243.60000610351562,2750300,0.0,0.0,229.74000244140626
2022-03-21 00:00:00-04:00,241.42999267578125,244.72999572753906,239.89999389648438,242.83999633789062,1770700,0.0,0.0,234.1260009765625
2022-03-22 00:00:00-04:00,242.6199951171875,248.27000427246094,241.0,244.14999389648438,1991800,0.0,0.0,238.6720001220703
2022-03-23 00:00:00-04:00,241.85000610351562,242.44000244140625,236.2100067138672,236.77999877929688,2922200,0.0,0.0,240.53399963378905
2022-03-24 00:00:00-04:00,238.25999450683594,241.72999572753906,233.0,241.22999572753906,2572200,0.0,0.0,241.71999816894532
2022-03-25 00:00:00-04:00,243.57000732421875,244.0,234.8000030517578,238.08999633789062,2354800,0.0,0.0,240.6179962158203
2022-03-28 00:00:00-04:00,237.3699951171875,246.17999267578125,237.3699951171875,244.22999572753906,2325800,0.0,0.0,240.89599609375
2022-03-29 00:00:00-04:00,247.9499969482422,248.9199981689453,245.05999755859375,246.25999450683594,2316900,0.0,0.0,241.3179962158203
2022-03-30 00:00:00-04:00,245.0,246.39999389648438,240.24000549316406,241.55999755859375,1150500,0.0,0.0,242.27399597167968
2022-03-31 00:00:00-04:00,242.86000061035156,242.86000061035156,238.39999389648438,239.4600067138672,1727900,0.0,0.0,241.9199981689453
2022-04-01 00:00:00-04:00,237.35000610351562,242.1699981689453,235.4499969482422,237.92999267578125,2389200,0.0,0.0,241.88799743652345
2022-04-04 00:00:00-04:00,238.24000549316406,245.8300018310547,237.47999572753906,243.0,1883500,0.0,0.0,241.64199829101562
2022-04-05 00:00:00-04:00,243.58999633789062,244.1999969482422,237.5,239.72000122070312,2175400,0.0,0.0,240.33399963378906
2022-04-06 00:00:00-04:00,234.05999755859375,234.5800018310547,228.60000610351562,230.13999938964844,1831400,0.0,0.0,238.05
2022-04-07 00:00:00-04:00,228.9600067138672,235.16000366210938,228.9600067138672,233.25,1171700,0.0,0.0,236.80799865722656
2022-04-08 00:00:00-04:00,232.75999450683594,233.1999969482422,228.24000549316406,228.77000427246094,1271700,0.0,0.0,234.9760009765625
2022-04-11 00:00:00-04:00,225.02000427246094,229.19000244140625,223.41000366210938,227.2100067138672,1586900,0.0,0.0,231.81800231933593
2022-04-12 00:00:00-04:00,231.1999969482422,233.83999633789062,225.4499969482422,225.97000122070312,1403500,0.0,0.0,229.06800231933593
2022-04-13 00:00:00-04:00,225.80999755859375,230.94000244140625,225.35000610351562,228.66000366210938,1178500,0.0,0.0,228.77200317382812
2022-04-14 00:00:00-04:00,229.0,229.25999450683594,224.00999450683594,224.6699981689453,1401300,0.0,0.0,227.05600280761718
2022-04-18 00:00:00-04:00,220.99000549316406,222.0,214.57000732421875,219.5,2983600,0.0,0.0,225.202001953125
2022-04-19 00:00:00-04:00,219.3300018310547,225.60000610351562,216.55999755859375,224.6199951171875,1851900,0.0,0.0,224.68399963378906
2022-04-20 00:00:00-04:00,226.74000549316406,226.74000549316406,219.5800018310547,220.13999938964844,1075800,0.0,0.0,223.51799926757812
2022-04-21 00:00:00-04:00,220.86000061035156,224.2100067138672,210.38999938964844,212.4499969482422,1680700,0.0,0.0,220.2759979248047
2022-04-22 00:00:00-04:00,212.44000244140625,214.3800048828125,205.5500030517578,206.1300048828125,1696700,0.0,0.0,216.56799926757813
2022-04-25 00:00:00-04:00,204.42999267578125,210.0,204.27999877929688,209.1300048828125,1364000,0.0,0.0,214.49400024414064
2022-04-26 00:00:00-04:00,207.75999450683594,208.1999969482422,200.6699981689453,201.89999389648438,2891200,0.0,0.0,209.95
2022-04-27 00:00:00-04:00,202.33999633789062,209.4600067138672,202.33999633789062,206.72000122070312,2237000,0.0,0.0,207.26600036621093
2022-04-28 00:00:00-04:00,210.19000244140625,217.4499969482422,209.32000732421875,215.4600067138672,2192000,0.0,0.0,207.86800231933594
2022-04-29 00:00:00-04:00,213.27999877929688,217.3000030517578,205.94000244140625,206.6999969482422,2213200,0.0,0.0,207.98200073242188
2022-05-02 00:00:00-04:00,205.77999877929688,209.3699951171875,203.13999938964844,208.41000366210938,1761800,0.0,0.0,207.83800048828124
2022-05-03 00:00:00-04:00,207.72999572753906,209.05999755859375,200.0800018310547,201.3000030517578,2852600,0.0,0.0,207.71800231933594
2022-05-04 00:00:00-04:00,201.9499969482422,208.82000732421875,193.58999633789062,207.75999450683594,2752100,0.0,0.0,207.9260009765625
2022-05-05 00:00:00-04:00,204.74000549316406,205.3800048828125,193.16000366210938,195.82000732421875,2574300,0.0,0.0,203.9980010986328
2022-05-06 00:00:00-04:00,193.4199981689453,195.3000030517578,185.55999755859375,189.4600067138672,1999000,0.0,0.0,200.5500030517578
2022-05-09 00:00:00-04:00,185.16000366210938,185.24000549316406,175.07000732421875,176.2100067138672,6349100,0.0,0.0,194.11000366210936
2022-05-10 00:00:00-04:00,181.8000030517578,185.52000427246094,176.17999267578125,183.6699981689453,4270900,0.0,0.0,190.58400268554686
2022-05-11 00:00:00-04:00,179.6199951171875,186.80999755859375,172.4499969482422,173.13999938964844,3500200,0.0,0.0,183.66000366210938
2022-05-12 00:00:00-04:00,171.7100067138672,178.25999450683594,168.89999389648438,171.9199981689453,3450800,0.0,0.0,178.8800018310547
2022-05-13 00:00:00-04:00,175.33999633789062,184.07000732421875,174.9499969482422,182.2899932861328,3815400,0.0,0.0,177.4459991455078
2022-05-16 00:00:00-04:00,179.44000244140625,182.6199951171875,174.63999938964844,176.05999755859375,2165200,0.0,0.0,177.41599731445314
2022-05-17 00:00:00-04:00,173.5800018310547,176.67999267578125,169.0,173.33999633789062,4586200,0.0,0.0,175.3499969482422
2022-05-18 00:00:00-04:00,170.99000549316406,172.27999877929688,161.6199951171875,162.9499969482422,4067900,0.0,0.0,173.31199645996094
2022-05-19 00:00:00-04:00,163.4600067138672,167.44000244140625,161.8300018310547,164.52000427246094,3725700,0.0,0.0,171.83199768066407
2022-05-20 00:00:00-04:00,168.60000610351562,170.39999389648438,161.0399932861328,165.99000549316406,2793000,0.0,0.0,168.5720001220703
2022-05-23 00:00:00-04:00,167.0,167.1699981689453,162.6999969482422,165.7899932861328,2649600,0.0,0.0,166.51799926757812
2022-05-24 00:00:00-04:00,162.97999572753906,164.08999633789062,157.49000549316406,158.77000427246094,4155700,0.0,0.0,163.6040008544922
2022-05-25 00:00:00-04:00,159.49000549316406,165.9499969482422,158.02999877929688,164.50999450683594,3028400,0.0,0.0,163.91600036621094
2022-05-26 00:00:00-04:00,164.52999877929688,169.9600067138672,160.67999267578125,168.14999389648438,4929600,0.0,0.0,164.64199829101562
2022-05-27 00:00:00-04:00,156.3699951171875,159.9600067138672,149.05999755859375,158.7899932861328,13368400,0.0,0.0,163.20199584960938
2022-05-31 00:00:00-04:00,158.35000610351562,158.69000244140625,153.5,156.3000030517578,6663500,0.0,0.0,161.3039978027344
2022-06-01 00:00:00-04:00,158.00999450683594,162.27000427246094,155.0,156.55999755859375,4465400,0.0,0.0,160.86199645996095
2022-06-02 00:00:00-04:00,155.6999969482422,169.89999389648438,155.3699951171875,169.44000244140625,4552700,0.0,0.0,161.847998046875
2022-06-03 00:00:00-04:00,166.5500030517578,168.22000122070312,162.0,162.1300048828125,3478400,0.0,0.0,160.6440002441406
2022-06-06 00:00:00-04:00,165.66000366210938,165.82000732421875,158.80999755859375,158.86000061035156,2116800,0.0,0.0,160.6580017089844
2022-06-07 00:00:00-04:00,156.36000061035156,160.99000549316406,156.36000061035156,159.25,2179700,0.0,0.0,161.2480010986328
2022-06-08 00:00:00-04:00,159.25,161.27000427246094,158.57000732421875,160.0399932861328,1560800,0.0,0.0,161.94400024414062
2022-06-09 00:00:00-04:00,158.5800018310547,159.50999450683594,153.8000030517578,153.8300018310547,1725100,0.0,0.0,158.8220001220703
2022-06-10 00:00:00-04:00,151.08999633789062,152.0,146.5500030517578,149.27999877929688,3265500,0.0,0.0,156.2519989013672
2022-06-13 00:00:00-04:00,145.14999389648438,146.9199981689453,140.83999633789062,142.22999572753906,3818700,0.0,0.0,152.92599792480468
2022-06-14 00:00:00-04:00,144.17999267578125,146.00999450683594,138.72999572753906,139.3800048828125,3559100,0.0,0.0,148.95199890136718
2022-06-15 00:00:00-04:00,142.80999755859375,145.4199981689453,139.69000244140625,142.80999755859375,4178000,0.0,0.0,145.50599975585936
2022-06-16 00:00:00-04:00,139.10000610351562,140.75,136.27000427246094,136.86000061035156,2688900,0.0,0.0,142.11199951171875
2022-06-17 00:00:00-04:00,136.91000366210938,141.9499969482422,136.74000549316406,139.3800048828125,4483800,0.0,0.0,140.1320007324219
2022-06-21 00:00:00-04:00,141.8300018310547,143.69000244140625,138.44000244140625,138.60000610351562,2535200,0.0,0.0,139.4060028076172
2022-06-22 00:00:00-04:00,136.5500030517578,139.52999877929688,135.0500030517578,136.58999633789062,6231300,0.0,0.0,138.8480010986328
2022-06-23 00:00:00-04:00,137.83999633789062,142.61000061035156,134.52999877929688,142.19000244140625,4968700,0.0,0.0,138.7240020751953
2022-06-24 00:00:00-04:00,145.1300048828125,152.1199951171875,144.50999450683594,152.0500030517578,4718000,0.0,0.0,141.76200256347656
2022-06-27 00:00:00-04:00,152.2899932861328,153.0800018310547,147.50999450683594,148.0500030517578,4140600,0.0,0.0,143.49600219726562
2022-06-28 00:00:00-04:00,148.44000244140625,149.92999267578125,143.9600067138672,144.25,3280200,0.0,0.0,144.6260009765625
2022-06-29 00:00:00-04:00,144.52000427246094,148.0399932861328,143.0500030517578,146.30999755859375,2239700,0.0,0.0,146.57000122070312
2022-06-30 00:00:00-04:00,143.32000732421875,143.9600067138672,138.0500030517578,139.5800018310547,3419300,0.0,0.0,146.04800109863282
2022-07-01 00:00:00-04:00,140.30999755859375,143.27999877929688,137.5,142.35000610351562,1677400,0.0,0.0,144.10800170898438
2022-07-05 00:00:00-04:00,138.5399932861328,146.52000427246094,138.5399932861328,146.3699951171875,2312500,0.0,0.0,143.77200012207032
2022-07-06 00:00:00-04:00,147.57000732421875,147.57000732421875,143.61000061035156,145.94000244140625,2299100,0.0,0.0,144.11000061035156
2022-07-07 00:00:00-04:00,145.6999969482422,148.52999877929688,145.5500030517578,147.60000610351562,3103600,0.0,0.0,144.36800231933594
2022-07-08 00:00:00-04:00,145.0399932861328,148.22999572753906,144.13999938964844,148.00999450683594,1763000,0.0,0.0,146.0540008544922
2022-07-11 00:00:00-04:00,146.47999572753906,147.27999877929688,144.00999450683594,145.5399932861328,1636200,0.0,0.0,146.69199829101564
2022-07-12 00:00:00-04:00,144.60000610351562,147.47999572753906,137.4499969482422,137.77999877929688,3910600,0.0,0.0,144.9739990234375
2022-07-13 00:00:00-04:00,134.27999877929688,140.47999572753906,134.10000610351562,140.0500030517578,2878600,0.0,0.0,143.7959991455078
2022-07-14 00:00:00-04:00,139.80999755859375,140.67999267578125,137.3800048828125,137.9199981689453,2083400,0.0,0.0,141.85999755859376
2022-07-15 00:00:00-04:00,138.9499969482422,140.74000549316406,136.0,140.7100067138672,2764100,0.0,0.0,140.4
2022-07-18 00:00:00-04:00,142.74000549316406,143.38999938964844,138.61000061035156,138.74000549316406,2246900,0.0,0.0,139.04000244140624
2022-07-19 00:00:00-04:00,141.4199981689453,143.02999877929688,138.47000122070312,141.83999633789062,2312300,0.0,0.0,139.852001953125
2022-07-20 00:00:00-04:00,143.17999267578125,147.6699981689453,142.0,147.3000030517578,2039600,0.0,0.0,141.302001953125
2022-07-21 00:00:00-04:00,146.75,149.8300018310547,145.42999267578125,149.77999877929688,1675000,0.0,0.0,143.67400207519532
2022-07-22 00:00:00-04:00,149.9499969482422,152.3300018310547,145.92999267578125,148.0,1500800,0.0,0.0,145.1320007324219
2022-07-25 00:00:00-04:00,148.3300018310547,148.3300018310547,144.5500030517578,145.44000244140625,1623700,0.0,0.0,146.4720001220703
2022-07-26 00:00:00-04:00,145.25999450683594,145.25999450683594,140.42999267578125,140.91000366210938,2242000,0.0,0.0,146.28600158691407
2022-07-27 00:00:00-04:00,144.9199981689453,150.4600067138672,143.1199951171875,150.10000610351562,2895600,0.0,0.0,146.84600219726562
2022-07-28 00:00:00-04:00,149.0,153.5,147.47000122070312,152.80999755859375,3186900,0.0,0.0,147.452001953125
2022-07-29 00:00:00-04:00,153.5,155.85000610351562,150.44000244140625,155.10000610351562,2664900,0.0,0.0,148.87200317382812
2022-08-01 00:00:00-04:00,152.97000122070312,156.19000244140625,151.6999969482422,155.5800018310547,1629500,0.0,0.0,150.9000030517578
2022-08-02 00:00:00-04:00,153.44000244140625,157.61000061035156,153.3800048828125,155.05999755859375,1267000,0.0,0.0,153.7300018310547
2022-08-03 00:00:00-04:00,157.4199981689453,160.5800018310547,156.0500030517578,160.36000061035156,2434200,0.0,0.0,155.78200073242186
2022-08-04 00:00:00-04:00,158.9600067138672,162.60000610351562,158.1199951171875,162.5399932861328,1666300,0.0,0.0,157.72799987792968
2022-08-05 00:00:00-04:00,158.69000244140625,163.25999450683594,158.0,161.7100067138672,1812600,0.0,0.0,159.05
2022-08-08 00:00:00-04:00,161.6300048828125,169.22000122070312,161.35000610351562,166.8000030517578,3078400,0.0,0.0,161.29400024414062
2022-08-09 00:00:00-04:00,164.8800048828125,166.55999755859375,163.27999877929688,166.42999267578125,2111100,0.0,0.0,163.56799926757813
2022-08-10 00:00:00-04:00,171.67999267578125,173.0500030517578,169.74000549316406,171.3300018310547,2429000,0.0,0.0,165.76199951171876
2022-08-11 00:00:00-04:00,172.3000030517578,172.72000122070312,165.1300048828125,166.0800018310547,2465700,0.0,0.0,166.47000122070312
2022-08-12 00:00:00-04:00,169.27000427246094,176.3800048828125,168.69000244140625,176.22999572753906,3728800,0.0,0.0,169.3739990234375
2022-08-15 00:00:00-04:00,175.47999572753906,179.8300018310547,175.1999969482422,179.5500030517578,2583900,0.0,0.0,171.9239990234375
2022-08-16 00:00:00-04:00,176.6999969482422,178.77999877929688,175.88999938964844,177.7899932861328,2068100,0.0,0.0,174.1959991455078
2022-08-17 00:00:00-04:00,175.0,176.9199981689453,173.8000030517578,175.88999938964844,2005800,0.0,0.0,175.10799865722657
2022-08-18 00:00:00-04:00,175.02000427246094,176.0,172.1300048828125,173.1300048828125,2040000,0.0,0.0,176.51799926757812
2022-08-19 00:00:00-04:00,169.61000061035156,170.00999450683594,166.02999877929688,168.17999267578125,2222200,0.0,0.0,174.90799865722656
2022-08-22 00:00:00-04:00,165.94000244140625,165.94000244140625,160.08999633789062,160.85000610351562,2856100,0.0,0.0,171.16799926757812
2022-08-23 00:00:00-04:00,161.0,161.4199981689453,156.7899932861328,157.66000366210938,3311800,0.0,0.0,167.14200134277343
2022-08-24 00:00:00-04:00,158.36000061035156,161.77000427246094,157.3699951171875,160.3800048828125,2699100,0.0,0.0,164.04000244140624
2022-08-25 00:00:00-04:00,156.72000122070312,162.5800018310547,154.11000061035156,162.36000061035156,4339200,0.0,0.0,161.88600158691406
2022-08-26 00:00:00-04:00,176.0,178.55999755859375,165.52000427246094,166.4600067138672,9891000,0.0,0.0,161.54200439453126
2022-08-29 00:00:00-04:00,164.13999938964844,169.13999938964844,160.75999450683594,160.88999938964844,4161800,0.0,0.0,161.5500030517578
2022-08-30 00:00:00-04:00,162.94000244140625,165.27000427246094,160.02999877929688,164.27000427246094,3332300,0.0,0.0,162.87200317382812
2022-08-31 00:00:00-04:00,166.7100067138672,167.9199981689453,162.89999389648438,164.55999755859375,3452800,0.0,0.0,163.70800170898437
2022-09-01 00:00:00-04:00,162.4199981689453,163.05999755859375,157.5,161.08999633789062,3612800,0.0,0.0,163.4540008544922
2022-09-02 00:00:00-04:00,163.10000610351562,164.24000549316406,157.42999267578125,158.5399932861328,2381700,0.0,0.0,161.8699981689453
2022-09-06 00:00:00-04:00,158.1199951171875,160.05999755859375,155.82000732421875,159.89999389648438,2333400,0.0,0.0,161.6719970703125
2022-09-07 00:00:00-04:00,159.85000610351562,166.1699981689453,159.49000549316406,165.77000427246094,2537800,0.0,0.0,161.9719970703125
2022-09-08 00:00:00-04:00,165.05999755859375,169.4499969482422,164.1300048828125,167.5800018310547,2332400,0.0,0.0,162.57599792480468
2022-09-09 00:00:00-04:00,168.52000427246094,171.2899932861328,168.0,169.9600067138672,2040200,0.0,0.0,164.35
2022-09-12 00:00:00-04:00,170.97999572753906,172.97999572753906,169.19000244140625,169.75,2905300,0.0,0.0,166.59200134277344
2022-09-13 00:00:00-04:00,162.1300048828125,164.08999633789062,159.8300018310547,160.11000061035156,3312000,0.0,0.0,166.63400268554688
2022-09-14 00:00:00-04:00,161.69000244140625,163.6699981689453,159.10000610351562,160.1300048828125,2426700,0.0,0.0,165.5060028076172
2022-09-15 00:00:00-04:00,158.57000732421875,160.77999877929688,154.13999938964844,154.3300018310547,3345200,0.0,0.0,162.8560028076172
2022-09-16 00:00:00-04:00,151.38999938964844,156.49000549316406,149.38999938964844,152.2899932861328,5787800,0.0,0.0,159.3220001220703
2022-09-19 00:00:00-04:00,151.60000610351562,155.02999877929688,150.8800048828125,155.0,2009800,0.0,0.0,156.37200012207032
2022-09-20 00:00:00-04:00,152.72000122070312,154.63999938964844,151.5800018310547,152.64999389648438,2370500,0.0,0.0,154.87999877929687
2022-09-21 00:00:00-04:00,153.41000366210938,157.82000732421875,150.9199981689453,150.97999572753906,2543800,0.0,0.0,153.04999694824218
2022-09-22 00:00:00-04:00,150.1199951171875,152.2100067138672,148.85000610351562,150.49000549316406,2511600,0.0,0.0,152.28199768066406
2022-09-23 00:00:00-04:00,149.5,151.3800048828125,146.7899932861328,151.24000549316406,3214900,0.0,0.0,152.0720001220703
2022-09-26 00:00:00-04:00,151.1999969482422,153.8300018310547,146.9199981689453,146.97000122070312,2269600,0.0,0.0,150.46600036621095
2022-09-27 00:00:00-04:00,149.5399932861328,150.8300018310547,146.5399932861328,149.17999267578125,2154900,0.0,0.0,149.77200012207032
2022-09-28 00:00:00-04:00,149.75999450683594,157.6699981689453,149.33999633789062,156.85000610351562,4052600,0.0,0.0,150.9460021972656
2022-09-29 00:00:00-04:00,155.36000061035156,156.50999450683594,152.1300048828125,156.25999450683594,2391600,0.0,0.0,152.1
2022-09-30 00:00:00-04:00,156.30999755859375,158.41000366210938,152.0800018310547,152.22000122070312,1878100,0.0,0.0,152.2959991455078
2022-10-03 00:00:00-04:00,152.67999267578125,155.7100067138672,151.30999755859375,154.25,1723500,0.0,0.0,153.7519989013672
2022-10-04 00:00:00-04:00,157.30999755859375,160.25,157.30999755859375,159.0,1748400,0.0,0.0,155.71600036621095
2022-10-05 00:00:00-04:00,156.50999450683594,160.52000427246094,155.47999572753906,159.4499969482422,1257800,0.0,0.0,156.23599853515626
2022-10-06 00:00:00-04:00,159.30999755859375,162.44000244140625,158.02999877929688,159.5,1554700,0.0,0.0,156.88399963378907
2022-10-07 00:00:00-04:00,155.7899932861328,157.19000244140625,151.7100067138672,152.8800048828125,1537700,0.0,0.0,157.01600036621093
2022-10-10 00:00:00-04:00,153.52999877929688,153.52999877929688,146.6300048828125,147.8300018310547,1029500,0.0,0.0,155.73200073242188
2022-10-11 00:00:00-04:00,147.0,147.6999969482422,141.5500030517578,142.6999969482422,2096900,0.0,0.0,152.4720001220703
2022-10-12 00:00:00-04:00,142.35000610351562,144.1999969482422,139.9600067138672,143.92999267578125,2040400,0.0,0.0,149.3679992675781
2022-10-13 00:00:00-04:00,138.3000030517578,143.57000732421875,135.6300048828125,142.7100067138672,2556400,0.0,0.0,146.01000061035157
2022-10-14 00:00:00-04:00,145.22000122070312,147.24000549316406,139.38999938964844,139.58999633789062,2141100,0.0,0.0,143.35199890136718
2022-10-17 00:00:00-04:00,143.1999969482422,149.57000732421875,142.6699981689453,148.94000244140625,3386900,0.0,0.0,143.5739990234375
2022-10-18 00:00:00-04:00,152.80999755859375,156.6199951171875,151.05999755859375,152.61000061035156,2224900,0.0,0.0,145.55599975585938
2022-10-19 00:00:00-04:00,150.7899932861328,151.4199981689453,145.5,146.5,1548200,0.0,0.0,146.07000122070312
2022-10-20 00:00:00-04:00,145.3699951171875,149.42999267578125,144.24000549316406,145.4199981689453,1816900,0.0,0.0,146.61199951171875
2022-10-21 00:00:00-04:00,144.72999572753906,149.72999572753906,142.6300048828125,149.47999572753906,1431700,0.0,0.0,148.58999938964843
2022-10-24 00:00:00-04:00,149.4199981689453,149.47999572753906,143.50999450683594,147.9499969482422,1505800,0.0,0.0,148.39199829101562
2022-10-25 00:00:00-04:00,150.16000366210938,157.0800018310547,149.67999267578125,156.17999267578125,2379900,0.0,0.0,149.10599670410156
2022-10-26 00:00:00-04:00,152.05999755859375,158.02000427246094,151.85000610351562,154.72999572753906,2753600,0.0,0.0,150.7519958496094
2022-10-27 00:00:00-04:00,158.3699951171875,162.77000427246094,154.91000366210938,155.24000549316406,2241200,0.0,0.0,152.71599731445312
2022-10-28 00:00:00-04:00,154.1199951171875,157.97999572753906,152.52999877929688,157.64999389648438,1502600,0.0,0.0,154.3499969482422
2022-10-31 00:00:00-04:00,157.75,158.64999389648438,155.42999267578125,155.82000732421875,1222000,0.0,0.0,155.9239990234375
2022-11-01 00:00:00-04:00,158.47999572753906,158.9499969482422,151.52000427246094,151.60000610351562,1430400,0.0,0.0,155.00800170898438
2022-11-02 00:00:00-04:00,152.2899932861328,152.2899932861328,143.41000366210938,143.50999450683594,2190500,0.0,0.0,152.76400146484374
2022-11-03 00:00:00-04:00,141.19000244140625,144.27999877929688,139.88999938964844,140.22000122070312,2572400,0.0,0.0,149.76000061035157
2022-11-04 00:00:00-04:00,140.7100067138672,141.27000427246094,128.72000122070312,132.6300048828125,5266300,0.0,0.0,144.7560028076172
2022-11-07 00:00:00-05:00,135.4199981689453,137.6300048828125,130.35000610351562,136.52000427246094,3038400,0.0,0.0,140.89600219726563
2022-11-08 00:00:00-05:00,136.82000732421875,142.6999969482422,134.72000122070312,140.17999267578125,2072200,0.0,0.0,138.61199951171875
2022-11-09 00:00:00-05:00,140.05999755859375,140.05999755859375,134.13999938964844,134.9499969482422,1913600,0.0,0.0,136.9
2022-11-10 00:00:00-05:00,145.0,155.42999267578125,144.82000732421875,153.1300048828125,4396200,0.0,0.0,139.48200073242188
2022-11-11 00:00:00-05:00,153.1199951171875,159.2899932861328,150.86000061035156,156.9499969482422,2680200,0.0,0.0,144.34599914550782
2022-11-14 00:00:00-05:00,155.77000427246094,155.94000244140625,151.94000244140625,153.3800048828125,2032700,0.0,0.0,147.71799926757814
2022-11-15 00:00:00-05:00,159.41000366210938,162.50999450683594,158.36000061035156,160.74000549316406,2803900,0.0,0.0,151.8300018310547
2022-11-16 00:00:00-05:00,159.4499969482422,159.82000732421875,153.24000549316406,155.38999938964844,1582600,0.0,0.0,155.91800231933593
2022-11-17 00:00:00-05:00,150.47999572753906,151.57000732421875,147.69000244140625,148.80999755859375,1849300,0.0,0.0,155.0540008544922
2022-11-18 00:00:00-05:00,152.19000244140625,152.47999572753906,145.3000030517578,146.74000549316406,1650700,0.0,0.0,153.01200256347656
2022-11-21 00:00:00-05:00,142.0,145.63999938964844,141.72000122070312,143.1999969482422,1808900,0.0,0.0,150.9760009765625
2022-11-22 00:00:00-05:00,143.52999877929688,146.41000366210938,141.22000122070312,146.2899932861328,1289200,0.0,0.0,148.08599853515625
2022-11-23 00:00:00-05:00,143.89999389648438,151.85000610351562,143.6999969482422,149.33999633789062,1518700,0.0,0.0,146.8759979248047
2022-11-25 00:00:00-05:00,147.83999633789062,149.74000549316406,147.39999389648438,148.97999572753906,768300,0.0,0.0,146.90999755859374
2022-11-28 00:00:00-05:00,148.44000244140625,150.58999633789062,144.6199951171875,145.25,3135100,0.0,0.0,146.61199645996095
2022-11-29 00:00:00-05:00,145.25,145.82000732421875,142.1300048828125,143.3000030517578,3350800,0.0,0.0,146.63199768066406
2022-11-30 00:00:00-05:00,157.88999938964844,167.92999267578125,155.5,167.89999389648438,8712600,0.0,0.0,150.95399780273436
2022-12-01 00:00:00-05:00,165.61000061035156,170.92999267578125,165.0,169.47999572753906,3329400,0.0,0.0,154.98199768066405
2022-12-02 00:00:00-05:00,166.02999877929688,171.27999877929688,164.41000366210938,170.99000549316406,2552900,0.0,0.0,159.38399963378907
2022-12-05 00:00:00-05:00,169.99000549316406,170.52000427246094,163.25,164.61000061035156,2480000,0.0,0.0,163.25599975585936
2022-12-06 00:00:00-05:00,165.32000732421875,165.32000732421875,159.89999389648438,161.36000061035156,2061500,0.0,0.0,166.8679992675781
2022-12-07 00:00:00-05:00,162.08999633789062,165.27999877929688,161.63999938964844,164.72000122070312,2057300,0.0,0.0,166.23200073242188
2022-12-08 00:00:00-05:00,165.61000061035156,170.77000427246094,163.7100067138672,169.3300018310547,2222100,0.0,0.0,166.202001953125
2022-12-09 00:00:00-05:00,169.1999969482422,172.94000244140625,167.77999877929688,169.60000610351562,1647700,0.0,0.0,165.92400207519532
2022-12-12 00:00:00-05:00,170.25999450683594,173.3300018310547,169.52999877929688,172.72999572753906,2179100,0.0,0.0,167.54800109863282
2022-12-13 00:00:00-05:00,182.8000030517578,184.5,175.38999938964844,177.3300018310547,2998600,0.0,0.0,170.74200134277345
2022-12-14 00:00:00-05:00,176.52999877929688,182.11000061035156,176.33999633789062,179.2899932861328,2945400,0.0,0.0,173.65599975585937
2022-12-15 00:00:00-05:00,175.75999450683594,178.19000244140625,174.14999389648438,175.4199981689453,2349100,0.0,0.0,174.8739990234375
2022-12-16 00:00:00-05:00,174.47000122070312,176.25,172.94000244140625,175.22000122070312,2142100,0.0,0.0,175.997998046875
2022-12-19 00:00:00-05:00,174.19000244140625,175.39999389648438,168.60000610351562,170.0399932861328,2169000,0.0,0.0,175.45999755859376
2022-12-20 00:00:00-05:00,169.02999877929688,173.02000427246094,168.14999389648438,172.08999633789062,1751600,0.0,0.0,174.41199645996093
2022-12-21 00:00:00-05:00,169.86000061035156,172.4199981689453,168.1300048828125,170.0800018310547,2541500,0.0,0.0,172.56999816894532
2022-12-22 00:00:00-05:00,167.99000549316406,168.52999877929688,161.8300018310547,165.61000061035156,2016800,0.0,0.0,170.60799865722657
2022-12-23 00:00:00-05:00,164.55999755859375,165.4499969482422,162.2899932861328,164.63999938964844,1130100,0.0,0.0,168.49199829101562
2022-12-27 00:00:00-05:00,163.64999389648438,164.52000427246094,160.60000610351562,163.39999389648438,745400,0.0,0.0,167.16399841308595
2022-12-28 00:00:00-05:00,163.33999633789062,165.0,162.5500030517578,162.99000549316406,975400,0.0,0.0,165.34400024414063
2022-12-29 00:00:00-05:00,163.97999572753906,168.77000427246094,163.25999450683594,167.7899932861328,2339800,0.0,0.0,164.88599853515626
2022-12-30 00:00:00-05:00,164.27999877929688,167.39999389648438,164.27000427246094,167.3300018310547,1128200,0.0,0.0,165.22999877929686
2023-01-03 00:00:00-05:00,170.6999969482422,173.8699951171875,167.0399932861328,169.35000610351562,2094000,0.0,0.0,166.1720001220703
2023-01-04 00:00:00-05:00,171.30999755859375,173.16000366210938,168.99000549316406,171.22000122070312,1660200,0.0,0.0,167.73600158691406
2023-01-05 00:00:00-05:00,167.52000427246094,167.52000427246094,157.85000610351562,160.19000244140625,3003800,0.0,0.0,167.1760009765625
2023-01-06 00:00:00-05:00,163.1999969482422,164.72999572753906,157.9600067138672,161.13999938964844,1910300,0.0,0.0,165.84600219726562
2023-01-09 00:00:00-05:00,162.1999969482422,167.10000610351562,162.1999969482422,162.92999267578125,1727600,0.0,0.0,164.96600036621095
2023-01-10 00:00:00-05:00,161.08999633789062,163.72000122070312,158.94000244140625,160.2100067138672,1824800,0.0,0.0,163.13800048828125
2023-01-11 00:00:00-05:00,160.3800048828125,164.41000366210938,159.0,163.9199981689453,1915400,0.0,0.0,161.6779998779297
2023-01-12 00:00:00-05:00,163.5800018310547,164.5800018310547,158.74000549316406,163.58999633789062,2119400,0.0,0.0,162.35799865722657
2023-01-13 00:00:00-05:00,163.02000427246094,167.99000549316406,162.61000061035156,167.14999389648438,2042000,0.0,0.0,163.55999755859375
2023-01-17 00:00:00-05:00,163.49000549316406,168.67999267578125,162.74000549316406,166.69000244140625,2655200,0.0,0.0,164.31199951171874
2023-01-18 00:00:00-05:00,167.9499969482422,170.1699981689453,164.13999938964844,164.2899932861328,1867900,0.0,0.0,165.12799682617188
2023-01-19 00:00:00-05:00,163.5,169.0,163.5,167.5399932861328,1994400,0.0,0.0,165.85199584960938
2023-01-20 00:00:00-05:00,168.6999969482422,174.38999938964844,167.97000122070312,173.39999389648438,2980300,0.0,0.0,167.81399536132812
2023-01-23 00:00:00-05:00,171.25999450683594,176.5399932861328,171.0800018310547,176.42999267578125,2013300,0.0,0.0,169.6699951171875
2023-01-24 00:00:00-05:00,175.6999969482422,176.86000061035156,172.27999877929688,172.52999877929688,1460200,0.0,0.0,170.83799438476564
2023-01-25 00:00:00-05:00,168.52999877929688,174.85000610351562,167.5,174.44000244140625,1198000,0.0,0.0,172.8679962158203
2023-01-26 00:00:00-05:00,177.27000427246094,179.64999389648438,175.97000122070312,178.8800048828125,1693300,0.0,0.0,175.13599853515626
2023-01-27 00:00:00-05:00,177.08999633789062,179.74000549316406,176.52999877929688,177.66000366210938,1189800,0.0,0.0,175.98800048828124
2023-01-30 00:00:00-05:00,175.2100067138672,177.36000061035156,173.2899932861328,176.47999572753906,1674500,0.0,0.0,175.9980010986328
2023-01-31 00:00:00-05:00,177.6999969482422,181.50999450683594,176.89999389648438,181.42999267578125,1971400,0.0,0.0,177.7779998779297
2023-02-01 00:00:00-05:00,180.5800018310547,187.19000244140625,177.77999877929688,185.3300018310547,2396500,0.0,0.0,179.95599975585938
2023-02-02 00:00:00-05:00,189.47999572753906,192.82000732421875,189.14999389648438,190.97999572753906,2662500,0.0,0.0,182.3759979248047
2023-02-03 00:00:00-05:00,186.3000030517578,189.7100067138672,184.2899932861328,185.85000610351562,2001600,0.0,0.0,184.01399841308594
2023-02-06 00:00:00-05:00,182.8300018310547,185.63999938964844,181.77000427246094,183.72999572753906,1790100,0.0,0.0,185.46399841308593
2023-02-07 00:00:00-05:00,184.24000549316406,193.00999450683594,183.38999938964844,191.75,3146800,0.0,0.0,187.5279998779297
2023-02-08 00:00:00-05:00,191.33999633789062,192.0500030517578,187.42999267578125,188.72999572753906,1776200,0.0,0.0,188.20799865722657
2023-02-09 00:00:00-05:00,192.22999572753906,193.63999938964844,189.52000427246094,189.77000427246094,2367100,0.0,0.0,187.96600036621095
2023-02-10 00:00:00-05:00,186.80999755859375,189.42999267578125,184.30999755859375,186.85000610351562,1556300,0.0,0.0,188.16600036621094
2023-02-13 00:00:00-05:00,187.83999633789062,188.58999633789062,184.83999633789062,188.25,1492000,0.0,0.0,189.07000122070312
2023-02-14 00:00:00-05:00,187.22999572753906,192.85000610351562,186.16000366210938,189.5399932861328,1001900,0.0,0.0,188.62799987792968
2023-02-15 00:00:00-05:00,188.94000244140625,191.14999389648438,188.0,190.92999267578125,1303700,0.0,0.0,189.06799926757813
2023-02-16 00:00:00-05:00,186.1300048828125,190.75999450683594,185.07000732421875,187.75,1309600,0.0,0.0,188.66399841308595
2023-02-17 00:00:00-05:00,186.6300048828125,186.97999572753906,183.02999877929688,185.8000030517578,1054100,0.0,0.0,188.45399780273436
2023-02-21 00:00:00-05:00,184.0,184.52000427246094,181.55999755859375,181.9199981689453,1515400,0.0,0.0,187.18799743652343
2023-02-22 00:00:00-05:00,184.8300018310547,187.35000610351562,183.8699951171875,184.3699951171875,1442600,0.0,0.0,186.15399780273438
2023-02-23 00:00:00-05:00,186.80999755859375,188.58999633789062,183.4499969482422,187.2100067138672,1643500,0.0,0.0,185.41000061035157
2023-02-24 00:00:00-05:00,183.99000549316406,185.3300018310547,181.49000549316406,183.1300048828125,2552000,0.0,0.0,184.48600158691406
2023-02-27 00:00:00-05:00,185.80999755859375,186.8699951171875,182.55999755859375,184.92999267578125,4072600,0.0,0.0,184.31199951171874
2023-02-28 00:00:00-05:00,182.0,188.77000427246094,181.6999969482422,185.47000122070312,4882900,0.0,0.0,185.02200012207032
2023-03-01 00:00:00-05:00,185.63999938964844,188.86000061035156,183.67999267578125,184.1199951171875,2652500,0.0,0.0,184.9720001220703
2023-03-02 00:00:00-05:00,184.2899932861328,188.4600067138672,182.72000122070312,188.1699981689453,2067100,0.0,0.0,185.16399841308595
2023-03-03 00:00:00-05:00,188.9499969482422,191.72999572753906,188.89999389648438,191.5500030517578,2304200,0.0,0.0,186.847998046875
2023-03-06 00:00:00-05:00,191.0,192.6699981689453,188.52999877929688,188.82000732421875,1703800,0.0,0.0,187.6260009765625
2023-03-07 00:00:00-05:00,189.08999633789062,190.75,185.9499969482422,186.63999938964844,1728700,0.0,0.0,187.86000061035156
2023-03-08 00:00:00-05:00,187.02999877929688,187.27999877929688,182.86000061035156,183.49000549316406,1969600,0.0,0.0,187.73400268554687
2023-03-09 00:00:00-05:00,184.17999267578125,186.47999572753906,180.75999450683594,181.47000122070312,1596000,0.0,0.0,186.39400329589844
2023-03-10 00:00:00-05:00,180.83999633789062,182.00999450683594,176.22000122070312,178.27000427246094,2182400,0.0,0.0,183.73800354003907
2023-03-13 00:00:00-04:00,176.50999450683594,181.89999389648438,174.05999755859375,181.25,2066200,0.0,0.0,182.2240020751953
2023-03-14 00:00:00-04:00,183.11000061035156,184.94000244140625,181.27999877929688,183.41000366210938,1697700,0.0,0.0,181.5780029296875
2023-03-15 00:00:00-04:00,182.2100067138672,184.72000122070312,180.72000122070312,184.36000061035156,1450900,0.0,0.0,181.752001953125
2023-03-16 00:00:00-04:00,184.86000061035156,191.99000549316406,184.24000549316406,191.72000122070312,2288000,0.0,0.0,183.802001953125
2023-03-17 00:00:00-04:00,191.72000122070312,192.6999969482422,188.10000610351562,188.77000427246094,2719800,0.0,0.0,185.902001953125
2023-03-20 00:00:00-04:00,188.75,190.6999969482422,186.72000122070312,190.63999938964844,2279800,0.0,0.0,187.78000183105468
2023-03-21 00:00:00-04:00,191.64999389648438,192.25,188.39999389648438,190.6999969482422,1912200,0.0,0.0,189.23800048828124
2023-03-22 00:00:00-04:00,190.25,190.25,184.22000122070312,184.2899932861328,1843100,0.0,0.0,189.2239990234375
2023-03-23 00:00:00-04:00,187.6999969482422,190.8300018310547,186.83999633789062,188.0399932861328,1542800,0.0,0.0,188.48799743652344
2023-03-24 00:00:00-04:00,187.1199951171875,191.44000244140625,186.25999450683594,190.42999267578125,1335000,0.0,0.0,188.8199951171875
2023-03-27 00:00:00-04:00,190.52000427246094,191.16000366210938,185.82000732421875,188.14999389648438,1676800,0.0,0.0,188.32199401855468
2023-03-28 00:00:00-04:00,188.3000030517578,191.14999389648438,187.6199951171875,189.67999267578125,1651200,0.0,0.0,188.1179931640625
2023-03-29 00:00:00-04:00,191.7100067138672,198.3300018310547,190.74000549316406,198.25,2983700,0.0,0.0,190.90999450683594
2023-03-30 00:00:00-04:00,200.0,201.8300018310547,199.08999633789062,200.0500030517578,1840300,0.0,0.0,193.31199645996094
2023-03-31 00:00:00-04:00,201.0,206.67999267578125,200.22000122070312,206.5399932861328,2578600,0.0,0.0,196.53399658203125
2023-04-03 00:00:00-04:00,203.2899932861328,204.99000549316406,201.77000427246094,204.3699951171875,1749900,0.0,0.0,199.7779968261719
2023-04-04 00:00:00-04:00,204.6699981689453,205.97999572753906,202.17999267578125,202.60000610351562,1193500,0.0,0.0,202.36199951171875
2023-04-05 00:00:00-04:00,200.52999877929688,200.64999389648438,193.9600067138672,197.8699951171875,3367900,0.0,0.0,202.28599853515624
2023-04-06 00:00:00-04:00,194.9499969482422,197.4499969482422,188.63999938964844,196.80999755859375,2373900,0.0,0.0,201.63799743652345
2023-04-10 00:00:00-04:00,195.17999267578125,197.35000610351562,194.07000732421875,196.94000244140625,1254200,0.0,0.0,199.71799926757814
2023-04-11 00:00:00-04:00,195.99000549316406,196.97999572753906,192.63999938964844,195.97999572753906,1495900,0.0,0.0,198.03999938964844
2023-04-12 00:00:00-04:00,194.9199981689453,195.0,188.27999877929688,191.74000549316406,3435600,0.0,0.0,195.8679992675781
2023-04-13 00:00:00-04:00,193.3300018310547,195.5800018310547,192.83999633789062,194.85000610351562,1822900,0.0,0.0,195.26400146484374
2023-04-14 00:00:00-04:00,191.88999938964844,194.94000244140625,191.47999572753906,194.0399932861328,1468600,0.0,0.0,194.71000061035156
2023-04-17 00:00:00-04:00,194.64999389648438,196.1699981689453,193.2899932861328,195.6199951171875,985300,0.0,0.0,194.4459991455078
2023-04-18 00:00:00-04:00,198.44000244140625,198.44000244140625,193.42999267578125,193.5399932861328,1153900,0.0,0.0,193.95799865722657
2023-04-19 00:00:00-04:00,192.0,193.88999938964844,190.91000366210938,192.02999877929688,1374700,0.0,0.0,194.01599731445313
2023-04-20 00:00:00-04:00,190.22999572753906,192.69000244140625,190.02000427246094,191.0500030517578,1205200,0.0,0.0,193.25599670410156
2023-04-21 00:00:00-04:00,191.75999450683594,192.08999633789062,190.19000244140625,190.99000549316406,906200,0.0,0.0,192.6459991455078
2023-04-24 00:00:00-04:00,192.0,192.66000366210938,188.58999633789062,189.08999633789062,1475900,0.0,0.0,191.33999938964843
2023-04-25 00:00:00-04:00,187.19000244140625,187.19000244140625,182.8300018310547,182.8800048828125,2329100,0.0,0.0,189.20800170898437
2023-04-26 00:00:00-04:00,185.83999633789062,189.4499969482422,184.1999969482422,187.16000366210938,1570900,0.0,0.0,188.23400268554687
2023-04-27 00:00:00-04:00,188.4499969482422,188.47999572753906,183.8800048828125,187.1300048828125,1463700,0.0,0.0,187.45000305175782
2023-04-28 00:00:00-04:00,185.35000610351562,186.94000244140625,182.97999572753906,186.13999938964844,1110400,0.0,0.0,186.4800018310547
2023-05-01 00:00:00-04:00,185.50999450683594,186.92999267578125,184.7899932861328,186.33999633789062,1074600,0.0,0.0,185.93000183105468
2023-05-02 00:00:00-04:00,187.88999938964844,187.9199981689453,182.9600067138672,183.1300048828125,1883200,0.0,0.0,185.9800018310547
2023-05-03 00:00:00-04:00,183.3300018310547,186.5,182.9499969482422,183.32000732421875,1317400,0.0,0.0,185.21200256347657
2023-05-04 00:00:00-04:00,184.17999267578125,184.82000732421875,181.22000122070312,181.9199981689453,1141800,0.0,0.0,184.1700012207031
2023-05-05 00:00:00-04:00,182.33999633789062,183.6699981689453,180.2100067138672,181.47999572753906,2650800,0.0,0.0,183.23800048828124
2023-05-08 00:00:00-04:00,175.72000122070312,180.3699951171875,174.25,179.60000610351562,2891300,0.0,0.0,181.89000244140624
2023-05-09 00:00:00-04:00,180.35000610351562,181.36000061035156,177.64999389648438,178.42999267578125,1690300,0.0,0.0,180.95
2023-05-10 00:00:00-04:00,179.83999633789062,180.86000061035156,177.19000244140625,179.39999389648438,1652600,0.0,0.0,180.16599731445314
2023-05-11 00:00:00-04:00,179.3800048828125,179.3800048828125,176.13999938964844,178.32000732421875,1838200,0.0,0.0,179.4459991455078
2023-05-12 00:00:00-04:00,176.27000427246094,183.10000610351562,174.6999969482422,182.75999450683594,2130900,0.0,0.0,179.70199890136718
2023-05-15 00:00:00-04:00,182.25,186.35000610351562,181.75,185.4600067138672,1414900,0.0,0.0,180.8739990234375
2023-05-16 00:00:00-04:00,184.0,189.63999938964844,184.0,185.30999755859375,2076600,0.0,0.0,182.25
2023-05-17 00:00:00-04:00,185.41000366210938,188.77999877929688,182.58999633789062,188.22000122070312,1626400,0.0,0.0,184.01400146484374
2023-05-18 00:00:00-04:00,187.0,195.82000732421875,186.83999633789062,195.75,2041300,0.0,0.0,187.5
2023-05-19 00:00:00-04:00,196.5399932861328,196.6699981689453,194.22999572753906,195.7100067138672,1351400,0.0,0.0,190.09000244140626
2023-05-22 00:00:00-04:00,197.02000427246094,199.07000732421875,195.99000549316406,196.41000366210938,1752200,0.0,0.0,192.28000183105468
2023-05-23 00:00:00-04:00,194.16000366210938,196.4600067138672,192.41000366210938,192.8699951171875,1525400,0.0,0.0,193.79200134277343
2023-05-24 00:00:00-04:00,192.3000030517578,197.1300048828125,191.0399932861328,196.19000244140625,2241900,0.0,0.0,195.38600158691406
2023-05-25 00:00:00-04:00,198.64999389648438,198.6699981689453,192.67999267578125,196.41000366210938,5213000,0.0,0.0,195.51800231933595
2023-05-26 00:00:00-04:00,214.77999877929688,218.8800048828125,211.13999938964844,216.07000732421875,6730400,0.0,0.0,199.59000244140626
2023-05-30 00:00:00-04:00,217.3699951171875,218.72999572753906,208.9600067138672,209.0800018310547,3549000,0.0,0.0,202.1240020751953
2023-05-31 00:00:00-04:00,207.82000732421875,213.27000427246094,206.47999572753906,211.99000549316406,5557500,0.0,0.0,205.94800415039063
2023-06-01 00:00:00-04:00,209.32000732421875,217.14999389648438,208.7100067138672,215.30999755859375,2534100,0.0,0.0,209.77200317382812
2023-06-02 00:00:00-04:00,215.67999267578125,217.6699981689453,213.36000061035156,213.5,2036400,0.0,0.0,213.19000244140625
2023-06-05 00:00:00-04:00,212.0,214.10000610351562,210.63999938964844,213.47999572753906,1390300,0.0,0.0,212.6720001220703
2023-06-06 00:00:00-04:00,213.83999633789062,216.6300048828125,213.22000122070312,215.0,1404400,0.0,0.0,213.8559997558594
2023-06-07 00:00:00-04:00,213.2100067138672,214.55999755859375,202.7899932861328,203.44000244140625,2971500,0.0,0.0,212.1459991455078
2023-06-08 00:00:00-04:00,203.13999938964844,208.0,201.4199981689453,204.49000549316406,2512800,0.0,0.0,209.98200073242188
2023-06-09 00:00:00-04:00,205.0,207.66000366210938,201.75999450683594,204.3800048828125,1884000,0.0,0.0,208.1580017089844
2023-06-12 00:00:00-04:00,205.5399932861328,209.83999633789062,205.16000366210938,209.64999389648438,1861900,0.0,0.0,207.39200134277343
2023-06-13 00:00:00-04:00,212.3699951171875,214.57000732421875,211.3000030517578,214.05999755859375,1798000,0.0,0.0,207.2040008544922
2023-06-14 00:00:00-04:00,213.92999267578125,217.99000549316406,213.35000610351562,217.30999755859375,2030500,0.0,0.0,209.97799987792968
2023-06-15 00:00:00-04:00,216.1300048828125,224.74000549316406,216.0,224.30999755859375,2551200,0.0,0.0,213.94199829101564
2023-06-16 00:00:00-04:00,225.33999633789062,226.05999755859375,220.0800018310547,222.39999389648438,3312300,0.0,0.0,217.54599609375
2023-06-20 00:00:00-04:00,220.38999938964844,224.0399932861328,219.19000244140625,223.74000549316406,1784500,0.0,0.0,220.36399841308594
2023-06-21 00:00:00-04:00,225.16000366210938,225.58999633789062,218.25,219.8300018310547,1837900,0.0,0.0,221.51799926757812
2023-06-22 00:00:00-04:00,217.89999389648438,221.1999969482422,217.13999938964844,221.0,1342800,0.0,0.0,222.25599975585936
2023-06-23 00:00:00-04:00,218.61000061035156,222.47999572753906,218.0,222.25,2800800,0.0,0.0,221.84400024414063
2023-06-26 00:00:00-04:00,221.10000610351562,224.1300048828125,219.08999633789062,219.94000244140625,2289600,0.0,0.0,221.352001953125
2023-06-27 00:00:00-04:00,220.52000427246094,225.3300018310547,220.52000427246094,224.22000122070312,1381000,0.0,0.0,221.4480010986328
2023-06-28 00:00:00-04:00,227.3300018310547,229.58999633789062,222.57000732421875,222.9600067138672,2117400,0.0,0.0,222.07400207519532
2023-06-29 00:00:00-04:00,223.74000549316406,228.0,221.02000427246094,227.1199951171875,2445800,0.0,0.0,223.29800109863282
2023-06-30 00:00:00-04:00,229.33999633789062,230.6199951171875,225.6999969482422,225.88999938964844,1773300,0.0,0.0,224.0260009765625
2023-07-03 00:00:00-04:00,225.5800018310547,226.3800048828125,223.47000122070312,224.58999633789062,783100,0.0,0.0,224.95599975585938
2023-07-05 00:00:00-04:00,220.97999572753906,222.92999267578125,220.0,222.60000610351562,1689600,0.0,0.0,224.6320007324219
2023-07-06 00:00:00-04:00,217.89999389648438,220.2899932861328,216.7899932861328,219.3000030517578,1394700,0.0,0.0,223.9
2023-07-07 00:00:00-04:00,218.6300048828125,221.0399932861328,217.3699951171875,218.72999572753906,1526800,0.0,0.0,222.2220001220703
2023-07-10 00:00:00-04:00,218.0,225.22999572753906,217.91000366210938,222.39999389648438,1589400,0.0,0.0,221.5239990234375
2023-07-11 00:00:00-04:00,222.27000427246094,223.66000366210938,219.0399932861328,221.7100067138672,1596900,0.0,0.0,220.9480010986328
2023-07-12 00:00:00-04:00,223.8699951171875,224.02999877929688,218.3300018310547,219.0800018310547,2496600,0.0,0.0,220.24400024414064
2023-07-13 00:00:00-04:00,220.8300018310547,221.39999389648438,218.9499969482422,219.77999877929688,2289300,0.0,0.0,220.33999938964843
2023-07-14 00:00:00-04:00,219.22999572753906,224.16000366210938,219.19000244140625,223.91000366210938,1649100,0.0,0.0,221.3760009765625
2023-07-17 00:00:00-04:00,223.82000732421875,230.4199981689453,222.94000244140625,228.25,1888300,0.0,0.0,222.54600219726564
2023-07-18 00:00:00-04:00,226.49000549316406,229.4600067138672,224.22999572753906,228.35000610351562,1840500,0.0,0.0,223.8740020751953
2023-07-19 00:00:00-04:00,230.88999938964844,234.8000030517578,230.24000549316406,231.67999267578125,1854800,0.0,0.0,226.3940002441406
2023-07-20 00:00:00-04:00,229.0399932861328,231.11000061035156,221.7899932861328,222.32000732421875,2242200,0.0,0.0,226.902001953125
2023-07-21 00:00:00-04:00,223.5800018310547,226.00999450683594,222.82000732421875,225.0500030517578,3993000,0.0,0.0,227.1300018310547
2023-07-24 00:00:00-04:00,224.13999938964844,226.61000061035156,221.1999969482422,223.1199951171875,1339900,0.0,0.0,226.1040008544922
2023-07-25 00:00:00-04:00,223.47999572753906,228.64999389648438,223.14999389648438,227.39999389648438,1257300,0.0,0.0,225.91399841308595
2023-07-26 00:00:00-04:00,225.6300048828125,232.0,225.6300048828125,230.0500030517578,2615000,0.0,0.0,225.58800048828124
2023-07-27 00:00:00-04:00,233.22000122070312,234.82000732421875,228.25999450683594,229.8000030517578,2372600,0.0,0.0,227.08399963378906
2023-07-28 00:00:00-04:00,231.82000732421875,236.27000427246094,231.75,235.0,1605500,0.0,0.0,229.0739990234375
2023-07-31 00:00:00-04:00,235.14999389648438,238.6699981689453,234.7100067138672,237.1300048828125,1104100,0.0,0.0,231.8760009765625
2023-08-01 00:00:00-04:00,235.83999633789062,240.17999267578125,233.50999450683594,239.8000030517578,1274900,0.0,0.0,234.3560028076172
2023-08-02 00:00:00-04:00,236.02000427246094,236.2899932861328,226.02999877929688,229.22000122070312,1630700,0.0,0.0,234.19000244140625
2023-08-03 00:00:00-04:00,228.4499969482422,230.60000610351562,225.82000732421875,229.33999633789062,1283100,0.0,0.0,234.0980010986328
2023-08-04 00:00:00-04:00,230.58999633789062,233.4499969482422,227.14999389648438,230.1199951171875,1263300,0.0,0.0,233.12200012207032
2023-08-07 00:00:00-04:00,229.3000030517578,233.72999572753906,229.0500030517578,233.5500030517578,1374000,0.0,0.0,232.40599975585937
2023-08-08 00:00:00-04:00,230.27999877929688,230.5800018310547,226.10000610351562,227.5399932861328,1435800,0.0,0.0,229.95399780273436
2023-08-09 00:00:00-04:00,227.75,228.64999389648438,224.0,225.55999755859375,1275800,0.0,0.0,229.2219970703125
2023-08-10 00:00:00-04:00,229.88999938964844,230.97000122070312,226.0,227.8699951171875,1030400,0.0,0.0,228.92799682617186
2023-08-11 00:00:00-04:00,226.63999938964844,229.69000244140625,225.6999969482422,226.4600067138672,770700,0.0,0.0,228.1959991455078
2023-08-14 00:00:00-04:00,225.0800018310547,229.77999877929688,224.9600067138672,228.11000061035156,934900,0.0,0.0,227.10799865722657
2023-08-15 00:00:00-04:00,226.47999572753906,232.39999389648438,226.3699951171875,230.88999938964844,1381400,0.0,0.0,227.7779998779297
2023-08-16 00:00:00-04:00,231.77999877929688,234.89999389648438,230.2100067138672,230.41000366210938,1429300,0.0,0.0,228.7480010986328
2023-08-17 00:00:00-04:00,231.97999572753906,232.0399932861328,222.9199981689453,224.05999755859375,1667200,0.0,0.0,227.98600158691406
2023-08-18 00:00:00-04:00,220.22999572753906,225.55999755859375,218.44000244140625,224.4199981689453,1462300,0.0,0.0,227.5779998779297
2023-08-21 00:00:00-04:00,224.85000610351562,228.33999633789062,224.49000549316406,227.22999572753906,1195400,0.0,0.0,227.4019989013672
2023-08-22 00:00:00-04:00,228.0,228.9600067138672,225.72999572753906,226.25999450683594,1377800,0.0,0.0,226.4759979248047
2023-08-23 00:00:00-04:00,226.61000061035156,231.77000427246094,226.61000061035156,230.22000122070312,1328700,0.0,0.0,226.43799743652343
2023-08-24 00:00:00-04:00,234.3699951171875,235.69000244140625,224.8699951171875,224.8699951171875,3629700,0.0,0.0,226.5999969482422
2023-08-25 00:00:00-04:00,228.3800048828125,239.3300018310547,226.0800018310547,236.97000122070312,5637100,0.0,0.0,229.10999755859376
2023-08-28 00:00:00-04:00,237.3300018310547,238.5,234.75999450683594,236.3000030517578,1879000,0.0,0.0,230.9239990234375
2023-08-29 00:00:00-04:00,236.6999969482422,241.82000732421875,236.0500030517578,241.6699981689453,1848800,0.0,0.0,234.00599975585936
2023-08-30 00:00:00-04:00,241.9199981689453,244.92999267578125,241.9199981689453,243.13999938964844,1644100,0.0,0.0,236.58999938964843
2023-08-31 00:00:00-04:00,243.49000549316406,245.60000610351562,242.22000122070312,244.5,1982900,0.0,0.0,240.51600036621093
2023-09-01 00:00:00-04:00,246.5399932861328,249.25999450683594,244.17999267578125,248.49000549316406,1070300,0.0,0.0,242.82000122070312
2023-09-05 00:00:00-04:00,246.64999389648438,247.75,244.64999389648438,247.2100067138672,1172500,0.0,0.0,245.002001953125
2023-09-06 00:00:00-04:00,245.67999267578125,248.6999969482422,245.49000549316406,248.41000366210938,1165600,0.0,0.0,246.35000305175782
2023-09-07 00:00:00-04:00,247.75999450683594,251.6300048828125,246.74000549316406,250.47000122070312,1021700,0.0,0.0,247.81600341796874
2023-09-08 00:00:00-04:00,249.9499969482422,252.2899932861328,249.00999450683594,250.6300048828125,1117900,0.0,0.0,249.04200439453126
2023-09-11 00:00:00-04:00,249.82000732421875,252.72000122070312,248.05999755859375,252.2100067138672,1240800,0.0,0.0,249.78600463867187
2023-09-12 00:00:00-04:00,250.3000030517578,250.9499969482422,246.8300018310547,247.72999572753906,1242500,0.0,0.0,249.89000244140624
2023-09-13 00:00:00-04:00,247.64999389648438,249.82000732421875,244.8800048828125,245.19000244140625,1270400,0.0,0.0,249.24600219726562
2023-09-14 00:00:00-04:00,246.14999389648438,246.99000549316406,242.32000732421875,245.0800018310547,1119900,0.0,0.0,248.16800231933593
2023-09-15 00:00:00-04:00,245.0800018310547,245.0800018310547,239.58999633789062,240.86000061035156,2821800,0.0,0.0,246.21400146484376
2023-09-18 00:00:00-04:00,240.38999938964844,244.61000061035156,239.89999389648438,244.3300018310547,1362300,0.0,0.0,244.63800048828125
2023-09-19 00:00:00-04:00,242.52999877929688,243.39999389648438,240.17999267578125,243.10000610351562,1168600,0.0,0.0,243.71200256347657
2023-09-20 00:00:00-04:00,243.39999389648438,244.14999389648438,237.66000366210938,237.8000030517578,1261100,0.0,0.0,242.23400268554687
2023-09-21 00:00:00-04:00,235.3000030517578,235.86000061035156,229.7100067138672,230.1699981689453,1746500,0.0,0.0,239.252001953125
2023-09-22 00:00:00-04:00,230.7100067138672,232.33999633789062,230.25999450683594,230.82000732421875,1162700,0.0,0.0,237.24400329589844
2023-09-25 00:00:00-04:00,229.63999938964844,232.16000366210938,229.00999450683594,231.58999633789062,894200,0.0,0.0,234.6960021972656
2023-09-26 00:00:00-04:00,230.89999389648438,232.6999969482422,228.55999755859375,229.24000549316406,1217300,0.0,0.0,231.92400207519532
2023-09-27 00:00:00-04:00,230.72000122070312,233.83999633789062,227.02000427246094,230.80999755859375,2338100,0.0,0.0,230.5260009765625
2023-09-28 00:00:00-04:00,202.99000549316406,215.0,202.64999389648438,211.22000122070312,9196300,0.0,0.0,226.73600158691406
2023-09-29 00:00:00-04:00,214.9499969482422,217.32000732421875,213.63999938964844,214.85000610351562,4066600,0.0,0.0,223.54200134277343
2023-10-02 00:00:00-04:00,214.85000610351562,216.30999755859375,212.0,213.66000366210938,2168600,0.0,0.0,219.95600280761718
2023-10-03 00:00:00-04:00,211.41000366210938,214.85000610351562,206.58999633789062,207.3000030517578,2929700,0.0,0.0,215.56800231933593
2023-10-04 00:00:00-04:00,208.6999969482422,209.91000366210938,206.39999389648438,209.3699951171875,1987100,0.0,0.0,211.28000183105468
2023-10-05 00:00:00-04:00,208.00999450683594,208.97999572753906,203.38999938964844,205.13999938964844,2444700,0.0,0.0,210.06400146484376
2023-10-06 00:00:00-04:00,202.52999877929688,214.80999755859375,202.00999450683594,213.6300048828125,2208600,0.0,0.0,209.82000122070312
2023-10-09 00:00:00-04:00,212.41000366210938,218.42999267578125,212.00999450683594,217.75,1486600,0.0,0.0,210.63800048828125
2023-10-10 00:00:00-04:00,217.38999938964844,222.3000030517578,217.19000244140625,220.9199981689453,1702100,0.0,0.0,213.36199951171875
2023-10-11 00:00:00-04:00,220.17999267578125,222.67999267578125,219.7899932861328,222.0,1360700,0.0,0.0,215.88800048828125
2023-10-12 00:00:00-04:00,223.49000549316406,223.49000549316406,214.00999450683594,215.75,1528300,0.0,0.0,218.01000061035157
2023-10-13 00:00:00-04:00,216.77000427246094,217.86000061035156,213.94000244140625,214.88999938964844,1206500,0.0,0.0,218.26199951171876
2023-10-16 00:00:00-04:00,216.2899932861328,218.1999969482422,213.47999572753906,215.6199951171875,855500,0.0,0.0,217.83599853515625
2023-10-17 00:00:00-04:00,213.2899932861328,220.27000427246094,213.07000732421875,218.07000732421875,1423300,0.0,0.0,217.26600036621093
2023-10-18 00:00:00-04:00,215.61000061035156,217.80999755859375,214.57000732421875,214.61000061035156,1036400,0.0,0.0,215.78800048828126
2023-10-19 00:00:00-04:00,217.1699981689453,218.4600067138672,212.69000244140625,213.25999450683594,1156200,0.0,0.0,215.28999938964844
2023-10-20 00:00:00-04:00,213.9499969482422,214.47999572753906,209.80999755859375,211.16000366210938,1278500,0.0,0.0,214.54400024414062
2023-10-23 00:00:00-04:00,210.6999969482422,212.1699981689453,208.05999755859375,209.5800018310547,1197900,0.0,0.0,213.33600158691405
2023-10-24 00:00:00-04:00,210.6300048828125,213.4600067138672,209.13999938964844,212.3699951171875,676400,0.0,0.0,212.1959991455078
2023-10-25 00:00:00-04:00,211.0,211.0,205.05999755859375,207.2100067138672,1294600,0.0,0.0,210.71600036621095
2023-10-26 00:00:00-04:00,208.17999267578125,209.64999389648438,204.4600067138672,205.97999572753906,1672200,0.0,0.0,209.26000061035157
2023-10-27 00:00:00-04:00,206.0,207.25999450683594,203.85000610351562,206.00999450683594,1341500,0.0,0.0,208.22999877929686
2023-10-30 00:00:00-04:00,207.42999267578125,207.5500030517578,204.77999877929688,207.1999969482422,1370500,0.0,0.0,207.75399780273438
2023-10-31 00:00:00-04:00,207.5500030517578,213.22999572753906,206.7899932861328,211.7100067138672,1888700,0.0,0.0,207.62200012207032
2023-11-01 00:00:00-04:00,209.4600067138672,211.97999572753906,206.99000549316406,211.4600067138672,1664200,0.0,0.0,208.4720001220703
2023-11-02 00:00:00-04:00,215.6199951171875,216.2100067138672,211.64999389648438,212.9199981689453,1308800,0.0,0.0,209.86000061035156
2023-11-03 00:00:00-04:00,211.6300048828125,220.9499969482422,211.6300048828125,218.41000366210938,1381500,0.0,0.0,212.34000244140626
2023-11-06 00:00:00-05:00,218.39999389648438,218.52000427246094,214.91000366210938,218.38999938964844,972400,0.0,0.0,214.5780029296875
2023-11-07 00:00:00-05:00,220.47000122070312,222.97000122070312,219.13999938964844,221.4499969482422,1136700,0.0,0.0,216.5260009765625
2023-11-08 00:00:00-05:00,222.47000122070312,223.72000122070312,219.97999572753906,222.60000610351562,689000,0.0,0.0,218.75400085449218
2023-11-09 00:00:00-05:00,223.25,232.0,220.92999267578125,225.4499969482422,2282000,0.0,0.0,221.26000061035157
2023-11-10 00:00:00-05:00,226.5500030517578,231.82000732421875,225.05999755859375,230.00999450683594,1788800,0.0,0.0,223.5799987792969
2023-11-13 00:00:00-05:00,225.1300048828125,227.8300018310547,223.0,226.3000030517578,1779100,0.0,0.0,225.16199951171876
2023-11-14 00:00:00-05:00,231.0,233.24000549316406,229.0500030517578,232.4199981689453,1596600,0.0,0.0,227.3559997558594
2023-11-15 00:00:00-05:00,233.10000610351562,235.4600067138672,230.97000122070312,231.50999450683594,1312100,0.0,0.0,229.13799743652345
2023-11-16 00:00:00-05:00,232.0,233.33999633789062,229.75,231.9499969482422,1259600,0.0,0.0,230.43799743652343
2023-11-17 00:00:00-05:00,232.8800048828125,232.8800048828125,230.6300048828125,231.66000366210938,1013600,0.0,0.0,230.76799926757812
2023-11-20 00:00:00-05:00,233.75999450683594,237.72000122070312,232.52000427246094,237.02000427246094,1236000,0.0,0.0,232.91199951171876
2023-11-21 00:00:00-05:00,236.52000427246094,238.83999633789062,235.60000610351562,236.67999267578125,955000,0.0,0.0,233.76399841308594
2023-11-22 00:00:00-05:00,238.00999450683594,238.99000549316406,233.89999389648438,234.25999450683594,1313700,0.0,0.0,234.31399841308593
2023-11-24 00:00:00-05:00,234.38999938964844,236.6999969482422,233.3300018310547,236.61000061035156,860800,0.0,0.0,235.24599914550782
2023-11-27 00:00:00-05:00,236.66000366210938,238.11000061035156,235.5800018310547,235.8300018310547,1746600,0.0,0.0,236.0799987792969
2023-11-28 00:00:00-05:00,235.0,237.6300048828125,234.4499969482422,237.3300018310547,2806000,0.0,0.0,236.14199829101562
2023-11-29 00:00:00-05:00,255.08999633789062,270.6499938964844,252.55999755859375,263.489990234375,9168700,0.0,0.0,241.50399780273438
2023-11-30 00:00:00-05:00,264.260009765625,271.989990234375,260.9100036621094,270.7200012207031,4494400,0.0,0.0,248.7959991455078
2023-12-01 00:00:00-05:00,269.2099914550781,273.6300048828125,266.2799987792969,272.9200134277344,2690100,0.0,0.0,256.05800170898436
2023-12-04 00:00:00-05:00,269.2699890136719,272.8999938964844,265.29998779296875,269.2200012207031,3375000,0.0,0.0,262.7360015869141
2023-12-05 00:00:00-05:00,268.0199890136719,268.6199951171875,263.6000061035156,267.760009765625,2490400,0.0,0.0,268.82200317382814
2023-12-06 00:00:00-05:00,267.3999938964844,271.6000061035156,266.7900085449219,267.32000732421875,1824200,0.0,0.0,269.5880065917969
2023-12-07 00:00:00-05:00,268.9200134277344,273.9200134277344,268.1400146484375,272.3800048828125,2009500,0.0,0.0,269.9200073242188
2023-12-08 00:00:00-05:00,270.05999755859375,274.8500061035156,269.54998779296875,273.4100036621094,1485100,0.0,0.0,270.01800537109375
2023-12-11 00:00:00-05:00,274.5899963378906,278.94000244140625,273.8999938964844,276.1099853515625,1949200,0.0,0.0,271.3960021972656
2023-12-12 00:00:00-05:00,275.6700134277344,278.0899963378906,274.7099914550781,276.75,2425100,0.0,0.0,273.1940002441406
2023-12-13 00:00:00-05:00,278.92999267578125,279.0,274.8500061035156,278.67999267578125,2687700,0.0,0.0,275.46599731445315
2023-12-14 00:00:00-05:00,277.2799987792969,279.8299865722656,270.510009765625,270.7799987792969,2930500,0.0,0.0,275.14599609375
2023-12-15 00:00:00-05:00,271.5,274.8399963378906,269.6400146484375,272.70001220703125,3442400,0.0,0.0,275.0039978027344
2023-12-18 00:00:00-05:00,272.3699951171875,275.1199951171875,271.8699951171875,272.75,1317100,0.0,0.0,274.3320007324219
2023-12-19 00:00:00-05:00,273.1199951171875,275.7200012207031,271.8699951171875,273.9800109863281,1400700,0.0,0.0,273.7780029296875
2023-12-20 00:00:00-05:00,272.70001220703125,275.20001220703125,270.0899963378906,270.1499938964844,1369000,0.0,0.0,272.07200317382814
2023-12-21 00:00:00-05:00,272.510009765625,273.3299865722656,270.2699890136719,272.8999938964844,1201300,0.0,0.0,272.4960021972656
2023-12-22 00:00:00-05:00,274.010009765625,275.80999755859375,271.3299865722656,272.57000732421875,1178400,0.0,0.0,272.4700012207031
2023-12-26 00:00:00-05:00,272.57000732421875,274.4200134277344,272.44000244140625,273.9700012207031,798200,0.0,0.0,272.71400146484376
2023-12-27 00:00:00-05:00,274.2900085449219,274.7200012207031,272.45001220703125,273.70001220703125,759200,0.0,0.0,272.6580017089844
2023-12-28 00:00:00-05:00,274.1400146484375,277.0,272.7099914550781,276.0799865722656,839300,0.0,0.0,273.8440002441406
2023-12-29 00:00:00-05:00,275.42999267578125,277.6300048828125,274.04998779296875,276.05999755859375,975400,0.0,0.0,274.4760009765625
2024-01-02 00:00:00-05:00,273.7300109863281,274.92999267578125,263.8800048828125,268.2799987792969,2019600,0.0,0.0,273.6179992675781
2024-01-03 00:00:00-05:00,267.20001220703125,270.3800048828125,266.5299987792969,268.4100036621094,1711300,0.0,0.0,272.50599975585936
2024-01-04 00:00:00-05:00,267.54998779296875,268.57000732421875,264.1000061035156,267.0799865722656,1330100,0.0,0.0,271.18199462890624
2024-01-05 00:00:00-05:00,264.5199890136719,268.2799987792969,264.1400146484375,265.79998779296875,1781200,0.0,0.0,269.12599487304686
2024-01-08 00:00:00-05:00,265.54998779296875,273.57000732421875,265.1099853515625,272.94000244140625,1557700,0.0,0.0,268.5019958496094
2024-01-09 00:00:00-05:00,269.7900085449219,277.0799865722656,269.7900085449219,275.82000732421875,1093500,0.0,0.0,270.00999755859374
2024-01-10 00:00:00-05:00,275.739990234375,278.55999755859375,274.80999755859375,276.80999755859375,1220500,0.0,0.0,271.68999633789065
2024-01-11 00:00:00-05:00,278.29998779296875,279.260009765625,275.04998779296875,278.9700012207031,827300,0.0,0.0,274.0679992675781
2024-01-12 00:00:00-05:00,278.9700012207031,283.3399963378906,277.8599853515625,283.239990234375,1891800,0.0,0.0,277.5559997558594
2024-01-16 00:00:00-05:00,282.5199890136719,283.8299865722656,278.5400085449219,280.8900146484375,1077800,0.0,0.0,279.1460021972656
2024-01-17 00:00:00-05:00,278.79998779296875,282.6499938964844,276.6400146484375,281.32000732421875,1166500,0.0,0.0,280.2460021972656
2024-01-18 00:00:00-05:00,283.30999755859375,285.7799987792969,280.0899963378906,285.67999267578125,1192300,0.0,0.0,282.02000122070314
2024-01-19 00:00:00-05:00,286.760009765625,290.4599914550781,285.94000244140625,289.989990234375,1294000,0.0,0.0,284.2239990234375
2024-01-22 00:00:00-05:00,291.6700134277344,293.7099914550781,289.6400146484375,289.8800048828125,926800,0.0,0.0,285.552001953125
2024-01-23 00:00:00-05:00,289.9800109863281,291.42999267578125,286.760009765625,291.32000732421875,767900,0.0,0.0,287.63800048828125
2024-01-24 00:00:00-05:00,293.0,297.44000244140625,291.3399963378906,295.5,1485900,0.0,0.0,290.4739990234375
2024-01-25 00:00:00-05:00,297.9200134277344,298.0,290.5899963378906,292.3599853515625,1189400,0.0,0.0,291.80999755859375
2024-01-26 00:00:00-05:00,292.3599853515625,292.6700134277344,288.54998779296875,288.6300048828125,1296500,0.0,0.0,291.5380004882812
2024-01-29 00:00:00-05:00,288.6300048828125,296.82000732421875,288.6300048828125,296.7300109863281,1296500,0.0,0.0,292.9080017089844
2024-01-30 00:00:00-05:00,295.4200134277344,297.6400146484375,294.5,294.8599853515625,766900,0.0,0.0,293.6159973144531
2024-01-31 00:00:00-05:00,292.69000244140625,294.3800048828125,288.760009765625,291.07000732421875,1244500,0.0,0.0,292.72999877929686
2024-02-01 00:00:00-05:00,292.70001220703125,295.260009765625,291.1000061035156,294.0,767800,0.0,0.0,293.05800170898436
2024-02-02 00:00:00-05:00,292.8800048828125,295.3900146484375,292.2200012207031,294.739990234375,1348400,0.0,0.0,294.2799987792969
2024-02-05 00:00:00-05:00,294.5799865722656,294.7900085449219,288.8399963378906,291.7300109863281,1063600,0.0,0.0,293.2799987792969
2024-02-06 00:00:00-05:00,293.0,293.0,284.6300048828125,288.6300048828125,1186400,0.0,0.0,292.03400268554685
2024-02-07 00:00:00-05:00,291.3399963378906,295.989990234375,289.0,294.4200134277344,1208100,0.0,0.0,292.70400390625
2024-02-08 00:00:00-05:00,295.55999755859375,299.4599914550781,293.45001220703125,298.6499938964844,1086400,0.0,0.0,293.6340026855469
2024-02-09 00:00:00-05:00,300.0,308.95001220703125,299.1700134277344,304.8900146484375,1891800,0.0,0.0,295.66400756835935
2024-02-12 00:00:00-05:00,301.760009765625,304.1700134277344,298.1700134277344,299.0899963378906,1296000,0.0,0.0,297.13600463867186
2024-02-13 00:00:00-05:00,292.2099914550781,301.4700012207031,290.30999755859375,296.75,1616600,0.0,0.0,298.7600036621094
2024-02-14 00:00:00-05:00,299.4100036621094,303.7699890136719,298.3900146484375,302.239990234375,1475900,0.0,0.0,300.3239990234375
2024-02-15 00:00:00-05:00,304.5400085449219,306.25,301.3900146484375,305.0899963378906,1752300,0.0,0.0,301.61199951171875
2024-02-16 00:00:00-05:00,306.57000732421875,306.57000732421875,302.1400146484375,302.6700134277344,1406900,0.0,0.0,301.1679992675781
2024-02-20 00:00:00-05:00,303.0,304.8299865722656,297.42999267578125,301.9800109863281,1595000,0.0,0.0,301.7460021972656
2024-02-21 00:00:00-05:00,299.54998779296875,299.54998779296875,294.67999267578125,298.9599914550781,1224400,0.0,0.0,302.18800048828126
2024-02-22 00:00:00-05:00,308.5799865722656,308.9800109863281,303.55999755859375,306.6199951171875,1778900,0.0,0.0,303.0640014648437
2024-02-23 00:00:00-05:00,309.1000061035156,309.8599853515625,304.42999267578125,305.8800048828125,1463600,0.0,0.0,303.2220031738281
2024-02-26 00:00:00-05:00,308.0,311.2799987792969,306.6000061035156,307.2099914550781,4568000,0.0,0.0,304.1299987792969
2024-02-27 00:00:00-05:00,292.5899963378906,304.7900085449219,292.57000732421875,295.04998779296875,5858400,0.0,0.0,302.743994140625
2024-02-28 00:00:00-05:00,294.2099914550781,295.9200134277344,289.7900085449219,295.1600036621094,2120000,0.0,0.0,301.98399658203124
2024-02-29 00:00:00-05:00,296.8900146484375,298.5,290.4800109863281,294.6600036621094,3206500,0.0,0.0,299.5919982910156
2024-03-01 00:00:00-05:00,295.8800048828125,296.44000244140625,289.25,291.9200134277344,4146500,0.0,0.0,296.8
2024-03-04 00:00:00-05:00,279.0,279.3599853515625,272.2799987792969,273.0199890136719,8220800,0.0,0.0,289.9619995117188
2024-03-05 00:00:00-05:00,270.739990234375,270.8999938964844,262.55999755859375,266.739990234375,4730000,0.0,0.0,284.3
2024-03-06 00:00:00-05:00,268.29998779296875,270.95001220703125,263.5799865722656,266.92999267578125,2772100,0.0,0.0,278.65399780273435
2024-03-07 00:00:00-05:00,266.79998779296875,269.3900146484375,264.5,264.739990234375,2671900,0.0,0.0,272.6699951171875
2024-03-08 00:00:00-05:00,264.32000732421875,269.19000244140625,263.69000244140625,264.32000732421875,2448300,0.0,0.0,267.1499938964844
2024-03-11 00:00:00-04:00,263.94000244140625,269.8599853515625,263.1199951171875,266.7200012207031,2233800,0.0,0.0,265.88999633789064
2024-03-12 00:00:00-04:00,267.0799865722656,272.6099853515625,267.0799865722656,271.2099914550781,2037700,0.0,0.0,266.78399658203125
2024-03-13 00:00:00-04:00,272.9100036621094,272.95001220703125,269.0299987792969,269.7300109863281,1656300,0.0,0.0,267.3440002441406
2024-03-14 00:00:00-04:00,271.2900085449219,272.5,267.8299865722656,272.0400085449219,1385500,0.0,0.0,268.80400390625
2024-03-15 00:00:00-04:00,269.29998779296875,270.8599853515625,266.79998779296875,268.2699890136719,3321800,0.0,0.0,269.5940002441406
2024-03-18 00:00:00-04:00,270.6499938964844,273.3399963378906,269.2300109863281,272.6000061035156,1720700,0.0,0.0,270.77000122070314
2024-03-19 00:00:00-04:00,271.67999267578125,274.3699951171875,269.010009765625,273.239990234375,1370100,0.0,0.0,271.1760009765625
2024-03-20 00:00:00-04:00,273.0,277.1499938964844,270.8699951171875,276.4100036621094,1641500,0.0,0.0,272.5119995117187
2024-03-21 00:00:00-04:00,278.29998779296875,280.260009765625,275.5299987792969,276.489990234375,1648800,0.0,0.0,273.40199584960936
2024-03-22 00:00:00-04:00,275.5,279.25,274.260009765625,277.5,1542700,0.0,0.0,275.247998046875
2024-03-25 00:00:00-04:00,277.70001220703125,278.1400146484375,274.0,275.67999267578125,1331300,0.0,0.0,275.86399536132814
2024-03-26 00:00:00-04:00,277.4800109863281,278.3299865722656,275.5199890136719,277.3800048828125,1039600,0.0,0.0,276.69199829101564
2024-03-27 00:00:00-04:00,278.45001220703125,279.989990234375,270.4700012207031,273.6199951171875,1681500,0.0,0.0,276.1339965820313
2024-03-28 00:00:00-04:00,274.0799865722656,275.8699951171875,272.44000244140625,272.75,1242200,0.0,0.0,275.38599853515626
2024-04-01 00:00:00-04:00,272.7699890136719,273.42999267578125,269.3599853515625,272.44000244140625,1333900,0.0,0.0,274.3739990234375
2024-04-02 00:00:00-04:00,268.8800048828125,273.239990234375,266.5400085449219,271.6600036621094,1588600,0.0,0.0,273.57000122070315
2024-04-03 00:00:00-04:00,270.1099853515625,272.6600036621094,268.7099914550781,268.8299865722656,1208400,0.0,0.0,271.85999755859376
2024-04-04 00:00:00-04:00,272.5,275.760009765625,269.0799865722656,269.0799865722656,1470600,0.0,0.0,270.9519958496094
2024-04-05 00:00:00-04:00,269.510009765625,269.7200012207031,265.5400085449219,268.32000732421875,1464300,0.0,0.0,270.0659973144531
2024-04-08 00:00:00-04:00,267.55999755859375,270.260009765625,266.3800048828125,268.6099853515625,1623300,0.0,0.0,269.29999389648435
2024-04-09 00:00:00-04:00,269.04998779296875,271.95001220703125,266.82000732421875,271.1000061035156,1235400,0.0,0.0,269.1879943847656
2024-04-10 00:00:00-04:00,267.1700134277344,270.0,265.0,266.8599853515625,1459100,0.0,0.0,268.793994140625
2024-04-11 00:00:00-04:00,268.29998779296875,269.67999267578125,264.8599853515625,268.4700012207031,1103400,0.0,0.0,268.6719970703125
2024-04-12 00:00:00-04:00,265.3800048828125,267.6000061035156,263.3800048828125,263.69000244140625,1251100,0.0,0.0,267.74599609375
2024-04-15 00:00:00-04:00,264.8299865722656,266.1499938964844,257.8399963378906,259.6300048828125,1367800,0.0,0.0,265.95
2024-04-16 00:00:00-04:00,259.70001220703125,260.20001220703125,256.7099914550781,257.69000244140625,2052500,0.0,0.0,263.26799926757815
2024-04-17 00:00:00-04:00,258.8900146484375,260.2799987792969,256.9200134277344,257.0199890136719,1258400,0.0,0.0,261.3
2024-04-18 00:00:00-04:00,257.3800048828125,258.25,254.27999877929688,255.63999938964844,1259500,0.0,0.0,258.73399963378904
2024-04-19 00:00:00-04:00,255.42999267578125,256.3599853515625,250.52000427246094,252.22000122070312,1543900,0.0,0.0,256.43999938964845
2024-04-22 00:00:00-04:00,254.35000610351562,254.82000732421875,251.0,253.52999877929688,1099100,0.0,0.0,255.21999816894532
2024-04-23 00:00:00-04:00,256.1400146484375,259.3399963378906,255.24000549316406,256.82000732421875,1286400,0.0,0.0,255.0459991455078
2024-04-24 00:00:00-04:00,257.989990234375,258.94000244140625,254.42999267578125,255.74000549316406,1163500,0.0,0.0,254.79000244140624
2024-04-25 00:00:00-04:00,254.0500030517578,256.95001220703125,250.58999633789062,254.05999755859375,1446100,0.0,0.0,254.4740020751953
2024-04-26 00:00:00-04:00,253.08999633789062,255.5399932861328,250.63999938964844,251.0399932861328,2549100,0.0,0.0,254.23800048828124
2024-04-29 00:00:00-04:00,251.3300018310547,252.4499969482422,248.19000244140625,248.77000427246094,2182000,0.0,0.0,253.28600158691407
2024-04-30 00:00:00-04:00,248.75999450683594,248.75999450683594,244.36000061035156,244.72999572753906,2674300,0.0,0.0,250.8679992675781
2024-05-01 00:00:00-04:00,245.3800048828125,249.92999267578125,241.13999938964844,244.9600067138672,2854400,0.0,0.0,248.71199951171874
2024-05-02 00:00:00-04:00,249.5800018310547,255.1999969482422,248.6999969482422,250.85000610351562,3929100,0.0,0.0,248.07000122070312
2024-05-03 00:00:00-04:00,253.14999389648438,258.0,252.36000061035156,255.77999877929688,3072600,0.0,0.0,249.01800231933595
2024-05-06 00:00:00-04:00,252.2899932861328,252.2899932861328,247.17999267578125,249.91000366210938,2881500,0.0,0.0,249.24600219726562
2024-05-07 00:00:00-04:00,249.3000030517578,251.22000122070312,247.66000366210938,249.42999267578125,1647200,0.0,0.0,250.18600158691407
2024-05-08 00:00:00-04:00,249.44000244140625,251.27999877929688,248.0399932861328,249.6300048828125,1475200,0.0,0.0,251.12000122070313
2024-05-09 00:00:00-04:00,250.3699951171875,250.8800048828125,245.88999938964844,245.9600067138672,2577000,0.0,0.0,250.14200134277343
2024-05-10 00:00:00-04:00,246.27999877929688,249.6699981689453,246.08999633789062,246.33999633789062,1582000,0.0,0.0,248.25400085449218
2024-05-13 00:00:00-04:00,246.1699981689453,248.8000030517578,246.1699981689453,247.0800018310547,2161700,0.0,0.0,247.68800048828126
2024-05-14 00:00:00-04:00,247.25,248.9600067138672,246.1199951171875,246.8800048828125,1737300,0.0,0.0,247.1780029296875
2024-05-15 00:00:00-04:00,247.89999389648438,252.97000122070312,247.0500030517578,251.30999755859375,2194300,0.0,0.0,247.51400146484374
2024-05-16 00:00:00-04:00,248.9600067138672,256.8900146484375,248.49000549316406,256.57000732421875,1887100,0.0,0.0,249.63600158691406
2024-05-17 00:00:00-04:00,257.4700012207031,259.4800109863281,256.2900085449219,257.92999267578125,2018500,0.0,0.0,251.9540008544922
2024-05-20 00:00:00-04:00,256.0299987792969,259.79998779296875,256.0,259.5,1880400,0.0,0.0,254.43800048828126
2024-05-21 00:00:00-04:00,258.8699951171875,259.8999938964844,256.989990234375,258.8599853515625,1939100,0.0,0.0,256.83399658203126
2024-05-22 00:00:00-04:00,260.0,263.0199890136719,258.8800048828125,259.8800048828125,2202100,0.0,0.0,258.547998046875
2024-05-23 00:00:00-04:00,263.2699890136719,263.6600036621094,260.04998779296875,260.8999938964844,4409900,0.0,0.0,259.41399536132815
2024-05-24 00:00:00-04:00,232.19000244140625,236.9499969482422,219.38999938964844,220.91000366210938,15622800,0.0,0.0,252.00999755859374
2024-05-28 00:00:00-04:00,219.0399932861328,219.52999877929688,211.2899932861328,215.44000244140625,7423800,0.0,0.0,243.197998046875
2024-05-29 00:00:00-04:00,214.99000549316406,216.05999755859375,211.19000244140625,211.5800018310547,3763700,0.0,0.0,233.74200134277345
2024-05-30 00:00:00-04:00,207.25,209.66000366210938,204.52000427246094,207.44000244140625,7025400,0.0,0.0,223.25400085449218
2024-05-31 00:00:00-04:00,208.0800018310547,213.05999755859375,207.86000061035156,211.4499969482422,6451900,0.0,0.0,213.36400146484374
2024-06-03 00:00:00-04:00,210.07000732421875,211.83999633789062,207.55999755859375,210.8300018310547,3238200,0.0,0.0,211.3480010986328
2024-06-04 00:00:00-04:00,211.85000610351562,212.82000732421875,209.0399932861328,211.1199951171875,3602000,0.0,0.0,210.48399963378907
2024-06-05 00:00:00-04:00,211.88999938964844,215.57000732421875,211.16000366210938,212.4600067138672,2558300,0.0,0.0,210.66000061035157
2024-06-06 00:00:00-04:00,212.77999877929688,216.77000427246094,212.3699951171875,214.9499969482422,2614900,0.0,0.0,212.16199951171876
2024-06-07 00:00:00-04:00,213.72000122070312,217.16000366210938,213.13999938964844,215.55999755859375,2412800,0.0,0.0,212.98399963378907
2024-06-10 00:00:00-04:00,213.3800048828125,215.0800018310547,209.83999633789062,212.72999572753906,2627600,0.0,0.0,213.36399841308594
2024-06-11 00:00:00-04:00,213.75,214.83999633789062,212.5,214.1300048828125,1915400,0.0,0.0,213.96600036621095
2024-06-12 00:00:00-04:00,215.25999450683594,215.27000427246094,210.49000549316406,210.92999267578125,2992200,0.0,0.0,213.65999755859374
2024-06-13 00:00:00-04:00,211.6999969482422,211.6999969482422,207.0,207.0800018310547,1928900,0.0,0.0,212.08599853515625
2024-06-14 00:00:00-04:00,208.07000732421875,210.8800048828125,207.11000061035156,209.47999572753906,1641800,0.0,0.0,210.8699981689453
2024-06-17 00:00:00-04:00,207.75999450683594,213.64999389648438,207.17999267578125,212.4600067138672,2039500,0.0,0.0,210.81600036621094
2024-06-18 00:00:00-04:00,211.0,212.85000610351562,207.3699951171875,207.69000244140625,2148300,0.0,0.0,209.5279998779297
2024-06-20 00:00:00-04:00,210.0,216.33999633789062,209.35000610351562,214.58999633789062,2843100,0.0,0.0,210.26000061035157
2024-06-21 00:00:00-04:00,216.77999877929688,219.6999969482422,216.27000427246094,219.08999633789062,5458100,0.0,0.0,212.66199951171876
2024-06-24 00:00:00-04:00,218.22000122070312,220.0,217.41000366210938,218.6999969482422,2369700,0.0,0.0,214.50599975585936
2024-06-25 00:00:00-04:00,219.27999877929688,219.58999633789062,216.91000366210938,217.3800048828125,1567100,0.0,0.0,215.48999938964843
2024-06-26 00:00:00-04:00,216.47999572753906,219.00999450683594,215.80999755859375,216.77999877929688,1827900,0.0,0.0,217.30799865722656
2024-06-27 00:00:00-04:00,217.5500030517578,224.13999938964844,217.25999450683594,223.36000061035156,1974000,0.0,0.0,219.06199951171874
2024-06-28 00:00:00-04:00,223.35000610351562,225.41000366210938,221.9600067138672,223.55999755859375,2677000,0.0,0.0,219.95599975585938
2024-07-01 00:00:00-04:00,223.0,225.41000366210938,219.57000732421875,224.72000122070312,1496000,0.0,0.0,221.16000061035157
2024-07-02 00:00:00-04:00,223.1199951171875,226.7899932861328,223.02000427246094,226.75999450683594,1715300,0.0,0.0,223.03599853515624
2024-07-03 00:00:00-04:00,227.1999969482422,228.9499969482422,225.35000610351562,225.5500030517578,882800,0.0,0.0,224.78999938964844
2024-07-05 00:00:00-04:00,224.9499969482422,229.35000610351562,224.00999450683594,229.1300048828125,1692700,0.0,0.0,225.94400024414062
2024-07-08 00:00:00-04:00,226.50999450683594,228.99000549316406,223.8300018310547,226.5399932861328,1674000,0.0,0.0,226.53999938964844
2024-07-09 00:00:00-04:00,225.32000732421875,226.22999572753906,221.52000427246094,223.08999633789062,1907500,0.0,0.0,226.21399841308593
2024-07-10 00:00:00-04:00,223.36000061035156,224.42999267578125,220.33999633789062,223.0800018310547,1769100,0.0,0.0,225.47799987792968
2024-07-11 00:00:00-04:00,223.7100067138672,228.13999938964844,222.75,226.80999755859375,2483000,0.0,0.0,225.72999877929686
2024-07-12 00:00:00-04:00,226.77999877929688,230.33999633789062,226.02000427246094,230.02000427246094,1686900,0.0,0.0,225.90799865722656
2024-07-15 00:00:00-04:00,230.6999969482422,233.86000061035156,230.0,232.47000122070312,2889500,0.0,0.0,227.09400024414063
2024-07-16 00:00:00-04:00,233.3000030517578,237.25,232.64999389648438,235.6300048828125,1652200,0.0,0.0,229.602001953125
2024-07-17 00:00:00-04:00,233.60000610351562,237.47999572753906,231.27000427246094,231.6300048828125,2087200,0.0,0.0,231.31200256347657
2024-07-18 00:00:00-04:00,232.75999450683594,235.0,229.14999389648438,230.5800018310547,1724800,0.0,0.0,232.06600341796874
2024-07-19 00:00:00-04:00,219.3300018310547,227.97000122070312,218.4600067138672,227.49000549316406,2787300,0.0,0.0,231.56000366210938
2024-07-22 00:00:00-04:00,228.9199981689453,229.9499969482422,225.52000427246094,228.99000549316406,2292300,0.0,0.0,230.86400451660157
2024-07-23 00:00:00-04:00,230.0,232.24000549316406,225.8300018310547,226.0399932861328,1465200,0.0,0.0,228.9460021972656
2024-07-24 00:00:00-04:00,225.16000366210938,225.47000122070312,220.4600067138672,220.52000427246094,1657600,0.0,0.0,226.7240020751953
2024-07-25 00:00:00-04:00,224.0,232.8699951171875,223.5500030517578,227.0800018310547,2264000,0.0,0.0,226.0240020751953
2024-07-26 00:00:00-04:00,228.33999633789062,231.2100067138672,227.97999572753906,228.63999938964844,1003300,0.0,0.0,226.25400085449218
2024-07-29 00:00:00-04:00,228.6300048828125,229.99000549316406,226.33999633789062,227.1300048828125,1026200,0.0,0.0,225.8820007324219
2024-07-30 00:00:00-04:00,228.0,229.52000427246094,224.91000366210938,226.47999572753906,1470100,0.0,0.0,225.97000122070312
2024-07-31 00:00:00-04:00,229.64999389648438,231.24000549316406,225.88999938964844,227.1199951171875,1556900,0.0,0.0,227.28999938964844
2024-08-01 00:00:00-04:00,227.3300018310547,228.41000366210938,220.38999938964844,222.5800018310547,1349100,0.0,0.0,226.38999938964844
2024-08-02 00:00:00-04:00,218.47999572753906,220.0,212.1300048828125,214.86000061035156,2456500,0.0,0.0,223.63399963378907
2024-08-05 00:00:00-04:00,199.99000549316406,212.0,199.80999755859375,207.75,3103800,0.0,0.0,219.75799865722655
2024-08-06 00:00:00-04:00,209.38999938964844,214.0399932861328,207.72000122070312,211.25,2431800,0.0,0.0,216.71199951171874
2024-08-07 00:00:00-04:00,213.33999633789062,220.0500030517578,210.07000732421875,210.2100067138672,1918200,0.0,0.0,213.3300018310547
2024-08-08 00:00:00-04:00,212.67999267578125,214.11000061035156,210.67999267578125,212.17999267578125,2014400,0.0,0.0,211.25
2024-08-09 00:00:00-04:00,212.5,213.4600067138672,211.39999389648438,211.9499969482422,2072800,0.0,0.0,210.66799926757812
2024-08-12 00:00:00-04:00,211.9499969482422,213.39999389648438,209.8800048828125,210.57000732421875,2239000,0.0,0.0,211.23200073242188
2024-08-13 00:00:00-04:00,210.49000549316406,217.4499969482422,209.72999572753906,216.38999938964844,1819100,0.0,0.0,212.26000061035157
2024-08-14 00:00:00-04:00,216.2899932861328,223.6300048828125,216.16000366210938,222.83999633789062,2347200,0.0,0.0,214.78599853515624
2024-08-15 00:00:00-04:00,225.85000610351562,232.7100067138672,225.3000030517578,231.55999755859375,2753500,0.0,0.0,218.66199951171876
2024-08-16 00:00:00-04:00,232.08999633789062,232.97000122070312,230.32000732421875,231.74000549316406,1580300,0.0,0.0,222.62000122070313
2024-08-19 00:00:00-04:00,229.94000244140625,232.6999969482422,229.50999450683594,232.6300048828125,2108100,0.0,0.0,227.03200073242186
2024-08-20 00:00:00-04:00,232.6300048828125,234.44000244140625,231.02999877929688,232.4600067138672,1547000,0.0,0.0,230.24600219726562
2024-08-21 00:00:00-04:00,233.0,234.5399932861328,232.2899932861328,233.50999450683594,2209900,0.0,0.0,232.3800018310547
2024-08-22 00:00:00-04:00,234.64999389648438,236.74000549316406,230.5399932861328,231.0800018310547,5123000,0.0,0.0,232.28400268554688
2024-08-23 00:00:00-04:00,264.989990234375,265.70001220703125,254.50999450683594,259.95001220703125,9701900,0.0,0.0,237.9260040283203
2024-08-26 00:00:00-04:00,260.0,262.5,257.45001220703125,260.3699951171875,3196800,0.0,0.0,243.4740020751953
2024-08-27 00:00:00-04:00,260.0,266.82000732421875,259.42999267578125,264.67999267578125,2588000,0.0,0.0,249.91799926757812
2024-08-28 00:00:00-04:00,263.9800109863281,264.7799987792969,257.95001220703125,260.29998779296875,1851500,0.0,0.0,255.2759979248047
2024-08-29 00:00:00-04:00,262.3999938964844,265.3399963378906,261.1099853515625,262.3599853515625,1435000,0.0,0.0,261.53199462890626
2024-08-30 00:00:00-04:00,262.4100036621094,264.45001220703125,260.3500061035156,263.19000244140625,1707400,0.0,0.0,262.17999267578125
2024-09-03 00:00:00-04:00,262.989990234375,265.57000732421875,258.82000732421875,260.32000732421875,1584700,0.0,0.0,262.1699951171875
2024-09-04 00:00:00-04:00,258.8999938964844,260.1000061035156,257.07000732421875,258.6000061035156,1172500,0.0,0.0,260.95399780273436
2024-09-05 00:00:00-04:00,255.75,257.2799987792969,253.1999969482422,255.7899932861328,1446900,0.0,0.0,260.0519989013672
2024-09-06 00:00:00-04:00,257.92999267578125,259.6199951171875,251.25,254.60000610351562,2252100,0.0,0.0,258.5000030517578
2024-09-09 00:00:00-04:00,248.7100067138672,255.8300018310547,248.38999938964844,253.52000427246094,2741800,0.0,0.0,256.5660034179688
2024-09-10 00:00:00-04:00,256.17999267578125,256.17999267578125,252.32000732421875,255.5800018310547,1801800,0.0,0.0,255.61800231933594
2024-09-11 00:00:00-04:00,256.0,256.0,247.83999633789062,255.6199951171875,1912900,0.0,0.0,255.02200012207032
2024-09-12 00:00:00-04:00,256.3800048828125,256.75,250.67999267578125,251.19000244140625,1888000,0.0,0.0,254.102001953125
2024-09-13 00:00:00-04:00,251.1300048828125,253.27000427246094,249.75999450683594,250.0500030517578,1506800,0.0,0.0,253.19200134277344
2024-09-16 00:00:00-04:00,250.22000122070312,253.38999938964844,247.44000244140625,249.2100067138672,1658400,0.0,0.0,252.3300018310547
2024-09-17 00:00:00-04:00,251.10000610351562,253.5,247.22000122070312,248.1199951171875,1696900,0.0,0.0,250.83800048828124
2024-09-18 00:00:00-04:00,248.08999633789062,251.44000244140625,243.49000549316406,248.47000122070312,2771300,0.0,0.0,249.4080017089844
2024-09-19 00:00:00-04:00,256.5,257.2099914550781,247.02999877929688,247.42999267578125,2768900,0.0,0.0,248.65599975585937
2024-09-20 00:00:00-04:00,246.49000549316406,249.1699981689453,246.17999267578125,248.2899932861328,3902000,0.0,0.0,248.3039978027344
2024-09-23 00:00:00-04:00,248.9199981689453,249.1699981689453,244.05999755859375,245.02999877929688,1387700,0.0,0.0,247.4679962158203
2024-09-24 00:00:00-04:00,245.05999755859375,249.30999755859375,244.5800018310547,246.9499969482422,1350700,0.0,0.0,247.23399658203124
2024-09-25 00:00:00-04:00,245.25999450683594,246.1199951171875,242.5,243.3699951171875,1262700,0.0,0.0,246.21399536132813
2024-09-26 00:00:00-04:00,244.99000549316406,245.7899932861328,241.58999633789062,245.42999267578125,1517000,0.0,0.0,245.81399536132812
2024-09-27 00:00:00-04:00,245.42999267578125,245.6199951171875,242.5399932861328,243.6199951171875,1237900,0.0,0.0,244.87999572753907
2024-09-30 00:00:00-04:00,243.16000366210938,245.41000366210938,241.5399932861328,244.41000366210938,1188800,0.0,0.0,244.75599670410156
2024-10-01 00:00:00-04:00,243.94000244140625,244.5,237.5399932861328,240.66000366210938,2631600,0.0,0.0,243.497998046875
2024-10-02 00:00:00-04:00,240.60000610351562,240.60000610351562,233.3300018310547,237.14999389648438,2238700,0.0,0.0,242.25399780273438
2024-10-03 00:00:00-04:00,235.36000061035156,242.47999572753906,235.0,240.94000244140625,1682500,0.0,0.0,241.3559997558594
2024-10-04 00:00:00-04:00,244.89999389648438,246.91000366210938,241.55999755859375,242.35000610351562,1621500,0.0,0.0,241.102001953125
2024-10-07 00:00:00-04:00,240.02999877929688,241.6199951171875,235.0,235.47000122070312,2084300,0.0,0.0,239.31400146484376
2024-10-08 00:00:00-04:00,235.9499969482422,239.64999389648438,234.49000549316406,239.47000122070312,1529800,0.0,0.0,239.0760009765625
2024-10-09 00:00:00-04:00,239.64999389648438,241.5,238.69000244140625,240.77000427246094,1237100,0.0,0.0,239.8000030517578
2024-10-10 00:00:00-04:00,238.80999755859375,246.64999389648438,238.80999755859375,245.16000366210938,1805200,0.0,0.0,240.64400329589844
2024-10-11 00:00:00-04:00,242.75,244.47000122070312,240.05999755859375,240.89999389648438,1713200,0.0,0.0,240.3540008544922
2024-10-14 00:00:00-04:00,242.3699951171875,242.97000122070312,240.1199951171875,242.47000122070312,1155600,0.0,0.0,241.75400085449218
2024-10-15 00:00:00-04:00,242.55999755859375,247.72000122070312,242.05999755859375,244.8300018310547,2187200,0.0,0.0,242.8260009765625
2024-10-16 00:00:00-04:00,244.83999633789062,245.99000549316406,239.49000549316406,240.22000122070312,1299800,0.0,0.0,242.71600036621095
2024-10-17 00:00:00-04:00,240.5,244.5800018310547,240.4600067138672,243.27000427246094,1494100,0.0,0.0,242.33800048828124
2024-10-18 00:00:00-04:00,243.27000427246094,245.75999450683594,242.17999267578125,244.47999572753906,955800,0.0,0.0,243.0540008544922
2024-10-21 00:00:00-04:00,243.25999450683594,244.7100067138672,242.25999450683594,243.75,898400,0.0,0.0,243.31000061035155
2024-10-22 00:00:00-04:00,244.0800018310547,247.08999633789062,243.32000732421875,246.75999450683594,1647300,0.0,0.0,243.6959991455078
2024-10-23 00:00:00-04:00,246.8699951171875,247.0,241.52999877929688,242.0399932861328,1875000,0.0,0.0,244.05999755859375
2024-10-24 00:00:00-04:00,244.38999938964844,244.5800018310547,235.47999572753906,236.82000732421875,1553300,0.0,0.0,242.7699981689453
2024-10-25 00:00:00-04:00,239.57000732421875,243.3800048828125,237.58999633789062,237.7100067138672,1339900,0.0,0.0,241.41600036621094
2024-10-28 00:00:00-04:00,239.8300018310547,239.91000366210938,234.63999938964844,234.9499969482422,1259500,0.0,0.0,239.65599975585937
2024-10-29 00:00:00-04:00,235.52000427246094,239.8300018310547,234.0,238.6300048828125,1110000,0.0,0.0,238.03000183105468
2024-10-30 00:00:00-04:00,236.92999267578125,240.5,236.50999450683594,238.27999877929688,952700,0.0,0.0,237.2780029296875
2024-10-31 00:00:00-04:00,238.0399932861328,238.0399932861328,233.75,233.85000610351562,1415800,0.0,0.0,236.6840026855469
2024-11-01 00:00:00-04:00,233.1699981689453,239.57000732421875,231.74000549316406,239.1199951171875,1804100,0.0,0.0,236.96600036621095
2024-11-04 00:00:00-05:00,237.77000427246094,242.5800018310547,237.77000427246094,241.13999938964844,1203000,0.0,0.0,238.2040008544922
2024-11-05 00:00:00-05:00,241.25,242.77999877929688,239.8000030517578,241.25,889100,0.0,0.0,238.72799987792968
2024-11-06 00:00:00-05:00,244.44000244140625,252.35000610351562,242.5,251.8000030517578,2016500,0.0,0.0,241.43200073242187
2024-11-07 00:00:00-05:00,252.1300048828125,258.8800048828125,251.52000427246094,257.9800109863281,2028700,0.0,0.0,246.25800170898438
2024-11-08 00:00:00-05:00,258.67999267578125,258.8800048828125,253.9199981689453,256.5400085449219,1729700,0.0,0.0,249.74200439453125
2024-11-11 00:00:00-05:00,257.2699890136719,264.55999755859375,255.00999450683594,264.1499938964844,2077200,0.0,0.0,254.34400329589843
2024-11-12 00:00:00-05:00,262.3399963378906,271.9700012207031,262.3399963378906,270.32000732421875,2669400,0.0,0.0,260.1580047607422
2024-11-13 00:00:00-05:00,270.4200134277344,278.9800109863281,270.0,276.510009765625,2746800,0.0,0.0,265.1000061035156
2024-11-14 00:00:00-05:00,274.5899963378906,276.4800109863281,270.8900146484375,271.489990234375,1681800,0.0,0.0,267.802001953125
2024-11-15 00:00:00-05:00,266.7699890136719,269.3599853515625,258.6000061035156,259.4100036621094,2035700,0.0,0.0,268.3760009765625
2024-11-18 00:00:00-05:00,261.0299987792969,261.1400146484375,257.2200012207031,259.3599853515625,1237300,0.0,0.0,267.4179992675781
2024-11-19 00:00:00-05:00,258.1300048828125,260.010009765625,256.1300048828125,259.8999938964844,1073500,0.0,0.0,265.33399658203126
2024-11-20 00:00:00-05:00,261.0199890136719,261.30999755859375,256.7900085449219,259.44000244140625,1296300,0.0,0.0,261.9199951171875
2024-11-21 00:00:00-05:00,263.4100036621094,269.8299865722656,261.54998779296875,268.07000732421875,2189800,0.0,0.0,261.2359985351562
2024-11-22 00:00:00-05:00,270.32000732421875,271.5,266.05999755859375,267.75,1997700,0.0,0.0,262.90399780273435
2024-11-25 00:00:00-05:00,272.5,276.0,267.3800048828125,267.69000244140625,3352900,0.0,0.0,264.57000122070315
2024-11-26 00:00:00-05:00,268.8999938964844,271.2900085449219,267.0199890136719,270.19000244140625,4189900,0.0,0.0,266.6280029296875
2024-11-27 00:00:00-05:00,237.5,260.010009765625,237.17999267578125,253.39999389648438,13910300,0.0,0.0,265.4200012207031
2024-11-29 00:00:00-05:00,254.05999755859375,255.32000732421875,247.8000030517578,249.99000549316406,2733700,0.0,0.0,261.8040008544922
2024-12-02 00:00:00-05:00,246.4499969482422,253.2899932861328,246.27000427246094,251.4600067138672,2672900,0.0,0.0,258.54600219726564
2024-12-03 00:00:00-05:00,250.86000061035156,258.17999267578125,250.75999450683594,257.05999755859375,2699600,0.0,0.0,256.4200012207031
2024-12-04 00:00:00-05:00,260.3900146484375,272.6099853515625,260.0,268.8699951171875,3636500,0.0,0.0,256.1559997558594
2024-12-05 00:00:00-05:00,266.1400146484375,268.5,262.45001220703125,262.70001220703125,2203600,0.0,0.0,258.01600341796876
2024-12-06 00:00:00-05:00,264.82000732421875,269.0799865722656,263.6000061035156,266.4200134277344,3269700,0.0,0.0,261.3020050048828
2024-12-09 00:00:00-05:00,291.6000061035156,294.0,278.4800109863281,279.9100036621094,11581000,0.0,0.0,266.99200439453125
2024-12-10 00:00:00-05:00,278.2900085449219,279.17999267578125,268.55999755859375,270.8800048828125,5642600,0.0,0.0,269.756005859375
2024-12-11 00:00:00-05:00,273.6099853515625,276.739990234375,271.2200012207031,272.3599853515625,3849100,0.0,0.0,270.45400390625
2024-12-12 00:00:00-05:00,270.80999755859375,276.9599914550781,269.8900146484375,274.82000732421875,2480800,0.0,0.0,272.8780029296875
2024-12-13 00:00:00-05:00,273.3299865722656,275.29998779296875,270.55999755859375,273.6700134277344,2888900,0.0,0.0,274.3280029296875
2024-12-16 00:00:00-05:00,271.8699951171875,278.9100036621094,269.7099914550781,278.3500061035156,4197700,0.0,0.0,274.01600341796876
2024-12-17 00:00:00-05:00,277.239990234375,283.04998779296875,275.30999755859375,278.010009765625,4000100,0.0,0.0,275.44200439453124
2024-12-18 00:00:00-05:00,277.8999938964844,280.17999267578125,268.6499938964844,268.92999267578125,3996800,0.0,0.0,274.756005859375
2024-12-19 00:00:00-05:00,271.42999267578125,274.20001220703125,264.8800048828125,266.8299865722656,4828900,0.0,0.0,273.1580017089844
2024-12-20 00:00:00-05:00,263.8399963378906,277.1199951171875,262.6600036621094,273.0400085449219,46874100,0.0,0.0,273.03200073242186
2024-12-23 00:00:00-05:00,270.1099853515625,272.0,263.8599853515625,265.3900146484375,3676000,0.0,0.0,270.44000244140625
2024-12-24 00:00:00-05:00,266.29998779296875,269.0899963378906,264.75,269.0400085449219,850500,0.0,0.0,268.6460021972656
2024-12-26 00:00:00-05:00,266.3999938964844,270.1400146484375,265.5,269.3800048828125,1243900,0.0,0.0,268.7360046386719
2024-12-27 00:00:00-05:00,267.6000061035156,268.3599853515625,263.2699890136719,266.239990234375,1602800,0.0,0.0,268.6180053710938
2024-12-30 00:00:00-05:00,263.57000732421875,264.5199890136719,259.3299865722656,262.0,1755600,0.0,0.0,266.4100036621094
2024-12-31 00:00:00-05:00,262.239990234375,263.3399963378906,256.19000244140625,258.0299987792969,1587700,0.0,0.0,264.93800048828126
2025-01-02 00:00:00-05:00,260.67999267578125,260.9800109863281,250.08999633789062,251.83999633789062,2118400,0.0,0.0,261.497998046875
2025-01-03 00:00:00-05:00,254.3300018310547,255.38999938964844,251.47999572753906,252.83999633789062,1422800,0.0,0.0,258.18999633789065
2025-01-06 00:00:00-05:00,254.13999938964844,257.510009765625,252.1199951171875,254.13999938964844,1849000,0.0,0.0,255.7699981689453
2025-01-07 00:00:00-05:00,252.0,253.19000244140625,246.85000610351562,249.67999267578125,2226100,0.0,0.0,253.30599670410157
2025-01-08 00:00:00-05:00,250.94000244140625,256.7900085449219,250.5500030517578,254.69000244140625,2242300,0.0,0.0,252.63799743652345
2025-01-10 00:00:00-05:00,251.10000610351562,254.4199981689453,249.5,249.7100067138672,2011300,0.0,0.0,252.21199951171874
2025-01-13 00:00:00-05:00,248.24000549316406,248.66000366210938,244.8800048828125,246.0,2253000,0.0,0.0,250.84400024414063
2025-01-14 00:00:00-05:00,246.67999267578125,248.35000610351562,245.3300018310547,246.02999877929688,2210600,0.0,0.0,249.2220001220703
2025-01-15 00:00:00-05:00,251.1999969482422,251.1999969482422,245.25999450683594,248.57000732421875,3172800,0.0,0.0,249.0000030517578
2025-01-16 00:00:00-05:00,249.6300048828125,252.17999267578125,248.49000549316406,250.6999969482422,1683600,0.0,0.0,248.202001953125
2025-01-17 00:00:00-05:00,256.32000732421875,256.32000732421875,248.80999755859375,249.63999938964844,1578000,0.0,0.0,248.18800048828126
2025-01-21 00:00:00-05:00,250.4600067138672,252.0800018310547,247.4600067138672,250.72000122070312,1666400,0.0,0.0,249.1320007324219
2025-01-22 00:00:00-05:00,254.35000610351562,257.6600036621094,250.6300048828125,253.47999572753906,2012600,0.0,0.0,250.62200012207032
2025-01-23 00:00:00-05:00,252.72999572753906,255.38999938964844,249.22999572753906,255.3000030517578,2179700,0.0,0.0,251.96799926757814
2025-01-24 00:00:00-05:00,255.82000732421875,260.2099914550781,255.55999755859375,258.2799987792969,1789100,0.0,0.0,253.48399963378907
2025-01-27 00:00:00-05:00,255.22000122070312,268.94000244140625,255.22000122070312,264.20001220703125,2597700,0.0,0.0,256.3960021972656
2025-01-28 00:00:00-05:00,265.29998779296875,274.5,262.489990234375,270.42999267578125,2533000,0.0,0.0,260.33800048828124
2025-01-29 00:00:00-05:00,270.9100036621094,271.9700012207031,264.2099914550781,265.3999938964844,1166500,0.0,0.0,262.7220001220703
2025-01-30 00:00:00-05:00,262.4800109863281,264.94000244140625,257.010009765625,260.07000732421875,1364500,0.0,0.0,263.6760009765625
2025-01-31 00:00:00-05:00,263.82000732421875,267.0199890136719,260.8900146484375,262.05999755859375,1667400,0.0,0.0,264.4320007324219
2025-02-03 00:00:00-05:00,259.7300109863281,260.94000244140625,254.74000549316406,259.7699890136719,1594600,0.0,0.0,263.54599609375
2025-02-04 00:00:00-05:00,255.97000122070312,260.9700012207031,255.4199981689453,259.7300109863281,1465500,0.0,0.0,261.4059997558594
2025-02-05 00:00:00-05:00,272.44000244140625,276.3699951171875,262.1400146484375,276.1700134277344,5246400,0.0,0.0,263.56000366210935
2025-02-06 00:00:00-05:00,276.989990234375,283.67999267578125,274.69000244140625,277.82000732421875,2712800,0.0,0.0,267.11000366210936
2025-02-07 00:00:00-05:00,280.0400085449219,280.989990234375,271.6499938964844,271.8900146484375,1613100,0.0,0.0,269.0760070800781
2025-02-10 00:00:00-05:00,274.6700134277344,277.2300109863281,269.5899963378906,269.8800048828125,1675300,0.0,0.0,271.09801025390624
2025-02-11 00:00:00-05:00,269.07000732421875,269.3900146484375,261.0,263.0,2602400,0.0,0.0,271.75200805664065
2025-02-12 00:00:00-05:00,258.2799987792969,260.0,254.27999877929688,257.9200134277344,1791400,0.0,0.0,268.1020080566406
2025-02-13 00:00:00-05:00,259.2099914550781,260.510009765625,256.3599853515625,260.1300048828125,1923600,0.0,0.0,264.5640075683594
2025-02-14 00:00:00-05:00,259.95001220703125,261.3900146484375,257.55999755859375,258.04998779296875,1382000,0.0,0.0,261.79600219726564
2025-02-18 00:00:00-05:00,257.04998779296875,265.760009765625,255.24000549316406,265.7200012207031,2356000,0.0,0.0,260.96400146484376
2025-02-19 00:00:00-05:00,258.69000244140625,261.7200012207031,255.49000549316406,261.1000061035156,2856800,0.0,0.0,260.58400268554686
2025-02-20 00:00:00-05:00,260.2900085449219,262.7699890136719,257.8999938964844,261.6300048828125,1747400,0.0,0.0,261.3260009765625
2025-02-21 00:00:00-05:00,261.1700134277344,261.1700134277344,256.0,256.3900146484375,2415400,0.0,0.0,260.5780029296875
2025-02-24 00:00:00-05:00,255.17999267578125,263.54998779296875,251.02999877929688,261.80999755859375,3836100,0.0,0.0,261.3300048828125
2025-02-25 00:00:00-05:00,259.29998779296875,259.54998779296875,252.64999389648438,255.22000122070312,4828400,0.0,0.0,259.2300048828125
2025-02-26 00:00:00-05:00,279.989990234375,281.0,269.1099853515625,271.0899963378906,6231500,0.0,0.0,261.2280029296875
2025-02-27 00:00:00-05:00,270.0,271.42999267578125,260.3699951171875,260.57000732421875,3078400,0.0,0.0,261.01600341796876
2025-02-28 00:00:00-05:00,260.8599853515625,266.0799865722656,258.4100036621094,263.3399963378906,2795400,0.0,0.0,262.4059997558594
2025-03-03 00:00:00-05:00,264.260009765625,264.7200012207031,253.4600067138672,254.57000732421875,1895700,0.0,0.0,260.9580017089844
2025-03-04 00:00:00-05:00,254.5399932861328,256.760009765625,248.25999450683594,253.6300048828125,1839200,0.0,0.0,260.64000244140624
2025-03-05 00:00:00-05:00,253.02000427246094,260.70001220703125,252.4600067138672,259.6099853515625,1859900,0.0,0.0,258.3440002441406
2025-03-06 00:00:00-05:00,255.4199981689453,260.9800109863281,252.9199981689453,253.75999450683594,2148500,0.0,0.0,256.98199768066405
2025-03-07 00:00:00-05:00,251.35000610351562,255.8000030517578,245.4499969482422,252.3800048828125,2035900,0.0,0.0,254.78999938964844
2025-03-10 00:00:00-04:00,249.9199981689453,251.4499969482422,241.6300048828125,243.0,2294000,0.0,0.0,252.4759979248047
2025-03-11 00:00:00-04:00,243.77999877929688,246.2100067138672,241.1999969482422,242.92999267578125,2838400,0.0,0.0,250.33599548339845
2025-03-12 00:00:00-04:00,246.05999755859375,247.0399932861328,238.72000122070312,241.6699981689453,2332600,0.0,0.0,246.747998046875
2025-03-13 00:00:00-04:00,242.16000366210938,243.5,235.55999755859375,237.22000122070312,2263800,0.0,0.0,243.43999938964845
2025-03-14 00:00:00-04:00,239.57000732421875,245.14999389648438,238.5500030517578,244.1699981689453,1365900,0.0,0.0,241.797998046875
2025-03-17 00:00:00-04:00,243.41000366210938,252.32000732421875,242.4499969482422,250.6199951171875,1789900,0.0,0.0,243.3219970703125
2025-03-18 00:00:00-04:00,249.11000061035156,252.02000427246094,247.6999969482422,251.91000366210938,1984200,0.0,0.0,245.1179992675781
2025-03-19 00:00:00-04:00,253.66000366210938,256.1700134277344,251.00999450683594,252.5,1804000,0.0,0.0,247.28399963378905
2025-03-20 00:00:00-04:00,251.6699981689453,254.5,242.47000122070312,250.47000122070312,1732300,0.0,0.0,249.93399963378906
2025-03-21 00:00:00-04:00,246.99000549316406,250.19000244140625,245.22999572753906,249.49000549316406,2831800,0.0,0.0,250.9980010986328
2025-03-24 00:00:00-04:00,252.88999938964844,252.88999938964844,248.77000427246094,249.91000366210938,2022200,0.0,0.0,250.8560028076172
2025-03-25 00:00:00-04:00,250.0,253.4199981689453,250.0,252.8300018310547,1176600,0.0,0.0,251.04000244140624
2025-03-26 00:00:00-04:00,253.10000610351562,254.13999938964844,250.1300048828125,250.7899932861328,1000700,0.0,0.0,250.6980010986328
2025-03-27 00:00:00-04:00,250.25,250.25,243.86000061035156,244.5500030517578,1096500,0.0,0.0,249.51400146484374
2025-03-28 00:00:00-04:00,244.10000610351562,244.80999755859375,236.02999877929688,238.49000549316406,1888600,0.0,0.0,247.31400146484376
2025-03-31 00:00:00-04:00,236.6699981689453,237.41000366210938,229.2899932861328,233.52999877929688,3312700,0.0,0.0,244.03800048828126
2025-04-01 00:00:00-04:00,232.9499969482422,235.0800018310547,230.00999450683594,234.52999877929688,2567400,0.0,0.0,240.37799987792968
2025-04-02 00:00:00-04:00,230.5,236.99000549316406,230.5,235.38999938964844,1926200,0.0,0.0,237.29800109863282
2025-04-03 00:00:00-04:00,227.9600067138672,232.6300048828125,226.3000030517578,228.3300018310547,5081600,0.0,0.0,234.0540008544922
2025-04-04 00:00:00-04:00,225.64999389648438,227.88999938964844,216.11000061035156,217.13999938964844,4893600,0.0,0.0,229.78399963378905
2025-04-07 00:00:00-04:00,206.0399932861328,223.17999267578125,205.3300018310547,215.32000732421875,5201600,0.0,0.0,226.14200134277343
2025-04-08 00:00:00-04:00,220.2899932861328,222.47999572753906,207.6999969482422,210.47000122070312,3751000,0.0,0.0,221.3300018310547
2025-04-09 00:00:00-04:00,209.86000061035156,232.6199951171875,207.7899932861328,231.4199981689453,4769200,0.0,0.0,220.53600158691407
2025-04-10 00:00:00-04:00,226.5500030517578,228.67999267578125,218.75,224.74000549316406,2599400,0.0,0.0,219.81800231933593
2025-04-11 00:00:00-04:00,224.0399932861328,227.07000732421875,219.6300048828125,226.50999450683594,2203600,0.0,0.0,221.69200134277344
2025-04-14 00:00:00-04:00,230.0,234.27000427246094,227.8699951171875,232.33999633789062,2579100,0.0,0.0,225.09599914550782
2025-04-15 00:00:00-04:00,233.0,235.9600067138672,228.1300048828125,233.32000732421875,1467000,0.0,0.0,229.66600036621094
2025-04-16 00:00:00-04:00,232.16000366210938,235.0,224.3000030517578,227.7100067138672,1961900,0.0,0.0,228.92400207519532
2025-04-17 00:00:00-04:00,228.08999633789062,228.60000610351562,220.27999877929688,221.02000427246094,1894900,0.0,0.0,228.18000183105468
2025-04-21 00:00:00-04:00,218.91000366210938,218.91000366210938,210.75,214.10000610351562,2125300,0.0,0.0,225.69800415039063
2025-04-22 00:00:00-04:00,215.6699981689453,221.58999633789062,215.0,220.99000549316406,1959100,0.0,0.0,223.42800598144532
2025-04-23 00:00:00-04:00,226.0,230.75999450683594,223.72000122070312,224.8699951171875,1655700,0.0,0.0,221.73800354003907
2025-04-24 00:00:00-04:00,227.83999633789062,237.52999877929688,227.5500030517578,236.8699951171875,1685400,0.0,0.0,223.57000122070312
2025-04-25 00:00:00-04:00,236.86000061035156,239.80999755859375,235.7899932861328,239.52999877929688,1103300,0.0,0.0,227.27200012207032
2025-04-28 00:00:00-04:00,239.36000061035156,241.30999755859375,237.0,239.82000732421875,898500,0.0,0.0,232.41600036621094
2025-04-29 00:00:00-04:00,239.82000732421875,244.24000549316406,238.25,243.38999938964844,1134900,0.0,0.0,236.8959991455078
2025-04-30 00:00:00-04:00,241.83999633789062,245.52000427246094,238.72999572753906,245.0,1434100,0.0,0.0,240.9220001220703
2025-05-01 00:00:00-04:00,247.0500030517578,250.3699951171875,245.64999389648438,246.61000061035156,1531800,0.0,0.0,242.87000122070313
2025-05-02 00:00:00-04:00,249.9499969482422,251.1699981689453,248.0,248.67999267578125,1302200,0.0,0.0,244.7
2025-05-05 00:00:00-04:00,247.86000061035156,251.75,247.24000549316406,248.33999633789062,808000,0.0,0.0,246.40399780273438
2025-05-06 00:00:00-04:00,246.66000366210938,250.77000427246094,245.77000427246094,247.7899932861328,905000,0.0,0.0,247.28399658203125
2025-05-07 00:00:00-04:00,248.36000061035156,251.22000122070312,245.9499969482422,250.5800018310547,1117900,0.0,0.0,248.39999694824218
2025-05-08 00:00:00-04:00,252.41000366210938,260.3399963378906,251.75999450683594,257.9800109863281,1804500,0.0,0.0,250.6739990234375
2025-05-09 00:00:00-04:00,258.5299987792969,260.0,256.3599853515625,259.17999267578125,1325400,0.0,0.0,252.7739990234375
2025-05-12 00:00:00-04:00,265.6400146484375,266.8599853515625,260.92999267578125,266.57000732421875,2062200,0.0,0.0,256.4200012207031
2025-05-13 00:00:00-04:00,266.760009765625,270.69000244140625,266.0400085449219,270.0199890136719,1470700,0.0,0.0,260.8660003662109
2025-05-14 00:00:00-04:00,268.79998779296875,271.6600036621094,268.5899963378906,271.1700134277344,1225300,0.0,0.0,264.9840026855469
2025-05-15 00:00:00-04:00,271.1700134277344,276.0,270.5799865722656,274.7099914550781,1699400,0.0,0.0,268.3299987792969
2025-05-16 00:00:00-04:00,273.7699890136719,274.260009765625,271.5299987792969,273.04998779296875,2328600,0.0,0.0,271.1039978027344
2025-05-19 00:00:00-04:00,270.57000732421875,274.010009765625,268.8399963378906,273.29998779296875,1553600,0.0,0.0,272.4499938964844
2025-05-20 00:00:00-04:00,271.55999755859375,274.6499938964844,270.2099914550781,273.8399963378906,1354700,0.0,0.0,273.2139953613281
2025-05-21 00:00:00-04:00,270.6300048828125,274.1099853515625,268.2200012207031,268.5400085449219,1590200,0.0,0.0,272.6879943847656
2025-05-22 00:00:00-04:00,268.45001220703125,273.79998779296875,267.57000732421875,272.07000732421875,4188300,0.0,0.0,272.1599975585938
2025-05-23 00:00:00-04:00,241.60000610351562,247.47000122070312,237.0,238.00999450683594,9915000,0.0,0.0,265.15199890136716
2025-05-27 00:00:00-04:00,241.22999572753906,242.85000610351562,238.25,239.3000030517578,4740700,0.0,0.0,258.352001953125
2025-05-28 00:00:00-04:00,239.17999267578125,242.94000244140625,237.8800048828125,239.89999389648438,2721700,0.0,0.0,251.56400146484376
2025-05-29 00:00:00-04:00,241.16000366210938,243.91000366210938,239.52000427246094,241.75999450683594,2989800,0.0,0.0,246.20799865722657
2025-05-30 00:00:00-04:00,241.30999755859375,248.8800048828125,241.1999969482422,247.7100067138672,3491600,0.0,0.0,241.33599853515625
2025-06-02 00:00:00-04:00,246.27000427246094,248.74000549316406,243.5,247.75,2034400,0.0,0.0,243.28399963378905
2025-06-03 00:00:00-04:00,247.75,251.4199981689453,245.94000244140625,251.1199951171875,1528700,0.0,0.0,245.647998046875
2025-06-04 00:00:00-04:00,250.74000549316406,253.0,248.9499969482422,249.47999572753906,1262300,0.0,0.0,247.56399841308593
2025-06-05 00:00:00-04:00,249.47999572753906,250.82000732421875,246.72000122070312,250.10000610351562,1736400,0.0,0.0,249.23200073242188
2025-06-06 00:00:00-04:00,251.66000366210938,253.77999877929688,250.14999389648438,252.72000122070312,1393000,0.0,0.0,250.23399963378907
2025-06-09 00:00:00-04:00,252.72000122070312,253.42999267578125,250.5399932861328,252.89999389648438,1225400,0.0,0.0,251.26399841308594
2025-06-10 00:00:00-04:00,252.74000549316406,257.0899963378906,252.2899932861328,252.72999572753906,1894900,0.0,0.0,251.58599853515625
2025-06-11 00:00:00-04:00,253.57000732421875,256.42999267578125,250.5,251.36000061035156,1680100,0.0,0.0,251.96199951171874
2025-06-12 00:00:00-04:00,251.92999267578125,253.5399932861328,250.0800018310547,250.69000244140625,1965500,0.0,0.0,252.0799987792969
2025-06-13 00:00:00-04:00,247.41000366210938,249.6699981689453,243.99000549316406,244.5399932861328,2199200,0.0,0.0,250.44399719238282
2025-06-16 00:00:00-04:00,245.97000122070312,247.7899932861328,243.6199951171875,245.64999389648438,1825600,0.0,0.0,248.9939971923828
2025-06-17 00:00:00-04:00,245.64999389648438,246.52999877929688,242.3800048828125,242.6999969482422,1818500,0.0,0.0,246.98799743652344
2025-06-18 00:00:00-04:00,242.47000122070312,243.47999572753906,236.44000244140625,236.8800048828125,2472700,0.0,0.0,244.0919982910156
2025-06-20 00:00:00-04:00,238.66000366210938,241.3300018310547,237.25999450683594,238.19000244140625,5155600,0.0,0.0,241.5919982910156
2025-06-23 00:00:00-04:00,236.88999938964844,238.38999938964844,234.1300048828125,236.5800018310547,1750700,0.0,0.0,240.0
2025-06-24 00:00:00-04:00,240.0,240.38999938964844,237.57000732421875,239.19000244140625,2478100,0.0,0.0,238.70800170898437
2025-06-25 00:00:00-04:00,239.19000244140625,239.57000732421875,233.00999450683594,233.4600067138672,1958800,0.0,0.0,236.86000366210936
2025-06-26 00:00:00-04:00,233.9199981689453,237.3699951171875,230.05999755859375,237.2100067138672,2076500,0.0,0.0,236.9260040283203
2025-06-27 00:00:00-04:00,237.4600067138672,239.97000122070312,236.0,237.3699951171875,1812200,0.0,0.0,236.76200256347656
2025-06-30 00:00:00-04:00,237.8699951171875,240.91000366210938,237.8699951171875,240.0,1516800,0.0,0.0,237.4460021972656
2025-07-01 00:00:00-04:00,238.58999633789062,241.0,236.4199981689453,239.22999572753906,2604000,0.0,0.0,237.4540008544922
2025-07-02 00:00:00-04:00,237.7899932861328,238.02000427246094,233.91000366210938,237.74000549316406,2068800,0.0,0.0,238.31000061035155
2025-07-03 00:00:00-04:00,239.10000610351562,243.72999572753906,238.77000427246094,241.75999450683594,1301700,0.0,0.0,239.21999816894532
2025-07-07 00:00:00-04:00,240.69000244140625,242.75,237.5,241.2100067138672,2279600,0.0,0.0,239.98800048828124
2025-07-08 00:00:00-04:00,242.22000122070312,242.77999877929688,237.10000610351562,240.47000122070312,3760900,0.0,0.0,240.08200073242188
2025-07-09 00:00:00-04:00,240.57000732421875,242.35000610351562,238.64999389648438,240.1699981689453,1683900,0.0,0.0,240.27000122070314
2025-07-10 00:00:00-04:00,235.38999938964844,235.42999267578125,227.58999633789062,229.3000030517578,4156200,0.0,0.0,238.58200073242188
2025-07-11 00:00:00-04:00,228.4499969482422,228.8300018310547,222.83999633789062,223.3699951171875,2506900,0.0,0.0,234.90400085449218
2025-07-14 00:00:00-04:00,223.6199951171875,227.32000732421875,222.25999450683594,224.75999450683594,2113800,0.0,0.0,231.61399841308594
2025-07-15 00:00:00-04:00,224.94000244140625,226.30999755859375,222.94000244140625,224.9199981689453,1880600,0.0,0.0,228.50399780273438
2025-07-16 00:00:00-04:00,226.6699981689453,227.72999572753906,223.66000366210938,226.72999572753906,1926500,0.0,0.0,225.8159973144531
2025-07-17 00:00:00-04:00,227.07000732421875,230.9600067138672,226.1300048828125,230.88999938964844,2232300,0.0,0.0,226.13399658203124
2025-07-18 00:00:00-04:00,232.44000244140625,233.57000732421875,228.6699981689453,233.05999755859375,2597900,0.0,0.0,228.0719970703125
2025-07-21 00:00:00-04:00,233.27000427246094,235.83999633789062,232.07000732421875,233.7100067138672,2176300,0.0,0.0,229.86199951171875
2025-07-22 00:00:00-04:00,234.17999267578125,239.42999267578125,233.75,239.11000061035156,2409100,0.0,0.0,232.7
2025-07-23 00:00:00-04:00,240.0,243.58999633789062,238.32000732421875,241.02999877929688,1724900,0.0,0.0,235.56000061035155
2025-07-24 00:00:00-04:00,240.99000549316406,241.50999450683594,236.1699981689453,237.1999969482422,2115100,0.0,0.0,236.8220001220703
2025-07-25 00:00:00-04:00,237.9600067138672,242.27999877929688,236.6199951171875,241.74000549316406,1840600,0.0,0.0,238.55800170898436
2025-07-28 00:00:00-04:00,241.0500030517578,241.5,237.63999938964844,238.0399932861328,1539700,0.0,0.0,239.4239990234375
2025-07-29 00:00:00-04:00,238.0399932861328,241.75,237.6999969482422,239.6300048828125,1910900,0.0,0.0,239.5279998779297
2025-07-30 00:00:00-04:00,239.91000366210938,240.9199981689453,235.72000122070312,237.67999267578125,1325200,0.0,0.0,238.85799865722657
2025-07-31 00:00:00-04:00,236.80999755859375,236.80999755859375,228.52000427246094,229.3800048828125,4533500,0.0,0.0,237.29400024414062
2025-08-01 00:00:00-04:00,228.74000549316406,228.74000549316406,221.6199951171875,222.22000122070312,4088400,0.0,0.0,233.38999938964844
2025-08-04 00:00:00-04:00,224.44000244140625,226.27000427246094,222.7899932861328,225.1199951171875,4023900,0.0,0.0,230.80599975585938
2025-08-05 00:00:00-04:00,226.13999938964844,226.86000061035156,223.77999877929688,224.97999572753906,3394300,0.0,0.0,227.8759979248047
2025-08-06 00:00:00-04:00,226.5800018310547,230.1699981689453,225.8000030517578,229.0800018310547,2317300,0.0,0.0,226.15599975585937
2025-08-07 00:00:00-04:00,231.4199981689453,233.13999938964844,217.6199951171875,220.97999572753906,3597700,0.0,0.0,224.4759979248047
2025-08-08 00:00:00-04:00,221.11000061035156,222.13999938964844,218.41000366210938,222.07000732421875,2386600,0.0,0.0,224.4459991455078
2025-08-11 00:00:00-04:00,221.3800048828125,223.27000427246094,211.75999450683594,213.69000244140625,5092400,0.0,0.0,222.16000061035157
2025-08-12 00:00:00-04:00,213.36000061035156,214.64999389648438,206.77000427246094,214.60000610351562,4288800,0.0,0.0,220.08400268554686
2025-08-13 00:00:00-04:00,216.3300018310547,223.13999938964844,213.0,223.07000732421875,3917400,0.0,0.0,218.8820037841797
2025-08-14 00:00:00-04:00,222.9199981689453,223.61000061035156,218.7100067138672,221.9199981689453,3272600,0.0,0.0,219.07000427246095
2025-08-15 00:00:00-04:00,222.47000122070312,226.16000366210938,221.9499969482422,226.08999633789062,2888600,0.0,0.0,219.8740020751953
2025-08-18 00:00:00-04:00,227.22000122070312,232.0500030517578,226.30999755859375,231.85000610351562,4405800,0.0,0.0,223.5060028076172
2025-08-19 00:00:00-04:00,230.83999633789062,234.9199981689453,228.82000732421875,229.7899932861328,2954900,0.0,0.0,226.54400024414062
2025-08-20 00:00:00-04:00,229.17999267578125,231.72000122070312,227.1300048828125,227.49000549316406,3977200,0.0,0.0,227.4279998779297
2025-08-21 00:00:00-04:00,226.00999450683594,228.10000610351562,223.6300048828125,227.5800018310547,6441500,0.0,0.0,228.56000061035155
2025-08-22 00:00:00-04:00,213.8800048828125,222.02000427246094,211.30999755859375,221.27000427246094,8226600,0.0,0.0,227.59600219726562
2025-08-25 00:00:00-04:00,222.47999572753906,225.1300048828125,220.60000610351562,223.38999938964844,5028100,0.0,0.0,225.90400085449218
2025-08-26 00:00:00-04:00,224.97999572753906,227.3000030517578,221.07000732421875,222.8800048828125,4795500,0.0,0.0,224.52200317382812
2025-08-27 00:00:00-04:00,224.1199951171875,230.10000610351562,223.1300048828125,229.7100067138672,3454000,0.0,0.0,224.96600341796875
2025-08-28 00:00:00-04:00,229.8699951171875,232.4499969482422,227.17999267578125,228.5,3043600,0.0,0.0,225.1500030517578
2025-08-29 00:00:00-04:00,227.69000244140625,230.86000061035156,227.69000244140625,230.82000732421875,3243500,0.0,0.0,227.06000366210938
2025-09-02 00:00:00-04:00,227.49000549316406,229.41000366210938,226.35000610351562,228.88999938964844,3936900,0.0,0.0,228.16000366210938
2025-09-03 00:00:00-04:00,229.10000610351562,235.32000732421875,229.10000610351562,233.42999267578125,3529000,0.0,0.0,230.27000122070314
2025-09-04 00:00:00-04:00,231.9499969482422,232.19000244140625,227.0,231.1300048828125,2226800,0.0,0.0,230.5540008544922
2025-09-05 00:00:00-04:00,233.0,237.5,230.0,231.0800018310547,3526200,0.0,0.0,231.07000122070312
2025-09-08 00:00:00-04:00,231.6199951171875,233.4499969482422,229.10000610351562,231.80999755859375,3020200,0.0,0.0,231.26799926757812
2025-09-09 00:00:00-04:00,232.16000366210938,233.57000732421875,229.66000366210938,230.72999572753906,1904600,0.0,0.0,231.63599853515626
2025-09-10 00:00:00-04:00,231.14999389648438,231.7899932861328,223.77000427246094,226.47999572753906,2863500,0.0,0.0,230.24599914550782
2025-09-11 00:00:00-04:00,226.8300018310547,228.57000732421875,224.61000061035156,226.6699981689453,2272400,0.0,0.0,229.35399780273437
2025-09-12 00:00:00-04:00,226.1699981689453,227.36000061035156,222.11000061035156,223.38999938964844,2683200,0.0,0.0,227.8159973144531
2025-09-15 00:00:00-04:00,222.7100067138672,224.91000366210938,220.42999267578125,222.75,2404500,0.0,0.0,226.00399780273438
2025-09-16 00:00:00-04:00,222.75,224.41000366210938,218.0,219.00999450683594,3105100,0.0,0.0,223.65999755859374
2025-09-17 00:00:00-04:00,235.38999938964844,240.6300048828125,231.94000244140625,234.8800048828125,11662900,0.0,0.0,225.33999938964843
2025-09-18 00:00:00-04:00,237.67999267578125,239.2899932861328,231.3000030517578,233.5,4383800,0.0,0.0,226.70599975585938
2025-09-19 00:00:00-04:00,236.1300048828125,237.75,230.8699951171875,233.6199951171875,5925700,0.0,0.0,228.7519989013672
2025-09-22 00:00:00-04:00,232.02000427246094,243.07000732421875,230.72999572753906,242.66000366210938,4622600,0.0,0.0,232.73399963378907
2025-09-23 00:00:00-04:00,241.99000549316406,244.72000122070312,239.50999450683594,240.32000732421875,3739200,0.0,0.0,236.99600219726562
2025-09-24 00:00:00-04:00,240.50999450683594,243.32000732421875,238.13999938964844,241.50999450683594,2147000,0.0,0.0,238.3220001220703
2025-09-25 00:00:00-04:00,240.72000122070312,243.0800018310547,237.89999389648438,242.75,2880100,0.0,0.0,240.1720001220703
2025-09-26 00:00:00-04:00,243.0,249.0500030517578,242.94000244140625,246.6699981689453,3455800,0.0,0.0,242.78200073242186
2025-09-29 00:00:00-04:00,247.6199951171875,249.85000610351562,245.2899932861328,247.69000244140625,3819800,0.0,0.0,243.78800048828126
2025-09-30 00:00:00-04:00,248.4600067138672,249.13999938964844,239.8800048828125,240.72999572753906,3001400,0.0,0.0,243.8699981689453
2025-10-01 00:00:00-04:00,239.35000610351562,241.85000610351562,231.10000610351562,232.2100067138672,3965300,0.0,0.0,242.01000061035157
2025-10-02 00:00:00-04:00,231.9499969482422,235.39999389648438,231.00999450683594,232.10000610351562,3249000,0.0,0.0,239.8800018310547
2025-10-03 00:00:00-04:00,232.35000610351562,237.72000122070312,230.80999755859375,236.47999572753906,2305800,0.0,0.0,237.84200134277344
2025-10-06 00:00:00-04:00,235.66000366210938,243.9499969482422,234.69000244140625,238.36000061035156,2253000,0.0,0.0,235.9760009765625
2025-10-07 00:00:00-04:00,238.91000366210938,238.91000366210938,229.75,233.1699981689453,1975100,0.0,0.0,234.46400146484376
2025-10-08 00:00:00-04:00,233.89999389648438,238.3800048828125,232.4199981689453,238.25,1931500,0.0,0.0,235.6720001220703
2025-10-09 00:00:00-04:00,237.83999633789062,241.25999450683594,237.19000244140625,238.22000122070312,2868200,0.0,0.0,236.8959991455078
2025-10-10 00:00:00-04:00,238.13999938964844,240.16000366210938,232.77999877929688,233.17999267578125,2268900,0.0,0.0,236.23599853515626
2025-10-13 00:00:00-04:00,234.4600067138672,237.2899932861328,232.5,236.60000610351562,1374200,0.0,0.0,235.88399963378907
2025-10-14 00:00:00-04:00,233.7100067138672,238.97000122070312,232.8000030517578,237.17999267578125,1792700,0.0,0.0,236.68599853515624
2025-10-15 00:00:00-04:00,237.22000122070312,238.17999267578125,234.08999633789062,234.75999450683594,1788700,0.0,0.0,235.98799743652344
2025-10-16 00:00:00-04:00,236.7899932861328,241.0,227.13999938964844,227.60000610351562,2240800,0.0,0.0,233.86399841308594
2025-10-17 00:00:00-04:00,229.08999633789062,235.0500030517578,229.0800018310547,234.25,2099600,0.0,0.0,234.0779998779297
2025-10-20 00:00:00-04:00,235.55999755859375,242.22000122070312,233.1300048828125,241.1999969482422,2080900,0.0,0.0,234.997998046875
2025-10-21 00:00:00-04:00,240.1199951171875,247.25,239.74000549316406,245.6699981689453,2127800,0.0,0.0,236.6959991455078
2025-10-22 00:00:00-04:00,246.0,247.39999389648438,242.50999450683594,242.8300018310547,1646300,0.0,0.0,238.31000061035155
2025-10-23 00:00:00-04:00,242.8300018310547,244.38999938964844,241.16000366210938,243.27999877929688,1242500,0.0,0.0,241.4459991455078
2025-10-24 00:00:00-04:00,244.9600067138672,247.10000610351562,242.50999450683594,242.75,1050400,0.0,0.0,243.1459991455078
2025-10-27 00:00:00-04:00,243.77000427246094,244.25999450683594,238.0,238.91000366210938,1920200,0.0,0.0,242.68800048828126
2025-10-28 00:00:00-04:00,238.36000061035156,241.8300018310547,236.67999267578125,236.92999267578125,1748400,0.0,0.0,240.93999938964845
2025-10-29 00:00:00-04:00,234.99000549316406,234.99000549316406,228.0500030517578,231.36000061035156,2201700,0.0,0.0,238.6459991455078
2025-10-30 00:00:00-04:00,231.89999389648438,235.58999633789062,230.75999450683594,232.8699951171875,1947800,0.0,0.0,236.56399841308593
2025-10-31 00:00:00-04:00,232.72999572753906,241.32000732421875,231.13999938964844,239.9199981689453,1966800,0.0,0.0,235.997998046875
2025-11-03 00:00:00-05:00,240.5,241.0399932861328,232.2899932861328,237.67999267578125,2181700,0.0,0.0,235.7519958496094
2025-11-04 00:00:00-05:00,236.39999389648438,236.69000244140625,230.7899932861328,233.47000122070312,1874200,0.0,0.0,235.05999755859375
2025-11-05 00:00:00-05:00,233.6300048828125,236.14999389648438,230.7899932861328,232.10000610351562,2020800,0.0,0.0,235.20799865722657
2025-11-06 00:00:00-05:00,229.72999572753906,230.0,220.69000244140625,224.5,2954500,0.0,0.0,233.53399963378905
2025-11-07 00:00:00-05:00,222.0,226.61000061035156,220.41000366210938,225.1699981689453,3694900,0.0,0.0,230.58399963378906
2025-11-10 00:00:00-05:00,224.72000122070312,228.30999755859375,222.97999572753906,227.97000122070312,1998600,0.0,0.0,228.64200134277343
2025-11-11 00:00:00-05:00,226.50999450683594,228.49000549316406,225.9499969482422,226.97999572753906,1540600,0.0,0.0,227.34400024414063
2025-11-12 00:00:00-05:00,227.8699951171875,229.0,225.14999389648438,225.92999267578125,1562900,0.0,0.0,226.10999755859376
2025-11-13 00:00:00-05:00,224.4600067138672,227.16000366210938,223.1999969482422,223.49000549316406,2363300,0.0,0.0,225.90799865722656
2025-11-14 00:00:00-05:00,225.8300018310547,235.0,225.8300018310547,230.82000732421875,3100200,0.0,0.0,227.03800048828126
2025-11-17 00:00:00-05:00,230.16000366210938,231.22999572753906,224.75,224.9499969482422,2281500,0.0,0.0,226.43399963378906
2025-11-18 00:00:00-05:00,224.8000030517578,227.25,222.86000061035156,225.63999938964844,2930700,0.0,0.0,226.16600036621094
2025-11-19 00:00:00-05:00,225.36000061035156,226.47999572753906,222.8300018310547,223.86000061035156,2837600,0.0,0.0,225.752001953125
2025-11-20 00:00:00-05:00,225.13999938964844,227.94000244140625,216.57000732421875,216.80999755859375,3297200,0.0,0.0,224.41600036621094
2025-11-21 00:00:00-05:00,216.80999755859375,227.44000244140625,216.80999755859375,225.13999938964844,4719900,0.0,0.0,223.27999877929688
2025-11-24 00:00:00-05:00,225.72999572753906,228.42999267578125,223.17999267578125,226.63999938964844,3999600,0.0,0.0,223.6179992675781
2025-11-25 00:00:00-05:00,226.60000610351562,236.8000030517578,225.8000030517578,233.69000244140625,5326500,0.0,0.0,225.22799987792968
2025-11-26 00:00:00-05:00,215.33999633789062,218.49000549316406,207.6699981689453,215.33999633789062,12125700,0.0,0.0,223.5239990234375
2025-11-28 00:00:00-05:00,215.11000061035156,217.75999450683594,214.47999572753906,215.6199951171875,1835500,0.0,0.0,223.28599853515624
