Date,Open,High,Low,Close,Volume,Dividends,Stock Splits,MA5
2021-01-08 00:00:00-05:00,410.0,415.45001220703125,404.6400146484375,405.4700012207031,348500,0.0,0.0,393.6180053710938
2021-01-11 00:00:00-05:00,402.1199951171875,414.5400085449219,400.19000244140625,413.7900085449219,312600,0.0,0.0,400.7500061035156
2021-01-12 00:00:00-05:00,410.6700134277344,419.2099914550781,403.3299865722656,407.95001220703125,313100,0.0,0.0,406.22600708007815
2021-01-13 00:00:00-05:00,409.20001220703125,414.19000244140625,406.82000732421875,412.45001220703125,214700,0.0,0.0,409.75200805664065
2021-01-14 00:00:00-05:00,413.6199951171875,418.75,411.54998779296875,411.9800109863281,247200,0.0,0.0,410.3280090332031
2021-01-15 00:00:00-05:00,410.739990234375,414.2699890136719,406.6300048828125,409.2200012207031,305800,0.0,0.0,411.0780090332031
2021-01-19 00:00:00-05:00,417.1000061035156,417.7799987792969,403.4200134277344,405.8399963378906,291500,0.0,0.0,409.4880065917969
2021-01-20 00:00:00-05:00,409.4700012207031,411.5,405.0199890136719,406.54998779296875,241900,0.0,0.0,409.2080017089844
2021-01-21 00:00:00-05:00,407.510009765625,409.010009765625,402.9700012207031,406.20001220703125,161600,0.0,0.0,407.9580017089844
2021-01-22 00:00:00-05:00,405.3999938964844,410.5799865722656,403.6000061035156,408.8399963378906,259300,0.0,0.0,407.3299987792969
2021-01-25 00:00:00-05:00,409.2300109863281,412.3999938964844,400.3800048828125,402.6300048828125,192500,0.0,0.0,406.0119995117187
2021-01-26 00:00:00-05:00,403.17999267578125,404.3599853515625,394.010009765625,395.1600036621094,234600,0.0,0.0,403.8760009765625
2021-01-27 00:00:00-05:00,392.989990234375,396.4700012207031,380.6400146484375,391.3599853515625,314400,0.0,0.0,400.83800048828124
2021-01-28 00:00:00-05:00,391.04998779296875,398.67999267578125,390.2900085449219,393.0299987792969,199100,0.0,0.0,398.20399780273436
2021-01-29 00:00:00-05:00,390.30999755859375,397.69000244140625,382.489990234375,387.8299865722656,298900,0.0,0.0,394.0019958496094
2021-02-01 00:00:00-05:00,391.6700134277344,400.3299865722656,388.4599914550781,397.3299865722656,252500,0.0,0.0,392.9419921875
2021-02-02 00:00:00-05:00,396.3800048828125,410.30999755859375,396.3800048828125,405.19000244140625,263400,0.0,0.0,394.9479919433594
2021-02-03 00:00:00-05:00,411.0,412.1400146484375,401.7799987792969,403.69000244140625,206900,0.0,0.0,397.41399536132815
2021-02-04 00:00:00-05:00,404.4700012207031,409.3599853515625,403.30999755859375,407.3399963378906,180400,0.0,0.0,400.2759948730469
2021-02-05 00:00:00-05:00,409.2699890136719,411.8900146484375,405.6000061035156,407.1099853515625,232100,0.0,0.0,404.1319946289062
2021-02-08 00:00:00-05:00,411.9599914550781,420.30999755859375,410.010009765625,420.30999755859375,187400,0.0,0.0,408.7279968261719
2021-02-09 00:00:00-05:00,419.5199890136719,425.3999938964844,418.07000732421875,425.2699890136719,305500,0.0,0.0,412.743994140625
2021-02-10 00:00:00-05:00,425.8800048828125,429.260009765625,422.19000244140625,427.4700012207031,470600,0.0,0.0,417.4999938964844
2021-02-11 00:00:00-05:00,445.5299987792969,477.67999267578125,441.010009765625,470.0799865722656,562600,0.0,0.0,430.04799194335936
2021-02-12 00:00:00-05:00,470.4599914550781,479.17999267578125,464.0,477.739990234375,497700,0.0,0.0,444.1739929199219
2021-02-16 00:00:00-05:00,478.1199951171875,488.5299987792969,474.4800109863281,486.010009765625,532800,0.0,0.0,457.3139953613281
2021-02-17 00:00:00-05:00,482.4800109863281,484.989990234375,469.9700012207031,479.5799865722656,533700,0.0,0.0,468.1759948730469
2021-02-18 00:00:00-05:00,471.8599853515625,481.80999755859375,471.8599853515625,477.6499938964844,617900,0.0,0.0,478.2119934082031
2021-02-19 00:00:00-05:00,483.9200134277344,494.9100036621094,480.29998779296875,490.94000244140625,477300,0.0,0.0,482.3839965820313
2021-02-22 00:00:00-05:00,486.25,491.45001220703125,483.5199890136719,488.30999755859375,502100,0.0,0.0,484.497998046875
2021-02-23 00:00:00-05:00,482.6000061035156,500.2699890136719,480.4200134277344,498.0199890136719,886300,0.0,0.0,486.8999938964844
2021-02-24 00:00:00-05:00,493.7300109863281,515.8200073242188,493.7300109863281,512.6900024414062,462900,0.0,0.0,493.5219970703125
2021-02-25 00:00:00-05:00,511.30999755859375,514.9500122070312,488.9800109863281,497.6199951171875,722100,0.0,0.0,497.5159973144531
2021-02-26 00:00:00-05:00,498.6300048828125,503.9700012207031,489.7900085449219,499.42999267578125,551600,0.0,0.0,499.2139953613281
2021-03-01 00:00:00-05:00,508.30999755859375,512.8499755859375,501.6499938964844,511.4800109863281,341100,0.0,0.0,503.847998046875
2021-03-02 00:00:00-05:00,516.7899780273438,516.7899780273438,498.3800048828125,501.6199951171875,264000,0.0,0.0,504.5679992675781
2021-03-03 00:00:00-05:00,500.2699890136719,502.8500061035156,489.1499938964844,489.54998779296875,652600,0.0,0.0,499.93999633789065
2021-03-04 00:00:00-05:00,485.9700012207031,499.32000732421875,476.7300109863281,479.6400146484375,855300,0.0,0.0,496.3440002441406
2021-03-05 00:00:00-05:00,484.80999755859375,486.1099853515625,454.1600036621094,478.1499938964844,533100,0.0,0.0,492.08800048828124
2021-03-08 00:00:00-05:00,478.1400146484375,478.6600036621094,460.55999755859375,460.6400146484375,336000,0.0,0.0,481.9200012207031
2021-03-09 00:00:00-05:00,468.6199951171875,477.55999755859375,465.7799987792969,468.3500061035156,454400,0.0,0.0,475.26600341796876
2021-03-10 00:00:00-05:00,476.3399963378906,476.54998779296875,467.42999267578125,470.510009765625,320500,0.0,0.0,471.4580078125
2021-03-11 00:00:00-05:00,476.8800048828125,483.8999938964844,473.92999267578125,480.75,272300,0.0,0.0,471.6800048828125
2021-03-12 00:00:00-05:00,477.5,477.5,464.79998779296875,472.8500061035156,376300,0.0,0.0,470.62000732421876
2021-03-15 00:00:00-04:00,473.3800048828125,478.80999755859375,470.6300048828125,478.1099853515625,276000,0.0,0.0,474.11400146484374
2021-03-16 00:00:00-04:00,481.19000244140625,482.20001220703125,471.010009765625,473.8999938964844,238100,0.0,0.0,475.2239990234375
2021-03-17 00:00:00-04:00,474.4200134277344,476.010009765625,467.94000244140625,473.2799987792969,484500,0.0,0.0,475.7779968261719
2021-03-18 00:00:00-04:00,471.82000732421875,473.8500061035156,460.30999755859375,461.1099853515625,505100,0.0,0.0,471.84999389648436
2021-03-19 00:00:00-04:00,462.5899963378906,465.5400085449219,454.20001220703125,459.95001220703125,747100,0.0,0.0,469.2699951171875
2021-03-22 00:00:00-04:00,459.6300048828125,468.25,459.1600036621094,463.7699890136719,486500,0.0,0.0,466.40199584960936
2021-03-23 00:00:00-04:00,475.80999755859375,478.8999938964844,458.75,462.6499938964844,589200,0.0,0.0,464.15199584960936
2021-03-24 00:00:00-04:00,463.3399963378906,469.010009765625,457.0400085449219,463.80999755859375,324400,0.0,0.0,462.25799560546875
2021-03-25 00:00:00-04:00,457.75,464.239990234375,451.67999267578125,461.260009765625,349000,0.0,0.0,462.2880004882812
2021-03-26 00:00:00-04:00,462.9100036621094,477.5199890136719,462.82000732421875,476.9599914550781,261300,0.0,0.0,465.68999633789065
2021-03-29 00:00:00-04:00,473.6499938964844,476.94000244140625,464.1499938964844,467.07000732421875,235500,0.0,0.0,466.35
2021-03-30 00:00:00-04:00,462.7799987792969,477.1499938964844,460.82000732421875,474.8299865722656,251400,0.0,0.0,468.78599853515624
2021-03-31 00:00:00-04:00,475.5799865722656,488.6000061035156,475.5799865722656,485.17999267578125,330200,0.0,0.0,473.05999755859375
2021-04-01 00:00:00-04:00,489.9200134277344,494.95001220703125,483.2900085449219,491.7799987792969,267500,0.0,0.0,479.16399536132815
2021-04-05 00:00:00-04:00,492.19000244140625,496.6300048828125,490.05999755859375,492.79998779296875,226000,0.0,0.0,482.3319946289063
2021-04-06 00:00:00-04:00,492.79998779296875,493.9200134277344,489.010009765625,491.1600036621094,181900,0.0,0.0,487.1499938964844
2021-04-07 00:00:00-04:00,488.1000061035156,493.44000244140625,484.3299865722656,485.30999755859375,203200,0.0,0.0,489.24599609375
2021-04-08 00:00:00-04:00,490.67999267578125,503.3999938964844,488.92999267578125,502.8999938964844,268900,0.0,0.0,492.7899963378906
2021-04-09 00:00:00-04:00,498.8999938964844,508.0400085449219,493.5299987792969,507.510009765625,195700,0.0,0.0,495.9359985351563
2021-04-12 00:00:00-04:00,507.8299865722656,508.0,501.1499938964844,505.5,193000,0.0,0.0,498.4760009765625
2021-04-13 00:00:00-04:00,510.0799865722656,511.3299865722656,501.54998779296875,504.55999755859375,278200,0.0,0.0,501.1559997558594
2021-04-14 00:00:00-04:00,503.6300048828125,508.9200134277344,498.3500061035156,500.6499938964844,286400,0.0,0.0,504.2239990234375
2021-04-15 00:00:00-04:00,504.3599853515625,509.57000732421875,502.55999755859375,507.8500061035156,189900,0.0,0.0,505.21400146484376
2021-04-16 00:00:00-04:00,510.9200134277344,515.6300048828125,505.3599853515625,513.489990234375,208900,0.0,0.0,506.4099975585938
2021-04-19 00:00:00-04:00,513.489990234375,518.6599731445312,506.7900085449219,509.6300048828125,177000,0.0,0.0,507.2359985351562
2021-04-20 00:00:00-04:00,505.3900146484375,511.07000732421875,496.7099914550781,499.55999755859375,209300,0.0,0.0,506.2359985351562
2021-04-21 00:00:00-04:00,486.80999755859375,493.69000244140625,483.69000244140625,491.3699951171875,349300,0.0,0.0,504.3799987792969
2021-04-22 00:00:00-04:00,496.0299987792969,496.0299987792969,485.75,487.3500061035156,324400,0.0,0.0,500.2799987792969
2021-04-23 00:00:00-04:00,491.6199951171875,498.04998779296875,490.010009765625,497.4100036621094,320900,0.0,0.0,497.0640014648437
2021-04-26 00:00:00-04:00,498.3999938964844,503.04998779296875,497.4700012207031,498.5,216900,0.0,0.0,494.83800048828124
2021-04-27 00:00:00-04:00,498.6000061035156,502.82000732421875,494.4800109863281,501.75,138800,0.0,0.0,495.2760009765625
2021-04-28 00:00:00-04:00,499.6099853515625,503.0299987792969,495.0,496.6000061035156,199700,0.0,0.0,496.32200317382814
2021-04-29 00:00:00-04:00,500.0,502.4100036621094,492.5899963378906,496.6300048828125,168500,0.0,0.0,498.1780029296875
2021-04-30 00:00:00-04:00,491.0299987792969,494.9100036621094,486.30999755859375,487.739990234375,353500,0.0,0.0,496.24400024414064
2021-05-03 00:00:00-04:00,492.1300048828125,492.1300048828125,475.0899963378906,479.04998779296875,487000,0.0,0.0,492.3539978027344
2021-05-04 00:00:00-04:00,478.05999755859375,480.6099853515625,455.7099914550781,470.6199951171875,514600,0.0,0.0,486.12799682617185
2021-05-05 00:00:00-04:00,483.6199951171875,485.3900146484375,472.3599853515625,482.4200134277344,446000,0.0,0.0,483.2919982910156
2021-05-06 00:00:00-04:00,475.32000732421875,478.0,463.0,471.4100036621094,549300,0.0,0.0,478.247998046875
2021-05-07 00:00:00-04:00,471.4100036621094,489.9800109863281,469.6099853515625,488.5799865722656,330700,0.0,0.0,478.41599731445314
2021-05-10 00:00:00-04:00,486.7900085449219,489.4100036621094,480.45001220703125,484.0400085449219,346300,0.0,0.0,479.41400146484375
2021-05-11 00:00:00-04:00,473.7300109863281,487.2900085449219,466.69000244140625,485.6700134277344,395700,0.0,0.0,482.42400512695315
2021-05-12 00:00:00-04:00,478.4599914550781,484.0,464.1499938964844,464.3900146484375,356000,0.0,0.0,478.81800537109376
2021-05-13 00:00:00-04:00,466.17999267578125,477.6499938964844,466.17999267578125,471.9700012207031,187700,0.0,0.0,478.9300048828125
2021-05-14 00:00:00-04:00,476.8399963378906,487.8599853515625,475.7300109863281,486.7300109863281,239500,0.0,0.0,478.560009765625
2021-05-17 00:00:00-04:00,482.8299865722656,486.20001220703125,478.0,482.010009765625,186800,0.0,0.0,478.1540100097656
2021-05-18 00:00:00-04:00,486.1700134277344,487.9599914550781,477.17999267578125,477.54998779296875,198300,0.0,0.0,476.5300048828125
2021-05-19 00:00:00-04:00,468.80999755859375,484.7300109863281,468.80999755859375,484.7200012207031,203500,0.0,0.0,480.59600219726565
2021-05-20 00:00:00-04:00,484.989990234375,495.8699951171875,482.3699951171875,493.8800048828125,228800,0.0,0.0,484.9780029296875
2021-05-21 00:00:00-04:00,496.6400146484375,501.75,493.8399963378906,494.3299865722656,238200,0.0,0.0,486.497998046875
2021-05-24 00:00:00-04:00,498.3800048828125,503.8900146484375,498.0,501.6199951171875,246800,0.0,0.0,490.4199951171875
2021-05-25 00:00:00-04:00,504.0,508.3299865722656,500.4200134277344,501.9200134277344,261500,0.0,0.0,495.29400024414065
2021-05-26 00:00:00-04:00,504.0199890136719,506.57000732421875,499.70001220703125,501.3299865722656,267700,0.0,0.0,498.6159973144531
2021-05-27 00:00:00-04:00,501.05999755859375,507.8399963378906,497.3500061035156,498.1000061035156,810300,0.0,0.0,499.4599975585937
2021-05-28 00:00:00-04:00,498.9700012207031,501.8399963378906,495.1499938964844,497.04998779296875,219500,0.0,0.0,500.0039978027344
2021-06-01 00:00:00-04:00,502.07000732421875,507.04998779296875,500.30999755859375,502.9200134277344,226600,0.0,0.0,500.2640014648438
2021-06-02 00:00:00-04:00,501.8699951171875,506.0400085449219,499.7200012207031,504.7699890136719,231900,0.0,0.0,500.83399658203126
2021-06-03 00:00:00-04:00,503.989990234375,509.239990234375,500.1600036621094,506.0400085449219,209800,0.0,0.0,501.7760009765625
2021-06-04 00:00:00-04:00,509.94000244140625,517.0,506.9800109863281,516.5700073242188,286500,0.0,0.0,505.4700012207031
2021-06-07 00:00:00-04:00,516.5,517.9400024414062,503.9599914550781,506.17999267578125,225000,0.0,0.0,507.29600219726564
2021-06-08 00:00:00-04:00,505.3999938964844,508.6300048828125,501.8800048828125,505.57000732421875,245700,0.0,0.0,507.8260009765625
2021-06-09 00:00:00-04:00,508.05999755859375,508.17999267578125,502.1700134277344,505.3500061035156,205600,0.0,0.0,507.94200439453124
2021-06-10 00:00:00-04:00,506.6700134277344,511.6000061035156,505.79998779296875,508.6300048828125,149800,0.0,0.0,508.4600036621094
2021-06-11 00:00:00-04:00,511.0199890136719,511.4800109863281,505.80999755859375,508.4800109863281,157800,0.0,0.0,506.8420043945313
2021-06-14 00:00:00-04:00,509.1000061035156,511.2799987792969,505.489990234375,509.9200134277344,208500,0.0,0.0,507.5900085449219
2021-06-15 00:00:00-04:00,509.9200134277344,509.9200134277344,504.32000732421875,506.1000061035156,184900,0.0,0.0,507.6960083007813
2021-06-16 00:00:00-04:00,506.8699951171875,513.0900268554688,504.3999938964844,506.70001220703125,196600,0.0,0.0,507.96600952148435
2021-06-17 00:00:00-04:00,506.6099853515625,509.30999755859375,499.010009765625,502.0899963378906,189400,0.0,0.0,506.6580078125
2021-06-18 00:00:00-04:00,499.25,500.3999938964844,484.3399963378906,493.42999267578125,487100,0.0,0.0,503.64800415039065
2021-06-21 00:00:00-04:00,494.3900146484375,504.5,492.67999267578125,504.1300048828125,301200,0.0,0.0,502.49000244140626
2021-06-22 00:00:00-04:00,501.8900146484375,507.0,498.92999267578125,506.44000244140625,239200,0.0,0.0,502.55800170898436
2021-06-23 00:00:00-04:00,504.4800109863281,506.4800109863281,500.0,502.8800048828125,167800,0.0,0.0,501.79400024414065
2021-06-24 00:00:00-04:00,505.30999755859375,511.2900085449219,501.5,510.3900146484375,258500,0.0,0.0,503.45400390625
2021-06-25 00:00:00-04:00,513.1699829101562,514.5999755859375,506.4700012207031,510.6499938964844,251400,0.0,0.0,506.89800415039065
2021-06-28 00:00:00-04:00,511.9200134277344,529.010009765625,510.55999755859375,527.1300048828125,380500,0.0,0.0,511.4980041503906
2021-06-29 00:00:00-04:00,529.6900024414062,536.780029296875,528.2899780273438,536.0599975585938,327800,0.0,0.0,517.4220031738281
2021-06-30 00:00:00-04:00,535.8200073242188,538.510009765625,527.5900268554688,529.489990234375,273200,0.0,0.0,522.7440002441406
2021-07-01 00:00:00-04:00,530.0,533.22998046875,521.02001953125,532.02001953125,227500,0.0,0.0,527.0700012207031
2021-07-02 00:00:00-04:00,537.010009765625,541.260009765625,534.1400146484375,539.9400024414062,205400,0.0,0.0,532.9280029296875
2021-07-06 00:00:00-04:00,540.6900024414062,545.4600219726562,534.2899780273438,544.3499755859375,306100,0.0,0.0,536.3719970703125
2021-07-07 00:00:00-04:00,546.4500122070312,547.7999877929688,531.02001953125,546.6500244140625,232100,0.0,0.0,538.4900024414062
2021-07-08 00:00:00-04:00,539.219970703125,546.8400268554688,534.0,539.8400268554688,229200,0.0,0.0,540.560009765625
2021-07-09 00:00:00-04:00,542.469970703125,548.469970703125,541.22998046875,547.72998046875,158900,0.0,0.0,543.702001953125
2021-07-12 00:00:00-04:00,548.7899780273438,549.97998046875,539.0399780273438,548.0999755859375,212100,0.0,0.0,545.3339965820312
2021-07-13 00:00:00-04:00,546.3599853515625,546.3599853515625,531.9400024414062,533.6199951171875,229100,0.0,0.0,543.1880004882812
2021-07-14 00:00:00-04:00,537.739990234375,539.47998046875,528.4000244140625,530.1400146484375,190100,0.0,0.0,539.8859985351562
2021-07-15 00:00:00-04:00,528.8599853515625,531.9199829101562,517.9099731445312,522.6199951171875,246000,0.0,0.0,536.4419921875
2021-07-16 00:00:00-04:00,523.7000122070312,525.469970703125,517.9099731445312,518.3300170898438,162500,0.0,0.0,530.5619995117188
2021-07-19 00:00:00-04:00,509.5899963378906,514.4500122070312,502.6300048828125,506.9100036621094,274400,0.0,0.0,522.3240051269531
2021-07-20 00:00:00-04:00,510.9800109863281,524.1799926757812,507.2699890136719,519.6699829101562,276000,0.0,0.0,519.5340026855469
2021-07-21 00:00:00-04:00,520.6400146484375,534.1400146484375,520.6400146484375,533.77001953125,197500,0.0,0.0,520.2600036621094
2021-07-22 00:00:00-04:00,534.0,537.3699951171875,530.010009765625,536.219970703125,153100,0.0,0.0,522.9799987792969
2021-07-23 00:00:00-04:00,540.6400146484375,548.9400024414062,538.2100219726562,548.6099853515625,163800,0.0,0.0,529.0359924316406
2021-07-26 00:00:00-04:00,550.0,553.6599731445312,539.4299926757812,545.3099975585938,162300,0.0,0.0,536.7159912109375
2021-07-27 00:00:00-04:00,543.260009765625,544.0800170898438,529.2100219726562,540.1799926757812,233800,0.0,0.0,540.8179931640625
2021-07-28 00:00:00-04:00,539.5,547.4199829101562,535.9299926757812,545.739990234375,140400,0.0,0.0,543.2119873046875
2021-07-29 00:00:00-04:00,548.0,554.0999755859375,547.0,548.0999755859375,162500,0.0,0.0,545.58798828125
2021-07-30 00:00:00-04:00,545.2999877929688,554.219970703125,544.5999755859375,552.47998046875,250100,0.0,0.0,546.3619873046875
2021-08-02 00:00:00-04:00,555.0,558.6799926757812,548.8400268554688,550.969970703125,240500,0.0,0.0,547.4939819335938
2021-08-03 00:00:00-04:00,559.489990234375,559.8599853515625,527.5399780273438,546.739990234375,446400,0.0,0.0,548.8059814453125
2021-08-04 00:00:00-04:00,547.5599975585938,566.77001953125,547.0,560.0,321700,0.0,0.0,551.6579833984375
2021-08-05 00:00:00-04:00,560.0,570.8300170898438,558.02001953125,569.219970703125,248300,0.0,0.0,555.881982421875
2021-08-06 00:00:00-04:00,565.0599975585938,566.989990234375,552.510009765625,562.27001953125,205700,0.0,0.0,557.839990234375
2021-08-09 00:00:00-04:00,562.3099975585938,566.0399780273438,557.9600219726562,563.97998046875,128800,0.0,0.0,560.4419921875
2021-08-10 00:00:00-04:00,565.0,567.4500122070312,560.5999755859375,567.1099853515625,144000,0.0,0.0,564.5159912109375
2021-08-11 00:00:00-04:00,567.9099731445312,572.2100219726562,564.0900268554688,569.5399780273438,129700,0.0,0.0,566.4239868164062
2021-08-12 00:00:00-04:00,568.969970703125,570.5,564.27001953125,568.4000244140625,149300,0.0,0.0,566.2599975585938
2021-08-13 00:00:00-04:00,568.0,571.3900146484375,562.2100219726562,571.0700073242188,117300,0.0,0.0,568.0199951171875
2021-08-16 00:00:00-04:00,570.5399780273438,576.0,567.0399780273438,572.8900146484375,133200,0.0,0.0,569.802001953125
2021-08-17 00:00:00-04:00,569.3400268554688,569.9299926757812,558.4199829101562,562.6799926757812,150200,0.0,0.0,568.9160034179688
2021-08-18 00:00:00-04:00,559.6799926757812,568.280029296875,556.8699951171875,557.1799926757812,197300,0.0,0.0,566.4440063476562
2021-08-19 00:00:00-04:00,552.9099731445312,565.9400024414062,551.0900268554688,562.719970703125,153300,0.0,0.0,565.3079956054687
2021-08-20 00:00:00-04:00,563.1799926757812,572.3300170898438,562.27001953125,571.489990234375,187900,0.0,0.0,565.3919921875
2021-08-23 00:00:00-04:00,574.3300170898438,581.6199951171875,574.3300170898438,578.8900146484375,154900,0.0,0.0,566.5919921875
2021-08-24 00:00:00-04:00,580.3099975585938,583.6699829101562,577.5900268554688,578.7100219726562,109700,0.0,0.0,569.797998046875
2021-08-25 00:00:00-04:00,577.8400268554688,584.25,577.8400268554688,584.1099853515625,133900,0.0,0.0,575.1839965820312
2021-08-26 00:00:00-04:00,584.6199951171875,584.6199951171875,578.530029296875,578.9099731445312,121100,0.0,0.0,578.4219970703125
2021-08-27 00:00:00-04:00,581.0900268554688,588.3499755859375,578.7999877929688,587.9600219726562,317300,0.0,0.0,581.7160034179688
2021-08-30 00:00:00-04:00,591.9000244140625,594.1400146484375,583.9099731445312,584.780029296875,175000,0.0,0.0,582.8940063476563
2021-08-31 00:00:00-04:00,585.0700073242188,588.77001953125,579.2100219726562,587.1699829101562,230100,0.0,0.0,584.5859985351562
2021-09-01 00:00:00-04:00,592.47998046875,592.47998046875,579.469970703125,582.780029296875,195200,0.0,0.0,584.3200073242188
2021-09-02 00:00:00-04:00,588.3599853515625,591.489990234375,585.6099853515625,588.25,170000,0.0,0.0,586.1880126953125
2021-09-03 00:00:00-04:00,589.0,594.77001953125,585.5599975585938,590.5999755859375,178600,0.0,0.0,586.7160034179688
2021-09-07 00:00:00-04:00,593.5800170898438,593.5800170898438,580.4000244140625,581.1400146484375,179800,0.0,0.0,585.9880004882813
2021-09-08 00:00:00-04:00,582.030029296875,584.02001953125,572.9000244140625,579.75,137700,0.0,0.0,584.50400390625
2021-09-09 00:00:00-04:00,578.489990234375,585.1099853515625,576.02001953125,577.469970703125,148900,0.0,0.0,583.4419921875
2021-09-10 00:00:00-04:00,582.0700073242188,586.760009765625,578.5700073242188,580.6300048828125,140100,0.0,0.0,581.9179931640625
2021-09-13 00:00:00-04:00,587.6900024414062,587.6900024414062,575.0,579.9000244140625,183000,0.0,0.0,579.7780029296875
2021-09-14 00:00:00-04:00,579.6699829101562,582.9099731445312,573.5599975585938,576.7899780273438,184900,0.0,0.0,578.9079956054687
2021-09-15 00:00:00-04:00,576.7899780273438,585.7899780273438,576.02001953125,580.97998046875,158200,0.0,0.0,579.1539916992188
2021-09-16 00:00:00-04:00,578.5999755859375,588.1500244140625,577.8400268554688,584.760009765625,167300,0.0,0.0,580.6119995117188
2021-09-17 00:00:00-04:00,583.47998046875,584.02001953125,567.1699829101562,569.1500244140625,393500,0.0,0.0,578.3160034179688
2021-09-20 00:00:00-04:00,559.760009765625,561.6900024414062,545.25,551.9000244140625,364500,0.0,0.0,572.7160034179688
2021-09-21 00:00:00-04:00,555.4400024414062,556.989990234375,542.030029296875,543.0,310600,0.0,0.0,565.9580078125
2021-09-22 00:00:00-04:00,543.1400146484375,551.989990234375,540.9400024414062,547.5800170898438,368200,0.0,0.0,559.2780151367188
2021-09-23 00:00:00-04:00,555.4299926757812,560.8800048828125,550.780029296875,553.4600219726562,412400,0.0,0.0,553.018017578125
2021-09-24 00:00:00-04:00,548.8200073242188,560.9199829101562,548.8200073242188,559.47998046875,285700,0.0,0.0,551.0840087890625
2021-09-27 00:00:00-04:00,556.0,558.9099731445312,546.0900268554688,548.5800170898438,196200,0.0,0.0,550.4200073242188
2021-09-28 00:00:00-04:00,542.5999755859375,543.0,528.4299926757812,531.1799926757812,234300,0.0,0.0,548.056005859375
2021-09-29 00:00:00-04:00,533.5,535.5,523.0800170898438,525.6699829101562,331900,0.0,0.0,543.6739990234375
2021-09-30 00:00:00-04:00,530.510009765625,532.6599731445312,514.989990234375,515.4199829101562,370900,0.0,0.0,536.0659912109375
2021-10-01 00:00:00-04:00,517.6199951171875,517.6199951171875,507.42999267578125,510.9800109863281,534600,0.0,0.0,526.3659973144531
2021-10-04 00:00:00-04:00,509.0400085449219,510.42999267578125,498.80999755859375,502.32000732421875,288400,0.0,0.0,517.1139953613281
2021-10-05 00:00:00-04:00,503.9100036621094,514.489990234375,503.1499938964844,506.8900146484375,225900,0.0,0.0,512.2559997558594
2021-10-06 00:00:00-04:00,501.04998779296875,507.989990234375,498.1499938964844,506.3900146484375,176500,0.0,0.0,508.40000610351564
2021-10-07 00:00:00-04:00,512.010009765625,513.72998046875,503.7900085449219,504.4100036621094,239200,0.0,0.0,506.19801025390626
2021-10-08 00:00:00-04:00,504.5,505.17999267578125,492.6300048828125,498.7300109863281,227900,0.0,0.0,503.7480102539063
2021-10-11 00:00:00-04:00,497.260009765625,501.7300109863281,491.989990234375,493.1300048828125,245000,0.0,0.0,501.910009765625
2021-10-12 00:00:00-04:00,495.9599914550781,501.32000732421875,493.1499938964844,494.5400085449219,303300,0.0,0.0,499.44000854492185
2021-10-13 00:00:00-04:00,499.30999755859375,501.5799865722656,493.989990234375,496.8599853515625,180700,0.0,0.0,497.53400268554685
2021-10-14 00:00:00-04:00,500.69000244140625,511.79998779296875,500.5400085449219,511.3500061035156,209100,0.0,0.0,498.9220031738281
2021-10-15 00:00:00-04:00,514.8200073242188,517.9400024414062,513.3200073242188,515.8300170898438,228900,0.0,0.0,502.3420043945313
2021-10-18 00:00:00-04:00,513.3800048828125,527.4000244140625,511.5199890136719,526.9199829101562,190400,0.0,0.0,509.1
2021-10-19 00:00:00-04:00,530.030029296875,534.0999755859375,525.219970703125,528.6300048828125,164200,0.0,0.0,515.9179992675781
2021-10-20 00:00:00-04:00,530.5499877929688,530.6300048828125,523.219970703125,527.0599975585938,163400,0.0,0.0,521.9580017089844
2021-10-21 00:00:00-04:00,526.27001953125,535.3900146484375,524.7899780273438,533.6099853515625,172700,0.0,0.0,526.4099975585938
2021-10-22 00:00:00-04:00,534.5999755859375,543.489990234375,527.5499877929688,527.9199829101562,221200,0.0,0.0,528.8279907226563
2021-10-25 00:00:00-04:00,528.52001953125,533.6400146484375,522.1799926757812,532.4600219726562,165900,0.0,0.0,529.9359985351563
2021-10-26 00:00:00-04:00,536.0499877929688,536.0499877929688,524.9199829101562,525.4099731445312,131000,0.0,0.0,529.2919921875
2021-10-27 00:00:00-04:00,525.4099731445312,530.3200073242188,517.1199951171875,517.8400268554688,155800,0.0,0.0,527.447998046875
2021-10-28 00:00:00-04:00,521.8400268554688,532.27001953125,518.5999755859375,532.0599975585938,204600,0.0,0.0,527.1380004882812
2021-10-29 00:00:00-04:00,528.27001953125,534.5399780273438,525.8599853515625,533.9500122070312,266200,0.0,0.0,528.3440063476562
2021-11-01 00:00:00-04:00,533.4500122070312,544.510009765625,532.7999877929688,542.5900268554688,370200,0.0,0.0,530.3700073242187
2021-11-02 00:00:00-04:00,549.9000244140625,593.5999755859375,545.5599975585938,585.5499877929688,564200,0.0,0.0,542.3980102539062
2021-11-03 00:00:00-04:00,580.6900024414062,580.6900024414062,555.1500244140625,578.489990234375,401700,0.0,0.0,554.5280029296875
2021-11-04 00:00:00-04:00,579.3800048828125,605.3900146484375,572.8200073242188,597.4099731445312,382700,0.0,0.0,567.597998046875
2021-11-05 00:00:00-04:00,598.0,610.9500122070312,598.0,607.5,328300,0.0,0.0,582.3079956054687
2021-11-08 00:00:00-05:00,612.22998046875,614.0999755859375,592.8800048828125,596.8099975585938,203600,0.0,0.0,593.1519897460937
2021-11-09 00:00:00-05:00,597.719970703125,602.780029296875,589.6500244140625,595.719970703125,207900,0.0,0.0,595.185986328125
2021-11-10 00:00:00-05:00,592.0,593.4199829101562,578.8400268554688,581.7999877929688,178200,0.0,0.0,595.8479858398438
2021-11-11 00:00:00-05:00,585.3300170898438,589.3699951171875,581.7100219726562,585.0599975585938,112800,0.0,0.0,593.3779907226562
2021-11-12 00:00:00-05:00,587.4099731445312,592.8800048828125,583.489990234375,591.8400268554688,130800,0.0,0.0,590.24599609375
2021-11-15 00:00:00-05:00,594.2899780273438,597.5800170898438,587.0399780273438,590.760009765625,115600,0.0,0.0,589.0359985351563
2021-11-16 00:00:00-05:00,589.0499877929688,605.5999755859375,589.0499877929688,605.0,148800,0.0,0.0,590.8920043945312
2021-11-17 00:00:00-05:00,606.5599975585938,609.3200073242188,599.0999755859375,605.8300170898438,174300,0.0,0.0,595.6980102539062
2021-11-18 00:00:00-05:00,606.8800048828125,609.7899780273438,599.3300170898438,606.9600219726562,200700,0.0,0.0,600.0780151367187
2021-11-19 00:00:00-05:00,608.6699829101562,608.6699829101562,593.6799926757812,596.75,205500,0.0,0.0,601.060009765625
2021-11-22 00:00:00-05:00,607.9000244140625,612.3599853515625,595.8200073242188,602.969970703125,316900,0.0,0.0,603.502001953125
2021-11-23 00:00:00-05:00,598.4000244140625,605.52001953125,590.6699829101562,598.739990234375,382100,0.0,0.0,602.25
2021-11-24 00:00:00-05:00,596.989990234375,599.0700073242188,585.1500244140625,598.02001953125,198700,0.0,0.0,600.6880004882812
2021-11-26 00:00:00-05:00,595.6400146484375,607.0800170898438,586.530029296875,590.719970703125,144100,0.0,0.0,597.439990234375
2021-11-29 00:00:00-05:00,597.4600219726562,609.4099731445312,588.219970703125,607.2000122070312,262700,0.0,0.0,599.5299926757813
2021-11-30 00:00:00-05:00,605.8400268554688,614.010009765625,585.75,588.780029296875,458700,0.0,0.0,596.6920043945313
2021-12-01 00:00:00-05:00,597.7999877929688,604.0499877929688,580.4600219726562,581.030029296875,253800,0.0,0.0,593.1500122070313
2021-12-02 00:00:00-05:00,580.8699951171875,599.219970703125,577.3200073242188,596.9600219726562,269800,0.0,0.0,592.9380126953125
2021-12-03 00:00:00-05:00,603.0,605.0,579.4600219726562,588.2899780273438,229500,0.0,0.0,592.4520141601563
2021-12-06 00:00:00-05:00,593.3099975585938,593.3099975585938,577.530029296875,584.219970703125,224200,0.0,0.0,587.856005859375
2021-12-07 00:00:00-05:00,594.52001953125,610.0999755859375,594.52001953125,605.4400024414062,254200,0.0,0.0,591.1880004882812
2021-12-08 00:00:00-05:00,605.4400024414062,608.3599853515625,599.0700073242188,605.3900146484375,234400,0.0,0.0,596.0599975585938
2021-12-09 00:00:00-05:00,604.77001953125,612.3400268554688,597.0499877929688,597.739990234375,203200,0.0,0.0,596.2159912109375
2021-12-10 00:00:00-05:00,603.0499877929688,615.0,600.5499877929688,614.5499877929688,221200,0.0,0.0,601.4679931640625
2021-12-13 00:00:00-05:00,613.1699829101562,614.030029296875,602.3499755859375,604.97998046875,303100,0.0,0.0,605.6199951171875
2021-12-14 00:00:00-05:00,597.3400268554688,599.1099853515625,582.5599975585938,585.8599853515625,286400,0.0,0.0,601.7039916992187
2021-12-15 00:00:00-05:00,589.9000244140625,599.4299926757812,578.9000244140625,598.1900024414062,173500,0.0,0.0,600.2639892578125
2021-12-16 00:00:00-05:00,603.1099853515625,603.1099853515625,589.1799926757812,592.0399780273438,268900,0.0,0.0,599.1239868164063
2021-12-17 00:00:00-05:00,589.6599731445312,599.27001953125,580.739990234375,588.52001953125,397600,0.0,0.0,593.9179931640625
2021-12-20 00:00:00-05:00,575.510009765625,582.9600219726562,562.9400024414062,570.780029296875,364700,0.0,0.0,587.0780029296875
2021-12-21 00:00:00-05:00,581.22998046875,583.2999877929688,573.25,580.2100219726562,598300,0.0,0.0,585.9480102539062
2021-12-22 00:00:00-05:00,580.8699951171875,582.469970703125,575.1599731445312,580.4299926757812,355200,0.0,0.0,582.3960083007812
2021-12-23 00:00:00-05:00,583.3400268554688,586.8599853515625,578.6799926757812,582.4099731445312,461600,0.0,0.0,580.4700073242187
2021-12-27 00:00:00-05:00,585.9299926757812,607.27001953125,583.22998046875,606.3300170898438,636400,0.0,0.0,584.0320068359375
2021-12-28 00:00:00-05:00,606.97998046875,609.3200073242188,594.0999755859375,597.3200073242188,139500,0.0,0.0,589.3400024414062
2021-12-29 00:00:00-05:00,596.3400268554688,603.52001953125,596.3400268554688,601.1199951171875,128600,0.0,0.0,593.5219970703125
2021-12-30 00:00:00-05:00,602.7100219726562,605.489990234375,596.1599731445312,597.5399780273438,87500,0.0,0.0,596.943994140625
2021-12-31 00:00:00-05:00,594.8200073242188,598.5499877929688,594.1699829101562,595.2000122070312,117100,0.0,0.0,599.502001953125
2022-01-03 00:00:00-05:00,592.0800170898438,599.72998046875,578.489990234375,583.9000244140625,272600,0.0,0.0,595.0160034179687
2022-01-04 00:00:00-05:00,584.75,589.280029296875,574.3099975585938,587.5999755859375,346000,0.0,0.0,593.0719970703125
2022-01-05 00:00:00-05:00,582.4000244140625,586.9199829101562,557.47998046875,558.1799926757812,403700,0.0,0.0,584.4839965820313
2022-01-06 00:00:00-05:00,555.0,563.0599975585938,548.4500122070312,555.1599731445312,338300,0.0,0.0,576.0079956054688
2022-01-07 00:00:00-05:00,552.1400146484375,553.5399780273438,530.1400146484375,530.8599853515625,432800,0.0,0.0,563.139990234375
2022-01-10 00:00:00-05:00,527.3699951171875,536.0999755859375,516.0800170898438,535.4099731445312,403400,0.0,0.0,553.4419799804688
2022-01-11 00:00:00-05:00,535.1500244140625,539.02001953125,521.5999755859375,538.5700073242188,443500,0.0,0.0,543.635986328125
2022-01-12 00:00:00-05:00,539.969970703125,547.3699951171875,535.0499877929688,538.4400024414062,306700,0.0,0.0,539.68798828125
2022-01-13 00:00:00-05:00,539.8200073242188,544.6099853515625,524.3800048828125,525.7999877929688,312500,0.0,0.0,533.8159912109375
2022-01-14 00:00:00-05:00,520.239990234375,533.219970703125,517.5999755859375,528.0,321900,0.0,0.0,533.243994140625
2022-01-18 00:00:00-05:00,516.0999755859375,522.030029296875,514.0,516.719970703125,337900,0.0,0.0,529.5059936523437
2022-01-19 00:00:00-05:00,517.6900024414062,529.7999877929688,512.5599975585938,513.1099853515625,308200,0.0,0.0,524.4139892578125
2022-01-20 00:00:00-05:00,516.02001953125,520.5700073242188,500.25,501.4200134277344,320000,0.0,0.0,517.0099914550781
2022-01-21 00:00:00-05:00,502.80999755859375,511.9700012207031,493.25,494.17999267578125,488900,0.0,0.0,510.6859924316406
2022-01-24 00:00:00-05:00,482.57000732421875,491.57000732421875,463.760009765625,490.55999755859375,853600,0.0,0.0,503.1979919433594
2022-01-25 00:00:00-05:00,479.9200134277344,483.8500061035156,462.32000732421875,474.0,537900,0.0,0.0,494.65399780273435
2022-01-26 00:00:00-05:00,484.510009765625,487.1000061035156,466.2699890136719,475.70001220703125,592500,0.0,0.0,487.1720031738281
2022-01-27 00:00:00-05:00,483.0,487.9200134277344,469.6600036621094,473.2300109863281,624500,0.0,0.0,481.53400268554685
2022-01-28 00:00:00-05:00,474.6400146484375,493.6600036621094,466.07000732421875,492.57000732421875,569200,0.0,0.0,481.2120056152344
2022-01-31 00:00:00-05:00,493.94000244140625,510.2900085449219,493.94000244140625,509.1199951171875,364800,0.0,0.0,484.92400512695315
2022-02-01 00:00:00-05:00,509.29998779296875,511.4100036621094,500.0799865722656,509.4800109863281,330000,0.0,0.0,492.02000732421874
2022-02-02 00:00:00-05:00,512.8200073242188,520.3200073242188,507.5799865722656,517.010009765625,482800,0.0,0.0,500.2820068359375
2022-02-03 00:00:00-05:00,509.2900085449219,514.719970703125,506.6300048828125,508.29998779296875,487800,0.0,0.0,507.29600219726564
2022-02-04 00:00:00-05:00,503.6199951171875,510.3999938964844,495.9100036621094,503.0899963378906,394600,0.0,0.0,509.4
2022-02-07 00:00:00-05:00,505.5400085449219,509.1099853515625,496.8399963378906,498.3399963378906,299800,0.0,0.0,507.24400024414064
2022-02-08 00:00:00-05:00,495.6700134277344,499.9800109863281,488.4700012207031,491.70001220703125,615200,0.0,0.0,503.68800048828126
2022-02-09 00:00:00-05:00,497.69000244140625,507.4800109863281,494.0199890136719,506.0199890136719,678600,0.0,0.0,501.4899963378906
2022-02-10 00:00:00-05:00,489.6099853515625,489.6099853515625,461.3299865722656,466.6300048828125,772700,0.0,0.0,493.1559997558594
2022-02-11 00:00:00-05:00,465.6000061035156,467.6600036621094,436.25,441.739990234375,1276000,0.0,0.0,480.88599853515626
2022-02-14 00:00:00-05:00,442.29998779296875,451.4599914550781,423.5400085449219,426.4200134277344,659000,0.0,0.0,466.502001953125
2022-02-15 00:00:00-05:00,433.6700134277344,440.489990234375,432.6400146484375,434.94000244140625,616000,0.0,0.0,455.15
2022-02-16 00:00:00-05:00,432.0,434.2099914550781,425.75,430.9700012207031,538900,0.0,0.0,440.14000244140624
2022-02-17 00:00:00-05:00,426.67999267578125,431.80999755859375,420.6199951171875,423.5,609300,0.0,0.0,431.5140014648438
2022-02-18 00:00:00-05:00,423.80999755859375,427.3599853515625,418.4200134277344,420.30999755859375,536200,0.0,0.0,427.2280029296875
2022-02-22 00:00:00-05:00,416.0,422.7099914550781,406.6499938964844,409.760009765625,549600,0.0,0.0,423.8960021972656
2022-02-23 00:00:00-05:00,413.0,418.1600036621094,398.4599914550781,399.2900085449219,569000,0.0,0.0,416.76600341796876
2022-02-24 00:00:00-05:00,386.95001220703125,415.80999755859375,385.3399963378906,415.3299865722656,508700,0.0,0.0,413.63800048828125
2022-02-25 00:00:00-05:00,415.1000061035156,423.8699951171875,410.6499938964844,418.07000732421875,440600,0.0,0.0,412.552001953125
2022-02-28 00:00:00-05:00,414.25,417.6700134277344,406.1400146484375,413.3399963378906,541100,0.0,0.0,411.1580017089844
2022-03-01 00:00:00-05:00,413.0,414.0,402.25,405.5799865722656,462100,0.0,0.0,410.3219970703125
2022-03-02 00:00:00-05:00,409.19000244140625,418.3399963378906,407.1199951171875,415.2699890136719,409400,0.0,0.0,413.5179931640625
2022-03-03 00:00:00-05:00,417.94000244140625,418.5199890136719,404.69000244140625,407.2900085449219,241700,0.0,0.0,411.9099975585938
2022-03-04 00:00:00-05:00,402.4599914550781,404.5,391.8800048828125,394.239990234375,532500,0.0,0.0,407.143994140625
2022-03-07 00:00:00-05:00,394.0,396.5400085449219,380.9100036621094,381.6499938964844,504900,0.0,0.0,400.8059936523438
2022-03-08 00:00:00-05:00,381.6700134277344,396.8399963378906,381.0799865722656,383.9200134277344,407600,0.0,0.0,396.4739990234375
2022-03-09 00:00:00-05:00,395.95001220703125,402.9100036621094,391.45001220703125,399.1099853515625,346100,0.0,0.0,393.24199829101565
2022-03-10 00:00:00-05:00,388.2900085449219,392.3599853515625,383.1199951171875,388.7900085449219,250300,0.0,0.0,389.5419982910156
2022-03-11 00:00:00-05:00,390.9200134277344,394.0,385.3800048828125,386.07000732421875,410300,0.0,0.0,387.9080017089844
2022-03-14 00:00:00-04:00,390.6600036621094,392.4700012207031,375.6300048828125,380.0899963378906,330200,0.0,0.0,387.59600219726565
2022-03-15 00:00:00-04:00,382.45001220703125,388.4800109863281,380.8699951171875,387.0799865722656,341100,0.0,0.0,388.2279968261719
2022-03-16 00:00:00-04:00,391.75,401.95001220703125,389.4599914550781,401.6499938964844,321400,0.0,0.0,388.7359985351562
2022-03-17 00:00:00-04:00,401.0400085449219,419.95001220703125,399.7200012207031,419.3500061035156,537900,0.0,0.0,394.847998046875
2022-03-18 00:00:00-04:00,419.3500061035156,439.7099914550781,416.2200012207031,437.17999267578125,930700,0.0,0.0,405.0699951171875
2022-03-21 00:00:00-04:00,437.6199951171875,439.45001220703125,425.3299865722656,429.5400085449219,491300,0.0,0.0,414.9599975585937
2022-03-22 00:00:00-04:00,429.8299865722656,436.94000244140625,424.9200134277344,433.67999267578125,455800,0.0,0.0,424.2799987792969
2022-03-23 00:00:00-04:00,428.7300109863281,430.9800109863281,419.2900085449219,419.9100036621094,325800,0.0,0.0,427.9320007324219
2022-03-24 00:00:00-04:00,424.30999755859375,427.8500061035156,415.7300109863281,427.3699951171875,311000,0.0,0.0,429.53599853515624
2022-03-25 00:00:00-04:00,427.5799865722656,428.1300048828125,421.3500061035156,425.6600036621094,294300,0.0,0.0,427.23200073242185
2022-03-28 00:00:00-04:00,425.6600036621094,426.94000244140625,417.7200012207031,422.2799987792969,319500,0.0,0.0,425.7799987792969
2022-03-29 00:00:00-04:00,429.3399963378906,440.6400146484375,428.6600036621094,438.1000061035156,292100,0.0,0.0,426.66400146484375
2022-03-30 00:00:00-04:00,434.0,437.92999267578125,428.5,429.6099853515625,316500,0.0,0.0,428.6039978027344
2022-03-31 00:00:00-04:00,428.9100036621094,432.2099914550781,412.94000244140625,413.70001220703125,575600,0.0,0.0,425.8700012207031
2022-04-01 00:00:00-04:00,414.6300048828125,417.1700134277344,403.70001220703125,413.7300109863281,505200,0.0,0.0,423.4840026855469
2022-04-04 00:00:00-04:00,433.5,437.29998779296875,424.7799987792969,431.239990234375,492300,0.0,0.0,425.2760009765625
2022-04-05 00:00:00-04:00,431.9599914550781,431.9599914550781,422.4200134277344,423.7200012207031,456700,0.0,0.0,422.4
2022-04-06 00:00:00-04:00,417.5299987792969,425.1300048828125,413.2200012207031,422.8999938964844,442300,0.0,0.0,421.05800170898436
2022-04-07 00:00:00-04:00,418.0799865722656,427.0199890136719,416.8999938964844,418.3999938964844,464500,0.0,0.0,421.997998046875
2022-04-08 00:00:00-04:00,416.260009765625,419.1400146484375,406.70001220703125,415.6300048828125,387600,0.0,0.0,422.37799682617185
2022-04-11 00:00:00-04:00,410.7799987792969,413.70001220703125,405.79998779296875,408.70001220703125,249100,0.0,0.0,417.8700012207031
2022-04-12 00:00:00-04:00,410.8800048828125,418.6700134277344,400.75,402.2099914550781,276100,0.0,0.0,413.5679992675781
2022-04-13 00:00:00-04:00,401.20001220703125,408.29998779296875,400.5299987792969,405.0,466200,0.0,0.0,409.9880004882813
2022-04-14 00:00:00-04:00,407.0,407.0,393.6000061035156,393.67999267578125,268400,0.0,0.0,405.04400024414065
2022-04-18 00:00:00-04:00,391.0,397.3500061035156,390.2699890136719,394.2799987792969,262000,0.0,0.0,400.7739990234375
2022-04-19 00:00:00-04:00,393.57000732421875,407.45001220703125,393.04998779296875,406.6199951171875,215800,0.0,0.0,400.3579956054688
2022-04-20 00:00:00-04:00,409.07000732421875,409.8999938964844,397.5,398.4200134277344,358400,0.0,0.0,399.6
2022-04-21 00:00:00-04:00,402.7300109863281,406.489990234375,388.739990234375,390.0400085449219,268700,0.0,0.0,396.6080017089844
2022-04-22 00:00:00-04:00,389.54998779296875,391.760009765625,377.2900085449219,377.9800109863281,307000,0.0,0.0,393.46800537109374
2022-04-25 00:00:00-04:00,375.82000732421875,390.1600036621094,374.1099853515625,388.94000244140625,448400,0.0,0.0,392.40000610351564
2022-04-26 00:00:00-04:00,386.82000732421875,390.44000244140625,374.5,374.5,340800,0.0,0.0,385.97600708007815
2022-04-27 00:00:00-04:00,373.989990234375,381.2699890136719,370.1400146484375,371.1099853515625,337700,0.0,0.0,380.5140014648438
2022-04-28 00:00:00-04:00,375.5899963378906,384.94000244140625,370.6300048828125,382.9800109863281,356600,0.0,0.0,379.102001953125
2022-04-29 00:00:00-04:00,380.239990234375,385.3299865722656,368.3500061035156,369.6600036621094,600300,0.0,0.0,377.43800048828126
2022-05-02 00:00:00-04:00,371.6600036621094,383.05999755859375,367.1499938964844,379.57000732421875,525200,0.0,0.0,375.5640014648437
2022-05-03 00:00:00-04:00,376.44000244140625,378.8900146484375,360.0,368.1400146484375,621800,0.0,0.0,374.29200439453126
2022-05-04 00:00:00-04:00,364.1700134277344,370.9100036621094,354.42999267578125,367.8699951171875,771700,0.0,0.0,373.6440063476563
2022-05-05 00:00:00-04:00,363.8699951171875,366.4200134277344,344.04998779296875,347.75,552800,0.0,0.0,366.59800415039064
2022-05-06 00:00:00-04:00,343.30999755859375,349.489990234375,333.3699951171875,342.5899963378906,554100,0.0,0.0,361.1840026855469
2022-05-09 00:00:00-04:00,335.0,341.7200012207031,327.45001220703125,328.5400085449219,602100,0.0,0.0,350.9780029296875
2022-05-10 00:00:00-04:00,336.989990234375,341.6600036621094,317.7200012207031,325.8399963378906,719100,0.0,0.0,342.51799926757815
2022-05-11 00:00:00-04:00,324.5299987792969,335.1099853515625,314.260009765625,314.5,752000,0.0,0.0,331.8440002441406
2022-05-12 00:00:00-04:00,311.989990234375,323.45001220703125,309.0,316.7200012207031,1076600,0.0,0.0,325.63800048828125
2022-05-13 00:00:00-04:00,322.010009765625,337.75,322.010009765625,336.8599853515625,629600,0.0,0.0,324.49199829101565
2022-05-16 00:00:00-04:00,333.07000732421875,336.29998779296875,327.1499938964844,329.3299865722656,394900,0.0,0.0,324.6499938964844
2022-05-17 00:00:00-04:00,339.54998779296875,347.1499938964844,335.29998779296875,344.5799865722656,456500,0.0,0.0,328.3979919433594
2022-05-18 00:00:00-04:00,338.8299865722656,342.4700012207031,325.3299865722656,326.4200134277344,670400,0.0,0.0,330.78199462890626
2022-05-19 00:00:00-04:00,324.1700134277344,330.69000244140625,322.1499938964844,324.1000061035156,598800,0.0,0.0,332.25799560546875
2022-05-20 00:00:00-04:00,330.0199890136719,331.1700134277344,314.9100036621094,325.3699951171875,564300,0.0,0.0,329.9599975585937
2022-05-23 00:00:00-04:00,330.1600036621094,338.9200134277344,322.8699951171875,334.7300109863281,529800,0.0,0.0,331.0400024414063
2022-05-24 00:00:00-04:00,330.29998779296875,332.1499938964844,318.739990234375,322.8800048828125,353400,0.0,0.0,326.70000610351565
2022-05-25 00:00:00-04:00,319.8699951171875,326.6099853515625,318.67999267578125,322.7200012207031,379800,0.0,0.0,325.9600036621094
2022-05-26 00:00:00-04:00,324.20001220703125,333.7099914550781,322.739990234375,332.4700012207031,363200,0.0,0.0,327.6340026855469
2022-05-27 00:00:00-04:00,336.0,343.5299987792969,335.8999938964844,343.5299987792969,627800,0.0,0.0,331.26600341796876
2022-05-31 00:00:00-04:00,343.7799987792969,344.1199951171875,334.0799865722656,338.19000244140625,717700,0.0,0.0,331.9580017089844
2022-06-01 00:00:00-04:00,339.6099853515625,344.010009765625,331.7300109863281,334.54998779296875,334300,0.0,0.0,334.2919982910156
2022-06-02 00:00:00-04:00,334.3800048828125,347.9100036621094,332.17999267578125,347.07000732421875,587600,0.0,0.0,339.16199951171876
2022-06-03 00:00:00-04:00,342.07000732421875,342.07000732421875,332.7900085449219,334.7699890136719,359200,0.0,0.0,339.6219970703125
2022-06-06 00:00:00-04:00,341.4800109863281,342.4100036621094,332.8900146484375,335.42999267578125,391200,0.0,0.0,338.0019958496094
2022-06-07 00:00:00-04:00,330.6199951171875,338.2300109863281,326.010009765625,335.510009765625,457200,0.0,0.0,337.46599731445315
2022-06-08 00:00:00-04:00,334.4800109863281,334.4800109863281,328.3599853515625,330.739990234375,600500,0.0,0.0,336.70399780273436
2022-06-09 00:00:00-04:00,329.3999938964844,330.239990234375,315.57000732421875,315.6600036621094,552100,0.0,0.0,330.4219970703125
2022-06-10 00:00:00-04:00,310.0,311.1700134277344,304.1000061035156,305.3500061035156,506200,0.0,0.0,324.5380004882812
2022-06-13 00:00:00-04:00,295.6499938964844,299.9700012207031,290.45001220703125,293.0799865722656,492400,0.0,0.0,316.0679992675781
2022-06-14 00:00:00-04:00,295.1199951171875,302.5,292.8500061035156,300.739990234375,572000,0.0,0.0,309.11399536132814
2022-06-15 00:00:00-04:00,304.45001220703125,312.7099914550781,301.0,308.3599853515625,436900,0.0,0.0,304.63799438476565
2022-06-16 00:00:00-04:00,301.1600036621094,304.2699890136719,290.0299987792969,292.1199951171875,457700,0.0,0.0,299.92999267578125
2022-06-17 00:00:00-04:00,296.7300109863281,297.4599914550781,287.92999267578125,288.4599914550781,867600,0.0,0.0,296.55198974609374
2022-06-21 00:00:00-04:00,293.510009765625,299.95001220703125,292.489990234375,295.8500061035156,489300,0.0,0.0,297.1059936523437
2022-06-22 00:00:00-04:00,293.5799865722656,299.4599914550781,290.7699890136719,297.82000732421875,434000,0.0,0.0,296.5219970703125
2022-06-23 00:00:00-04:00,298.2300109863281,299.1499938964844,291.8599853515625,297.4100036621094,307800,0.0,0.0,294.3320007324219
2022-06-24 00:00:00-04:00,301.1000061035156,310.3599853515625,300.7900085449219,308.9100036621094,1009200,0.0,0.0,297.69000244140625
2022-06-27 00:00:00-04:00,311.30999755859375,311.760009765625,305.54998779296875,309.8299865722656,335600,0.0,0.0,301.96400146484376
2022-06-28 00:00:00-04:00,309.8699951171875,312.989990234375,301.4200134277344,302.2099914550781,271100,0.0,0.0,303.2359985351562
2022-06-29 00:00:00-04:00,304.8299865722656,304.8299865722656,295.2799987792969,298.3299865722656,260000,0.0,0.0,303.33799438476564
2022-06-30 00:00:00-04:00,295.1700134277344,297.6499938964844,289.8299865722656,293.95001220703125,540500,0.0,0.0,302.64599609375
2022-07-01 00:00:00-04:00,292.2300109863281,300.05999755859375,290.6499938964844,299.3399963378906,473900,0.0,0.0,300.73199462890625
2022-07-05 00:00:00-04:00,294.7699890136719,302.55999755859375,293.0400085449219,302.3299865722656,331200,0.0,0.0,299.23199462890625
2022-07-06 00:00:00-04:00,304.95001220703125,306.3699951171875,290.3900146484375,294.5299987792969,575400,0.0,0.0,297.69599609375
2022-07-07 00:00:00-04:00,295.3500061035156,306.1700134277344,295.3500061035156,305.1400146484375,316500,0.0,0.0,299.05800170898436
2022-07-08 00:00:00-04:00,303.07000732421875,303.70001220703125,297.760009765625,299.5199890136719,269300,0.0,0.0,300.1719970703125
2022-07-11 00:00:00-04:00,293.989990234375,296.3500061035156,291.05999755859375,291.70001220703125,334800,0.0,0.0,298.6440002441406
2022-07-12 00:00:00-04:00,294.05999755859375,298.9599914550781,290.4800109863281,292.4100036621094,492800,0.0,0.0,296.6600036621094
2022-07-13 00:00:00-04:00,286.19000244140625,294.92999267578125,283.7200012207031,292.489990234375,298000,0.0,0.0,296.252001953125
2022-07-14 00:00:00-04:00,289.010009765625,292.0199890136719,284.05999755859375,290.79998779296875,270700,0.0,0.0,293.3839965820313
2022-07-15 00:00:00-04:00,293.5400085449219,298.5199890136719,291.010009765625,297.7200012207031,292300,0.0,0.0,293.0239990234375
2022-07-18 00:00:00-04:00,299.5799865722656,302.45001220703125,293.7699890136719,295.8399963378906,279900,0.0,0.0,293.85199584960935
2022-07-19 00:00:00-04:00,301.0899963378906,312.54998779296875,301.0899963378906,311.9100036621094,303100,0.0,0.0,297.7519958496094
2022-07-20 00:00:00-04:00,312.010009765625,325.6400146484375,311.80999755859375,325.4200134277344,414700,0.0,0.0,304.33800048828124
2022-07-21 00:00:00-04:00,324.70001220703125,332.19000244140625,323.8399963378906,332.1499938964844,371000,0.0,0.0,312.6080017089844
2022-07-22 00:00:00-04:00,330.95001220703125,334.5899963378906,322.9200134277344,326.67999267578125,222300,0.0,0.0,318.4
2022-07-25 00:00:00-04:00,325.5,328.7900085449219,320.9599914550781,325.3699951171875,356300,0.0,0.0,324.3059997558594
2022-07-26 00:00:00-04:00,323.9599914550781,327.17999267578125,321.20001220703125,326.9700012207031,300000,0.0,0.0,327.3179992675781
2022-07-27 00:00:00-04:00,328.6099853515625,340.0,327.2300109863281,338.489990234375,338800,0.0,0.0,329.93199462890624
2022-07-28 00:00:00-04:00,338.489990234375,347.1600036621094,336.70001220703125,344.5,319400,0.0,0.0,332.40199584960936
2022-07-29 00:00:00-04:00,343.32000732421875,358.3900146484375,340.260009765625,357.69000244140625,460900,0.0,0.0,338.6039978027344
2022-08-01 00:00:00-04:00,352.4200134277344,365.9700012207031,350.69000244140625,358.42999267578125,646500,0.0,0.0,345.21599731445315
2022-08-02 00:00:00-04:00,351.760009765625,356.6199951171875,322.92999267578125,323.32000732421875,982900,0.0,0.0,344.4859985351562
2022-08-03 00:00:00-04:00,322.2200012207031,332.0299987792969,316.04998779296875,326.4100036621094,531900,0.0,0.0,342.07000122070315
2022-08-04 00:00:00-04:00,325.760009765625,330.8900146484375,323.5299987792969,330.5799865722656,369700,0.0,0.0,339.28599853515624
2022-08-05 00:00:00-04:00,324.5199890136719,337.2900085449219,324.5199890136719,331.70001220703125,298500,0.0,0.0,334.08800048828124
2022-08-08 00:00:00-04:00,332.489990234375,338.8399963378906,329.25,330.32000732421875,358800,0.0,0.0,328.46600341796875
2022-08-09 00:00:00-04:00,326.3399963378906,326.3399963378906,318.5,320.1499938964844,375800,0.0,0.0,327.8320007324219
2022-08-10 00:00:00-04:00,330.20001220703125,332.1300048828125,325.2099914550781,328.8699951171875,241900,0.0,0.0,328.3239990234375
2022-08-11 00:00:00-04:00,333.6000061035156,343.5299987792969,331.8500061035156,336.0,279800,0.0,0.0,329.4080017089844
2022-08-12 00:00:00-04:00,338.5299987792969,346.7900085449219,336.19000244140625,346.739990234375,239600,0.0,0.0,332.41599731445314
2022-08-15 00:00:00-04:00,345.82000732421875,350.3399963378906,343.79998779296875,349.4100036621094,251900,0.0,0.0,336.23399658203124
2022-08-16 00:00:00-04:00,345.5899963378906,347.8900146484375,340.6400146484375,344.9100036621094,185500,0.0,0.0,341.1859985351563
2022-08-17 00:00:00-04:00,340.1000061035156,341.5799865722656,336.7200012207031,340.45001220703125,333400,0.0,0.0,343.502001953125
2022-08-18 00:00:00-04:00,340.4599914550781,346.0199890136719,339.20001220703125,342.3800048828125,201100,0.0,0.0,344.7780029296875
2022-08-19 00:00:00-04:00,337.67999267578125,339.32000732421875,327.6099853515625,328.4100036621094,218300,0.0,0.0,341.11200561523435
2022-08-22 00:00:00-04:00,322.3299865722656,322.3299865722656,314.5799865722656,315.8800048828125,241600,0.0,0.0,334.406005859375
2022-08-23 00:00:00-04:00,315.0,319.29998779296875,314.4599914550781,316.989990234375,181700,0.0,0.0,328.82200317382814
2022-08-24 00:00:00-04:00,317.7699890136719,321.5199890136719,316.6400146484375,319.3399963378906,210900,0.0,0.0,324.6
2022-08-25 00:00:00-04:00,322.0,330.4200134277344,321.8500061035156,330.1400146484375,179300,0.0,0.0,322.152001953125
2022-08-26 00:00:00-04:00,331.0799865722656,331.6499938964844,308.0899963378906,308.1600036621094,284300,0.0,0.0,318.102001953125
2022-08-29 00:00:00-04:00,304.8999938964844,311.3599853515625,302.4800109863281,307.8999938964844,235300,0.0,0.0,316.50599975585936
2022-08-30 00:00:00-04:00,310.1000061035156,311.6600036621094,301.4599914550781,302.8599853515625,311700,0.0,0.0,313.67999877929685
2022-08-31 00:00:00-04:00,304.55999755859375,305.1499938964844,298.239990234375,301.6400146484375,600000,0.0,0.0,310.14000244140624
2022-09-01 00:00:00-04:00,296.5799865722656,309.9700012207031,294.4100036621094,309.739990234375,548100,0.0,0.0,306.05999755859375
2022-09-02 00:00:00-04:00,316.6000061035156,316.6000061035156,296.1000061035156,297.6000061035156,480000,0.0,0.0,303.947998046875
2022-09-06 00:00:00-04:00,296.3900146484375,296.3900146484375,286.5799865722656,289.92999267578125,368300,0.0,0.0,300.3539978027344
2022-09-07 00:00:00-04:00,290.82000732421875,296.6000061035156,288.1600036621094,295.5799865722656,596100,0.0,0.0,298.897998046875
2022-09-08 00:00:00-04:00,292.05999755859375,298.9100036621094,291.3999938964844,298.29998779296875,253000,0.0,0.0,298.22999267578126
2022-09-09 00:00:00-04:00,301.239990234375,308.44000244140625,301.239990234375,307.8399963378906,286000,0.0,0.0,297.84999389648436
2022-09-12 00:00:00-04:00,310.8800048828125,314.7900085449219,309.30999755859375,311.8500061035156,348600,0.0,0.0,300.6999938964844
2022-09-13 00:00:00-04:00,301.3999938964844,301.3999938964844,291.3599853515625,293.5,423500,0.0,0.0,301.41399536132815
2022-09-14 00:00:00-04:00,293.1000061035156,300.1499938964844,290.25,295.9700012207031,405900,0.0,0.0,301.49199829101565
2022-09-15 00:00:00-04:00,294.0899963378906,301.42999267578125,292.3900146484375,296.20001220703125,380300,0.0,0.0,301.07200317382814
2022-09-16 00:00:00-04:00,294.5299987792969,294.7300109863281,285.9599914550781,288.5199890136719,531400,0.0,0.0,297.2080017089844
2022-09-19 00:00:00-04:00,285.010009765625,291.5,284.45001220703125,291.2099914550781,356300,0.0,0.0,293.0799987792969
2022-09-20 00:00:00-04:00,288.989990234375,288.989990234375,281.6600036621094,285.6499938964844,269800,0.0,0.0,291.50999755859374
2022-09-21 00:00:00-04:00,288.8500061035156,295.1400146484375,284.7699890136719,285.0799865722656,414500,0.0,0.0,289.3319946289063
2022-09-22 00:00:00-04:00,282.6099853515625,283.8500061035156,272.7900085449219,272.94000244140625,404700,0.0,0.0,284.67999267578125
2022-09-23 00:00:00-04:00,270.3800048828125,272.6300048828125,262.8399963378906,268.0400085449219,395400,0.0,0.0,280.58399658203126
2022-09-26 00:00:00-04:00,268.54998779296875,274.2300109863281,265.04998779296875,265.8599853515625,363200,0.0,0.0,275.5139953613281
2022-09-27 00:00:00-04:00,271.2099914550781,272.2300109863281,263.25,264.95001220703125,420300,0.0,0.0,271.3739990234375
2022-09-28 00:00:00-04:00,267.4100036621094,272.94000244140625,265.5400085449219,271.3500061035156,287700,0.0,0.0,268.6280029296875
2022-09-29 00:00:00-04:00,266.4100036621094,268.1700134277344,262.4100036621094,265.5199890136719,354100,0.0,0.0,267.1440002441406
2022-09-30 00:00:00-04:00,264.8399963378906,271.9599914550781,261.6300048828125,262.010009765625,378500,0.0,0.0,265.93800048828126
2022-10-03 00:00:00-04:00,264.94000244140625,274.0899963378906,261.69000244140625,272.0899963378906,325900,0.0,0.0,267.1840026855469
2022-10-04 00:00:00-04:00,277.75,281.6499938964844,277.4100036621094,281.6499938964844,341800,0.0,0.0,270.5239990234375
2022-10-05 00:00:00-04:00,276.8299865722656,284.20001220703125,276.19000244140625,281.8800048828125,368600,0.0,0.0,272.6299987792969
2022-10-06 00:00:00-04:00,281.6099853515625,285.2799987792969,278.3299865722656,280.3500061035156,339700,0.0,0.0,275.59600219726565
2022-10-07 00:00:00-04:00,273.82000732421875,275.69000244140625,266.04998779296875,266.67999267578125,345400,0.0,0.0,276.5299987792969
2022-10-10 00:00:00-04:00,268.0,268.260009765625,255.5800018310547,258.6000061035156,290200,0.0,0.0,273.8320007324219
2022-10-11 00:00:00-04:00,255.44000244140625,257.0799865722656,248.1699981689453,250.00999450683594,450500,0.0,0.0,267.5040008544922
2022-10-12 00:00:00-04:00,250.08999633789062,263.2799987792969,248.91000366210938,261.0299987792969,469000,0.0,0.0,263.33399963378906
2022-10-13 00:00:00-04:00,253.32000732421875,277.989990234375,252.4499969482422,268.2699890136719,578600,0.0,0.0,260.9179962158203
2022-10-14 00:00:00-04:00,265.1700134277344,267.7099914550781,254.55999755859375,255.61000061035156,413500,0.0,0.0,258.70399780273436
2022-10-17 00:00:00-04:00,262.5299987792969,264.8399963378906,259.2799987792969,261.6400146484375,338000,0.0,0.0,259.31199951171874
2022-10-18 00:00:00-04:00,269.510009765625,271.9599914550781,260.4700012207031,263.8900146484375,352100,0.0,0.0,262.08800354003904
2022-10-19 00:00:00-04:00,261.3399963378906,264.8699951171875,257.3900146484375,260.4599914550781,230100,0.0,0.0,261.9740020751953
2022-10-20 00:00:00-04:00,261.0799865722656,265.92999267578125,253.5500030517578,256.2300109863281,311700,0.0,0.0,259.5660064697266
2022-10-21 00:00:00-04:00,255.9199981689453,263.9100036621094,252.38999938964844,263.0400085449219,348800,0.0,0.0,261.0520080566406
2022-10-24 00:00:00-04:00,264.29998779296875,267.6400146484375,259.010009765625,265.7200012207031,368300,0.0,0.0,261.8680053710938
2022-10-25 00:00:00-04:00,267.6099853515625,274.7200012207031,266.57000732421875,274.5799865722656,261200,0.0,0.0,264.00599975585936
2022-10-26 00:00:00-04:00,273.42999267578125,278.6600036621094,271.1700134277344,273.17999267578125,248000,0.0,0.0,266.55
2022-10-27 00:00:00-04:00,276.9800109863281,281.8900146484375,274.8900146484375,275.2900085449219,422400,0.0,0.0,270.36199951171875
2022-10-28 00:00:00-04:00,275.0299987792969,288.6099853515625,271.7200012207031,288.0,567500,0.0,0.0,275.3539978027344
2022-10-31 00:00:00-04:00,283.42999267578125,287.9700012207031,278.8399963378906,283.2200012207031,661800,0.0,0.0,278.8539978027344
2022-11-01 00:00:00-04:00,264.3999938964844,264.3999938964844,237.27999877929688,238.3000030517578,1777900,0.0,0.0,271.59800109863284
2022-11-02 00:00:00-04:00,236.07000732421875,242.8000030517578,231.3800048828125,236.02999877929688,1039900,0.0,0.0,264.1680023193359
2022-11-03 00:00:00-04:00,231.83999633789062,236.66000366210938,227.14999389648438,227.32000732421875,619100,0.0,0.0,254.57400207519532
2022-11-04 00:00:00-04:00,231.8300018310547,232.6300048828125,224.8699951171875,230.55999755859375,451900,0.0,0.0,243.08600158691405
2022-11-07 00:00:00-05:00,232.52000427246094,236.55999755859375,227.6199951171875,236.36000061035156,321900,0.0,0.0,233.71400146484376
2022-11-08 00:00:00-05:00,238.86000061035156,241.1999969482422,231.2100067138672,234.64999389648438,355200,0.0,0.0,232.98399963378907
2022-11-09 00:00:00-05:00,232.02999877929688,232.02999877929688,225.75999450683594,226.8800048828125,397700,0.0,0.0,231.15400085449218
2022-11-10 00:00:00-05:00,238.9199981689453,253.72000122070312,237.8800048828125,253.4199981689453,718500,0.0,0.0,236.3739990234375
2022-11-11 00:00:00-05:00,254.08999633789062,265.9800109863281,252.83999633789062,263.3800048828125,571600,0.0,0.0,242.93800048828126
2022-11-14 00:00:00-05:00,261.7099914550781,262.1300048828125,251.07000732421875,251.47000122070312,501800,0.0,0.0,245.96000061035156
2022-11-15 00:00:00-05:00,257.5400085449219,266.0400085449219,257.05999755859375,261.5899963378906,704300,0.0,0.0,251.3480010986328
2022-11-16 00:00:00-05:00,259.760009765625,259.760009765625,254.19000244140625,258.42999267578125,465900,0.0,0.0,257.6579986572266
2022-11-17 00:00:00-05:00,251.7899932861328,257.6199951171875,250.22000122070312,255.11000061035156,342300,0.0,0.0,257.9959991455078
2022-11-18 00:00:00-05:00,259.3900146484375,260.9100036621094,250.32000732421875,256.1000061035156,504500,0.0,0.0,256.5399993896484
2022-11-21 00:00:00-05:00,253.9499969482422,258.2200012207031,253.1300048828125,257.0,402700,0.0,0.0,257.6459991455078
2022-11-22 00:00:00-05:00,257.3999938964844,261.8299865722656,255.25,261.04998779296875,442100,0.0,0.0,257.5379974365234
2022-11-23 00:00:00-05:00,262.739990234375,274.8500061035156,261.989990234375,270.6600036621094,464600,0.0,0.0,259.98399963378904
2022-11-25 00:00:00-05:00,270.5,272.29998779296875,269.6199951171875,271.8999938964844,202400,0.0,0.0,263.3419982910156
2022-11-28 00:00:00-05:00,268.3800048828125,270.05999755859375,266.5199890136719,269.0,492900,0.0,0.0,265.9219970703125
2022-11-29 00:00:00-05:00,269.7900085449219,273.0,261.5400085449219,266.82000732421875,534900,0.0,0.0,267.88599853515626
2022-11-30 00:00:00-05:00,266.6199951171875,273.8999938964844,257.739990234375,270.2799987792969,1734500,0.0,0.0,269.73200073242185
2022-12-01 00:00:00-05:00,268.760009765625,274.2900085449219,262.8699951171875,268.82000732421875,521900,0.0,0.0,269.36400146484374
2022-12-02 00:00:00-05:00,264.6700134277344,276.1400146484375,264.6099853515625,274.8599853515625,440500,0.0,0.0,269.95599975585935
2022-12-05 00:00:00-05:00,272.8800048828125,273.1000061035156,261.57000732421875,261.79998779296875,473600,0.0,0.0,268.5159973144531
2022-12-06 00:00:00-05:00,261.010009765625,261.0799865722656,251.35000610351562,254.2100067138672,375400,0.0,0.0,265.99399719238284
2022-12-07 00:00:00-05:00,252.4199981689453,255.0399932861328,250.72999572753906,252.5399932861328,303100,0.0,0.0,262.44599609375
2022-12-08 00:00:00-05:00,252.30999755859375,259.54998779296875,252.0,252.82000732421875,473400,0.0,0.0,259.24599609375
2022-12-09 00:00:00-05:00,251.19000244140625,256.6700134277344,250.52999877929688,251.4499969482422,551900,0.0,0.0,254.56399841308593
2022-12-12 00:00:00-05:00,253.83999633789062,259.94000244140625,250.1199951171875,258.1000061035156,478500,0.0,0.0,253.82400207519532
2022-12-13 00:00:00-05:00,270.6000061035156,274.70001220703125,257.0199890136719,263.2699890136719,608700,0.0,0.0,255.63599853515626
2022-12-14 00:00:00-05:00,261.95001220703125,267.2699890136719,257.70001220703125,261.5,393200,0.0,0.0,257.42799987792966
2022-12-15 00:00:00-05:00,256.1499938964844,257.7200012207031,249.64999389648438,251.0399932861328,410400,0.0,0.0,257.0719970703125
2022-12-16 00:00:00-05:00,249.25,251.08999633789062,244.72000122070312,248.9199981689453,769100,0.0,0.0,256.5659973144531
2022-12-19 00:00:00-05:00,249.0,251.5500030517578,242.8800048828125,243.7100067138672,325200,0.0,0.0,253.68799743652343
2022-12-20 00:00:00-05:00,242.5500030517578,250.64999389648438,241.42999267578125,247.14999389648438,377800,0.0,0.0,250.46399841308593
2022-12-21 00:00:00-05:00,248.61000061035156,253.8000030517578,248.30999755859375,250.83999633789062,435400,0.0,0.0,248.33199768066407
2022-12-22 00:00:00-05:00,245.77999877929688,247.63999938964844,241.00999450683594,247.50999450683594,341700,0.0,0.0,247.6259979248047
2022-12-23 00:00:00-05:00,246.86000061035156,249.13999938964844,244.75999450683594,248.22000122070312,180900,0.0,0.0,247.48599853515626
2022-12-27 00:00:00-05:00,249.35000610351562,253.8699951171875,247.16000366210938,251.0,252500,0.0,0.0,248.94399719238282
2022-12-28 00:00:00-05:00,250.47999572753906,253.85000610351562,246.1300048828125,246.83999633789062,241200,0.0,0.0,248.88199768066406
2022-12-29 00:00:00-05:00,249.5500030517578,258.04998779296875,249.0,257.5299987792969,274900,0.0,0.0,250.21999816894532
2022-12-30 00:00:00-05:00,254.1999969482422,256.5400085449219,251.52000427246094,256.4100036621094,228200,0.0,0.0,252.0
2023-01-03 00:00:00-05:00,260.8699951171875,262.69000244140625,255.7100067138672,260.20001220703125,295400,0.0,0.0,254.39600219726563
2023-01-04 00:00:00-05:00,263.6199951171875,265.80999755859375,258.2300109863281,262.989990234375,311600,0.0,0.0,256.79400024414065
2023-01-05 00:00:00-05:00,260.67999267578125,260.94000244140625,254.69000244140625,260.05999755859375,368200,0.0,0.0,259.43800048828126
2023-01-06 00:00:00-05:00,265.1099853515625,277.8599853515625,263.2099914550781,273.4200134277344,552700,0.0,0.0,262.6160034179687
2023-01-09 00:00:00-05:00,276.0,283.5299987792969,273.5199890136719,279.2900085449219,535400,0.0,0.0,267.19200439453124
2023-01-10 00:00:00-05:00,277.82000732421875,286.95001220703125,277.010009765625,286.92999267578125,353700,0.0,0.0,272.5380004882812
2023-01-11 00:00:00-05:00,289.0,300.2099914550781,286.55999755859375,299.7900085449219,600100,0.0,0.0,279.89800415039065
2023-01-12 00:00:00-05:00,301.8399963378906,301.8399963378906,290.8699951171875,293.0,735500,0.0,0.0,286.4860046386719
2023-01-13 00:00:00-05:00,290.0199890136719,293.989990234375,286.989990234375,293.70001220703125,687100,0.0,0.0,290.54200439453126
2023-01-17 00:00:00-05:00,293.5400085449219,294.1499938964844,288.67999267578125,293.5799865722656,330000,0.0,0.0,293.4
2023-01-18 00:00:00-05:00,295.79998779296875,299.75,295.79998779296875,296.5400085449219,418300,0.0,0.0,295.32200317382814
2023-01-19 00:00:00-05:00,292.0199890136719,295.79998779296875,285.7799987792969,287.7200012207031,260900,0.0,0.0,292.9080017089844
2023-01-20 00:00:00-05:00,288.2300109863281,297.2200012207031,288.2300109863281,297.0299987792969,307600,0.0,0.0,293.71400146484376
2023-01-23 00:00:00-05:00,298.489990234375,320.1199951171875,297.94000244140625,317.760009765625,812600,0.0,0.0,298.5260009765625
2023-01-24 00:00:00-05:00,315.0,317.239990234375,309.75,310.0799865722656,370600,0.0,0.0,301.8260009765625
2023-01-25 00:00:00-05:00,305.0,312.5799865722656,302.45001220703125,310.57000732421875,292900,0.0,0.0,304.6320007324219
2023-01-26 00:00:00-05:00,314.0400085449219,315.0,306.1400146484375,311.2699890136719,221600,0.0,0.0,309.3419982910156
2023-01-27 00:00:00-05:00,310.17999267578125,317.5199890136719,308.1499938964844,317.1000061035156,296800,0.0,0.0,313.3559997558594
2023-01-30 00:00:00-05:00,313.1400146484375,315.29998779296875,308.75,309.0299987792969,240900,0.0,0.0,311.60999755859376
2023-01-31 00:00:00-05:00,309.32000732421875,316.3800048828125,306.5,316.17999267578125,264800,0.0,0.0,312.8299987792969
2023-02-01 00:00:00-05:00,316.17999267578125,329.6199951171875,315.75,328.6300048828125,442500,0.0,0.0,316.44199829101564
2023-02-02 00:00:00-05:00,335.9599914550781,351.739990234375,335.80999755859375,344.70001220703125,787400,0.0,0.0,323.1280029296875
2023-02-03 00:00:00-05:00,335.4100036621094,338.2200012207031,329.17999267578125,330.80999755859375,498500,0.0,0.0,325.8700012207031
2023-02-06 00:00:00-05:00,326.69000244140625,330.5400085449219,323.80999755859375,324.70001220703125,406200,0.0,0.0,329.00400390625
2023-02-07 00:00:00-05:00,322.7300109863281,331.9800109863281,321.3399963378906,331.1499938964844,405900,0.0,0.0,331.9980041503906
2023-02-08 00:00:00-05:00,328.2799987792969,329.6700134277344,324.510009765625,325.5400085449219,277500,0.0,0.0,331.3800048828125
2023-02-09 00:00:00-05:00,322.1600036621094,329.7099914550781,315.6700134277344,316.55999755859375,478300,0.0,0.0,325.752001953125
2023-02-10 00:00:00-05:00,312.6400146484375,317.69000244140625,310.29998779296875,313.4599914550781,342400,0.0,0.0,322.28200073242186
2023-02-13 00:00:00-05:00,313.1499938964844,319.010009765625,309.8500061035156,318.95001220703125,287500,0.0,0.0,321.1320007324219
2023-02-14 00:00:00-05:00,315.8900146484375,322.7900085449219,312.739990234375,318.760009765625,192600,0.0,0.0,318.65400390625
2023-02-15 00:00:00-05:00,316.8999938964844,327.42999267578125,316.8999938964844,327.0199890136719,305600,0.0,0.0,318.95
2023-02-16 00:00:00-05:00,330.0,340.8399963378906,327.6199951171875,333.44000244140625,555800,0.0,0.0,322.3260009765625
2023-02-17 00:00:00-05:00,329.1199951171875,329.6000061035156,310.54998779296875,322.5799865722656,496800,0.0,0.0,324.15
2023-02-21 00:00:00-05:00,317.9599914550781,317.9599914550781,306.2900085449219,307.0,375000,0.0,0.0,321.75999755859374
2023-02-22 00:00:00-05:00,308.260009765625,308.5299987792969,302.2799987792969,304.8699951171875,309000,0.0,0.0,318.98199462890625
2023-02-23 00:00:00-05:00,307.5400085449219,307.82000732421875,295.4200134277344,301.0,444800,0.0,0.0,313.7779968261719
2023-02-24 00:00:00-05:00,295.0,296.69000244140625,288.8800048828125,291.9200134277344,415300,0.0,0.0,305.4739990234375
2023-02-27 00:00:00-05:00,296.3500061035156,297.7099914550781,293.44000244140625,296.2300109863281,547800,0.0,0.0,300.20400390625
2023-02-28 00:00:00-05:00,296.75,300.6700134277344,295.17999267578125,300.25,512900,0.0,0.0,298.85400390625
2023-03-01 00:00:00-05:00,299.8299865722656,305.57000732421875,298.92999267578125,302.3399963378906,409000,0.0,0.0,298.34800415039064
2023-03-02 00:00:00-05:00,299.79998779296875,306.5799865722656,297.6199951171875,306.05999755859375,254200,0.0,0.0,299.36000366210936
2023-03-03 00:00:00-05:00,307.6199951171875,311.5299987792969,306.07000732421875,309.45001220703125,230200,0.0,0.0,302.8660034179687
2023-03-06 00:00:00-05:00,310.2699890136719,313.7900085449219,304.0199890136719,305.80999755859375,154900,0.0,0.0,304.78200073242186
2023-03-07 00:00:00-05:00,305.4200134277344,306.1099853515625,301.8599853515625,302.1600036621094,182600,0.0,0.0,305.16400146484375
2023-03-08 00:00:00-05:00,303.2699890136719,307.3699951171875,301.5,307.07000732421875,186100,0.0,0.0,306.11000366210936
2023-03-09 00:00:00-05:00,307.4700012207031,309.57000732421875,296.3699951171875,296.9100036621094,351000,0.0,0.0,304.2800048828125
2023-03-10 00:00:00-05:00,296.2300109863281,297.7099914550781,286.55999755859375,288.19000244140625,258400,0.0,0.0,300.0280029296875
2023-03-13 00:00:00-04:00,284.1099853515625,291.3800048828125,278.5299987792969,284.9200134277344,265500,0.0,0.0,295.8500061035156
2023-03-14 00:00:00-04:00,292.489990234375,293.489990234375,286.8999938964844,292.4599914550781,211300,0.0,0.0,293.9100036621094
2023-03-15 00:00:00-04:00,284.989990234375,287.94000244140625,282.4599914550781,287.739990234375,272900,0.0,0.0,290.04400024414065
2023-03-16 00:00:00-04:00,286.9200134277344,296.3999938964844,284.8299865722656,294.92999267578125,333400,0.0,0.0,289.647998046875
2023-03-17 00:00:00-04:00,294.04998779296875,294.29998779296875,287.1499938964844,288.7099914550781,461500,0.0,0.0,289.7519958496094
2023-03-20 00:00:00-04:00,289.8699951171875,291.6400146484375,285.489990234375,290.8399963378906,232300,0.0,0.0,290.9359924316406
2023-03-21 00:00:00-04:00,294.8900146484375,296.04998779296875,291.0199890136719,294.42999267578125,160500,0.0,0.0,291.3299926757812
2023-03-22 00:00:00-04:00,292.3299865722656,298.7799987792969,287.8599853515625,288.1099853515625,362700,0.0,0.0,291.40399169921875
2023-03-23 00:00:00-04:00,290.05999755859375,295.9200134277344,285.8699951171875,288.75,244700,0.0,0.0,290.1679931640625
2023-03-24 00:00:00-04:00,286.5799865722656,289.2900085449219,283.07000732421875,288.7300109863281,322000,0.0,0.0,290.1719970703125
2023-03-27 00:00:00-04:00,290.8699951171875,292.8599853515625,285.92999267578125,288.8599853515625,231900,0.0,0.0,289.7759948730469
2023-03-28 00:00:00-04:00,287.760009765625,291.5299987792969,286.5199890136719,290.1499938964844,177100,0.0,0.0,288.9199951171875
2023-03-29 00:00:00-04:00,293.80999755859375,297.0,291.4800109863281,296.1199951171875,214700,0.0,0.0,290.5219970703125
2023-03-30 00:00:00-04:00,301.9100036621094,309.29998779296875,300.94000244140625,309.1099853515625,302600,0.0,0.0,294.593994140625
2023-03-31 00:00:00-04:00,310.0,318.8500061035156,310.0,318.0,373400,0.0,0.0,300.4479919433594
2023-04-03 00:00:00-04:00,315.1300048828125,316.2300109863281,307.3999938964844,311.6499938964844,199800,0.0,0.0,305.00599365234376
2023-04-04 00:00:00-04:00,312.1199951171875,312.1199951171875,303.44000244140625,308.7099914550781,347400,0.0,0.0,308.7179931640625
2023-04-05 00:00:00-04:00,308.4800109863281,308.4800109863281,299.05999755859375,300.1499938964844,185400,0.0,0.0,309.52399291992185
2023-04-06 00:00:00-04:00,297.2799987792969,303.1300048828125,294.79998779296875,300.260009765625,184400,0.0,0.0,307.7539978027344
2023-04-10 00:00:00-04:00,297.32000732421875,302.1499938964844,296.7200012207031,301.9599914550781,142800,0.0,0.0,304.54599609375
2023-04-11 00:00:00-04:00,304.20001220703125,306.70001220703125,301.9800109863281,304.0299987792969,138800,0.0,0.0,303.0219970703125
2023-04-12 00:00:00-04:00,306.2300109863281,307.0799865722656,300.5,301.4100036621094,130400,0.0,0.0,301.56199951171874
2023-04-13 00:00:00-04:00,302.8299865722656,306.3599853515625,300.5899963378906,306.1700134277344,160400,0.0,0.0,302.76600341796876
2023-04-14 00:00:00-04:00,303.9200134277344,307.3299865722656,299.7699890136719,303.0799865722656,158400,0.0,0.0,303.3299987792969
2023-04-17 00:00:00-04:00,302.9100036621094,304.3500061035156,299.3500061035156,300.4599914550781,163900,0.0,0.0,303.0299987792969
2023-04-18 00:00:00-04:00,303.0199890136719,304.5,299.07000732421875,300.6300048828125,149300,0.0,0.0,302.35
2023-04-19 00:00:00-04:00,297.8999938964844,297.8999938964844,291.8800048828125,292.760009765625,250900,0.0,0.0,300.6200012207031
2023-04-20 00:00:00-04:00,289.1700134277344,293.4800109863281,288.0299987792969,290.5199890136719,220700,0.0,0.0,297.4899963378906
2023-04-21 00:00:00-04:00,289.9200134277344,289.94000244140625,285.0,287.8999938964844,302600,0.0,0.0,294.45399780273436
2023-04-24 00:00:00-04:00,288.3399963378906,290.3299865722656,286.3800048828125,288.19000244140625,244300,0.0,0.0,292.0
2023-04-25 00:00:00-04:00,290.3399963378906,293.4800109863281,283.9599914550781,284.1000061035156,297700,0.0,0.0,288.6940002441406
2023-04-26 00:00:00-04:00,284.8999938964844,286.2799987792969,279.5899963378906,280.4200134277344,214900,0.0,0.0,286.2260009765625
2023-04-27 00:00:00-04:00,283.510009765625,285.0400085449219,278.2099914550781,284.1199951171875,234300,0.0,0.0,284.9460021972656
2023-04-28 00:00:00-04:00,284.239990234375,289.9700012207031,282.6199951171875,288.0299987792969,428100,0.0,0.0,284.9720031738281
2023-05-01 00:00:00-04:00,287.1700134277344,290.3399963378906,286.489990234375,287.45001220703125,407500,0.0,0.0,284.8240051269531
2023-05-02 00:00:00-04:00,251.44000244140625,269.010009765625,245.75,255.44000244140625,1327100,0.0,0.0,279.0920043945313
2023-05-03 00:00:00-04:00,255.4499969482422,265.3599853515625,254.89999389648438,258.5,710000,0.0,0.0,274.7080017089844
2023-05-04 00:00:00-04:00,256.20001220703125,265.7099914550781,255.0,265.0,551700,0.0,0.0,270.8840026855469
2023-05-05 00:00:00-04:00,269.1000061035156,275.3399963378906,263.8599853515625,273.79998779296875,486300,0.0,0.0,268.0380004882812
2023-05-08 00:00:00-04:00,274.0,278.1400146484375,271.7699890136719,277.8599853515625,384100,0.0,0.0,266.1199951171875
2023-05-09 00:00:00-04:00,275.0,278.1600036621094,268.9700012207031,270.1600036621094,432900,0.0,0.0,269.0639953613281
2023-05-10 00:00:00-04:00,272.2099914550781,274.8500061035156,267.6499938964844,271.7699890136719,257400,0.0,0.0,271.7179931640625
2023-05-11 00:00:00-04:00,269.3399963378906,270.2699890136719,264.1700134277344,265.2799987792969,349400,0.0,0.0,271.77399291992185
2023-05-12 00:00:00-04:00,267.1400146484375,268.8399963378906,262.30999755859375,266.1600036621094,221500,0.0,0.0,270.24599609375
2023-05-15 00:00:00-04:00,265.8800048828125,272.8699951171875,264.6600036621094,270.70001220703125,235700,0.0,0.0,268.8140014648437
2023-05-16 00:00:00-04:00,268.42999267578125,271.3599853515625,265.0299987792969,266.3800048828125,183700,0.0,0.0,268.05800170898436
2023-05-17 00:00:00-04:00,268.82000732421875,273.3800048828125,266.5400085449219,271.6700134277344,227400,0.0,0.0,268.0380065917969
2023-05-18 00:00:00-04:00,271.010009765625,280.6199951171875,269.6300048828125,279.3299865722656,360600,0.0,0.0,270.84800415039064
2023-05-19 00:00:00-04:00,281.29998779296875,283.8599853515625,278.0299987792969,280.79998779296875,419300,0.0,0.0,273.7760009765625
2023-05-22 00:00:00-04:00,279.7099914550781,282.489990234375,276.8399963378906,280.1300048828125,256600,0.0,0.0,275.66199951171876
2023-05-23 00:00:00-04:00,277.6300048828125,278.6400146484375,270.95001220703125,271.2200012207031,359600,0.0,0.0,276.6299987792969
2023-05-24 00:00:00-04:00,269.8500061035156,271.0400085449219,260.5299987792969,261.3900146484375,467500,0.0,0.0,274.5739990234375
2023-05-25 00:00:00-04:00,264.25,264.25,257.19000244140625,259.69000244140625,356700,0.0,0.0,270.6460021972656
2023-05-26 00:00:00-04:00,260.6700134277344,265.989990234375,260.6700134277344,264.7200012207031,243500,0.0,0.0,267.4300048828125
2023-05-30 00:00:00-04:00,268.0199890136719,271.82000732421875,265.29998779296875,267.7799987792969,271000,0.0,0.0,264.9600036621094
2023-05-31 00:00:00-04:00,265.0,267.5199890136719,261.3599853515625,262.57000732421875,653500,0.0,0.0,263.2300048828125
2023-06-01 00:00:00-04:00,263.8800048828125,267.04998779296875,260.8999938964844,266.20001220703125,325500,0.0,0.0,264.19200439453124
2023-06-02 00:00:00-04:00,269.3299865722656,279.6099853515625,269.3299865722656,278.010009765625,374100,0.0,0.0,267.856005859375
2023-06-05 00:00:00-04:00,276.3500061035156,276.44000244140625,267.5299987792969,269.1099853515625,491400,0.0,0.0,268.7340026855469
2023-06-06 00:00:00-04:00,269.1099853515625,273.6499938964844,266.5,270.1000061035156,455100,0.0,0.0,269.1980041503906
2023-06-07 00:00:00-04:00,273.1499938964844,280.30999755859375,272.3500061035156,277.55999755859375,266300,0.0,0.0,272.1960021972656
2023-06-08 00:00:00-04:00,276.9700012207031,278.42999267578125,272.3800048828125,278.0299987792969,366200,0.0,0.0,274.56199951171874
2023-06-09 00:00:00-04:00,278.3399963378906,280.5799865722656,274.32000732421875,274.6600036621094,360900,0.0,0.0,273.8919982910156
2023-06-12 00:00:00-04:00,275.6099853515625,280.54998779296875,274.9100036621094,279.989990234375,344200,0.0,0.0,276.0679992675781
2023-06-13 00:00:00-04:00,283.5199890136719,286.44000244140625,280.6099853515625,283.3900146484375,367100,0.0,0.0,278.7260009765625
2023-06-14 00:00:00-04:00,283.8399963378906,285.8699951171875,279.0799865722656,280.3800048828125,287200,0.0,0.0,279.2900024414063
2023-06-15 00:00:00-04:00,277.4700012207031,285.5199890136719,277.4700012207031,284.54998779296875,271500,0.0,0.0,280.5940002441406
2023-06-16 00:00:00-04:00,286.9599914550781,288.760009765625,281.75,282.3999938964844,636900,0.0,0.0,282.1419982910156
2023-06-20 00:00:00-04:00,281.55999755859375,281.55999755859375,273.8900146484375,277.54998779296875,389200,0.0,0.0,281.65399780273435
2023-06-21 00:00:00-04:00,274.5199890136719,274.6099853515625,270.79998779296875,270.8800048828125,314500,0.0,0.0,279.15199584960936
2023-06-22 00:00:00-04:00,270.5,270.5,264.8599853515625,267.9100036621094,353400,0.0,0.0,276.6579956054687
2023-06-23 00:00:00-04:00,265.3500061035156,265.92999267578125,261.9100036621094,264.3299865722656,657000,0.0,0.0,272.61399536132814
2023-06-26 00:00:00-04:00,266.29998779296875,275.70001220703125,265.1199951171875,273.1099853515625,285500,0.0,0.0,270.75599365234376
2023-06-27 00:00:00-04:00,273.8500061035156,284.42999267578125,270.6700134277344,282.80999755859375,356800,0.0,0.0,271.80799560546876
2023-06-28 00:00:00-04:00,281.3999938964844,286.1000061035156,280.2200012207031,283.489990234375,300600,0.0,0.0,274.3299926757812
2023-06-29 00:00:00-04:00,283.04998779296875,289.3299865722656,281.79998779296875,288.67999267578125,310000,0.0,0.0,278.48399047851564
2023-06-30 00:00:00-04:00,290.8500061035156,297.45001220703125,290.70001220703125,295.8299865722656,342400,0.0,0.0,284.78399047851565
2023-07-03 00:00:00-04:00,293.8900146484375,296.989990234375,292.8599853515625,296.2699890136719,184100,0.0,0.0,289.4159912109375
2023-07-05 00:00:00-04:00,293.57000732421875,296.25,290.2300109863281,292.8500061035156,369000,0.0,0.0,291.4239929199219
2023-07-06 00:00:00-04:00,287.3999938964844,291.8699951171875,283.5400085449219,291.1400146484375,292000,0.0,0.0,292.95399780273436
2023-07-07 00:00:00-04:00,291.489990234375,300.5,290.1400146484375,295.2200012207031,251200,0.0,0.0,294.2619995117187
2023-07-10 00:00:00-04:00,294.57000732421875,307.260009765625,294.57000732421875,306.1600036621094,403400,0.0,0.0,296.3280029296875
2023-07-11 00:00:00-04:00,308.69000244140625,313.2200012207031,307.17999267578125,309.1600036621094,307500,0.0,0.0,298.906005859375
2023-07-12 00:00:00-04:00,314.20001220703125,318.8500061035156,311.2200012207031,315.92999267578125,347500,0.0,0.0,303.5220031738281
2023-07-13 00:00:00-04:00,317.9700012207031,320.54998779296875,317.2200012207031,318.4700012207031,216800,0.0,0.0,308.9880004882813
2023-07-14 00:00:00-04:00,316.82000732421875,317.04998779296875,307.8699951171875,309.2799987792969,298000,0.0,0.0,311.8
2023-07-17 00:00:00-04:00,306.79998779296875,311.010009765625,305.6600036621094,309.510009765625,295400,0.0,0.0,312.4700012207031
2023-07-18 00:00:00-04:00,308.1000061035156,313.7300109863281,308.04998779296875,313.1700134277344,395100,0.0,0.0,313.2720031738281
2023-07-19 00:00:00-04:00,313.2900085449219,319.0400085449219,312.8900146484375,318.3699951171875,259400,0.0,0.0,313.7600036621094
2023-07-20 00:00:00-04:00,316.57000732421875,316.57000732421875,303.1700134277344,304.5400085449219,311400,0.0,0.0,310.9740051269531
2023-07-21 00:00:00-04:00,308.0199890136719,310.45001220703125,305.3699951171875,306.4599914550781,215100,0.0,0.0,310.4100036621094
2023-07-24 00:00:00-04:00,305.82000732421875,308.7099914550781,301.80999755859375,302.5899963378906,303900,0.0,0.0,309.0260009765625
2023-07-25 00:00:00-04:00,302.7200012207031,307.07000732421875,300.7900085449219,301.42999267578125,320100,0.0,0.0,306.67799682617186
2023-07-26 00:00:00-04:00,299.19000244140625,306.67999267578125,298.9599914550781,306.1199951171875,289100,0.0,0.0,304.2279968261719
2023-07-27 00:00:00-04:00,308.0,308.9800109863281,297.45001220703125,299.42999267578125,493900,0.0,0.0,303.20599365234375
2023-07-28 00:00:00-04:00,303.42999267578125,304.8299865722656,296.42999267578125,299.17999267578125,534100,0.0,0.0,301.7499938964844
2023-07-31 00:00:00-04:00,299.3599853515625,308.0400085449219,299.3500061035156,307.9599914550781,545800,0.0,0.0,302.82399291992186
2023-08-01 00:00:00-04:00,245.02000427246094,262.5,244.6699981689453,254.77000427246094,2621700,0.0,0.0,293.4919952392578
2023-08-02 00:00:00-04:00,250.10000610351562,251.24000549316406,236.97000122070312,241.14999389648438,1317300,0.0,0.0,280.4979949951172
2023-08-03 00:00:00-04:00,238.08999633789062,252.27999877929688,231.97999572753906,249.5500030517578,1170100,0.0,0.0,270.5219970703125
2023-08-04 00:00:00-04:00,249.0,254.8000030517578,246.60000610351562,251.41000366210938,569700,0.0,0.0,260.96799926757814
2023-08-07 00:00:00-04:00,251.05999755859375,251.9199981689453,245.35000610351562,248.22999572753906,427600,0.0,0.0,249.02200012207032
2023-08-08 00:00:00-04:00,248.82000732421875,254.32000732421875,248.13999938964844,253.67999267578125,521000,0.0,0.0,248.8039978027344
2023-08-09 00:00:00-04:00,253.4199981689453,260.8800048828125,250.75,257.8900146484375,499600,0.0,0.0,252.152001953125
2023-08-10 00:00:00-04:00,258.5,260.0,252.8300018310547,255.4199981689453,414000,0.0,0.0,253.3260009765625
2023-08-11 00:00:00-04:00,254.0800018310547,263.0,254.0800018310547,261.94000244140625,493200,0.0,0.0,255.43200073242187
2023-08-14 00:00:00-04:00,263.45001220703125,264.0899963378906,258.6199951171875,263.8599853515625,295100,0.0,0.0,258.55799865722656
2023-08-15 00:00:00-04:00,261.17999267578125,268.9200134277344,261.1199951171875,267.9800109863281,501000,0.0,0.0,261.4180023193359
2023-08-16 00:00:00-04:00,265.6499938964844,268.239990234375,263.8900146484375,265.94000244140625,374500,0.0,0.0,263.0279998779297
2023-08-17 00:00:00-04:00,267.6700134277344,269.6099853515625,263.1400146484375,266.0299987792969,343200,0.0,0.0,265.15
2023-08-18 00:00:00-04:00,261.82000732421875,274.0299987792969,260.80999755859375,271.9800109863281,699200,0.0,0.0,267.1580017089844
2023-08-21 00:00:00-04:00,270.4700012207031,273.0,266.5,267.5299987792969,373900,0.0,0.0,267.8920043945312
2023-08-22 00:00:00-04:00,269.82000732421875,272.4700012207031,266.760009765625,269.3599853515625,340500,0.0,0.0,268.1679992675781
2023-08-23 00:00:00-04:00,269.9800109863281,271.2200012207031,267.1000061035156,270.0899963378906,314800,0.0,0.0,268.997998046875
2023-08-24 00:00:00-04:00,270.3800048828125,272.70001220703125,265.9200134277344,265.9200134277344,246300,0.0,0.0,268.9760009765625
2023-08-25 00:00:00-04:00,267.8999938964844,269.4700012207031,264.45001220703125,268.3900146484375,337300,0.0,0.0,268.25800170898435
2023-08-28 00:00:00-04:00,270.3900146484375,271.30999755859375,268.17999267578125,269.9200134277344,211000,0.0,0.0,268.7360046386719
2023-08-29 00:00:00-04:00,268.3399963378906,274.7200012207031,268.010009765625,273.489990234375,280800,0.0,0.0,269.5620056152344
2023-08-30 00:00:00-04:00,272.3999938964844,279.8299865722656,268.9700012207031,279.1099853515625,391000,0.0,0.0,271.3660034179687
2023-08-31 00:00:00-04:00,279.8800048828125,279.8800048828125,274.7699890136719,275.010009765625,372800,0.0,0.0,273.1840026855469
2023-09-01 00:00:00-04:00,276.9599914550781,278.760009765625,275.0,275.95001220703125,311900,0.0,0.0,274.6960021972656
2023-09-05 00:00:00-04:00,275.739990234375,276.9800109863281,271.70001220703125,273.25,417300,0.0,0.0,275.36199951171875
2023-09-06 00:00:00-04:00,273.25,275.0199890136719,270.19000244140625,272.3800048828125,327200,0.0,0.0,275.14000244140624
2023-09-07 00:00:00-04:00,268.6099853515625,268.80999755859375,256.82000732421875,264.239990234375,498100,0.0,0.0,272.16600341796874
2023-09-08 00:00:00-04:00,262.9700012207031,263.1300048828125,254.94000244140625,256.3699951171875,435000,0.0,0.0,268.43800048828126
2023-09-11 00:00:00-04:00,257.7900085449219,258.1300048828125,254.14999389648438,254.77000427246094,358400,0.0,0.0,264.2019989013672
2023-09-12 00:00:00-04:00,254.27999877929688,254.5800018310547,250.75999450683594,251.30999755859375,387600,0.0,0.0,259.8139984130859
2023-09-13 00:00:00-04:00,251.39999389648438,253.02000427246094,248.86000061035156,250.17999267578125,407600,0.0,0.0,255.37399597167968
2023-09-14 00:00:00-04:00,251.2899932861328,255.10000610351562,250.17999267578125,254.7899932861328,444100,0.0,0.0,253.48399658203124
2023-09-15 00:00:00-04:00,255.11000061035156,256.17999267578125,249.3800048828125,251.3800048828125,535200,0.0,0.0,252.48599853515626
2023-09-18 00:00:00-04:00,250.52999877929688,253.52000427246094,249.00999450683594,253.1999969482422,220000,0.0,0.0,252.1719970703125
2023-09-19 00:00:00-04:00,252.94000244140625,253.72000122070312,250.6199951171875,252.1699981689453,245000,0.0,0.0,252.3439971923828
2023-09-20 00:00:00-04:00,245.08999633789062,245.49000549316406,235.6300048828125,235.8300018310547,824900,0.0,0.0,249.4739990234375
2023-09-21 00:00:00-04:00,232.92999267578125,234.3300018310547,228.52000427246094,228.67999267578125,676200,0.0,0.0,244.2519989013672
2023-09-22 00:00:00-04:00,228.63999938964844,229.7899932861328,224.57000732421875,227.14999389648438,482200,0.0,0.0,239.40599670410157
2023-09-25 00:00:00-04:00,225.75,230.75999450683594,225.75,228.14999389648438,314500,0.0,0.0,234.39599609375
2023-09-26 00:00:00-04:00,225.97000122070312,226.64999389648438,222.5800018310547,223.9600067138672,355400,0.0,0.0,228.75399780273438
2023-09-27 00:00:00-04:00,224.16000366210938,226.97999572753906,222.5800018310547,225.91000366210938,364600,0.0,0.0,226.7699981689453
2023-09-28 00:00:00-04:00,226.3000030517578,239.00999450683594,226.3000030517578,236.8699951171875,611800,0.0,0.0,228.40799865722656
2023-09-29 00:00:00-04:00,238.69000244140625,241.66000366210938,235.97000122070312,236.52999877929688,390000,0.0,0.0,230.28399963378905
2023-10-02 00:00:00-04:00,236.52999877929688,236.6999969482422,232.24000549316406,233.6300048828125,246000,0.0,0.0,231.3800018310547
2023-10-03 00:00:00-04:00,230.97000122070312,232.88999938964844,228.16000366210938,230.3300018310547,313300,0.0,0.0,232.65400085449218
2023-10-04 00:00:00-04:00,232.0500030517578,232.0500030517578,227.7899932861328,230.94000244140625,487500,0.0,0.0,233.66000061035157
2023-10-05 00:00:00-04:00,227.3800048828125,228.47999572753906,219.4199981689453,222.5399932861328,448400,0.0,0.0,230.79400024414062
2023-10-06 00:00:00-04:00,220.85000610351562,225.02000427246094,219.3300018310547,223.85000610351562,384000,0.0,0.0,228.25800170898438
2023-10-09 00:00:00-04:00,221.1699981689453,223.4600067138672,220.17999267578125,222.5800018310547,266600,0.0,0.0,226.04800109863282
2023-10-10 00:00:00-04:00,222.97999572753906,227.5399932861328,221.75999450683594,222.39999389648438,361900,0.0,0.0,224.46199951171874
2023-10-11 00:00:00-04:00,222.0399932861328,223.27000427246094,215.32000732421875,217.16000366210938,822600,0.0,0.0,221.70599975585938
2023-10-12 00:00:00-04:00,218.3300018310547,218.3300018310547,208.00999450683594,210.8699951171875,597200,0.0,0.0,219.37200012207032
2023-10-13 00:00:00-04:00,210.58999633789062,210.58999633789062,205.19000244140625,206.9199981689453,460900,0.0,0.0,215.98599853515626
2023-10-16 00:00:00-04:00,207.32000732421875,216.0,206.83999633789062,214.97000122070312,425300,0.0,0.0,214.46399841308593
2023-10-17 00:00:00-04:00,212.2899932861328,216.57000732421875,212.2899932861328,212.99000549316406,355800,0.0,0.0,212.58200073242188
2023-10-18 00:00:00-04:00,211.0800018310547,211.1300048828125,207.75,209.1199951171875,346400,0.0,0.0,210.9739990234375
2023-10-19 00:00:00-04:00,209.39999389648438,213.74000549316406,205.10000610351562,205.99000549316406,517500,0.0,0.0,209.9980010986328
2023-10-20 00:00:00-04:00,204.83999633789062,205.14999389648438,201.00999450683594,204.5500030517578,860400,0.0,0.0,209.5240020751953
2023-10-23 00:00:00-04:00,203.80999755859375,208.72999572753906,202.6999969482422,205.2899932861328,482800,0.0,0.0,207.58800048828124
2023-10-24 00:00:00-04:00,206.49000549316406,207.5,203.11000061035156,205.91000366210938,348200,0.0,0.0,206.1720001220703
2023-10-25 00:00:00-04:00,203.8300018310547,205.22999572753906,196.1300048828125,198.91000366210938,577900,0.0,0.0,204.1300018310547
2023-10-26 00:00:00-04:00,200.0,207.3800048828125,198.86000061035156,204.8300018310547,735500,0.0,0.0,203.89800109863282
2023-10-27 00:00:00-04:00,204.60000610351562,207.55999755859375,201.16000366210938,207.17999267578125,565000,0.0,0.0,204.4239990234375
2023-10-30 00:00:00-04:00,207.5,211.2100067138672,204.47000122070312,209.77000427246094,970000,0.0,0.0,205.32000122070312
2023-10-31 00:00:00-04:00,213.89999389648438,215.0,203.08999633789062,209.42999267578125,914200,0.0,0.0,206.0239990234375
2023-11-01 00:00:00-04:00,209.57000732421875,212.5,194.58999633789062,197.99000549316406,822900,0.0,0.0,205.83999938964843
2023-11-02 00:00:00-04:00,200.4600067138672,207.22999572753906,198.19000244140625,207.0,758500,0.0,0.0,206.2739990234375
2023-11-03 00:00:00-04:00,210.8699951171875,217.13999938964844,210.8699951171875,214.3000030517578,540800,0.0,0.0,207.6980010986328
2023-11-06 00:00:00-05:00,213.86000061035156,213.86000061035156,205.2100067138672,206.02000427246094,373800,0.0,0.0,206.9480010986328
2023-11-07 00:00:00-05:00,204.5,208.25999450683594,202.60000610351562,208.0399932861328,613300,0.0,0.0,206.6700012207031
2023-11-08 00:00:00-05:00,208.0,210.3699951171875,204.0399932861328,206.44000244140625,525900,0.0,0.0,208.36000061035156
2023-11-09 00:00:00-05:00,207.58999633789062,208.14999389648438,201.42999267578125,202.52000427246094,486900,0.0,0.0,207.46400146484376
2023-11-10 00:00:00-05:00,202.9199981689453,207.2100067138672,202.4600067138672,206.17999267578125,602300,0.0,0.0,205.83999938964843
2023-11-13 00:00:00-05:00,204.39999389648438,205.3800048828125,202.00999450683594,202.61000061035156,411200,0.0,0.0,205.15799865722656
2023-11-14 00:00:00-05:00,209.0,216.5,208.5,215.66000366210938,542700,0.0,0.0,206.68200073242187
2023-11-15 00:00:00-05:00,215.64999389648438,224.2100067138672,215.64999389648438,216.9600067138672,501600,0.0,0.0,208.78600158691407
2023-11-16 00:00:00-05:00,216.22000122070312,217.49000549316406,212.39999389648438,215.47999572753906,275700,0.0,0.0,211.37799987792968
2023-11-17 00:00:00-05:00,218.4600067138672,218.6999969482422,215.27000427246094,218.02000427246094,340600,0.0,0.0,213.74600219726562
2023-11-20 00:00:00-05:00,218.83999633789062,221.77999877929688,216.60000610351562,220.5399932861328,330600,0.0,0.0,217.33200073242188
2023-11-21 00:00:00-05:00,218.49000549316406,223.0399932861328,217.3800048828125,222.41000366210938,360500,0.0,0.0,218.68200073242187
2023-11-22 00:00:00-05:00,223.39999389648438,227.0,221.58999633789062,225.86000061035156,550100,0.0,0.0,220.46199951171874
2023-11-24 00:00:00-05:00,225.8300018310547,229.64999389648438,225.8300018310547,228.9199981689453,195200,0.0,0.0,223.15
2023-11-27 00:00:00-05:00,227.64999389648438,233.6199951171875,227.64999389648438,231.5,528600,0.0,0.0,225.84599914550782
2023-11-28 00:00:00-05:00,230.72000122070312,234.4199981689453,229.64999389648438,233.88999938964844,424900,0.0,0.0,228.51600036621093
2023-11-29 00:00:00-05:00,236.1300048828125,240.05999755859375,235.64999389648438,236.6199951171875,372900,0.0,0.0,231.35799865722657
2023-11-30 00:00:00-05:00,237.72000122070312,238.25999450683594,235.35000610351562,236.97999572753906,492400,0.0,0.0,233.58199768066407
2023-12-01 00:00:00-05:00,235.39999389648438,241.89999389648438,232.77999877929688,241.22000122070312,419600,0.0,0.0,236.04199829101563
2023-12-04 00:00:00-05:00,239.42999267578125,243.0,236.77000427246094,239.3699951171875,302800,0.0,0.0,237.61599731445312
2023-12-05 00:00:00-05:00,238.38999938964844,238.38999938964844,232.57000732421875,234.36000061035156,243300,0.0,0.0,237.70999755859376
2023-12-06 00:00:00-05:00,237.6699981689453,238.72000122070312,233.83999633789062,234.1300048828125,222300,0.0,0.0,237.21199951171874
2023-12-07 00:00:00-05:00,235.1699981689453,236.97000122070312,232.99000549316406,233.22999572753906,319100,0.0,0.0,236.46199951171874
2023-12-08 00:00:00-05:00,232.2899932861328,237.8000030517578,232.2899932861328,236.1300048828125,229900,0.0,0.0,235.44400024414062
2023-12-11 00:00:00-05:00,235.94000244140625,239.75999450683594,235.94000244140625,239.64999389648438,363100,0.0,0.0,235.5
2023-12-12 00:00:00-05:00,240.0,241.42999267578125,238.22000122070312,239.3800048828125,238400,0.0,0.0,236.50400085449218
2023-12-13 00:00:00-05:00,238.63999938964844,245.30999755859375,235.7899932861328,244.42999267578125,303500,0.0,0.0,238.56399841308593
2023-12-14 00:00:00-05:00,248.55999755859375,274.44000244140625,247.11000061035156,272.1600036621094,1165900,0.0,0.0,246.35
2023-12-15 00:00:00-05:00,269.1700134277344,280.3299865722656,268.07000732421875,270.17999267578125,1025000,0.0,0.0,253.15999755859374
2023-12-18 00:00:00-05:00,271.04998779296875,271.04998779296875,264.3999938964844,266.67999267578125,485000,0.0,0.0,258.5659973144531
2023-12-19 00:00:00-05:00,268.6099853515625,271.7900085449219,265.67999267578125,269.4200134277344,467000,0.0,0.0,264.5739990234375
2023-12-20 00:00:00-05:00,269.6099853515625,270.9800109863281,261.3500061035156,261.6099853515625,332800,0.0,0.0,268.00999755859374
2023-12-21 00:00:00-05:00,264.760009765625,266.1499938964844,261.6700134277344,265.30999755859375,282500,0.0,0.0,266.63999633789064
2023-12-22 00:00:00-05:00,266.7699890136719,269.8299865722656,265.8900146484375,269.4100036621094,225900,0.0,0.0,266.4859985351562
2023-12-26 00:00:00-05:00,270.0,276.0799865722656,269.2900085449219,275.5,220000,0.0,0.0,268.25
2023-12-27 00:00:00-05:00,276.5,276.6499938964844,273.2699890136719,275.7900085449219,275700,0.0,0.0,269.5239990234375
2023-12-28 00:00:00-05:00,274.1099853515625,276.3900146484375,272.7799987792969,275.3500061035156,193900,0.0,0.0,272.2720031738281
2023-12-29 00:00:00-05:00,274.7300109863281,276.30999755859375,272.7699890136719,273.3299865722656,251300,0.0,0.0,273.8760009765625
2024-01-02 00:00:00-05:00,268.55999755859375,270.739990234375,265.3900146484375,267.9800109863281,452900,0.0,0.0,273.5900024414062
2024-01-03 00:00:00-05:00,264.1199951171875,265.54998779296875,252.3800048828125,252.52000427246094,404800,0.0,0.0,268.99400329589844
2024-01-04 00:00:00-05:00,251.10000610351562,255.41000366210938,250.52999877929688,252.97000122070312,358100,0.0,0.0,264.4300018310547
2024-01-05 00:00:00-05:00,252.2100067138672,257.1600036621094,252.14999389648438,252.69000244140625,293500,0.0,0.0,259.8980010986328
2024-01-08 00:00:00-05:00,252.11000061035156,262.2799987792969,251.36000061035156,261.0899963378906,399500,0.0,0.0,257.4500030517578
2024-01-09 00:00:00-05:00,255.82000732421875,259.6600036621094,255.0,256.44000244140625,326600,0.0,0.0,255.14200134277343
2024-01-10 00:00:00-05:00,256.0,256.92999267578125,252.5,255.27000427246094,276900,0.0,0.0,255.69200134277344
2024-01-11 00:00:00-05:00,254.00999450683594,256.8699951171875,248.42999267578125,255.02999877929688,380900,0.0,0.0,256.1040008544922
2024-01-12 00:00:00-05:00,256.7699890136719,259.1700134277344,243.55999755859375,248.8699951171875,625600,0.0,0.0,255.33999938964843
2024-01-16 00:00:00-05:00,246.52999877929688,247.0399932861328,240.22000122070312,243.52000427246094,498300,0.0,0.0,251.8260009765625
2024-01-17 00:00:00-05:00,240.0,240.33999633789062,236.19000244140625,239.1699981689453,463200,0.0,0.0,248.37200012207032
2024-01-18 00:00:00-05:00,240.39999389648438,250.1199951171875,237.75,249.58999633789062,482200,0.0,0.0,247.23599853515626
2024-01-19 00:00:00-05:00,250.44000244140625,251.32000732421875,245.13999938964844,249.08999633789062,397600,0.0,0.0,246.047998046875
2024-01-22 00:00:00-05:00,251.85000610351562,258.2200012207031,250.3699951171875,254.57000732421875,357600,0.0,0.0,247.18800048828126
2024-01-23 00:00:00-05:00,255.85000610351562,257.44000244140625,252.6199951171875,256.0899963378906,211800,0.0,0.0,249.70199890136718
2024-01-24 00:00:00-05:00,259.1400146484375,259.1400146484375,251.6699981689453,254.1699981689453,522100,0.0,0.0,252.70199890136718
2024-01-25 00:00:00-05:00,257.9800109863281,260.75,255.47000122070312,256.989990234375,334200,0.0,0.0,254.18199768066407
2024-01-26 00:00:00-05:00,256.9800109863281,258.4200134277344,251.6199951171875,252.1699981689453,268300,0.0,0.0,254.797998046875
2024-01-29 00:00:00-05:00,250.72000122070312,256.0400085449219,249.7100067138672,255.92999267578125,493200,0.0,0.0,255.0699951171875
2024-01-30 00:00:00-05:00,255.97999572753906,255.97999572753906,250.55999755859375,250.91000366210938,302100,0.0,0.0,254.03399658203125
2024-01-31 00:00:00-05:00,250.0,250.0,238.47999572753906,239.5500030517578,482600,0.0,0.0,251.10999755859376
2024-02-01 00:00:00-05:00,239.5500030517578,242.8699951171875,233.9499969482422,242.60000610351562,474100,0.0,0.0,248.23200073242188
2024-02-02 00:00:00-05:00,240.2100067138672,247.94000244140625,237.05999755859375,246.47999572753906,418600,0.0,0.0,247.09400024414063
2024-02-05 00:00:00-05:00,242.9199981689453,244.10000610351562,239.0399932861328,242.07000732421875,336200,0.0,0.0,244.32200317382814
2024-02-06 00:00:00-05:00,241.14999389648438,243.5,241.14999389648438,242.49000549316406,497100,0.0,0.0,242.63800354003905
2024-02-07 00:00:00-05:00,243.6699981689453,247.6199951171875,240.3800048828125,247.11000061035156,522900,0.0,0.0,244.1500030517578
2024-02-08 00:00:00-05:00,247.22000122070312,249.75,245.67999267578125,247.1199951171875,318700,0.0,0.0,245.0540008544922
2024-02-09 00:00:00-05:00,248.36000061035156,253.77000427246094,248.36000061035156,253.08999633789062,328600,0.0,0.0,246.3760009765625
2024-02-12 00:00:00-05:00,253.08999633789062,260.0,253.08999633789062,259.3999938964844,395800,0.0,0.0,249.8419982910156
2024-02-13 00:00:00-05:00,251.77999877929688,253.11000061035156,243.49000549316406,245.8000030517578,692200,0.0,0.0,250.50399780273438
2024-02-14 00:00:00-05:00,249.47000122070312,255.36000061035156,248.27000427246094,252.9600067138672,567200,0.0,0.0,251.6739990234375
2024-02-15 00:00:00-05:00,276.57000732421875,294.989990234375,273.2799987792969,283.75,1184700,0.0,0.0,259.0
2024-02-16 00:00:00-05:00,282.4100036621094,283.0,271.7099914550781,275.4599914550781,658200,0.0,0.0,263.4739990234375
2024-02-20 00:00:00-05:00,269.8599853515625,272.3900146484375,267.3800048828125,271.92999267578125,523800,0.0,0.0,265.97999877929686
2024-02-21 00:00:00-05:00,269.7300109863281,276.2300109863281,268.6499938964844,274.42999267578125,375000,0.0,0.0,271.70599670410155
2024-02-22 00:00:00-05:00,278.2699890136719,283.8999938964844,277.0400085449219,279.4800109863281,302400,0.0,0.0,277.00999755859374
2024-02-23 00:00:00-05:00,278.2099914550781,279.8299865722656,274.989990234375,274.989990234375,269300,0.0,0.0,275.25799560546875
2024-02-26 00:00:00-05:00,273.8900146484375,279.4100036621094,272.3999938964844,278.05999755859375,336900,0.0,0.0,275.7779968261719
2024-02-27 00:00:00-05:00,279.55999755859375,281.0400085449219,274.4800109863281,275.7799987792969,194600,0.0,0.0,276.547998046875
2024-02-28 00:00:00-05:00,272.2900085449219,274.2200012207031,270.8299865722656,272.79998779296875,212900,0.0,0.0,276.2219970703125
2024-02-29 00:00:00-05:00,276.04998779296875,282.0,275.760009765625,279.4800109863281,400900,0.0,0.0,276.2219970703125
2024-03-01 00:00:00-05:00,279.67999267578125,289.94000244140625,278.75,289.6400146484375,413200,0.0,0.0,279.152001953125
2024-03-04 00:00:00-05:00,290.6499938964844,293.57000732421875,286.010009765625,291.6499938964844,442500,0.0,0.0,281.8700012207031
2024-03-05 00:00:00-05:00,289.760009765625,289.760009765625,282.1700134277344,284.5400085449219,306700,0.0,0.0,283.62200317382815
2024-03-06 00:00:00-05:00,289.25,289.5799865722656,283.5199890136719,287.2699890136719,182100,0.0,0.0,286.51600341796876
2024-03-07 00:00:00-05:00,289.4200134277344,290.69000244140625,285.32000732421875,288.5899963378906,246600,0.0,0.0,288.33800048828124
2024-03-08 00:00:00-05:00,290.4700012207031,290.989990234375,282.42999267578125,282.5899963378906,328600,0.0,0.0,286.92799682617186
2024-03-11 00:00:00-04:00,282.29998779296875,283.5400085449219,279.19000244140625,280.2300109863281,268800,0.0,0.0,284.6440002441406
2024-03-12 00:00:00-04:00,281.1099853515625,286.8999938964844,278.45001220703125,285.44000244140625,316100,0.0,0.0,284.8239990234375
2024-03-13 00:00:00-04:00,284.07000732421875,286.1600036621094,282.3299865722656,284.5,286200,0.0,0.0,284.27000122070314
2024-03-14 00:00:00-04:00,282.0799865722656,285.32000732421875,279.04998779296875,281.7699890136719,375300,0.0,0.0,282.9059997558594
2024-03-15 00:00:00-04:00,277.5,286.3599853515625,277.5,285.8599853515625,539300,0.0,0.0,283.55999755859375
2024-03-18 00:00:00-04:00,288.5299987792969,288.6000061035156,283.67999267578125,285.9700012207031,329300,0.0,0.0,284.70799560546874
2024-03-19 00:00:00-04:00,283.9800109863281,287.5199890136719,283.5,285.19000244140625,306000,0.0,0.0,284.6579956054687
2024-03-20 00:00:00-04:00,284.92999267578125,287.07000732421875,278.8399963378906,285.80999755859375,358500,0.0,0.0,284.9199951171875
2024-03-21 00:00:00-04:00,289.0199890136719,296.44000244140625,287.8800048828125,295.05999755859375,227400,0.0,0.0,287.5779968261719
2024-03-22 00:00:00-04:00,293.8699951171875,293.8699951171875,290.1600036621094,291.44000244140625,201800,0.0,0.0,288.6940002441406
2024-03-25 00:00:00-04:00,291.3999938964844,299.5199890136719,291.29998779296875,297.94000244140625,449800,0.0,0.0,291.08800048828124
2024-03-26 00:00:00-04:00,300.0,301.5199890136719,291.010009765625,291.3800048828125,290600,0.0,0.0,292.3260009765625
2024-03-27 00:00:00-04:00,293.1499938964844,299.54998779296875,292.6400146484375,299.1600036621094,405000,0.0,0.0,294.9960021972656
2024-03-28 00:00:00-04:00,300.239990234375,302.6300048828125,298.0400085449219,301.44000244140625,376900,0.0,0.0,296.2720031738281
2024-04-01 00:00:00-04:00,302.5899963378906,304.55999755859375,298.07000732421875,301.0,416900,0.0,0.0,298.1840026855469
2024-04-02 00:00:00-04:00,293.989990234375,297.6700134277344,292.9599914550781,296.5,461500,0.0,0.0,297.8960021972656
2024-04-03 00:00:00-04:00,294.0799865722656,296.239990234375,291.25,292.75,399300,0.0,0.0,298.1700012207031
2024-04-04 00:00:00-04:00,295.7799987792969,303.8800048828125,291.8999938964844,292.9599914550781,390700,0.0,0.0,296.92999877929685
2024-04-05 00:00:00-04:00,291.9100036621094,292.19000244140625,287.57000732421875,290.3800048828125,216700,0.0,0.0,294.71799926757814
2024-04-08 00:00:00-04:00,295.1099853515625,299.3399963378906,293.760009765625,296.8699951171875,232800,0.0,0.0,293.8919982910156
2024-04-09 00:00:00-04:00,299.4200134277344,306.9599914550781,299.4200134277344,306.1700134277344,364500,0.0,0.0,295.8260009765625
2024-04-10 00:00:00-04:00,297.3800048828125,304.80999755859375,296.4200134277344,299.9100036621094,287600,0.0,0.0,297.25800170898435
2024-04-11 00:00:00-04:00,300.239990234375,300.4599914550781,292.25,297.5400085449219,270500,0.0,0.0,298.17400512695315
2024-04-12 00:00:00-04:00,293.8500061035156,295.0299987792969,287.8699951171875,289.67999267578125,221000,0.0,0.0,298.03400268554685
2024-04-15 00:00:00-04:00,292.32000732421875,293.4100036621094,281.5199890136719,283.0,199500,0.0,0.0,295.2600036621094
2024-04-16 00:00:00-04:00,280.6499938964844,283.2900085449219,278.2200012207031,280.4200134277344,245500,0.0,0.0,290.11000366210936
2024-04-17 00:00:00-04:00,283.5199890136719,284.489990234375,275.75,276.1400146484375,175600,0.0,0.0,285.356005859375
2024-04-18 00:00:00-04:00,274.0,277.0299987792969,271.510009765625,273.0299987792969,376100,0.0,0.0,280.45400390625
2024-04-19 00:00:00-04:00,273.0299987792969,274.8699951171875,266.75,268.07000732421875,351500,0.0,0.0,276.1320068359375
2024-04-22 00:00:00-04:00,271.739990234375,274.8699951171875,267.2099914550781,271.6300048828125,305100,0.0,0.0,273.8580078125
2024-04-23 00:00:00-04:00,271.54998779296875,277.45001220703125,271.54998779296875,276.55999755859375,245800,0.0,0.0,273.08600463867185
2024-04-24 00:00:00-04:00,275.2799987792969,280.9200134277344,274.239990234375,277.5299987792969,322600,0.0,0.0,273.36400146484374
2024-04-25 00:00:00-04:00,274.3599853515625,293.2900085449219,271.6300048828125,292.5299987792969,674700,0.0,0.0,277.2640014648438
2024-04-26 00:00:00-04:00,293.5,299.1499938964844,292.7799987792969,297.2099914550781,461400,0.0,0.0,283.0919982910156
2024-04-29 00:00:00-04:00,298.45001220703125,303.8399963378906,298.20001220703125,300.010009765625,560700,0.0,0.0,288.76799926757815
2024-04-30 00:00:00-04:00,320.0,322.95001220703125,304.2099914550781,314.55999755859375,907700,0.0,0.0,296.3679992675781
2024-05-01 00:00:00-04:00,311.6099853515625,315.5199890136719,303.489990234375,309.04998779296875,580100,0.0,0.0,302.6719970703125
2024-05-02 00:00:00-04:00,312.2300109863281,315.1700134277344,303.2099914550781,312.7099914550781,507800,0.0,0.0,306.70799560546874
2024-05-03 00:00:00-04:00,315.6499938964844,317.07000732421875,308.92999267578125,309.5899963378906,475200,0.0,0.0,309.1839965820312
2024-05-06 00:00:00-04:00,312.1499938964844,319.45001220703125,311.79998779296875,315.7900085449219,334100,0.0,0.0,312.3399963378906
2024-05-07 00:00:00-04:00,315.4800109863281,320.67999267578125,314.25,317.8699951171875,275000,0.0,0.0,313.0019958496094
2024-05-08 00:00:00-04:00,314.94000244140625,320.05999755859375,312.19000244140625,319.95001220703125,329800,0.0,0.0,315.1820007324219
2024-05-09 00:00:00-04:00,319.0400085449219,319.8699951171875,315.07000732421875,316.5,250400,0.0,0.0,315.94000244140625
2024-05-10 00:00:00-04:00,319.0400085449219,319.0799865722656,314.20001220703125,315.79998779296875,304100,0.0,0.0,317.1820007324219
2024-05-13 00:00:00-04:00,319.1000061035156,320.1499938964844,315.57000732421875,316.0,232900,0.0,0.0,317.2239990234375
2024-05-14 00:00:00-04:00,318.3900146484375,322.7799987792969,317.8500061035156,320.9800109863281,216300,0.0,0.0,317.84600219726565
2024-05-15 00:00:00-04:00,323.0,325.1099853515625,322.2099914550781,323.8699951171875,217500,0.0,0.0,318.6299987792969
2024-05-16 00:00:00-04:00,324.0,324.1700134277344,319.6700134277344,319.8599853515625,288400,0.0,0.0,319.3019958496094
2024-05-17 00:00:00-04:00,320.739990234375,320.739990234375,317.5199890136719,317.8900146484375,222700,0.0,0.0,319.7200012207031
2024-05-20 00:00:00-04:00,316.239990234375,320.5400085449219,316.239990234375,320.1600036621094,332000,0.0,0.0,320.552001953125
2024-05-21 00:00:00-04:00,319.2099914550781,322.4800109863281,317.07000732421875,321.7799987792969,285700,0.0,0.0,320.7119995117188
2024-05-22 00:00:00-04:00,321.7099914550781,327.0899963378906,321.7099914550781,326.9800109863281,230700,0.0,0.0,321.33400268554686
2024-05-23 00:00:00-04:00,328.70001220703125,328.70001220703125,321.29998779296875,324.05999755859375,276600,0.0,0.0,322.17400512695315
2024-05-24 00:00:00-04:00,325.30999755859375,327.0,322.6000061035156,327.0,205400,0.0,0.0,323.9960021972656
2024-05-28 00:00:00-04:00,328.3299865722656,328.5,324.1000061035156,326.239990234375,303100,0.0,0.0,325.2119995117188
2024-05-29 00:00:00-04:00,321.0899963378906,322.2900085449219,315.3399963378906,316.92999267578125,216500,0.0,0.0,324.24199829101565
2024-05-30 00:00:00-04:00,319.54998779296875,319.54998779296875,315.30999755859375,316.6199951171875,233800,0.0,0.0,322.1699951171875
2024-05-31 00:00:00-04:00,316.6099853515625,318.7699890136719,308.1600036621094,312.3399963378906,507200,0.0,0.0,319.82599487304685
2024-06-03 00:00:00-04:00,314.1000061035156,314.6300048828125,302.2699890136719,307.6300048828125,305600,0.0,0.0,315.9519958496094
2024-06-04 00:00:00-04:00,303.9800109863281,307.8900146484375,301.3800048828125,302.7699890136719,219500,0.0,0.0,311.25799560546875
2024-06-05 00:00:00-04:00,304.79998779296875,309.989990234375,303.0,307.5,248000,0.0,0.0,309.3719970703125
2024-06-06 00:00:00-04:00,307.1199951171875,308.8699951171875,304.1499938964844,307.489990234375,162800,0.0,0.0,307.54599609375
2024-06-07 00:00:00-04:00,305.2200012207031,308.0299987792969,300.42999267578125,300.8299865722656,187300,0.0,0.0,305.243994140625
2024-06-10 00:00:00-04:00,298.82000732421875,303.7699890136719,295.0799865722656,302.6000061035156,227800,0.0,0.0,304.2379943847656
2024-06-11 00:00:00-04:00,301.010009765625,303.0,299.0400085449219,301.3800048828125,172900,0.0,0.0,303.9599975585937
2024-06-12 00:00:00-04:00,307.239990234375,310.1099853515625,303.0199890136719,304.55999755859375,191600,0.0,0.0,303.3719970703125
2024-06-13 00:00:00-04:00,307.6400146484375,309.2099914550781,304.6099853515625,308.9100036621094,303000,0.0,0.0,303.6559997558594
2024-06-14 00:00:00-04:00,305.489990234375,305.489990234375,298.67999267578125,301.3699951171875,218800,0.0,0.0,303.7640014648438
2024-06-17 00:00:00-04:00,300.95001220703125,303.5899963378906,298.6499938964844,302.3999938964844,306400,0.0,0.0,303.7239990234375
2024-06-18 00:00:00-04:00,302.0899963378906,302.0899963378906,294.45001220703125,295.25,436200,0.0,0.0,302.497998046875
2024-06-20 00:00:00-04:00,296.0,298.2699890136719,295.04998779296875,296.6400146484375,352300,0.0,0.0,300.91400146484375
2024-06-21 00:00:00-04:00,297.7099914550781,301.1700134277344,293.42999267578125,300.010009765625,572100,0.0,0.0,299.1340026855469
2024-06-24 00:00:00-04:00,300.4700012207031,307.760009765625,300.04998779296875,306.7099914550781,428200,0.0,0.0,300.202001953125
2024-06-25 00:00:00-04:00,308.20001220703125,309.1099853515625,304.4599914550781,306.0400085449219,318300,0.0,0.0,300.9300048828125
2024-06-26 00:00:00-04:00,303.92999267578125,307.2099914550781,302.260009765625,307.1199951171875,264800,0.0,0.0,303.30400390625
2024-06-27 00:00:00-04:00,307.0299987792969,309.70001220703125,304.6000061035156,306.989990234375,303700,0.0,0.0,305.3739990234375
2024-06-28 00:00:00-04:00,309.0,314.0400085449219,306.1600036621094,308.92999267578125,417900,0.0,0.0,307.1579956054687
2024-07-01 00:00:00-04:00,308.82000732421875,313.04998779296875,303.3599853515625,306.2099914550781,266700,0.0,0.0,307.05799560546876
2024-07-02 00:00:00-04:00,307.3900146484375,311.55999755859375,306.2099914550781,310.0299987792969,212700,0.0,0.0,307.8559936523437
2024-07-03 00:00:00-04:00,312.3500061035156,314.1300048828125,309.239990234375,312.8500061035156,106600,0.0,0.0,309.0019958496094
2024-07-05 00:00:00-04:00,312.25,312.42999267578125,308.70001220703125,310.510009765625,245700,0.0,0.0,309.70599975585935
2024-07-08 00:00:00-04:00,311.989990234375,314.9599914550781,310.57000732421875,314.4800109863281,209100,0.0,0.0,310.8160034179688
2024-07-09 00:00:00-04:00,314.9100036621094,321.1600036621094,314.0,315.239990234375,339000,0.0,0.0,312.62200317382815
2024-07-10 00:00:00-04:00,316.5799865722656,324.42999267578125,315.82000732421875,323.80999755859375,258100,0.0,0.0,315.3780029296875
2024-07-11 00:00:00-04:00,326.2099914550781,331.7300109863281,325.0799865722656,328.32000732421875,360200,0.0,0.0,318.4720031738281
2024-07-12 00:00:00-04:00,329.7900085449219,334.2200012207031,324.8900146484375,325.19000244140625,375900,0.0,0.0,321.4080017089844
2024-07-15 00:00:00-04:00,325.6400146484375,328.94000244140625,325.29998779296875,327.5,281100,0.0,0.0,324.0119995117187
2024-07-16 00:00:00-04:00,328.7900085449219,337.0799865722656,328.69000244140625,335.760009765625,321400,0.0,0.0,328.1160034179687
2024-07-17 00:00:00-04:00,332.1099853515625,335.8599853515625,325.6700134277344,325.8900146484375,410800,0.0,0.0,328.5320068359375
2024-07-18 00:00:00-04:00,325.32000732421875,329.6300048828125,321.79998779296875,323.3699951171875,414800,0.0,0.0,327.54200439453126
2024-07-19 00:00:00-04:00,324.989990234375,325.32000732421875,319.4800109863281,321.45001220703125,208200,0.0,0.0,326.79400634765625
2024-07-22 00:00:00-04:00,325.010009765625,326.9100036621094,322.75,326.57000732421875,303000,0.0,0.0,326.6080078125
2024-07-23 00:00:00-04:00,325.8399963378906,333.0,324.5299987792969,331.20001220703125,219800,0.0,0.0,325.6960083007813
2024-07-24 00:00:00-04:00,328.3999938964844,330.739990234375,321.6600036621094,322.0899963378906,201900,0.0,0.0,324.9360046386719
2024-07-25 00:00:00-04:00,321.489990234375,330.1300048828125,319.8299865722656,324.4100036621094,353100,0.0,0.0,325.1440063476563
2024-07-26 00:00:00-04:00,326.5,330.9700012207031,323.0,325.9800109863281,458700,0.0,0.0,326.0500061035156
2024-07-29 00:00:00-04:00,327.3800048828125,335.57000732421875,325.0199890136719,335.0899963378906,605800,0.0,0.0,327.75400390625
2024-07-30 00:00:00-04:00,359.79998779296875,372.92999267578125,346.7200012207031,348.1199951171875,1217400,0.0,0.0,331.13800048828125
2024-07-31 00:00:00-04:00,357.7799987792969,359.69000244140625,348.989990234375,351.19000244140625,634400,0.0,0.0,336.9580017089844
2024-08-01 00:00:00-04:00,350.4200134277344,353.8599853515625,334.29998779296875,342.5799865722656,580900,0.0,0.0,340.5919982910156
2024-08-02 00:00:00-04:00,331.79998779296875,332.1300048828125,319.0400085449219,322.29998779296875,447800,0.0,0.0,339.8559936523437
2024-08-05 00:00:00-04:00,310.57000732421875,319.6499938964844,305.0,317.8599853515625,464600,0.0,0.0,336.4099914550781
2024-08-06 00:00:00-04:00,318.4700012207031,322.9100036621094,316.1400146484375,316.55999755859375,367400,0.0,0.0,330.0979919433594
2024-08-07 00:00:00-04:00,321.2300109863281,324.54998779296875,314.3599853515625,314.6499938964844,529700,0.0,0.0,322.789990234375
2024-08-08 00:00:00-04:00,307.7300109863281,323.75,304.2799987792969,321.7099914550781,673300,0.0,0.0,318.6159912109375
2024-08-09 00:00:00-04:00,320.54998779296875,322.9800109863281,315.25,319.95001220703125,271700,0.0,0.0,318.14599609375
2024-08-12 00:00:00-04:00,320.70001220703125,322.5799865722656,318.0,320.3399963378906,279800,0.0,0.0,318.6419982910156
2024-08-13 00:00:00-04:00,323.1600036621094,334.20001220703125,323.1600036621094,332.1199951171875,431600,0.0,0.0,321.7539978027344
2024-08-14 00:00:00-04:00,332.2300109863281,333.6600036621094,327.5899963378906,333.239990234375,248800,0.0,0.0,325.4719970703125
2024-08-15 00:00:00-04:00,338.7699890136719,344.3999938964844,338.70001220703125,343.2099914550781,307200,0.0,0.0,329.7719970703125
2024-08-16 00:00:00-04:00,342.32000732421875,346.32000732421875,342.17999267578125,344.1400146484375,276500,0.0,0.0,334.60999755859376
2024-08-19 00:00:00-04:00,344.1099853515625,347.0199890136719,340.5,347.0199890136719,298900,0.0,0.0,339.94599609375
2024-08-20 00:00:00-04:00,346.05999755859375,348.44000244140625,341.2699890136719,344.8500061035156,431300,0.0,0.0,342.49199829101565
2024-08-21 00:00:00-04:00,348.69000244140625,348.69000244140625,343.5799865722656,345.0,310700,0.0,0.0,344.8440002441406
2024-08-22 00:00:00-04:00,346.760009765625,346.9200134277344,341.8299865722656,342.1600036621094,224900,0.0,0.0,344.6340026855469
2024-08-23 00:00:00-04:00,344.1700134277344,351.7900085449219,344.1700134277344,351.6199951171875,196300,0.0,0.0,346.1299987792969
2024-08-26 00:00:00-04:00,352.9700012207031,352.9700012207031,346.5,347.69000244140625,248200,0.0,0.0,346.2640014648438
2024-08-27 00:00:00-04:00,345.1000061035156,346.1700134277344,342.5,346.0400085449219,236800,0.0,0.0,346.502001953125
2024-08-28 00:00:00-04:00,344.67999267578125,347.20001220703125,342.0,343.8299865722656,211200,0.0,0.0,346.26799926757815
2024-08-29 00:00:00-04:00,345.44000244140625,348.0799865722656,342.0299987792969,342.2699890136719,319200,0.0,0.0,346.2899963378906
2024-08-30 00:00:00-04:00,345.32000732421875,345.6600036621094,337.92999267578125,345.3800048828125,453500,0.0,0.0,345.0419982910156
2024-09-03 00:00:00-04:00,341.4599914550781,342.95001220703125,329.32000732421875,330.45001220703125,467300,0.0,0.0,341.5940002441406
2024-09-04 00:00:00-04:00,328.739990234375,331.3299865722656,326.82000732421875,328.8699951171875,362400,0.0,0.0,338.1599975585938
2024-09-05 00:00:00-04:00,326.45001220703125,331.0,323.44000244140625,329.0400085449219,254700,0.0,0.0,335.202001953125
2024-09-06 00:00:00-04:00,328.79998779296875,330.70001220703125,318.010009765625,320.7699890136719,690400,0.0,0.0,330.902001953125
2024-09-09 00:00:00-04:00,321.5899963378906,328.260009765625,321.5899963378906,327.92999267578125,344100,0.0,0.0,327.41199951171876
2024-09-10 00:00:00-04:00,329.3699951171875,335.0899963378906,325.30999755859375,334.8500061035156,277700,0.0,0.0,328.2919982910156
2024-09-11 00:00:00-04:00,334.8500061035156,337.6700134277344,327.3999938964844,337.44000244140625,305000,0.0,0.0,330.00599975585936
2024-09-12 00:00:00-04:00,338.80999755859375,338.8500061035156,334.489990234375,337.0400085449219,288100,0.0,0.0,331.6059997558594
2024-09-13 00:00:00-04:00,339.1199951171875,343.510009765625,337.19000244140625,337.4800109863281,267700,0.0,0.0,334.9480041503906
2024-09-16 00:00:00-04:00,337.239990234375,344.19000244140625,335.8599853515625,343.7900085449219,242000,0.0,0.0,338.12000732421876
2024-09-17 00:00:00-04:00,347.07000732421875,354.6099853515625,345.5899963378906,354.5199890136719,539900,0.0,0.0,342.05400390625
2024-09-18 00:00:00-04:00,354.7900085449219,358.760009765625,347.7900085449219,351.8299865722656,337200,0.0,0.0,344.9320007324219
2024-09-19 00:00:00-04:00,360.0,366.29998779296875,356.0400085449219,363.7900085449219,490200,0.0,0.0,350.28200073242186
2024-09-20 00:00:00-04:00,362.42999267578125,367.55999755859375,360.0199890136719,366.760009765625,596300,0.0,0.0,356.13800048828125
2024-09-23 00:00:00-04:00,367.3399963378906,367.8900146484375,359.29998779296875,362.3900146484375,342600,0.0,0.0,359.8580017089844
2024-09-24 00:00:00-04:00,364.45001220703125,365.42999267578125,361.32000732421875,364.42999267578125,230100,0.0,0.0,361.8400024414062
2024-09-25 00:00:00-04:00,364.6300048828125,367.3500061035156,363.3999938964844,364.9700012207031,207100,0.0,0.0,364.46800537109374
2024-09-26 00:00:00-04:00,370.0,375.8800048828125,369.2699890136719,371.239990234375,242000,0.0,0.0,365.9580017089844
2024-09-27 00:00:00-04:00,372.29998779296875,374.0299987792969,368.2699890136719,368.6000061035156,213600,0.0,0.0,366.3260009765625
2024-09-30 00:00:00-04:00,367.0799865722656,371.3399963378906,367.0799865722656,370.32000732421875,217400,0.0,0.0,367.91199951171876
2024-10-01 00:00:00-04:00,369.8399963378906,370.25,363.3900146484375,364.29998779296875,359600,0.0,0.0,367.88599853515626
2024-10-02 00:00:00-04:00,363.9800109863281,370.8999938964844,362.2200012207031,368.67999267578125,283200,0.0,0.0,368.62799682617185
2024-10-03 00:00:00-04:00,365.989990234375,368.1700134277344,362.6199951171875,363.8900146484375,302800,0.0,0.0,367.1580017089844
2024-10-04 00:00:00-04:00,369.69000244140625,370.45001220703125,363.32000732421875,366.7200012207031,216900,0.0,0.0,366.78200073242186
2024-10-07 00:00:00-04:00,363.989990234375,365.4100036621094,360.57000732421875,365.239990234375,268500,0.0,0.0,365.7659973144531
2024-10-08 00:00:00-04:00,365.3299865722656,370.2300109863281,364.1199951171875,368.9700012207031,236700,0.0,0.0,366.7
2024-10-09 00:00:00-04:00,368.9700012207031,374.8599853515625,367.07000732421875,373.5,323300,0.0,0.0,367.66400146484375
2024-10-10 00:00:00-04:00,369.0899963378906,371.32000732421875,365.44000244140625,369.239990234375,311500,0.0,0.0,368.73399658203124
2024-10-11 00:00:00-04:00,370.67999267578125,376.5899963378906,370.67999267578125,375.0199890136719,215400,0.0,0.0,370.393994140625
2024-10-14 00:00:00-04:00,374.760009765625,378.7799987792969,373.2099914550781,377.67999267578125,240300,0.0,0.0,372.8819946289062
2024-10-15 00:00:00-04:00,376.739990234375,380.04998779296875,372.8900146484375,375.29998779296875,302900,0.0,0.0,374.1479919433594
2024-10-16 00:00:00-04:00,376.20001220703125,379.5899963378906,374.3800048828125,375.5,176900,0.0,0.0,374.54799194335936
2024-10-17 00:00:00-04:00,375.1099853515625,378.5,373.2099914550781,373.8399963378906,235000,0.0,0.0,375.4679931640625
2024-10-18 00:00:00-04:00,377.489990234375,378.3299865722656,373.8900146484375,375.45001220703125,222100,0.0,0.0,375.5539978027344
2024-10-21 00:00:00-04:00,373.70001220703125,373.82000732421875,370.010009765625,372.5899963378906,232900,0.0,0.0,374.53599853515624
2024-10-22 00:00:00-04:00,370.7300109863281,373.4200134277344,370.4200134277344,372.0,188000,0.0,0.0,373.8760009765625
2024-10-23 00:00:00-04:00,369.95001220703125,373.2799987792969,366.1000061035156,368.0899963378906,224100,0.0,0.0,372.3940002441406
2024-10-24 00:00:00-04:00,370.94000244140625,370.94000244140625,361.6000061035156,362.04998779296875,384200,0.0,0.0,370.03599853515624
2024-10-25 00:00:00-04:00,363.4100036621094,365.6499938964844,359.3699951171875,360.0899963378906,473400,0.0,0.0,366.9639953613281
2024-10-28 00:00:00-04:00,365.6000061035156,367.6300048828125,362.5899963378906,363.5799865722656,715100,0.0,0.0,365.1619934082031
2024-10-29 00:00:00-04:00,394.57000732421875,394.57000732421875,378.2200012207031,384.67999267578125,1319500,0.0,0.0,367.6979919433594
2024-10-30 00:00:00-04:00,381.3599853515625,385.8500061035156,378.4200134277344,383.8900146484375,960400,0.0,0.0,370.8579956054688
2024-10-31 00:00:00-04:00,384.489990234375,386.8900146484375,379.44000244140625,381.9700012207031,675900,0.0,0.0,374.8419982910156
2024-11-01 00:00:00-04:00,381.9700012207031,386.1199951171875,381.0400085449219,384.6400146484375,523300,0.0,0.0,379.752001953125
2024-11-04 00:00:00-05:00,385.0,386.2200012207031,375.1499938964844,377.0199890136719,480700,0.0,0.0,382.44000244140625
2024-11-05 00:00:00-05:00,375.0,380.8299865722656,375.0,379.69000244140625,348600,0.0,0.0,381.44200439453124
2024-11-06 00:00:00-05:00,403.7799987792969,403.7799987792969,383.8599853515625,394.0199890136719,545800,0.0,0.0,383.46799926757814
2024-11-07 00:00:00-05:00,394.4700012207031,397.6400146484375,392.7699890136719,397.17999267578125,375200,0.0,0.0,386.50999755859374
2024-11-08 00:00:00-05:00,396.5199890136719,402.1499938964844,392.3900146484375,399.30999755859375,302400,0.0,0.0,389.443994140625
2024-11-11 00:00:00-05:00,400.0,404.69000244140625,398.260009765625,403.1600036621094,371900,0.0,0.0,394.6719970703125
2024-11-12 00:00:00-05:00,401.8699951171875,405.6199951171875,399.5899963378906,402.69000244140625,325400,0.0,0.0,399.2719970703125
2024-11-13 00:00:00-05:00,401.07000732421875,404.4100036621094,399.0799865722656,400.2300109863281,348100,0.0,0.0,400.5140014648438
2024-11-14 00:00:00-05:00,400.2300109863281,400.9100036621094,393.0400085449219,394.6600036621094,314600,0.0,0.0,400.0100036621094
2024-11-15 00:00:00-05:00,395.0400085449219,395.1600036621094,382.1199951171875,385.9100036621094,372300,0.0,0.0,397.3300048828125
2024-11-18 00:00:00-05:00,385.29998779296875,389.3800048828125,382.5400085449219,384.2799987792969,421700,0.0,0.0,393.55400390625
2024-11-19 00:00:00-05:00,380.0,382.94000244140625,377.42999267578125,382.3999938964844,324500,0.0,0.0,389.4960021972656
2024-11-20 00:00:00-05:00,384.0400085449219,388.42999267578125,381.70001220703125,384.5299987792969,489400,0.0,0.0,386.3559997558594
2024-11-21 00:00:00-05:00,386.8599853515625,395.1400146484375,382.7799987792969,392.30999755859375,368400,0.0,0.0,385.88599853515626
2024-11-22 00:00:00-05:00,394.2799987792969,397.8399963378906,392.5400085449219,397.19000244140625,232000,0.0,0.0,388.1419982910156
2024-11-25 00:00:00-05:00,400.0299987792969,404.32000732421875,398.1300048828125,400.94000244140625,420200,0.0,0.0,391.4739990234375
2024-11-26 00:00:00-05:00,402.44000244140625,403.57000732421875,399.69000244140625,402.45001220703125,369200,0.0,0.0,395.4840026855469
2024-11-27 00:00:00-05:00,403.7300109863281,406.1400146484375,400.92999267578125,405.75,258300,0.0,0.0,399.7280029296875
2024-11-29 00:00:00-05:00,406.6400146484375,409.0299987792969,405.510009765625,407.0,175700,0.0,0.0,402.66600341796874
2024-12-02 00:00:00-05:00,409.2900085449219,412.4599914550781,406.6000061035156,410.0400085449219,294200,0.0,0.0,405.2360046386719
2024-12-03 00:00:00-05:00,408.6099853515625,409.7300109863281,404.67999267578125,406.3999938964844,304700,0.0,0.0,406.3280029296875
2024-12-04 00:00:00-05:00,408.7099914550781,412.94000244140625,407.7699890136719,411.94000244140625,230100,0.0,0.0,408.2260009765625
2024-12-05 00:00:00-05:00,412.989990234375,413.2699890136719,404.32000732421875,404.9800109863281,299600,0.0,0.0,408.07200317382814
2024-12-06 00:00:00-05:00,406.6000061035156,413.05999755859375,405.20001220703125,409.32000732421875,222800,0.0,0.0,408.5360046386719
2024-12-09 00:00:00-05:00,408.44000244140625,413.44000244140625,407.260009765625,411.2300109863281,259600,0.0,0.0,408.7740051269531
2024-12-10 00:00:00-05:00,410.57000732421875,410.6000061035156,400.70001220703125,401.7799987792969,351200,0.0,0.0,407.8500061035156
2024-12-11 00:00:00-05:00,404.25,409.8699951171875,402.5400085449219,404.1700134277344,328500,0.0,0.0,406.29600830078124
2024-12-12 00:00:00-05:00,403.5199890136719,409.25,403.5199890136719,407.6400146484375,259600,0.0,0.0,406.8280090332031
2024-12-13 00:00:00-05:00,407.29998779296875,408.8900146484375,401.54998779296875,403.5899963378906,249200,0.0,0.0,405.6820068359375
2024-12-16 00:00:00-05:00,403.95001220703125,411.3399963378906,402.8500061035156,406.8999938964844,305400,0.0,0.0,404.8160034179688
2024-12-17 00:00:00-05:00,403.0,406.3399963378906,394.55999755859375,395.0,366600,0.0,0.0,403.4600036621094
2024-12-18 00:00:00-05:00,396.5,400.30999755859375,382.45001220703125,383.4700012207031,377900,0.0,0.0,399.32000122070315
2024-12-19 00:00:00-05:00,384.44000244140625,391.3599853515625,384.44000244140625,385.3699951171875,432300,0.0,0.0,394.8659973144531
2024-12-20 00:00:00-05:00,383.3500061035156,395.0299987792969,382.8500061035156,393.0400085449219,826400,0.0,0.0,392.75599975585936
2024-12-23 00:00:00-05:00,392.67999267578125,392.67999267578125,388.7799987792969,390.6499938964844,238300,0.0,0.0,389.50599975585936
2024-12-24 00:00:00-05:00,390.6700134277344,395.79998779296875,389.05999755859375,395.44000244140625,88700,0.0,0.0,389.5940002441406
2024-12-26 00:00:00-05:00,392.2699890136719,397.5,392.1099853515625,396.8500061035156,140100,0.0,0.0,392.27000122070314
2024-12-27 00:00:00-05:00,393.3699951171875,394.70001220703125,387.010009765625,389.07000732421875,287200,0.0,0.0,393.0100036621094
2024-12-30 00:00:00-05:00,385.05999755859375,386.9599914550781,378.1499938964844,383.8500061035156,211300,0.0,0.0,391.1720031738281
2024-12-31 00:00:00-05:00,383.4200134277344,387.4100036621094,381.75,386.2200012207031,327900,0.0,0.0,390.2860046386719
2025-01-02 00:00:00-05:00,386.5,392.5899963378906,380.489990234375,383.760009765625,342700,0.0,0.0,387.95000610351565
2025-01-03 00:00:00-05:00,383.0299987792969,392.5,383.0299987792969,391.8599853515625,357900,0.0,0.0,386.952001953125
2025-01-06 00:00:00-05:00,394.1700134277344,401.2900085449219,394.1700134277344,395.3299865722656,304400,0.0,0.0,388.20399780273436
2025-01-07 00:00:00-05:00,395.4200134277344,399.3699951171875,393.19000244140625,396.1099853515625,353800,0.0,0.0,390.65599365234374
2025-01-08 00:00:00-05:00,393.8299865722656,399.79998779296875,391.1000061035156,397.0,413600,0.0,0.0,392.81199340820314
2025-01-10 00:00:00-05:00,389.3800048828125,390.70001220703125,379.94000244140625,385.5400085449219,460000,0.0,0.0,393.1679931640625
2025-01-13 00:00:00-05:00,379.69000244140625,385.1400146484375,376.42999267578125,381.69000244140625,505200,0.0,0.0,391.1339965820313
2025-01-14 00:00:00-05:00,381.8800048828125,395.0,378.0400085449219,394.3999938964844,414500,0.0,0.0,390.947998046875
2025-01-15 00:00:00-05:00,400.7699890136719,404.55999755859375,397.29998779296875,400.25,320500,0.0,0.0,391.7760009765625
2025-01-16 00:00:00-05:00,403.0,404.3999938964844,399.3399963378906,402.7200012207031,303200,0.0,0.0,392.9200012207031
2025-01-17 00:00:00-05:00,406.0400085449219,407.2900085449219,402.2900085449219,405.7099914550781,270600,0.0,0.0,396.95399780273436
2025-01-21 00:00:00-05:00,407.6199951171875,419.8500061035156,407.6199951171875,418.07000732421875,446000,0.0,0.0,404.22999877929686
2025-01-22 00:00:00-05:00,425.239990234375,427.760009765625,419.5899963378906,420.57000732421875,497500,0.0,0.0,409.46400146484376
2025-01-23 00:00:00-05:00,417.6199951171875,422.2900085449219,414.45001220703125,421.1099853515625,377100,0.0,0.0,413.63599853515626
2025-01-24 00:00:00-05:00,419.05999755859375,420.0799865722656,413.739990234375,414.6099853515625,258900,0.0,0.0,416.0139953613281
2025-01-27 00:00:00-05:00,404.6300048828125,408.1099853515625,397.07000732421875,399.3599853515625,413100,0.0,0.0,414.743994140625
2025-01-28 00:00:00-05:00,400.0,405.92999267578125,394.30999755859375,405.5899963378906,426800,0.0,0.0,412.24799194335935
2025-01-29 00:00:00-05:00,404.55999755859375,404.6700134277344,398.55999755859375,399.5899963378906,275200,0.0,0.0,408.05198974609374
2025-01-30 00:00:00-05:00,400.8399963378906,402.07000732421875,391.8999938964844,394.70001220703125,470400,0.0,0.0,402.7699951171875
2025-01-31 00:00:00-05:00,395.29998779296875,400.54998779296875,391.1400146484375,391.94000244140625,549000,0.0,0.0,398.2359985351562
2025-02-03 00:00:00-05:00,384.1000061035156,388.6300048828125,377.1600036621094,386.0899963378906,567700,0.0,0.0,395.5820007324219
2025-02-04 00:00:00-05:00,384.1400146484375,389.79998779296875,382.95001220703125,383.4599914550781,444500,0.0,0.0,391.1559997558594
2025-02-05 00:00:00-05:00,385.3500061035156,390.8800048828125,383.32000732421875,388.0400085449219,408800,0.0,0.0,388.84600219726565
2025-02-06 00:00:00-05:00,385.8699951171875,386.7900085449219,376.2699890136719,376.79998779296875,579200,0.0,0.0,385.2659973144531
2025-02-07 00:00:00-05:00,376.1199951171875,376.8900146484375,353.8599853515625,363.44000244140625,1423700,0.0,0.0,379.5659973144531
2025-02-10 00:00:00-05:00,365.0799865722656,365.4700012207031,357.57000732421875,358.44000244140625,859700,0.0,0.0,374.03599853515624
2025-02-11 00:00:00-05:00,355.5799865722656,359.3500061035156,353.55999755859375,354.3999938964844,951800,0.0,0.0,368.2239990234375
2025-02-12 00:00:00-05:00,349.25,355.989990234375,348.5,352.9200134277344,1316500,0.0,0.0,361.2
2025-02-13 00:00:00-05:00,329.4800109863281,347.3699951171875,319.6000061035156,323.4200134277344,1714200,0.0,0.0,350.5240051269531
2025-02-14 00:00:00-05:00,321.0,321.8699951171875,312.3699951171875,318.3599853515625,868900,0.0,0.0,341.50800170898435
2025-02-18 00:00:00-05:00,317.04998779296875,331.239990234375,314.6000061035156,331.0799865722656,1150100,0.0,0.0,336.03599853515624
2025-02-19 00:00:00-05:00,330.17999267578125,331.1400146484375,319.6400146484375,324.75,568000,0.0,0.0,330.1059997558594
2025-02-20 00:00:00-05:00,324.3699951171875,325.1199951171875,317.5899963378906,320.9800109863281,560600,0.0,0.0,323.71799926757814
2025-02-21 00:00:00-05:00,321.0899963378906,321.0899963378906,308.04998779296875,311.04998779296875,587700,0.0,0.0,321.243994140625
2025-02-24 00:00:00-05:00,313.0299987792969,313.9599914550781,307.739990234375,309.54998779296875,517500,0.0,0.0,319.48199462890625
2025-02-25 00:00:00-05:00,310.44000244140625,312.42999267578125,307.989990234375,310.3399963378906,453200,0.0,0.0,315.33399658203126
2025-02-26 00:00:00-05:00,314.8699951171875,323.69000244140625,312.92999267578125,319.4800109863281,572200,0.0,0.0,314.2799987792969
2025-02-27 00:00:00-05:00,318.010009765625,319.5199890136719,310.5299987792969,311.0,519400,0.0,0.0,312.28399658203125
2025-02-28 00:00:00-05:00,310.04998779296875,315.30999755859375,307.1600036621094,315.04998779296875,611600,0.0,0.0,313.08399658203126
2025-03-03 00:00:00-05:00,315.0899963378906,319.82000732421875,305.7300109863281,306.8399963378906,586800,0.0,0.0,312.5419982910156
2025-03-04 00:00:00-05:00,304.5400085449219,304.6300048828125,296.17999267578125,297.9200134277344,848400,0.0,0.0,310.05800170898436
2025-03-05 00:00:00-05:00,297.8900146484375,304.3999938964844,295.7200012207031,304.0,578200,0.0,0.0,306.9619995117188
2025-03-06 00:00:00-05:00,299.44000244140625,302.70001220703125,294.0,294.55999755859375,469000,0.0,0.0,303.6739990234375
2025-03-07 00:00:00-05:00,292.67999267578125,294.8500061035156,285.5799865722656,292.69000244140625,1178300,0.0,0.0,299.202001953125
2025-03-10 00:00:00-04:00,288.0,290.5199890136719,280.3699951171875,283.3599853515625,762200,0.0,0.0,294.50599975585936
2025-03-11 00:00:00-04:00,283.5299987792969,284.5899963378906,278.239990234375,280.3299865722656,754700,0.0,0.0,290.9879943847656
2025-03-12 00:00:00-04:00,283.260009765625,286.4599914550781,278.2200012207031,279.17999267578125,491600,0.0,0.0,286.02399291992185
2025-03-13 00:00:00-04:00,279.0,283.0,271.0299987792969,271.7200012207031,476000,0.0,0.0,281.45599365234375
2025-03-14 00:00:00-04:00,275.8399963378906,279.3800048828125,272.4800109863281,278.9700012207031,526200,0.0,0.0,278.7119934082031
2025-03-17 00:00:00-04:00,278.4700012207031,287.32000732421875,278.4700012207031,285.2699890136719,416600,0.0,0.0,279.093994140625
2025-03-18 00:00:00-04:00,282.7200012207031,285.5400085449219,281.9200134277344,282.5799865722656,323500,0.0,0.0,279.543994140625
2025-03-19 00:00:00-04:00,283.5,289.0899963378906,282.29998779296875,285.8299865722656,455900,0.0,0.0,280.8739929199219
2025-03-20 00:00:00-04:00,283.1099853515625,288.7099914550781,283.1099853515625,285.010009765625,499300,0.0,0.0,283.53199462890626
2025-03-21 00:00:00-04:00,282.5,290.44000244140625,280.25,289.989990234375,1471900,0.0,0.0,285.7359924316406
2025-03-24 00:00:00-04:00,294.3299865722656,301.7699890136719,293.8599853515625,297.4100036621094,512000,0.0,0.0,288.16399536132815
2025-03-25 00:00:00-04:00,297.3900146484375,299.489990234375,289.4700012207031,291.0199890136719,348900,0.0,0.0,289.85199584960935
2025-03-26 00:00:00-04:00,292.04998779296875,292.1099853515625,285.75,288.0199890136719,319900,0.0,0.0,290.2899963378906
2025-03-27 00:00:00-04:00,286.239990234375,287.6600036621094,282.80999755859375,285.1400146484375,236500,0.0,0.0,290.3159973144531
2025-03-28 00:00:00-04:00,285.1400146484375,285.5199890136719,277.3699951171875,280.7900085449219,289700,0.0,0.0,288.4760009765625
2025-03-31 00:00:00-04:00,278.0,283.54998779296875,273.6600036621094,282.55999755859375,539100,0.0,0.0,285.50599975585936
2025-04-01 00:00:00-04:00,280.9599914550781,284.8500061035156,279.32000732421875,283.07000732421875,359300,0.0,0.0,283.91600341796874
2025-04-02 00:00:00-04:00,279.05999755859375,289.92999267578125,279.05999755859375,287.57000732421875,319100,0.0,0.0,283.8260070800781
2025-04-03 00:00:00-04:00,270.489990234375,270.5400085449219,238.10000610351562,238.5,1372200,0.0,0.0,274.4980041503906
2025-04-04 00:00:00-04:00,222.24000549316406,227.11000061035156,208.35000610351562,223.49000549316406,1846500,0.0,0.0,263.0380035400391
2025-04-07 00:00:00-04:00,216.64999389648438,231.38999938964844,210.75999450683594,223.49000549316406,1091800,0.0,0.0,251.22400512695313
2025-04-08 00:00:00-04:00,231.94000244140625,232.5399932861328,209.3800048828125,213.5399932861328,878300,0.0,0.0,237.31800231933593
2025-04-09 00:00:00-04:00,213.02000427246094,247.52000427246094,205.72999572753906,243.77000427246094,1527800,0.0,0.0,228.55800170898436
2025-04-10 00:00:00-04:00,234.36000061035156,237.1699981689453,219.22000122070312,223.3699951171875,999000,0.0,0.0,225.53200073242186
2025-04-11 00:00:00-04:00,221.14999389648438,229.9199981689453,216.86000061035156,225.44000244140625,1103900,0.0,0.0,225.9220001220703
2025-04-14 00:00:00-04:00,233.77000427246094,235.08999633789062,226.6300048828125,231.77000427246094,694400,0.0,0.0,227.5779998779297
2025-04-15 00:00:00-04:00,229.52000427246094,234.0,227.69000244140625,228.11000061035156,619000,0.0,0.0,230.49200134277345
2025-04-16 00:00:00-04:00,224.63999938964844,227.92999267578125,220.33999633789062,224.75999450683594,748700,0.0,0.0,226.68999938964845
2025-04-17 00:00:00-04:00,226.6999969482422,229.30999755859375,224.08999633789062,226.72999572753906,391100,0.0,0.0,227.36199951171875
2025-04-21 00:00:00-04:00,221.55999755859375,224.61000061035156,217.3300018310547,222.0500030517578,443400,0.0,0.0,226.68399963378906
2025-04-22 00:00:00-04:00,226.36000061035156,228.88999938964844,222.69000244140625,227.1999969482422,582600,0.0,0.0,225.7699981689453
2025-04-23 00:00:00-04:00,237.88999938964844,248.0500030517578,233.52000427246094,234.47999572753906,507400,0.0,0.0,227.04399719238282
2025-04-24 00:00:00-04:00,237.0,246.2100067138672,236.75,244.0800018310547,411100,0.0,0.0,230.90799865722656
2025-04-25 00:00:00-04:00,243.19000244140625,247.9600067138672,241.47000122070312,246.24000549316406,530200,0.0,0.0,234.81000061035155
2025-04-28 00:00:00-04:00,246.0,250.3300018310547,239.4499969482422,243.49000549316406,1094500,0.0,0.0,239.0980010986328
2025-04-29 00:00:00-04:00,262.1099853515625,265.04998779296875,251.94000244140625,256.04998779296875,1599800,0.0,0.0,244.8679992675781
2025-04-30 00:00:00-04:00,246.17999267578125,251.2899932861328,243.52999877929688,250.32000732421875,762600,0.0,0.0,248.03600158691407
2025-05-01 00:00:00-04:00,251.5800018310547,253.24000549316406,248.4600067138672,249.63999938964844,507800,0.0,0.0,249.14800109863282
2025-05-02 00:00:00-04:00,254.69000244140625,259.0400085449219,251.94000244140625,255.9499969482422,525800,0.0,0.0,251.08999938964843
2025-05-05 00:00:00-04:00,252.47000122070312,255.5500030517578,250.60000610351562,250.6999969482422,426400,0.0,0.0,252.53199768066406
2025-05-06 00:00:00-04:00,246.8699951171875,251.77000427246094,246.0,250.85000610351562,521600,0.0,0.0,251.49200134277345
2025-05-07 00:00:00-04:00,252.41000366210938,259.8399963378906,251.86000061035156,257.2799987792969,822600,0.0,0.0,252.88399963378907
2025-05-08 00:00:00-04:00,261.3699951171875,266.6499938964844,258.510009765625,265.3699951171875,711000,0.0,0.0,256.0299987792969
2025-05-09 00:00:00-04:00,267.6700134277344,268.5799865722656,264.6400146484375,266.7099914550781,700800,0.0,0.0,258.18199768066404
2025-05-12 00:00:00-04:00,289.92999267578125,302.7900085449219,289.9200134277344,300.1099853515625,1726700,0.0,0.0,268.0639953613281
2025-05-13 00:00:00-04:00,300.75,305.2900085449219,300.3699951171875,302.3800048828125,846800,0.0,0.0,278.3699951171875
2025-05-14 00:00:00-04:00,301.1400146484375,301.7200012207031,295.4700012207031,299.2699890136719,577700,0.0,0.0,286.7679931640625
2025-05-15 00:00:00-04:00,297.0199890136719,299.2099914550781,296.05999755859375,298.3500061035156,442100,0.0,0.0,293.36399536132814
2025-05-16 00:00:00-04:00,297.94000244140625,301.1400146484375,295.0899963378906,300.6199951171875,410000,0.0,0.0,300.14599609375
2025-05-19 00:00:00-04:00,293.44000244140625,298.4200134277344,293.44000244140625,297.82000732421875,404600,0.0,0.0,299.68800048828126
2025-05-20 00:00:00-04:00,295.7799987792969,298.42999267578125,295.30999755859375,296.9700012207031,370200,0.0,0.0,298.6059997558594
2025-05-21 00:00:00-04:00,293.32000732421875,296.9700012207031,286.9599914550781,287.9200134277344,574200,0.0,0.0,296.33600463867185
2025-05-22 00:00:00-04:00,287.3800048828125,290.2200012207031,286.4800109863281,288.3599853515625,353100,0.0,0.0,294.33800048828124
2025-05-23 00:00:00-04:00,280.4800109863281,285.25,278.510009765625,284.2099914550781,325300,0.0,0.0,291.0559997558594
2025-05-27 00:00:00-04:00,290.1600036621094,295.32000732421875,286.9200134277344,295.010009765625,415300,0.0,0.0,290.49400024414064
2025-05-28 00:00:00-04:00,295.2900085449219,297.010009765625,290.3800048828125,290.79998779296875,409500,0.0,0.0,289.25999755859374
2025-05-29 00:00:00-04:00,292.54998779296875,295.44000244140625,288.3999938964844,292.5,414700,0.0,0.0,290.1759948730469
2025-05-30 00:00:00-04:00,289.92999267578125,290.55999755859375,283.9200134277344,289.7699890136719,656100,0.0,0.0,290.45799560546874
2025-06-02 00:00:00-04:00,287.6700134277344,288.1700134277344,282.0299987792969,285.9599914550781,503700,0.0,0.0,290.80799560546876
2025-06-03 00:00:00-04:00,286.2799987792969,292.17999267578125,282.739990234375,291.989990234375,641500,0.0,0.0,290.20399169921876
2025-06-04 00:00:00-04:00,294.1300048828125,294.4700012207031,290.8800048828125,291.0299987792969,352700,0.0,0.0,290.2499938964844
2025-06-05 00:00:00-04:00,293.0,295.07000732421875,288.3999938964844,291.239990234375,468900,0.0,0.0,289.99799194335935
2025-06-06 00:00:00-04:00,295.989990234375,297.8699951171875,293.55999755859375,295.3599853515625,299500,0.0,0.0,291.1159912109375
2025-06-09 00:00:00-04:00,298.760009765625,300.6700134277344,296.260009765625,298.6300048828125,341700,0.0,0.0,293.6499938964844
2025-06-10 00:00:00-04:00,298.6300048828125,300.5899963378906,296.1099853515625,299.55999755859375,398500,0.0,0.0,295.16399536132815
2025-06-11 00:00:00-04:00,301.6700134277344,301.6700134277344,291.7699890136719,292.82000732421875,384200,0.0,0.0,295.5219970703125
2025-06-12 00:00:00-04:00,290.0299987792969,293.3900146484375,290.0,292.67999267578125,295900,0.0,0.0,295.80999755859375
2025-06-13 00:00:00-04:00,287.1300048828125,288.6000061035156,282.6499938964844,283.6099853515625,309700,0.0,0.0,293.4599975585937
2025-06-16 00:00:00-04:00,288.07000732421875,293.8500061035156,287.3399963378906,293.05999755859375,379000,0.0,0.0,292.34599609375
2025-06-17 00:00:00-04:00,290.760009765625,295.8399963378906,289.1099853515625,289.3599853515625,570200,0.0,0.0,290.3059936523438
2025-06-18 00:00:00-04:00,289.8900146484375,296.7300109863281,289.0799865722656,291.7300109863281,571200,0.0,0.0,290.08799438476564
2025-06-20 00:00:00-04:00,295.1000061035156,295.739990234375,290.6000061035156,294.0400085449219,777900,0.0,0.0,290.35999755859376
2025-06-23 00:00:00-04:00,291.5,296.57000732421875,288.5299987792969,296.25,411700,0.0,0.0,292.88800048828125
2025-06-24 00:00:00-04:00,300.0,302.44000244140625,296.9100036621094,298.94000244140625,541600,0.0,0.0,294.0640014648437
2025-06-25 00:00:00-04:00,300.7900085449219,303.19000244140625,298.8299865722656,303.04998779296875,284900,0.0,0.0,296.802001953125
2025-06-26 00:00:00-04:00,303.42999267578125,308.6600036621094,302.82000732421875,308.32000732421875,443200,0.0,0.0,300.1200012207031
2025-06-27 00:00:00-04:00,310.2200012207031,313.1600036621094,306.54998779296875,309.260009765625,893900,0.0,0.0,303.16400146484375
2025-06-30 00:00:00-04:00,311.57000732421875,311.57000732421875,306.2799987792969,308.3599853515625,783800,0.0,0.0,305.58599853515625
2025-07-01 00:00:00-04:00,307.5400085449219,320.989990234375,307.5400085449219,315.4800109863281,452000,0.0,0.0,308.8940002441406
2025-07-02 00:00:00-04:00,315.4800109863281,321.4200134277344,312.6199951171875,320.3900146484375,428800,0.0,0.0,312.36200561523435
2025-07-03 00:00:00-04:00,323.5299987792969,326.6400146484375,318.5,323.7200012207031,257500,0.0,0.0,315.44200439453124
2025-07-07 00:00:00-04:00,320.5299987792969,324.3299865722656,316.70001220703125,317.1099853515625,420400,0.0,0.0,317.0119995117187
2025-07-08 00:00:00-04:00,320.3999938964844,323.9800109863281,318.04998779296875,323.05999755859375,372900,0.0,0.0,319.952001953125
2025-07-09 00:00:00-04:00,323.05999755859375,325.3800048828125,316.54998779296875,321.7799987792969,361000,0.0,0.0,321.2119995117188
2025-07-10 00:00:00-04:00,326.2699890136719,335.8500061035156,325.1400146484375,330.3500061035156,477600,0.0,0.0,323.20399780273436
2025-07-11 00:00:00-04:00,326.0199890136719,329.8599853515625,324.1400146484375,327.1400146484375,417500,0.0,0.0,323.88800048828125
2025-07-14 00:00:00-04:00,325.19000244140625,329.55999755859375,319.3900146484375,322.8299865722656,378700,0.0,0.0,325.03200073242186
2025-07-15 00:00:00-04:00,325.2200012207031,325.92999267578125,317.4599914550781,319.54998779296875,297500,0.0,0.0,324.3299987792969
2025-07-16 00:00:00-04:00,321.2099914550781,321.2099914550781,312.69000244140625,319.4700012207031,297900,0.0,0.0,323.8679992675781
2025-07-17 00:00:00-04:00,320.54998779296875,331.29998779296875,320.54998779296875,329.8999938964844,393400,0.0,0.0,323.7779968261719
2025-07-18 00:00:00-04:00,331.70001220703125,332.67999267578125,328.6000061035156,331.7300109863281,426600,0.0,0.0,324.69599609375
2025-07-21 00:00:00-04:00,332.1600036621094,334.0,328.2699890136719,328.3800048828125,371900,0.0,0.0,325.8059997558594
2025-07-22 00:00:00-04:00,328.1000061035156,330.1499938964844,324.4599914550781,328.1000061035156,434700,0.0,0.0,327.51600341796876
2025-07-23 00:00:00-04:00,331.0,337.07000732421875,328.5799865722656,336.7699890136719,368400,0.0,0.0,330.9760009765625
2025-07-24 00:00:00-04:00,334.7099914550781,336.05999755859375,333.0,333.3999938964844,317800,0.0,0.0,331.6760009765625
2025-07-25 00:00:00-04:00,334.1600036621094,336.1499938964844,329.3999938964844,335.69000244140625,298300,0.0,0.0,332.46799926757814
2025-07-28 00:00:00-04:00,337.79998779296875,337.79998779296875,334.3699951171875,334.69000244140625,303200,0.0,0.0,333.72999877929686
2025-07-29 00:00:00-04:00,337.260009765625,338.20001220703125,330.67999267578125,331.6000061035156,236900,0.0,0.0,334.42999877929685
2025-07-30 00:00:00-04:00,333.6199951171875,337.7099914550781,329.8299865722656,332.3900146484375,368000,0.0,0.0,333.55400390625
2025-07-31 00:00:00-04:00,334.44000244140625,352.6600036621094,329.2099914550781,339.0199890136719,1351200,0.0,0.0,334.6780029296875
2025-08-01 00:00:00-04:00,329.7099914550781,336.95001220703125,321.95001220703125,335.239990234375,976400,0.0,0.0,334.58800048828124
2025-08-04 00:00:00-04:00,337.8599853515625,342.4100036621094,337.0199890136719,341.3599853515625,1032600,0.0,0.0,335.9219970703125
2025-08-05 00:00:00-04:00,350.6400146484375,350.6400146484375,300.75,302.6000061035156,2001700,0.0,0.0,330.1219970703125
2025-08-06 00:00:00-04:00,303.010009765625,309.0799865722656,299.4800109863281,308.30999755859375,1127500,0.0,0.0,325.3059936523438
2025-08-07 00:00:00-04:00,313.04998779296875,320.0,308.07000732421875,316.010009765625,786100,0.0,0.0,320.70399780273436
2025-08-08 00:00:00-04:00,319.0299987792969,323.75,316.30999755859375,317.6600036621094,612500,0.0,0.0,317.18800048828126
2025-08-11 00:00:00-04:00,317.95001220703125,320.8500061035156,310.6199951171875,312.45001220703125,535600,0.0,0.0,311.406005859375
2025-08-12 00:00:00-04:00,315.82000732421875,328.57000732421875,311.760009765625,328.1400146484375,628400,0.0,0.0,316.5140075683594
2025-08-13 00:00:00-04:00,329.6499938964844,338.1700134277344,329.25,337.79998779296875,539200,0.0,0.0,322.41200561523436
2025-08-14 00:00:00-04:00,334.9200134277344,337.489990234375,326.1600036621094,327.7099914550781,604800,0.0,0.0,324.752001953125
2025-08-15 00:00:00-04:00,327.9800109863281,328.32000732421875,316.2099914550781,317.8999938964844,523900,0.0,0.0,324.8
2025-08-18 00:00:00-04:00,318.6700134277344,322.0799865722656,317.0,317.4800109863281,360200,0.0,0.0,325.8059997558594
2025-08-19 00:00:00-04:00,316.9800109863281,321.69000244140625,311.3900146484375,312.05999755859375,542800,0.0,0.0,322.5899963378906
2025-08-20 00:00:00-04:00,310.239990234375,310.5199890136719,302.8299865722656,304.739990234375,652100,0.0,0.0,315.9779968261719
2025-08-21 00:00:00-04:00,304.2699890136719,309.9800109863281,302.7099914550781,308.510009765625,392800,0.0,0.0,312.13800048828125
2025-08-22 00:00:00-04:00,310.3299865722656,324.260009765625,310.3299865722656,322.7900085449219,495400,0.0,0.0,313.1160034179687
2025-08-25 00:00:00-04:00,321.739990234375,322.8900146484375,319.510009765625,319.54998779296875,311500,0.0,0.0,313.5299987792969
2025-08-26 00:00:00-04:00,319.8699951171875,324.1300048828125,318.17999267578125,320.5799865722656,619200,0.0,0.0,315.23399658203124
2025-08-27 00:00:00-04:00,319.5400085449219,322.04998779296875,318.30999755859375,321.42999267578125,395200,0.0,0.0,318.5719970703125
2025-08-28 00:00:00-04:00,323.3599853515625,324.8299865722656,321.9100036621094,322.0,261800,0.0,0.0,321.2699951171875
2025-08-29 00:00:00-04:00,321.6600036621094,321.6600036621094,315.8299865722656,317.0899963378906,440900,0.0,0.0,320.12999267578124
2025-09-02 00:00:00-04:00,310.7099914550781,313.17999267578125,305.42999267578125,307.07000732421875,732000,0.0,0.0,317.6339965820313
2025-09-03 00:00:00-04:00,307.2300109863281,308.3500061035156,303.54998779296875,305.7099914550781,350300,0.0,0.0,314.6599975585938
2025-09-04 00:00:00-04:00,307.0,312.05999755859375,305.0,311.25,418400,0.0,0.0,312.6239990234375
2025-09-05 00:00:00-04:00,315.2699890136719,315.3500061035156,307.4200134277344,313.79998779296875,454900,0.0,0.0,310.98399658203124
2025-09-08 00:00:00-04:00,313.8399963378906,318.20001220703125,311.2799987792969,313.79998779296875,603000,0.0,0.0,310.32599487304685
2025-09-09 00:00:00-04:00,312.57000732421875,313.57000732421875,309.6700134277344,312.1700134277344,447500,0.0,0.0,311.34599609375
2025-09-10 00:00:00-04:00,311.9599914550781,316.2200012207031,305.0,306.19000244140625,636700,0.0,0.0,311.44199829101564
2025-09-11 00:00:00-04:00,306.19000244140625,316.5199890136719,303.4800109863281,316.010009765625,407400,0.0,0.0,312.3940002441406
2025-09-12 00:00:00-04:00,314.25,315.989990234375,311.2900085449219,312.6499938964844,517000,0.0,0.0,312.16400146484375
2025-09-15 00:00:00-04:00,314.760009765625,323.92999267578125,313.010009765625,320.9100036621094,486300,0.0,0.0,313.58600463867185
2025-09-16 00:00:00-04:00,319.67999267578125,322.1400146484375,316.9599914550781,318.4100036621094,495300,0.0,0.0,314.83400268554686
2025-09-17 00:00:00-04:00,318.3900146484375,322.2799987792969,312.80999755859375,317.32000732421875,539100,0.0,0.0,317.06000366210935
2025-09-18 00:00:00-04:00,321.8399963378906,325.239990234375,321.2799987792969,322.8800048828125,479400,0.0,0.0,318.4340026855469
2025-09-19 00:00:00-04:00,323.0199890136719,323.0199890136719,315.57000732421875,318.5400085449219,630500,0.0,0.0,319.61200561523435
2025-09-22 00:00:00-04:00,316.4700012207031,318.5,315.05999755859375,315.4100036621094,382600,0.0,0.0,318.5120056152344
2025-09-23 00:00:00-04:00,317.739990234375,322.79998779296875,312.6600036621094,314.04998779296875,470500,0.0,0.0,317.64000244140624
2025-09-24 00:00:00-04:00,314.0,315.5,307.0799865722656,308.4800109863281,282500,0.0,0.0,315.87200317382815
2025-09-25 00:00:00-04:00,304.6000061035156,306.0,299.25,301.9700012207031,396300,0.0,0.0,311.69000244140625
2025-09-26 00:00:00-04:00,301.5799865722656,303.25,297.0299987792969,299.7699890136719,479800,0.0,0.0,307.9359985351563
2025-09-29 00:00:00-04:00,302.75,303.7799987792969,296.70001220703125,296.9200134277344,482300,0.0,0.0,304.2380004882813
2025-09-30 00:00:00-04:00,294.92999267578125,298.7099914550781,292.0899963378906,297.1600036621094,500700,0.0,0.0,300.86000366210936
2025-10-01 00:00:00-04:00,295.30999755859375,297.32000732421875,290.55999755859375,291.7900085449219,537300,0.0,0.0,297.5220031738281
2025-10-02 00:00:00-04:00,294.0,296.7699890136719,291.510009765625,295.8500061035156,450100,0.0,0.0,296.2980041503906
2025-10-03 00:00:00-04:00,299.1099853515625,311.44000244140625,298.3999938964844,305.010009765625,452300,0.0,0.0,297.34600830078125
2025-10-06 00:00:00-04:00,308.0799865722656,309.0799865722656,298.9599914550781,301.94000244140625,558200,0.0,0.0,298.3500061035156
2025-10-07 00:00:00-04:00,303.6099853515625,304.1000061035156,295.92999267578125,296.6400146484375,476800,0.0,0.0,298.2460083007812
2025-10-08 00:00:00-04:00,300.739990234375,308.54998779296875,298.010009765625,307.2799987792969,577800,0.0,0.0,301.34400634765626
2025-10-09 00:00:00-04:00,307.19000244140625,308.2699890136719,294.7900085449219,298.7900085449219,645500,0.0,0.0,301.9320068359375
2025-10-10 00:00:00-04:00,299.4100036621094,300.95001220703125,275.760009765625,275.8900146484375,995900,0.0,0.0,296.1080078125
2025-10-13 00:00:00-04:00,280.3900146484375,286.7099914550781,278.45001220703125,281.9599914550781,568900,0.0,0.0,292.11200561523435
2025-10-14 00:00:00-04:00,277.0,291.0,277.0,288.989990234375,510600,0.0,0.0,290.5820007324219
2025-10-15 00:00:00-04:00,292.69000244140625,295.739990234375,287.8699951171875,293.3500061035156,582700,0.0,0.0,287.79600219726564
2025-10-16 00:00:00-04:00,294.989990234375,297.489990234375,288.8800048828125,293.92999267578125,423200,0.0,0.0,286.8239990234375
2025-10-17 00:00:00-04:00,292.9200134277344,295.4200134277344,290.69000244140625,293.30999755859375,413000,0.0,0.0,290.30799560546876
2025-10-20 00:00:00-04:00,297.1000061035156,304.739990234375,297.1000061035156,301.45001220703125,383700,0.0,0.0,294.20599975585935
2025-10-21 00:00:00-04:00,301.0899963378906,308.6300048828125,301.0899963378906,306.2099914550781,370100,0.0,0.0,297.65
2025-10-22 00:00:00-04:00,305.7799987792969,307.1300048828125,299.2099914550781,302.6300048828125,399100,0.0,0.0,299.50599975585936
2025-10-23 00:00:00-04:00,302.7699890136719,314.3900146484375,302.7699890136719,313.8900146484375,747500,0.0,0.0,303.4980041503906
2025-10-24 00:00:00-04:00,318.4800109863281,320.8800048828125,308.4700012207031,308.82000732421875,601000,0.0,0.0,306.6000061035156
2025-10-27 00:00:00-04:00,311.92999267578125,314.5799865722656,309.29998779296875,310.57000732421875,975400,0.0,0.0,308.42400512695315
2025-10-28 00:00:00-04:00,293.5,293.5,259.010009765625,274.30999755859375,3140900,0.0,0.0,302.04400634765625
2025-10-29 00:00:00-04:00,274.8900146484375,277.0,268.7300109863281,270.7699890136719,1087500,0.0,0.0,295.6720031738281
2025-10-30 00:00:00-04:00,267.8399963378906,268.29998779296875,260.45001220703125,261.3699951171875,943700,0.0,0.0,285.1679992675781
2025-10-31 00:00:00-04:00,264.5299987792969,272.0799865722656,261.489990234375,269.25,659300,0.0,0.0,277.2539978027344
2025-11-03 00:00:00-05:00,270.6499938964844,276.0400085449219,268.7900085449219,270.5799865722656,826600,0.0,0.0,269.25599365234376
2025-11-04 00:00:00-05:00,265.3399963378906,268.7099914550781,260.1400146484375,260.3500061035156,886400,0.0,0.0,266.4639953613281
2025-11-05 00:00:00-05:00,261.5,268.760009765625,257.510009765625,266.2699890136719,1083800,0.0,0.0,265.5639953613281
2025-11-06 00:00:00-05:00,265.7699890136719,267.9800109863281,256.7900085449219,258.239990234375,530000,0.0,0.0,264.9379943847656
2025-11-07 00:00:00-05:00,255.8000030517578,259.760009765625,252.13999938964844,259.5400085449219,777800,0.0,0.0,262.99599609375
2025-11-10 00:00:00-05:00,264.75,264.9700012207031,256.6000061035156,260.6300048828125,658100,0.0,0.0,261.00599975585936
2025-11-11 00:00:00-05:00,258.0199890136719,261.489990234375,254.74000549316406,255.1699981689453,482100,0.0,0.0,259.9699981689453
2025-11-12 00:00:00-05:00,256.9700012207031,260.260009765625,255.4199981689453,255.69000244140625,576500,0.0,0.0,257.8540008544922
2025-11-13 00:00:00-05:00,255.0,257.5,240.91000366210938,241.57000732421875,971100,0.0,0.0,254.52000427246094
2025-11-14 00:00:00-05:00,238.00999450683594,243.49000549316406,237.1199951171875,240.55999755859375,825900,0.0,0.0,250.7240020751953
2025-11-17 00:00:00-05:00,238.94000244140625,239.8699951171875,231.1300048828125,232.7100067138672,629000,0.0,0.0,245.14000244140624
2025-11-18 00:00:00-05:00,231.08999633789062,234.0,227.52999877929688,230.89999389648438,882900,0.0,0.0,240.28600158691407
2025-11-19 00:00:00-05:00,230.72999572753906,234.0500030517578,229.80999755859375,230.92999267578125,721400,0.0,0.0,235.33399963378906
2025-11-20 00:00:00-05:00,236.52000427246094,238.08999633789062,227.19000244140625,228.39999389648438,1011400,0.0,0.0,232.6999969482422
2025-11-21 00:00:00-05:00,232.17999267578125,242.80999755859375,229.75,240.9499969482422,1141600,0.0,0.0,232.7779968261719
2025-11-24 00:00:00-05:00,241.7899932861328,246.00999450683594,240.9199981689453,242.4499969482422,930100,0.0,0.0,234.7259948730469
2025-11-25 00:00:00-05:00,242.88999938964844,250.64999389648438,242.6999969482422,249.30999755859375,671200,0.0,0.0,238.40799560546876
2025-11-26 00:00:00-05:00,248.50999450683594,252.32000732421875,248.2100067138672,250.5,507700,0.0,0.0,242.3219970703125
2025-11-28 00:00:00-05:00,251.9499969482422,254.97000122070312,251.1999969482422,252.75,206400,0.0,0.0,247.19199829101564
